production-1941-vol1-41chapters	1278	8.0	wegiton	<<wegiton>> axle weight limits the gross weight imposed	region
production-1941-vol1-41chapters	1281	10.8	enfouement	state division shall enforce all laws regulating <<enfouement>>	enforcement
production-1941-vol1-41chapters	1281	29.7	artete	sec article la comprising sections and new <<artete>>	arete|ariete|arrete|artee|arteta|atete
production-1941-vol1-41chapters	1283	13.10	saiue	division the assessed value of such property <<saiue>>	saide|saige|saile|saine|saire|saite
production-1941-vol1-41chapters	1286	7.0	dserm	<<dserm>> a any employer who discharges or threatens	derm|serm
production-1941-vol1-41chapters	1290	37.0	pisvbedience	<<pisvbedience>> disobedience to a subpoena or a refusal	disobedience
production-1941-vol1-41chapters	1295	14.6	bnenica	and to the fish and game <<bnenica>>	benicia
production-1941-vol1-41chapters	1300	5.0	conlam	<<conlam>> s them in plain sight and in	conlan|contam
production-1941-vol1-41chapters	1305	38.10	fertitzers	subdivisions a b and c of section <<fertitzers>>	fertilizers
production-1941-vol1-41chapters	1307	27.8	smmm	construction standards for new dairies and exten <<smmm>>	emmm|hmmm|mmm|mmmm|samm|sbmm
production-1941-vol1-41chapters	1307	38.12	rypration	at the end of the calendar year <<rypration>>	reparation
production-1941-vol1-41chapters	1308	29.1	mspeee	milk <<mspeee>> whenever applications for permits to be issued	speed
production-1941-vol1-41chapters	1310	33.1	tmnn	ote <<tmnn>> transport or offer for transportation any cattle	mnn|tann|tenn|tinn|tmin|tmn
production-1941-vol1-41chapters	1312	6.1	seorron	stats <<seorron>> section tt of the political code is	sorrow
production-1941-vol1-41chapters	1314	4.0	seeof	<<seeof>> it is unlawful to sell any commercial	seef
production-1941-vol1-41chapters	1314	10.0	anenati	<<anenati>> relating to fish and game district	antenati
production-1941-vol1-41chapters	1314	16.0	dstne	<<dstne>> district the following shall constitute fish and	date
production-1941-vol1-41chapters	1315	13.4	amened	relating to spray residue <<amened>>	ameed|amend|amende|amended|amene|omened
production-1941-vol1-41chapters	1315	30.8	sneration	director after investigation may establish by proclamation <<sneration>>	operation
production-1941-vol1-41chapters	1316	7.0	tumitations	<<tumitations>> jt is unlawful for any inspector or	limitations
production-1941-vol1-41chapters	1319	16.0	cyades	<<cyades>> for apples the extra fanev is the	cades|clades|hyades
production-1941-vol1-41chapters	1319	16.5	fanev	cyades for apples the extra <<fanev>> is the highest	fane|faner|fanes|ganev|kanev|tanev
production-1941-vol1-41chapters	1320	1.1	pwked	well <<pwked>> apples which are well packed shall be	piked|poked|puked|pwned|wked
production-1941-vol1-41chapters	1324	38.0	peked	<<peked>> a hand picked means apples which do	deked|eeked|eked|peaked|pecked|peed
production-1941-vol1-41chapters	1325	13.0	contaming	<<contaming>> apples or more a variation of not	containg
production-1941-vol1-41chapters	1325	34.9	mect	pests include san jose scale colin moth <<mect>>	bect|cect|dect|ect|fect|hect
production-1941-vol1-41chapters	1327	20.10	remuty	to all other statutory penalties pay double <<remuty>>	deputy
production-1941-vol1-41chapters	1332	25.0	erectun	<<erectun>> b to erect and maintain a municipal	erectus
production-1941-vol1-41chapters	1337	8.9	sinefect	governor mav filed with secretary of slate <<sinefect>>	infect
production-1941-vol1-41chapters	1339	9.12	praiement	court or judge for a reasonable cause <<praiement>>	paiement|placement|pratement
production-1941-vol1-41chapters	1341	30.9	compenst	board of supervisors may by ordinance provide <<compenst>>	compens|compense
production-1941-vol1-41chapters	1343	19.10	nbrar	for the jaw library in each tas <<nbrar>>	abrar|brar|ibrar
production-1941-vol1-41chapters	1344	20.0	umays	<<umays>> ond maintain a branch of the law	mays|umas|umass|umay|umayr
production-1941-vol1-41chapters	1345	37.0	bursements	<<bursements>> of money shall be made by the	basements
production-1941-vol1-41chapters	1346	26.0	discontanu	<<discontanu>> whenever the board of supervisors in any	discontinue
production-1941-vol1-41chapters	1348	4.0	ppripe	<<ppripe>> apart from the fees collected by the	price
production-1941-vol1-41chapters	1352	2.6	falud	in effect approved by governor may <<falud>> with secretary of state	falu|faludi|falun|faud|fauld|flud
production-1941-vol1-41chapters	1353	8.9	cancellari	any portion of uncollected city taxes penal <<cancellari>>	cancellara
production-1941-vol1-41chapters	1356	8.0	irreoeable	<<irreoeable>> jution any such allocation shall be irrevocable	irremeable|irrevocable
production-1941-vol1-41chapters	1356	27.0	eragent	<<eragent>> company as its agent for the purpose	reagent
production-1941-vol1-41chapters	1360	26.0	aprenied	<<aprenied>> vide for damage by irrigation districts approved	appended
production-1941-vol1-41chapters	1360	29.0	ineffecte	<<ineffecte>> approved by governor may filed with secretary	ineffective
production-1941-vol1-41chapters	1362	12.0	wmestion	<<wmestion>> copy of the entries in the docket	question
production-1941-vol1-41chapters	1363	13.10	fallue	failure to prosecute an appeal or unnecessary <<fallue>> tu	falle
production-1941-vol1-41chapters	1363	34.1	pases	lows <<pases>>	apses|ases|bases|cases|eases|gases
production-1941-vol1-41chapters	1364	30.0	putrets	<<putrets>> ne between may ist and the last	outlets
production-1941-vol1-41chapters	1365	12.9	jomt	or more public agencies as herein defined <<jomt>> esei	comt|domt|jmt|jolt|jom|joma
production-1941-vol1-41chapters	1365	12.10	esei	more public agencies as herein defined jomt <<esei>>	dsei|eei|emei|esai|esci|esdi
production-1941-vol1-41chapters	1371	26.9	deeisiun	may include an order refusing revoking oy <<deeisiun>>	decision
production-1941-vol1-41chapters	1373	25.0	janeous	<<janeous>> lots or parcels of farm products remaining	gaseous
production-1941-vol1-41chapters	1374	20.1	sechun	new <<sechun>> section section is hereby added to the	sechin|sehun
production-1941-vol1-41chapters	1374	24.0	anange	<<anange>> tables specifically mentioned in section and offered	anane|anang|anangu|ananke|ananse
production-1941-vol1-41chapters	1375	9.11	wataes	the property in good faith and tard <<wataes>>	watase|wates
production-1941-vol1-41chapters	1376	37.0	veved	<<veved>> either with or without other consideration to	vened|vered|veve|vevey|vexed
production-1941-vol1-41chapters	1378	8.0	substututon	<<substututon>> any guardian who desires a substitution and	substitution
production-1941-vol1-41chapters	1378	23.0	lepented	<<lepented>> release of all claims and liens arising	repented
production-1941-vol1-41chapters	1379	10.11	nestien	the same system of works including pump <<nestien>>	nestin
production-1941-vol1-41chapters	1379	42.12	mlrest	the provisions of this act may sign <<mlrest>>	merest
production-1941-vol1-41chapters	1381	0.2	contaming	in counties <<contaming>> a population of over	containg
production-1941-vol1-41chapters	1381	27.3	contaming	c in counties <<contaming>> a population of more than alameda	containg
production-1941-vol1-41chapters	1382	16.1	mistiee	culy <<mistiee>> f in every city of the second	mistake|mistide|mistier|mistime
production-1941-vol1-41chapters	1383	6.12	omees	of the peace shall be provided by <<omees>>	mees|omens|omers|omes|omnes
production-1941-vol1-41chapters	1389	8.8	tonduet	such hearings and investigations may be conducted <<tonduet>>	conduct
production-1941-vol1-41chapters	1389	39.11	serarat	of jand described on the current assess <<serarat>>	separat|separate|serrat
production-1941-vol1-41chapters	1390	0.0	desuing	<<desuing>> to have the parcel segregated into two	desing|desking|resuing
production-1941-vol1-41chapters	1390	38.0	entryin	<<entryin>> jf the segregation and separate valuations and	entrain|entry
production-1941-vol1-41chapters	1392	8.0	naater	<<naater>> state water commission on or after september	nater|natter|neater
production-1941-vol1-41chapters	1392	9.0	weenses	<<weenses>>	weeness|weenies
production-1941-vol1-41chapters	1392	48.1	nehts	und <<nehts>> thetitutions are hereby authorized and empowered to	neats|neets|nehls|neots|nests|nets
production-1941-vol1-41chapters	1393	13.10	vutura	authorized and empowered to enter into a <<vutura>>	futura
production-1941-vol1-41chapters	1394	2.0	pumate	<<pumate>> pay no private pay clinic shall be	humate|plumate|pomate|pupate|sumate
production-1941-vol1-41chapters	1394	25.6	creil	u ended tron tu the state <<creil>> service act relating to layoffs	breil|ceil|cheil|crail|creal|creel
production-1941-vol1-41chapters	1394	31.0	subdn	<<subdn>> see subdivisional reemployment list means a list	suban|subd|subin
production-1941-vol1-41chapters	1397	13.9	restoratwn	that the board of prison directors may <<restoratwn>>	restoration
production-1941-vol1-41chapters	1397	18.11	iignts	the person so sentenced be liber mu <<iignts>>	rights
production-1941-vol1-41chapters	1398	36.0	bfect	<<bfect>> sre sections and of this act shall	bect|efect|fect
production-1941-vol1-41chapters	1399	2.7	bmended	relating to services performed by independent contractors <<bmended>>	amended|bended|blended|emended|mended
production-1941-vol1-41chapters	1401	6.2	eniber	may sept <<eniber>>	enter
production-1941-vol1-41chapters	1402	41.0	mapot	<<mapot>> sec there must be attached to the	capot|magot|manot|mapo|mapou|mapt
production-1941-vol1-41chapters	1402	48.1	dotition	areviator <<dotition>> the affidavit of the person who circulated	dotation
production-1941-vol1-41chapters	1405	31.9	swual	the event that alterations of boundaries shall <<swual>>	sual|sweal
production-1941-vol1-41chapters	1407	11.10	heaumg	be conducted in the same manner ag <<heaumg>>	heaume
production-1941-vol1-41chapters	1408	4.0	scpte	<<scpte>> nber may	scite|scote|scte|scute|smpte|state
production-1941-vol1-41chapters	1408	8.0	ciand	<<ciand>> ry the grand jury may at all	cand|chand|cian|ciani|ciano|cind
production-1941-vol1-41chapters	1413	31.8	esempttons	following air pressure tanks are not subject <<esempttons>>	exemptions
production-1941-vol1-41chapters	1415	32.10	kenstate	on the request of an appointing power <<kenstate>>	enstate|estate
production-1941-vol1-41chapters	1416	24.0	eketion	<<eketion>> wall be beld at the time of	election
production-1941-vol1-41chapters	1420	22.0	angumed	<<angumed>> d if the holders of shares be	assumed
production-1941-vol1-41chapters	1421	10.12	unclatmed	process of being wound up or dissolved <<unclatmed>>	unclaimed
production-1941-vol1-41chapters	1421	11.11	grmie	unclaimed deposit or dividend or any debt <<grmie>>	armie|gomie|grime
production-1941-vol1-41chapters	1422	6.0	nevertile	<<nevertile>> section article comprising section is hereby	evertile
production-1941-vol1-41chapters	1422	11.0	piusoners	<<piusoners>> prison physician and the request of either	prisoners
production-1941-vol1-41chapters	1422	29.0	safekeepng	<<safekeepng>> tution for women the superintendent shall report	safekeeping
production-1941-vol1-41chapters	1423	0.8	entriled	act to amend section of an act <<entriled>> an act to pro stats	entailed
production-1941-vol1-41chapters	1425	8.7	mnsned	nished apartments furnished cottages or furnished bungalow <<mnsned>>	mined
production-1941-vol1-41chapters	1425	41.10	prorut	sale together with any reasonable costs that <<prorut>>	prout
production-1941-vol1-41chapters	1426	14.0	cilapter	<<cilapter>>	chapter
production-1941-vol1-41chapters	1427	8.8	deln	during the period of four years immediately <<deln>>	dean|deen|defn|dehn|dein|del
production-1941-vol1-41chapters	1428	8.0	eletom	<<eletom>> an election for school trustees must be	elector
production-1941-vol1-41chapters	1430	3.0	btals	<<btals>> meet an act to amend an act	baals|bals|beals|boals|btas|itals
production-1941-vol1-41chapters	1430	16.0	reconversiun	<<reconversiun>> see bonds registered under this act may	reconversion
production-1941-vol1-41chapters	1431	11.7	registratwn	ifthe board after investigation approves such appli <<registratwn>>	registration
production-1941-vol1-41chapters	1431	37.10	sfned	mortgage is a first mortgage upon the <<sfned>>	sned
production-1941-vol1-41chapters	1432	22.0	aronaes	<<aronaes>> vehicle code prohibiting the throwing of substances	aroner
production-1941-vol1-41chapters	1433	14.2	dictographs	installation of <<dictographs>>	dictograph|pictographs
production-1941-vol1-41chapters	1434	16.0	owcon	<<owcon>> except as provided in this chapter every	ocon|opcon|orcon|owon
production-1941-vol1-41chapters	1434	19.0	poueet	<<poueet>> any person who sells the good will	poteet|pouget|poulet
production-1941-vol1-41chapters	1434	30.0	cuaprer	<<cuaprer>> combinations in restraint of trade	chapter
production-1941-vol1-41chapters	1435	0.9	reductw	words or reduce following the word increase <<reductw>>	reduct|reducto
production-1941-vol1-41chapters	1439	39.0	strnine	<<strnine>> this chayvter	stanine|strike|strine|sturnine
production-1941-vol1-41chapters	1442	7.0	jowing	<<jowing>>	bowing|cowing|gowing|jawing|joing|joking
production-1941-vol1-41chapters	1443	29.8	mezil	contract express or implied made by any <<mezil>>	meil|menil|meril|mezi
production-1941-vol1-41chapters	1447	0.8	fepeals	following acts together with ail acts amend <<fepeals>>	repeals
production-1941-vol1-41chapters	1449	36.12	legislaine	intention of this section that such loans <<legislaine>>	legislative
production-1941-vol1-41chapters	1450	7.0	saeot	<<saeot>> see no tax under this act shall	sabot|sagot
production-1941-vol1-41chapters	1450	19.1	crsion	ron <<crsion>> any person who shall divert or who	casion|cision
production-1941-vol1-41chapters	1450	27.0	onbeer	<<onbeer>>	beer
production-1941-vol1-41chapters	1451	13.10	ssenment	or order for wages or salary earned <<ssenment>>	segment
production-1941-vol1-41chapters	1453	19.10	wistriel	including the governing board of any junior <<wistriel>>	mistrial
production-1941-vol1-41chapters	1454	29.0	contensent	<<contensent>> otherwise appropriated the sum of sixty two	contendent
production-1941-vol1-41chapters	1455	8.8	omsnge	counties of the eleventh class the following <<omsnge>>	orange
production-1941-vol1-41chapters	1455	40.10	pplicatio	made by this act in the compensation <<pplicatio>>	applicatio|application
production-1941-vol1-41chapters	1456	36.0	distnete	<<distnete>> the district attorney five thousand dollars per	discrete
production-1941-vol1-41chapters	1457	13.8	mraci	und to the subdivision map act relating <<mraci>>	graci|maci|marci|raci|traci
production-1941-vol1-41chapters	1457	14.5	craminalion	to subdivisions and to the <<craminalion>> of maps by public	crimination
production-1941-vol1-41chapters	1459	0.0	eltber	<<eltber>> or hoth of said entities may be	elber|elter
production-1941-vol1-41chapters	1461	4.7	amentled	to fees for filing declaration of candidacy <<amentled>>	amended
production-1941-vol1-41chapters	1461	17.0	citapter	<<citapter>>	chapter
production-1941-vol1-41chapters	1461	35.8	legistatwe	the legislature hereby declares that the pub <<legistatwe>>	legislate
production-1941-vol1-41chapters	1464	39.1	eteet	galt <<eteet>> approved by governor june loa with secretary	etext|steet|teet
production-1941-vol1-41chapters	1466	1.0	amnad	<<amnad>> sons code relating to renewal of licenses	ajnad|amad|amand|amend|amjad|amna
production-1941-vol1-41chapters	1468	4.0	citapter	<<citapter>>	chapter
production-1941-vol1-41chapters	1468	27.1	omeers	eis <<omeers>> and the city treasurer shall be elected	ameers|meers|omers
production-1941-vol1-41chapters	1469	38.5	hmited	to transact business shall be <<hmited>> to matters referred to	smited
production-1941-vol1-41chapters	1470	16.0	btals	<<btals>> reis sec section of said code is	baals|bals|beals|boals|btas|itals
production-1941-vol1-41chapters	1473	20.3	compnied	of the comparably <<compnied>> average field from hearing trees	companied|complied
production-1941-vol1-41chapters	1473	39.9	penait	exceeding any quota allotment or salable cil <<penait>>	pentit
production-1941-vol1-41chapters	1475	18.9	amsior	is hereby added to the public new <<amsior>>	amador
production-1941-vol1-41chapters	1476	15.0	statelands	<<statelands>> there is a state lands commission in	stateland
production-1941-vol1-41chapters	1476	18.0	powersand	<<powersand>> the commission is the successor to and	powerband
production-1941-vol1-41chapters	1477	7.8	parcutin	commission may by resolution authorize any of <<parcutin>> of	paricutin
production-1941-vol1-41chapters	1478	14.1	vaterts	us <<vaterts>> hooks and cause all lists or patents	vaters
production-1941-vol1-41chapters	1479	31.1	trpr	ovrrflowed <<trpr>> or surmmercrp lands and	rpr|tpr|tror|trp|trps|trr
production-1941-vol1-41chapters	1479	34.7	telands	the commission has exclusive jurisdiction over al <<telands>>	elands
production-1941-vol1-41chapters	1482	0.9	sument	in any case where after the establ <<sument>> of sach	aument|jument|suent|sugent|sumeet
production-1941-vol1-41chapters	1482	46.2	poild	to be <<poild>> on or before its delivery the ceomimixssion	poil|poile|poilu|poind|soild|woild
production-1941-vol1-41chapters	1484	26.0	ecuone	<<ecuone>> whenever in the judgment of the commission	eucone
production-1941-vol1-41chapters	1484	32.0	vevance	<<vevance>> necessary to effect the exchange	advance|devance|levance
production-1941-vol1-41chapters	1486	26.1	jizg	sts <<jizg>> other money received under this chapter shall	jig|jing|jiz|jizo|jizz
production-1941-vol1-41chapters	1487	37.8	appurat	person or corporation desiring to make applica <<appurat>>	apparat
production-1941-vol1-41chapters	1487	39.6	sectionized	merged lands which have not been <<sectionized>> by authority	sectionize
production-1941-vol1-41chapters	1488	20.11	coramis	any submerged hands described in it the <<coramis>>	corambis
production-1941-vol1-41chapters	1490	27.0	nuttrent	<<nuttrent>> lands sought to be leased contained in	nutrient
production-1941-vol1-41chapters	1490	43.0	actionon	<<actionon>> all applications to lease lands under this	actinon
production-1941-vol1-41chapters	1492	28.0	suvy	<<suvy>> if upon an examination of the description	cuvy|juvy|savy|sevy|suay|suby
production-1941-vol1-41chapters	1492	34.0	actionon	<<actionon>> within days after the filing of an	actinon
production-1941-vol1-41chapters	1493	44.0	franchis	<<franchis>>	francais|franchi|franchise|francis|francois
production-1941-vol1-41chapters	1494	0.0	noccto	<<noccto>> o in the event that there is	novato
production-1941-vol1-41chapters	1494	44.0	inpostion	<<inpostion>> all money received by the state under	imposition
production-1941-vol1-41chapters	1496	16.0	ciements	<<ciements>> sec	cements|clements
production-1941-vol1-41chapters	1497	22.10	witheraval	prior to the receipt of any bid <<witheraval>>	withdrawal
production-1941-vol1-41chapters	1497	23.11	jecene	this chapter withdraw any offer to receive <<jecene>> dius	decene|jeene
production-1941-vol1-41chapters	1501	28.11	bidand	be in the form of a lease <<bidand>>	bidan|bidang
production-1941-vol1-41chapters	1502	24.0	tdeand	<<tdeand>> tide and submerged lands may be leased	demand
production-1941-vol1-41chapters	1503	28.11	ccusues	the trust whether or not limited sry <<ccusues>>	causes
production-1941-vol1-41chapters	1504	9.1	dribes	win <<dribes>> association of persons or corporation has drilled	bribes|dribs|dries|drives|ribes|tribes
production-1941-vol1-41chapters	1504	29.1	cleee	rr <<cleee>> to the state may be leased by	clee|cleef|cleek|cleen|cleer|cleere
production-1941-vol1-41chapters	1505	25.10	postme	erects upon the land for which a <<postme>>	poste|postie|postle|postma|postmen
production-1941-vol1-41chapters	1507	6.6	sldtional	the commission shall prescribe such additional <<sldtional>>	sectional
production-1941-vol1-41chapters	1510	17.11	eondi	lands as set forth in the application <<eondi>>	bondi|condi|dondi|endi|eonni|fondi
production-1941-vol1-41chapters	1510	39.0	actionon	<<actionon>> all applications to lease land under this	actinon
production-1941-vol1-41chapters	1510	40.0	weeake	<<weeake>> shall be approved or rejected by the	weeke
production-1941-vol1-41chapters	1511	5.8	armual	per ton of minerals extracted and the <<armual>> rental	arcual
production-1941-vol1-41chapters	1513	0.12	arull	pacific ocean shali be leased ior the <<arull>>	ahull|arul|arulo|aull|brull|crull
production-1941-vol1-41chapters	1513	34.8	ruvuls	following acts together with all acts amend <<ruvuls>>	rufus
production-1941-vol1-41chapters	1514	5.0	ciiapter	<<ciiapter>>	chapter
production-1941-vol1-41chapters	1514	24.1	setipal	hh <<setipal>> the governing board of any district maintaining	serial
production-1941-vol1-41chapters	1515	5.0	cilapter	<<cilapter>>	chapter
production-1941-vol1-41chapters	1515	33.8	mmeral	notwithstanding any other provision of this act <<mmeral>>	meral
production-1941-vol1-41chapters	1515	34.12	aciewds	appears to be in the public inter <<aciewds>>	acids
production-1941-vol1-41chapters	1518	34.0	oiderto	<<oiderto>> hither at the time of serving the	orderto
production-1941-vol1-41chapters	1519	0.8	basect	or violation upon which said order s <<basect>> and pur	basest|baset|bisect
production-1941-vol1-41chapters	1520	8.0	grunis	<<grunis>> tor fraud or misrepresentation in making any	gruis|grunin|grunts
production-1941-vol1-41chapters	1521	16.8	prputy	state sealer as used in this chapter <<prputy>>	deputy|prouty
production-1941-vol1-41chapters	1524	16.0	dndeator	<<dndeator>> puting meter pump or a pump designed	endeavor
production-1941-vol1-41chapters	1529	1.10	adulteratior	for any person to mix or adulterate <<adulteratior>>	adulteration|adulterator
production-1941-vol1-41chapters	1530	4.10	hecume	the legislature beg in session it has <<hecume>> a law this	heaume
production-1941-vol1-41chapters	1530	41.1	oneby	p <<oneby>> repealed	onely|onery|oney
production-1941-vol1-41chapters	1532	31.0	seesec	<<seesec>> see section of the water code is	seese|seesee
production-1941-vol1-41chapters	1535	23.0	ertv	<<ertv>> in applying the remedial means provided for	crtv|drtv|edtv|erev|ert|erta
production-1941-vol1-41chapters	1537	6.12	mtge	any type or class having an average <<mtge>>	mage|mge|moge|mpge|mtbe|mte
production-1941-vol1-41chapters	1538	4.0	septemt	<<septemt>> or june	septem|septemb|septet
production-1941-vol1-41chapters	1540	42.0	shututte	<<shututte>> this chapter may be cited as the	shuttle
production-1941-vol1-41chapters	1544	23.0	jomt	<<jomt>> local one or more cities one or	comt|domt|jmt|jolt|jom|joma
production-1941-vol1-41chapters	1550	12.0	retums	<<retums>> the officers of election shall fill out	rectums
production-1941-vol1-41chapters	1554	18.0	lificate	<<lificate>> issued by the commissioner under this code	litigate
production-1941-vol1-41chapters	1556	4.0	termof	<<termof>> in counties containing or more assembly districts	termo|termon|termor
production-1941-vol1-41chapters	1558	23.0	nommation	<<nommation>> in each county other than a county	commation
production-1941-vol1-41chapters	1561	7.5	trespas	trespasses upon lands enumerated misdemeanor <<trespas>>	trespass
production-1941-vol1-41chapters	1562	31.7	therco	board and the enforcement of the provisions <<therco>>	thermo|thero
production-1941-vol1-41chapters	1564	37.1	veyance	ofmmnty <<veyance>> of said land there shall be reserved	voyance
production-1941-vol1-41chapters	1565	10.8	beposts	the capital funds undivided profits and guaranty <<beposts>> and	bedposts|reposts
production-1941-vol1-41chapters	1567	19.11	aened	an act to define collection agencies v <<aened>>	acned|aenea|aeneid|awned|ened|vened
production-1941-vol1-41chapters	1568	40.0	licenseeon	<<licenseeon>> see any person licensed hereunder at the	licensee
production-1941-vol1-41chapters	1569	42.4	bankruptev	tion of the federal <<bankruptev>> act this act if it takes u	bankrupted
production-1941-vol1-41chapters	1570	40.0	imestigation	<<imestigation>> jn furtherance of the performance of its	investigation
production-1941-vol1-41chapters	1572	27.0	mitclam	<<mitclam>> ized to release by quitclaim deed with	mitcham
production-1941-vol1-41chapters	1578	22.1	teinber	se <<teinber>> june j	teinder|tinber
production-1941-vol1-41chapters	1579	8.10	wntnes	with a duly licensed theatrical or motion <<wntnes>>	witnes|witness
production-1941-vol1-41chapters	1580	3.2	stimmon	meetings to <<stimmon>> assessors to meet with the board or	simmon|stimmen|stimson
production-1941-vol1-41chapters	1582	9.1	orlese	hue <<orlese>> to hire or lease upon the written	orelse
production-1941-vol1-41chapters	1584	0.0	burigct	<<burigct>> act an act making appropriations for the	bright
production-1941-vol1-41chapters	1587	13.1	fxecul	executive <<fxecul>> it	fecal
production-1941-vol1-41chapters	1601	34.6	calsforni	item for support of california maritime <<calsforni>>	californi|california
production-1941-vol1-41chapters	1604	40.0	seedule	<<seedule>>	schedule|shedule
production-1941-vol1-41chapters	1609	3.7	camanl	item for support of camarillo state hos <<camanl>>	camail|camal|caman|camano|canal
production-1941-vol1-41chapters	1609	27.6	mendocit	item for support of mendocino state <<mendocit>>	mendocino
production-1941-vol1-41chapters	1614	22.0	inductriat	<<inductriat>> ltem f or support of industrial home	industrial
production-1941-vol1-41chapters	1615	18.4	teprate	fornia inebriate colony nothing <<teprate>>	seprate
production-1941-vol1-41chapters	1615	34.7	unision	item for support of division of build <<unision>> of	onision|unison|unition|unvision
production-1941-vol1-41chapters	1615	35.6	panaing	ing and loan department of in <<panaing>>	panang|panning|panting
production-1941-vol1-41chapters	1616	31.0	distnets	<<distnets>> ttern for support of california districts	distress
production-1941-vol1-41chapters	1617	0.7	adyutant	item for support of the adjutant gen <<adyutant>>	adjutant
production-1941-vol1-41chapters	1622	29.0	dollarg	<<dollarg>>	dollar|dollard|dollars
production-1941-vol1-41chapters	1624	1.3	alisel	known as el <<alisel>> in los angeles	aisel|alisal|alise|alisen|lisel
production-1941-vol1-41chapters	1630	12.0	bepertation	<<bepertation>> item for deportation from california of	deportation
production-1941-vol1-41chapters	1632	9.2	metology	er ie <<metology>> in accordance with the	cetology|emetology|menology|mesology|metrology
production-1941-vol1-41chapters	1632	28.0	boardor	<<boardor>> item for support of funeral directors	boarder
production-1941-vol1-41chapters	1633	2.5	tnsper	ment of professional and vocational <<tnsper>> tion	answer
production-1941-vol1-41chapters	1633	14.5	exanuners	ical examiners in accordance with <<exanuners>>	examiners
production-1941-vol1-41chapters	1634	48.1	bauinment	ce <<bauinment>>	bailment
production-1941-vol1-41chapters	1639	22.6	reelam	them for construction land rights of <<reelam>>	eelam|neelam|reclam|reetam
production-1941-vol1-41chapters	1642	1.0	ciseg	<<ciseg>> harbor bor commissioners san francisco	cise|cisg
production-1941-vol1-41chapters	1644	12.0	vooa	<<vooa>> local contrary the appropriation provided for by	ooa|pooa|voa|voca|voda|voga
production-1941-vol1-41chapters	1644	46.0	transterof	<<transterof>> sec the state board of control may	transferor
production-1941-vol1-41chapters	1644	47.0	unneede	<<unneede>> of the director of institutions and the	unneeded|unneedy
production-1941-vol1-41chapters	1645	42.9	satanes	wages shall include all expenditures for pay <<satanes>>	batanes|satanas|satangs|satans|stanes|states
production-1941-vol1-41chapters	1646	0.0	tqup	<<tqup>> equipment shall include all expenditures for the	toup|trup|tup
production-1941-vol1-41chapters	1646	6.1	entae	sug <<entae>> sec the state board of control may	enate|enta|entad|ental|entame|ente
production-1941-vol1-41chapters	1646	8.0	acuable	<<acuable>> hy ihe officer department division bureau board	actable
production-1941-vol1-41chapters	1647	4.8	stfon	or jurisdiction of any office officer board <<stfon>>	stefon|stion|ston|stoon|stron
production-1941-vol1-41chapters	1648	41.2	deserizves	ii expended <<deserizves>> sums of money which are encumbered	deserves
production-1941-vol1-41chapters	1650	15.0	cauenent	<<cauenent>> sec this act inasmuch as it makes	casement
production-1941-vol1-41chapters	1659	25.8	rehtof	any shareholder feeling aggrieved by such action <<rehtof>>	rector
production-1941-vol1-41chapters	1659	35.9	mmnaca	and of the fish and game code <<mmnaca>>	monaca
production-1941-vol1-41chapters	1660	36.0	detricts	<<detricts>> in districts and salmon may be taken	detracts
production-1941-vol1-41chapters	1661	10.9	carners	not operated on rails for the transportation <<carners>>	barners|cahners|caners|canners|carders|careers
production-1941-vol1-41chapters	1663	16.7	rhcasants	male pheasants may he taken between november <<rhcasants>>	pheasants
production-1941-vol1-41chapters	1663	30.6	pistnet	district the following shall constitute fish <<pistnet>>	postnet
production-1941-vol1-41chapters	1665	36.10	atterer	officer of said state territory or govern <<atterer>> ta	alterer|attirer|batterer|natterer|otterer|patterer
production-1941-vol1-41chapters	1665	49.8	rennire	condition and affairs as the commissioner may <<rennire>>	rennie
production-1941-vol1-41chapters	1666	7.0	stornor	<<stornor>> stolen or embezzled vehicles whenever by reason	stonor
production-1941-vol1-41chapters	1671	37.1	poliev	term <<poliev>>	polie|polier
production-1941-vol1-41chapters	1672	25.0	tmeto	<<tmeto>> sec in the case of an insurer	meto|teto|tieto|timeto
production-1941-vol1-41chapters	1672	31.0	addtionl	<<addtionl>> all life contracts issued or delivered in	addtion|addtional
production-1941-vol1-41chapters	1673	32.10	msurer	amount equal to one hundred fifteen thou <<msurer>>	maurer|meurer|murer|surer|usurer
production-1941-vol1-41chapters	1674	24.0	anoct	<<anoct>> to amend section of and to add	anoc|anot|anout|noct
production-1941-vol1-41chapters	1674	34.0	distniet	<<distniet>>	district
production-1941-vol1-41chapters	1676	40.0	hmitations	<<hmitations>>	imitations
production-1941-vol1-41chapters	1678	12.0	cipter	<<cipter>> section the title of chapter of part	cinter|cipher|citer|copter|dipter|nipter
production-1941-vol1-41chapters	1679	0.10	aooele	purposes and mm such manner as the <<aooele>>	tooele
production-1941-vol1-41chapters	1680	37.0	honahty	<<honahty>> cation of such provision to any person	honesty
production-1941-vol1-41chapters	1682	40.0	warrantsfor	<<warrantsfor>> on the presentation of his requisition therefor	warrantor
production-1941-vol1-41chapters	1682	45.0	incountes	<<incountes>> discretion of supervisors in counties of or	encounter
production-1941-vol1-41chapters	1683	8.11	svuse	fiscal year showing what disposition he hag <<svuse>>	sause|scuse|skuse|smuse|souse|suse
production-1941-vol1-41chapters	1683	31.9	nmled	of names on primary election ballots d <<nmled>>	naled
production-1941-vol1-41chapters	1684	18.0	secunng	<<secunng>> ata any person who knowing he is	securing
production-1941-vol1-41chapters	1684	19.0	mecaly	<<mecaly>> obtains or attempts to obtain aid to	mealy
production-1941-vol1-41chapters	1687	40.9	pubbe	of state shall indorse on the origina <<pubbe>>	bubbe|jubbe|lubbe|pubbed|pubble|pube
production-1941-vol1-41chapters	1688	4.4	aveney	upon by the state <<aveney>> as authority for or invoked or used	adeney|aveley|avene|avenel|avener|averey
production-1941-vol1-41chapters	1688	22.9	compula	the manner and form in which regulations <<compula>>	compusa|copula
production-1941-vol1-41chapters	1691	34.0	citapter	<<citapter>>	chapter
production-1941-vol1-41chapters	1693	28.4	governmg	powers and duties of <<governmg>> boards of school districts	governm|governme
production-1941-vol1-41chapters	1698	10.0	serviess	<<serviess>> ment of the final account of the	services|servies
production-1941-vol1-41chapters	1699	12.0	citapter	<<citapter>>	chapter
production-1941-vol1-41chapters	1700	10.0	cowity	<<cowity>> from which he was released on probation	comity
production-1941-vol1-41chapters	1703	23.0	ctiapter	<<ctiapter>>	chapter
production-1941-vol1-41chapters	1704	2.0	nuinded	<<nuinded>>	funded
production-1941-vol1-41chapters	1708	2.0	formof	<<formof>> state hospital the order shall be in	formol
production-1941-vol1-41chapters	1711	9.2	betene	june j <<betene>>	bedene|beene|belene|beltene|betone|butene
production-1941-vol1-41chapters	1715	10.10	wetwn	hereby added to the revenue and nes <<wetwn>>	weten|wetin
production-1941-vol1-41chapters	1716	33.0	petnet	<<petnet>> the district attorney six thousand dollars per	penet|pennet|pernet|pettet
production-1941-vol1-41chapters	1717	30.11	nermt	seed shall obtain a permit to operate <<nermt>>	neamt|nremt
production-1941-vol1-41chapters	1718	45.0	othercom	<<othercom>> no official of the county whose compensation	otherdom
production-1941-vol1-41chapters	1720	45.9	havines	y of inhabitants or over and also <<havines>> twenty	davines|haines|havins|ravines
production-1941-vol1-41chapters	1722	0.10	pubhe	not prohibited by the terms of the <<pubhe>>	dubhe|pube|puhe
production-1941-vol1-41chapters	1724	10.0	toryiny	<<toryiny>> for ascertaining income profit or loss for	trying
production-1941-vol1-41chapters	1729	6.2	toumend	an aet <<toumend>> sections and of and to add section	commend
production-1941-vol1-41chapters	1733	31.7	subclassified	of expenditure the organization units may be <<subclassified>> by	unclassified
production-1941-vol1-41chapters	1737	13.12	ffeer	of finance and the state con ste <<ffeer>>	affeer|feer|fleer|freer
production-1941-vol1-41chapters	1738	16.0	meluded	<<meluded>> herein for the sole purpose of making	deluded|eluded|melded
production-1941-vol1-41chapters	1739	39.10	mmance	its judgment same are advisable and to <<mmance>>	mance
production-1941-vol1-41chapters	1743	0.11	lintation	any district shall be approved for certifi <<lintation>>	lineation|litation
production-1941-vol1-41chapters	1743	21.9	supptemen	for i the commission shall be notified <<supptemen>>	supplement
production-1941-vol1-41chapters	1743	37.12	reods	duty of the state controller to provide <<reods>>	reads|redds|redos|reds|reeds|reids
production-1941-vol1-41chapters	1743	46.10	genedute	bonds of any district have been cer <<genedute>> of	generate
production-1941-vol1-41chapters	1745	8.11	gitats	act cited in the title hereof is <<gitats>>	gitts
production-1941-vol1-41chapters	1746	4.2	flashboards	effected by <<flashboards>> sandbags earthen levees gates or other	flashboard
production-1941-vol1-41chapters	1746	21.0	ccual	<<ccual>> cust the actual cost exceeds the estimated	cual
production-1941-vol1-41chapters	1748	25.0	saesto	<<saesto>> notwithstanding any other provision of law the	sesto
production-1941-vol1-41chapters	1750	20.0	salestoem	<<salestoem>> sec notwithstanding any of the provisions of	salesroom
production-1941-vol1-41chapters	1753	26.0	cuarter	<<cuarter>> srare narcotic hosprran	carter|charter|cuartel|curter|quarter
production-1941-vol1-41chapters	1753	26.1	srare	cuarter <<srare>> narcotic hosprran	crare|rare|saare|sare|sarre|scare
production-1941-vol1-41chapters	1755	34.10	noneont	is not contiguous to a school dis <<noneont>> igi	nonent
production-1941-vol1-41chapters	1756	39.0	agrtum	<<agrtum>> ing thereon as agricultural labor any parent	agrium
production-1941-vol1-41chapters	1757	15.10	wetien	hereby added to the school code xe <<wetien>>	setien|weten|wetin|wetten
production-1941-vol1-41chapters	1757	40.0	letie	<<letie>> activities under the jurisdiction of or sponsored	etie|leftie|leite|lenie|lete|lethe
production-1941-vol1-41chapters	1758	16.0	atomey	<<atomey>> der annum	abomey|atomy|tomey
production-1941-vol1-41chapters	1758	37.1	srorion	stats <<srorion>> section of the school code is hereby	erosion
production-1941-vol1-41chapters	1759	26.8	nesuions	the following terms shall have the respective <<nesuions>>	sessions
production-1941-vol1-41chapters	1761	25.9	lottermg	person is guilty of a misdemeanor who <<lottermg>>	lottery
production-1941-vol1-41chapters	1774	0.0	asembly	<<asembly>> thence northerly along the center line of	assembly
production-1941-vol1-41chapters	1776	1.0	osines	<<osines>> certain territory annexed to the city of	cosines|opines|oscines|osnes|sines|usines
production-1941-vol1-41chapters	1782	23.0	janeous	<<janeous>> records in the office of the recorder	gaseous
production-1941-vol1-41chapters	1784	19.4	riveins	lot of the eugene <<riveins>> subdivision of the hathaway	rivers
production-1941-vol1-41chapters	1790	42.10	prolonga	center line of tyburn street and its <<prolonga>>	prolong|prolonge|prolongs
production-1941-vol1-41chapters	1804	0.0	asserably	<<asserably>> folowing the same in all its various	assembly
production-1941-vol1-41chapters	1804	12.0	wieler	<<wieler>> avenue thence southerly along the center line	bieler|kieler|weiler|wheler|wieber|wieder
production-1941-vol1-41chapters	1811	29.9	oftsets	financial corporation shall be entitled to an <<oftsets>>	offsets|outsets
production-1941-vol1-41chapters	1812	7.0	mmmun	<<mmmun>> tax for the said privilege a minimum	immun|immune|mamun
production-1941-vol1-41chapters	1814	45.1	cremheate	of <<cremheate>> time the director is empowered to withdraw	cremate
production-1941-vol1-41chapters	1824	7.1	tfsh	c <<tfsh>> no dressed catfish less than seven inches	fsh|tash|tesh|tfh|tfs|tfsa
production-1941-vol1-41chapters	1828	11.0	mulee	<<mulee>> after the first publication thereof be posted	dulee|julee|malee|melee|milee|mudee
production-1941-vol1-41chapters	1830	35.0	yaults	<<yaults>> etc	aults|faults|vaults
production-1941-vol1-41chapters	1830	36.1	reauve	by <<reauve>> removed from any abandoned cemetery by any	reaume|reave
production-1941-vol1-41chapters	1833	17.9	ewked	to sales of milk for cash p <<ewked>>	eeked|eked|wked
production-1941-vol1-41chapters	1833	25.11	roduer	buyer at the time of obtaining pos <<roduer>>	order|rodder|roder|rodger|rodier|roduner
production-1941-vol1-41chapters	1835	7.7	eaplration	unless otherwise specifically provided by other pro <<eaplration>>	expiration
production-1941-vol1-41chapters	1835	23.0	srorion	<<srorion>> section of the fish and game code	erosion
production-1941-vol1-41chapters	1836	3.0	couapter	<<couapter>>	chapter
production-1941-vol1-41chapters	1837	46.9	abntting	of the low tide line above mentioned <<abntting>>	abetting|abutting
production-1941-vol1-41chapters	1838	31.0	identifea	<<identifea>> identification brands for dairy cattle of the	identifed
production-1941-vol1-41chapters	1839	3.8	rebradne	branded cattle are moved from a district <<rebradne>>	regrade
production-1941-vol1-41chapters	1849	22.0	ctlapter	<<ctlapter>>	chapter
production-1941-vol1-41chapters	1850	11.0	labity	<<labity>> the registrant shall not be liable in	laity|laxity
production-1941-vol1-41chapters	1854	1.0	annded	<<annded>> tions and to the streets and highways	nanded
production-1941-vol1-41chapters	1854	11.0	tierins	<<tierins>> for the acquisition of real property or	tiepins|tiering
production-1941-vol1-41chapters	1855	6.10	expenditwe	that the department determines that the amount <<expenditwe>>	expenditure
production-1941-vol1-41chapters	1856	3.0	terrrorial	<<terrrorial>>	territorial
production-1941-vol1-41chapters	1857	6.8	disolutin	any district whose taxes or assessments are <<disolutin>>	dissolution
production-1941-vol1-41chapters	1857	21.10	meaineg	of supervisors shall hear and pass upon <<meaineg>>	meaning
production-1941-vol1-41chapters	1858	22.0	disevlution	<<disevlution>> viet if upon the trial it is	dissolution
production-1941-vol1-41chapters	1859	0.7	velele	an act to add section to the <<velele>> code requiring stats	delete|velle
production-1941-vol1-41chapters	1859	26.8	pubhe	in any project for the erection improvement <<pubhe>> wor	dubhe|pube|puhe
production-1941-vol1-41chapters	1860	27.0	callfor	<<callfor>> bids in the event that there is	califor|caller
production-1941-vol1-41chapters	1860	40.0	seealso	<<seealso>> sro section of the act cited in	seals
production-1941-vol1-41chapters	1860	43.0	pubhe	<<pubhe>> work see in anv project for the	dubhe|pube|puhe
production-1941-vol1-41chapters	1862	7.0	mentuwon	<<mentuwon>> whether in the same proceeding or court	mention
production-1941-vol1-41chapters	1863	33.4	dionin	chloride or ethylmorphine hydrochloride <<dionin>> prescribed	dinin|dionis|dioxin
production-1941-vol1-41chapters	1863	35.4	opii	when codeine or tincture <<opii>> camphorata paregoric is	apii|copii|jpii|oii|oiii|onii
production-1941-vol1-41chapters	1863	35.5	camphorata	when codeine or tincture opii <<camphorata>> paregoric is	camphorate
production-1941-vol1-41chapters	1864	8.0	conichon	<<conichon>> under the laws of the united states	cornichon
production-1941-vol1-41chapters	1864	31.0	dvfincd	<<dvfincd>> wn the act and to provide certain	defined
production-1941-vol1-41chapters	1869	20.9	comty	amount to be determined and appropriated each <<comty>>	cmty|coaty|comay|comby|comey|comfy
production-1941-vol1-41chapters	1875	28.7	tamalpa	section there is hereby organized created established <<tamalpa>>	tamala|tamalpais
production-1941-vol1-41chapters	1875	32.11	deserptior	where the center line of the state <<deserptior>>	desertion
production-1941-vol1-41chapters	1878	30.0	teyand	<<teyand>> all taxes levied uncer the provisions of	teyana|weyand
production-1941-vol1-41chapters	1879	28.6	annesatio	sec any territory incorporated or unincorporated <<annesatio>>	annexation
production-1941-vol1-41chapters	1881	4.11	terntury	the date of such certificate the terri <<terntury>>	century
production-1941-vol1-41chapters	1881	8.11	mtret	without further act vote or decision upon <<mtret>>	maret|meret|moret|mpret|muret|stret
production-1941-vol1-41chapters	1882	19.1	tofore	hte <<tofore>> transferred to the tamalpais forest fire district	before
production-1941-vol1-41chapters	1882	46.0	omcers	<<omcers>> are acting as officers and employees cf	omers
production-1941-vol1-41chapters	1884	29.0	urectors	<<urectors>> ang udder the orders of the board	erectors|rectors
production-1941-vol1-41chapters	1884	30.0	omeers	<<omeers>> dollars per day and ten cents per	ameers|meers|omers
production-1941-vol1-41chapters	1884	44.0	jeasi	<<jeasi>> freeholders within the district therefor submit to	easi|jasi|jesi|jessi
production-1941-vol1-41chapters	1885	40.12	sectior	to the act cited in the ni <<sectior>>	sectio|section|sector
production-1941-vol1-41chapters	1886	27.0	excepon	<<excepon>> bottling provided however that nothing herein contained	except
production-1941-vol1-41chapters	1888	24.0	bondof	<<bondof>> the commissioners shall elect one of their	bondo|bondoc|bondor
production-1941-vol1-41chapters	1890	0.0	uneny	<<uneny>> see this act is hereby declared to	deny|neny|unen|unny
production-1941-vol1-41chapters	1891	5.1	momentuly	june <<momentuly>>	momently
production-1941-vol1-41chapters	1891	20.9	avprop	sum of two hundred fifty thousand dollars <<avprop>>	approp|prop
production-1941-vol1-41chapters	1892	24.0	cijapter	<<cijapter>>	chapter
production-1941-vol1-41chapters	1893	12.0	ciuapter	<<ciuapter>>	chapter
production-1941-vol1-41chapters	1893	17.10	aedately	june naar with secretary of state mt <<aedately>>	mediately|pedately|sedately
production-1941-vol1-41chapters	1895	27.10	tiegrney	is hereby declared to be an urgency <<tiegrney>>	tierney
production-1941-vol1-41chapters	1896	40.0	naonal	<<naonal>> see the state planning board shall have	natonal
production-1941-vol1-41chapters	1897	13.10	usenry	is hereby declared to be an urgency <<usenry>>	usery
production-1941-vol1-41chapters	1899	9.0	srerion	<<srerion>> section is hereby added to the welfare	region
production-1941-vol1-41chapters	1900	19.1	tishine	sselems <<tishine>> its own merit system and determining thereunder	fishing
production-1941-vol1-41chapters	1902	1.0	pankd	<<pankd>> section of and to add sections	pand|paned|pank|panko|panks|panky
production-1941-vol1-41chapters	1905	0.0	portines	<<portines>>	cortines
production-1941-vol1-41chapters	1906	4.0	contyad	<<contyad>> it shall be the duty of each	contra
production-1941-vol1-41chapters	1906	38.0	tumates	<<tumates>> ot no applicant shall receive aid under	tomates
production-1941-vol1-41chapters	1907	38.9	eneum	county assessed valuation of which less all <<eneum>>	enem|engum|enum|neum
production-1941-vol1-41chapters	1910	9.0	eorma	<<eorma>> quali ications necessary for aid under this	corma|dorma|eora|erma|forma|jorma
production-1941-vol1-41chapters	1913	1.9	pineaded	to admissions to the practice of law <<pineaded>>	pinheaded|pleaded
production-1941-vol1-41chapters	1914	13.0	satsfacton	<<satsfacton>> mount hereunder is insolvent whenever any such	satisfaction
production-1941-vol1-41chapters	1914	28.0	proeeedure	<<proeeedure>>	procedure|proceedure
production-1941-vol1-41chapters	1917	3.5	ttyar	approved by governor june oo <<ttyar>> yo with secretary of state in effect	tayar
production-1941-vol1-41chapters	1918	9.0	resolut	<<resolut>> ons shall be distributed by the state	resolu|resolute|revolut
production-1941-vol1-41chapters	1919	12.8	entrymen	writing under the seal of the corporation <<entrymen>>	entryman
production-1941-vol1-41chapters	1919	25.11	qualifea	of title or evidence of title to <<qualifea>>	qualifed
production-1941-vol1-41chapters	1919	43.0	entrymen	<<entrymen>> upon public lands situated within the district	entryman
production-1941-vol1-41chapters	1920	24.0	peroite	<<peroite>> when any live stock is killed upon	perite|perlite|perote
production-1941-vol1-41chapters	1923	8.11	ometce	of the depositor if the money remains <<ometce>>	mete|omete
production-1941-vol1-41chapters	1924	14.0	mumepal	<<mumepal>> see the municipal court in a city	numeral
production-1941-vol1-41chapters	1926	4.1	miber	sept <<miber>> june	biber|ciber|fiber|giber|iber|imber
production-1941-vol1-41chapters	1927	29.2	weighmuster	relating to <<weighmuster>> bond and license	weighmaster
production-1941-vol1-41chapters	1927	33.9	ceetior	new section to be numbered is new <<ceetior>>	cretion
production-1941-vol1-41chapters	1927	36.8	expinaton	the bond required by this chapter lapses <<expinaton>>	expiration
production-1941-vol1-41chapters	1928	18.0	dormtores	<<dormtores>> junior college shall have the power when	dormitories
production-1941-vol1-41chapters	1929	21.10	meniva	of bores to growers of vegetables and <<meniva>>	maniva|menina|meriva
production-1941-vol1-41chapters	1929	29.10	fetyre	or deciduous fruit picking boxes to a <<fetyre>> to	feyre
production-1941-vol1-41chapters	1930	11.2	triet	of mst <<triet>> having an average daily attendance of or	griet|priet|riet|thiet|tiet|tiret
production-1941-vol1-41chapters	1930	23.1	amediate	take <<amediate>> cffect	imediate|mediate
production-1941-vol1-41chapters	1930	23.2	cffect	take amediate <<cffect>>	affect|effect
production-1941-vol1-41chapters	1934	2.9	ilome	bonds or debentures issued by the federal <<ilome>> joan bank	blome|glome|ihome|ilove|lome
production-1941-vol1-41chapters	1934	10.0	eneimn	<<eneimn>> foreign country or government or those for	enemy
production-1941-vol1-41chapters	1934	30.0	siats	<<siats>> bos defined in the public utilities act	fiats|sats|scats|seats|shats|sias
production-1941-vol1-41chapters	1934	44.1	pubhe	other <<pubhe>> bonds of any other public utility corporation	dubhe|pube|puhe
production-1941-vol1-41chapters	1935	8.10	petemin	income of any railroad or other public <<petemin>>	peteman
production-1941-vol1-41chapters	1935	25.8	inelud	this section applicable to such corporation after <<inelud>>	includ|include
production-1941-vol1-41chapters	1937	30.7	ramvad	h railroad equipment trust certificates or obligations <<ramvad>>	ramnad
production-1941-vol1-41chapters	1939	29.9	condtins	bank shall hereafter purchase or loan money <<condtins>>	condtions
production-1941-vol1-41chapters	1939	30.11	eink	or other evidence of indebtedness issued ore <<eink>>	bink|cink|deink|dink|eick|eijk
production-1941-vol1-41chapters	1939	46.9	qrast	as otherwise provided by law every trust <<qrast>> com	erast|quast|rast
production-1941-vol1-41chapters	1941	11.8	travelmg	heads of departments chiefs of divisions assist <<travelmg>>	travelog
production-1941-vol1-41chapters	1942	21.0	araaca	<<araaca>> irrigation district act relating to the manner	araca|arauca
production-1941-vol1-41chapters	1942	31.0	dusinns	<<dusinns>> having only three divisions may petition the	designs
production-1941-vol1-41chapters	1946	34.0	tralof	<<tralof>> facts at the time appointed a trial	tralon
production-1941-vol1-41chapters	1947	1.12	ilenc	any depositions taken in accord and ev <<ilenc>>	ileac|ilec|ilena|ilene
production-1941-vol1-41chapters	1947	8.0	ctiapter	<<ctiapter>>	chapter
production-1941-vol1-41chapters	1949	22.9	pepositions	order for personal appearance is not made <<pepositions>>	depositions|prepositions|repositions
production-1941-vol1-41chapters	1951	13.0	citapter	<<citapter>>	chapter
production-1941-vol1-41chapters	1952	22.5	neclon	stats in act to add <<neclon>> and sections to	nealon|necron
production-1941-vol1-41chapters	1952	34.0	cecupancy	<<cecupancy>> habitation or designed or intended for such	occupancy
production-1941-vol1-41chapters	1953	7.8	nusanees	building which has become unfit for human <<nusanees>>	nuisances
production-1941-vol1-41chapters	1954	5.0	mamerof	<<mamerof>> the notices required in section shall be	cameron
production-1941-vol1-41chapters	1954	37.4	svteh	and show cause why <<svteh>> building should not be condemned	steh
production-1941-vol1-41chapters	1955	15.10	amdavit	employee of the enforcement agency giving such <<amdavit>>	davit
production-1941-vol1-41chapters	1956	31.0	toabate	<<toabate>> resolution declaring any building a nuisance the	abate
production-1941-vol1-41chapters	1956	44.0	saleot	<<saleot>> the building materials contained in such building	salet
production-1941-vol1-41chapters	1959	7.9	dmenica	of publications by the department of motor <<dmenica>>	domenica
production-1941-vol1-41chapters	1959	14.9	utuin	the vehicle code and synopsis a dist <<utuin>>	tuin|utkin|uturn
production-1941-vol1-41chapters	1965	8.9	aualif	the board shall only be appointed from <<aualif>>	qualif|qualify
production-1941-vol1-41chapters	1969	18.9	menea	a legislative counsel bureau and making an <<menea>>	aenea|enea|genea|manea|medea|meena
production-1941-vol1-41chapters	1970	2.0	siknes	<<siknes>> see the salary of the legislative counsel	signes|sikes|sines|sinnes
production-1941-vol1-41chapters	1970	24.0	retuabil	<<retuabil>> state treasury not otherwise appropriated for each	retail
production-1941-vol1-41chapters	1971	6.9	appiopre	is hereby appropriated out of any money <<appiopre>>	appropre
production-1941-vol1-41chapters	1971	22.9	appropn	is hereby appropriated out of any money <<appropn>>	approp|approve
production-1941-vol1-41chapters	1972	2.5	itaposition	at the golden gate international <<itaposition>> to be held in	imposition
production-1941-vol1-41chapters	1973	0.8	abolitim	the california commission for the golden gate <<abolitim>> ol	abolition
production-1941-vol1-41chapters	1974	42.0	torsee	<<torsee>> pencered to such department officer board or	forsee|three|torse|torsel|torsen|tosee
production-1941-vol1-41chapters	1974	42.1	pencered	torsee <<pencered>> to such department officer board or commission	pincered
production-1941-vol1-41chapters	1975	15.10	troiter	and d under the provisions hereof shall <<troiter>>	triter|trotter|trouter
production-1941-vol1-41chapters	1976	23.0	ineffecte	<<ineffecte>> approved by governor june filed with secretary	ineffective
production-1941-vol1-41chapters	1981	1.9	heawme	hearing the board shall hear all pertinent <<heawme>>	heaume
production-1941-vol1-41chapters	1981	5.9	pecisin	hearing is concluded and the matter submitted <<pecisin>>	decision
production-1941-vol1-41chapters	1984	24.0	yersonation	<<yersonation>> personating an architect or former architect of	personation
production-1941-vol1-41chapters	1985	32.11	vemele	on order of the controller be disbursed <<vemele>>	jemele|semele
production-1941-vol1-41chapters	1986	32.1	iuray	t <<iuray>> ferred to the general fund and set	auray|imray|iray|iura|luray|muray
production-1941-vol1-41chapters	1987	36.8	mriei	tar act of relating to inheritance taxa <<mriei>>	miei|mirei
production-1941-vol1-41chapters	1989	47.2	snecession	a legacy <<snecession>> or death ax in respect of intangible	secession
production-1941-vol1-41chapters	1989	49.8	jeeaey	or country but did not impose a <<jeeaey>> or succession tax	jersey
production-1941-vol1-41chapters	1990	28.0	incumbranee	<<incumbranee>> arty to the beneficial enjoyment or possession	incumbrance
production-1941-vol1-41chapters	1990	31.0	bratice	<<bratice>> thereon nor on account of any contingency	brattice|practice|pratice
production-1941-vol1-41chapters	1993	7.11	imted	shall for the purposes of this act <<imted>>	imbed|imed|immed|inted|isted|ited
production-1941-vol1-41chapters	1993	28.0	paicl	<<paicl>> or payable to the annuitant or life	paice|pail
production-1941-vol1-41chapters	1993	31.11	compromve	a claim is made that the decedent <<compromve>>	compromise
production-1941-vol1-41chapters	1993	34.10	heslre	in said estates subject to the approval <<heslre>>	hesler
production-1941-vol1-41chapters	1993	42.0	tributive	<<tributive>> share thereof from which any such tax	tribute
production-1941-vol1-41chapters	1994	3.10	jimita	of the inheritance tax there is no <<jimita>>	imita
production-1941-vol1-41chapters	1994	10.0	dedueto	<<dedueto>> s superior court that deductions for debts	deduct
production-1941-vol1-41chapters	1997	0.0	baiure	<<baiure>> to comply with the provisions of his	baire|baure
production-1941-vol1-41chapters	1997	15.9	determming	it shall appear to the superior court <<determming>>	determing
production-1941-vol1-41chapters	1997	16.10	taxabrlaty	the state controller that any transfer has <<taxabrlaty>>	taxability
production-1941-vol1-41chapters	1998	47.0	actonto	<<actonto>> actions may be brought against the state	antonio
production-1941-vol1-41chapters	1998	48.0	fuet	<<fuet>> ttle ested person for the purpose of	buet|duet|feet|fet|fiet|flet
production-1941-vol1-41chapters	1998	49.0	ertv	<<ertv>> against the lien or claim of lien	crtv|drtv|edtv|erev|ert|erta
production-1941-vol1-41chapters	1999	49.9	armusal	appraisal of any property for which appraisal <<armusal>>	arousal
production-1941-vol1-41chapters	2000	44.0	vyaurd	<<vyaurd>> retain on all taxes paid and accounted	yard
production-1941-vol1-41chapters	2008	19.0	recordand	<<recordand>> sec unless a person liable for a	recordant
production-1941-vol1-41chapters	2013	1.9	appropn	is hereby appropriated from any money in <<appropn>>	approp|approve
production-1941-vol1-41chapters	2015	16.8	leense	expressly providing for the payment of all <<leense>> taxes	leese|lense
production-1941-vol1-41chapters	2016	10.0	payety	<<payety>> his license tax in weekly installments as	gayety|payeny|payet
production-1941-vol1-41chapters	2016	45.0	saleor	<<saleor>> sale or transfer such notice shall give	saler|salvor
production-1941-vol1-41chapters	2017	28.0	leeted	<<leeted>> under the provisions of this section shall	fleeted|leered|leete|sleeted|yeeted
production-1941-vol1-41chapters	2018	3.0	eord	<<eord>> record in such form as the state	bord|cord|eard|ebrd|eobd|eod
production-1941-vol1-41chapters	2019	34.8	inotor	for the purposes of this act all <<inotor>> vehicle fuel what fuel	inator
production-1941-vol1-41chapters	2020	39.1	uabort	cer <<uabort>> in support of any exemption from license	abort
production-1941-vol1-41chapters	2022	37.0	psti	<<psti>> distribution includes any of the following	asti|esti|isti|msti|osti|pasti
production-1941-vol1-41chapters	2024	3.1	dueer	hens <<dueer>> s or broker s license	deer|duder|dueler|duer|duerr|dufer
production-1941-vol1-41chapters	2025	30.11	tavtey	as it provides for a tax levy <<tavtey>>	tastey
production-1941-vol1-41chapters	2027	18.9	smenaed	to the appointment of guardians of insane <<smenaed>>	amended
production-1941-vol1-41chapters	2030	14.0	ewiration	<<ewiration>> storage meat all such licenses shall expire	eviration|expiration
production-1941-vol1-41chapters	2036	5.0	vieaeg	<<vieaeg>> code relating to civil actions or claims	vieweg
production-1941-vol1-41chapters	2036	24.0	sousy	<<sousy>> officer or employee of the department or	bousy|cousy|housy|lousy|mousy|sonsy
production-1941-vol1-41chapters	2037	19.11	smenied	the sale of meat fish and poultry <<smenied>>	amended
production-1941-vol1-41chapters	2037	26.10	saleby	unlawful for any person to sell or <<saleby>>	salesy|saley
production-1941-vol1-41chapters	2038	23.0	anonted	<<anonted>> ing to artificial coloring of meat products	adopted|anointed
production-1941-vol1-41chapters	2044	16.0	riective	<<riective>> seo this act shall take effect at	receive
production-1941-vol1-41chapters	2047	13.9	ofsets	of payment in making a determination hereunder <<ofsets>>	offsets|onsets
production-1941-vol1-41chapters	2049	6.12	tucl	for any person to place or gang <<tucl>>	cucl|nucl|tcl|tual|tuc|tuca
production-1941-vol1-41chapters	2051	23.10	opentne	of article iv of the constitution take <<opentne>>	opening
production-1941-vol1-41chapters	2054	31.0	comty	<<comty>> relief see the relief commission and relief	cmty|coaty|comay|comby|comey|comfy
production-1941-vol1-41chapters	2055	18.8	athertising	advertising of the medical business in connec <<athertising>>	advertising
production-1941-vol1-41chapters	2055	24.11	amendert	third parly under a policy of insurance <<amendert>>	amender
production-1941-vol1-41chapters	2056	8.0	executionof	<<executionof>> e the claimant shall prepare such an	execution
production-1941-vol1-41chapters	2057	33.11	urcenev	hereby declared to be an urgency meas <<urcenev>>	urgenev
production-1941-vol1-41chapters	2059	25.13	urtler	at the sale may also unless ihrect <<urtler>>	further|turtler
production-1941-vol1-41chapters	2059	33.10	amemied	to the parole and discharge of sexual <<amemied>>	amended
production-1941-vol1-41chapters	2062	9.0	sxml	<<sxml>> psvchopathy the person before the court upon	saml|sfml|sgml|sml|sxl|sxm
production-1941-vol1-41chapters	2062	10.0	myehopathy	<<myehopathy>> eon vietion is found not to be	myelopathy
production-1941-vol1-41chapters	2062	10.2	vietion	myehopathy eon <<vietion>> is found not to be a sexual	viation
production-1941-vol1-41chapters	2065	38.10	ueenn	is hereby declared to be an urgency <<ueenn>>	been|upenn
production-1941-vol1-41chapters	2066	15.0	saleby	<<saleby>> sec in accordance with rules and regulations	salesy|saley
production-1941-vol1-41chapters	2067	42.9	sertin	is hereby added to the revenue xes <<sertin>>	bertin|sartin|section|serbin|serin|serkin
production-1941-vol1-41chapters	2070	19.0	fimended	<<fimended>> prisons and prisoners	amended
production-1941-vol1-41chapters	2070	26.0	criapter	<<criapter>> exsiployyment of prisoners	chapter
production-1941-vol1-41chapters	2070	33.0	saleot	<<saleot>> jt shall be unlawful for any person	salet
production-1941-vol1-41chapters	2071	16.10	pusoners	authority to provide for assisting paroled prisoners <<pusoners>>	prisoners
production-1941-vol1-41chapters	2072	1.0	hsane	<<hsane>> insane prisoners in the state prisons shall	hane|hsan|sane|shane
production-1941-vol1-41chapters	2074	8.4	confiseatory	tries or taken by <<confiseatory>> taxes for war uses likewise	confiscatory
production-1941-vol1-41chapters	2075	23.10	weremr	to promote the stability of sugar pine <<weremr>>	were
production-1941-vol1-41chapters	2077	19.8	dispositx	income after payment of expenses properly charge <<dispositx>>	disposing
production-1941-vol1-41chapters	2077	43.0	pavable	<<pavable>> otherwise than in such shares including ordinary	lavable|pacable|papable|parable|payable|savable
production-1941-vol1-41chapters	2078	0.0	subserip	<<subserip>> ton al rights to subscribe to the	subserve
production-1941-vol1-41chapters	2078	30.0	amidend	<<amidend>> accrues to the person who is entitled	amend
production-1941-vol1-41chapters	2081	39.10	worteas	anv part of the principal in posses <<worteas>>	workers
production-1941-vol1-41chapters	2083	3.7	ewenes	sec all ordinary expenses incurred in connection <<ewenes>>	egenes|ewens
production-1941-vol1-41chapters	2084	19.0	cilapter	<<cilapter>>	chapter
production-1941-vol1-41chapters	2086	10.0	ncuime	<<ncuime>> highways granted to it by jaws the	crime
production-1941-vol1-41chapters	2087	12.9	retnn	regulating the method of appointment and terms <<retnn>> to	renn|retan|retin|retna|retno|reton
production-1941-vol1-41chapters	2087	38.10	consutu	provision of this act or the application <<consutu>>	consult|consute
production-1941-vol1-41chapters	2088	10.0	athnd	<<athnd>> mw in an elementary school district and	amend
production-1941-vol1-41chapters	2091	39.9	ewenn	funds received by the state of california <<ewenn>> ture	ewen|ewens|gwenn|wenn
production-1941-vol1-41chapters	2092	2.0	uryeny	<<uryeny>> suc this act is hereby declared to	urgency
production-1941-vol1-41chapters	2092	23.1	heense	dog <<heense>> tags by counties and the disposition of	heene|heese|hense
production-1941-vol1-41chapters	2093	39.12	salanes	virtue of their office the following sums <<salanes>>	galanes|salines|sealanes|silanes|slanes
production-1941-vol1-41chapters	2094	11.5	durmg	to ve allowed but once <<durmg>> each session such jurors are	durag|durg|durig|durm|durng
production-1941-vol1-41chapters	2095	11.12	restauauts	or to serve to patrons guests boarders <<restauauts>>	restaurants
production-1941-vol1-41chapters	2095	13.0	veyance	<<veyance>> or boarding house or public or private	voyance
production-1941-vol1-41chapters	2095	21.8	rwort	substitutes or imitations of butter and substitutes <<rwort>>	rort|rport|wort
production-1941-vol1-41chapters	2096	9.0	cttapter	<<cttapter>>	chapter
production-1941-vol1-41chapters	2100	25.0	ceten	<<ceten>> er act any person who is licensed	caten|ceren|cete|cetene|cetin|ceven
production-1941-vol1-41chapters	2104	6.1	hodoi	p <<hodoi>> code relating to the liability to the	hodi|hodo|hodor|hodos|hooi|hosoi
production-1941-vol1-41chapters	2104	26.0	saleot	<<saleot>> if at any time there is not	salet
production-1941-vol1-41chapters	2104	27.0	veverty	<<veverty>> the estate of a committed person to	severty
production-1941-vol1-41chapters	2105	40.0	rectiona	<<rectiona>> schools and the home and workshops of	rection
production-1941-vol1-41chapters	2106	25.0	appomtment	<<appomtment>> tions for placement in any designated state	appointment
production-1941-vol1-41chapters	2107	28.9	safekeepm	appears that a patient confined in a <<safekeepm>>	safekeep
production-1941-vol1-41chapters	2107	29.10	prgeer	personal property of a value which would <<prgeer>>	proper
production-1941-vol1-41chapters	2109	30.10	omecrs	amount due under the provisions of section <<omecrs>>	omers
production-1941-vol1-41chapters	2110	15.0	sernce	<<sernce>> service of the united states of america	seance|sence|servce
production-1941-vol1-41chapters	2112	7.0	aiately	<<aiately>>	acutely
production-1941-vol1-41chapters	2112	15.0	sericee	<<sericee>> united states of america or of the	sericea
production-1941-vol1-41chapters	2121	15.11	issuec	seasonal businesses shall be issued on tenses <<issuec>>	issue|issued|issuer|issues
production-1941-vol1-41chapters	2121	32.10	idamt	so paid such license is automatically suspended <<idamt>>	idam|idant
production-1941-vol1-41chapters	2123	18.8	membersinp	authority shall consist of three members who <<membersinp>>	membership
production-1941-vol1-41chapters	2126	6.0	ofenler	<<ofenler>> state a person has been convicted of	offender
production-1941-vol1-41chapters	2127	22.10	deentwa	order him conveyed forthwith to some place <<deentwa>>	dementia
production-1941-vol1-41chapters	2128	42.5	vouths	conditions in the community affecting <<vouths>>	mouths|souths|youths
production-1941-vol1-41chapters	2131	0.7	pubhe	given full liberty without danger to the <<pubhe>>	dubhe|pube|puhe
production-1941-vol1-41chapters	2131	26.9	correetive	means of correcting the socially harmful tendencies <<correetive>>	corrective
production-1941-vol1-41chapters	2134	41.0	eent	<<eent>>	bent|cent|dent|eant|een|eena
production-1941-vol1-41chapters	2136	32.0	delinquen	<<delinquen>> period commencing on or after january shall	delinquent
production-1941-vol1-41chapters	2139	12.8	ppropr	the sum of five hundred thousand dollars <<ppropr>>	proper
production-1941-vol1-41chapters	2140	1.0	anewes	<<anewes>> to the division of exhibits in the	anees|aneles|newes
production-1941-vol1-41chapters	2140	2.5	ihled	infect approved by governor july <<ihled>> with secretary of state	idled|ihle|illed
production-1941-vol1-41chapters	2142	1.4	incdemnities	amended lo bovine tuberculosis <<incdemnities>>	indemnities
production-1941-vol1-41chapters	2146	19.0	retenuon	<<retenuon>> elementary school districts uniting to form a	retention
production-1941-vol1-41chapters	2146	31.0	explence	<<explence>> inion or joint union elementary school district	expence|expense
production-1941-vol1-41chapters	2147	23.10	lownty	be granted on the grounds of incurable <<lownty>>	county|lowney|lownly
production-1941-vol1-41chapters	2147	34.12	espus	obligation imposed by law as a m <<espus>>	esopus|espns|esps|espys|estus|esus
production-1941-vol1-41chapters	2149	35.9	tuiare	of the thirteenth class the following shall <<tuiare>>	tiare|tulare
production-1941-vol1-41chapters	2159	38.0	comnuitation	<<comnuitation>> through compromise or otherwise of such benefits	computation
production-1941-vol1-41chapters	2160	2.0	uonlaws	<<uonlaws>> which are payable for time during which	unlaw
production-1941-vol1-41chapters	2164	16.0	surpluser	<<surpluser>> provisions for the establishment of surplus or	surplused|surpluses
production-1941-vol1-41chapters	2164	35.0	onoton	<<onoton>> and sales promotion to create new or	noton|onton
production-1941-vol1-41chapters	2168	46.0	marneuing	<<marneuing>> directly affecting handlers issued pursuant io this	marketing
production-1941-vol1-41chapters	2170	35.0	priave	<<priave>> findings have been made by the director	piave|prive
production-1941-vol1-41chapters	2174	29.0	remburse	<<remburse>> tbe director may reimburse the applicant in	reimburse
production-1941-vol1-41chapters	2177	41.8	consutan	regents of the university of california shall <<consutan>>	constan
production-1941-vol1-41chapters	2179	2.10	tendeut	be a person with the same qualifications <<tendeut>>	tendent
production-1941-vol1-41chapters	2180	10.0	debtedness	<<debtedness>> tract shall have no power to incur	indebtedness
production-1941-vol1-41chapters	2182	41.0	lowmg	<<lowmg>> revenue producing enterprises or a combination	lomg
production-1941-vol1-41chapters	2188	25.0	lienon	<<lienon>> be secured by a first direct and	lenon|lienor|lignon|liknon|linon
production-1941-vol1-41chapters	2192	41.1	suminaary	annual <<suminaary>> statement showing the amount of gross revenue	seminary
production-1941-vol1-41chapters	2193	6.10	freure	body of any municipality shall have power <<freure>> bond	fleure|freire|frere|freude|freyre
production-1941-vol1-41chapters	2196	19.9	aceru	retire such outstanding bonds and the interest <<aceru>>	acer|acerb|acero|acers|aperu
production-1941-vol1-41chapters	2197	36.0	aght	<<aght>> manner of	acht|agat|agh|agha|aghh|agit
production-1941-vol1-41chapters	2198	33.0	distnet	<<distnet>> hb the district attorney three thousand six	distent
production-1941-vol1-41chapters	2199	37.11	spcel	the effective date of this act and <<spcel>> mn	sicel|spce|spcl|speel|spel|spiel
production-1941-vol1-41chapters	2200	12.0	arerni	<<arerni>> to the leasing of real property belonging	arverni
production-1941-vol1-41chapters	2204	17.0	inerdental	<<inerdental>> nothing contained in this section shall prohibit	incidental|interdental
production-1941-vol1-41chapters	2204	45.0	emvplovee	<<emvplovee>>	employee
production-1941-vol1-41chapters	2209	33.13	avements	schools of this state shall in addi <<avements>>	averments|pavements
production-1941-vol1-41chapters	2214	17.0	dstret	<<dstret>> the district attorney five thousand dollars per	stret
production-1941-vol1-41chapters	2214	33.0	jurcs	<<jurcs>> the fees for jurors in counties of	juras|jurco|juris|jurs|jurus|jurys
production-1941-vol1-41chapters	2216	1.0	commsson	<<commsson>> ary person except a fish and game	commston
production-1941-vol1-41chapters	2216	2.1	eeeta	oi <<eeeta>> person employed in the division of fish	geeta|jeeta|leeta|meeta|neeta|peeta
production-1941-vol1-41chapters	2216	7.1	sretion	new <<sretion>> sec section is hereby added to said	cretion
production-1941-vol1-41chapters	2218	11.0	intereston	<<intereston>> in any judgement interest shall be allowed	interestin
production-1941-vol1-41chapters	2219	17.1	itigation	eae <<itigation>>	litigation|mitigation
production-1941-vol1-41chapters	2219	42.10	penent	hereby added to said act to read <<penent>>	pendent|penet|pennet|perent|ponent|tenent
production-1941-vol1-41chapters	2221	14.9	inaecu	the particulars in which the application is <<inaecu>>	insect
production-1941-vol1-41chapters	2223	2.5	refrigcrants	to said code relating to <<refrigcrants>> refrigerators and	refrigerants
production-1941-vol1-41chapters	2224	4.9	inelu	rates not exceeding per centum per month <<inelu>>	inclu|inel|influ|nelu
production-1941-vol1-41chapters	2226	11.0	franeiseo	<<franeiseo>> tions for fair purposes there is hereby	francisco
production-1941-vol1-41chapters	2226	12.2	byncred	sin mateo <<byncred>> thousand dollars to agricultural district	bunched
production-1941-vol1-41chapters	2227	1.0	craptrr	<<craptrr>> ust or country assessor s roin	chapter
production-1941-vol1-41chapters	2227	26.0	trict	<<trict>> board shall fix the rate of taxation	strict|tract|triact|tric|trica|trice
production-1941-vol1-41chapters	2232	17.0	ndemore	<<ndemore>> under the jaw entitled to a final	demore|demote
production-1941-vol1-41chapters	2233	17.0	annuni	<<annuni>>	annual|annuli
production-1941-vol1-41chapters	2234	1.0	apendted	<<apendted>> harbors and navigation code relating to boards	amended
production-1941-vol1-41chapters	2236	4.1	srorion	stats <<srorion>> j section a of the political code	erosion
production-1941-vol1-41chapters	2236	30.1	srorion	stats <<srorion>> section of the fish and game code	erosion
production-1941-vol1-41chapters	2238	35.0	astriets	<<astriets>> district it is unlawful to take fish	streets
production-1941-vol1-41chapters	2240	7.0	disquallf	<<disquallf>> every state department office board commission or	disqualify
production-1941-vol1-41chapters	2240	8.0	pubbe	<<pubbe>> dureau including the regents of the university	bubbe|jubbe|lubbe|pubbed|pubble|pube
production-1941-vol1-41chapters	2242	41.1	lampara	a <<lampara>> or round haul type net with cotton	lampard
production-1941-vol1-41chapters	2244	17.0	areui	<<areui>>	areus|arui
production-1941-vol1-41chapters	2246	8.0	kamth	<<kamth>> in klamath river district above tidewater salmon	kamath|kamph|kanth|karth|kath
production-1941-vol1-41chapters	2246	10.0	hidewtter	<<hidewtter>> december st the bag limit is two	tidewater
production-1941-vol1-41chapters	2249	21.10	subserib	of the corporation or proved by a <<subserib>>	subscribe
production-1941-vol1-41chapters	2249	24.10	agiecments	of this chapter j such instrument is <<agiecments>>	agreements
production-1941-vol1-41chapters	2251	5.4	redneed	ment but shall be <<redneed>> to junk and sold by the department	redeed|redweed
production-1941-vol1-41chapters	2252	28.0	hearmé	<<hearmé>> therefor shall be served by united states	hermé
production-1941-vol1-41chapters	2253	2.12	jimate	for the insane he shall first be <<jimate>> of	rimate
production-1941-vol1-41chapters	2256	14.0	spurand	<<spurand>> qq the driver of any motor vehicle	strand
production-1941-vol1-41chapters	2256	15.0	mdustr	<<mdustr>> hire need not stop unless a railway	must
production-1941-vol1-41chapters	2257	14.5	automohil	automobile wrecker automobile wrecker means <<automohil>>	automobil|automobile
production-1941-vol1-41chapters	2258	8.0	tiansferof	<<tiansferof>> transfer of vehicle on application for certificate	transferor
production-1941-vol1-41chapters	2260	3.0	failureto	<<failureto>> fees payable upon failure to surrender required	failure
production-1941-vol1-41chapters	2261	9.9	conieemn	is to be condemned by a county <<conieemn>>	condemn
production-1941-vol1-41chapters	2262	1.0	semeles	<<semeles>> motor vehicle which js drawing or towing	semele
production-1941-vol1-41chapters	2262	14.0	caraans	<<caraans>> operation of vehicles in caravan motor vehicles	caravans|carians
production-1941-vol1-41chapters	2262	39.0	pistnb	<<pistnb>> distributor means any person whether or not	pistol
production-1941-vol1-41chapters	2263	7.8	yunuru	means any person engaged in the business <<yunuru>>	yuzuru
production-1941-vol1-41chapters	2265	32.0	ciiapter	<<ciiapter>>	chapter
production-1941-vol1-41chapters	2266	20.0	chulapter	<<chulapter>>	chapter
production-1941-vol1-41chapters	2268	21.0	conneate	<<conneate>> schools of each county shall certify to	connate|connected
production-1941-vol1-41chapters	2271	25.10	plosment	a status requisite for membership in the <<plosment>>	ployment
production-1941-vol1-41chapters	2272	31.4	openmg	the notice for the <<openmg>> of bids such notice shall dis	openmp|openmw
production-1941-vol1-41chapters	2272	32.0	tinetly	<<tinetly>> and specifically state the work contemplated to	tinety
production-1941-vol1-41chapters	2274	38.0	interestor	<<interestor>> sec for purposes of this act the	interester
production-1941-vol1-41chapters	2276	3.1	ceetun	new <<ceetun>> sec section is hereby added to said	centum
production-1941-vol1-41chapters	2280	35.0	heense	<<heense>> before becoming a distributor shall make an	heene|heese|hense
production-1941-vol1-41chapters	2282	2.0	wuertaken	<<wuertaken>> required by section of this act the	overtaken
production-1941-vol1-41chapters	2282	44.0	finuanee	<<finuanee>> transferable whenever a distributor ceases to engage	finance
production-1941-vol1-41chapters	2284	19.0	lebtors	<<lebtors>> ete	debtors|lectors
production-1941-vol1-41chapters	2287	11.0	cihlapter	<<cihlapter>>	chapter
production-1941-vol1-41chapters	2287	34.10	rreezng	pulp shows staining drying or desiccation dam <<rreezng>>	freezing
production-1941-vol1-41chapters	2288	20.4	mevious	ance or evidence of <<mevious>> water soaking or the presence	devious
production-1941-vol1-41chapters	2289	23.4	stainmg	rial free from serious <<stainmg>> free from serious	stating
production-1941-vol1-41chapters	2291	43.10	mungor	citrus fruit failing to conform to the <<mungor>>	gungor|munger|mungo
production-1941-vol1-41chapters	2292	46.0	bianate	<<bianate>> standard pomegranate box	banate|bialate|binate
production-1941-vol1-41chapters	2294	7.3	jeneth	the total inside <<jeneth>> of the standard one compartment	janeth|keneth
production-1941-vol1-41chapters	2294	25.0	bonably	<<bonably>> this act is for any reason held	bonally|bonaly|sonable
production-1941-vol1-41chapters	2294	40.0	certiiees	<<certiiees>> qualifications is absent from his duties on	certifies
production-1941-vol1-41chapters	2296	26.1	patut	by <<patut>> such employee may be suspended on a	patt|pattu|patu|paut
production-1941-vol1-41chapters	2297	2.0	adultcrating	<<adultcrating>> muslabeling misbranding false advertising	adulterating
production-1941-vol1-41chapters	2297	22.9	erles	nonnutritive article or substance except harmless color <<erles>>	arles|eales|earles|eeles|eles|elles
production-1941-vol1-41chapters	2298	12.0	abmentary	<<abmentary>> h if it be alimentary paste for	mentary
production-1941-vol1-41chapters	2298	24.0	ongnal	<<ongnal>> ing of this chapter provided however that	signal
production-1941-vol1-41chapters	2300	36.0	basesof	<<basesof>> sec ba if the delegation of discretion	bases
production-1941-vol1-41chapters	2300	37.0	prorane	<<prorane>> whether the case ton or man hour	profane|propane|prorate
production-1941-vol1-41chapters	2304	49.0	licer	<<licer>> sees are authorized to sel to other	cicer|dicer|icer|lacer|liber|lice
production-1941-vol1-41chapters	2306	0.1	seijl	ises <<seijl>> to other leensees authorized to sell beer	seidl|seiji|seijo|seil|stijl
production-1941-vol1-41chapters	2309	13.1	gevret	licensee <<gevret>> rebates or secret concessions or give or	gevrey
production-1941-vol1-41chapters	2310	18.1	dortation	rm <<dortation>> from one county to another or delivered	dotation|hortation|sortation
production-1941-vol1-41chapters	2311	18.0	citapter	<<citapter>>	chapter
production-1941-vol1-41chapters	2312	7.0	citapter	<<citapter>>	chapter
production-1941-vol1-41chapters	2313	21.11	pelthon	money claimed is less than three of <<pelthon>>	pelton
production-1941-vol1-41chapters	2315	15.0	citapter	<<citapter>>	chapter
production-1941-vol1-41chapters	2315	17.6	verieg	add sections and to the vehicle <<verieg>>	verier|vering
production-1941-vol1-41chapters	2317	46.6	inercasing	authority to increase mile limit whenever <<inercasing>>	increasing
production-1941-vol1-41chapters	2318	36.1	linnt	set <<linnt>> or residence district unless such district s	lindt|linet|linn|linna|linne|linnet
production-1941-vol1-41chapters	2321	10.6	lamitat	limitations on chattel mortgages the provisions <<lamitat>> ons	habitat|latitat
production-1941-vol1-41chapters	2321	20.0	eellation	<<eellation>> suspension or revocation whenever the depart test	fellation|pellation|relation
production-1941-vol1-41chapters	2322	3.0	creitfor	<<creitfor>> credit for fees paid whenever any registered	creditor
production-1941-vol1-41chapters	2322	30.1	tudiy	of <<tudiy>> roadways of sufficient width a vehicle shall	tudi|tudy
production-1941-vol1-41chapters	2323	10.11	duntd	to drive any vehicle upon any state <<duntd>>	dunod|dunt|dunta
production-1941-vol1-41chapters	2324	18.0	mtomen	<<mtomen>> stopping standing or parking prohibited in speci	momen|tomen
production-1941-vol1-41chapters	2326	8.0	yehucles	<<yehucles>> tae	vehicles
production-1941-vol1-41chapters	2326	26.0	citapter	<<citapter>>	chapter
production-1941-vol1-41chapters	2326	29.4	incluswe	article comprising sections to <<incluswe>>	incluse
production-1941-vol1-41chapters	2327	18.10	citions	officers or employees of public schools or <<citions>>	cations|citrons|coitions
production-1941-vol1-41chapters	2327	24.9	ipor	or eleemosynary character formed by a joie <<ipor>>	apor|ibor|ifor|igor|ihor|impor
production-1941-vol1-41chapters	2327	38.12	sssociatinns	or health of its members and does <<sssociatinns>>	associations
production-1941-vol1-41chapters	2328	39.0	apphieable	<<apphieable>> comply with and the possessor of a	applicable
production-1941-vol1-41chapters	2329	42.9	revocatio	certificate of exemption and the corporation whose <<revocatio>>	revocation
production-1941-vol1-41chapters	2330	3.0	ransact	<<ransact>> ye	ransack|transact
production-1941-vol1-41chapters	2331	2.11	adunces	out of any money on hand to <<adunces>>	dunces
production-1941-vol1-41chapters	2331	8.8	pewet	county or district agricultural association shall deposit <<pewet>> in	bewet|hewet|peet|pelet|penet|peret
production-1941-vol1-41chapters	2333	16.10	commrsion	insurance analyst any commission directly or indirectly <<commrsion>>	commision|commission
production-1941-vol1-41chapters	2335	15.7	fpiration	unless revoked by the commissioner the license <<fpiration>>	spiration
production-1941-vol1-41chapters	2335	40.10	consutu	of the provisions of the insurance code <<consutu>>	consult|consute
production-1941-vol1-41chapters	2336	29.8	habili	over and above the aggregate of all <<habili>>	abili|habibi|habil|habile|habilis|habiri
production-1941-vol1-41chapters	2338	5.0	limtor	<<limtor>> risk policies insuring against the peril of	lictor|limor
production-1941-vol1-41chapters	2338	26.1	pesites	tor <<pesites>> a policy of insurance shall not be	mesites|petites
production-1941-vol1-41chapters	2339	40.10	requste	shall not issue any policy of auto <<requste>>	requite|requote
production-1941-vol1-41chapters	2342	6.0	psaed	<<psaed>> section no state owned college university or	paed|pased|praed|saed
production-1941-vol1-41chapters	2342	24.0	areney	<<areney>> relating to the protection of buildings against	adeney|arene|arenes|arney|freney|reney
production-1941-vol1-41chapters	2342	31.0	hozontal	<<hozontal>> every building of any character except a	horizontal
production-1941-vol1-41chapters	2343	26.0	citapter	<<citapter>>	chapter
production-1941-vol1-41chapters	2344	26.0	corverated	<<corverated>> nee in that section to section of	converted
production-1941-vol1-41chapters	2344	37.0	thiete	<<thiete>> county then if any of the lands	thete|thiede|thiele|thieme|thiet|thieve
production-1941-vol1-41chapters	2345	7.3	tmder	vided however that <<tmder>> such alternative the work may be	tider|toder|tuder
production-1941-vol1-41chapters	2345	25.9	roimel	before any ordinance or resolution of intention <<roimel>>	romel|rommel
production-1941-vol1-41chapters	2346	43.0	oreost	<<oreost>> oost of lands rights of way and	orbost|oreos|orest
production-1941-vol1-41chapters	2346	45.0	dugram	<<dugram>> of a diagram showing the assessment district	digram
production-1941-vol1-41chapters	2347	16.11	consdea	of the report provided for in see <<consdea>>	consider
production-1941-vol1-41chapters	2348	7.0	omincent	<<omincent>> shall ever be held invalid for failure	eminent
production-1941-vol1-41chapters	2348	41.0	mayonty	<<mayonty>> may protests so filed with him if	masonry
production-1941-vol1-41chapters	2350	2.0	elnquency	<<elnquency>> thereupon for all assessments unpaid for which	delinquency
production-1941-vol1-41chapters	2351	40.11	amaant	deed will be made the person applying <<amaant>>	amaan|amanat|amant|amarant|amount
production-1941-vol1-41chapters	2354	33.0	tinof	<<tinof>> see every special assessment levied under this	tino|tinos
production-1941-vol1-41chapters	2355	46.8	defntion	the following words and phrases shall where <<defntion>>	defintion|dention
production-1941-vol1-41chapters	2358	23.0	mpthaie	<<mpthaie>> irrigation district improvement districts fire districts fire	methane
production-1941-vol1-41chapters	2365	18.9	orctim	is hereby added to the health neu <<orctim>>	victim
production-1941-vol1-41chapters	2366	7.0	tinof	<<tinof>> no assessment or bond hereafter levied or	tino|tinos
production-1941-vol1-41chapters	2366	8.0	aovessment	<<aovessment>>	assessment
production-1941-vol1-41chapters	2366	9.0	ortond	<<ortond>> become a lien and no person shall	ormond|orton|ortona
production-1941-vol1-41chapters	2366	26.0	andmante	<<andmante>> declaring ifs intention to order work done	andante|animate
production-1941-vol1-41chapters	2371	18.0	citapter	<<citapter>>	chapter
production-1941-vol1-41chapters	2372	1.0	amemted	<<amemted>> tnelustve to chapter of division of the	amended
production-1941-vol1-41chapters	2373	24.0	ciiapter	<<ciiapter>>	chapter
production-1941-vol1-41chapters	2373	26.8	irhcq	for the incorporation of public utility districts <<irhcq>>	iraq
production-1941-vol1-41chapters	2382	33.0	tansenpt	<<tansenpt>> fed with the court by the reporter	tangent
production-1941-vol1-41chapters	2383	16.12	ineor	trial as thev then desire to have <<ineor>>	incor|ineos|iner|infor|inor
production-1941-vol1-41chapters	2384	6.0	pilmg	<<pilmg>> sec nothing contained in this act shall	picmg|pilm|pilmy|pilot
production-1941-vol1-41chapters	2384	14.9	anstt	or exchange of surplus products between public <<anstt>>	anett|ansett|ansto|ansty
production-1941-vol1-41chapters	2385	34.9	oectin	shall be degraded or the milk therefrom <<oectin>> o	lectin|pectin
production-1941-vol1-41chapters	2388	14.0	uneny	<<uneny>> szc this act is hereby declared to	deny|neny|unen|unny
production-1941-vol1-41chapters	2390	33.0	autoand	<<autoand>> auto and trailer camp as used in	autoland
production-1941-vol1-41chapters	2391	11.10	nusance	court and resort or auto and trailer <<nusance>>	nuance|nuisance|usance
production-1941-vol1-41chapters	2392	16.0	ororder	<<ororder>> sy auto court and resort or auto	order
production-1941-vol1-41chapters	2393	16.7	umce	within days after the application descriptions i <<umce>>	mce|uce|umc|ume|umme|unce
production-1941-vol1-41chapters	2393	34.7	pemus	permits for construction and operation shall be <<pemus>>	bemus|demus|emus|hemus|lemus|pems
production-1941-vol1-41chapters	2394	10.0	stoppase	<<stoppase>> all wooden stud walls and partitions shall	stoppage
production-1941-vol1-41chapters	2394	17.0	pluor	<<pluor>> yorsla no floor joist or other bearing	fluor|ploor|plur
production-1941-vol1-41chapters	2394	41.0	jusure	<<jusure>> ample ventilation	fusure|usure
production-1941-vol1-41chapters	2395	33.8	measnremen	required by this article may be measured <<measnremen>>	measurement
production-1941-vol1-41chapters	2396	8.6	wpvn	opening all required windows shall abut <<wpvn>> a street or	pvn|whvn|wpen|wpn|wpvi|wsvn
production-1941-vol1-41chapters	2396	25.1	eloet	water <<eloet>> one water closet for each sex shall	elet|ellet|elmet|elote|elvet
production-1941-vol1-41chapters	2397	0.1	supphed	sink <<supphed>> with running water	supped
production-1941-vol1-41chapters	2397	1.10	fomection	other opening in a water closet compart <<fomection>>	flection
production-1941-vol1-41chapters	2397	4.10	ransant	in an auto court and resort every <<ransant>>	dansant|rasant|transact|vansant
production-1941-vol1-41chapters	2397	8.9	cessnoels	is impracticable to connect the plumbing fix <<cessnoels>>	cesspools
production-1941-vol1-41chapters	2397	43.2	enbic	at least <<enbic>> feet of air snare	ebic|enic|enric
production-1941-vol1-41chapters	2399	1.11	overment	camp over night or to park a <<overment>>	averment|goverment|overmelt|overrent
production-1941-vol1-41chapters	2399	33.11	touet	any person to use or permit the <<touet>> in	jouet|toget|tonet|toupet|tout|toute
production-1941-vol1-41chapters	2400	22.0	cesspoolsor	<<cesspoolsor>> if it is impracticable to connect the	cesspools
production-1941-vol1-41chapters	2401	20.9	reentn	who owns or operates an auto court <<reentn>>	reenen
production-1941-vol1-41chapters	2402	6.0	cilapter	<<cilapter>>	chapter
production-1941-vol1-41chapters	2404	2.0	eketon	<<eketon>> sec the board of commissioners shall days	keeton
production-1941-vol1-41chapters	2404	11.0	flecum	<<flecum>> date src immediately after the organization of	tecum
production-1941-vol1-41chapters	2404	40.0	buldng	<<buldng>> src the district may construct any buildings	building|buildng|bulding
production-1941-vol1-41chapters	2405	38.8	eteetion	the election shall be called conducted deter <<eteetion>>	election
production-1941-vol1-41chapters	2405	43.8	vitating	no informalities in the calling conduct determination <<vitating>>	vitiating
production-1941-vol1-41chapters	2406	14.0	andoper	<<andoper>> or before the twentieth day of july	andover
production-1941-vol1-41chapters	2407	31.9	appertaon	apportion to each high school district on <<appertaon>>	appertain
production-1941-vol1-41chapters	2411	3.0	ludl	<<ludl>>	audl|hudl|ldl|lidl|lodl|lual
production-1941-vol1-41chapters	2411	20.8	suduor	county auditor three thousand six hundred dol <<suduor>>	sudor
production-1941-vol1-41chapters	2411	26.7	prtnet	the district attorney four thousand eight hundred <<prtnet>>	artnet
production-1941-vol1-41chapters	2413	16.0	cilapter	<<cilapter>>	chapter
production-1941-vol1-41chapters	2418	44.0	pwision	<<pwision>> of whenever a municipal court is established	poision|prision
production-1941-vol1-41chapters	2419	34.9	uropody	practice chiropody as used in this chapter <<uropody>>	urology|uropod|uropods
production-1941-vol1-41chapters	2420	6.0	physiean	<<physiean>> as used in this division the terms	physican
production-1941-vol1-41chapters	2424	1.0	asendence	<<asendence>> hich any part of the acreage of	ascendence|sentence
production-1941-vol1-41chapters	2425	30.8	concluswe	findings are conclusive evidence of the existence <<concluswe>>	conclusive
production-1941-vol1-41chapters	2427	30.13	tyic	two weeks in a daily or semiweekly <<tyic>>	pyic|thic|tic|tric|twic|tyc
production-1941-vol1-41chapters	2429	7.0	tutmg	<<tutmg>> county	tute
production-1941-vol1-41chapters	2429	8.1	bonps	cuartter <<bonps>>	bonas|bonds|bones|bongs|bonis|bonks
production-1941-vol1-41chapters	2429	10.8	resomtion	governing board shall pass a resolution provid <<resomtion>>	resolution
production-1941-vol1-41chapters	2430	27.0	offunds	<<offunds>> portion of the acreage of the district	offends
production-1941-vol1-41chapters	2432	4.0	corttol	<<corttol>> nav also be turned over to the	control
production-1941-vol1-41chapters	2433	43.7	pistnet	the district attorney five thousand dollars per <<pistnet>>	postnet
production-1941-vol1-41chapters	2434	8.0	juos	<<juos>> for acting as a grand juror in	duos|jcos|joos|jos|jugs|junos
production-1941-vol1-41chapters	2435	8.9	jitense	following fish and mollusks only tuna yellowtail <<jitense>>	license
production-1941-vol1-41chapters	2435	12.2	spotfin	yellowfin croaker <<spotfin>> croaker salmon steelhead and other	spotting
production-1941-vol1-41chapters	2436	36.0	pnended	<<pnended>> code relating to the transfer of inmates	pended|unended
production-1941-vol1-41chapters	2436	43.0	transferon	<<transferon>> inmates may be transferred to a like	transferor
production-1941-vol1-41chapters	2438	4.0	ciiapter	<<ciiapter>>	chapter
production-1941-vol1-41chapters	2438	17.0	cilapter	<<cilapter>>	chapter
production-1941-vol1-41chapters	2440	11.0	extramora	<<extramora>> department of institutions	extramoral
production-1941-vol1-41chapters	2441	2.4	pnended	relating to nongame birds <<pnended>>	pended|unended
production-1941-vol1-41chapters	2442	17.0	dutret	<<dutret>> h district h the following shall constitute	duret|duties
production-1941-vol1-41chapters	2446	3.0	adaets	<<adaets>> narcotics or other drugs a it is	adaes|adapts|adats
production-1941-vol1-41chapters	2447	16.9	tricenses	upon receipt of a duly certified abstract <<tricenses>>	licenses|tricepses
production-1941-vol1-41chapters	2449	13.0	comunission	<<comunission>>	commission
production-1941-vol1-41chapters	2450	12.0	werchouse	<<werchouse>> i warehouse where a warehouse receipt has	warehouse
production-1941-vol1-41chapters	2450	29.0	buudine	<<buudine>> wes by regulations set up under authority	burdine
production-1941-vol1-41chapters	2451	26.11	junrs	grand juror or a trial juror in <<junrs>>	junes|jungs|junis|junks|junos|juns
production-1941-vol1-41chapters	2453	40.12	teense	to renew his license may sell such <<teense>>	teenie|teens|teensy|teese|tense
production-1941-vol1-41chapters	2454	39.0	ecord	<<ecord>> c	acord|cord|ecard|ecoid|ecor|ecore
production-1941-vol1-41chapters	2456	37.0	linof	<<linof>> upon motion of a judgment creditor of	linhof|lino|linon|linor|linos
production-1941-vol1-41chapters	2457	19.10	pnerita	adulterated food and the failure to com <<pnerita>>	nerita
production-1941-vol1-41chapters	2460	33.0	prorauon	<<prorauon>> see in the event of the institution	proration
production-1941-vol1-41chapters	2462	43.0	erara	<<erara>> committee to charitable organizations self help cooperatives	arara|ebara|elara|erard|erava|erra
production-1941-vol1-41chapters	2463	42.9	labihty	or alternate member of any program committee <<labihty>> fo	lability
production-1941-vol1-41chapters	2464	14.0	bearmg	<<bearmg>> trees or vines of the same species	bearm
production-1941-vol1-41chapters	2467	1.6	bovers	the commission may license professional boxers <<bovers>> ele	bevers|boers|boners|borers|bover|boveri
production-1941-vol1-41chapters	2469	18.9	reystered	in an amateur boxing contest or sparring <<reystered>>	registered
production-1941-vol1-41chapters	2470	14.0	bandsges	<<bandsges>> no contestant in anv amateur boxing contest	bandages
production-1941-vol1-41chapters	2471	23.8	vulation	contestant who continues to participate in an <<vulation>> by	ovulation|velation|volation
production-1941-vol1-41chapters	2471	36.9	sionof	or corporation staging or holding any amateur <<sionof>>	sion
production-1941-vol1-41chapters	2473	20.9	eombus	this section shall not apply to internal <<eombus>>	bombus|embus
production-1941-vol1-41chapters	2474	47.7	hcensed	abstract companies doing an escrow business duly <<hcensed>>	censed
production-1941-vol1-41chapters	2475	36.8	fieehnlder	application shall be accompanied by sworn statements <<fieehnlder>>	freeholder
production-1941-vol1-41chapters	2475	45.9	finanest	shall also be accompanied by a sworn <<finanest>>	inanest
production-1941-vol1-41chapters	2476	8.0	quiit	<<quiit>> see a no application for an original	qubit|quiet|quilt|quint|quirt|quist
production-1941-vol1-41chapters	2477	41.8	lspection	examination papers of any person examined hereunder <<lspection>>	aspection|section
production-1941-vol1-41chapters	2478	35.0	newbong	<<newbong>> any licensee may at any time file	newsong
production-1941-vol1-41chapters	2480	32.0	comminging	<<comminging>> a licensee hereunder shall not commingle the	commingling
production-1941-vol1-41chapters	2480	48.0	vyoon	<<vyoon>> return said license to such licensee	kyoon|voon|yoon
production-1941-vol1-41chapters	2481	31.11	personin	charge of the main office or any <<personin>>	personen
production-1941-vol1-41chapters	2482	8.0	ouperin	<<ouperin>> see the secretary of state shall appoint	couperin
production-1941-vol1-41chapters	2483	35.11	revocats	it shall appear that the licensee has <<revocats>>	relocate
production-1941-vol1-41chapters	2485	26.10	hpted	a collection agency as herein defined to <<hpted>>	apted|cpted|hated|opted
production-1941-vol1-41chapters	2486	35.0	osthand	<<osthand>> officers of the home shall take the	ostland|stand
production-1941-vol1-41chapters	2488	30.0	etera	<<etera>> incompetent nas no guardian and no responsible	cetera|eera|emera|entera|eter|eteri
production-1941-vol1-41chapters	2489	1.8	omcer	shall within days thereafter file an account <<omcer>>	omber|omer|oscer
production-1941-vol1-41chapters	2490	44.0	moreyv	<<moreyv>> upon recommendation of the board of supervisors	morey|moreys
production-1941-vol1-41chapters	2495	30.10	omiee	location of business stipulated in the license <<omiee>>	amiee|omie
production-1941-vol1-41chapters	2499	0.7	actmg	no person engaged in the business or <<actmg>> in the necessary	actg
production-1941-vol1-41chapters	2499	6.6	beope	this chapter does not apply to <<beope>> of	beode|beppe|bope|peope
production-1941-vol1-41chapters	2499	36.10	ficatio	apply for an operator s license qual <<ficatio>>	fication
production-1941-vol1-41chapters	2500	38.0	sentatave	<<sentatave>> s	tentative
production-1941-vol1-41chapters	2502	1.0	fiecl	<<fiecl>> in the vse and understanding of the	fiel
production-1941-vol1-41chapters	2502	31.0	heense	<<heense>> the application of the partnership if other	heene|heese|hense
production-1941-vol1-41chapters	2503	1.12	fotatad	the officer or responsible natural person bt <<fotatad>>	rotated
production-1941-vol1-41chapters	2504	17.0	plceot	<<plceot>> hach licensed operator under the provisions of	plot
production-1941-vol1-41chapters	2504	28.0	neense	<<neense>> played in the office of the operator	neese
production-1941-vol1-41chapters	2507	27.7	wiltul	wilful and prejudicial departure from or disregard <<wiltul>>	wilful
production-1941-vol1-41chapters	2507	35.12	orlaws	or of any of its political subdivisions <<orlaws>>	laws
production-1941-vol1-41chapters	2508	13.1	hieensee	am <<hieensee>> ag a pest control operator or field	licensee
production-1941-vol1-41chapters	2508	23.0	impersona	<<impersona>> fraudulent impersonation of any state county or	impersonal
production-1941-vol1-41chapters	2508	39.0	heense	<<heense>> licenses issued hereunder except	heene|heese|hense
production-1941-vol1-41chapters	2509	6.9	ongmal	in this chapter original operator s license <<ongmal>>	onymal
production-1941-vol1-41chapters	2509	16.8	oneinal	used in this chapter original field representa <<oneinal>>	nominal
production-1941-vol1-41chapters	2511	0.0	tuttlon	<<tuttlon>>	tuition|tutton
production-1941-vol1-41chapters	2511	7.11	senatures	petition shall sign it in the man <<senatures>>	denatures
production-1941-vol1-41chapters	2513	37.8	liqueating	credited to the unemployment fund the liquidating <<liqueating>>	liquidating
production-1941-vol1-41chapters	2516	39.1	nerong	other <<nerong>> thereto in accordance with section or from	merong|narong|nerang|nering|neron|nerone
production-1941-vol1-41chapters	2521	8.9	ppropria	body of the city or county may <<ppropria>>	propria
production-1941-vol1-41chapters	2521	25.10	oparal	schoo district and if such election de <<oparal>>	opara|paral
production-1941-vol1-41chapters	2522	1.1	ddeing	mend <<ddeing>> statutes of chapter as amended by amend	dding|dieing|dyeing
production-1941-vol1-41chapters	2522	32.0	bondfor	<<bondfor>> the petition may consist of any number	bondor
production-1941-vol1-41chapters	2524	46.0	proxet	<<proxet>> to make or cause to be made	projet
production-1941-vol1-41chapters	2526	1.0	engheer	<<engheer>> sald examination and stady of the proposed	engineer
production-1941-vol1-41chapters	2527	20.11	senited	as used in this act shall include <<senited>>	sented
production-1941-vol1-41chapters	2529	13.10	oummr	united states the contract may provide that <<oummr>>	oumar
production-1941-vol1-41chapters	2532	13.0	cieapter	<<cieapter>>	chapter
production-1941-vol1-41chapters	2533	16.9	livensees	person who while licensed under this act <<livensees>>	licensees
production-1941-vol1-41chapters	2535	19.8	aquant	commissioner shall be a person competent and <<aquant>>	equant|quant|suant
production-1941-vol1-41chapters	2536	24.2	ercuting	an acti <<ercuting>> a special fund to be known as	eructing
production-1941-vol1-41chapters	2538	28.0	assiment	<<assiment>> sec justices and judges retired under the	assident|assigment
production-1941-vol1-41chapters	2543	6.6	applzeation	sections and of this chapter are <<applzeation>>	application
production-1941-vol1-41chapters	2543	9.0	ciuapter	<<ciuapter>>	chapter
production-1941-vol1-41chapters	2544	15.0	hearmg	<<hearmg>> dueling said hearing a hearing must be	hearing
production-1941-vol1-41chapters	2544	17.0	whieb	<<whieb>> hearing must be held within days after	wheb|whie
production-1941-vol1-41chapters	2545	31.8	industna	the term industrial loan company as used <<industna>>	industry
production-1941-vol1-41chapters	2550	20.2	oanital	canal stork <<oanital>> stock to an amount less than is	lanital
production-1941-vol1-41chapters	2550	43.2	lornia	pp zeae <<lornia>> small loan act approved july and july	cornia|fornia|loria|lorina|lorna
production-1941-vol1-41chapters	2550	47.0	ordrto	<<ordrto>> sec if it shall appear to the	orderto
production-1941-vol1-41chapters	2558	44.0	honaty	<<honaty>> hart of this act is adjudged to	conaty
production-1941-vol1-41chapters	2559	1.11	coporalions	law of this state and not expressly <<coporalions>>	corporations
production-1941-vol1-41chapters	2560	8.0	iuense	<<iuense>> nynibers shall be subject to transfer and	license
production-1941-vol1-41chapters	2562	12.0	waverof	<<waverof>> trial by jury may be waived by	waver
production-1941-vol1-41chapters	2565	0.4	supphed	tured product shall be <<supphed>> sold exchanged or given	supped
production-1941-vol1-41chapters	2565	4.10	buara	all chapters of this title except chapter <<buara>>	bara|beara|bhara|buana|buari|bura
production-1941-vol1-41chapters	2568	22.0	anneai	<<anneai>> tion thereto to be numbered section by	annai|annea|anneal|annear|anneli
production-1941-vol1-41chapters	2568	30.0	legistatwe	<<legistatwe>> section it is hereby found and declared	legislate
production-1941-vol1-41chapters	2568	31.0	fodné	<<fodné>> industry of california is a permanent industry	found
production-1941-vol1-41chapters	2569	40.7	rxperment	nothing in this chapter prohibits the preparation <<rxperment>>	experiment
production-1941-vol1-41chapters	2572	28.0	pyehia	<<pyehia>> any person convicted of committing any lewd	pyemia|pythia|yehia
production-1941-vol1-41chapters	2572	31.1	parolng	or <<parolng>> body or anv part or member thereof	paroling
production-1941-vol1-41chapters	2573	33.9	appontne	board of trustees may in their discretion <<appontne>>	appointee
production-1941-vol1-41chapters	2575	2.9	kotifieation	any nomination paper is filed the candi <<kotifieation>>	notification
production-1941-vol1-41chapters	2575	17.10	seeuns	shall contain the names of the candidates <<seeuns>>	seens
production-1941-vol1-41chapters	2575	30.10	sinement	himself with other delegates in expressing his <<sinement>>	finement|sinemet
production-1941-vol1-41chapters	2575	35.9	apintmer	of candidates for delegate may appoint veri <<apintmer>>	painter
production-1941-vol1-41chapters	2576	0.0	apporitment	<<apporitment>> tion deputies are appointed shall be filed	appointment
production-1941-vol1-41chapters	2577	16.10	eniyrsement	nominee or by his state campaign com <<eniyrsement>>	endorsement
production-1941-vol1-41chapters	2581	17.0	preeinet	<<preeinet>> ees eee	precinct
production-1941-vol1-41chapters	2581	32.13	iaate	and the votes received in each ou <<iaate>>	aate|iate|idate|igate|inate|irate
production-1941-vol1-41chapters	2583	26.7	preferrmg	to vote for the group of carthkdales <<preferrmg>> a person whose name appears on the	preferred
production-1941-vol1-41chapters	2585	15.0	citapter	<<citapter>>	chapter
production-1941-vol1-41chapters	2585	23.0	miture	<<miture>>	mature|mitre|mixture
production-1941-vol1-41chapters	2588	28.0	busmess	<<busmess>> particular class or classes of business in	business|busness
production-1941-vol1-41chapters	2590	40.0	pretabn	<<pretabn>> before being sold offered or exposed for	pretan|retain
production-1941-vol1-41chapters	2591	13.2	refelted	reconditioned or <<refelted>> under the provisions of the furniture	remelted
production-1941-vol1-41chapters	2591	35.7	recondi	ding and al filling material repaired renovated <<recondi>> articles	recondo|secondi
production-1941-vol1-41chapters	2591	36.2	refelted	tioned or <<refelted>> for resale or repaired or renovated for	remelted
production-1941-vol1-41chapters	2594	24.0	seomeer	<<seomeer>> upholstered furniture or bedding which is found	seamer
production-1941-vol1-41chapters	2594	25.0	uiawful	<<uiawful>> violation of this chapter	unawful
production-1941-vol1-41chapters	2596	32.0	eemane	<<eemane>> best method of impounding the waters of	demand|eeman
production-1941-vol1-41chapters	2599	27.10	forferture	peace officer of this state upon seizing <<forferture>>	forfeiture
production-1941-vol1-41chapters	2601	12.10	concenate	of its vitamin content when medicinal claims <<concenate>>	concentrate
production-1941-vol1-41chapters	2602	0.0	ammiony	<<ammiony>> rie a drug shall be deemed to	alimony
production-1941-vol1-41chapters	2602	1.1	sulfamia	or <<sulfamia>> drug sold at retail for use by	sulfamic
production-1941-vol1-41chapters	2604	23.0	cttapter	<<cttapter>>	chapter
production-1941-vol1-41chapters	2606	18.0	orcler	<<orcler>> to permit a reasonable utilization of the	oraler|orler
production-1941-vol1-41chapters	2613	42.8	umtorm	provisions whereby the director designates or prescribes <<umtorm>>	storm
production-1941-vol1-41chapters	2614	21.0	prenums	<<prenums>> no provision of any pooling program shall	plenums|prenups
production-1941-vol1-41chapters	2614	26.0	ferentals	<<ferentals>> differentials in transportation adjustments or deductions made	rentals
production-1941-vol1-41chapters	2617	15.11	terminatior	any program if there are any obligations <<terminatior>>	termination|terminator
production-1941-vol1-41chapters	2617	34.10	probinted	any consumer and no retail store restaurant <<probinted>>	printed
production-1941-vol1-41chapters	2624	25.0	jeasl	<<jeasl>> seven days in advance of the date	easl|jeal
production-1941-vol1-41chapters	2624	44.3	hnmar	or dangerous for <<hnmar>> consumption by the acts or failure to	hamar
production-1941-vol1-41chapters	2627	16.12	hldr	no more regardless of the number of <<hldr>> s vt	hadr|hdr|hld|hler|hlr|hydr
production-1941-vol1-41chapters	2627	37.11	pistits	members shall be too large for the <<pistits>>	pistils|pistis
production-1941-vol1-41chapters	2628	3.0	kesene	<<kesene>> fund the directors shall apportion the net	keene|ketene|resene
production-1941-vol1-41chapters	2628	9.0	duidends	<<duidends>> then declare a dividend upon the paid	dividends
production-1941-vol1-41chapters	2628	15.0	distnbution	<<distnbution>> distribute all remaining surplus savings or earnings	distribution
production-1941-vol1-41chapters	2633	3.12	pubncation	made and must be given by publica <<pubncation>>	publication
production-1941-vol1-41chapters	2633	15.10	minstrator	public administrator of the county in which <<minstrator>>	ministrator|monstrator
production-1941-vol1-41chapters	2634	10.0	comeste	<<comeste>> deliver the conveyance mortgage lease or deed	comest
production-1941-vol1-41chapters	2634	42.3	droyv	order of sale <<droyv>> sions of this chapter the person to	drovy
production-1941-vol1-41chapters	2637	1.4	amenaea	and of the health <<amenaea>>	amended
production-1941-vol1-41chapters	2640	13.0	spny	<<spny>> as used in this article spiny lobster	pny|sany|sdny|seny|sny|sony
production-1941-vol1-41chapters	2641	17.9	classifcatio	of supervisors shall cause to be prepared <<classifcatio>>	classification
production-1941-vol1-41chapters	2641	18.11	huchways	surveyor or by the county planning com <<huchways>>	highways
production-1941-vol1-41chapters	2641	34.10	cathsn	is unlawful to take catfish less than <<cathsn>>	cathan|cathin
production-1941-vol1-41chapters	2642	1.0	panaed	<<panaed>> and of the	panade|paned|panned|panted
production-1941-vol1-41chapters	2644	19.0	neome	<<neome>> derived from salaries wages or compensation for	nbome|neame|nehme|neme|neom|neume
production-1941-vol1-41chapters	2655	45.8	rensn	an employer establishing or maintaining a pension <<rensn>>	renan|renin|renn|renon|rens|rense
production-1941-vol1-41chapters	2656	8.0	nonresioents	<<nonresioents>> n in the case of a taxpayer	nonresidents
production-1941-vol1-41chapters	2657	0.0	terors	<<terors>> s in the proportion required by this	tenors|teros|terrors
production-1941-vol1-41chapters	2667	44.11	penaite	of any deficiency is due to negligence <<penaite>>	penate|penlite|pentite|senaite
production-1941-vol1-41chapters	2668	39.0	overpav	<<overpav>> cl where an overpayment is made by	overpay
production-1941-vol1-41chapters	2676	12.0	actonto	<<actonto>> see no injunction or writ of mandate	antonio
production-1941-vol1-41chapters	2681	24.11	recordati	which any tax interest or penalty imposed <<recordati>>	recordation
production-1941-vol1-41chapters	2681	25.11	telinquen	not paid when due the commissioner may <<telinquen>>	delinquent
production-1941-vol1-41chapters	2681	33.11	taxten	upon all property of the taxpayer in <<taxten>>	saxten|tarten|tasten|taten|tauten|taxmen
production-1941-vol1-41chapters	2682	14.0	eeeae	<<eeeae>> the commissioner may at any time release	eeee|eeeee
production-1941-vol1-41chapters	2683	25.11	cerieate	commissioner to the effect that a return <<cerieate>>	create
production-1941-vol1-41chapters	2684	23.0	admmister	<<admmister>> da the commissioner and such officers and	administer
production-1941-vol1-41chapters	2685	10.8	asencie	may permit the commissioner of internal reve <<asencie>>	asencio
production-1941-vol1-41chapters	2689	47.0	emvploved	<<emvploved>>	employed
production-1941-vol1-41chapters	2690	22.0	transferto	<<transferto>> section the state lands commission is hereby	transfert
production-1941-vol1-41chapters	2690	23.0	chroaa	<<chroaa>> authorized and empowered to transfer by deed	chroma
production-1941-vol1-41chapters	2693	15.11	prousions	of division of this code in so <<prousions>>	profusions|prolusions|provisions
production-1941-vol1-41chapters	2698	23.0	seealso	<<seealso>> code is hereby amended to read as	seals
production-1941-vol1-41chapters	2698	25.0	gaeon	<<gaeon>> before a sale of tax deeded property	aeon|gabon|gadon|gaen|galeon|galon
production-1941-vol1-41chapters	2704	36.0	securlly	<<securlly>> insure compliance with any provision of this	securely
production-1941-vol1-41chapters	2705	32.11	xeinstate	operator shall be reinstated by the board <<xeinstate>>	reinstate
production-1941-vol1-41chapters	2708	20.0	determl	<<determl>>	deter|determ|determi
production-1941-vol1-41chapters	2710	0.0	eleney	<<eleney>> determination upon any sale any surplus above	elene|eleven
production-1941-vol1-41chapters	2710	15.0	wotest	<<wotest>> legality of the tax the operator paying	hotest|potest|wottest
production-1941-vol1-41chapters	2711	24.10	iessment	shall assess all the taxable prop a <<iessment>>	vestment
production-1941-vol1-41chapters	2713	32.9	vnsecured	taxes on the unsecured roll the tax <<vnsecured>>	unsecured
production-1941-vol1-41chapters	2714	39.0	fleses	<<fleses>> that the controller may cancel the lease	flees|fleshes|flexes
production-1941-vol1-41chapters	2715	25.10	saleon	of tax deeded property at public auc <<saleon>>	galeon|saleen|salen|salmon|salon|saloon
production-1941-vol1-41chapters	2715	35.10	pycen	notify the applicant and he may withdraw <<pycen>>	pycon
production-1941-vol1-41chapters	2715	38.10	retum	is redeemed or payments under an install <<retum>> or	fretum|rectum|regum|rerum|resum|retam
production-1941-vol1-41chapters	2716	41.0	reportte	<<reportte>> on receipt of the duplicate report of	reporte
production-1941-vol1-41chapters	2717	0.0	speciiving	<<speciiving>>	specifying
production-1941-vol1-41chapters	2719	21.10	seetum	hereby added to said code to new <<seetum>>	septum|sertum
production-1941-vol1-41chapters	2723	16.10	withraval	prior to the receipt of any bid <<withraval>>	withdrawal
production-1941-vol1-41chapters	2726	14.4	vharve	b the department may <<vharve>> the sum of ten cents	harve|varve|wharve
production-1941-vol1-41chapters	2727	17.11	attomey	duty of the attorney general to insti <<attomey>>	attorney
production-1941-vol1-41chapters	2727	18.10	renetal	the discovery of all real and personal <<renetal>> ty	remetal|renewal|rental
production-1941-vol1-41chapters	2731	7.10	xetin	hereby added to said code to new <<xetin>>	cetin|detin|getin|metin|retin|wetin
production-1941-vol1-41chapters	2731	17.10	tneng	permitted in the respective counties and areas <<tneng>> dass	neng|taeng|teng|tieng|treng|tseng
production-1941-vol1-41chapters	2731	38.10	canforma	declared that since the purpose of this <<canforma>>	canfora
production-1941-vol1-41chapters	2732	25.0	oftrack	<<oftrack>> mutuel pools shal not exceed per cent	offtrack|ontrack
production-1941-vol1-41chapters	2732	39.0	clamtor	<<clamtor>> from and after the effective date of	clamor|claytor
production-1941-vol1-41chapters	2736	1.0	amndd	<<amndd>> viding for the regulation and supervision of	amedd|andd
production-1941-vol1-41chapters	2738	40.0	ofbor	<<ofbor>> utility district formed pursuant to the public	obor|offor
production-1941-vol1-41chapters	2739	26.0	cilapter	<<cilapter>>	chapter
production-1941-vol1-41chapters	2740	24.0	venten	<<venten>> ment roll to unknown or fictitiously named	benten|enten|lenten|menten|tenten|velten
production-1941-vol1-41chapters	2740	48.0	tonof	<<tonof>> his act in favor of any holder	tono|tonon|toof
production-1941-vol1-41chapters	2744	5.0	jutney	<<jutney>> of the genuineness and sufficiency of the	jitney|jurney|putney
production-1941-vol1-41chapters	2751	35.11	publeus	any district formed under the provisions of <<publeus>>	publius
production-1941-vol1-41chapters	2751	46.10	gughte	of directors shall have power to con <<gughte>> or	ought
production-1941-vol1-41chapters	2752	13.0	rehtot	<<rehtot>> sec a right of way is hereby	rector
production-1941-vol1-41chapters	2756	14.2	meludes	said district <<meludes>> land in more than one county the	deludes|eludes
production-1941-vol1-41chapters	2760	13.0	plasand	<<plasand>> sec the board of directors shall upon	pasand
production-1941-vol1-41chapters	2763	14.10	mentto	state engineer in triplicate rolls which shall <<mentto>>	mento
production-1941-vol1-41chapters	2763	15.1	binect	contain <<binect>>	binet|bisect|direct|kinect
production-1941-vol1-41chapters	2763	41.9	futmg	rolls when completed shall be duly certified <<futmg>> siti	fume
production-1941-vol1-41chapters	2765	3.11	sosessed	the county treasurer of a county within <<sosessed>>	assessed|posessed
production-1941-vol1-41chapters	2765	36.11	mntol	this act has been levied shall be <<mntol>>	metol
production-1941-vol1-41chapters	2766	8.0	vaynent	<<vaynent>> onen for payment in full in the	payment
production-1941-vol1-41chapters	2766	24.0	timeand	<<timeand>> src unless bonds shall have been authorized	tideland
production-1941-vol1-41chapters	2767	0.4	mstallment	sec if any such <<mstallment>> shall remain unpaid at delinquency	stallment
production-1941-vol1-41chapters	2768	21.2	nareel	vate sale <<nareel>> of land deeded to the district by	areel|mareel|nabeel|narel
production-1941-vol1-41chapters	2768	44.0	fueple	<<fueple>> spread between the different tracts of land	fuel
production-1941-vol1-41chapters	2771	15.9	bulots	ballots cast at such election shall contain <<bulots>>	blots|bulot
production-1941-vol1-41chapters	2775	4.10	ptann	it deems it desirable that any contemplated <<ptann>>	pann|plann|stann|tann
production-1941-vol1-41chapters	2775	5.10	ynue	of a water storage and conservation dis <<ynue>>	nue|yne|youe|yue|yune
production-1941-vol1-41chapters	2778	4.0	roriee	<<roriee>> en sale or otherwise upon assessments against	rorie|tories
production-1941-vol1-41chapters	2778	22.0	salesof	<<salesof>> land sed anv parcel of land bid	sales
production-1941-vol1-41chapters	2778	40.0	amuble	<<amuble>> trustee of the bond fund of a	amable|amble
production-1941-vol1-41chapters	2783	5.10	ganuts	used at the election shall be pro <<ganuts>>	gamuts|gants|grants
production-1941-vol1-41chapters	2784	19.0	sutfor	<<sutfor>> sec an action may be brought by	sutor|suttor
production-1941-vol1-41chapters	2787	0.0	veyance	<<veyance>> the assent shall be filed with the	voyance
production-1941-vol1-41chapters	2787	7.9	escusinn	the hearing the board of directors shall <<escusinn>> of	excusing
production-1941-vol1-41chapters	2791	44.12	incluso	the board shall order that an elec <<incluso>>	include|inclusa|incluse
production-1941-vol1-41chapters	2792	22.0	boundanes	<<boundanes>> ordering such change certified by the president	boundaries
production-1941-vol1-41chapters	2796	34.0	contractto	<<contractto>> when districts organized under the provisions of	contratto
production-1941-vol1-41chapters	2796	43.2	tinited	l p <<tinited>> states public no seventy fourth congress	tincted|tinted
production-1941-vol1-41chapters	2797	20.7	smimm	sec when the security underlying the indebted <<smimm>>	simm|swimm
production-1941-vol1-41chapters	2800	30.0	eustng	<<eustng>> sec the amendments made by this act	using
production-1941-vol1-41chapters	2801	31.9	inelfet	governor july filed with secretary of state <<inelfet>>	inlet
production-1941-vol1-41chapters	2803	9.11	norsement	ways in which such instrument or docu <<norsement>>	norsemen|worsement
production-1941-vol1-41chapters	2803	29.7	caltorna	a state institution for defective and psychopathic <<caltorna>>	cantorna
