production-1945-vol1-chapters	1067	32.10	dustructin	have been forfeited or canceled more than <<dustructin>>	destruction
production-1945-vol1-chapters	1070	36.1	reoem	ts <<reoem>> visors passed by a three fifths vote	reem|regem|remem|retem|roem
production-1945-vol1-chapters	1074	33.1	yorly	sime <<yorly>> in determining the present value of a	corly|orly|yarly|yerly|yorky|yorty
production-1945-vol1-chapters	1079	29.8	pubhe	person partnership or corporation or their agent <<pubhe>> cattle	dubhe|pube|puhe
production-1945-vol1-chapters	1080	34.0	fisid	<<fisid>> nvesti see there shall be created under	fisi
production-1945-vol1-chapters	1080	34.1	nvesti	fisid <<nvesti>> see there shall be created under the	investi|vesti
production-1945-vol1-chapters	1082	21.0	ciiapter	<<ciiapter>>	chapter
production-1945-vol1-chapters	1085	16.5	omteers	be paid to incumbent officers <<omteers>>	others
production-1945-vol1-chapters	1086	21.0	ciiapter	<<ciiapter>>	chapter
production-1945-vol1-chapters	1087	17.11	hurmg	granted by the court upon motion male <<hurmg>>	harm|hurm
production-1945-vol1-chapters	1088	36.0	afidayit	<<afidayit>> fled has expired the property claimed to	affidavit
production-1945-vol1-chapters	1090	35.5	waieh	not mark the ballot in <<waieh>> case the nature of such disability	waiea|waith
production-1945-vol1-chapters	1090	45.0	presesy	<<presesy>>	present|preses|pressey|pressy
production-1945-vol1-chapters	1091	36.10	roidng	parentheses the following fold ballot to this <<roidng>>	roding
production-1945-vol1-chapters	1091	50.3	penctz	and ink or <<penctz>>	pentz
production-1945-vol1-chapters	1092	16.0	limtaton	<<limtaton>> court and to perform such duties except	limitation
production-1945-vol1-chapters	1092	45.0	transerib	<<transerib>> court but a phonographic reporter shall be	transcribe
production-1945-vol1-chapters	1093	5.10	manreer	be allowed and audited in the same <<manreer>> as	manveer
production-1945-vol1-chapters	1095	9.10	dpestraying	any civil action or special proceeding except <<dpestraying>>	destroying
production-1945-vol1-chapters	1095	26.11	ffert	filed with secretary of s ate ini <<ffert>>	fert
production-1945-vol1-chapters	1096	18.0	ciiapter	<<ciiapter>>	chapter
production-1945-vol1-chapters	1096	28.8	niust	no divorce shall be granted final judgment <<niust>> there	iust|nist|nius|nust
production-1945-vol1-chapters	1096	32.12	disere	divorce and the court may in its <<disere>>	desere|diseme|isere|lisere|misere
production-1945-vol1-chapters	1097	10.12	hygrenist	nurses or dental hygienists or both to <<hygrenist>>	hygienist
production-1945-vol1-chapters	1098	31.0	atendanee	<<atendanee>> court or one or ignore deputy clerks	attendance
production-1945-vol1-chapters	1098	35.0	ebarged	<<ebarged>> in such court with an offense of	barged
production-1945-vol1-chapters	1100	33.0	adspeted	<<adspeted>> aneling between may th and october st	adopted
production-1945-vol1-chapters	1101	22.10	riame	used herein means treated by a flame <<riame>>	diame|iame|rame|rhame|riam|riane
production-1945-vol1-chapters	1102	40.0	andtests	<<andtests>> the conduct of research in these matters	attests
production-1945-vol1-chapters	1102	48.0	vewty	<<vewty>> deputy state fire marshal has right of	vety|vewy
production-1945-vol1-chapters	1103	0.8	eltner	offered for sale therein and may take <<eltner>> an entire article	ellner|elsner|elter|entner|ettner|keltner
production-1945-vol1-chapters	1103	28.9	teriina	such seizure or days from the final <<teriina>>	termina|terzina
production-1945-vol1-chapters	1105	11.12	lleee	last year of high school and who <<lleee>> pu	leee
production-1945-vol1-chapters	1105	18.12	puation	effect until the ninety first day after <<puation>>	pation|piation|pupation|putation
production-1945-vol1-chapters	1106	45.0	mutary	<<mutary>> of persons employed by or in the	mutara|mutare|mutuary
production-1945-vol1-chapters	1107	7.11	liaity	shall relieve a school district of any <<liaity>>	laity|livity
production-1945-vol1-chapters	1108	35.0	eugwe	<<eugwe>> who comes within a of the following	euge
production-1945-vol1-chapters	1111	18.10	psned	with the county treasurer the executor or <<psned>> mtn	paned|pined|poned|pwned|sned
production-1945-vol1-chapters	1112	35.0	fremmy	<<fremmy>> estate has been deposited in the county	femmy|freely|fremm|remmy
production-1945-vol1-chapters	1113	2.10	zscbeat	does not appear and claim as herein <<zscbeat>>	escheat
production-1945-vol1-chapters	1114	1.0	stuckholders	<<stuckholders>> aud creditors any or all of the	stockholders
production-1945-vol1-chapters	1116	15.0	dnision	<<dnision>> of division to all the taxing agencies	onision
production-1945-vol1-chapters	1117	31.12	eoltec	to the taxing agency and on tex <<eoltec>>	bolted|toltec
production-1945-vol1-chapters	1118	9.0	preverty	<<preverty>> article shall be made to the county	prevert|property
production-1945-vol1-chapters	1118	15.0	ciiapter	<<ciiapter>>	chapter
production-1945-vol1-chapters	1119	42.8	marlced	all elections any ballot which is not <<marlced>> as vold ballots	marled
production-1945-vol1-chapters	1121	19.0	otologic	<<otologic>> examinations and in official public health oto	geologic|ontologic|oologic
production-1945-vol1-chapters	1122	4.5	froin	the date of such offense <<froin>> further participation in any boxing	broin|foin|frain|frein|frin|froid
production-1945-vol1-chapters	1122	26.0	cilapter	<<cilapter>>	chapter
production-1945-vol1-chapters	1123	29.12	fomem	first had and obtained the people of <<fomem>>	fome|fomer|fomes|homem
production-1945-vol1-chapters	1123	38.9	muratory	of the fish and game commission may <<muratory>>	curatory|juratory|migratory|moratory|muratore|muratori
production-1945-vol1-chapters	1125	37.11	fiorists	who sell plants at retail for indoor <<fiorists>>	florists
production-1945-vol1-chapters	1126	11.0	fisinets	<<fisinets>> ing in the schools of the district	fishnets
production-1945-vol1-chapters	1132	10.0	voresgn	<<voresgn>> fornia under any tax law of the	foreign
production-1945-vol1-chapters	1132	11.0	corporatims	<<corporatims>> receiver or fiduciary of any individual estate	corporatism
production-1945-vol1-chapters	1133	2.13	ferrses	the agent so designated be no longer <<ferrses>>	ferres|ferries
production-1945-vol1-chapters	1134	7.0	nonality	<<nonality>> shall for any reason be adjudged by	nodality|tonality|zonality
production-1945-vol1-chapters	1136	9.0	ownerstup	<<ownerstup>>	ownership
production-1945-vol1-chapters	1138	18.9	incated	the ranch upon which said place is <<incated>> together	incased|incited
production-1945-vol1-chapters	1140	23.0	andtes	<<andtes>> the place of slaugh er prior to	andes|andres|antes
production-1945-vol1-chapters	1143	33.11	yestments	funds held in reserves or sinking funds <<yestments>>	vestments
production-1945-vol1-chapters	1143	40.10	conthtions	conditions and into the means and methods <<conthtions>>	conditions
production-1945-vol1-chapters	1144	30.0	mudement	<<mudement>> divorce ought to be granted but by	judgment|rudement
production-1945-vol1-chapters	1146	16.0	citapter	<<citapter>>	chapter
production-1945-vol1-chapters	1147	0.10	qearing	the hearing shall be held within days <<qearing>>	bearing|dearing|earing|fearing|gearing|hearing
production-1945-vol1-chapters	1147	41.9	rereted	whose application for aid under this chapter <<rereted>>	regreted
production-1945-vol1-chapters	1153	8.2	repems	section sections <<repems>>	reems|repels|repens
production-1945-vol1-chapters	1154	32.0	burmang	<<burmang>> no person shall burn brush stumps logs	burman|burmann|burmans
production-1945-vol1-chapters	1155	6.11	jusines	operate between april th and december ist <<jusines>>	busines|business|usines
production-1945-vol1-chapters	1155	44.7	purip	covered land without providing one adequate force <<purip>> or	puri|purim|purin|puris|purp|uprip
production-1945-vol1-chapters	1156	25.0	trolied	<<trolied>> fire	trolled|trollied
production-1945-vol1-chapters	1157	0.7	pavlpment	no person copartnership firm corporation or com <<pavlpment>>	pavement
production-1945-vol1-chapters	1157	10.8	somat	tractors bulldozers and other mobile equipment engaged <<somat>>	domat|samat|soat|sobat|sojat|soma
production-1945-vol1-chapters	1159	3.12	commtmen	to be a ward of the juvenile <<commtmen>>	commitment
production-1945-vol1-chapters	1161	6.12	stitu	person to be retained in any ir <<stitu>>	situ|statu|stit|stite|stith|stitt
production-1945-vol1-chapters	1161	29.10	miagis	of the judge sitting as a committing <<miagis>>	images|magis|miamis
production-1945-vol1-chapters	1161	38.5	ioab	approved by governor june e <<ioab>> ds with secretary of state september	boab|doab|iab|ifab|ihab|ilab
production-1945-vol1-chapters	1166	16.0	celapter	<<celapter>>	chapter
production-1945-vol1-chapters	1166	27.0	sworone	<<sworone>> delivers at retail to any person for	sworn
production-1945-vol1-chapters	1167	10.7	reseind	the federal military authorities have announced the <<reseind>>	rescind|resend
production-1945-vol1-chapters	1167	26.11	mhlty	electors thereof at either a general elec <<mhlty>>	malt|malty|melty|milty
production-1945-vol1-chapters	1168	18.0	saigrer	<<saigrer>> tion of the judgment creditor showing	signer
production-1945-vol1-chapters	1168	36.0	pppralsed	<<pppralsed>> make to the judge a report in	appraised
production-1945-vol1-chapters	1170	0.0	citapter	<<citapter>>	chapter
production-1945-vol1-chapters	1171	32.10	jfierson	county in the name of any other <<jfierson>>	jefferson
production-1945-vol1-chapters	1175	3.10	amtary	service as used in this se tion <<amtary>>	ambary
production-1945-vol1-chapters	1175	15.10	teestablish	to any trainee who has an unexpired <<teestablish>>	reestablish
production-1945-vol1-chapters	1179	0.0	chapthir	<<chapthir>>	chapter
production-1945-vol1-chapters	1179	9.8	comty	in order to encourage cooperation between this <<comty>>	cmty|coaty|comay|comby|comey|comfy
production-1945-vol1-chapters	1179	28.12	crmina	misdemeanor for any person residing in this <<crmina>>	armina|carmina|crimina|ermina
production-1945-vol1-chapters	1179	31.9	uploy	payments under the provisions of the une <<uploy>>	ploy|uplay
production-1945-vol1-chapters	1183	39.12	tbsente	not more than nor less than five <<tbsente>>	absente
production-1945-vol1-chapters	1183	45.10	fntd	any auxiliary branch thereof he may make <<fntd>> toree	fdtd|fnd|fnt|fotd|ftd|ntd
production-1945-vol1-chapters	1183	45.11	toree	auxiliary branch thereof he may make fntd <<toree>>	boree|coree|doree|foree|goree|joree
production-1945-vol1-chapters	1184	41.0	suntere	<<suntere>> entitled to receive both a ballot and	sunter
production-1945-vol1-chapters	1185	2.0	ifany	<<ifany>> war voter to whom an absent voter	fany|ifan|ifans|imany|ivany|ofany
production-1945-vol1-chapters	1186	0.3	nonres	apply to any <<nonres>> dent over the age or lv years	noires|nonces|nones
production-1945-vol1-chapters	1187	0.10	vircu	less than cubic feet per minute auxillary <<vircu>>	circu|virtu|viru
production-1945-vol1-chapters	1190	0.0	ciiapter	<<ciiapter>>	chapter
production-1945-vol1-chapters	1194	8.0	cliapter	<<cliapter>>	chapter
production-1945-vol1-chapters	1197	21.6	astled	approved by governor j ae de <<astled>> with secretary of state september	astle|astley|castled
production-1945-vol1-chapters	1197	37.10	immeii	of such final decree shall be recorded <<immeii>>	immedi|immi
production-1945-vol1-chapters	1198	41.0	ometrist	<<ometrist>> the state board of public health and	metrist
production-1945-vol1-chapters	1200	8.1	accredll	nd <<accredll>> here the science of optometry is taught	accredit
production-1945-vol1-chapters	1201	43.0	eauree	<<eauree>> deputy clerks three hundred twenty five dollars	agree
production-1945-vol1-chapters	1203	5.8	mmeral	permits and leases for the extraction and <<mmeral>>	meral
production-1945-vol1-chapters	1203	6.11	prosnectins	than oil and gas or other hydrocarbon <<prosnectins>>	prospecting
production-1945-vol1-chapters	1203	8.12	jicle	be issued as provided in this ar <<jicle>>	cicle|nicle|sicle
production-1945-vol1-chapters	1203	29.10	rehts	terms and conditions as the commission inay <<rehts>>	rechts|reits|rents|rests|rets
production-1945-vol1-chapters	1204	16.0	tideand	<<tideand>> as they accrue for that year notwithstanding	tideland
production-1945-vol1-chapters	1204	36.0	premel	<<premel>> to another precinct in the same county	dremel|pemel|preme|premed
production-1945-vol1-chapters	1205	4.9	rreservatior	original affidavits of registration shall be pre <<rreservatior>>	preservation
production-1945-vol1-chapters	1209	7.14	salanes	justices of the peace s all be <<salanes>>	galanes|salines|sealanes|silanes|slanes
production-1945-vol1-chapters	1212	0.0	cilapter	<<cilapter>>	chapter
production-1945-vol1-chapters	1214	16.1	omcer	faite <<omcer>> medical matters and when requested by the	omber|omer|oscer
production-1945-vol1-chapters	1214	28.0	caracd	<<caracd>> saany year in excess of the total	caraco|caract|card
production-1945-vol1-chapters	1214	28.1	saany	caracd <<saany>> year in excess of the total interest	saamy|saan|saana|saavy|sanny|sany
production-1945-vol1-chapters	1215	14.9	deterrea	member whether over or under the minimum <<deterrea>>	deterred
production-1945-vol1-chapters	1218	27.0	ruptey	<<ruptey>> act the lien thereof upon said real	ruptly
production-1945-vol1-chapters	1220	11.0	paularons	<<paularons>> otherwise provided in this section every vehicle	pauldrons
production-1945-vol1-chapters	1226	9.0	qualifea	<<qualifea>> any student who has heretofore registered and	qualifed
production-1945-vol1-chapters	1228	15.0	tentory	<<tentory>> vided in division of the district organization	entry
production-1945-vol1-chapters	1229	15.10	conimu	be maintained at the locations in the <<conimu>>	conim|conima|conium
production-1945-vol1-chapters	1230	11.5	therly	said line intersects the soi <<therly>> line of tide lend survey no	sherly|therry|thery
production-1945-vol1-chapters	1230	26.0	cliapter	<<cliapter>>	chapter
production-1945-vol1-chapters	1231	3.8	smsta	portion of shasta county within the following <<smsta>>	msta|sesta|sista|smita|smsa|ssta
production-1945-vol1-chapters	1231	5.2	ehrefly	grazing not <<ehrefly>>	chiefly
production-1945-vol1-chapters	1231	33.10	contn	an act concerning lawful fences and acts <<contn>>	coltn|conan|conen|conin|conn|conon
production-1945-vol1-chapters	1232	8.0	avuication	<<avuication>> all applications for change of names must	aviation
production-1945-vol1-chapters	1233	1.9	agecements	into agreements with the director of agricul <<agecements>>	agreements
production-1945-vol1-chapters	1234	0.0	ciiapter	<<ciiapter>>	chapter
production-1945-vol1-chapters	1234	26.0	ciiapter	<<ciiapter>>	chapter
production-1945-vol1-chapters	1235	23.12	inynt	corporations are to be or have been <<inynt>>	intent
production-1945-vol1-chapters	1237	22.12	sanposa	of the judge of the superior court <<sanposa>>	santosa
production-1945-vol1-chapters	1237	35.11	oerey	county of monterey is ten thousand dollars <<oerey>>	nerey|orey|orrey|perey|serey|verey
production-1945-vol1-chapters	1238	20.0	seealso	<<seealso>> sec section of said code is amended	seals
production-1945-vol1-chapters	1239	14.12	svlano	each of the judges of the superior <<svlano>>	solano
production-1945-vol1-chapters	1241	37.11	aenem	last completed fiscal year the county f <<aenem>>	aenea|enem|menem
production-1945-vol1-chapters	1243	33.10	oullay	be arranged to show the major subdivisions <<oullay>>	outlay
production-1945-vol1-chapters	1245	16.9	umuane	not be itemized for proposed expenditures from <<umuane>>	humane
production-1945-vol1-chapters	1245	27.6	freumnn	said tabulation provided for in section <<freumnn>>	freeman
production-1945-vol1-chapters	1246	43.0	ofbudget	<<ofbudget>> later than the thirtieth day of august	budget
production-1945-vol1-chapters	1249	1.7	exypendi	respectively except as otherwise provided by law <<exypendi>> excess	expend
production-1945-vol1-chapters	1249	48.9	nighway	this chapter shall be construed as affect <<nighway>>	highway
production-1945-vol1-chapters	1250	0.6	remaming	plus provided further that all balances <<remaming>> to the credit	reaming|remaing|remaking|renaming
production-1945-vol1-chapters	1250	4.0	firances	<<firances>>	fiances|finances|frances
production-1945-vol1-chapters	1250	22.1	assoon	monthly <<assoon>> as practicable after the end of each	alsoon|aswoon|bassoon|cassoon|sassoon
production-1945-vol1-chapters	1251	45.10	plosee	of section s asstgned to the performance <<plosee>> pad	losee
production-1945-vol1-chapters	1252	24.3	inindred	not exceed four <<inindred>> sixteen dollars and sixty six cents	kindred
production-1945-vol1-chapters	1253	5.12	lering	fund during the time he was ren <<lering>>	bering|cering|dering|ering|gering|hering
production-1945-vol1-chapters	1253	35.11	revber	credited by the board together with regular <<revber>> s	reber|reeber|reiber|rember|rever|revier
production-1945-vol1-chapters	1253	45.10	jaquson	who is an employee of the state <<jaquson>> or	jackson
production-1945-vol1-chapters	1254	41.11	assignerl	compensation earnable at the time he was <<assignerl>>	assigner|assigners
production-1945-vol1-chapters	1255	25.0	ciiapter	<<ciiapter>>	chapter
production-1945-vol1-chapters	1255	35.10	reoling	continued in existence with the approval of <<reoling>>	reeling|refling|relling|reoiling|resoling|roling
production-1945-vol1-chapters	1256	7.0	hapenditures	<<hapenditures>> division o architecture revolving fund all claims	expenditures
production-1945-vol1-chapters	1256	16.0	malanes	<<malanes>> revolving fund and any unused balance in	galanes|malades|malines|malones
production-1945-vol1-chapters	1256	24.0	withiravals	<<withiravals>> ized statements the department may with the	withdrawals
production-1945-vol1-chapters	1258	11.0	crlapter	<<crlapter>>	chapter
production-1945-vol1-chapters	1258	29.0	retms	<<retms>> dard shall examine any position exempt from	reams|reems|reims|rems|retes|rets
production-1945-vol1-chapters	1259	9.5	ipelu	section article comprising sections to <<ipelu>>	pelu
production-1945-vol1-chapters	1269	2.10	dinde	dividend when used in this act romans <<dinde>>	dande|dende|dide|dinda|dinder|dindle
production-1945-vol1-chapters	1270	12.0	avdle	<<avdle>> dividend in the hands of all shareholders	addle|adle
production-1945-vol1-chapters	1274	29.0	obsoles	<<obsoles>> f a reasonable allowance for exhaustion wear	obsolete
production-1945-vol1-chapters	1276	30.0	dmdends	<<dmdends>> bh dividends received during the taxable year	amends
production-1945-vol1-chapters	1277	8.14	coopemae	a cooperative or a mutual basis all <<coopemae>>	cooperate
production-1945-vol1-chapters	1278	0.0	compilssioner	<<compilssioner>>	commissioner
production-1945-vol1-chapters	1279	14.8	cluring	of the compensation otherwise paid or accrued <<cluring>>	clueing|cluing|curing|luring
production-1945-vol1-chapters	1281	33.12	amortizabt	a bondholder who makes the election in <<amortizabt>>	amortizable
production-1945-vol1-chapters	1281	45.12	exelud	any bond the interest on which is <<exelud>>	exclude
production-1945-vol1-chapters	1284	45.3	invento	paragraph a in <<invento>> ying the goods specified in the appli	invent|inventio|inventor|invents
production-1945-vol1-chapters	1289	19.0	ruptey	<<ruptey>> act as amended is transferred after december	ruptly
production-1945-vol1-chapters	1290	16.0	taoney	<<taoney>> distributes it in pursuance of the plan	taney|tanney|tarney|tawney|toney
production-1945-vol1-chapters	1291	29.13	rrogn	of the exchanges made after the date <<rrogn>>	rron
production-1945-vol1-chapters	1292	20.0	gertieation	<<gertieation>> m if the sale or exchange of	germination
production-1945-vol1-chapters	1297	12.0	nierce	<<nierce>> organized or made use of to effectuate	bierce|fierce|nerce|niece|niepce|niere
production-1945-vol1-chapters	1298	0.9	ceduc	a taxpayer has not claimed an amortization <<ceduc>>	educ|leduc|reduc
production-1945-vol1-chapters	1298	49.0	oxpaver	<<oxpaver>> referred to in section b the reduction	paver
production-1945-vol1-chapters	1302	26.0	neeket	<<neeket>> b if any part of any deficiency	needed
production-1945-vol1-chapters	1303	31.15	heanng	the amount of the tax shull be <<heanng>>	heang
production-1945-vol1-chapters	1304	11.2	prisna	shall be <<prisna>> facie evidence of the computation and levy	krisna|prisa|prisca|prisma
production-1945-vol1-chapters	1304	48.0	banhrupe	<<banhrupe>> s i upon the adjudication of bankruptcy	bankrupt
production-1945-vol1-chapters	1305	9.3	bankruptev	of adjudication in <<bankruptev>> or the appointment of the	bankrupted
production-1945-vol1-chapters	1306	7.0	camfor	<<camfor>> board of control no such credit or	canfor|comfor
production-1945-vol1-chapters	1306	42.0	disallowanve	<<disallowanve>> b if the commissioner disallows any claim	disallowance
production-1945-vol1-chapters	1308	51.0	overpavment	<<overpavment>>	overpayment
production-1945-vol1-chapters	1310	6.0	unmed	<<unmed>> ately june	anmed|umed|unbed|uned|unfed|unimed
production-1945-vol1-chapters	1313	20.12	bigh	days prior thereto shall send by fom <<bigh>>	bagh|beigh|bgh|bich|big|biga
production-1945-vol1-chapters	1314	18.0	reemploycd	<<reemploycd>> whenever any noncertificated employee of any	reemployed
production-1945-vol1-chapters	1321	10.9	ipany	registered letter containing the accusation and acco <<ipany>>	imany|ipana|ipay|ivany|many|pany
production-1945-vol1-chapters	1321	50.10	timeani	determine the time and p ace of <<timeani>>	timani|timpani
production-1945-vol1-chapters	1323	0.11	cornpen	fees and mileage to a per diem <<cornpen>>	corner
production-1945-vol1-chapters	1325	17.8	amedmen	agency may order amendment of the azusa <<amedmen>>	amendment|medmen
production-1945-vol1-chapters	1325	24.10	zency	contested case is heard before an a <<zency>> method of	lency|mency|sency|tency|zenny|zeny
production-1945-vol1-chapters	1326	20.0	uncentestee	<<uncentestee>> to appear at the hearing the agency	uncontested
production-1945-vol1-chapters	1329	21.0	ciiapter	<<ciiapter>>	chapter
production-1945-vol1-chapters	1330	24.0	pruedure	<<pruedure>> its division of acministrztive procedure to study	procedure
production-1945-vol1-chapters	1330	34.0	citapter	<<citapter>>	chapter
production-1945-vol1-chapters	1335	20.8	hreenses	the board in the following cases of <<hreenses>>	pretenses
production-1945-vol1-chapters	1335	44.7	esamma	pilots licensed by commissioners shall be carefully <<esamma>>	samma
production-1945-vol1-chapters	1336	36.0	ciiapter	<<ciiapter>>	chapter
production-1945-vol1-chapters	1336	46.1	ueensed	of <<ueensed>> tain bow far a licensed establishment is	censed
production-1945-vol1-chapters	1337	8.0	tarium	<<tarium>> may be suspended or revoked by the	atrium|barium|marium|oarium|targum|tarim
production-1945-vol1-chapters	1337	26.9	niatter	complained of the board may rehear any <<niatter>>	natter|nitter
production-1945-vol1-chapters	1338	0.3	ppiesti	tod care u <<ppiesti>> s r renewal ol a permit or	priest
production-1945-vol1-chapters	1338	1.0	rerenal	<<rerenal>> dc filed days prior to its expiration	prerenal|rerental
production-1945-vol1-chapters	1338	3.0	eanccled	<<eanccled>> where bearing is held under this section	canceled
production-1945-vol1-chapters	1339	27.11	heheat	a license the proceedings shall be con <<heheat>>	hereat|reheat
production-1945-vol1-chapters	1340	19.0	neamgs	<<neamgs>> mineralogist he shall give notice of and	names
production-1945-vol1-chapters	1341	15.7	soroce	health and safety code relating to administrative <<soroce>>	sorce|sorose
production-1945-vol1-chapters	1341	20.8	seealso	section of the health and safety code <<seealso>>	seals
production-1945-vol1-chapters	1342	12.0	seienbes	<<seienbes>> approved by governor june ede fo te	sciences
production-1945-vol1-chapters	1342	26.0	setener	<<setener>> approved by governor june buea with secretary	serener|sevener
production-1945-vol1-chapters	1347	33.11	pendir	no stay of the board s decision <<pendir>> g an	kendir|pedir|pender
production-1945-vol1-chapters	1349	31.9	netert	governor june filed with secretary of state <<netert>>	detert|neter|netero
production-1945-vol1-chapters	1352	11.0	jieense	<<jieense>>	license
production-1945-vol1-chapters	1352	18.0	cliapter	<<cliapter>>	chapter
production-1945-vol1-chapters	1354	5.0	ertte	<<ertte>> june j	erate|erste|erte|ette|rette
production-1945-vol1-chapters	1354	17.7	administratwe	erned loan association act relating to the <<administratwe>> procedure	administrate
production-1945-vol1-chapters	1355	33.10	licemes	for the year ending june thirtieth pon <<licemes>>	license
production-1945-vol1-chapters	1355	39.10	revwcation	or salesman has wilfully misstated any material <<revwcation>>	revocation
production-1945-vol1-chapters	1357	24.2	heense	due hearing <<heense>>	heene|heese|hense
production-1945-vol1-chapters	1359	16.12	wayiut	any license so issued may be revoked <<wayiut>>	wayout
production-1945-vol1-chapters	1360	0.3	leense	person waen tie <<leense>> s issued to a partnership a display	leese|lense
production-1945-vol1-chapters	1363	6.8	fowaid	the certificate of authority of any insurer <<fowaid>> by	foward
production-1945-vol1-chapters	1365	1.8	attorr	notice and hearing shall be given such <<attorr>> ey in	attorn
production-1945-vol1-chapters	1366	41.9	inelud	s risks dry docks and marine railways <<inelud>>	includ|include
production-1945-vol1-chapters	1369	13.11	iience	the commissioner in accordance with the gf <<iience>>	idence|rience
production-1945-vol1-chapters	1370	20.0	aniended	<<aniended>> sonal property brokers aci as revised by	amended
production-1945-vol1-chapters	1371	31.10	mearing	hearing is held under section the proceedings <<mearing>>	bearing|dearing|earing|fearing|gearing|hearing
production-1945-vol1-chapters	1372	38.1	ocatron	ret <<ocatron>> sec revocation of license the commissioner shal	catron
production-1945-vol1-chapters	1377	11.0	dueted	<<dueted>> m accordance with chapter of part of	dieted|ducted|dueled|duetted|dusted
production-1945-vol1-chapters	1380	11.0	seluded	<<seluded>> lowing lands	deluded|eluded|secluded
production-1945-vol1-chapters	1380	25.0	entewon	<<entewon>> clarke menary hands and the classification of	enteron
production-1945-vol1-chapters	1380	38.0	codifleation	<<codifleation>> a any or all ordinances of any	codification
production-1945-vol1-chapters	1381	23.10	inuwent	indigent sick or dependent poor by contract <<inuwent>>	intent
production-1945-vol1-chapters	1382	8.0	caiapter	<<caiapter>>	chapter
production-1945-vol1-chapters	1382	29.0	minstralor	<<minstralor>> that the public administrator shall be ex	ministrator
production-1945-vol1-chapters	1385	0.7	tramng	the institution heretofore known as the indtstrial <<tramng>>	traing|trang
production-1945-vol1-chapters	1385	1.11	qaui	blind shall hereafter be known and desig <<qaui>> pind	aqui|aui|kaui|maui|naui|qadi
production-1945-vol1-chapters	1385	8.7	junsdiction	the department has jurisdiction over the following <<junsdiction>>	jurisdiction
production-1945-vol1-chapters	1385	23.12	vestdents	effective date of this section anc who <<vestdents>>	vestments
production-1945-vol1-chapters	1388	19.2	charecs	deduct the <<charecs>> du plus the costs of notifying the	chares
production-1945-vol1-chapters	1390	8.3	ireluies	tained trammel net <<ireluies>> nets constructed of more than	relies
production-1945-vol1-chapters	1390	14.0	peplember	<<peplember>> tune	september
production-1945-vol1-chapters	1390	18.0	roundhewl	<<roundhewl>> as used in this article round haul	roundheel
production-1945-vol1-chapters	1390	36.4	rasurer	assets of the depositing <<rasurer>> for the purpose of computing	rasure
production-1945-vol1-chapters	1391	24.11	trstecd	assets within the united states other than <<trstecd>>	tested
production-1945-vol1-chapters	1391	29.0	trusteed	<<trusteed>> assets	trusted|trustee|trustees
production-1945-vol1-chapters	1392	32.0	fheeming	<<fheeming>> of the applicants except as otherwise prescribed	fleeming
production-1945-vol1-chapters	1394	26.0	pneds	<<pneds>> under this article shall be for license	neds|paeds|peds|pends|pieds|pnds
production-1945-vol1-chapters	1395	16.12	fcllow	case may be for that period directly <<fcllow>>	fallow|fellow|follow
production-1945-vol1-chapters	1395	30.10	mnsiit	of railroad steamship airline and other aed <<mnsiit>>	insist
production-1945-vol1-chapters	1397	11.10	ecmmis	life insurers by the filing with the <<ecmmis>>	emmis
production-1945-vol1-chapters	1398	3.4	nozivc	failure to mail such <<nozivc>> shall not continue the right to a	nomic
production-1945-vol1-chapters	1398	48.3	maintei	prerequisites to its <<maintei>> ance in force	maintain
production-1945-vol1-chapters	1399	0.4	toereon	or nine to transact <<toereon>>	thereon|torreon
production-1945-vol1-chapters	1402	5.0	orrenewal	<<orrenewal>> licensee application for renewal of the license	renewal
production-1945-vol1-chapters	1403	10.8	remstate	in the case of transportation ticket policies <<remstate>>	redstate|restate
production-1945-vol1-chapters	1403	46.11	tasured	standard provision providing for cancel ation dy <<tasured>>	tasered
production-1945-vol1-chapters	1405	43.10	ocrupa	by the insurer for such more hazardous <<ocrupa>>	occupy
production-1945-vol1-chapters	1406	31.1	ofloss	proof <<ofloss>> there shall be a standard provision relative	floss
production-1945-vol1-chapters	1408	26.0	ciiapter	<<ciiapter>>	chapter
production-1945-vol1-chapters	1410	1.0	niaster	<<niaster>> plan of beaches for that county provided	diaster|nister|piaster
production-1945-vol1-chapters	1410	39.0	andgame	<<andgame>> state laws relating to the protection of	endgame
production-1945-vol1-chapters	1411	9.9	premiuins	insurance on subject matter in this state <<premiuins>>	premiums
production-1945-vol1-chapters	1413	22.8	voline	holder of shares and or memberships having <<voline>>	coline|doline|joline|moline|oline|valine
production-1945-vol1-chapters	1414	3.4	sharcho	ballots submitted io all <<sharcho>> ders and or members	search
production-1945-vol1-chapters	1414	4.0	ciiapter	<<ciiapter>>	chapter
production-1945-vol1-chapters	1417	16.13	elerm	for the increase is asserted by the <<elerm>>	elem|eleri|elers|elert
production-1945-vol1-chapters	1419	29.10	poneann	or so much thereof as may be <<poneann>>	ponent
production-1945-vol1-chapters	1419	31.11	distnet	of any money in the state treasury <<distnet>>	distent
production-1945-vol1-chapters	1420	6.2	hereiabvove	the project <<hereiabvove>> veferrec to and giving such other infor	hereinabove
production-1945-vol1-chapters	1420	9.3	sbel	him such report <<sbel>> give such information as he may	abel|asbel|bel|ebel|isbel|obel
production-1945-vol1-chapters	1420	10.5	fmanee	require the d sector of <<fmanee>> may refuse to make any	amanee|manee
production-1945-vol1-chapters	1421	21.8	jhanon	b a the department shall immediately suspend <<jhanon>>	hanon|shanon|thanon
production-1945-vol1-chapters	1423	24.10	empiosee	rates of contribution of members which shal <<empiosee>>	employee
production-1945-vol1-chapters	1425	1.10	jhys	of this act said person shall automatically <<jhys>> stew	hys|jays|jhs|joys|phys|rhys
production-1945-vol1-chapters	1425	36.9	fireward	credit for prior service as a forester <<fireward>> n or	foreward
production-1945-vol1-chapters	1426	39.0	rrentranee	<<rrentranee>> h any member may redeposit in the	reentrance
production-1945-vol1-chapters	1427	25.9	semice	member shall be retired for disability regard <<semice>>	semic|semite|sevice
production-1945-vol1-chapters	1427	27.12	ftmement	result of an injury or disease occurring <<ftmement>>	finement
production-1945-vol1-chapters	1428	4.5	enild	to such guardian of bis <<enild>> or children until sneb child or	engild|enid|enil|neild
production-1945-vol1-chapters	1428	10.1	inarry	shall <<inarry>> then the pen ion paid to the	knarry
production-1945-vol1-chapters	1428	46.0	remburse	<<remburse>> should the pension of any such retired	reimburse
production-1945-vol1-chapters	1431	17.10	jnnexntion	annexation of land to a local hospital <<jnnexntion>>	annexation
production-1945-vol1-chapters	1432	18.0	spceral	<<spceral>> special meetings may be called by three	spheral
production-1945-vol1-chapters	1433	20.6	imder	government protection and maintenance of hospitals <<imder>>	ider|imber|imer|imler|immer|imper
production-1945-vol1-chapters	1434	12.0	speeral	<<speeral>> tax the board of supervisors shall thereupon	spheral
production-1945-vol1-chapters	1434	27.0	hiteen	<<hiteen>> one county the amount estimated shall be	hiten|hitmen
production-1945-vol1-chapters	1434	46.0	diseontinu	<<diseontinu>> whenever a capital outlay fund is established	discontinue
production-1945-vol1-chapters	1435	15.9	mectin	shall be held to authorize such assess <<mectin>>	lectin|meetin|meltin|metin|pectin
production-1945-vol1-chapters	1435	18.8	requestir	the board of directors of a petition <<requestir>> g the	requester|requestor
production-1945-vol1-chapters	1436	48.3	sloning	the officer so <<sloning>> is still the incumbent of such office	cloning|sloping|slowing|stoning
production-1945-vol1-chapters	1436	50.0	sestment	<<sestment>> thorized to be issued bv anv hospital	vestment
production-1945-vol1-chapters	1437	15.2	cutered	by resolution <<cutered>> on its minutes declare its intention to	catered
production-1945-vol1-chapters	1438	32.0	commreat	<<commreat>> abalones may rot be taken for commercial	comment
production-1945-vol1-chapters	1439	47.7	eloni	jury train wrecking feloniously receiving stolen goods <<eloni>>	aloni|eboni|edoni|eleni|eloi|elon
production-1945-vol1-chapters	1440	17.0	cuuminal	<<cuuminal>> years with benefit only of credits as	criminal|culminal|cuminal
production-1945-vol1-chapters	1442	11.0	cemetay	<<cemetay>> existing in the district at the time	cemetary|cemetery|cemetry
production-1945-vol1-chapters	1443	0.0	chaptehen	<<chaptehen>>	chaptered
production-1945-vol1-chapters	1443	8.1	rmtiey	june <<rmtiey>>	ratify
production-1945-vol1-chapters	1444	11.0	mlerest	<<mlerest>> and of the counties of the state	merest
production-1945-vol1-chapters	1444	29.3	pishway	to the state <<pishway>> fund and shall be expended by the	fishway|hishway
production-1945-vol1-chapters	1445	0.10	cowperatue	supervisors of the several counties ancl the <<cowperatue>>	cooperate
production-1945-vol1-chapters	1445	8.11	nonaccept	notifies the department that it re uses <<nonaccept>>	nonaccent
production-1945-vol1-chapters	1445	36.10	elirh	b of section of the federal aid <<elirh>>	elish|lish
production-1945-vol1-chapters	1447	14.7	daoro	north to the south line of philip <<daoro>> property thence west	adoro|daro|daroo|darro|davro|doro
production-1945-vol1-chapters	1449	46.9	nietes	said resolution a clear description thereof by <<nietes>>	nieces|nieves|nites
production-1945-vol1-chapters	1450	0.1	concui	conducted <<concui>> rently with and as a part of	conci|concur
production-1945-vol1-chapters	1450	20.0	stniet	<<stniet>> norate and politic and as such shall	street
production-1945-vol1-chapters	1450	28.0	andeep	<<andeep>> condemnation construction or otherwise and to hold	adeep|andee|mandeep|randeep|sandeep|undeep
production-1945-vol1-chapters	1452	9.0	verks	<<verks>> ee conduits canals pipelines roadways and other	berks|derks|erks|jerks|merks|perks
production-1945-vol1-chapters	1454	44.3	pavab	nis services hereunder <<pavab>> e from the funds of the district	navab|pava|paval|pavan|pavao
production-1945-vol1-chapters	1459	19.12	pootme	be published in a newspaper of gen <<pootme>>	pootie|pootle
production-1945-vol1-chapters	1460	45.0	adness	<<adness>> chargeable to any other zone	adless|adress|agness|alness|arness|badness
production-1945-vol1-chapters	1462	32.0	visci	<<visci>> g cedure in accordance with the policy	disci|isci|tisci|vesci|vicci|vici
production-1945-vol1-chapters	1462	39.0	eitg	<<eitg>> zone or zones thereof pursuant to this	eig|eigg|eing|eit|eita|eitc
production-1945-vol1-chapters	1463	5.0	scce	<<scce>> ali bonds issued by said district under	acce|cce|csce|ecce|icce|sace
production-1945-vol1-chapters	1466	27.0	ofeal	<<ofeal>> bonds employees appointed by tke board under	feal|offal|oneal|oreal
production-1945-vol1-chapters	1468	0.0	chhapoer	<<chhapoer>>	chapter
production-1945-vol1-chapters	1470	9.0	agumt	<<agumt>> charge against the funds of the scl	agust|agut
production-1945-vol1-chapters	1473	45.8	jzains	from dealings in real or personal property <<jzains>>	jains
production-1945-vol1-chapters	1475	34.9	raeans	term dividend when used in this act <<raeans>> dividend	paeans|ratans
production-1945-vol1-chapters	1475	39.10	ribu	without diminution by reason of any dis <<ribu>>	aibu|ibu|mibu|rabu|rbu|riau
production-1945-vol1-chapters	1476	6.11	hguida	ve date of this amendment in partial <<hguida>>	guida|guide
production-1945-vol1-chapters	1479	13.4	ineductions	tions shall be allowed <<ineductions>>	inductions
production-1945-vol1-chapters	1483	2.8	duidends	dividends received during the income year declared <<duidends>>	dividends
production-1945-vol1-chapters	1483	49.11	rejun	of a building and loan association organized <<rejun>>	rejuv|renjun|rerun|resun|reun
production-1945-vol1-chapters	1483	50.12	buuding	on a mutual plan or a federal <<buuding>> anc	budding|buiding|bulding
production-1945-vol1-chapters	1484	3.0	suings	<<suings>> bi aks of interest paid tc deposiiovs	sings|slings|stings|suing|swings|usings
production-1945-vol1-chapters	1484	12.0	tomets	<<tomets>> organized and ope ated i whole or	comets|homets|komets|tomes
production-1945-vol1-chapters	1484	26.0	oaet	<<oaet>> ative in whole or in pari on	aet|daet|gaet|haet|laet|oae
production-1945-vol1-chapters	1484	34.0	amortzalle	<<amortzalle>> the following rules shall apply to the	amortizable
production-1945-vol1-chapters	1484	43.4	davable	reference to fhe amount <<davable>> on maturity or on earlier call	datable|lavable|savable|wavable
production-1945-vol1-chapters	1486	8.5	iiree	cost with respect to any <<iiree>> individuals is more than per	iree|ivree|siree|tiree
production-1945-vol1-chapters	1487	17.9	ribu	provided in subparagraph a if the con <<ribu>>	aibu|ibu|mibu|rabu|rbu|riau
production-1945-vol1-chapters	1488	12.0	recomputa	<<recomputa>> q if any deduction provided for in	recompute
production-1945-vol1-chapters	1488	13.1	oftay	ven <<oftay>> adjudged discriminatory against a national banking association	ofay|oftly|oktay|otay
production-1945-vol1-chapters	1488	14.0	dertuctions	<<dertuctions>> contrary to section cf the revised statutes	deductions
production-1945-vol1-chapters	1490	39.9	aequisi	such obligations cecurzing between the date of <<aequisi>>	alquist
production-1945-vol1-chapters	1492	20.5	vaich	the rates for such year <<vaich>> the portion of such period falling	aich|laich|raich|taich|vaish|vich
production-1945-vol1-chapters	1493	45.12	ineorp	incorporation or qualification its tax for than <<ineorp>>	incorp|inform
production-1945-vol1-chapters	1494	0.3	ssvd	paragraph ef this <<ssvd>> vision a corporation which has	ssd|ssdd|ssed|sshd|ssid|ssv
production-1945-vol1-chapters	1494	5.0	tacome	<<tacome>> tax act for the whole of the	jacome|tacom|tacoma|talome|tocome
production-1945-vol1-chapters	1495	30.10	tcogan	reorganization as used in this section means <<tcogan>>	cogan
production-1945-vol1-chapters	1496	29.0	discontinu	<<discontinu>> when a corporation discontinues doing business	discontinue
production-1945-vol1-chapters	1498	14.8	remaming	parent corporation and tie corporations if any <<remaming>>	reaming|remaing|remaking|renaming
production-1945-vol1-chapters	1500	0.4	mconie	those acquired in the <<mconie>> year and treat those included	conie|maconie|monie|moonie
production-1945-vol1-chapters	1500	12.2	incoine	ascertain the <<incoine>> proft or loss of the first income	incline
production-1945-vol1-chapters	1502	5.2	apiv	this paragraph <<apiv>> once riacde shall be irrevocable and shall	aiv|aliv|aniv|api|apia|apic
production-1945-vol1-chapters	1502	6.7	involzu	be binding for the year of the <<involzu>> tary liquidation and for	involve
production-1945-vol1-chapters	1502	7.4	juent	all determinations for subse <<juent>> income years insofar as they	jent|juet|jument|junet|junt|quent
production-1945-vol1-chapters	1503	25.10	sulistan	stock and securities received by each is <<sulistan>>	gulistan
production-1945-vol1-chapters	1504	1.2	distvil	b no <<distvil>> utica wader the liquidation was made before	distil
production-1945-vol1-chapters	1504	24.9	ogeur	transfer of ali the property does not <<ogeur>> within ihe	oger
production-1945-vol1-chapters	1505	12.0	ruptey	<<ruptey>> act as amended	ruptly
production-1945-vol1-chapters	1506	1.3	eecived	that he property <<eecived>> in e cha e consists not only	recived
production-1945-vol1-chapters	1506	22.0	compulscy	<<compulscy>> f if property as a result of	compulsory
production-1945-vol1-chapters	1507	14.11	recogmitio	extent to which gain shall be ecog <<recogmitio>>	recognition
production-1945-vol1-chapters	1508	8.0	cetiication	<<cetiication>> mm if the sale or exchange of	certification
production-1945-vol1-chapters	1508	10.0	cauons	<<cauons>> mission to be necessary ov appropriate to	canons|capons|catons|caunos
production-1945-vol1-chapters	1509	15.9	imelu	exchange described in section b to e <<imelu>>	amelu|melu|timely
production-1945-vol1-chapters	1509	37.9	stcek	a corporation by the issuance of its <<stcek>> or	steck|steek
production-1945-vol1-chapters	1512	0.0	voration	<<voration>> acquired sy hin alter february in a	moration|noration|oration|vocation|volation|votation
production-1945-vol1-chapters	1512	2.4	licore	was acquired in an <<licore>> year beginning before january	icore|licor|licorn|licorne
production-1945-vol1-chapters	1512	6.0	neome	<<neome>> to the shareholder within the meaning of	nbome|neame|nehme|neme|neom|neume
production-1945-vol1-chapters	1513	0.0	cecding	<<cecding>> under section b of the national bankruptcy	ceding
production-1945-vol1-chapters	1514	0.0	uloll	<<uloll>> oo	loll
production-1945-vol1-chapters	1514	14.0	paubst	<<paubst>> tuted the term substituted basis as used	pabst|past
production-1945-vol1-chapters	1514	18.0	donecr	<<donecr>> or grantor or	donec|doner
production-1945-vol1-chapters	1514	50.0	awusted	<<awusted>> increased or diminished on account of income	adjusted
production-1945-vol1-chapters	1515	12.12	pavure	by the commissioner then unless it is <<pavure>> te	parure|pature|pauvre
production-1945-vol1-chapters	1515	29.11	fauure	corporation fails or refuses to furnish anv <<fauure>> or	faucre|faure
production-1945-vol1-chapters	1517	30.9	coramis	under the provisions of this section the <<coramis>> swarm	corambis
production-1945-vol1-chapters	1518	31.0	raptey	<<raptey>> or the appointment of the receiver and	rapey|rapley|raptly
production-1945-vol1-chapters	1524	2.0	juilges	<<juilges>> yg and attaches thereof shal revive compensation	judges
production-1945-vol1-chapters	1525	24.10	ylash	forest woods timber brush covered land or <<ylash>>	blash|clash|flash|klash|lash|plash
production-1945-vol1-chapters	1527	11.12	apportin	the interest of the state of california <<apportin>>	apportion
production-1945-vol1-chapters	1528	25.0	utun	<<utun>> indefinitely to be available in the state	atun|autun|htun|stun|ttun|tun
production-1945-vol1-chapters	1529	9.11	yspe	manner or for any purpose which exceed <<yspe>>	aspe|espe|ispe|mspe|nspe|spe
production-1945-vol1-chapters	1529	29.9	humbotdt	of the twenty fifth class the following <<humbotdt>>	humboldt
production-1945-vol1-chapters	1532	4.0	osteopatr	<<osteopatr>> osteopath as used in this division shall	osteopath
production-1945-vol1-chapters	1532	22.0	prsenption	<<prsenption>> herson shall possess transport sell furnish administer	preemption
production-1945-vol1-chapters	1532	28.0	conformaty	<<conformaty>> no person shall write issue fill compound	conformate|conformity
production-1945-vol1-chapters	1532	29.0	senpton	<<senpton>> dispense a prescription that does not conform	senator|senton|septon
production-1945-vol1-chapters	1533	12.8	lmtation	more than one such prescription group shal <<lmtation>>	litation|lutation
production-1945-vol1-chapters	1533	41.3	dionin	or ethylmorphine hydrochloride <<dionin>> prescribed in	dinin|dionis|dioxin
production-1945-vol1-chapters	1533	43.5	camphorata	when codeine or tincture oil <<camphorata>> paregoric is	camphorate
production-1945-vol1-chapters	1535	1.8	preseriptior	prescription written by a veterinarian shall state <<preseriptior>>	prescription
production-1945-vol1-chapters	1535	5.8	lbpo	provisions of this division with reference to <<lbpo>>	bpo|lapo|lbo|lbp|lipo|lopo
production-1945-vol1-chapters	1535	39.8	marmuana	person shall knowingly plant cultivate cut har <<marmuana>>	marijuana
production-1945-vol1-chapters	1538	0.1	itapter	oc <<itapter>>	chapter
production-1945-vol1-chapters	1538	4.0	eatite	<<eatite>> june	latite|ratite
production-1945-vol1-chapters	1539	7.9	foors	of a hazardous building shall be constructed <<foors>>	boors|coors|doors|floors|foods|fooks
production-1945-vol1-chapters	1539	17.0	ulinged	<<ulinged>> skylights of an approved character shall siyngnts	blinged|clinged
production-1945-vol1-chapters	1540	19.0	thallels	<<thallels>> of a contest in the state legislature	hallels
production-1945-vol1-chapters	1540	31.0	igslave	<<igslave>> elections for the office of member of	slave
production-1945-vol1-chapters	1540	33.0	cilapter	<<cilapter>>	chapter
production-1945-vol1-chapters	1542	2.1	eeied	p <<eeied>> franchise tax act relating o bank ond	eeked
production-1945-vol1-chapters	1545	43.5	amals	beneficiation by concentration gravity flotation <<amals>> ama	aals|amaas|amahs|amal|amala|amali
production-1945-vol1-chapters	1547	24.13	assodlations	on a cooperative or a mutual oasis <<assodlations>>	associations
production-1945-vol1-chapters	1547	28.12	amotizable	a bondholder who makes the election im <<amotizable>>	amortizable
production-1945-vol1-chapters	1548	10.0	eclness	<<eclness>> issued by any corporation and bearing interest	illness
production-1945-vol1-chapters	1548	10.8	inelad	issued by any corporation and bearing interest <<inelad>>	inland
production-1945-vol1-chapters	1550	0.6	cceccing	deductible when paid in the st <<cceccing>> income years in order	checking
production-1945-vol1-chapters	1551	31.8	raaxi	s income year beginning in exceeds the <<raaxi>>	raazi
production-1945-vol1-chapters	1553	27.10	cluard	useful to the state guard the coast <<cluard>> te agency	eluard|luard
production-1945-vol1-chapters	1557	34.9	supenntend	of supervisors shall provide for a suitable <<supenntend>>	superintend
production-1945-vol1-chapters	1558	5.0	wspenses	<<wspenses>> classified list of expenses and shall file	expenses
production-1945-vol1-chapters	1558	9.0	wwantes	<<wwantes>> ment and maintenance of an elementary public	wastes
production-1945-vol1-chapters	1559	1.8	inoney	sums in excess of the amount of <<inoney>> received fron the	inone
production-1945-vol1-chapters	1559	24.0	sretion	<<sretion>> section of the act cited in the	cretion
production-1945-vol1-chapters	1561	33.6	distrlet	district the following shall constitute fish <<distrlet>>	district
production-1945-vol1-chapters	1562	6.0	sretion	<<sretion>> section of the fish and game code	cretion
production-1945-vol1-chapters	1565	33.10	hehways	upon any state highway or portion hereof <<hehways>>	highways
production-1945-vol1-chapters	1566	19.0	flancise	<<flancise>> for approval pursuant to section or unless	francise
production-1945-vol1-chapters	1567	28.9	vandation	heretofore granted by any city or the <<vandation>>	mandation|pandation
production-1945-vol1-chapters	1568	3.0	nussion	<<nussion>> declaring the urgency thereof and providing that	jussion
production-1945-vol1-chapters	1572	47.0	crackit	<<crackit>> sticks and automatic torpedoes which contain arsenic	crackin
production-1945-vol1-chapters	1573	0.7	iric	of similar character which explodes through means <<iric>>	aric|bric|cric|eric|fric|icic
production-1945-vol1-chapters	1574	13.0	ecedings	<<ecedings>> not under the juvenile court law and	ceding
production-1945-vol1-chapters	1575	38.10	fanur	adjudged to come within the provisions of <<fanur>>	fanar|faner|fanu|fanuc|faour|faur
production-1945-vol1-chapters	1578	3.0	jomt	<<jomt>> tennis where there is sufficient evidence that	comt|domt|jmt|jolt|jom|joma
production-1945-vol1-chapters	1578	15.0	husbandan	<<husbandan>> where a husband avd wife have died	husbandman
production-1945-vol1-chapters	1579	20.0	roatters	<<roatters>> within a submission to arbitration were laid	ratters|roasters|rotters
production-1945-vol1-chapters	1582	29.0	semlative	<<semlative>> section a the legislature of the state	relative|semblative
production-1945-vol1-chapters	1583	11.9	peim	term person includes any individual firm asso <<peim>> ns	beim|deim|eim|geim|heim|keim
production-1945-vol1-chapters	1586	42.0	dneers	<<dneers>> as is required to provide such supply	deers|sneers
production-1945-vol1-chapters	1588	8.0	additaonil	<<additaonil>> g if at a public hearing which	additional
production-1945-vol1-chapters	1589	20.9	omsvon	producing the commodity affected by any pro <<omsvon>>	olson
production-1945-vol1-chapters	1589	46.11	heible	in all such districts members and heir <<heible>> lls	hebble|heinle|leible
production-1945-vol1-chapters	1590	13.0	adusers	<<adusers>> member on said committee the program committee	abusers
production-1945-vol1-chapters	1592	6.0	alfeinates	<<alfeinates>> it shall be the duty of any	alternates
production-1945-vol1-chapters	1593	17.9	mmttee	appoint subcommittees in any producing areas within <<mmttee>>	matter|mettee|mittee
production-1945-vol1-chapters	1594	9.3	decirs	prog am committee <<decirs>> advisable consistent with the maintenance	decies|decir|decis|decius|decors
production-1945-vol1-chapters	1594	19.0	froin	<<froin>> directly competing with the part of the	broin|foin|frain|frein|frin|froid
production-1945-vol1-chapters	1595	4.2	eveate	d to <<eveate>> by a uniform assessment upon producers based	evette
production-1945-vol1-chapters	1596	22.0	pinductior	<<pinductior>> g to provide for the adjustment of	induction
production-1945-vol1-chapters	1597	2.11	alture	carried out by said college of agric <<alture>>	acture|allure|altare|altre|altura|altuve
production-1945-vol1-chapters	1597	49.8	inistra	necessary expenses incurred in the formulation adm <<inistra>>	sinistra
production-1945-vol1-chapters	1600	35.9	imsuff	in the event the petition be found <<imsuff>>	suff
production-1945-vol1-chapters	1601	45.10	ureenrs	is hereby declared to be an urgency <<ureenrs>>	greens
production-1945-vol1-chapters	1602	14.0	cilapter	<<cilapter>>	chapter
production-1945-vol1-chapters	1602	29.0	onip	<<onip>> s tor of finance shall at such	nip|ohip|oip|oni|onia|onie
production-1945-vol1-chapters	1602	39.0	imestment	<<imestment>> doney in any special fund the state	investment
production-1945-vol1-chapters	1603	6.9	appropn	transferred to or deposited in the sur <<appropn>>	approp|approve
production-1945-vol1-chapters	1603	11.7	retranste	the state treasurer state controller and director <<retranste>> t	retransfer
production-1945-vol1-chapters	1603	26.8	tvestments	money in the surplus money investment fund <<tvestments>>	vestments
production-1945-vol1-chapters	1605	13.7	autt	section the director of finance is hereby <<autt>> orized purchase of	actt|aptt|att|auct|ault|aunt
production-1945-vol1-chapters	1605	15.10	clepart	any agency thereof for use of state <<clepart>>	clipart
production-1945-vol1-chapters	1606	1.0	deprriments	<<deprriments>> finance state departments officers and agencies desiring	departments
production-1945-vol1-chapters	1606	2.2	aeyu	purchase ov <<aeyu>> re such p operty shall submit their	aeu|aey|ayu
production-1945-vol1-chapters	1606	21.0	califorma	<<califorma>>	californa|california
production-1945-vol1-chapters	1606	33.0	prenuums	<<prenuums>> ve	premiums
production-1945-vol1-chapters	1607	19.0	larvester	<<larvester>>	harvester
production-1945-vol1-chapters	1609	22.8	meticatton	constructing any such works the board shal <<meticatton>>	medication
production-1945-vol1-chapters	1612	26.0	wesghit	<<wesghit>> aud the department shall prescribe a form	weight
production-1945-vol1-chapters	1612	27.1	ttestes	ri <<ttestes>> measure certificates to be used by public	testes
production-1945-vol1-chapters	1613	11.7	paaded	amending section thereof relating to approval of <<paaded>>	padded|paraded|parded
production-1945-vol1-chapters	1614	2.1	cummis	hy <<cummis>> op eae	commis|cummies|cummin|cummins|lummis
production-1945-vol1-chapters	1616	10.4	heensed	office cf a duly <<heensed>> association may be transacted at any	censed
production-1945-vol1-chapters	1617	0.8	jnstallmont	installment shares installment shares shall be either <<jnstallmont>>	installment
production-1945-vol1-chapters	1618	2.0	cutificates	<<cutificates>> association may issue investment certificates with or	certificates
production-1945-vol1-chapters	1619	41.7	sunmn	e minimum term investment certificates a minimum <<sunmn>>	sumn|sunan|sunmi|sunn
production-1945-vol1-chapters	1620	34.0	trucona	<<trucona>> tifiecates except as otherwise provided in section	trona
production-1945-vol1-chapters	1621	26.6	prombnion	sec prohibition on employment no commissioner <<prombnion>>	promotion
production-1945-vol1-chapters	1623	43.8	stabihiza	stabilization and marketing plan means any plan <<stabihiza>>	stabilize
production-1945-vol1-chapters	1624	5.0	heamg	<<heamg>> ing area ecnduc a public hearing in	heang
production-1945-vol1-chapters	1625	24.9	peyias	established as prescribed herein to assist and <<peyias>>	pelias
production-1945-vol1-chapters	1630	14.0	fananeing	<<fananeing>> four year junior colleges shall be financed	financing
production-1945-vol1-chapters	1630	15.0	jumor	<<jumor>> same manner and from the same funds	dumor|humor|jamor|jumo|junor|juror
production-1945-vol1-chapters	1631	10.9	sovas	board of directors may exercise the following <<sovas>>	covas|lovas|novas|ovas|savas|sivas
production-1945-vol1-chapters	1632	7.0	ciiapter	<<ciiapter>>	chapter
production-1945-vol1-chapters	1637	14.10	daments	the written statement of all payments reserved <<daments>>	aments|laments
production-1945-vol1-chapters	1637	37.8	superimend	superintendent of streets or the engineer if <<superimend>>	superimpend|superintend
production-1945-vol1-chapters	1638	1.0	annesat	<<annesat>> mz the board of supervisors shall cause	annexa
production-1945-vol1-chapters	1639	0.0	trict	<<trict>> stating the name of the proposed district	strict|tract|triact|tric|trica|trice
production-1945-vol1-chapters	1640	1.0	shmats	<<shmats>> stating separately the estimated cost of each	shats|sheats|shoats|stats
production-1945-vol1-chapters	1642	1.0	alternatis	<<alternatis>> notwithstanding the other provisions of this part	alternates|alternativ
production-1945-vol1-chapters	1642	2.0	deerme	<<deerme>> the legislative vody of any city desires	deere
production-1945-vol1-chapters	1642	42.0	nolations	<<nolations>> tion of any of the provisions of	notations
production-1945-vol1-chapters	1643	25.10	distnet	or analysis is found to be cor <<distnet>>	distent
production-1945-vol1-chapters	1644	0.0	ciaptehr	<<ciaptehr>>	chapter
production-1945-vol1-chapters	1647	17.8	nveet	to the government code relating to the <<nveet>>	neet|nevet|veet
production-1945-vol1-chapters	1649	0.9	remnca	transferee under a will renounces his tights <<remnca>>	remica
production-1945-vol1-chapters	1649	19.9	jomt	or more persons hold property in joint <<jomt>>	comt|domt|jmt|jolt|jom|joma
production-1945-vol1-chapters	1651	47.11	concusne	or declaring that no tax is due <<concusne>>	concise
production-1945-vol1-chapters	1652	3.6	ereoy	urgency sec this act is j <<ereoy>> declared to be an urgency	eremy|ersoy
production-1945-vol1-chapters	1652	26.0	pubhe	<<pubhe>> places causes to be placed deposited or	dubhe|pube|puhe
production-1945-vol1-chapters	1652	37.0	cuaptter	<<cuaptter>> septic tanks cesspools and seepage pits	chapter
production-1945-vol1-chapters	1653	31.8	eadan	tanks cesspools and sewage seepage pits without <<eadan>>	adan|aedan|badan|dadan|eagan|eavan
production-1945-vol1-chapters	1654	23.0	cijapter	<<cijapter>>	chapter
production-1945-vol1-chapters	1657	44.7	instrue	withholding of anything other than written burial <<instrue>>	instru|instruc|instrum
production-1945-vol1-chapters	1658	4.0	cotenait	<<cotenait>>	cotenant
production-1945-vol1-chapters	1659	19.9	mumtis	cent of the moneys received and reported <<mumtis>>	muftis|multis|murtis|mutis
production-1945-vol1-chapters	1661	2.10	iscer	to the last census the department shall <<iscer>>	icer|isced|iscor|iser|isher|isler
production-1945-vol1-chapters	1661	21.9	determsna	wider the provisions of any law hereto <<determsna>>	determine
production-1945-vol1-chapters	1664	11.3	utination	health and ave <<utination>> test record signed by a qualified	urination
production-1945-vol1-chapters	1664	44.5	uumene	or sea lion herds by <<uumene>> methods whenever such a course js	cumene
production-1945-vol1-chapters	1665	31.11	sondi	preparing to cope with and guard against <<sondi>>	bondi|condi|dondi|fondi|gondi|mondi
production-1945-vol1-chapters	1670	24.0	pynmel	<<pynmel>> provisions shall be made for the most	panel
production-1945-vol1-chapters	1670	32.0	counris	<<counris>> disaster council by ordinance a disaster council	countis
production-1945-vol1-chapters	1673	31.7	proclai	the governor has not within davs after <<proclai>> ning	proclaim
production-1945-vol1-chapters	1673	38.11	imnmunaties	council of any public agency in early <<imnmunaties>>	immunities
production-1945-vol1-chapters	1674	11.0	mnetect	<<mnetect>> at the time this act becomes effective	detect
production-1945-vol1-chapters	1676	24.0	cilapter	<<cilapter>>	chapter
production-1945-vol1-chapters	1677	15.7	rooras	together with all rooms and apartments including <<rooras>> or	booras
production-1945-vol1-chapters	1678	2.4	ercss	wise perform as rich <<ercss>> ventilation as possible where	ecss|ercs
production-1945-vol1-chapters	1678	34.3	conicol	a structural pest <<conicol>> field representative may secure	conical
production-1945-vol1-chapters	1678	50.1	ethvlene	chloride <<ethvlene>> dichlorice sulphur dioxide chloropicrin or	ethylene
production-1945-vol1-chapters	1680	14.1	adjuc	been <<adjuc>> icated by the courts or the time	adjust
production-1945-vol1-chapters	1681	13.10	fsamina	make rules and regulations for the pur <<fsamina>>	samina
production-1945-vol1-chapters	1686	7.3	erclus	viding for the <<erclus>> on of aliens employed under author	ecclus|reclus
production-1945-vol1-chapters	1686	29.4	tarcs	received in payment oy <<tarcs>>	arcs|barcs|marcs|narcs|parcs|tacs
production-1945-vol1-chapters	1691	5.7	inmnetion	sec the commissioner of corporations may maintain <<inmnetion>>	intention
production-1945-vol1-chapters	1691	16.8	rematy	any person firm company or corporation who <<rematy>>	remate
production-1945-vol1-chapters	1694	43.3	erejn	ul persons h <<erejn>>	eren
production-1945-vol1-chapters	1698	9.0	cliapter	<<cliapter>>	chapter
production-1945-vol1-chapters	1699	29.7	toboygan	ideally situated for winter sports including skiing <<toboygan>>	tobogan|toboggan
production-1945-vol1-chapters	1700	0.4	mitiative	inevitable unemployed through private <<mitiative>> and by use of	mitigative
production-1945-vol1-chapters	1700	2.1	deerinitions	cuapttrr <<deerinitions>>	definitions
production-1945-vol1-chapters	1701	13.9	puble	term public corporation as used in this <<puble>>	buble|dpuble|duble|pable|poble|pubble
production-1945-vol1-chapters	1701	18.10	coustructior	tense includes the past and future tenses <<coustructior>>	construction
production-1945-vol1-chapters	1701	24.0	cuaprer	<<cuaprer>> mount san jacinto winter park authority	chapter
production-1945-vol1-chapters	1701	28.10	rupne	is a public agency and publi corporation <<rupne>>	ruane|ruine|rune|runne|rupe|rupee
production-1945-vol1-chapters	1702	18.7	feaca	for the unexpired term cf such member <<feaca>> member of the	faca|feca|flaca
production-1945-vol1-chapters	1704	30.0	malnte	<<malnte>> sec the authority may enter into contracts	malate|malte|mante
production-1945-vol1-chapters	1704	38.5	ostels	ski houses ski huts ski <<ostels>> and other accommodations for	hostels
production-1945-vol1-chapters	1708	3.0	repatts	<<repatts>> sec an indenture may include a clause	repasts
production-1945-vol1-chapters	1709	45.9	molifi	shall nevertheless be subject to any such <<molifi>>	modify
production-1945-vol1-chapters	1711	4.7	ieless	coupons their signatures or countersignatures are nevert <<ieless>>	iceless|illess|ireless|pieless
production-1945-vol1-chapters	1715	9.8	pubbie	the authority may insure against public lia <<pubbie>>	bubbie|cubbie|hubbie|pubble|public|subbie
production-1945-vol1-chapters	1717	0.8	rastru	commission and upon ail agencies departments or <<rastru>>	castro|rastra|rastro
production-1945-vol1-chapters	1718	13.4	oubl	may reim urse suc <<oubl>> co poration for any such advance	doubl|obl|oul|outl|publ|ubl
production-1945-vol1-chapters	1718	41.0	yeieee	<<yeieee>> fund in the event the proceeds of	yeeee|yeeeee
production-1945-vol1-chapters	1720	13.0	rereme	<<rereme>> account of the authority said special fund	jereme|reree
production-1945-vol1-chapters	1723	4.10	xammation	make or cause to be made z <<xammation>>	gammation
production-1945-vol1-chapters	1723	28.0	ciiapter	<<ciiapter>>	chapter
production-1945-vol1-chapters	1729	25.12	sernce	reason of service with the a med <<sernce>>	seance|sence|servce
production-1945-vol1-chapters	1731	2.6	neaci	june as amended by amending sections <<neaci>>	naci|neac|neace
production-1945-vol1-chapters	1733	26.10	prceers	said proposition the organization fails but without <<prceers>>	proceeds
production-1945-vol1-chapters	1736	0.3	lorm	the rollow ng <<lorm>>	borm|corm|dorm|form|gorm|horm
production-1945-vol1-chapters	1737	25.10	formot	shall cause the ballots to be printed <<formot>>	forgot|format|formol|formost
production-1945-vol1-chapters	1738	13.4	mazied	ballots shall have been <<mazied>> at least three whole days before	lazied|magied|maried|mazed|mazie|mazier
production-1945-vol1-chapters	1740	3.2	vaade	appointment was <<vaade>> singly or in conjunction with other	aade|baade|saade|vaad|vade|valade
production-1945-vol1-chapters	1740	23.3	cemage	accident injury taking <<cemage>> or destruction has occurred	camage
production-1945-vol1-chapters	1742	0.0	caapier	<<caapier>>	campier|chapter
production-1945-vol1-chapters	1742	25.0	sints	<<sints>> unencumbered balance of the appropriation made by	aints|dints|hints|ints|lints|mints
production-1945-vol1-chapters	1743	19.11	gveive	and inclose and seal in the envelopes <<gveive>>	give|greive
production-1945-vol1-chapters	1745	32.9	remaus	remains shipped into the state from other <<remaus>>	remans|remaps|remass|remus
production-1945-vol1-chapters	1746	13.4	urcer	p acquired or constructed <<urcer>> provisions of the california toll	murcer|ulcer|urger|urner
production-1945-vol1-chapters	1747	31.8	jmita	not contain more than bacteria per gram <<jmita>>	amita|imita|jita|mita|smita
production-1945-vol1-chapters	1754	45.0	btals	<<btals>> deterioration to provide zor their orderly use	baals|bals|beals|boals|btas|itals
production-1945-vol1-chapters	1755	17.11	distubution	act shall be distributed to the counties <<distubution>>	distribution
production-1945-vol1-chapters	1757	2.11	ribed	therein or in the land therein des <<ribed>>	bribed|gibed|jibed|rebed|ribbed|ribe
production-1945-vol1-chapters	1757	43.9	establishir	may be deemed necessary or useful in <<establishir>> g such	establisher
production-1945-vol1-chapters	1760	22.0	mansfes	<<mansfes>> further that the provisions of this section	manses
production-1945-vol1-chapters	1762	9.3	concnet	the practice or <<concnet>> of which requires the possession or	concent|concret
production-1945-vol1-chapters	1763	5.7	twvest	and to the insurance code relating to <<twvest>>	tweest
production-1945-vol1-chapters	1763	36.9	sretion	subject to the conditions and limitations of <<sretion>>	cretion
production-1945-vol1-chapters	1769	11.7	penninon	person means any individual partnership firm corporation <<penninon>>	pension
production-1945-vol1-chapters	1772	0.0	jish	<<jish>> conclusively that such property was actually abandoned	aish|bish|dish|eish|fish|gish
production-1945-vol1-chapters	1772	8.0	tostate	<<tostate>> abandonment shali file a verified petition in	costate|testate|tomtate
production-1945-vol1-chapters	1772	41.0	approprin	<<approprin>> said abandoned property fund is hereby appropriated	appropri
production-1945-vol1-chapters	1775	6.10	wmease	an action or proceeding may be commenced <<wmease>>	mease|wease
production-1945-vol1-chapters	1776	7.0	estabhsh	<<estabhsh>> mence actions on behalf of the state	establish
production-1945-vol1-chapters	1776	18.0	venueof	<<venueof>> property is situated such actions shall be	venue
production-1945-vol1-chapters	1777	20.11	reunen	judgment of escheat to the state in <<reunen>> for	reenen|reinen|reuben|reune|reuven
production-1945-vol1-chapters	1778	38.0	peusae	<<peusae>> needed in the operation of cafeterias may	persae|reuse
production-1945-vol1-chapters	1780	5.0	restae	<<restae>> which adjoins or crosses any lands owned	gestae|resta|restage|restake|restate|restau
production-1945-vol1-chapters	1782	14.0	astnet	<<astnet>> utility district incorporated under the municipal utility	artnet|aspnet|fastnet
production-1945-vol1-chapters	1783	1.8	authonty	incorporated under the county water aut ority <<authonty>>	authority
production-1945-vol1-chapters	1783	37.10	jamspes	any metropolitan water district or the oard <<jamspes>>	james
production-1945-vol1-chapters	1784	23.2	reenyered	more is <<reenyered>> in such suit than the amount so	reentered
production-1945-vol1-chapters	1785	28.8	lymg	all property within such metropolitan water district <<lymg>> in	lmg|lomg|lyg|lym|lyme|lymm
production-1945-vol1-chapters	1786	8.0	taenmg	<<taenmg>> county auditor or county auditors segregating the	taeng
production-1945-vol1-chapters	1786	45.0	subjectto	<<subjectto>> ever any area shall be annexed to	subject
production-1945-vol1-chapters	1786	46.0	javahon	<<javahon>> of any municipality the area of which	avalon
production-1945-vol1-chapters	1789	36.8	wmextion	of any municipal water district municipal atility <<wmextion>>	mention
production-1945-vol1-chapters	1789	46.11	ropol	authorized to be levied by such me <<ropol>>	popol|rool|rosol|topol
production-1945-vol1-chapters	1792	11.0	itemzation	<<itemzation>> company or association against the county nor	itemization
production-1945-vol1-chapters	1796	36.0	ihel	<<ihel>> note in counties of the fifty fourth	bhel|chel|hel|hiel|icel|idel
production-1945-vol1-chapters	1800	24.1	heatron	pag <<heatron>> any order issued under the provisions of	heaton|heatran|seatron|theatron
production-1945-vol1-chapters	1801	7.10	pupteation	under the provisions of this section shall <<pupteation>>	putation
production-1945-vol1-chapters	1802	11.0	gaboee	<<gaboee>> reconstruct alter enlarge maintain and operate such	above
production-1945-vol1-chapters	1804	33.0	legislat	<<legislat>> we in including the united states within	legislate
production-1945-vol1-chapters	1804	34.0	declarauior	<<declarauior>> article the legislature declares that it understands	declaration
production-1945-vol1-chapters	1808	1.0	instriet	<<instriet>> used to tale fish other tian catfish	instruct
production-1945-vol1-chapters	1813	19.7	superisors	each supervisor shall receive three thousand clollarg <<superisors>>	superiors|supervisors
production-1945-vol1-chapters	1814	41.0	discontinu	<<discontinu>> wherever the board of supervisors in any	discontinue
production-1945-vol1-chapters	1815	37.9	coramis	the due and proper appointment of such <<coramis>>	corambis
production-1945-vol1-chapters	1816	14.5	enief	authority may call upon the <<enief>> law officer of the city or the	enie|enif|enlief
production-1945-vol1-chapters	1817	28.9	fwid	discretion may use such portion of said <<fwid>> as music ete	faid|fid|foid|frid|fwd|fwi
production-1945-vol1-chapters	1818	20.0	opeee	<<opeee>> gause of action shall arise against any	opere
production-1945-vol1-chapters	1820	1.0	ofplans	<<ofplans>> done or improvements to be made under	plans
production-1945-vol1-chapters	1825	42.10	trigat	the lands of the riverside land and <<trigat>>	triga
production-1945-vol1-chapters	1826	18.0	sobrente	<<sobrente>> ce san jacinto	sobrante
production-1945-vol1-chapters	1827	28.10	thenen	sec t r w s bb m <<thenen>> east	tenen|theen|thelen|themen|thene|thenew
production-1945-vol1-chapters	1829	1.9	ecrner	on section lines miles to the southwest <<ecrner>>	cerner|earner|erner
production-1945-vol1-chapters	1835	11.6	niain	tion leasing ownership disposition use management <<niain>>	iain|nain|niacin|niaid|nian|niani
production-1945-vol1-chapters	1837	2.8	superintenc	to appoint and employ all needful agents <<superintenc>> ents	superintend
production-1945-vol1-chapters	1839	14.9	eudit	state of california for the preparing presenting <<eudit>>	audit|edit|erudit|eudist|judit|udit
production-1945-vol1-chapters	1839	18.9	eonstitut	in each of the six separate zones <<eonstitut>>	constitut|constitute
production-1945-vol1-chapters	1839	42.10	coramis	which he is appointed should a zone <<coramis>>	corambis
production-1945-vol1-chapters	1839	50.9	eondi	of said district shall be a precedent <<eondi>>	bondi|condi|dondi|endi|eonni|fondi
production-1945-vol1-chapters	1845	29.9	procean	of supervisors may by ordinance preserike any <<procean>>	phocean|prorean|protean
production-1945-vol1-chapters	1847	46.10	retoratio	anv judgment in condemnation or by agree <<retoratio>>	restoration
production-1945-vol1-chapters	1848	6.0	ewntence	<<ewntence>> mine the legality of its existence may	sentence
production-1945-vol1-chapters	1850	6.3	warrert	time for any <<warrert>> not presented to the county treasurer within	warrent|warrer
production-1945-vol1-chapters	1850	32.0	enumeratecl	<<enumeratecl>>	enumerated
production-1945-vol1-chapters	1858	19.0	byalen	<<byalen>> declared to constitute an interest in real	balen|baylen
production-1945-vol1-chapters	1861	29.11	puaun	in effect until the ninety first day <<puaun>>	paun|puan
production-1945-vol1-chapters	1862	45.0	mdmance	<<mdmance>> ation method of maturity and the rate	advance
production-1945-vol1-chapters	1863	48.11	selool	each county treasury a fund nown try <<selool>>	school
production-1945-vol1-chapters	1864	0.2	paicl	shall e <<paicl>> all moneys apportioned to the fund the	paice|pail
production-1945-vol1-chapters	1868	44.2	pyiations	charge o <<pyiations>> from the general fund in the state	plications
production-1945-vol1-chapters	1869	16.10	paondel	and disabilities of aliens and of certain <<paondel>>	panel
production-1945-vol1-chapters	1870	20.0	cifapter	<<cifapter>>	chapter
production-1945-vol1-chapters	1872	4.0	ageregatcd	<<ageregatcd>> aud shown as one stein	aggregated
production-1945-vol1-chapters	1873	17.4	livut	this part does not <<livut>> the authority of the division sotey	lieut|livet
production-1945-vol1-chapters	1873	17.10	sotey	not livut the authority of the division <<sotey>>	motey|otey|sobey|soley|sorey|sote
production-1945-vol1-chapters	1873	46.9	hretune	shall inspect or cause to be inspected <<hretune>>	retune
production-1945-vol1-chapters	1874	48.0	norarv	<<norarv>> restraining order	norard|notary
production-1945-vol1-chapters	1875	23.10	penntty	time that a request for a permit <<penntty>>	penalty
production-1945-vol1-chapters	1875	36.10	engit	as to burst or break the boiler <<engit>> e or	engi|engie|engin|engirt|engis|enit
production-1945-vol1-chapters	1875	40.9	teatlt	or other apparatus for generating or employing <<teatlt>>	dealt
production-1945-vol1-chapters	1876	11.0	guerer	<<guerer>> thousand dollars	guerre|puerer|querer
production-1945-vol1-chapters	1876	29.0	citapter	<<citapter>>	chapter
production-1945-vol1-chapters	1876	39.0	supls	<<supls>> it is unlawful for any person firm	spls|supes|suply|supps|sups
production-1945-vol1-chapters	1879	21.7	buriding	the applicant shall file with his application <<buriding>>	buiding|building|buliding
production-1945-vol1-chapters	1880	6.2	ineuired	its jurisdiction <<ineuired>> in the issuing of permits including	inquired
production-1945-vol1-chapters	1880	16.4	stected	york this chapte is <<stected>> or proceeded with prior to the obtaining	stetted
production-1945-vol1-chapters	1885	5.9	intertocutory	necessary steps ordered by the court have <<intertocutory>>	interlocutory
production-1945-vol1-chapters	1885	49.9	nottec	time and place of the intended sale <<nottec>> or	notte|notter
production-1945-vol1-chapters	1888	3.0	septmie	<<septmie>> approve by governor july filed with secretary	septic|septime
production-1945-vol1-chapters	1888	8.0	omeral	<<omeral>> other political subdivision nor any public officer	gomeral|meral|overal
production-1945-vol1-chapters	1889	13.0	ciiapter	<<ciiapter>>	chapter
production-1945-vol1-chapters	1889	16.10	seember	wy wy igs with secretary of slate <<seember>>	seeber|seemer|sember|stember
production-1945-vol1-chapters	1889	30.12	irned	case such prior writ had been ret <<irned>>	ined|ired|irked|irne|ironed
production-1945-vol1-chapters	1889	44.12	leten	a writ in recard to the same <<leten>>	eeten|eten|keten|laten|leben|leden
production-1945-vol1-chapters	1891	6.9	sentenber	governor july wop with secretary of state <<sentenber>>	sentencer
production-1945-vol1-chapters	1891	24.12	prousions	the sale by a person of his <<prousions>>	profusions|prolusions|provisions
production-1945-vol1-chapters	1892	13.1	maneatly	weephinay <<maneatly>> revoke the license of a broker or	manually
production-1945-vol1-chapters	1894	13.5	nination	renewal fees if an exa <<nination>> is given pursuant to request	bination|nidation|nivation
production-1945-vol1-chapters	1898	6.0	rerecor	<<rerecor>> witkin four years from the last recording	rerecord
production-1945-vol1-chapters	1899	15.8	contractin	the purpose of classification the contracting busi <<contractin>>	contracting|contraction
production-1945-vol1-chapters	1899	16.9	busmess	any or all of the following branches <<busmess>>	business|busness
production-1945-vol1-chapters	1899	40.8	speculty	specialty contractor is a contractor whose opera <<speculty>>	specialty
production-1945-vol1-chapters	1900	2.0	caiers	<<caiers>> adult rules and regulations necessary to effect	cabers|cagers|cahiers|caires|caners|capers
production-1945-vol1-chapters	1900	18.8	hcensed	craft for which the specialty contractor is <<hcensed>>	censed
production-1945-vol1-chapters	1900	29.0	ttmet	<<ttmet>> states or its territories to take real	time|timet
production-1945-vol1-chapters	1901	15.8	wortmen	to the labor code relating to disabled <<wortmen>>	workmen|worten|worthen|wortman
production-1945-vol1-chapters	1901	23.9	vompensa	who is suffering from a previous per <<vompensa>>	compense
production-1945-vol1-chapters	1903	25.9	augmen	be paid into the state treasury in <<augmen>> ation	augen|augment
production-1945-vol1-chapters	1904	5.0	macany	<<macany>> appoint a county sealer fcr such county	macan|macana|mahany
production-1945-vol1-chapters	1906	26.0	ciiapter	<<ciiapter>>	chapter
production-1945-vol1-chapters	1910	0.0	citapter	<<citapter>>	chapter
production-1945-vol1-chapters	1912	3.0	catvons	<<catvons>> ship on the board who is not	cations|catons|catrons
production-1945-vol1-chapters	1912	42.0	seealso	<<seealso>> governing body	seals
production-1945-vol1-chapters	1914	16.2	whiea	or over <<whiea>> ary highway common carrier usually or ordinar	waiea|whea|whiba|whie
production-1945-vol1-chapters	1917	20.6	eyag	approved by governor wy iy o <<eyag>> ye with secretary of slate styrene	eag|emag|etag|eya|eyad|eyah
production-1945-vol1-chapters	1919	19.5	premul	p authorized regulations means regulations <<premul>>	premium
production-1945-vol1-chapters	1922	39.0	soiente	<<soiente>> approve by governor july ee a g	science|siente|soient
production-1945-vol1-chapters	1923	9.8	deeried	by such individual for such employer are <<deeried>> to	decried
production-1945-vol1-chapters	1924	13.0	thago	<<thago>> as amended in order to secure to	hago|tago|thabo|thag|thalgo|thao
production-1945-vol1-chapters	1924	23.0	methea	<<methea>> rate and apart from all public moneys	bethea|metea|metha|methe|methed|mether
production-1945-vol1-chapters	1925	17.13	wedieal	to active duty in case of insurrection <<wedieal>>	medical
production-1945-vol1-chapters	1925	44.8	petermn	the commanding officer of the organization charged <<petermn>>	peterman|veteran
production-1945-vol1-chapters	1926	5.0	armones	<<armones>> enor shall make and enforce regulations for	ramones
production-1945-vol1-chapters	1926	11.0	behool	<<behool>> adjutant general prescribes the adjutant general may	befool|behoof|behoot|behowl|bhool
production-1945-vol1-chapters	1926	12.0	unforms	<<unforms>> issue to the high school cadets necessary	informs|unform|uniforms
production-1945-vol1-chapters	1926	23.0	citapter	<<citapter>>	chapter
production-1945-vol1-chapters	1927	5.7	nnended	securities ict section of the public resources <<nnended>>	unended
production-1945-vol1-chapters	1929	51.9	empleymen	allotted according to their nature into divisions <<empleymen>>	employment
production-1945-vol1-chapters	1930	16.1	ernoy	insurance <<ernoy>> sta ject to the ap oval of	erno|erny|ersoy
production-1945-vol1-chapters	1930	21.0	ciiapter	<<ciiapter>>	chapter
production-1945-vol1-chapters	1932	0.0	amendacd	<<amendacd>> reau	amended
production-1945-vol1-chapters	1936	14.0	preemnployment	<<preemnployment>> medical or physical examination taken as a	preemployment
production-1945-vol1-chapters	1937	21.0	ciiapter	<<ciiapter>>	chapter
production-1945-vol1-chapters	1937	31.0	hercof	<<hercof>> fo take effect immediately	hercog|hereof
production-1945-vol1-chapters	1937	38.0	cuaprer	<<cuaprer>> deerrnitions	chapter
production-1945-vol1-chapters	1937	44.4	malonvlurea	derivatives barbituric acid or <<malonvlurea>> derivsetives	malonylurea
production-1945-vol1-chapters	1937	44.5	derivsetives	derivatives barbituric acid or malonvlurea <<derivsetives>>	derivatives
production-1945-vol1-chapters	1938	26.0	preserip	<<preserip>> prescription means an order given individually	preserve
production-1945-vol1-chapters	1940	21.0	orfines	<<orfines>> this chapte shall be paid one half	ordines|orpines
production-1945-vol1-chapters	1941	41.4	cresolic	bromine chloroform creosote conium <<cresolic>> acid ether solu	cresolin|cresotic|cresylic
production-1945-vol1-chapters	1942	0.0	seealso	<<seealso>> dec section o the health and safety	seals
production-1945-vol1-chapters	1942	3.10	amidopy	at retail aad ecntaims aay quantity of <<amidopy>> ine	amidoxy
production-1945-vol1-chapters	1943	35.9	cluring	dependable job the work should be done <<cluring>>	clueing|cluing|curing|luring
production-1945-vol1-chapters	1945	8.8	proinding	of dangerous drugs as defined therein and <<proinding>>	poinding
production-1945-vol1-chapters	1945	23.4	malonvlurea	derivatives barbituric acid or <<malonvlurea>> derivatives	malonylurea
production-1945-vol1-chapters	1946	4.0	preserap	<<preserap>> prescription means an order given individually	preserve
production-1945-vol1-chapters	1946	12.1	nerian	cane <<nerian>> and pharmaciss mean persons authorized by a	derian|erian|jerian|merian|neria|neriah
production-1945-vol1-chapters	1948	4.0	misdemear	<<misdemear>> or is prosecuted to be deposited in	misdemean
production-1945-vol1-chapters	1949	14.8	ariatic	following is schedule b hydrochloric or m <<ariatic>> schedule	adriatic|asiatic|aviatic|triatic
production-1945-vol1-chapters	1949	16.4	cresolic	bromine chloroform creosote conium <<cresolic>> acid ethe solu	cresolin|cresotic|cresylic
production-1945-vol1-chapters	1950	1.7	sulfe	uncer the present law sulfanilamides and substituted <<sulfe>>	selfe|sule|sulfa|sulfer|sulfo|sulle
production-1945-vol1-chapters	1951	0.2	maugurate	authority shall <<maugurate>> an inspection service therein and	augurate
production-1945-vol1-chapters	1951	35.7	emectine	sec this act shall become effective october <<emectine>>	emetine
production-1945-vol1-chapters	1954	6.0	cizapter	<<cizapter>>	chapter
production-1945-vol1-chapters	1954	39.0	tasments	<<tasments>> loans may be made by an association	payments
production-1945-vol1-chapters	1955	26.8	shecate	event such association shall thereafter pledge hypo <<shecate>>	hecate|senate|thecate
production-1945-vol1-chapters	1957	17.8	miscellanc	per cent of the compensation paid state <<miscellanc>> retirement	miscellany
production-1945-vol1-chapters	1957	30.9	swnw	contracting agencies to subject themselves and their <<swnw>>	snw|swn|swnt|swow|sww|wnw
production-1945-vol1-chapters	1958	16.0	cilapter	<<cilapter>>	chapter
production-1945-vol1-chapters	1959	49.0	eountv	<<eountv>>	county
production-1945-vol1-chapters	1960	50.6	vereater	claims shal be for any sum <<vereater>> than two hundred fifty dol	overeater
production-1945-vol1-chapters	1962	26.0	reeere	<<reeere>> cof intention to withdraw and who shall	refere|revere
production-1945-vol1-chapters	1963	12.10	granais	used in this article shall include each <<granais>>	grandis|grannis|grants
production-1945-vol1-chapters	1963	31.8	yuent	withdrawal claims shall be secondary and subse <<yuent>>	quent|suent|yent|yuen|yueng|yuet
production-1945-vol1-chapters	1963	40.9	oyerat	other employees and other usual and ordinary <<oyerat>>	operat|operate
production-1945-vol1-chapters	1963	41.9	licom	of such association and commitments on its <<licom>>	dicom|hicom|icom|lico|licor|liom
production-1945-vol1-chapters	1964	1.0	cipel	<<cipel>> amount of moneys borrowed by such association	capel|ciel|cinel|cipe|civil|copel
production-1945-vol1-chapters	1964	16.4	avments	be further limited to <<avments>> pursuant to the subsequent pro	aments
production-1945-vol1-chapters	1964	29.12	cefi	their minimum term or any or all <<cefi>>	cdfi|ceci|cedi|cef|cefc|cefn
production-1945-vol1-chapters	1965	40.9	pedged	to the contrary in this act how <<pedged>>	edged|hedged|ledged|pegged|pledged|sedged
production-1945-vol1-chapters	1966	18.0	davals	<<davals>> itv no association shell agree in advance	davalos
production-1945-vol1-chapters	1966	34.10	dedrite	of its minimum term or of any <<dedrite>>	dendrite|gedrite
production-1945-vol1-chapters	1969	13.2	eniber	july rept <<eniber>>	enter
production-1945-vol1-chapters	1970	1.0	anaci	<<anaci>> tosepeal article comprising sections to	abaci|anac|anacid|anacin|anacs|anahi
production-1945-vol1-chapters	1970	27.0	unanthor	<<unanthor>> this article does not authorize the refund	unanchor
production-1945-vol1-chapters	1971	25.0	cuarter	<<cuarter>> licensing or educational personnel	carter|charter|cuartel|curter|quarter
production-1945-vol1-chapters	1972	1.1	iremerts	rest <<iremerts>>	reverts
production-1945-vol1-chapters	1972	5.0	cetifier	<<cetifier>> e the word certificate used as a	acetifier|certifier
production-1945-vol1-chapters	1972	14.0	focrment	<<focrment>> e ode includes only certificates credential and	document|forment
production-1945-vol1-chapters	1972	17.0	matuuer	<<matuuer>> teacher education institution meeting such standards as	matter|maturer
production-1945-vol1-chapters	1972	39.0	natrous	<<natrous>> cations for credentials and life diplomas and	atrous|nacrous|nitrous|watrous
production-1945-vol1-chapters	1975	29.7	cenerat	the minimum standard for the general elementary <<cenerat>>	general|generat
production-1945-vol1-chapters	1975	50.7	kider	the minimum standard for the kindergarten pri <<kider>>	aider|bider|cider|eider|hider|ider
production-1945-vol1-chapters	1977	24.8	mulltery	standard for the military science and tactics <<mulltery>>	mullery|mulletry
production-1945-vol1-chapters	1977	37.7	pxchanee	the standard for the exchange teacher credential <<pxchanee>>	exchange
production-1945-vol1-chapters	1979	14.9	mihtary	date of expiration of any crede tial <<mihtary>>	military|miltary
production-1945-vol1-chapters	1979	22.11	arieri	the full time paid service of the <<arieri>>	arieti|frieri
production-1945-vol1-chapters	1982	46.0	instatus	<<instatus>> required to contribute to the retirement annuity	instates|status
production-1945-vol1-chapters	1983	11.11	ennu	interest at a rate or rates declared <<ennu>>	annu|bennu|enju|enmu|enn|enna
production-1945-vol1-chapters	1984	19.10	iccal	entitled to receive retirement benefits under a <<iccal>>	ical|icca|iccat|ictal|incal
production-1945-vol1-chapters	1986	2.0	ituder	<<ituder>> subdivision b of section shall be the	itude|studer|tuder
production-1945-vol1-chapters	1986	23.7	uacer	of section not counting any deductions made <<uacer>>	acer|facer|hacer|lacer|macer|nacer
production-1945-vol1-chapters	1987	29.8	vahulation	all retirements made by the teachers retirement <<vahulation>>	valuation|vapulation
production-1945-vol1-chapters	1988	23.0	wwiaten	<<wwiaten>> division of laboratories of the state department	written
production-1945-vol1-chapters	1990	1.0	dxposition	<<dxposition>> inspection departments or establishments all moneys received	deposition|exposition
production-1945-vol1-chapters	1990	13.0	povation	<<povation>> in the state of california shall permit	novation|ovation|potation
production-1945-vol1-chapters	1992	14.0	orepero	<<orepero>> expenditure by the department of public health	repro
production-1945-vol1-chapters	1993	4.10	pration	department of public health by thisi act <<pration>>	aration|bration|eration|gration|iration|oration
production-1945-vol1-chapters	1993	33.0	cizapter	<<cizapter>>	chapter
production-1945-vol1-chapters	1994	43.1	orentt	b <<orentt>> to route south of santa maria	orent
production-1945-vol1-chapters	1996	20.0	preties	<<preties>> from engaging in the unfair practices hereinafter	pieties|premies|pretties|reties
production-1945-vol1-chapters	1997	44.12	prowrers	distributors to producers for fluid er am <<prowrers>>	prowers|prowlers
production-1945-vol1-chapters	1999	10.11	tssary	a pool manager and such other nec <<tssary>>	assary|essary|ussary
production-1945-vol1-chapters	2001	13.10	lkfat	that portion of milk rich in m <<lkfat>>	left
production-1945-vol1-chapters	2001	33.8	ilkfat	producer means any person who produces w <<ilkfat>>	milkfat
production-1945-vol1-chapters	2002	11.0	intvin	<<intvin>> advisory oard which shall consist of nineteen	intein|intern
production-1945-vol1-chapters	2003	15.0	batior	<<batior>> carirornta dairy industry advisory board a ct	batio|bator
production-1945-vol1-chapters	2005	38.11	odloy	to do to contract with or em <<odloy>>	only
production-1945-vol1-chapters	2005	39.8	aclver	at its pleasure discharge such advertising experts <<aclver>>	alver|calver|maclver|mclver
production-1945-vol1-chapters	2005	44.9	aclver	to the director the making of such <<aclver>>	alver|calver|maclver|mclver
production-1945-vol1-chapters	2007	51.0	enstine	<<enstine>> annual period	enstone
production-1945-vol1-chapters	2008	8.0	duccr	<<duccr>> handler shall also pay a fee of	ducor
production-1945-vol1-chapters	2011	18.10	labiuity	the board duly appointed by the direc <<labiuity>>	lability
production-1945-vol1-chapters	2012	11.0	orvehicles	<<orvehicles>> market value of vehicles for the calendar	vehicles
production-1945-vol1-chapters	2014	32.0	plenier	<<plenier>> culy j	lender|plender
production-1945-vol1-chapters	2017	21.0	ejass	<<ejass>> or classes of his employees including any	jass
production-1945-vol1-chapters	2018	28.0	nients	<<nients>> as is provided by law for other	niente|rients|zients
production-1945-vol1-chapters	2022	13.0	chizz	<<chizz>> every other er ployee becomes a member	chazz|chiz|chizu|chizzy|hizz|shizz
production-1945-vol1-chapters	2022	15.0	memberslyp	<<memberslyp>>	membership
production-1945-vol1-chapters	2022	34.0	chjz	<<chjz>> an elective officer is excluded from membership	chaz|chez|chiz|chj|chz
production-1945-vol1-chapters	2022	35.0	electhe	<<electhe>> thig system unless he files with the	electee
production-1945-vol1-chapters	2023	43.8	arnong	amendments so approved except that an election <<arnong>>	anong|arlong|arning|arnon|arnone|ranong
production-1945-vol1-chapters	2023	47.10	pubhe	board or other governing body all actions <<pubhe>> seen	dubhe|pube|puhe
production-1945-vol1-chapters	2023	50.11	governect	to be taken by a public agency <<governect>>	governent|government
production-1945-vol1-chapters	2025	52.11	jsabity	manner as for all other state employees <<jsabity>>	sanity
production-1945-vol1-chapters	2026	13.0	seealso	<<seealso>> sec section of said code is amended	seals
production-1945-vol1-chapters	2026	21.0	medeat	<<medeat>> lity retirement allowance under the age of	medea|medhat
production-1945-vol1-chapters	2026	38.0	seeatsy	<<seeatsy>> flo the special death benefit	seats
production-1945-vol1-chapters	2026	40.0	huhie	<<huhie>> under such contract the state fund in	hubie|hughie|huhi|huhne|huie
production-1945-vol1-chapters	2027	8.9	ribu	of death allowance provided from state con <<ribu>>	aibu|ibu|mibu|rabu|rbu|riau
production-1945-vol1-chapters	2028	12.0	pubhe	<<pubhe>> days in the event said parcel of	dubhe|pube|puhe
production-1945-vol1-chapters	2028	35.1	srorion	newseclw <<srorion>> there is hereby added a new section	erosion
production-1945-vol1-chapters	2030	28.0	cleris	<<cleris>> dollars per month	cheris|claris|cleis|clercs|cleri|cleric
production-1945-vol1-chapters	2033	20.9	omeers	shall elect from its members a president <<omeers>>	ameers|meers|omers
production-1945-vol1-chapters	2034	8.0	puepense	<<puepense>> the verified complaint in writing of any	prepense
production-1945-vol1-chapters	2035	9.9	impersonat	that the holder of a certificate is <<impersonat>> impersona	impersonal|impersonate
production-1945-vol1-chapters	2035	9.10	impersona	the holder of a certificate is impersonat <<impersona>>	impersonal
production-1945-vol1-chapters	2036	11.0	prution	<<prution>> tural society for the support of an	portion|prutton
production-1945-vol1-chapters	2044	11.0	cilapter	<<cilapter>>	chapter
production-1945-vol1-chapters	2044	27.0	citapter	<<citapter>>	chapter
production-1945-vol1-chapters	2047	8.8	unéz	certify as necessary to reimburse the county <<unéz>> poor	untz|unz
production-1945-vol1-chapters	2050	0.0	clapcter	<<clapcter>>	chapter
production-1945-vol1-chapters	2050	13.0	cliapter	<<cliapter>>	chapter
production-1945-vol1-chapters	2052	38.0	cilapter	<<cilapter>>	chapter
production-1945-vol1-chapters	2053	14.9	quaufies	shall comply with each of the follow <<quaufies>>	qualifies
production-1945-vol1-chapters	2054	44.0	queney	<<queney>> in respect to any transfer shall be	queeny|quiney
production-1945-vol1-chapters	2055	19.9	imder	any fee or penalty subject to refund <<imder>>	ider|imber|imer|imler|immer|imper
production-1945-vol1-chapters	2056	8.0	obedienceto	<<obedienceto>> obedience to traffic and police officers it	obedience
production-1945-vol1-chapters	2056	9.1	améas	ac <<améas>> ful to wilfully fail or refuse to	amaas|amas|ambas|amcas|amias|ampas
production-1945-vol1-chapters	2056	37.0	pbeval	<<pbeval>> trafte official traffic signals whenever traffic is	penal|preval
production-1945-vol1-chapters	2056	37.1	trafte	pbeval <<trafte>> official traffic signals whenever traffic is controlled	traft|traite
production-1945-vol1-chapters	2058	22.0	ciher	<<ciher>> combination or combinations of vehicles in figures	cher|chier|ciber|cicer|cider|cihr
production-1945-vol1-chapters	2058	46.0	ovming	<<ovming>> of a it is unlawful for the	oeming|oving
production-1945-vol1-chapters	2058	47.0	sehreles	<<sehreles>> ing cr otherwise directing the driver any	secretes
production-1945-vol1-chapters	2060	2.0	vead	<<vead>>	bead|dead|ead|fead|head|lead
production-1945-vol1-chapters	2061	36.8	nepes	section of the education code is repealed <<nepes>>	cepes|epes|hepes|kepes|napes|neces
production-1945-vol1-chapters	2062	37.0	faumeurs	<<faumeurs>> pe made upon the apprcpriate form furnished	farmers
production-1945-vol1-chapters	2063	28.0	scopeof	<<scopeof>> examination a the examination shall scope of	scope
production-1945-vol1-chapters	2064	9.0	ciiapter	<<ciiapter>>	chapter
production-1945-vol1-chapters	2064	29.0	abolashment	<<abolashment>> if during the period of the absence	abolishment
production-1945-vol1-chapters	2064	31.0	luor	<<luor>> he was employed or those functions of	fluor|leor|lior|loor|lor|lour
production-1945-vol1-chapters	2067	39.10	seetiu	added to said act to read new <<seetiu>>	septic
production-1945-vol1-chapters	2068	2.0	puended	<<puended>> relating to the organization of airport districts	pended|upended
production-1945-vol1-chapters	2069	25.8	seealso	section of the government code is amended <<seealso>>	seals
production-1945-vol1-chapters	2070	10.0	seealso	<<seealso>> sec section cf the government code is	seals
production-1945-vol1-chapters	2070	12.4	janeous	retirement a state misce <<janeous>> member shall be retired for	gaseous
production-1945-vol1-chapters	2070	42.0	seealso	<<seealso>> src section of the government code is	seals
production-1945-vol1-chapters	2070	46.0	disabihty	<<disabihty>> ye	disability|disabilty
production-1945-vol1-chapters	2072	36.0	cneous	<<cneous>> retirement allowance	census
production-1945-vol1-chapters	2073	9.10	coimpen	not exceed one fourth of his final <<coimpen>>	compel
production-1945-vol1-chapters	2074	6.0	engagngm	<<engagngm>> if prior to attaining the min mum	engaging
production-1945-vol1-chapters	2074	7.0	eunation	<<eunation>> retirement for service applicable to members of	education|enation|gunation|lunation
production-1945-vol1-chapters	2078	19.0	pieemet	<<pieemet>> except as otherwise provided in this section	preempt
production-1945-vol1-chapters	2080	30.1	trict	whoo <<trict>> former under this chapter	strict|tract|triact|tric|trica|trice
production-1945-vol1-chapters	2080	31.0	componn	<<componn>> component district means any district included in	compone|compony
production-1945-vol1-chapters	2080	32.0	distuct	<<distuct>> whole or in part in a unified	distict|distrct|district
production-1945-vol1-chapters	2080	35.3	onization	zation uniting un <<onization>> merger division or change of boundaries	ionization
production-1945-vol1-chapters	2080	39.0	khool	<<khool>> s districts consisting of the state superintendent	bhool|chool|dhool|hool|jhool|khol
production-1945-vol1-chapters	2087	4.9	superntend	of the governing board of each unified <<superntend>>	superintend
production-1945-vol1-chapters	2090	7.0	hadee	<<hadee>> ate authority of a peace officer who	adee|cadee|hade|hadebe|hadeed|hadees
production-1945-vol1-chapters	2091	10.6	appomin	appointing power unless otherwise defined refers <<appomin>>	appoint
production-1945-vol1-chapters	2092	5.7	ghiled	sette approved by governor july uo das <<ghiled>> with secretary of state	whiled
production-1945-vol1-chapters	2093	32.11	loeatc	any lands or real property within land <<loeatc>>	locate
production-1945-vol1-chapters	2093	48.9	flecuon	first taxing agency excluding the state acquiring <<flecuon>> tn	flection
production-1945-vol1-chapters	2093	49.9	proened	such real property through tax or assessment <<proened>> preuss	preened
production-1945-vol1-chapters	2094	6.6	forras	c descriptions of the properties on <<forras>> prescribed by the state	borras|ferras|foras|forgas|formas|forrad
production-1945-vol1-chapters	2094	13.0	witnstanc	<<witnstanc>> big any other provisions of this code	withstand
production-1945-vol1-chapters	2094	21.0	seuently	<<seuently>> within its boundaries has not elected to	sequently
production-1945-vol1-chapters	2096	37.0	ponanut	<<ponanut>> appointed by the judges of the court	ponant
production-1945-vol1-chapters	2097	23.11	ecurt	of said justices or by said police <<ecurt>> in	curt
production-1945-vol1-chapters	2097	32.11	nisde	violation of this provision shall be a <<nisde>>	nide|ninde|nisd|nise|nisse|nside
production-1945-vol1-chapters	2097	37.8	assistam	body of such city shall provide the <<assistam>> clerk	assista|assistan
production-1945-vol1-chapters	2097	40.8	appointmer	of the judge or judges making such <<appointmer>> t	appointer
production-1945-vol1-chapters	2099	4.4	tricct	approved by governor tuly <<tricct>> ce ae with secretary of state beiter	tract|triact|tricot
production-1945-vol1-chapters	2100	32.0	uien	<<uien>> adrin	bien|cien|dien|eien|fien|gien
production-1945-vol1-chapters	2101	24.9	tekets	of admission to any boxing contest spar <<tekets>>	tebets|teets|tekes|tenets|tevets
production-1945-vol1-chapters	2103	7.7	tetet	any club or person connected therewith who <<tetet>> stuns	tebet|teet|tenet|tete|tetel|teter
production-1945-vol1-chapters	2104	1.6	recein	current at the time of their <<recein>> by the state treasure	recei|receiv|recen|recoin
production-1945-vol1-chapters	2104	14.1	inequilies	gross <<inequilies>> upon the state colleges and the students	inequities
production-1945-vol1-chapters	2104	33.0	sernce	<<sernce>> arises relative to his ability or inability	seance|sence|servce
production-1945-vol1-chapters	2105	15.10	remstate	may order such employee restored to a <<remstate>>	redstate|restate
production-1945-vol1-chapters	2108	0.3	aroug	in part indirectly <<aroug>> a any other member corporation or	arou|aroud|aroun|aroung|arous|broug
production-1945-vol1-chapters	2110	34.0	vacany	<<vacany>> than days after such order if a	vacancy|vacant|vacay
production-1945-vol1-chapters	2111	4.12	banot	the recall ballot as to every officer <<banot>>	anot|bacot|bagot|balot|banat|bandt
production-1945-vol1-chapters	2112	4.5	hillea	september approved by governor july <<hillea>> with secretary of state	hilla|hille|hillel|hillen|hiller|hilles
production-1945-vol1-chapters	2113	2.0	vevor	<<vevor>> has complied with section otherwise if the	bevor|devor|vevo
production-1945-vol1-chapters	2113	33.9	ruvie	school in a district maintaining more than <<ruvie>>	juvie|revie|rubie|rudie|ruie|rupie
production-1945-vol1-chapters	2115	39.7	attendar	thirty dollars per pupil in average daily <<attendar>> ce in	attender
production-1945-vol1-chapters	2116	23.5	permittees	article bonds of licensees and <<permittees>>	permittee
production-1945-vol1-chapters	2117	0.0	ciiapter	<<ciiapter>>	chapter
production-1945-vol1-chapters	2118	7.2	srorion	new section <<srorion>> section is added to the act cited	erosion
production-1945-vol1-chapters	2118	19.0	sanlus	<<sanlus>> av act to create a flood control	sales|salus|sangus|sanlu|santus|sanus
production-1945-vol1-chapters	2119	21.10	soarves	storm waters of streams that have their <<soarves>>	scarves|soares|soaves|starves
production-1945-vol1-chapters	2122	0.0	troued	<<troued>> by the district to grat to any	trouped|trowed|trued
production-1945-vol1-chapters	2123	47.7	omcers	sec the district attorney county surveyor county <<omcers>>	omers
production-1945-vol1-chapters	2133	8.11	rezetion	chapter the board shall also have the <<rezetion>>	rezeption
production-1945-vol1-chapters	2133	21.9	tmpiove	improvement for which bonds are voted immnder <<tmpiove>>	improve
production-1945-vol1-chapters	2136	20.0	thonality	<<thonality>>	tonality
production-1945-vol1-chapters	2138	26.0	fdenal	<<fdenal>> cations and records concerning any individual made	frenal
production-1945-vol1-chapters	2139	38.11	rected	call any siren thereon must be discon <<rected>>	erected|nected|reacted|recited|recked|recte
production-1945-vol1-chapters	2140	24.0	mrvately	<<mrvately>> vehicle by section the provisions of this	privately
production-1945-vol1-chapters	2141	30.10	lizhted	horn and the prescribed red cross lamp <<lizhted>>	lighted
production-1945-vol1-chapters	2141	44.7	uitte	equipment any fire fighting equipment designed and <<uitte>> hn	bitte|ditte|fitte|gitte|itte|jitte
production-1945-vol1-chapters	2143	14.8	jjeter	the data gathered by the commissioner in <<jjeter>>	jeeter|jeter|jmeter
production-1945-vol1-chapters	2144	17.2	distributees	from other <<distributees>> similarly liable any shareholder or	distributee|distributers|distributes
production-1945-vol1-chapters	2144	21.9	distributees	from any or all of the other <<distributees>>	distributee|distributers|distributes
production-1945-vol1-chapters	2144	42.0	onmony	<<onmony>> recovery of money must be substantially in	oniony
production-1945-vol1-chapters	2146	0.0	chaptha	<<chaptha>>	chapter
production-1945-vol1-chapters	2148	17.0	ciiapter	<<ciiapter>>	chapter
production-1945-vol1-chapters	2151	0.0	citapter	<<citapter>>	chapter
production-1945-vol1-chapters	2151	9.12	prasement	court or judge for a reasonable vase <<prasement>>	erasement|pratement
production-1945-vol1-chapters	2151	27.0	citapter	<<citapter>>	chapter
production-1945-vol1-chapters	2152	9.0	ofaetions	<<ofaetions>> want of prosecution on motion of the	factions
production-1945-vol1-chapters	2152	30.0	eoverable	<<eoverable>> to said plaintiff upon due d ligence	overable
production-1945-vol1-chapters	2154	7.0	inflaeting	<<inflaeting>> d any husband who wilfully inflicts upon	inflating
production-1945-vol1-chapters	2154	10.3	iniicts	person who wilfully <<iniicts>> upon any child any cruel or	indicts
production-1945-vol1-chapters	2154	34.0	ciaapter	<<ciaapter>>	chapter
production-1945-vol1-chapters	2155	15.14	netles	may be for the best i ater <<netles>> schon	neales|nelles|nestles|netley|nettles
production-1945-vol1-chapters	2155	37.11	appropii	from the sale of said real property <<appropii>>	appropri
production-1945-vol1-chapters	2156	39.0	lnneessary	<<lnneessary>> parents is not necessary and a society	unnecessary
production-1945-vol1-chapters	2157	33.13	muor	shall have the right to sign con <<muor>>	maor|meor|mhor|mior|moor|mor
production-1945-vol1-chapters	2158	8.2	ekild	hearing the <<ekild>> proposed to be adopted must appear before	eskild
production-1945-vol1-chapters	2158	23.6	ebild	an agreement in writing that the <<ebild>> shall be treated in all	bild|ebid|ebird
production-1945-vol1-chapters	2162	21.0	adoptionby	<<adoptionby>> aa in the ease of an adoption	adoption
production-1945-vol1-chapters	2162	27.0	niust	<<niust>> appear before the court provided that if	iust|nist|nius|nust
production-1945-vol1-chapters	2163	28.10	nauon	organized under the provisions of tkis act <<nauon>> of	nadon|nahon|nakon|nanon|naron|nason
production-1945-vol1-chapters	2165	7.8	eximina	expenses of administration of this act including <<eximina>>	examine|eximia
production-1945-vol1-chapters	2165	12.11	msposition	collected under this act shall b paid <<msposition>>	misposition
production-1945-vol1-chapters	2165	17.9	gytra	addition to the examination required by see <<gytra>> exam	extra|gotra|gyra
production-1945-vol1-chapters	2170	0.0	videcl	<<videcl>> native gare birds are not killed captured	videl
production-1945-vol1-chapters	2170	19.0	tianing	<<tianing>> it shall be unlawful for any person	taining|tianqing|tidning|tining|tinning|traning
production-1945-vol1-chapters	2171	36.8	governinental	in added costs to the taxpayer supporting <<governinental>>	governmental
production-1945-vol1-chapters	2171	40.1	eclaratio	ge <<eclaratio>>	declaration
production-1945-vol1-chapters	2171	50.5	vorrec	disproportionate expenditures for crime prevention <<vorrec>>	correc|correct|vorrei|vortec
production-1945-vol1-chapters	2172	5.0	remec	<<remec>> ying of these conditions and the redevelopment	emec|nemec|rebec|reme|remee|remem
production-1945-vol1-chapters	2174	23.0	pubhe	<<pubhe>> grounds and space around buildings as well	dubhe|pube|puhe
production-1945-vol1-chapters	2174	35.0	proyct	<<proyct>> undertaking of an agency pursuant to this	proact|proyect
production-1945-vol1-chapters	2176	42.8	recommenca	report of the planning commission and any <<recommenca>>	recommence
production-1945-vol1-chapters	2178	44.0	plosee	<<plosee>> ete in the formulation of plans or	losee
production-1945-vol1-chapters	2181	2.7	puviic	planning undertaking construction or operation of redevel <<puviic>> bod	public
production-1945-vol1-chapters	2181	32.8	obligé	sell its general obligation bonds any general <<obligé>> tion	oblig|oblige
production-1945-vol1-chapters	2182	31.0	partiepation	<<partiepation>> sec every redevelopment plan shall provide for	participation
production-1945-vol1-chapters	2182	44.0	waimsit	<<waimsit>> based upon the approved tentative plan and	waist
production-1945-vol1-chapters	2183	34.11	xouce	of said hearing shall be given by <<xouce>>	douce|pouce|souce
production-1945-vol1-chapters	2183	42.10	redetclop	a redevelopment plan by the legislative vody <<redetclop>>	redevelop
production-1945-vol1-chapters	2184	23.0	tmued	<<tmued>> enjoyment of existing property rights consistent with	trued|tumed
production-1945-vol1-chapters	2184	36.0	expenuitnre	<<expenuitnre>> connection with the approval of the plan	expenditure
production-1945-vol1-chapters	2186	1.0	pulente	<<pulente>> participation in the redevelopment of property in	puente
production-1945-vol1-chapters	2186	35.0	pubhe	<<pubhe>> we domain except that no property of	dubhe|pube|puhe
production-1945-vol1-chapters	2187	4.11	pieage	of these methods any of such bonds <<pieage>> of	peage|pierage|pilage|pipage|pipeage
production-1945-vol1-chapters	2187	9.10	nonliabulit	of an agency nor anv person executing <<nonliabulit>>	nonliability
production-1945-vol1-chapters	2190	29.0	mesim	<<mesim>> contained in any laws of this state	esim|mesem|mesi|mesic|mesin|musim
production-1945-vol1-chapters	2191	23.10	ereto	the same provisions of law relating tk <<ereto>>	erato|eret|eretz|hereto|preto|reto
production-1945-vol1-chapters	2192	10.0	tersitoria	<<tersitoria>> sec the territorial jurisdiction of the agency	territorial
production-1945-vol1-chapters	2192	13.0	ooperatio	<<ooperatio>> sec twe or more communities may jointly	operatio
production-1945-vol1-chapters	2192	14.0	communtns	<<communtns>> powers granted under this act and in	comments
production-1945-vol1-chapters	2193	26.0	ciiapter	<<ciiapter>>	chapter
production-1945-vol1-chapters	2193	31.10	epeet	july filed with secretary of staite in <<epeet>>	epee|epees|peet
production-1945-vol1-chapters	2193	36.7	srcon	secondhand means any material or article of <<srcon>>	arcon|orcon|scon|secon|socon|sycon
production-1945-vol1-chapters	2193	39.4	defabricated	either new or used <<defabricated>> material thread yarn and	fabricated
production-1945-vol1-chapters	2194	10.8	nurabers	a assignment or reassignment of s rial <<nurabers>>	numbers
production-1945-vol1-chapters	2194	14.0	fization	<<fization>>	fication|fidation|fixation|ization
production-1945-vol1-chapters	2194	21.0	aetempet	<<aetempet>> july	attempt
production-1945-vol1-chapters	2195	19.12	cluring	practice law in or out of court <<cluring>>	clueing|cluing|curing|luring
production-1945-vol1-chapters	2195	23.12	salanes	the peace in any city of the <<salanes>>	galanes|salines|sealanes|silanes|slanes
production-1945-vol1-chapters	2196	10.0	nouee	<<nouee>> te sec the county and city planning	noue|nouse|novee
production-1945-vol1-chapters	2197	33.9	rtieth	regulation shall become effective on the th <<rtieth>> emfectne	rieth
production-1945-vol1-chapters	2197	34.13	scguations	unless it is designated by the state <<scguations>>	situations
production-1945-vol1-chapters	2198	28.0	advaniees	<<advaniees>>	advances
production-1945-vol1-chapters	2199	7.8	ferilso	section of the health and safety code <<ferilso>>	perils
production-1945-vol1-chapters	2199	33.8	msnici	the governing bodies of counties school districts <<msnici>> amended	monica
production-1945-vol1-chapters	2201	29.11	heanng	the day and hour fixed for the <<heanng>>	heang
production-1945-vol1-chapters	2206	4.4	velon	the east lire of <<velon>> boulevard with the pacific ocean pro	belon|delon|elon|felon|gelon|helon
production-1945-vol1-chapters	2207	26.9	inoney	which received or was qualified to receive <<inoney>>	inone
production-1945-vol1-chapters	2207	42.14	filotments	in any one year in any county <<filotments>>	allotments
production-1945-vol1-chapters	2208	46.3	allotmer	eligible to receive <<allotmer>> ts under this section ard the district	allotter
production-1945-vol1-chapters	2210	10.1	aceruate	deemed <<aceruate>> for the purposes of this section	acerate|acerbate|acervate
production-1945-vol1-chapters	2211	0.9	ipnds	property as used herein is coextensive with <<ipnds>> real	inds|ipads|ipds|ipeds|ipods|pnds
production-1945-vol1-chapters	2211	3.11	appiieation	apply only to the real property belonging <<appiieation>>	application
production-1945-vol1-chapters	2212	12.0	constita	<<constita>> sze if any provision of this act	constit|constitu
production-1945-vol1-chapters	2212	38.0	appiopri	<<appiopri>> any water the right to the use	appropri
production-1945-vol1-chapters	2212	40.0	excessof	<<excessof>> therefor may be appropriated by any person	excess
production-1945-vol1-chapters	2213	40.8	rnective	rates of contribution provided for in sections <<rnective>>	receive
production-1945-vol1-chapters	2214	28.0	iompenst	<<iompenst>> as used in subdivisions a and b	compense
production-1945-vol1-chapters	2214	40.1	pulrd	an <<pulrd>>	puled|purd
production-1945-vol1-chapters	2215	45.11	foao	sixth regular session of the legislature tf <<foao>>	boao|fao|foa|foad|foaf|foal
production-1945-vol1-chapters	2217	24.7	ckee	highway no through sierraville hobart mills tri <<ckee>>	ackee|akee|cee|chee|ciee|cke
production-1945-vol1-chapters	2217	44.11	ovemen	of any street improvement bord or impr <<ovemen>>	movement
production-1945-vol1-chapters	2218	7.0	hetvon	<<hetvon>> gete mine the adverse claims to and	hereon|hetton
production-1945-vol1-chapters	2218	22.0	etaner	<<etaner>> or the executor or administrator of his	ettner|taner
production-1945-vol1-chapters	2218	32.0	enip	<<enip>> oyer and employee or principal and agent	edip|eip|endp|enfp|eni|enic
production-1945-vol1-chapters	2220	21.0	seralso	<<seralso>> sec section of said code is amended	seals
production-1945-vol1-chapters	2223	19.9	povers	may adopt repeal and amend from time <<povers>>	covers|dovers|govers|hovers|lovers|movers
production-1945-vol1-chapters	2224	37.0	darors	<<darors>> an dations and forward its report to	darers
production-1945-vol1-chapters	2229	42.10	reamre	in this state in the practice of <<reamre>>	reamer
production-1945-vol1-chapters	2229	49.1	isach	b <<isach>> partner thereof personally engaged within this	ibach|isac|isaca|isch|sach
production-1945-vol1-chapters	2231	2.10	niathe	years of english and two years of <<niathe>>	nathe
production-1945-vol1-chapters	2231	27.10	rperi	one half years of public accounting e <<rperi>>	peri|rper|rpers
production-1945-vol1-chapters	2233	38.10	purinership	board shall revoke the registration and permit <<purinership>>	partnership
production-1945-vol1-chapters	2236	30.0	genersip	<<genersip>> all statements records schedules working papers and	generic
production-1945-vol1-chapters	2237	8.11	ieate	sixth regular session of the legislature ote <<ieate>>	beate|eate|iate|idate|ideate|igate
production-1945-vol1-chapters	2237	19.11	renenber	ae a isis with secretary of state <<renenber>>	remenber
production-1945-vol1-chapters	2238	27.0	seealso	<<seealso>> sec section of the government code is	seals
production-1945-vol1-chapters	2238	32.0	presumpticn	<<presumpticn>> lations as so published is tie text	presumption
production-1945-vol1-chapters	2241	24.7	nortliwest	beginning at the intersection of the prolongation <<nortliwest>> deseriptior	northwest
production-1945-vol1-chapters	2241	24.8	deseriptior	at the intersection of the prolongation nortliwest <<deseriptior>>	description
production-1945-vol1-chapters	2243	13.0	ciiapter	<<ciiapter>>	chapter
production-1945-vol1-chapters	2243	16.6	rttet	approved by governor july ie poy <<rttet>> with secretary of state seenber	rttt
production-1945-vol1-chapters	2243	16.11	seenber	ie poy rttet with secretary of state <<seenber>>	seeber
production-1945-vol1-chapters	2245	5.13	estoppei	shall be raised or claim made bv <<estoppei>>	estopped|estoppel
production-1945-vol1-chapters	2245	41.9	dainages	will take judgment for any money or <<dainages>>	drainages
production-1945-vol1-chapters	2246	2.7	declur	awd state employees end making an appropriation <<declur>>	declar
production-1945-vol1-chapters	2248	42.0	cerfeate	<<cerfeate>> ig either wholly or partly unable to	create
production-1945-vol1-chapters	2249	23.9	petwin	parents or estate of a handicapped child <<petwin>>	letwin|patwin|petain|petkin|petrin|pettin
production-1945-vol1-chapters	2249	42.0	priable	<<priable>> for expenditure therefor in that county during	friable|pliable|prisable|prizable|triable
production-1945-vol1-chapters	2250	10.0	ocdum	<<ocdum>> aad shall include a determination w ita	occur|odum
production-1945-vol1-chapters	2252	27.0	cilapter	<<cilapter>>	chapter
production-1945-vol1-chapters	2252	30.0	tiiel	<<tiiel>> act by the district and other local	thiel|tiel|timel|tinel|titel
production-1945-vol1-chapters	2253	15.7	distnet	sec the district attorney county surveyor county <<distnet>>	distent
production-1945-vol1-chapters	2253	16.9	omeers	tax collector county auditor and county treasurer <<omeers>>	ameers|meers|omers
production-1945-vol1-chapters	2253	34.11	edful	and to appoint and employ all n <<edful>>	edfu|needful
production-1945-vol1-chapters	2254	15.9	headgates	all rese voirs tunnels shafts dams dikes <<headgates>>	headgate
production-1945-vol1-chapters	2254	29.0	pubhe	<<pubhe>> sec as used in this act public	dubhe|pube|puhe
production-1945-vol1-chapters	2254	35.0	suness	<<suness>> sec each public agency furnishing or having	souness|subness|sucess|suess|sunless|unless
production-1945-vol1-chapters	2257	4.12	aefits	issued to enforce a claim for be <<aefits>>	befits|refits
production-1945-vol1-chapters	2257	10.9	jivery	this article is guilty of a misdemeanor <<jivery>>	ivery|jiver|jivey|livery|rivery
production-1945-vol1-chapters	2258	15.5	nmediately	same shall take effect t <<nmediately>>	imediately|inmediately|mediately
production-1945-vol1-chapters	2259	13.7	epiclemics	crowded menacing the children with danger from <<epiclemics>>	epidemics
production-1945-vol1-chapters	2262	0.8	imdvs	the ordinary form of corporate organization permits <<imdvs>>	indus
production-1945-vol1-chapters	2267	39.8	femrey	statutes for the purpose of cooperatively marketing <<femrey>>	ferrey|ferry
production-1945-vol1-chapters	2268	37.0	ctrackr	<<ctrackr>> for any portion of the work to	trackr
production-1945-vol1-chapters	2269	32.7	subcontra	as used in this chapter the word <<subcontra>> tor subeon	subcontract
production-1945-vol1-chapters	2269	32.9	subeon	in this chapter the word subcontra tor <<subeon>>	subcon|surgeon
