production-1992-vol4	1372	3.2	doatg	on essssesssnvensevecnsveenseresveesnsressenrenne <<doatg>> a last d last snt	doat|doats
production-1992-vol4	1382	7.0	lewcock	<<lewcock>> city clerk	leacock|lowcock
production-1992-vol4	1414	30.3	reobtains	the new owner <<reobtains>> the tenant s signature on a tenant	reobtain
production-1992-vol4	1428	23.10	unstruck	be determined by lot the last remaining <<unstruck>> name	unstuck|untruck
production-1992-vol4	1502	39.12	arrece	copy by elihu m harris mayor and <<arrece>>	arrect|arrete
production-1992-vol4	1506	5.11	reeommen	members of the council and only after <<reeommen>>	recommen|recommend
production-1992-vol4	1511	30.8	geissert	to be a true copy by katy <<geissert>> mayor and john a	dessert|geisser
production-1996-vol4	27	2.7	nntty	situated in the city of cs cou <<nntty>> of sts	natty|netty|nitty|notty|nutty
production-1996-vol4	29	14.0	petmies	<<petmies>> see eseetesesteeeseereeeeetseeeereresesteseersesesneseenseeee yes no	permits|petties
production-1996-vol4	29	33.4	cseene	undivided interest with others <<cseene>> yes no	seene
production-1996-vol4	43	0.0	sehher	<<sehher>> o s s not occupying wie property	seher|sepher
production-1996-vol4	43	46.1	olense	guy <<olense>> mechanisms in compliance with the edition of	flense|lense|odense|olease|olens|oleose
production-1996-vol4	49	0.0	oeuer	<<oeuer>> o s os not occupying the property	euer|feuer|heuer|leuer|neuer|oeser
production-1996-vol4	50	46.2	zdatte	seller oc <<zdatte>>	date|datte
production-1996-vol4	52	8.6	zdattel	seller ccic ccscscd atte ber w <<zdattel>>	chattel
production-1996-vol4	83	41.8	nonrisk	the nonprofit corporations with any services or <<nonrisk>>	norris
production-1996-vol4	94	35.3	drpa	resolution program act <<drpa>> which enables individuals to	arpa|dapa|darpa|dcpa|depa|dipa
production-1996-vol4	95	39.0	denendents	<<denendents>>	defendents|dependents
production-1996-vol4	117	0.0	ftovisions	<<ftovisions>>	provisions
production-1996-vol4	153	7.0	lambra	<<lambra>> means a local agency military base recovery	ambra|cambra|labra|lamba|lambda|lambro
production-1996-vol4	153	11.5	lambra	trade or business within a <<lambra>> and for the first two taxable	ambra|cambra|labra|lamba|lambda|lambro
production-1996-vol4	153	21.9	lambra	doing business in this state with their <<lambra>>	ambra|cambra|labra|lamba|lambda|lambro
production-1996-vol4	153	41.5	lambra	following for exclusive use ina <<lambra>>	ambra|cambra|labra|lamba|lambda|lambro
production-1996-vol4	154	22.4	lambra	income attributed to a <<lambra>> determined as if that attributable	ambra|cambra|labra|lamba|lambda|lambro
production-1996-vol4	154	29.7	lambra	a income shall be apportioned to a <<lambra>> by multiplying	ambra|cambra|labra|lamba|lambda|lambro
production-1996-vol4	155	16.0	lambra	<<lambra>> the credit shall be equal to the	ambra|cambra|labra|lamba|lambda|lambro
production-1996-vol4	155	43.0	lambra	<<lambra>> means a local agency military base recovery	ambra|cambra|labra|lamba|lambda|lambro
production-1996-vol4	156	2.7	lambra	taxpayer s trade or business located ina <<lambra>>	ambra|cambra|labra|lamba|lambda|lambro
production-1996-vol4	156	6.2	lambra	as a <<lambra>> in which the individual s services were	ambra|cambra|labra|lamba|lambda|lambro
production-1996-vol4	156	21.7	lambra	conducts a trade or business within a <<lambra>> and for the first two	ambra|cambra|labra|lamba|lambda|lambro
production-1996-vol4	156	31.9	lambra	doing business in this state with their <<lambra>>	ambra|cambra|labra|lamba|lambda|lambro
production-1996-vol4	157	8.7	lambra	taxpayer s trade or business located ina <<lambra>>	ambra|cambra|labra|lamba|lambda|lambro
production-1996-vol4	157	10.6	lambra	taxpayer during the taxable year ina <<lambra>>	ambra|cambra|labra|lamba|lambda|lambro
production-1996-vol4	157	12.7	lambra	in which services were performed as a <<lambra>>	ambra|cambra|labra|lamba|lambda|lambro
production-1996-vol4	159	1.4	lambra	income attributed to a <<lambra>> determined as if that attributed	ambra|cambra|labra|lamba|lambda|lambro
production-1996-vol4	159	8.7	lambra	a income shall be apportioned to a <<lambra>> by multiplying	ambra|cambra|labra|lamba|lambda|lambro
production-1996-vol4	174	45.2	splitups	section through <<splitups>> shell corporations partnerships or	splits
production-1996-vol4	207	29.0	lambra	<<lambra>> means a local agency military base recovery	ambra|cambra|labra|lamba|lambda|lambro
production-1996-vol4	207	33.4	lambra	or business within a <<lambra>> and for the first two income years	ambra|cambra|labra|lamba|lambda|lambro
production-1996-vol4	207	44.0	lambra	<<lambra>> business operation the number of employees for	ambra|cambra|labra|lamba|lambda|lambro
production-1996-vol4	207	46.0	lambra	<<lambra>> shall be zero if the taxpayer has	ambra|cambra|labra|lamba|lambda|lambro
production-1996-vol4	208	16.5	lambra	following for exclusive use ina <<lambra>>	ambra|cambra|labra|lamba|lambda|lambro
production-1996-vol4	208	44.4	lambra	income attributed to a <<lambra>> determined as if that attributable	ambra|cambra|labra|lamba|lambda|lambro
production-1996-vol4	209	4.7	lambra	a income shall be apportioned to a <<lambra>> by multiplying	ambra|cambra|labra|lamba|lambda|lambro
production-1996-vol4	209	38.0	lambra	<<lambra>> the credit shall be equal to the	ambra|cambra|labra|lamba|lambda|lambro
production-1996-vol4	210	17.0	lambra	<<lambra>> means a local agency military base recovery	ambra|cambra|labra|lamba|lambda|lambro
production-1996-vol4	210	24.7	lambra	taxpayer s trade or business located ina <<lambra>>	ambra|cambra|labra|lamba|lambda|lambro
production-1996-vol4	210	28.2	lambra	as a <<lambra>> in which the individual s services were	ambra|cambra|labra|lamba|lambda|lambro
production-1996-vol4	210	43.7	lambra	conducts a trade or business within a <<lambra>> and for the first two	ambra|cambra|labra|lamba|lambda|lambro
production-1996-vol4	211	8.0	lambra	<<lambra>> business operation the number of employees for	ambra|cambra|labra|lamba|lambda|lambro
production-1996-vol4	211	10.0	lambra	<<lambra>> shall be zero if the taxpayer has	ambra|cambra|labra|lamba|lambda|lambro
production-1996-vol4	211	33.7	lambra	taxpayer s trade or business located ina <<lambra>>	ambra|cambra|labra|lamba|lambda|lambro
production-1996-vol4	211	35.6	lambra	taxpayer during the income year ina <<lambra>>	ambra|cambra|labra|lamba|lambda|lambro
production-1996-vol4	211	37.7	lambra	in which services were performed as a <<lambra>>	ambra|cambra|labra|lamba|lambda|lambro
production-1996-vol4	213	36.4	lambra	income attributed to a <<lambra>> determined as if that attributed	ambra|cambra|labra|lamba|lambda|lambro
production-1996-vol4	213	43.7	lambra	a income shall be apportioned to a <<lambra>> by multiplying	ambra|cambra|labra|lamba|lambda|lambro
production-1996-vol4	248	14.5	lambra	trade or business within a <<lambra>>	ambra|cambra|labra|lamba|lambda|lambro
production-1996-vol4	248	18.8	lambra	a trade or business is designated a <<lambra>> shall be a net	ambra|cambra|labra|lamba|lambda|lambro
production-1996-vol4	248	23.1	lambra	a <<lambra>> means a local agency military base recovery	ambra|cambra|labra|lamba|lambda|lambro
production-1996-vol4	248	27.3	lambra	business within a <<lambra>> and for the first two taxable years	ambra|cambra|labra|lamba|lambda|lambro
production-1996-vol4	248	37.9	lambra	doing business in this state with their <<lambra>>	ambra|cambra|labra|lamba|lambda|lambro
production-1996-vol4	249	10.9	lambra	the taxpayer s business activities within a <<lambra>>	ambra|cambra|labra|lamba|lambda|lambro
production-1996-vol4	249	14.7	lambra	i loss shall be apportioned to a <<lambra>> by multiplying total	ambra|cambra|labra|lamba|lambda|lambro
production-1996-vol4	249	20.10	lambra	taxpayer s business income attributable to a <<lambra>>	ambra|cambra|labra|lamba|lambda|lambro
production-1996-vol4	249	23.8	lambra	business income shall be apportioned to a <<lambra>> by	ambra|cambra|labra|lamba|lambda|lambro
production-1996-vol4	249	30.0	lambra	<<lambra>> shall be deemed to remain in existence	ambra|cambra|labra|lamba|lambda|lambro
production-1996-vol4	249	32.1	lambra	e <<lambra>> expiration date means the date the lambra	ambra|cambra|labra|lamba|lambda|lambro
production-1996-vol4	265	7.5	lambra	trade or business within a <<lambra>>	ambra|cambra|labra|lamba|lambda|lambro
production-1996-vol4	265	12.8	lambra	a trade or business is designated a <<lambra>> shall be a net	ambra|cambra|labra|lamba|lambda|lambro
production-1996-vol4	265	23.1	lambra	a <<lambra>> means a local agency military base recovery	ambra|cambra|labra|lamba|lambda|lambro
production-1996-vol4	265	27.4	lambra	or business within a <<lambra>> and for the first two income years	ambra|cambra|labra|lamba|lambda|lambro
production-1996-vol4	265	37.9	lambra	doing business in this state with their <<lambra>>	ambra|cambra|labra|lamba|lambda|lambro
production-1996-vol4	266	10.9	lambra	the taxpayer s business activities within a <<lambra>>	ambra|cambra|labra|lamba|lambda|lambro
production-1996-vol4	266	14.7	lambra	i loss shall be apportioned to a <<lambra>> by multiplying the loss	ambra|cambra|labra|lamba|lambda|lambro
production-1996-vol4	266	20.10	lambra	taxpayer s business income attributable to a <<lambra>>	ambra|cambra|labra|lamba|lambda|lambro
production-1996-vol4	266	23.8	lambra	business income shall be apportioned to a <<lambra>> by	ambra|cambra|labra|lamba|lambda|lambro
production-1996-vol4	266	30.0	lambra	<<lambra>> shall be deemed to remain in existence	ambra|cambra|labra|lamba|lambda|lambro
production-1996-vol4	266	32.1	lambra	e <<lambra>> expiration date means the date the lambra	ambra|cambra|labra|lamba|lambda|lambro
production-1996-vol4	292	40.11	splitups	of the effect of this section through <<splitups>>	splits
production-1996-vol4	296	46.2	annlv	rules shall <<annlv>>	anniv
production-1996-vol4	321	28.2	splitups	section through <<splitups>> shell corporations partnerships tiered	splits
production-1996-vol4	357	6.11	splitups	of the effect of this section through <<splitups>>	splits
production-1996-vol4	371	30.2	splitups	section through <<splitups>> shell corporations partnerships tiered	splits
production-1996-vol4	411	16.5	lambra	trade or business within a <<lambra>>	ambra|cambra|labra|lamba|lambda|lambro
production-1996-vol4	411	20.8	lambra	a trade or business is designated a <<lambra>> shall be a net	ambra|cambra|labra|lamba|lambda|lambro
production-1996-vol4	411	25.1	lambra	a <<lambra>> means a local agency military base recovery	ambra|cambra|labra|lamba|lambda|lambro
production-1996-vol4	411	29.3	lambra	business within a <<lambra>> and for the first two taxable years	ambra|cambra|labra|lamba|lambda|lambro
production-1996-vol4	411	39.9	lambra	doing business in this state with their <<lambra>>	ambra|cambra|labra|lamba|lambda|lambro
production-1996-vol4	412	13.9	lambra	the taxpayer s business activities within a <<lambra>>	ambra|cambra|labra|lamba|lambda|lambro
production-1996-vol4	412	17.7	lambra	i loss shall be apportioned to a <<lambra>> by multiplying total	ambra|cambra|labra|lamba|lambda|lambro
production-1996-vol4	412	23.10	lambra	taxpayer s business income attributable to a <<lambra>>	ambra|cambra|labra|lamba|lambda|lambro
production-1996-vol4	412	26.8	lambra	business income shall be apportioned to a <<lambra>> by	ambra|cambra|labra|lamba|lambda|lambro
production-1996-vol4	412	33.0	lambra	<<lambra>> shall be deemed to remain in existence	ambra|cambra|labra|lamba|lambda|lambro
production-1996-vol4	412	35.1	lambra	e <<lambra>> expiration date means the date the lambra	ambra|cambra|labra|lamba|lambda|lambro
production-1996-vol4	433	13.5	lambra	trade or business within a <<lambra>>	ambra|cambra|labra|lamba|lambda|lambro
production-1996-vol4	433	18.8	lambra	a trade or business is designated a <<lambra>> shall be a net	ambra|cambra|labra|lamba|lambda|lambro
production-1996-vol4	433	29.1	lambra	a <<lambra>> means a local agency military base recovery	ambra|cambra|labra|lamba|lambda|lambro
production-1996-vol4	433	33.4	lambra	or business within a <<lambra>> and for the first two income years	ambra|cambra|labra|lamba|lambda|lambro
production-1996-vol4	433	43.9	lambra	doing business in this state with their <<lambra>>	ambra|cambra|labra|lamba|lambda|lambro
production-1996-vol4	434	17.9	lambra	the taxpayer s business activities within a <<lambra>>	ambra|cambra|labra|lamba|lambda|lambro
production-1996-vol4	434	21.7	lambra	i loss shall be apportioned to a <<lambra>> by multiplying the loss	ambra|cambra|labra|lamba|lambda|lambro
production-1996-vol4	434	27.10	lambra	taxpayer s business income attributable to a <<lambra>>	ambra|cambra|labra|lamba|lambda|lambro
production-1996-vol4	434	30.8	lambra	business income shall be apportioned to a <<lambra>> by	ambra|cambra|labra|lamba|lambda|lambro
production-1996-vol4	434	37.0	lambra	<<lambra>> shall be deemed to remain in existence	ambra|cambra|labra|lamba|lambda|lambro
production-1996-vol4	434	39.1	lambra	e <<lambra>> expiration date means the date the lambra	ambra|cambra|labra|lamba|lambda|lambro
production-1996-vol4	510	37.7	nonrenew	stated in the policy the authority shall <<nonrenew>> rescind or cancel	nonrenewal
production-1996-vol4	552	31.2	smsas	in non <<smsas>>	msas|smas|smsa|smses|smsfs|smss
production-1996-vol4	597	4.0	relending	<<relending>> those funds to small businesses a corporation	relenting|resending
production-1996-vol4	611	40.0	breakrooms	<<breakrooms>> designated by employers for smoking provided	breakroom
production-1996-vol4	612	10.5	breakrooms	d there are sufficient nonsmoking <<breakrooms>> to	breakroom
production-1996-vol4	612	40.6	breakrooms	accommodation to smokers or to provide <<breakrooms>> for smokers or	breakroom
production-1996-vol4	643	6.0	enforceably	<<enforceably>> restricted open space land other than land	enforceable
production-1996-vol4	643	33.3	enforceably	an instrument which <<enforceably>> restricts the land stipulate therein	enforceable
production-1996-vol4	643	47.3	sorown	and agricultural commodities <<sorown>> when the land is planted to	soron|strown
production-1996-vol4	686	22.9	nonfiling	a copy of the statement to every <<nonfiling>> partner and	confining
production-1996-vol4	697	18.5	coowner	a partner is not a <<coowner>> of partnership property and has	cooner|crowner
production-1996-vol4	721	11.6	rllp	llp r l l p or <<rllp>> as the last words or letters of	lllp|llp|rflp|rll|rlly|rlp
production-1996-vol4	727	40.13	rllp	p llp r l l p or <<rllp>> or	lllp|llp|rflp|rll|rlly|rlp
production-1996-vol4	741	0.3	nonfair	rates specified for <<nonfair>> meetings in subdivision b of section	nonair
production-1996-vol4	802	1.0	lwto	<<lwto>> reece eee eee eee	lato|leto|lito|lnto|loto|lto
production-1996-vol4	802	2.0	zdto	<<zdto>> eee eee cece eee ee ee eee	dto|zato|zeto|zito
production-1996-vol4	907	14.1	seriology	g <<seriology>> test for syphilis	semiology|serology
production-1996-vol4	949	5.3	nonwaste	or an associated <<nonwaste>> treatment manufacturing unit is not	noncaste
production-1996-vol4	956	42.5	storers	located present or past generators <<storers>> treaters transporters	scorers|snorers|starers|stokers|stoners|storer
production-1996-vol4	962	25.6	upgradient	made by collecting a soil sample <<upgradient>> from the impoundment	upgrading
production-1996-vol4	975	39.1	unshucked	a <<unshucked>> live molluscan shellfish shall not be stored	unshocked|unsucked
production-1996-vol4	978	29.4	unshucked	containers of shucked or <<unshucked>> shellfish an invoice or written	unshocked|unsucked
production-1996-vol4	984	11.0	washwater	<<washwater>> type and concentration of detergent used therein	wastwater
production-1996-vol4	984	26.6	undercounter	ec all utensil washing equipment except <<undercounter>> dish	undercounted
production-1996-vol4	984	30.10	undercounter	for cleaned and sanitized items where an <<undercounter>>	undercounted
production-1996-vol4	986	7.0	airgap	<<airgap>> into an open floor sink or other	airgas
production-1996-vol4	987	43.0	snowcones	<<snowcones>> are sold or offered for sale shall	snowcone
production-1996-vol4	990	36.3	washwater	disposal of wastewater <<washwater>> and refuse	wastwater
production-1996-vol4	1010	47.3	annlv	action agreement will <<annlv>>	anniv
production-1996-vol4	1056	8.1	hmpc	commission <<hmpc>> reserved	ampc|dmpc|hcpc|hepc|hipc|hmac
production-1996-vol4	1152	10.5	nonbid	section may be on a <<nonbid>> basis and shall be exempt from the	forbid|nonaid
production-1996-vol4	1237	9.0	theophyline	<<theophyline>> or any substance or property whose presence	theophylline
production-1996-vol4	1261	16.0	naiio	<<naiio>> means the nonadmitted alien insurer information	nacio|naio|nairo|naito|natio|navio
production-1996-vol4	1275	30.3	reindustrialize	opportunities that will <<reindustrialize>> california the board	deindustrialize
production-1996-vol4	1310	0.6	unioreseeable	account for cost overruns due to <<unioreseeable>> circumstances and	unforeseeable
production-1996-vol4	1315	47.0	freightline	<<freightline>> refrigerator oil stock fruit car loaning car	freightliner
production-1996-vol4	1352	29.0	busdrivers	<<busdrivers>> to meet these requirements any transit busdriver	busdriver
production-1996-vol4	1352	34.0	busdrivers	<<busdrivers>> certificates may be established by the department	busdriver
production-1996-vol4	1375	8.0	relending	<<relending>> those funds to small businesses a corporation	relenting|resending
production-1996-vol4	1376	33.0	relending	<<relending>> those funds to small businesses a corporation	relenting|resending
production-1996-vol4	1381	32.1	unshucked	a <<unshucked>> live molluscan shellfish shall not be stored	unshocked|unsucked
production-1996-vol4	1383	11.0	washwater	<<washwater>> type and concentration of detergent used therein	wastwater
production-1996-vol4	1383	22.6	undercounter	ec all utensil washing equipment except <<undercounter>> dish	undercounted
production-1996-vol4	1383	26.10	undercounter	for cleaned and sanitized items where an <<undercounter>>	undercounted
production-1996-vol4	1385	1.0	airgap	<<airgap>> into an open floor sink or other	airgas
production-1996-vol4	1394	24.4	snowcones	hot dogs popcorn or <<snowcones>> are sold or offered for sale that	snowcone
production-1996-vol4	1410	0.6	mcorporates	sec a section of this bill <<mcorporates>> amendments to	corporates
production-1996-vol4	1414	14.12	shahvar	the legislature to abrogate the decision in <<shahvar>>	shahar|shavar
production-1996-vol4	1427	35.0	waivable	<<waivable>> by the board only as needed to	wavable
production-1996-vol4	1470	13.7	nonaided	an aided family collections paid to a <<nonaided>> family regardless of	confided
production-1996-vol4	1603	47.0	dishonestv	<<dishonestv>>	dishonest|dishonesty
production-1996-vol4	1743	19.1	billheads	letterheads <<billheads>> blank notes blank receipts certificates or	billhead|bullheads
production-1996-vol4	1843	46.2	idicial	petition for <<idicial>> review of the order shall not be	indicial|inicial
production-1997-vol3	115	35.4	puretone	pathologist means a binary <<puretone>> screening at a preset intensity	pretone
production-1997-vol3	117	42.2	venipunctures	performed ten <<venipunctures>> under supervision	venipuncture
production-1997-vol3	185	24.3	offerees	the number of <<offerees>> shall not be considered for the	offeree
production-1997-vol3	186	25.4	notowner	b single family residence <<notowner>> occupied	nonowner
production-1997-vol3	199	41.0	denonent	<<denonent>> jis a witness commanded bv a deposition	deponent
production-1997-vol3	210	0.2	reiluse	approve or <<reiluse>> to approve the transcript by means of	recluse
production-1997-vol3	228	22.5	paladium	chloride sodium metal lead acetate <<paladium>> black red	caladium|palatium|palladium
production-1997-vol3	335	25.0	sictta	<<sictta>> eee teen eens	sitta
production-1997-vol3	387	23.7	nusyn	poison into lake davis using the pesticide <<nusyn>> noxfish and has	rusyn
production-1997-vol3	387	23.8	noxfish	into lake davis using the pesticide nusyn <<noxfish>> and has	boxfish|foxfish
production-1997-vol3	535	41.3	ojft	expiration date anv <<ojft>> certificate sold after that date shall be	oft|ojt|ooft
production-1997-vol3	568	13.6	depredating	are available to take possession of <<depredating>> wild pig carcasses	deprecating
production-1997-vol3	587	7.4	subac	the community health equity <<subac>>	lubac|sabac|sbac|suba|subact|subah
production-1997-vol3	589	34.0	sictta	<<sictta>> cee ete nee eens	sitta
production-1997-vol3	590	0.0	suitet	<<suitet>> ee ee eee ee eee	suite|suited|suiter|suites|suitt
production-1997-vol3	596	28.0	sictta	<<sictta>> cee eee teen ene teenies	sitta
production-1997-vol3	597	45.3	cmsp	restoration subaccount allocations <<cmsp>> subaccount allocations	casp|ccsp|cesp|cfsp|cmap|cmp
production-1997-vol3	600	37.0	sictta	<<sictta>> cee eee teen ene teenies	sitta
production-1997-vol3	600	38.0	siskkivou	<<siskkivou>> wc cc ccc bb eb beeen	siskiyou
production-1997-vol3	614	19.7	kilowatthours	transported gas or electricity in therms or <<kilowatthours>>	kilowatthour
production-1997-vol3	614	24.0	wacog	<<wacog>> exclusive of any california sourced franchise fee	acog|waco|wacol|wacom|wagon
production-1997-vol3	619	47.1	irfield	toa <<irfield>> suisun sewer district general fund	airfield|arfield|ifield|infield|mirfield|orfield
production-1997-vol3	639	31.4	enforceably	the new contract would <<enforceably>> restrict the adjusted	enforceable
production-1997-vol3	704	17.7	bronzan	lanterman petris short act or a county <<bronzan>> mccorquodale	bronzen
production-1997-vol3	761	44.5	permittees	control compiled from information from <<permittees>> annual reports	permittee
production-1997-vol3	819	5.0	exemptee	<<exemptee>> had no knowledge or in which he	exempted
production-1997-vol3	859	0.6	exemptee	a veterinary food animal drug retailer <<exemptee>> for whom the fee	exempted
production-1997-vol3	859	6.0	exemptee	<<exemptee>> license shall be one hundred fifty dollars	exempted
production-1997-vol3	878	35.6	nonfinal	payment adjustment years shall be deemed <<nonfinal>> payments for	nominal
production-1997-vol3	879	5.6	nonfinal	payment adjustment year shall be deemed <<nonfinal>>	nominal
production-1997-vol3	879	25.6	nonfinal	payment adjustment year shall be deemed <<nonfinal>>	nominal
production-1997-vol3	879	46.1	nonfinal	deemed <<nonfinal>> payments for purposes of this section and	nominal
production-1997-vol3	899	47.0	eroun	<<eroun>> under clause iii have been fully exhausted	aroun|broun|ergun|eron|groun|roun
production-1997-vol3	926	2.5	surrepticiously	charges for any telecommunications service <<surrepticiously>>	surreptitiously
production-1997-vol3	954	47.0	alphanrodine	<<alphanrodine>>	alphaprodine
production-1997-vol3	955	0.0	anieridine	<<anieridine>>	anileridine
production-1997-vol3	955	32.0	sufentanyl	<<sufentanyl>>	sufentanil
production-1997-vol3	956	39.2	carbonitrile	b piperidinocyclohexane <<carbonitrile>> pcc	carbonitride
production-1997-vol3	968	18.0	profittaking	<<profittaking>> in undeveloped land including right of reverter	profitmaking
production-1997-vol3	989	30.0	microphotographer	<<microphotographer>>	microphotographed
production-1997-vol3	989	33.0	supv	<<supv>> superior court clerk	spv|sup|supa|supe|supp|supr
production-1997-vol3	994	24.2	lamc	court administrator <<lamc>> management appraisal and	aamc|amc|kamc|lac|lacc|lacm
production-1997-vol3	994	27.0	lamc	<<lamc>> performance plan	aamc|amc|kamc|lac|lacc|lacm
production-1997-vol3	994	30.1	lamc	service <<lamc>>	aamc|amc|kamc|lac|lacc|lacm
production-1997-vol3	994	32.1	lamc	operations <<lamc>> performance plan	aamc|amc|kamc|lac|lacc|lacm
production-1997-vol3	994	34.0	lamc	<<lamc>> performance plan	aamc|amc|kamc|lac|lacc|lacm
production-1997-vol3	994	36.1	lamc	ncs <<lamc>> performance plan	aamc|amc|kamc|lac|lacc|lacm
production-1997-vol3	995	3.1	lamc	ncs <<lamc>>	aamc|amc|kamc|lac|lacc|lacm
production-1997-vol3	995	7.2	lamc	manager ncs <<lamc>>	aamc|amc|kamc|lac|lacc|lacm
production-1997-vol3	995	15.0	lamc	<<lamc>>	aamc|amc|kamc|lac|lacc|lacm
production-1997-vol3	995	19.2	lamc	operations ncs <<lamc>>	aamc|amc|kamc|lac|lacc|lacm
production-1997-vol3	998	32.0	lamc	<<lamc>>	aamc|amc|kamc|lac|lacc|lacm
production-1997-vol3	998	39.0	lamc	<<lamc>>	aamc|amc|kamc|lac|lacc|lacm
production-1997-vol3	1000	22.0	lamc	<<lamc>>	aamc|amc|kamc|lac|lacc|lacm
production-1997-vol3	1005	42.5	lamc	assistant capital projects manager ncs <<lamc>> k	aamc|amc|kamc|lac|lacc|lacm
production-1997-vol3	1006	3.3	lamc	assistant court administrator <<lamc>> n r	aamc|amc|kamc|lac|lacc|lacm
production-1997-vol3	1006	41.2	iudee	court administrator <<iudee>> court o d	idee|indee|iudex|judee|mudee|udee
production-1997-vol3	1007	27.4	lamc	deputy clerk supervisor ncs <<lamc>> h	aamc|amc|kamc|lac|lacc|lacm
production-1997-vol3	1007	30.2	lamc	financial services <<lamc>> n r	aamc|amc|kamc|lac|lacc|lacm
production-1997-vol3	1007	31.4	lamc	deputy court administrator operations <<lamc>> n r	aamc|amc|kamc|lac|lacc|lacm
production-1997-vol3	1008	5.3	lamc	division chief operations <<lamc>> n r	aamc|amc|kamc|lac|lacc|lacm
production-1997-vol3	1008	6.4	lamc	division chief operations ncs <<lamc>> n r	aamc|amc|kamc|lac|lacc|lacm
production-1997-vol3	1009	10.6	ncrt	management services specialist m c ncs <<ncrt>> e	crt|nart|ncat|ncert|nclt|ncr
production-1997-vol3	1009	11.4	lamc	managing court reporter ncs <<lamc>> f	aamc|amc|kamc|lac|lacc|lacm
production-1997-vol3	1010	11.4	lamc	secretary to presiding judge <<lamc>> n ef	aamc|amc|kamc|lac|lacc|lacm
production-1997-vol3	1010	20.4	lamc	senior court manager ncs <<lamc>> k	aamc|amc|kamc|lac|lacc|lacm
production-1997-vol3	1010	26.3	lamc	senior management secretary <<lamc>> n e	aamc|amc|kamc|lac|lacc|lacm
production-1997-vol3	1023	23.2	microphotographer	j one <<microphotographer>> who shall receive the biweekly salary	microphotographed
production-1997-vol3	1023	33.3	microphotographer	o one senior <<microphotographer>> who shall receive the	microphotographed
production-1997-vol3	1064	43.1	annlv	shall <<annlv>>	anniv
production-1997-vol3	1158	5.2	shobi	sword any <<shobi>> due any air gauge knife any writing	chobi|dhobi|hobi|shabi|shoba|shobe
production-1997-vol3	1163	0.6	shobi	as used in this section a <<shobi>> due means a staff crutch	chobi|dhobi|hobi|shabi|shoba|shobe
production-1997-vol3	1164	29.2	shobi	sword any <<shobi>> due any air gauge knife any writing	chobi|dhobi|hobi|shabi|shoba|shobe
production-1997-vol3	1170	12.6	shobi	as used in this section a <<shobi>> due means a staff crutch	chobi|dhobi|hobi|shabi|shoba|shobe
production-1997-vol3	1171	25.3	nonlocking	or death a <<nonlocking>> folding knife a folding knife that is	nonblocking|nonlicking
production-1994-vol1	77	0.0	incgto	<<incgto>>	into
production-1994-vol1	99	2.1	ifstate	sec <<ifstate>> boundaries change the legislature shall determine	instate
production-1994-vol1	109	3.1	coowner	any <<coowner>> s interest	cooner|crowner
production-1994-vol1	152	27.0	clectots	<<clectots>> eee eee eee cere n tener nent	electors
production-1994-vol1	152	37.12	enaeee	cece e cere renner eter e eee <<enaeee>> iv e	enable
production-1994-vol1	152	50.14	enene	e ee eee reece eee ene nt <<enene>> renee xx	ebene|ekene|elene|enen|enne|enone
production-1994-vol1	153	11.11	ntbe	cece e rece eben eee cere nr <<ntbe>> ete e ener i	mtbe|nabe|nbe|nebe|nibe|nobe
production-1994-vol1	153	14.0	voliny	<<voliny>> to eee c cece cece rece tree	volin
production-1994-vol1	153	34.8	xuib	added or removed by judgment of court <<xuib>>	guib|huib|quib|uib|xib|xlib
production-1994-vol1	153	36.5	kuib	fiscal year cece tert ttrettteereereereereees <<kuib>>	guib|huib|keib|kib|kub|kubb
production-1994-vol1	153	42.6	xuib	appropriations subject to limitation exceptions to <<xuib>> i	guib|huib|quib|uib|xib|xlib
production-1994-vol1	153	48.9	mtib	oo eet eee e eter eter ttrettrerterereeeee <<mtib>>	maib|mgib|mib|mitb|mtb|mtbi
production-1994-vol1	153	55.11	miuib	te ce cece eee cee rece eeererrereveee <<miuib>>	mini|miui
production-1994-vol1	153	57.5	xitb	local government definition of ccsceeeeeeeeeeeeeereeeeeee <<xitb>> d	citb|itb|mitb|witb|xib|xit
production-1994-vol1	154	5.5	sminb	severability of provisions re eeeeeeeeeeeeeeerereeeereree <<sminb>>	sinb|smin|smino
production-1994-vol1	154	46.9	renenes	power of ccc eeeeceee reer eneeee reer <<renenes>> iv a	reneges|rennes
production-1994-vol1	155	18.0	otzanization	<<otzanization>> cee eee eee tee tere re etter	organization
production-1994-vol1	155	25.15	ettees	tree ene e eee e erent et <<ettees>> iv a	etters|ettes|etties|settees
production-1994-vol1	155	48.17	xifl	eere eee eee reed reef eee es <<xifl>>	eifl|ifl|iifl|nifl|xfl
production-1994-vol1	156	31.7	ceeene	district attorneys and sheriffs supervision of c <<ceeene>> eee eee vv	celene|cetene
production-1994-vol1	156	49.12	ntti	cece cece ere ener eee t teen <<ntti>> es i	antti|atti|etti|itti|nati|natti
production-1994-vol1	158	26.12	ereenes	cece e erent reece cette tener eer <<ereenes>> iv a	greenes
production-1994-vol1	159	6.5	cccec	executive power vested in governor <<cccec>> cee ee cence eet ee ences vv	cccc
production-1994-vol1	159	32.10	ettrnes	cc ence center etter ete nne etter <<ettrnes>> vii	entries
production-1994-vol1	159	34.15	enaees	e eee e eee e tebe tn <<enaees>> ii	enates|names
production-1994-vol1	159	51.15	anaes	cere tree eee eee eeeee eee n <<anaes>> ill	adaes|anaces|anacs|anae|anaee|anais
production-1994-vol1	160	26.5	ececee	assessors elected provision for cece <<ececee>> ne renee en ee nee res xi	ceecee
production-1994-vol1	160	45.12	ennet	eee cee rece e reer e renee <<ennet>> eens xi g	annet|bennet|dennet|enet|enne|ennen
production-1994-vol1	162	27.12	eennen	cece cece eee e rer ere ener <<eennen>> nee xvi	dennen|ennen|hennen|kennen|mennen|sennen
production-1994-vol1	162	33.14	nnenn	teen renee bere beet ete ete tenes <<nnenn>> eer e ene xx	nnenna|nnnn|nnnnn
production-1994-vol1	163	2.6	ecceee	officers and employees included in ese <<ecceee>> eee e renee eee vii l a	exceed
production-1994-vol1	163	58.8	esseee	utility subject to control and regulation as <<esseee>> ven eee xii	essene|essere
production-1994-vol1	164	5.4	cceee	changes in enrollment allocations <<cceee>> eee eeeee eer en es xvi f	aceee
production-1994-vol1	165	3.5	xviti	initiative amendment by cece cecerteeeeeeeteeeeereees <<xviti>>	viti|xvii|xviii|xvith
production-1994-vol1	165	11.0	ptocedute	<<ptocedute>> eect terete terre etttetrerttrrtereeeeee xviti	procedure
production-1994-vol1	165	11.5	xviti	ptocedute eect terete terre etttetrerttrrtereeeeee <<xviti>>	viti|xvii|xviii|xvith
production-1994-vol1	165	24.13	mviti	eee e ee eee ere er ttrererteerterttteseterereesees <<mviti>>	maiti|miti|viti
production-1994-vol1	166	4.9	eneen	cece cece eee c cece nee nett <<eneen>> renee vs b	deneen|enden|enen|engen|ennen|enten
production-1994-vol1	166	5.14	nneees	tne tne er knee er ene et <<nneees>> vs e	needs
production-1994-vol1	168	20.11	neaeee	cece eee terre nen knee teen err <<neaeee>> tees ix a	nearer
production-1994-vol1	168	50.2	eect	c echon <<eect>> reeeeer ener etter e reer erent teeter	bect|cect|dect|ect|eec|eech
production-1994-vol1	169	4.8	teneen	original cece cece eee cece reece tenner <<teneen>> neers vi	deneen|geneen|tenee|tenen|tengen|tenten
production-1994-vol1	169	35.11	ertner	cece cece cece cree een ene erent <<ertner>> eres vi	entner|erner|erter|ettner|gertner|ortner
production-1994-vol1	169	38.6	teense	mandamus original jurisdiction in ee eece <<teense>> enon ener ees vi	teenie|teens|teensy|teese|tense
production-1994-vol1	169	59.1	ptiot	convictions <<ptiot>> c eee e eee eee nee ere	piot|pitot
production-1994-vol1	170	8.0	giscovety	<<giscovety>> een eet ec ner rn n errr	discovery
production-1994-vol1	170	44.5	xmuib	appropriations subject to limitation ccceeeeerseeeeeereeees <<xmuib>> i	muir
production-1994-vol1	170	48.7	xitb	change in population cc eece eee eeeteeetereerererettteerresees <<xitb>> f	citb|itb|mitb|witb|xib|xit
production-1994-vol1	170	60.0	invesemenes	<<invesemenes>> eee eee eet eter ener teen ete	investments
production-1994-vol1	171	4.13	amxiv	een r eee e cree eee eetteteeteeeseerene <<amxiv>>	arxiv
production-1994-vol1	171	35.0	postponemenl	<<postponemenl>> cece eet e tee bern e rere	postponement
production-1994-vol1	171	55.12	ennees	eee e ere nae eee er bere <<ennees>> vi	ennes
production-1994-vol1	172	25.0	systern	<<systern>> public school definition cecceeee eee ener e	sistern|systen|syster
production-1994-vol1	172	29.6	nenene	bond issuance requirements te cece eet <<nenene>> xvi	neneng|nonene|venene
production-1994-vol1	173	0.0	omicct	<<omicct>> s	omit
production-1994-vol1	173	8.9	eneres	of ccc ces cene eee pete rest <<eneres>> ix	endres|enures|generes|neres|veneres
production-1994-vol1	173	25.5	xmuib	appropriations limit establishment or change <<xmuib>>	muir
production-1994-vol1	173	26.5	ccvee	bond measures submission of ccs <<ccvee>> erence eeeenteeeeeneres xvi a	cuvee
production-1994-vol1	173	58.0	juazes	<<juazes>> oo eee ener enter rer reenter er	juanes|judges
production-1994-vol1	174	24.1	sectee	voting <<sectee>> cre reece rere eee ere r ere	sentee|settee
production-1994-vol1	174	49.11	eennee	act as cece cere e renee teen <<eennee>> xii	pennee|rennee
production-1994-vol1	174	60.0	teapportionment	<<teapportionment>> ee eee eet ee nee nnn renner	reapportionment
production-1994-vol1	175	33.14	ternnes	tree reer eb eee n ener renner <<ternnes>> il	tennes|ternes
production-1994-vol1	175	49.10	ernane	ce cece cece e rere ene teen <<ernane>> xvi a	ergane|ernani
production-1994-vol1	176	22.14	neenen	een r eb ee beret tree eee <<neenen>> tent ennennes iv b	keenen|needed|neenan|neener|peenen|reenen
production-1994-vol1	176	44.1	tfocs	forest <<tfocs>> oo icici ec tere renee erect erect	focs|tocs
production-1994-vol1	177	10.4	muitb	establishment eepeeeeeeree rere rtttetertererttterereree <<muitb>>	mitb|muite|muito
production-1994-vol1	177	22.9	eernee	etc prohibited ccs cere eee reece rere <<eernee>> ees xvi	vernee
production-1994-vol1	177	30.12	eeers	eeeee een eee eee reer rene tern <<eeers>> vii a	beers|deers|ebers|eers|elers|evers
production-1994-vol1	177	58.10	nnete	comimmissionets c bee eee eet ee etre <<nnete>> ees iv b	nete
production-1994-vol1	178	3.0	mitlc	<<mitlc>> te eect reece eee eter nett entre	milc|mitc|mitic|mitla
production-1994-vol1	178	46.4	eecer	pardons granting of ccc <<eecer>> eeepc rere eee ee ere ne eee	ecer|eeler
production-1994-vol1	178	46.5	eeepc	pardons granting of ccc eecer <<eeepc>> rere eee ee ere ne eee nn	eeep|keep
production-1994-vol1	179	2.11	eteene	cece erect reece eee eee e etter <<eteene>> enter reese iv	eterne|ethene
production-1994-vol1	179	28.15	ennne	cee e eect erect een e rene <<ennne>> nes xix	enne|ennen|ennie|enone
production-1994-vol1	180	28.11	enennes	reece reer eee e erect eerste teen <<enennes>> xiii	engines
production-1994-vol1	180	40.9	eenene	confirmation of cceceeee cree eee reece ee <<eenene>> xiv	venene
production-1994-vol1	181	0.9	eereree	rere eee e crete rere rerereererecerrrrerrertercc tern <<eereree>> il c	referee
production-1994-vol1	182	22.13	enenes	ee eeee eee reer renee tree tr <<enenes>> vi ll	egenes|ennes
production-1994-vol1	182	23.4	ccsever	assignment to other courts <<ccsever>> creer cree vee e reese eeeeeeeeeee vi	sever
production-1994-vol1	182	26.0	comsute	<<comsute>> cee cere cece eee ern e keep	commute|compute|consute
production-1994-vol1	182	26.11	ttrar	eee ern e keep bene e terete <<ttrar>> ee tertereternenes vi c d	tarar
production-1994-vol1	182	58.0	temova	<<temova>> eee cece eee eee ee ee eee	temora
production-1994-vol1	183	16.13	eeenes	e bree bebe e reer ee beer <<eeenes>> vi	egenes|events
production-1994-vol1	183	38.0	oroy	<<oroy>> oy let ea na vi	broy|croy|froy|kroy|ohoy|orby
production-1994-vol1	183	42.3	eceecee	recommendations of cs <<eceecee>> reece eect eee tere enennete rere erenes	ceecee
production-1994-vol1	183	46.11	ennees	eee eeee eee rere ener tree er <<ennees>> vi	ennes
production-1994-vol1	184	10.0	supetioy	<<supetioy>> routes eee c cece eee eee eet	superior
production-1994-vol1	185	21.6	rerenaes	emergency bill passage before cceceeeencee cece <<rerenaes>> iv c	revenues
production-1994-vol1	186	9.10	eetene	eet renee ener eee n etre tener <<eetene>> er erenere recs iv	cetene|ectene|eeten|ektene|ketene|retene
production-1994-vol1	186	9.12	erenere	ener eee n etre tener eetene er <<erenere>> recs iv	renee
production-1994-vol1	187	49.5	cceee	judges qualifications etc of cic <<cceee>> cece eee eeee eee eee rer ena	aceee
production-1994-vol1	188	7.11	ersere	cee seer eee e eet eee reer <<ersere>> ee iv d	esere|essere
production-1994-vol1	188	26.3	csese	influencing vote of <<csese>> cece cere rece reer e reer ner	chese|cses|sese
production-1994-vol1	188	33.8	tennene	and citizenship ecseceee cece eee nee rete <<tennene>> iv c	tennent
production-1994-vol1	188	41.16	eennee	ne nett een n tetera b ee <<eennee>> iv	pennee|rennee
production-1994-vol1	189	3.4	ccecce	proceedings open and public <<ccecce>> ee c cence nen e renee ren	coerce
production-1994-vol1	189	5.9	reteset	ccc cece cece cece reece eee cece <<reteset>> ennennnnnes xi s b	rebeset|retest
production-1994-vol1	189	57.7	reteset	closed sessions cee cece ee eee rete <<reteset>> ete ree eet eene ret rennrere iv	rebeset|retest
production-1994-vol1	190	7.4	cceee	retirement allowances providing of <<cceee>> eee tees eee vi	aceee
production-1994-vol1	190	9.6	ececer	officers and employees of providing for <<ececer>> eevee eee e ees vi	exeter
production-1994-vol1	190	59.13	nennee	cece eet er ene cence ee ten <<nennee>> iv a	nenney|pennee|rennee
production-1994-vol1	191	13.6	xvod	constitutional convention calling of e eee <<xvod>>	svod|vod|xvid
production-1994-vol1	191	18.1	oveitice	veto <<oveitice>> cece ete ete tree teen nett ern	overtime
production-1994-vol1	192	44.5	ecsee	legislator s earned income from <<ecsee>> cece ee ere renee tener ee knees	ecse|esee
production-1994-vol1	193	22.0	ptopetty	<<ptopetty>> scpatale ee cee eer eee enter reer	property
production-1994-vol1	193	33.9	nnete	cece cece cern erect eet e eee <<nnete>> tebe rnenaeee xiv	nete
production-1994-vol1	194	42.0	jutisgiction	<<jutisgiction>> erence eee eee crete rece n erect	jurisdiction
production-1994-vol1	195	34.10	eenees	of prescribed ceccee ese ee nee erence <<eenees>> xx	eevees
production-1994-vol1	195	38.9	eenees	impeachment scccseeeeee sere e ee rneeeenee er <<eenees>> iv b	eevees
production-1994-vol1	195	58.5	ceeeree	claims against procedure re ce <<ceeeree>> seer reer et eet eee knee xi	referee
production-1994-vol1	196	17.14	nenees	reece cette rere ere ee rete tee <<nenees>> vii b	needs|nenets
production-1994-vol1	196	28.11	enenes	cece eee ee eee e eee eset <<enenes>> xvi	egenes|ennes
production-1994-vol1	196	37.11	neene	eee ee eer eee eee beet reer <<neene>> eben nnn r eens il	beene|deene|geene|heene|jeene|keene
production-1994-vol1	196	49.13	eneeres	cece cece e ene n eee teen <<eneeres>> xx	entered
production-1994-vol1	197	14.1	btant	boveinot <<btant>> dy eee eee ee eee nee nee	bant|beant|brant|stant|tant
production-1994-vol1	197	59.0	imitalive	<<imitalive>> ee eet tree erent enna tree betta	imitative
production-1994-vol1	198	34.9	reteset	ccceeeseeee renee reenter eee e ern ne <<reteset>> ners i	rebeset|retest
production-1994-vol1	198	51.4	cceree	jurisdiction original cc ccc <<cceree>> cece tree eee e rere erent ete	cheree
production-1994-vol1	199	1.9	xitia	transaction taxes on real property sales prohibited <<xitia>>	itia|litia|mitia|sitia|titia
production-1994-vol1	199	15.8	eneen	service exempt positions cece cece tree rent <<eneen>> neers vi b	deneen|enden|enen|engen|ennen|enten
production-1994-vol1	199	46.15	enane	ee eee eee enar eet e tree <<enane>> xii	anane|elane|enage|ename|enan|enano
production-1994-vol1	200	42.11	ttrer	nner tenet et een e bette ee <<ttrer>> et ttenrnetees xiii f	tirer|tter|turer|tyrer
production-1994-vol1	201	51.12	ebbee	eter eee rere ee eee eet teaser <<ebbee>> nee b renner bees vo ll	bebee|ebbe|ebbed|ebben|embee
production-1994-vol1	202	6.13	eeenes	eee e te eee e eee ete <<eeenes>> vi	egenes|events
production-1994-vol1	202	25.13	benneres	eee tere e eet n ete teeter <<benneres>> i	banners
production-1994-vol1	203	30.0	auis	<<auis>> eee eeeeceeeeeeseieeeesssserersreressastitvreetsieritstertene xvi e	abis|acis|adis|afis|agis|ais
production-1994-vol1	203	35.7	cceee	boards of education county election etc of <<cceee>> sense rere neers ix	aceee
production-1994-vol1	204	9.10	reteene	cece cere ee ree eee eect erect <<reteene>> en eneen ine ere ees ix	retene
production-1994-vol1	204	9.12	eneen	ee ree eee eect erect reteene en <<eneen>> ine ere ees ix	deneen|enden|enen|engen|ennen|enten
production-1994-vol1	204	34.5	eect	stanford university leland jr cseeueeevee <<eect>> eeeeereereeeeenes xx	bect|cect|dect|ect|eec|eech
production-1994-vol1	205	7.12	ereeres	e rene nn ene ee nent eter <<ereeres>> ii b c	reeves
production-1994-vol1	205	33.11	tetera	eet eee tree eee eee rte e <<tetera>> ees iv c	cetera|tatera|tenera|tepera|teter|teters
production-1994-vol1	206	0.0	elecho	<<elecho>>	elcho|electo
production-1994-vol1	206	2.5	rereer	date of eee e eet <<rereer>> ene reer r enn eee reer errs	reree|rereel
production-1994-vol1	206	7.6	eecen	expulsion by two thirds vote cece <<eecen>> sence ere tree eee e eee iv	eeden|eeten|recen
production-1994-vol1	206	10.4	eects	judicial council membership on <<eects>> vi	ects|eecs|eets|ejects|elects|erects
production-1994-vol1	206	21.0	totids	<<totids>> cece cree reece recente eee ete e	totius
production-1994-vol1	206	44.0	tequar	<<tequar>> eee erect eee r rere rr e	equal
production-1994-vol1	206	45.0	spocial	<<spocial>> lo eect r eer e enero err	social|spacial|special
production-1994-vol1	207	7.11	tennenn	eee ee rere cece cece eet eee <<tennenn>> en res ii b	tennent
production-1994-vol1	207	24.10	teennes	etc cece cece eee n cece tenner <<teennes>> xi	teenies|tennes
production-1994-vol1	208	9.15	enenn	reece ete e etter er ten stn <<enenn>> renee ti a	enen|ennen
production-1994-vol1	208	11.0	chedes	<<chedes>> eee creer nner enn e nr dere	cedes|cheder|chees|chenes|cheves|chides
production-1994-vol1	209	15.7	ccese	water rights and water quality actions re <<ccese>> eset renee ree ree xa	cces|chese
production-1994-vol1	209	23.5	eneeer	court of become eee cee <<eneeer>> tnt n erent nner enn t reenter	enever|enter
production-1994-vol1	209	29.9	tetera	necessary for eee eee e cere e <<tetera>> vi	cetera|tatera|tenera|tepera|teter|teters
production-1994-vol1	209	31.3	cceecee	actions against jurisdiction <<cceecee>> reer eee eee e eee e eens	ceecee
production-1994-vol1	209	34.3	cceee	members appointment of <<cceee>> sere eect entree rte eetneeees vi a	aceee
production-1994-vol1	209	41.13	tnneees	ee teeter ent eee ete ernet renter <<tnneees>> vi a b	annexes
production-1994-vol1	210	38.5	ccbee	colleges nonprofit buildings etc of <<ccbee>> rere tenet eee ee xiii e	mcbee
production-1994-vol1	210	56.3	ceseee	seismic retrofitting improvements <<ceseee>> rere etter erees mita c	lessee
production-1994-vol1	211	5.0	waivets	<<waivets>> n ene ern e etn n nett	waivers|waives
production-1994-vol1	211	11.10	tentbe	e cece cece cece tect ects teeter <<tentbe>> eet eretenteetes xiii	tente
production-1994-vol1	211	17.5	ceecece	indebtedness evidence of cc cece <<ceecece>> teen eceeeeeereennnennennes xiii	ceecee
production-1994-vol1	211	20.13	retees	cere rece ee enter nee ten ren <<retees>> xiii b	retes|reties
production-1994-vol1	211	28.14	teenees	ett eee eee ee eee ete ee <<teenees>> xiii f	teenies|teepees
production-1994-vol1	211	44.13	xxul	ee eee tener nnneee eee e renee <<xxul>> ol	xul|xxl|xxxl
production-1994-vol1	212	10.7	xiida	base year values transfer of c cceeeeeeeeceeetreerersreree <<xiida>> a	iida|linda
production-1994-vol1	212	11.1	waivets	classification <<waivets>> ccc ec cece eee c cece tee	waivers|waives
production-1994-vol1	212	14.0	ptopetly	<<ptopetly>> occ eee e eee terete tere eet	properly
production-1994-vol1	212	20.8	xiida	cash value base to reflect inflationary rate <<xiida>> b	iida|linda
production-1994-vol1	212	23.9	xiita	effective date of provisions re ee eeeeeeee <<xiita>>	iita|vista|wiita|xiith
production-1994-vol1	212	25.8	xidda	tax severability of provisions re c eeeeeeee <<xidda>>	jidda|kidda|ridda|sidda
production-1994-vol1	212	31.8	xiila	change due to eminent domain proceedings etc <<xiila>> d	xila
production-1994-vol1	212	41.4	tetera	approval eee cece eter <<tetera>> eb ener eee entra eter ne ene	cetera|tatera|tenera|tepera|teter|teters
production-1994-vol1	213	35.13	rnnane	enact ee re en tee sete bre <<rnnane>> ii a	insane
production-1994-vol1	214	22.9	rxxiv	low rent approval of cece eee eeeeeeeeeees <<rxxiv>>	cxxiv|lxxiv|xxiv|xxxiv
production-1994-vol1	214	35.2	ccecee	alcoholic beverages <<ccecee>> erect reece rere tenner ent e etter	ceecee
production-1994-vol1	214	52.8	ceeen	required for conviction of cs cece cer <<ceeen>> enter een en eens ti	beeen|ceren|ceven|cheen|cleen|creen
production-1994-vol1	215	15.0	mrumber	<<mrumber>> of jurors cece cee cece eee erect	crumber
production-1994-vol1	215	24.14	ennne	ccc e cece cece teeter nee nen <<ennne>> nes xi s b	enne|ennen|ennie|enone
production-1994-vol1	216	32.0	supetiol	<<supetiol>> route to ccc cece cere eter een	superior
production-1994-vol1	216	60.0	amenamenis	<<amenamenis>> cc eee ete eee eee e reenter	amendments
production-1994-vol1	217	10.7	esev	tighe oo eee cece ccc cece esse <<esev>> sree vere eteesteeetereteaesrertettetteriees i	eev|elev|erev|ese|esea|esee
production-1994-vol1	217	11.0	sectel	<<sectel>> cee eee eee eee renee ee eee	seckel
production-1994-vol1	217	15.11	mieda	cece eet e teeter etre reer eeeeeereseees <<mieda>> l b	maeda|meda|mida|midea|miedo|mieka
production-1994-vol1	217	37.1	eccee	stockholders <<eccee>> eee et eeee eee tree reenter rneeens	ecce|emcee
production-1994-vol1	217	60.0	tiparian	<<tiparian>> tights ce cece cece ee er eee	liparian|riparian
production-1994-vol1	218	10.0	sepatale	<<sepatale>> pyopetly ee ee cece eee ere eee	separate
production-1994-vol1	218	10.1	pyopetly	sepatale <<pyopetly>> ee ee cece eee ere eee rere	properly
production-1994-vol1	245	3.10	whipsnake	for the san joaquin kit fox alameda <<whipsnake>> and other	whipsnade
production-1994-vol1	267	9.0	hayvenhurst	<<hayvenhurst>> creek and wildlife reserves and for grants	havenhurst
production-1994-vol1	268	19.0	cuarrer	<<cuarrer>> miscellaneous provisions	carrer|currer
production-1994-vol1	285	15.0	cuarrer	<<cuarrer>> fiscal provisions	carrer|currer
production-1994-vol1	290	27.0	yvaney	<<yvaney>> shall reduce operations to compensate for less	vaney|yaney
production-1994-vol1	299	18.0	cuarrer	<<cuarrer>> scuoot facitiries bond act of	carrer|currer
production-1994-vol1	299	18.1	scuoot	cuarrer <<scuoot>> facitiries bond act of	scoot
production-1994-vol1	325	17.0	cuarter	<<cuarter>> elicipiity	carter|charter|cuartel|curter|quarter
production-1994-vol1	330	38.0	cuarrer	<<cuarrer>> governance and administration	carrer|currer
production-1994-vol1	339	39.0	cuarrer	<<cuarrer>> funding	carrer|currer
production-1994-vol1	346	0.7	douake	tevetiues jot purposes of preparing ine system <<douake>>	douane
production-1994-vol1	355	0.1	doatu	gqavisoty <<doatu>>	datu|dhatu|doat|doats
production-1994-vol1	357	38.0	cuarrer	<<cuarrer>> primary care tertiary cars public hearty research	carrer|currer
production-1994-vol1	359	36.0	cuarrer	<<cuarrer>> enforcement	carrer|currer
production-1994-vol1	362	0.0	unptofessiongl	<<unptofessiongl>> conaucl	unprofessional
production-1994-vol1	362	0.1	conaucl	unptofessiongl <<conaucl>>	conduct
production-1994-vol1	364	1.0	cuarter	<<cuarter>> miscellaneous	carter|charter|cuartel|curter|quarter
production-1994-vol1	414	11.0	cuarter	<<cuarter>> billboards	carter|charter|cuartel|curter|quarter
production-1994-vol1	414	17.0	cuarter	<<cuarter>> enforcement	carter|charter|cuartel|curter|quarter
production-1994-vol1	420	25.1	bayfair	a <<bayfair>> east livermore	affair|mayfair|wayfair
production-1994-vol1	426	11.4	eeenee	william d dawson achin <<eeenee>> superintendent of public instruction sacramento	eeeee|eeeeee|renee
production-1994-vol1	426	30.1	vuksich	alexa <<vuksich>> wu eestseseessersseeresssereterccstssessnerieeerremriscrmememnnnnitnttsree special projects director	vuich
production-1994-vol1	426	33.3	ltade	tra goldmann woisccssessserssseeesssessnsenssnesseseecscnecsternsursnserscsversnrreeseccesecesseeeessersnverssersnmessteeeeencouenuecssrrsserremersmnnnnennns <<ltade>>	lade|leade|stade|tade
production-1994-vol1	428	27.8	naglee	richard r ll sacramento san joaquin n <<naglee>> rd	nagle|nagler|nagles
production-1994-vol1	429	35.7	hemsted	johannessen maurice businessman r butte colusa glenn <<hemsted>> dr suite	heisted
production-1994-vol1	429	38.9	roorn	full time d sacramento east channel st <<roorn>>	boorn|doorn|hoorn|moorn|roon|roor
production-1994-vol1	430	12.0	officet	<<officet>> sseeses chula vista	office|officel|officer|offices
production-1994-vol1	430	35.8	erringer	cathie full time r los angeles ventura <<erringer>> rd suite	berringer|derringer|erdinger|herringer
production-1994-vol1	430	43.1	capil	ti <<capil>> offs	apil|cail|calil|camil|canil|capel
production-1994-vol1	430	46.5	rowons	secretary of senate eeccsecns risk <<rowons>> cece o state capitol	rowans
production-1994-vol1	430	49.6	rovane	chief assistant secretary ccc john w <<rovane>> iv sssecsreseeeneee state capitol	roane|romane|rovan|roxane
production-1994-vol1	430	53.4	bomaar	file clerk ceccccceeccseeceserermeecneerreceemresrrenrenren cath <<bomaar>> wees state capitol	bomar
production-1994-vol1	431	7.0	ownel	<<ownel>> ee suite cypress	onel|owne|owned|owner|ownes|owney
production-1994-vol1	432	46.0	klehs	<<klehs>> johan full time d alameda washington ave	klebs|klees|less
production-1994-vol1	433	39.7	hemstead	statham stan businessman br butte colusa glenn <<hemstead>> dr suite	hamstead|hempstead|homestead
production-1994-vol1	434	14.3	strankman	hon gary e <<strankman>> nescence presiding justice	strangman
production-1994-vol1	434	14.4	nescence	hon gary e strankman <<nescence>> presiding justice	essence|nascence|nescience
production-1994-vol1	434	16.2	dossee	hon robert <<dossee>> ccccsccsrcsercsssssnsssnssnnesecseessscsesreesneereeeseerssscssereneenecnrunmanmnnn associate justice	dossed|dossel|dosser|dosses|dossey|dossie
production-1994-vol1	434	36.1	zerne	hon <<zerne>> p hanning eecccseccsecsssecceseeseeresssiecr serene associate justice	berne|cerne|erne|ferne|gerne|herne
production-1994-vol1	434	50.3	fultut	hon morio l <<fultut>> o eeccecceccsseecccsreneessressessreenssteeecsreessrerseesensseenie rcs associate justice	fulton
production-1994-vol1	435	43.7	eneser	hon patricia d benke ws ccs ress <<eneser>> entire reenter associate justice	enever|enter|neeser|neser
production-1994-vol1	436	10.3	ardaiz	hon james a <<ardaiz>> ceceeecsesessesetssnssseeeeseneeensensesreseenerarrisnennenenneinummnnrnce associate justice	ordain
production-1994-vol1	436	24.4	cltk	michael j yerly vcsssscsssssesesssnssessssnseesssnsesssssnseesssnsseeessseeecssseessansreesnnsessenneecsssnnessesseersssnrerssnesssueeseonessnsreenseerees <<cltk>>	clik|clk|clt|clts|cltv|ctk
production-1994-vol1	436	30.4	commiissionet	jessie j knight cseecccccssesssssseeesssersrssseecsssssecteesssersenseessnnnecessnctestessnneeressererenneesnmecemineiuesnmnnecceoes <<commiissionet>>	commissioner
production-1994-vol1	436	34.0	diarma	<<diarma>> marshall ccccssccccsscsecssecseeesceseressessserssecereesecsseseassensesneenseesresressccteasenneanesnensrarreeaeeenenensieiminneneecenens chairperson	darma|dharma|diagram|diara|diarra
production-1994-vol1	440	58.2	jompson	hart an <<jompson>>	compson|jopson|tompson
production-1994-vol1	440	79.0	kijlea	<<kijlea>> calderon	killea|killed
production-1994-vol1	441	47.0	alguist	<<alguist>> vasconcellos chairman hannigan	algist|alquist
production-1994-vol1	442	34.1	mccorgquodale	hauser <<mccorgquodale>>	mccorquodale
production-1994-vol1	442	71.0	honevcutt	<<honevcutt>> wright	honeycutt
production-1994-vol1	443	44.0	brullte	<<brullte>> member hoge	brulle|brulte
production-1994-vol1	444	44.2	rainev	s mello <<rainev>> umberg and vasconcellos	raine|rained|rainer|raines|rainey
production-1994-vol1	444	73.1	rainev	boland <<rainev>>	raine|rained|rainer|raines|rainey
production-1994-vol1	444	81.1	conrov	katz <<conrov>>	conrod|conroe|conron|conroy|control
production-1994-vol1	445	2.1	esscuttia	ss <<esscuttia>> leslie	escutia
production-1994-vol1	445	4.2	kellev	connolly bergeson <<kellev>> mccorquodale and	kelle|kellee|kellen|keller|kellet|kelley
production-1994-vol1	445	55.3	oconzell	bornstein karnette margolin <<oconzell>> and	oconnell
production-1994-vol1	446	41.0	prresley	<<prresley>> hannigan	presley
production-1994-vol1	446	57.0	klehs	<<klehs>> coauthor assembly member horcher	klebs|klees|less
production-1994-vol1	446	75.1	maady	tucker <<maady>>	maad|maadi|maday|maddy|mady|magdy
production-1994-vol1	447	17.5	sscod	senators dills roberti and torres <<sscod>> ills	second
production-1994-vol1	447	24.1	allquist	moore <<allquist>>	ahlquist|almquist|alquist|hallquist
production-1994-vol1	447	34.3	prringle	robert campbell s <<prringle>>	pringle
production-1994-vol1	447	46.1	alguist	peace <<alguist>>	algist|alquist
production-1994-vol1	447	58.0	klehs	<<klehs>> coauthors assembly members archie	klebs|klees|less
production-1994-vol1	447	68.3	klehs	boatwright and presley <<klehs>> lee martinez moore o connell	klebs|klees|less
production-1994-vol1	448	33.0	conrov	<<conrov>> craven	conrod|conroe|conron|conroy|control
production-1994-vol1	448	59.2	klehs	isenberg katz <<klehs>> knowles moore connolly alby archie hudson baca	klebs|klees|less
production-1994-vol1	448	67.1	klehs	bustamante <<klehs>>	klebs|klees|less
production-1994-vol1	448	73.0	honeyeutt	<<honeyeutt>> burton and andal principal coauthor	honeycutt
production-1994-vol1	449	16.1	mccorguodale	presley <<mccorguodale>> coauthor assembly	mccorquodale
production-1994-vol1	449	68.0	klehs	<<klehs>> hauser	klebs|klees|less
production-1994-vol1	450	20.0	klehs	<<klehs>> ducheny	klebs|klees|less
production-1994-vol1	450	53.0	klehs	<<klehs>> mcpherson sher and speier hayden hughes kopp	klebs|klees|less
production-1994-vol1	451	13.1	proley	tucker <<proley>> and russell	poley|pooley|prole|proleg|proles|prolly
production-1994-vol1	451	44.0	klehs	<<klehs>> tom campbell	klebs|klees|less
production-1994-vol1	452	22.4	bronshyag	coauthors senators bergeson craven <<bronshyag>> costa hauser and moore	bronshvag
production-1994-vol1	452	52.4	klehs	richter archie hudson bronshvag <<klehs>>	klebs|klees|less
production-1994-vol1	452	72.0	goteh	<<goteh>> barbara friedman	goeth|gotch|gote|gotei|gotem|goten
production-1994-vol1	453	3.0	srosenthal	<<srosenthal>> marks	rosenthal
production-1994-vol1	453	6.0	alguist	<<alguist>> moore	algist|alquist
production-1994-vol1	454	17.4	klehs	johnson jones karnette katz <<klehs>> rainey seastrand sher snyder solis	klebs|klees|less
production-1994-vol1	454	38.0	klehs	<<klehs>> knight knowles margolin boland bornstein bowen bowler	klebs|klees|less
production-1994-vol1	454	42.0	savder	<<savder>> solis speier takasugi umberg conroy cortese costa	sadder|sader|sander|sauder|saver|sawder
production-1994-vol1	454	47.4	klehs	acr mcpherson jones karnette <<klehs>> knight knowles	klebs|klees|less
production-1994-vol1	454	62.3	klehs	hoge honeycutt horcher <<klehs>> isenberg johnson karnette klehs lee	klebs|klees|less
production-1994-vol1	454	62.7	klehs	hoge honeycutt horcher klehs isenberg johnson karnette <<klehs>> lee	klebs|klees|less
production-1994-vol1	455	5.6	klehs	acr mcdonald aguiar alby allen alpert <<klehs>> mcdonald mcpherson moore	klebs|klees|less
production-1994-vol1	455	32.7	klehs	statham and umberg coauthors isenberg jones katz <<klehs>> knight	klebs|klees|less
production-1994-vol1	455	48.4	klehs	willie brown burton bustamante <<klehs>> right mcpherson moore	klebs|klees|less
production-1994-vol1	455	54.3	klehs	johnson karnette katz <<klehs>> lee ajr alpert willie brown connolly costa	klebs|klees|less
production-1994-vol1	455	56.0	epherson	<<epherson>> moore morrow murray hauser klehs martinez moore	eperson|epperson|person
production-1994-vol1	455	56.5	klehs	epherson moore morrow murray hauser <<klehs>> martinez moore	klebs|klees|less
production-1994-vol1	455	79.4	klehs	barbara friedman terry friedman <<klehs>> knight knowles martinez	klebs|klees|less
production-1994-vol1	456	13.3	klehs	isenberg jones katz <<klehs>> lee quackenbush rainey seastrand	klebs|klees|less
production-1994-vol1	456	29.4	klehs	ajr alpert jones karnette <<klehs>> knight knowles	klebs|klees|less
production-1994-vol1	456	41.2	klehs	karnette katz <<klehs>> knight knowles andal archie hudson areias bac	klebs|klees|less
production-1994-vol1	456	50.7	klehs	boatwright calderon tom campbell isenberg johnson katz <<klehs>> knight	klebs|klees|less
production-1994-vol1	456	56.5	vinberg	presley roberti rogers rosenthal takasugi <<vinberg>> weggeland and	finberg|kinberg|vineberg|winberg|zinberg
production-1994-vol1	456	69.2	klehs	isenberg karnette <<klehs>> knight boland bornstein bowen bowler	klebs|klees|less
production-1994-vol1	457	75.0	klehs	<<klehs>> knight lee mcpherson morrow friedman gotch hauser	klebs|klees|less
production-1994-vol1	458	13.7	bomstein	andal baca boland bowen bowler archie hudson <<bomstein>> bowler	borstein|botstein
production-1994-vol1	458	34.1	savder	martinez <<savder>> solis and statham members aguiar alpert valerie	sadder|sader|sander|sauder|saver|sawder
production-1994-vol1	458	54.0	klehs	<<klehs>> coauthors senators boatwright umberg weggeland and woodruff	klebs|klees|less
production-1994-vol1	458	77.0	alguist	<<alguist>> murray napolitano polanco	algist|alquist
production-1994-vol1	460	37.5	klehs	burton baca and katz coauthors <<klehs>> martinez moore o connell	klebs|klees|less
production-1994-vol1	460	66.2	brrulte	alpert ss <<brrulte>>	brulte
production-1994-vol1	503	0.0	aevice	<<aevice>>	advice|avice|device|sevice
production-1994-vol1	521	39.0	subrogations	<<subrogations>> assignments and creditor rights and interests of	subrogation
production-1994-vol1	593	40.2	shobi	sword any <<shobi>> due any air gauge knife any writing	chobi|dhobi|hobi|shabi|shoba|shobe
production-1994-vol1	598	17.6	shobi	as used in this section a <<shobi>> due means a staff crutch	chobi|dhobi|hobi|shabi|shoba|shobe
production-1994-vol1	603	48.0	arrnn	<<arrnn>>	arnn|arran|arren|arron|arryn
production-1994-vol1	632	0.4	hrearm	may alternatively register the <<hrearm>> within days of the	prearm|rearm
production-1994-vol1	663	23.4	correctionist	therapy speech correction speech <<correctionist>> speech	corrections
production-1994-vol1	673	0.0	gemed	<<gemed>>	emed|gamed|geed|geme|gemeda|gemel
production-1994-vol1	721	47.0	qeay	<<qeay>>	eay|keay|peay|quay|reay|seay
production-1994-vol1	763	48.0	oeckn	<<oeckn>>	ocean
production-1994-vol1	785	48.0	wavag	<<wavag>> ray	naval|waag
production-1994-vol1	810	28.1	noaction	e <<noaction>> for injury to a reputational liberty or	coaction|nonaction
production-1994-vol1	880	41.0	janrd	<<janrd>>	jand|jard
production-1994-vol1	899	0.0	secuon	<<secuon>>	secon|section
production-1994-vol1	932	20.2	nonsecure	capability for <<nonsecure>> housing programming child care food	insecure
production-1994-vol1	964	36.0	jeqs	<<jeqs>>	eqs|jees|jegs|jems|jens|jeps
production-1994-vol1	1012	16.0	tetrahydrocannabinols	<<tetrahydrocannabinols>>	tetrahydrocannabinol
production-1994-vol1	1012	25.4	tetrahydrocannabinols	marijuana mescaline peyote or <<tetrahydrocannabinols>>	tetrahydrocannabinol
production-1994-vol1	1025	0.0	dnmmediately	<<dnmmediately>>	immediately
production-1994-vol1	1026	48.0	qoban	<<qoban>>	boban|coban|goban|hoban|joban|koban
production-1994-vol1	1043	48.0	onngd	<<onngd>>	owned
production-1994-vol1	1051	16.9	relending	a borrowing in the securities markets and <<relending>> to	relenting|resending
production-1994-vol1	1061	45.0	onbed	<<onbed>>	obed|onced|oned|orbed|unbed
production-1994-vol1	1070	21.5	caseinates	whey and whey products and <<caseinates>> specified in subdivision c	caseinate
production-1994-vol1	1103	41.0	nonpersonnel	<<nonpersonnel>> costs substantiating that the adult education program	nonpersonal
production-1994-vol1	1159	3.6	nonfinal	payment adjustment years shall be deemed <<nonfinal>> payments for	nominal
production-1994-vol1	1160	46.0	oabs	<<oabs>>	abs|babs|cabs|dabs|fabs|gabs
production-1994-vol1	1172	49.0	qaran	<<qaran>>	aaran|aran|baran|caran|daran|faran
production-1994-vol1	1193	8.3	wintergardens	valley sanitation district <<wintergardens>> sewer maintenance	wintergarden
production-1994-vol1	1201	47.0	orbr	<<orbr>>	obr|orb|orba|orbe|orbi|orbo
production-1994-vol1	1211	48.0	obded	<<obded>>	boded|obed|oded|orded
production-1994-vol1	1212	29.9	nonowned	with respect to the use of a <<nonowned>> vehicle by	nonowner
production-1994-vol1	1212	34.0	nonowned	<<nonowned>> vehicle is insured under a policy providing	nonowner
production-1994-vol1	1223	47.0	ibeeo	<<ibeeo>>	been|ibero
production-1994-vol1	1225	48.0	obbin	<<obbin>>	bobbin|bobin|dobbin|ebbin|gobbin|mobbin
production-1994-vol1	1244	2.6	cctp	bill to california comprehensive testing program <<cctp>> while i am supportive	ccap|cccp|ccmp|ccnp|ccop|ccp
production-1994-vol1	1245	16.3	cctp	comprehensive testing program <<cctp>> with the intention that these funds be	ccap|cccp|ccmp|ccnp|ccop|ccp
production-1994-vol1	1249	15.1	dehars	million <<dehars>> thirty seven million five hundred fifty nine	dears|debars|dehar|dehart|dehors|demars
production-1994-vol1	1252	37.0	doys	<<doys>> ceeecceeessereseeetetsrtesssrsrereeees	boys|coys|days|deys|diys|doas
production-1994-vol1	1254	3.0	toqu	<<toqu>> vo eeeeccecceecrereetteeretsecrsecestteresttesserstssttsssstttecsssenes	tobu|tofu|tohu|toku|tolu|tomu
production-1994-vol1	1256	34.0	jues	<<jues>> eeteeeeeeseeerereereetsereeeeees	cues|dues|fues|gues|hues|jees
production-1994-vol1	1261	2.0	rescalch	<<rescalch>> cccccssesececcneeeeeeeteneeecetausseseenaesececanensvees	research
production-1994-vol1	1263	22.0	accoudn	<<accoudn>> ccccsecceecceeccesceresereesaecanecasecneceastererarerens	accoun|account
production-1994-vol1	1271	12.7	equaliza	f or support of state board of <<equaliza>>	equalize
production-1994-vol1	1277	0.0	ocnedule	<<ocnedule>>	schedule
production-1994-vol1	1279	0.0	ftovisions	<<ftovisions>>	provisions
production-1994-vol1	1280	0.0	ftovisions	<<ftovisions>>	provisions
production-1994-vol1	1289	13.6	esecee	from the boxer s pension account <<esecee>>	secre
production-1994-vol1	1290	22.0	gaty	<<gaty>> func cceccccceseccececeeesccceeeneeeeeeessessesseenerecess	agaty|aty|baty|caty|faty|gaay
production-1994-vol1	1291	27.3	erces	stain eeeeceeeeceanereeeeeecene reser <<erces>>	eces|ences|erceg|ercs|eres|eries
production-1994-vol1	1294	38.0	nuises	<<nuises>> ccceeceeeecetcceeeceecenesesecenes	guises|noises|nurses
production-1994-vol1	1296	43.0	oxol	<<oxol>> nn	obol|ool|oool|oxo|oxon|oxyl
production-1994-vol1	1313	33.3	ccecee	stud bearing walls <<ccecee>>	ceecee
production-1994-vol1	1316	35.1	sffd	sps <<sffd>> central fire	ffd|sfd|sff|sfpd
production-1994-vol1	1316	38.1	sffd	sps <<sffd>> station re	ffd|sfd|sff|sfpd
production-1994-vol1	1316	40.1	sffd	sps <<sffd>> station re	ffd|sfd|sff|sfpd
production-1994-vol1	1316	42.1	sffd	sps <<sffd>> station	ffd|sfd|sff|sfpd
production-1994-vol1	1316	44.1	sffd	sps <<sffd>> station re	ffd|sfd|sff|sfpd
production-1994-vol1	1317	18.1	slofd	sps <<slofd>> fire station	slod|sloyd
production-1994-vol1	1319	3.0	sution	<<sution>> see eeeeeeeeseseeetereeerersteeessers	lution|sation|stion|suction|sutin|sutton
production-1994-vol1	1319	43.0	sctvices	<<sctvices>> cceeceseeeerteeseereeseeeesses	services
production-1994-vol1	1320	28.0	sctve	<<sctve>> fun c cecccesccesccececeeseesceevseueceevevevevsescavees	scove|scte|sctv
production-1994-vol1	1328	25.0	ctans	<<ctans>> ccceeseeseeeeeecereeseressesteeeereee	cans|chans|clans|coans|crans|ctas
production-1994-vol1	1329	13.0	ctads	<<ctads>> oo ecseeeeeseseetsenseeereresstseseeeserss	cads|chads|clads|ctas|ctds|octads
production-1994-vol1	1337	25.0	pottation	<<pottation>> fung ccececsssecceeceeceeeeeenerstanseceneeves	potation
production-1994-vol1	1338	32.0	interre	<<interre>>	intere|interne|interred|interreg|interrer|interrex
production-1994-vol1	1350	0.0	fyovisions	<<fyovisions>>	provisions
production-1994-vol1	1364	0.0	ftovisions	<<ftovisions>>	provisions
production-1994-vol1	1365	29.0	vesemenl	<<vesemenl>> ceceeeetteceeerererererereees	vestment
production-1994-vol1	1365	31.0	thotis	<<thotis>> ccccceeecceseseaee seen ecesseeseraeeseas	dhotis|thatis|thetis|this|thoits|thoris
production-1994-vol1	1368	1.1	csstic	ter <<csstic>> for commercial space techni	cistic|cystic
production-1994-vol1	1369	42.0	vaticy	<<vaticy>> veseeeseecceeececenececececsaeseceaececanecesauectsensesnaeessneeses	vatic
production-1994-vol1	1371	0.0	pyovistons	<<pyovistons>>	provisions
production-1994-vol1	1374	0.0	fyovisions	<<fyovisions>>	provisions
production-1994-vol1	1374	34.0	tiois	<<tiois>> eceeceee eee ees	this|tiis|tikis|timis|tions|tios
production-1994-vol1	1379	0.0	ocnedule	<<ocnedule>>	schedule
production-1994-vol1	1379	14.0	valion	<<valion>> ccc ceeecescseeceeereeeeersessssessssestesesesesttestssssevsees	alion|calion|galion|talion|valign|valin
production-1994-vol1	1381	14.0	cquipmenl	<<cquipmenl>> ceeeeeeeeeeeeeereeseereee	equipment
production-1994-vol1	1383	7.1	tvation	s <<tvation>> pyoqta cccceeececeessevececeneeeceesseeerses	ovation|tation|tration|vation
production-1994-vol1	1392	32.1	amvac	if <<amvac>> settlement funds were deposited in	amac|ambac|ampac|avac|mvac
production-1994-vol1	1393	20.0	ayawings	<<ayawings>> oe eeceeesntteeeeeereeeetenees	drawings
production-1994-vol1	1393	28.0	crawitngs	<<crawitngs>> cseeeeeceseeseeesnneeeeeeees	drawings
production-1994-vol1	1400	0.0	ftovisions	<<ftovisions>>	provisions
production-1994-vol1	1403	37.0	mecn	<<mecn>> ceeeeeeeeesereteeeeeetreeereeeres	ecn|mcn|mean|mec|meca|mecan
production-1994-vol1	1412	23.0	coomstruction	<<coomstruction>> ceeeecenevenevene	construction
production-1994-vol1	1421	15.3	renens	sctvadcy csesecsseseeevernan scone <<renens>>	regens|renes|renews|rennes|repens|tenens
production-1994-vol1	1432	13.0	valleywide	<<valleywide>> air pollution study agency with	valleywise
production-1994-vol1	1455	0.0	ftovisions	<<ftovisions>>	provisions
production-1994-vol1	1471	20.0	comntol	<<comntol>> ceeeesseeseererereseeeereense	contol|control
production-1994-vol1	1471	27.1	ghpp	and <<ghpp>> repayments	gapp|gepp|ghp|ghrp|gipp|gpp
production-1994-vol1	1477	4.0	plostam	<<plostam>> scceceeeseeeeeeneeeeenereeers	postal
production-1994-vol1	1480	28.0	biams	<<biams>> ceeeeecesseereereeaeerseeseeeerers	bams|beams|bias|bims|brams|iams
production-1994-vol1	1486	43.0	sotvices	<<sotvices>> ceecseecceereeeeeeeseeeseeess	services
production-1994-vol1	1487	0.0	fyovisions	<<fyovisions>>	provisions
production-1994-vol1	1490	33.6	pvea	percent of the total liheap grant <<pvea>> fund	avea|evea|paea|pdea|pea|plea
production-1994-vol1	1491	2.0	wotkets	<<wotkets>> ereeeeereerseeeeeeees percent	workers
production-1994-vol1	1491	22.2	csbg	block grant <<csbg>> contractors as a result of	cabg|cbg|cdbg|csb|csbs|csg
production-1994-vol1	1491	24.1	csbg	for <<csbg>> programs in fiscal year	cabg|cbg|cdbg|csb|csbs|csg
production-1994-vol1	1512	39.0	inceenhives	<<inceenhives>> ceeeeeeeeeeeeeeseeteeses	incentives
production-1994-vol1	1525	18.0	sacss	<<sacss>>	acss|sachs|sacks|sacs|sass|scss
production-1994-vol1	1525	43.0	sacss	<<sacss>>	acss|sachs|sacks|sacs|sass|scss
production-1994-vol1	1526	21.0	teccions	<<teccions>> cscceeeecesecerecseecsesceseceesneesstetstersstsstersee y	sections
production-1994-vol1	1526	28.0	tvalion	<<tvalion>> cceeecesererereveeseerseeee	talion
production-1994-vol1	1530	8.0	qtam	<<qtam>> veecesvessseseessrsessesvsssvseveeeereeee	atam|etam|itam|qam|qta|qtum
production-1994-vol1	1533	31.0	sttuction	<<sttuction>> cceeceeeeereerreeeeetrerees	struction
production-1994-vol1	1536	19.0	ministtalion	<<ministtalion>> ceeeereeresesereeeeeeee	ministration
production-1994-vol1	1556	37.3	fcmat	administered by the <<fcmat>> allocations staff	cmat|fcat
production-1994-vol1	1557	40.2	cctp	testing program <<cctp>> pursuant to	ccap|cccp|ccmp|ccnp|ccop|ccp
production-1994-vol1	1557	42.1	cctp	ment <<cctp>> long term implementation	ccap|cccp|ccmp|ccnp|ccop|ccp
production-1994-vol1	1563	0.0	ocnedule	<<ocnedule>>	schedule
production-1994-vol1	1563	2.0	setuction	<<setuction>> c scceeererereeereeeeee	seduction
production-1994-vol1	1563	30.6	selpa	cial education local plan area s <<selpa>> pupil	salpa|sela|selca|selda|selia|selja
production-1994-vol1	1564	6.5	subcaps	in provision waivers of the <<subcaps>>	hubcaps|subways
production-1994-vol1	1564	20.0	selpa	<<selpa>> that additional units are necessary for	salpa|sela|selca|selda|selia|selja
production-1994-vol1	1571	15.0	toceols	<<toceols>> cccecrscceccceeecaesesceeceeenecterenerstenetsecepensererens	tools
production-1994-vol1	1573	43.0	qiams	<<qiams>> eeeteererereseeeresteesserreees	iams|liams|niams
production-1994-vol1	1574	27.0	ucattion	<<ucattion>> cecresecececeteeneceeeeeaecnseceneceeceeesenereneeseneses	cation
production-1994-vol1	1582	7.2	deseg	court ordered <<deseg>>	deeg|dese|deseo|deser|desex|desig
production-1994-vol1	1582	40.2	cctp	testing program <<cctp>> as specified	ccap|cccp|ccmp|ccnp|ccop|ccp
production-1994-vol1	1584	20.0	tiot	<<tiot>> eeceeeeeeecceeeeneentneeeeees	biot|diot|fiot|iiot|iot|miot
production-1994-vol1	1585	38.0	elalion	<<elalion>> eeeeceeeerseeceseseseeseesseeeeee	elation
production-1994-vol1	1596	21.0	sttuction	<<sttuction>> csccsececeeveevsereeveerseeceee	struction
production-1994-vol1	1600	17.0	vetsily	<<vetsily>> ececeeeeseresstseeesceseeesersecetererertereretseseeseseeerees	easily
production-1994-vol1	1609	27.0	sewerline	<<sewerline>> water distribution	sewerlike|sewerlines
production-1994-vol1	1610	14.0	setuchion	<<setuchion>> cceseeeseeessererseserserese	seduction
production-1994-vol1	1610	17.0	ctawings	<<ctawings>> eeeseeeeecceeeeeeneenaeeeee rs	clawings
production-1994-vol1	1610	30.0	sttuction	<<sttuction>> ceeeeeesereeeererseeeeeeeese	struction
production-1994-vol1	1610	36.0	cyawings	<<cyawings>> cseeeeeeveveeeeceeeeeean anne es	clawings
production-1994-vol1	1613	5.0	acacomy	<<acacomy>> ceeceeececccceenaesecseeeceessecteerasanseeeseesereess	academy
production-1994-vol1	1616	37.0	opmene	<<opmene>> eceeteerereeeeteeesreeteeres	opment
production-1994-vol1	1626	18.0	stluction	<<stluction>> cceeseeeseeeeeeseeereessereees	struction
production-1994-vol1	1626	39.0	setuction	<<setuction>> ccceececeeeeeererenseeeeeeees	seduction
production-1994-vol1	1628	10.0	setuction	<<setuction>> ccceccseeeessereeversesereese	seduction
production-1994-vol1	1628	35.0	setuction	<<setuction>> ceeceeceereecrsereereeeeeee	seduction
production-1994-vol1	1630	8.0	ciodl	<<ciodl>> ceeeecceeeeeceeeeeeesteresetsetetsrseess	code
production-1994-vol1	1630	19.0	thotl	<<thotl>> sceesevseversceecrevcrcterseeserrererse	that|thatl|thol|thot|thoth|thots
production-1994-vol1	1630	38.0	cylawings	<<cylawings>> eeceeeeeeceeeeeeereeeen eee ees	clawings
production-1994-vol1	1633	31.0	ctawings	<<ctawings>> cseeeeeeeeeceereeeeenaeenee ees	clawings
production-1994-vol1	1635	5.0	setuction	<<setuction>> cceceeecereesereeeeneenes	seduction
production-1994-vol1	1636	3.0	feiquipment	<<feiquipment>> ccceceeceeeneeeees	equipment
production-1994-vol1	1644	15.0	vontion	<<vontion>> cceececeseeenereecereseeeesseees	montion|vention
production-1994-vol1	1650	12.0	soeivices	<<soeivices>> ceeseeeteeerteesecesserererseseee	services
production-1994-vol1	1656	10.0	acmninistration	<<acmninistration>> cccccseeccceeeccnereceneeceeenseeeneesseaness	administration
production-1994-vol1	1659	0.0	ftovisions	<<ftovisions>>	provisions
production-1994-vol1	1660	12.0	setuction	<<setuction>> ccceccecseecseseneneeeereerees	seduction
production-1994-vol1	1660	14.0	seyuction	<<seyuction>> ccceecceseceeccneecaseeeeeenes	seduction
production-1994-vol1	1662	0.0	ftovisions	<<ftovisions>>	provisions
production-1994-vol1	1662	40.6	revolv	payable from the harbors and watercraft <<revolv>>	evolv|resolv|revol|revolt|revolu|revolve
production-1994-vol1	1663	0.0	ftovisions	<<ftovisions>>	provisions
production-1994-vol1	1666	9.0	tussion	<<tussion>> eeeeeeeeeeeeeterreeeeeeeterereee	jussion|tussin
production-1994-vol1	1669	25.0	commmiassion	<<commmiassion>> csceceeceeeeceseeessanecancesessseeeeneseneesees	commission
production-1994-vol1	1673	0.7	jlbc	ever lesser time the chairperson of the <<jlbc>>	jbc|jdbc|jlb|jlc|jtbc|lbc
production-1994-vol1	1674	30.0	givetsion	<<givetsion>> eeceeseeeteeeetsrereeeeeeeeee	diversion
production-1994-vol1	1675	25.0	manazemenl	<<manazemenl>> eseeeeeeeeeeeeeeeeees	management
production-1994-vol1	1675	26.0	mdso	<<mdso>> recom	adso|dmso|dso|maso|mcso|mdo
production-1994-vol1	1675	41.1	pyesumption	clf <<pyesumption>> cee eeeereeeeeee	presumption
production-1994-vol1	1676	3.0	covices	<<covices>> cee eeeeeceeeeeeeeetetenerteres	codices|novices
production-1994-vol1	1676	8.0	suiveoys	<<suiveoys>> ceeceeveseneececareeeeerecen reece	surveys
production-1994-vol1	1676	13.0	tiolices	<<tiolices>> see eeeseeceeeeeeeeteteeeesenn recs	polices
production-1994-vol1	1677	23.2	recommitments	a dmso <<recommitments>> ch stats	recommitment
production-1994-vol1	1679	7.0	anicy	<<anicy>> oeeeeeceeseveeceetteeterereaeertesseeeree	ancy|anic|anica|anice|anich|anick
production-1994-vol1	1679	13.0	tocots	<<tocots>> c eccseseeeceseeecevenecestoecensens	tools|toots
production-1994-vol1	1679	26.0	cocuies	<<cocuies>> eceeeeeetetterseetersrtererseeeeese	copies
production-1994-vol1	1683	0.0	ttovisions	<<ttovisions>>	provisions
production-1994-vol1	1686	0.0	fyovisions	<<fyovisions>>	provisions
production-1994-vol1	1688	45.0	pemsation	<<pemsation>> ee eetteerereeerrerttteetrersecscccee	cessation
production-1994-vol1	1692	0.0	rtovisions	<<rtovisions>>	provisions
production-1994-vol1	1710	46.4	sliag	ization impact assistance grant <<sliag>> funds any such funds al	slag|slig|sling
production-1994-vol1	1724	9.0	jugiciaty	<<jugiciaty>> ceeeeeeeecccceeecnntnnneereeeeccssecnnensaaenereereeteeees	judiciary
production-1994-vol1	1725	32.1	nutse	tiommal <<nutse>> eeeeeeceeeeeneeeneeeevecececeeeenaeaeerreeesers	dutse|nuptse|nurse|nuse|nute|nutes
production-1994-vol1	1789	1.4	pollicipes	stalked or goose barnacles <<pollicipes>> sp	policies
production-1994-vol1	1789	2.5	nubilus	j giant acorn barnacle balanus <<nubilus>> or b aguila	jubilus|nubiles|nubilous|nubilum
production-1994-vol1	1789	3.3	lottia	k owl limpet <<lottia>> gigantea	lotta|lotti|lottie
production-1994-vol1	1789	5.5	trialata	m three winged murex pteropurpura <<trialata>>	trialate
production-1994-vol1	1789	6.3	simnia	n vidler s <<simnia>> simnia vidleri	signia|simi|simia|somnia
production-1994-vol1	1789	6.4	simnia	n vidler s simnia <<simnia>> vidleri	signia|simi|simia|somnia
production-1994-vol1	1789	6.5	vidleri	n vidler s simnia simnia <<vidleri>>	vider|vidler
production-1994-vol1	1789	12.4	melibe	iii lion s mouth <<melibe>> leonina	melike|meline
production-1994-vol1	1789	13.2	papillosa	iv aeolidia <<papillosa>>	papilloma|papillose|paxillosa
production-1994-vol1	1789	14.4	iodinea	v spanish shaw flabellina <<iodinea>>	iodine
production-1994-vol1	1789	18.2	agonidae	c family <<agonidae>> all poachers	agaonidae
production-1994-vol1	1814	9.9	prezoned	in what manner the territory shall be <<prezoned>>	prezone|rezoned
production-1994-vol1	1836	48.0	rqnarl	<<rqnarl>>	renal
production-1994-vol1	1841	42.9	storers	waste is located present or past generators <<storers>>	scorers|snorers|starers|stokers|stoners|storer
production-1994-vol1	1841	48.0	ankon	<<ankon>>	akon|ancon|andon|anion|anko|ankor
production-1994-vol1	1842	0.0	eitorts	<<eitorts>> to prevent abate or clean up conditions	extorts
production-1994-vol1	1901	24.5	teletex	number means a telephone telex <<teletex>> facsimile computer	teletext
production-1994-vol1	1913	38.0	lambra	<<lambra>> means a local agency military base recovery	ambra|cambra|labra|lamba|lambda|lambro
production-1994-vol1	1913	42.5	lambra	trade or business within a <<lambra>> and for the first two taxable	ambra|cambra|labra|lamba|lambda|lambro
production-1994-vol1	1914	6.0	lambra	<<lambra>> business operation the number of employees for	ambra|cambra|labra|lamba|lambda|lambro
production-1994-vol1	1914	8.0	lambra	<<lambra>> shall be zero if the taxpayer has	ambra|cambra|labra|lamba|lambda|lambro
production-1994-vol1	1914	25.6	lambra	following for exclusive use in a <<lambra>>	ambra|cambra|labra|lamba|lambda|lambro
production-1994-vol1	1915	2.8	lambra	business activities of the taxpayer within a <<lambra>> as if that	ambra|cambra|labra|lamba|lambda|lambro
production-1994-vol1	1915	6.0	lambra	<<lambra>> designation has expired the lambra shall be	ambra|cambra|labra|lamba|lambda|lambro
production-1994-vol1	1915	11.6	lambra	income shall be apportioned to a <<lambra>> by multiplying	ambra|cambra|labra|lamba|lambda|lambro
production-1994-vol1	1915	42.0	lambra	<<lambra>> the credit shall be equal to the	ambra|cambra|labra|lamba|lambda|lambro
production-1994-vol1	1916	17.3	lambra	employment within a <<lambra>>	ambra|cambra|labra|lamba|lambda|lambro
production-1994-vol1	1916	22.0	lambra	<<lambra>> means a local agency military base recovery	ambra|cambra|labra|lamba|lambda|lambro
production-1994-vol1	1916	29.8	lambra	s trade or business located in a <<lambra>>	ambra|cambra|labra|lamba|lambda|lambro
production-1994-vol1	1916	33.2	lambra	as a <<lambra>> in which the individual s services were	ambra|cambra|labra|lamba|lambda|lambro
production-1994-vol1	1917	9.0	lambra	<<lambra>> business operation the number of employees for	ambra|cambra|labra|lamba|lambda|lambro
production-1994-vol1	1917	11.0	lambra	<<lambra>> shall be zero if the taxpayer has	ambra|cambra|labra|lamba|lambda|lambro
production-1994-vol1	1917	33.8	lambra	s trade or business located in a <<lambra>>	ambra|cambra|labra|lamba|lambda|lambro
production-1994-vol1	1917	35.7	lambra	taxpayer during the taxable year in a <<lambra>>	ambra|cambra|labra|lamba|lambda|lambro
production-1994-vol1	1917	37.7	lambra	in which services were performed as a <<lambra>>	ambra|cambra|labra|lamba|lambda|lambro
production-1994-vol1	1919	23.7	lambra	business activities of the taxpayer within a <<lambra>> as if that	ambra|cambra|labra|lamba|lambda|lambro
production-1994-vol1	1919	33.6	lambra	income shall be apportioned to a <<lambra>> by multiplying	ambra|cambra|labra|lamba|lambda|lambro
production-1994-vol1	1925	45.3	systern	a a basic <<systern>>	sistern|systen|syster
production-1994-vol1	1927	47.0	rqqky	<<rqqky>>	rocky
production-1994-vol1	1945	47.0	rrra	<<rrra>>	arra|erra|irra|orra|rara|rcra
production-1994-vol1	1954	48.0	ranrn	<<ranrn>>	ranen|rann|ranon
production-1994-vol1	1974	48.0	raron	<<raron>>	aaron|aron|arron|baron|caron|daron
production-1994-vol1	1998	48.0	qxary	<<qxary>>	quary
production-1994-vol1	1999	48.0	qrenn	<<qrenn>>	brenn|frenn|grenn|krenn|renn|trenn
production-1994-vol1	2005	47.0	qrxen	<<qrxen>>	green
production-1994-vol1	2007	48.0	qrrol	<<qrrol>>	arrol|errol|error
production-1994-vol1	2009	49.0	rerol	<<rerol>>	erol|errol|real|reol|rero|rerob
production-1994-vol1	2010	38.0	rrti	<<rrti>> y	arti|orti|rati|rcti|reti|riti
production-1994-vol1	2017	47.0	reqi	<<reqi>>	reai|reci|redi|refi|regi|rei
production-1994-vol1	2033	48.0	baaq	<<baaq>>	aaq|baa|baaa|baab|baac|baad
production-1994-vol1	2035	47.0	reri	<<reri>>	aeri|beri|ceri|deri|eri|erri
production-1994-vol1	2044	41.0	rrrn	<<rrrn>>	rrn|rron|rrr|rrrr
production-1994-vol1	2064	8.0	lassom	<<lassom>> csesscssesessessesssssescecsscsseseessenvaseaseessaseneesssessnenes	lasso|lasson|lassos|lissom
production-1994-vol1	2064	13.0	meencocino	<<meencocino>> sceccesssssecsecesessessearercescscnsessesersessensereees	mendocino
production-1994-vol1	2064	17.0	moneetey	<<moneetey>> eeeseeceesseesserscensevecerersecsnsssssneeaersevnerseeees	monterey
production-1994-vol1	2064	24.0	sactamenio	<<sactamenio>> ccececsessessscessssssscessestscsseecsessesersenseeneeats	sacramento
production-1994-vol1	2064	35.0	shasca	<<shasca>> oesecsesecssccsssssesessseseesesscescssssesessreneensenssesnseneceesneers	shasa|shasha|shasta
production-1994-vol1	2064	39.0	sotomia	<<sotomia>> csssesssesecssereesscescessennersnvensensersenevsesanesesonsenas nes	scotomia|sonoma
production-1994-vol1	2083	7.2	lighterers	warehousemen stevedores <<lighterers>> reconditioners shippers and	lighteners
production-1994-vol1	2091	29.0	qrron	<<qrron>>	arron|erron|rron
production-1994-vol1	2112	39.0	aoaan	<<aoaan>>	agaan|ahaan|amaan|ayaan|azaan|loan
production-1994-vol1	2116	30.0	hhicle	<<hhicle>> account ceccecesecccsssssescescseseetesesesesssessevsaes	chicle
production-1994-vol1	2120	24.6	pwnner	date s s s s cssfsseec <<pwnner>> sss	panner|penner|pinner|punner
production-1994-vol1	2140	48.0	aneon	<<aneon>>	aceon|aenon|aeon|ancon|andon|anion
production-1994-vol1	2145	32.0	anorn	<<anorn>>	aborn|acorn|adorn|akorn|anon|anor
production-1994-vol1	2181	45.2	cmsp	a a <<cmsp>> county electing to have the state administer	casp|ccsp|cesp|cfsp|cmap|cmp
production-1994-vol1	2184	37.5	cmsp	each misp county and each <<cmsp>> county the figures specified in	casp|ccsp|cesp|cfsp|cmap|cmp
production-1994-vol1	2186	6.4	cmsp	misp county and each <<cmsp>> county	casp|ccsp|cesp|cfsp|cmap|cmp
production-1994-vol1	2187	24.9	cmsp	the department in the case of those <<cmsp>> counties	casp|ccsp|cesp|cfsp|cmap|cmp
production-1994-vol1	2191	15.3	cmsp	for allocation to <<cmsp>> counties for expansion of	casp|ccsp|cesp|cfsp|cmap|cmp
production-1994-vol1	2192	2.3	cmsp	for allocation to <<cmsp>> counties for expansion of health	casp|ccsp|cesp|cfsp|cmap|cmp
production-1994-vol1	2192	27.2	cmsp	allocation to <<cmsp>> counties for expansion of health services	casp|ccsp|cesp|cfsp|cmap|cmp
production-1994-vol1	2194	26.3	cmsp	for allocation to <<cmsp>> counties for expansion of	casp|ccsp|cesp|cfsp|cmap|cmp
production-1994-vol1	2195	13.3	cmsp	for allocation to <<cmsp>> counties for expansion of health	casp|ccsp|cesp|cfsp|cmap|cmp
production-1994-vol1	2195	38.2	cmsp	allocation to <<cmsp>> counties for expansion of health services	casp|ccsp|cesp|cfsp|cmap|cmp
production-1996-vol6	4	39.1	cretar	sars <<cretar>> bi state	crear|crerar|creta|cretan|retar
production-1996-vol6	24	0.1	wladerd	uw <<wladerd>> county	wader
production-1996-vol6	34	27.0	resoiulion	<<resoiulion>> scscecsescsescoecoverscsscssvsesscsssesorsessecarersressearesenssseeneets	resolution
production-1996-vol6	34	31.0	resoiulions	<<resoiulions>> sscesesrereecncersscsrsevscesssvncorssensersscseversrsssonsenonseaeses	resolutions
production-1996-vol6	63	52.0	teason	<<teason>>	beason|deason|eason|geason|leason|peason
production-1996-vol6	91	35.3	locallaw	ch ab brulte <<locallaw>> enforcement supplemental funding	locally
production-1996-vol6	91	47.4	slesf	law enforcement services fund <<slesf>> as provided for allocation in accordance	sles
production-1996-vol6	91	52.8	slesf	bill would require a city receiving a <<slesf>> allocation to deposit that allocation in	sles
production-1996-vol6	92	0.3	sleoc	enforcement oversight committee <<sleoc>> established in each county and would	sloc
production-1996-vol6	92	1.3	sleoc	also require each <<sleoc>> to at least annually review expenditures by	sloc
production-1996-vol6	96	48.0	teason	<<teason>>	beason|deason|eason|geason|leason|peason
production-1996-vol6	111	4.2	olberg	ch ab <<olberg>> schools transportation funding	alberg|colberg|dolberg|golberg|holberg|kolberg
production-1996-vol6	118	0.0	tequiremenis	<<tequiremenis>>	requirements
production-1996-vol6	139	54.1	suvenor	note <<suvenor>> numbers appear as separate section at the	surveyor
production-1996-vol6	145	54.1	supvenor	note <<supvenor>> numbers appear a a separate section at	surveyor
production-1996-vol6	159	33.2	olberg	ch ab <<olberg>> stationary sources demolition or removal portable	alberg|colberg|dolberg|golberg|holberg|kolberg
production-1996-vol6	164	12.6	obscurants	ch sb mello air pollution visibility <<obscurants>>	obscurant
production-1996-vol6	183	7.2	olberg	ch ab <<olberg>> surface mining operations regulations reporting	alberg|colberg|dolberg|golberg|holberg|kolberg
production-1996-vol6	183	56.1	suvenor	note <<suvenor>> numbers appear as a separate section at	surveyor
production-1996-vol6	190	0.0	slatule	<<slatule>>	spatule|statute
production-1996-vol6	197	53.1	suvenor	note <<suvenor>> numbers appear as a separate section at	surveyor
production-1996-vol6	201	14.0	teason	<<teason>>	beason|deason|eason|geason|leason|peason
production-1996-vol6	209	30.0	concem	<<concem>> or agency that manufactures a product of	conce|concen|concep|concer|conces|concom
production-1996-vol6	210	0.1	unpact	environmental <<unpact>> report ror certain projects	enact|inpact|unact|unfact|unpack
production-1996-vol6	222	0.0	tenewals	<<tenewals>>	renewals
production-1996-vol6	222	52.1	suvenor	note <<suvenor>> numbers appear as a separate section at	surveyor
production-1996-vol6	230	5.5	nonoperation	ch sb leslie vehicles registration <<nonoperation>> fees and	cooperation
production-1996-vol6	233	51.2	bronzan	under the <<bronzan>> mccorquodale act the state department of mental	bronzen
production-1996-vol6	235	14.2	olberg	ch ab <<olberg>> mojave water agency groundwater pollution	alberg|colberg|dolberg|golberg|holberg|kolberg
production-1996-vol6	236	22.5	nejedly	existing law the z berg <<nejedly>> forest practice act of authorizes the state	needly|needy
production-1996-vol6	245	0.0	teason	<<teason>>	beason|deason|eason|geason|leason|peason
production-1996-vol6	247	0.2	olberg	ch ab <<olberg>> reaiproperty fees for development	alberg|colberg|dolberg|golberg|holberg|kolberg
production-1996-vol6	247	43.2	olberg	ch ab <<olberg>> sales and use tax exemptions railroad equipment	alberg|colberg|dolberg|golberg|holberg|kolberg
production-1996-vol6	258	30.12	reperforate	who intends to dig bore drill deepen <<reperforate>>	perforate
production-1996-vol6	259	46.12	chitat	incident to the homicide trial of charles <<chitat>> ng	chiat|chita|chitak|chital|chitta
production-1996-vol6	263	18.2	olberg	ch ab <<olberg>> veterans home administrators	alberg|colberg|dolberg|golberg|holberg|kolberg
production-1996-vol6	267	0.0	teason	<<teason>>	beason|deason|eason|geason|leason|peason
production-1996-vol6	270	25.2	olberg	ch ab <<olberg>> air pollution market based incentive program	alberg|colberg|dolberg|golberg|holberg|kolberg
production-1996-vol6	294	20.2	olberg	ch ab <<olberg>> nuisance controlled substances	alberg|colberg|dolberg|golberg|holberg|kolberg
production-1996-vol6	297	0.0	ieason	<<ieason>>	beason|deason|eason|geason|iason|leason
production-1996-vol6	319	56.4	rmpp	management and prevention program <<rmpp>> consisting of specified elements	mpp|rapp|repp|ripp|rmbp|rmnp
production-1996-vol6	329	6.2	olberg	ch ab <<olberg>> timber operations licenses	alberg|colberg|dolberg|golberg|holberg|kolberg
production-1996-vol6	329	7.5	nejedly	existing law the z berg <<nejedly>> forest practice act of prohibits any person	needly|needy
production-1996-vol6	342	49.0	teason	<<teason>>	beason|deason|eason|geason|leason|peason
production-1996-vol6	346	39.2	olberg	ch ab <<olberg>> oil spills repair or maintenance projects	alberg|colberg|dolberg|golberg|holberg|kolberg
production-1996-vol6	347	7.2	olberg	ch ab <<olberg>> air pollution	alberg|colberg|dolberg|golberg|holberg|kolberg
production-1996-vol6	348	6.2	olberg	ch ab <<olberg>> education american government and civics	alberg|colberg|dolberg|golberg|holberg|kolberg
production-1996-vol6	355	31.11	hicap	would transfer the money to the state <<hicap>>	hcap|hiap|hicp|icap
production-1996-vol6	419	28.2	olberg	ch ab <<olberg>> redevelopment	alberg|colberg|dolberg|golberg|holberg|kolberg
production-1996-vol6	420	30.10	sunsetted	round schools existing law which is currently <<sunsetted>> sets forth a	unsettled
production-1996-vol6	424	10.6	nonrisk	nonprofit corporations with any services or <<nonrisk>> pooling programs provided to the	norris
production-1996-vol6	431	16.11	lambra	a local agency military base recovery area <<lambra>>	ambra|cambra|labra|lamba|lambda|lambro
production-1996-vol6	431	17.10	lambra	specify program area enterprise zone larz and <<lambra>> tax credits	ambra|cambra|labra|lamba|lambda|lambro
production-1996-vol6	431	19.0	lambra	<<lambra>> generated income and would modify the provisions	ambra|cambra|labra|lamba|lambda|lambro
production-1996-vol6	449	53.2	olberg	ch ab <<olberg>> candidate endangered and threatened species	alberg|colberg|dolberg|golberg|holberg|kolberg
production-1996-vol6	460	11.7	enforceably	would as provided also require any already <<enforceably>> restricted open space land	enforceable
production-1996-vol6	460	15.2	enforceably	procedure for <<enforceably>> restricted open space land this bill would	enforceable
production-1996-vol6	479	0.0	telaled	<<telaled>> provisions	telled
production-1996-vol6	492	0.0	teason	<<teason>>	beason|deason|eason|geason|leason|peason
production-1996-vol6	509	45.7	scptap	the state county property tax administration program <<scptap>> by means of a	scrap
production-1996-vol6	509	48.0	scptap	<<scptap>> as to the administration of that program	scrap
production-1996-vol6	528	14.11	prestandardized	that those loss ratios also apply to <<prestandardized>> plan	prestandardize
production-1996-vol6	528	27.8	prestandardized	would specify that it also applies to <<prestandardized>> policies and certificates issued	prestandardize
production-1996-vol6	537	0.0	tasoil	<<tasoil>>	gasoil|soil
production-1996-vol6	585	35.7	meedom	res ch scr m thompson viggo vic <<meedom>> memorial bridge	beedom|freedom|leedom
production-1996-vol6	585	38.0	meedom	<<meedom>> memorial bridge the measure would also request	beedom|freedom|leedom
production-1996-vol6	593	0.0	ocncils	<<ocncils>>	councils
production-1996-vol6	617	24.3	sacss	child support system <<sacss>> funding and implementation contingency plan in the	acss|sachs|sacks|sacs|sass|scss
production-1996-vol6	617	26.9	sacss	prior to october the date by which <<sacss>> must be fully	acss|sachs|sacks|sacs|sass|scss
production-1996-vol6	617	28.10	sacss	in any request for funding to continue <<sacss>> implementation	acss|sachs|sacks|sacs|sass|scss
production-1996-vol6	617	48.8	enkaneed	chairperson of the joint legislative budget committee <<enkaneed>>	enhanced
production-1996-vol6	624	1.0	billto	<<billto>> chapter number	billo|billoo|billot
production-1996-vol6	648	1.0	billto	<<billto>> chapter number	billo|billoo|billot
production-1996-vol6	657	30.0	pvea	<<pvea>> energy conservation	avea|evea|paea|pdea|pea|plea
production-1996-vol6	658	39.0	pvea	<<pvea>> energy related housing rehabilitation	avea|evea|paea|pdea|pea|plea
production-1996-vol6	672	13.0	obscurants	<<obscurants>> visibility	obscurant
production-1996-vol6	681	54.2	meedom	viggo vic <<meedom>> memorial bridge designation	beedom|freedom|leedom
production-1996-vol6	698	0.1	coulids	supenor <<coulids>>	could|coulis
production-1996-vol6	708	9.0	tiverview	<<tiverview>> municipal water district	overview|riverview
production-1996-vol6	719	0.0	duuldings	<<duuldings>> conunucd	buildings
production-1996-vol6	726	0.0	aculely	<<aculely>> nazargous materais	acutely
production-1996-vol6	726	0.1	nazargous	aculely <<nazargous>> materais	hazardous
production-1996-vol6	726	2.5	rmpp	risk management and prevention program <<rmpp>>	mpp|rapp|repp|ripp|rmbp|rmnp
production-1996-vol6	727	0.0	pialio	<<pialio>>	palio|palo
production-1996-vol6	737	0.1	ofokets	agents <<ofokets>> cic conunucd	offsets
production-1996-vol6	737	35.10	practitic	care advocation denial etc by health care <<practitic>>	practic
production-1996-vol6	739	0.0	iinsuters	<<iinsuters>> conunued	insurers
production-1996-vol6	739	4.0	subcustodians	<<subcustodians>> qualified	subcustodian
production-1996-vol6	739	30.0	subcustodians	<<subcustodians>> qualified	subcustodian
production-1996-vol6	750	28.2	sobilehomes	home parks <<sobilehomes>>	mobilehomes
production-1996-vol6	754	1.0	obscurants	<<obscurants>> visibility use in training or testing	obscurant
production-1996-vol6	759	42.0	nonoperation	<<nonoperation>> certificates of	cooperation
production-1996-vol6	761	41.0	nonrisk	<<nonrisk>> pooling programs	norris
production-1996-vol6	767	0.0	teguiations	<<teguiations>>	regulations
production-1996-vol6	775	37.0	telief	<<telief>>	belief|relief|selief
production-1996-vol6	777	0.0	benents	<<benents>> conunued	benefits|bennets|tenents
production-1996-vol6	781	0.0	tansiers	<<tansiers>>	tangiers|tarsiers|transfers
production-1996-vol6	785	11.0	tetumns	<<tetumns>>	returns
production-1996-vol6	788	0.0	atendgance	<<atendgance>>	attendance
production-1996-vol6	791	16.1	brandishment	knife <<brandishment>> of	blandishment
production-1996-vol6	802	0.0	benents	<<benents>> condnued	benefits|bennets|tenents
production-1996-vol6	802	0.1	condnued	benents <<condnued>>	continued
production-1996-vol6	809	0.2	sowape	sewers all <<sowape>>	swape
production-1996-vol6	828	52.1	bysec	am <<bysec>> am	bsec|bysen
production-1996-vol6	879	9.0	rzsu	<<rzsu>> r	rasu|resu|rosu|rsu|rusu|zsu
production-1996-vol6	879	14.3	rgirn	toon i aon <<rgirn>>	girn|region
production-1996-vol6	918	12.2	nitat	a ad <<nitat>>	itat|nihat|nita|nitai|nitt|nitta
production-1996-vol6	918	30.6	niitive	sot io age oa see ad <<niitive>>	initive|native
production-1996-vol6	922	45.3	xhib	sec am art <<xhib>>	chib|exhib|hib|rhib|shib|thib
production-1996-vol6	991	56.1	bysec	am <<bysec>> am	bsec|bysen
production-1996-vol6	1002	57.1	bysec	am <<bysec>>	bsec|bysen
production-1996-vol6	1031	24.1	aaqe	rw <<aaqe>>	aace|aade|aae|aage|aahe|aake
production-1996-vol6	1035	37.1	adhh	r <<adhh>>	aahh|adah|adh|adha|adhd|adhe
production-1996-vol6	1049	44.1	bysec	am <<bysec>> art	bsec|bysen
production-1996-vol6	1078	33.0	siaee	<<siaee>> am oh cane	iaee|saee|siae|siale|siree
production-1996-vol6	1131	8.1	bysec	am <<bysec>> ad rn	bsec|bysen
production-1996-vol6	1139	24.0	sstb	<<sstb>> ad se ade	satb|ssab|ssb|sst|ssta|sstl
production-1996-vol6	1146	10.0	iéar	<<iéar>> ad r	iar|ibar|icar|idar|ilar|imar
production-1996-vol6	1146	41.0	ctié	<<ctié>> ark or	cité|cti|ctia|ctic|ctio
production-1996-vol6	1160	57.0	guane	<<guane>> r	duane|gane|glane|grane|guage|guan
production-1996-vol6	1183	9.2	adiom	rm r <<adiom>>	adcom|adim|adio|adion|adios|adium
production-1996-vol6	1217	53.0	grpii	<<grpii>> sh r	grain
production-1996-vol6	1390	14.4	fetaeg	a oes s ag <<fetaeg>> am	fetal
production-1996-vol6	1395	9.1	amirn	iee <<amirn>>	amien|amin|amir|amira|amiran|amiri
production-1996-vol6	1430	6.1	viied	r <<viied>> ad	iied|ivied|vbied|vibed|viced|vided
production-1996-vol6	1471	20.1	bysec	am <<bysec>> ad	bsec|bysen
production-1996-vol6	1472	49.1	bysec	am <<bysec>> ad	bsec|bysen
production-1996-vol6	1494	10.1	parbst	ad <<parbst>> am	pabst|parbat
production-1996-vol6	1511	33.2	siés	r bb <<siés>>	sias|sibs|sics|sids|sies|sigs
production-1996-vol6	1595	13.2	osht	a m <<osht>> ame	gosht|ocht|oht|oset|osh|osha
production-1996-vol6	1631	41.1	niaad	ad <<niaad>>	naiad|niaa|niaaa|niaid|nicad|nihad
production-1996-vol6	1662	24.0	eadi	<<eadi>> t	aadi|adi|badi|cadi|dadi|ead
production-1996-vol6	1696	29.1	bysec	am <<bysec>> iit	bsec|bysen
production-1996-vol6	1722	0.0	afeted	<<afeted>> affected bi mloted affected	feted
production-1996-vol6	1722	0.3	mloted	afeted affected bi <<mloted>> affected	mlotek|molted|mooted|moted|sloted
production-1996-vol6	1723	62.3	budcrt	ae et ted <<budcrt>> temp fellocine statutes other than codes	budget
production-1996-vol6	1724	0.0	afed	<<afed>> affected bi afated affected bi	abed|aced|aded|aed|afad|afd
production-1996-vol6	1724	0.3	afated	afed affected bi <<afated>> affected bi	abated|alated|fated
production-1996-vol6	1725	0.0	afloted	<<afloted>> affected b affe affected b	alloted|allowed
production-1996-vol6	1725	64.5	lionine	wee section titled budget items <<lionine>> statutes other than codes	leonine|lionise|lionize|lionne
production-1996-vol6	1726	0.0	afeted	<<afeted>> affected bi afleted affected b	feted
production-1996-vol6	1727	0.3	afete	statute edd statue <<afete>> b	abete|afte|arete|atete|avete|fete
production-1996-vol6	1728	0.0	afeaed	<<afeaed>> affected b affected affected b	afeard|afeared
production-1996-vol6	1729	54.5	fllmine	one tention titled budget items <<fllmine>> statutes other than codes	fulmine
production-1996-vol6	1730	0.0	afeted	<<afeted>> affected bi affected affected bi	feted
production-1996-vol6	1734	54.1	suvenor	note <<suvenor>> numbers appear as a separate section at	surveyor
production-1996-vol6	1739	16.0	adcen	<<adcen>> s	acen|aden|admen|adren|adven
production-1996-vol6	1748	49.13	nonowned	contingent liability arising out of use of <<nonowned>>	nonowner
production-1996-vol6	1803	6.3	overexpenditures	compensation and expenses <<overexpenditures>> prohibited	overexpenditure
production-1996-vol6	1803	16.5	axaton	mayor pro tem tae taste <<axaton>>	abaton|axton|taxation
production-1996-vol6	1819	28.1	overexpenditures	section <<overexpenditures>> prohibited	overexpenditure
production-1996-vol6	1831	13.0	villeral	<<villeral>> city clerk	illegal
production-1996-vol6	1855	36.3	replacee	duration of elected <<replacee>> s term	replace|replaced|replacer|replaces
production-1996-vol6	1856	10.7	replacee	c duty to appoint duration of appointed <<replacee>> s term when	replace|replaced|replacer|replaces
production-1996-vol6	1876	41.0	severabilitv	<<severabilitv>>	severability
production-1997-vol4	70	47.0	arrearaves	<<arrearaves>>	arrearage|arrearages
production-1997-vol4	111	47.11	ocator	in this state the federal parent j <<ocator>>	cator|locator|orator
production-1997-vol4	158	44.5	lambra	trade or business within a <<lambra>>	ambra|cambra|labra|lamba|lambda|lambro
production-1997-vol4	159	0.8	lambra	a trade or business is designated a <<lambra>> shall be a net	ambra|cambra|labra|lamba|lambda|lambro
production-1997-vol4	159	5.1	lambra	a <<lambra>> means a local agency military base recovery	ambra|cambra|labra|lamba|lambda|lambro
production-1997-vol4	159	9.3	lambra	business within a <<lambra>> and for the first two taxable years	ambra|cambra|labra|lamba|lambda|lambro
production-1997-vol4	159	19.9	lambra	doing business in this state with their <<lambra>>	ambra|cambra|labra|lamba|lambda|lambro
production-1997-vol4	159	40.9	lambra	the taxpayer s business activities within a <<lambra>>	ambra|cambra|labra|lamba|lambda|lambro
production-1997-vol4	159	44.7	lambra	i loss shall be apportioned to a <<lambra>> by multiplying total	ambra|cambra|labra|lamba|lambda|lambro
production-1997-vol4	160	2.10	lambra	taxpayer s business income attributable to a <<lambra>>	ambra|cambra|labra|lamba|lambda|lambro
production-1997-vol4	160	5.8	lambra	business income shall be apportioned to a <<lambra>> by	ambra|cambra|labra|lamba|lambda|lambro
production-1997-vol4	160	12.0	lambra	<<lambra>> shall be deemed to remain in existence	ambra|cambra|labra|lamba|lambda|lambro
production-1997-vol4	160	14.1	lambra	e <<lambra>> expiration date means the date the lambra	ambra|cambra|labra|lamba|lambda|lambro
production-1997-vol4	176	28.5	lambra	trade or business within a <<lambra>>	ambra|cambra|labra|lamba|lambda|lambro
production-1997-vol4	176	33.8	lambra	a trade or business is designated a <<lambra>> shall be a net	ambra|cambra|labra|lamba|lambda|lambro
production-1997-vol4	176	44.1	lambra	a <<lambra>> means a local agency military base recovery	ambra|cambra|labra|lamba|lambda|lambro
production-1997-vol4	177	1.4	lambra	or business within a <<lambra>> and for the first two income years	ambra|cambra|labra|lamba|lambda|lambro
production-1997-vol4	177	11.9	lambra	doing business in this state with their <<lambra>>	ambra|cambra|labra|lamba|lambda|lambro
production-1997-vol4	177	32.9	lambra	the taxpayer s business activities within a <<lambra>>	ambra|cambra|labra|lamba|lambda|lambro
production-1997-vol4	177	36.7	lambra	i loss shall be apportioned to a <<lambra>> by multiplying the loss	ambra|cambra|labra|lamba|lambda|lambro
production-1997-vol4	177	42.10	lambra	taxpayer s business income attributable to a <<lambra>>	ambra|cambra|labra|lamba|lambda|lambro
production-1997-vol4	177	45.8	lambra	business income shall be apportioned to a <<lambra>> by	ambra|cambra|labra|lamba|lambda|lambro
production-1997-vol4	178	5.0	lambra	<<lambra>> shall be deemed to remain in existence	ambra|cambra|labra|lamba|lambda|lambro
production-1997-vol4	178	7.1	lambra	e <<lambra>> expiration date means the date the lambra	ambra|cambra|labra|lamba|lambda|lambro
production-1997-vol4	192	45.0	enerov	<<enerov>>	energy|enero
production-1997-vol4	213	38.11	splitups	of the effect of this section through <<splitups>>	splits
production-1997-vol4	217	46.2	annlv	rules shall <<annlv>>	anniv
production-1997-vol4	225	47.5	lambra	trade or business within a <<lambra>>	ambra|cambra|labra|lamba|lambda|lambro
production-1997-vol4	226	3.8	lambra	a trade or business is designated a <<lambra>> shall be a net	ambra|cambra|labra|lamba|lambda|lambro
production-1997-vol4	226	8.1	lambra	a <<lambra>> means a local agency military base recovery	ambra|cambra|labra|lamba|lambda|lambro
production-1997-vol4	226	12.3	lambra	business within a <<lambra>> and for the first two taxable years	ambra|cambra|labra|lamba|lambda|lambro
production-1997-vol4	226	22.9	lambra	doing business in this state with their <<lambra>>	ambra|cambra|labra|lamba|lambda|lambro
production-1997-vol4	226	43.9	lambra	the taxpayer s business activities within a <<lambra>>	ambra|cambra|labra|lamba|lambda|lambro
production-1997-vol4	227	0.7	lambra	i loss shall be apportioned to a <<lambra>> by multiplying total	ambra|cambra|labra|lamba|lambda|lambro
production-1997-vol4	227	6.10	lambra	taxpayer s business income attributable to a <<lambra>>	ambra|cambra|labra|lamba|lambda|lambro
production-1997-vol4	227	9.8	lambra	business income shall be apportioned to a <<lambra>> by	ambra|cambra|labra|lamba|lambda|lambro
production-1997-vol4	227	16.0	lambra	<<lambra>> shall be deemed to remain in existence	ambra|cambra|labra|lamba|lambda|lambro
production-1997-vol4	227	18.1	lambra	e <<lambra>> expiration date means the date the lambra	ambra|cambra|labra|lamba|lambda|lambro
production-1997-vol4	246	41.11	splitups	of the effect of this section through <<splitups>>	splits
production-1997-vol4	257	47.0	inonverative	<<inonverative>>	inoperative
production-1997-vol4	259	42.5	lambra	trade or business within a <<lambra>>	ambra|cambra|labra|lamba|lambda|lambro
production-1997-vol4	259	47.8	lambra	a trade or business is designated a <<lambra>> shall be a net	ambra|cambra|labra|lamba|lambda|lambro
production-1997-vol4	260	10.1	lambra	a <<lambra>> means a local agency military base recovery	ambra|cambra|labra|lamba|lambda|lambro
production-1997-vol4	260	14.4	lambra	or business within a <<lambra>> and for the first two income years	ambra|cambra|labra|lamba|lambda|lambro
production-1997-vol4	260	24.9	lambra	doing business in this state with their <<lambra>>	ambra|cambra|labra|lamba|lambda|lambro
production-1997-vol4	260	45.9	lambra	the taxpayer s business activities within a <<lambra>>	ambra|cambra|labra|lamba|lambda|lambro
production-1997-vol4	261	2.7	lambra	i loss shall be apportioned to a <<lambra>> by multiplying the loss	ambra|cambra|labra|lamba|lambda|lambro
production-1997-vol4	261	8.10	lambra	taxpayer s business income attributable to a <<lambra>>	ambra|cambra|labra|lamba|lambda|lambro
production-1997-vol4	261	11.8	lambra	business income shall be apportioned to a <<lambra>> by	ambra|cambra|labra|lamba|lambda|lambro
production-1997-vol4	261	18.0	lambra	<<lambra>> shall be deemed to remain in existence	ambra|cambra|labra|lamba|lambda|lambro
production-1997-vol4	261	20.1	lambra	e <<lambra>> expiration date means the date the lambra	ambra|cambra|labra|lamba|lambda|lambro
production-1997-vol4	272	26.0	lambra	<<lambra>> means a local agency military base recovery	ambra|cambra|labra|lamba|lambda|lambro
production-1997-vol4	272	30.5	lambra	trade or business within a <<lambra>> and for the first two taxable	ambra|cambra|labra|lamba|lambda|lambro
production-1997-vol4	272	40.9	lambra	doing business in this state with their <<lambra>>	ambra|cambra|labra|lamba|lambda|lambro
production-1997-vol4	273	14.5	lambra	following for exclusive use ina <<lambra>>	ambra|cambra|labra|lamba|lambda|lambro
production-1997-vol4	273	42.4	lambra	income attributed to a <<lambra>> determined as if that attributable	ambra|cambra|labra|lamba|lambda|lambro
production-1997-vol4	274	2.7	lambra	a income shall be apportioned to a <<lambra>> by multiplying	ambra|cambra|labra|lamba|lambda|lambro
production-1997-vol4	274	36.0	lambra	<<lambra>> the credit shall be equal to the	ambra|cambra|labra|lamba|lambda|lambro
production-1997-vol4	275	15.0	lambra	<<lambra>> means a local agency military base recovery	ambra|cambra|labra|lamba|lambda|lambro
production-1997-vol4	275	22.7	lambra	taxpayer s trade or business located ina <<lambra>>	ambra|cambra|labra|lamba|lambda|lambro
production-1997-vol4	275	26.2	lambra	as a <<lambra>> in which the individual s services were	ambra|cambra|labra|lamba|lambda|lambro
production-1997-vol4	275	41.7	lambra	conducts a trade or business within a <<lambra>> and for the first two	ambra|cambra|labra|lamba|lambda|lambro
production-1997-vol4	276	3.9	lambra	doing business in this state with their <<lambra>>	ambra|cambra|labra|lamba|lambda|lambro
production-1997-vol4	276	28.7	lambra	taxpayer s trade or business located ina <<lambra>>	ambra|cambra|labra|lamba|lambda|lambro
production-1997-vol4	276	30.6	lambra	taxpayer during the taxable year ina <<lambra>>	ambra|cambra|labra|lamba|lambda|lambro
production-1997-vol4	276	32.7	lambra	in which services were performed as a <<lambra>>	ambra|cambra|labra|lamba|lambda|lambro
production-1997-vol4	278	22.4	lambra	income attributed to a <<lambra>> determined as if that attributed	ambra|cambra|labra|lamba|lambda|lambro
production-1997-vol4	278	29.7	lambra	a income shall be apportioned to a <<lambra>> by multiplying	ambra|cambra|labra|lamba|lambda|lambro
production-1997-vol4	338	10.0	lambra	<<lambra>> means a local agency military base recovery	ambra|cambra|labra|lamba|lambda|lambro
production-1997-vol4	338	14.3	lambra	business within a <<lambra>> and for the first two income years	ambra|cambra|labra|lamba|lambda|lambro
production-1997-vol4	338	25.0	lambra	<<lambra>> business operation the number of employees for	ambra|cambra|labra|lamba|lambda|lambro
production-1997-vol4	338	27.0	lambra	<<lambra>> shall be zero if the taxpayer has	ambra|cambra|labra|lamba|lambda|lambro
production-1997-vol4	338	44.5	lambra	following for exclusive use ina <<lambra>>	ambra|cambra|labra|lamba|lambda|lambro
production-1997-vol4	339	25.4	lambra	income attributed to a <<lambra>> determined as if that attributable	ambra|cambra|labra|lamba|lambda|lambro
production-1997-vol4	339	32.7	lambra	a income shall be apportioned to a <<lambra>> by multiplying	ambra|cambra|labra|lamba|lambda|lambro
production-1997-vol4	340	19.0	lambra	<<lambra>> the credit shall be equal to the	ambra|cambra|labra|lamba|lambda|lambro
production-1997-vol4	341	0.0	lambra	<<lambra>> means a local agency military base recovery	ambra|cambra|labra|lamba|lambda|lambro
production-1997-vol4	341	7.7	lambra	taxpayer s trade or business located ina <<lambra>>	ambra|cambra|labra|lamba|lambda|lambro
production-1997-vol4	341	11.2	lambra	as a <<lambra>> in which the individual s services were	ambra|cambra|labra|lamba|lambda|lambro
