production-1997-vol2	591	3.0	oovisions	<<oovisions>>	provisions
production-1997-vol2	592	17.0	isttalion	<<isttalion>> cccesceeceveeeseeereceeseeererss	battalion
production-1997-vol2	600	35.0	hhabilitation	<<hhabilitation>> ccsecssseescessesetreeteeeseecee	habilitation
production-1997-vol2	601	35.0	solvices	<<solvices>> eecesccescresesseseeatseesesesrsctttssssesstestsssssessses	services
production-1997-vol2	604	0.0	atenm	<<atenm>>	ateam|atem|aten|atena|ateny
production-1997-vol2	609	0.1	athoul	atem <<athoul>>	athol|atholl|thou
production-1997-vol2	614	0.1	noulet	a <<noulet>>	boulet|goulet|noblet|nolet|nollet|poulet
production-1997-vol2	616	0.1	aunoun	term <<aunoun>>	adnoun
production-1997-vol2	616	34.4	sfis	statewide fingerprint imaging system <<sfis>>	afis|dfis|efis|fis|fsis|ifis
production-1997-vol2	617	31.7	consor	has converted its caseload to the saws <<consor>>	bonsor|censor|concor|condor|confor|connor
production-1997-vol2	619	42.4	sacss	automated child support system <<sacss>> not	acss|sachs|sacks|sacs|sass|scss
production-1997-vol2	620	12.2	sacss	cent approved <<sacss>> special project report	acss|sachs|sacks|sacs|sass|scss
production-1997-vol2	621	2.1	sacss	tem <<sacss>> project the health and welfare	acss|sachs|sacks|sacs|sass|scss
production-1997-vol2	621	3.2	hwdc	data center <<hwdc>> shall provide to the	hdc|hrdc|hvdc|hwc|hwd|wdc
production-1997-vol2	621	9.0	hwdc	<<hwdc>> shall include its plan for implementing	hdc|hrdc|hvdc|hwc|hwd|wdc
production-1997-vol2	621	11.5	hwdc	that will improve a the <<hwdc>> s contract	hdc|hrdc|hvdc|hwc|hwd|wdc
production-1997-vol2	621	14.7	hwdc	of the sacks project and b the <<hwdc>> s	hdc|hrdc|hvdc|hwc|hwd|wdc
production-1997-vol2	621	18.1	sacss	tem <<sacss>> shall be made available through	acss|sachs|sacks|sacs|sass|scss
production-1997-vol2	621	21.7	sacss	by the department of finance that all <<sacss>>	acss|sachs|sacks|sacs|sass|scss
production-1997-vol2	621	44.2	sacss	support system <<sacss>> that will meet the	acss|sachs|sacks|sacs|sass|scss
production-1997-vol2	621	47.1	sacss	ing <<sacss>> contract or pursuant to another al	acss|sachs|sacks|sacs|sass|scss
production-1997-vol2	622	1.7	sacss	ternative in the event that the existing <<sacss>>	acss|sachs|sacks|sacs|sass|scss
production-1997-vol2	629	7.0	tvation	<<tvation>> cccceeeeeeesseeeeeeeseeersreseenee	ovation|tation|tration|vation
production-1997-vol2	632	11.0	elalion	<<elalion>> ceeseeessereeeesersereseereees	elation
production-1997-vol2	639	0.0	amouml	<<amouml>>	amount
production-1997-vol2	641	11.0	csatf	<<csatf>> sp at corcoran ii	csat|usatf
production-1997-vol2	642	37.0	controher	<<controher>>	controler|controller
production-1997-vol2	647	39.0	sttuction	<<sttuction>> cccseeeeeeereeceeeeeeseereeee	struction
production-1997-vol2	648	10.0	setuction	<<setuction>> cccccseeseesereresteseseeeneeses	seduction
production-1997-vol2	650	0.1	amoutin	item <<amoutin>>	amounting
production-1997-vol2	659	43.0	setuction	<<setuction>> ccceeceseecercsveetereeseres	seduction
production-1997-vol2	661	10.0	seyuction	<<seyuction>> cceeseseceeeeeeeeeeeceeeneres	seduction
production-1997-vol2	677	14.0	sctvices	<<sctvices>> cssseseececnseverecceenneeceeeenaaereeenanrecesanarecees	services
production-1997-vol2	686	20.1	fcmat	b <<fcmat>>	cmat|fcat
production-1997-vol2	686	34.0	fcmat	<<fcmat>> responsibilities with respect to these	cmat|fcat
production-1997-vol2	686	38.6	fcmat	schedule b shall be allocated to <<fcmat>> a lo	cmat|fcat
production-1997-vol2	687	19.0	fcmat	<<fcmat>> on a reimbursement basis and all reimbursements	cmat|fcat
production-1997-vol2	687	28.5	fcmat	shall be administered by the <<fcmat>> the funds	cmat|fcat
production-1997-vol2	688	27.2	eects	testing plomramm <<eects>>	ects|eecs|eets|ejects|elects|erects
production-1997-vol2	697	0.1	awnout	tem <<awnout>>	about|anout
production-1997-vol2	699	0.1	atnoun	tem <<atnoun>>	adnoun|antoun
production-1997-vol2	699	13.0	sttuction	<<sttuction>> cceeeeeeeeeeeeeeeeee	struction
production-1997-vol2	699	43.0	selpa	<<selpa>> pupil count data and an average num	salpa|sela|selca|selda|selia|selja
production-1997-vol2	700	18.5	subcaps	in provision waivers of the <<subcaps>>	hubcaps|subways
production-1997-vol2	700	31.0	selpa	<<selpa>> that additional units are necessary for	salpa|sela|selca|selda|selia|selja
production-1997-vol2	706	7.0	ucalion	<<ucalion>> ccc cececeeccceecceneceuecnaeceeeesscseteraeeraessneseaeeesasegs	calion
production-1997-vol2	706	36.0	emmies	<<emmies>> program cee eeeeeeeeceee seco neereneersee reson nesees	emmie|emmis|jemmies
production-1997-vol2	706	36.7	nesees	emmies program cee eeeeeeeeceee seco neereneersee reson <<nesees>>	nesses
production-1997-vol2	714	0.0	atelli	<<atelli>>	aselli|catelli|tell|telli
production-1997-vol2	724	44.0	pyoqram	<<pyoqram>> cceeceeeeeceeeeretseereteeeeese	program
production-1997-vol2	725	2.0	ucalion	<<ucalion>> cccceseecceseeereeereertrtersssttsrtsttettesteresseseees	calion
production-1997-vol2	738	44.1	eect	paid <<eect>> teerreeeeteeerrerereee	bect|cect|dect|ect|eec|eech
production-1997-vol2	743	34.0	fottia	<<fottia>> eeeceeeeecccesereceveceeneeessteesstrsetesssetsererssrsertrss	fotia
production-1997-vol2	751	0.1	annoute	atem <<annoute>>	annouce|announce
production-1997-vol2	751	12.0	setuction	<<setuction>> ccceeseeceeseeeereeeerrserere	seduction
production-1997-vol2	759	42.1	fumna	thot <<fumna>> ccceccesescccesersceveecceversousscenneveensetenanesee	fuma|funa|fund|jumna
production-1997-vol2	760	26.0	vetsily	<<vetsily>> ee eeeteeeecetneeeeeeereeen rosea eertssresertersrersseereerees	easily
production-1997-vol2	764	38.0	stluction	<<stluction>> cceceeeseeeeeeererseeeeeeess	struction
production-1997-vol2	769	5.0	setuction	<<setuction>> eececeeeveeeeeereenererees	seduction
production-1997-vol2	769	13.0	comsttuction	<<comsttuction>> cceceeeeereeeerereerere	construction
production-1997-vol2	770	0.0	atcikn	<<atcikn>>	action
production-1997-vol2	775	2.0	opmenl	<<opmenl>> ere erreerereeee	open|opment
production-1997-vol2	775	31.0	touls	<<touls>> eeeeeesseeesesseeseereresseeeeerees	couls|fouls|mouls|souls|toils|tolls
production-1997-vol2	776	0.0	atel	<<atel>>	abel|acel|adel|ael|agel|aiel
production-1997-vol2	783	0.0	stenil	<<stenil>> pe	steil|stencil
production-1997-vol2	791	31.0	seyuction	<<seyuction>> c eccseeeeeeeerevteeerreeesees	seduction
production-1997-vol2	792	33.1	cceee	equipment <<cceee>>	aceee
production-1997-vol2	793	1.1	medanos	los <<medanos>> college	means|medano
production-1997-vol2	795	16.0	gyawings	<<gyawings>> cececeensnseseneneeeeteeeecs	drawings|gaywings
production-1997-vol2	796	0.1	pecesl	item <<pecesl>>	pecel|peces
production-1997-vol2	797	26.0	ctawings	<<ctawings>> se eeeeeeeeeeeeeeneeeeeeenrenaes	clawings
production-1997-vol2	799	10.0	setuction	<<setuction>> cccceeeeeceeereeceeececen eens	seduction
production-1997-vol2	803	0.1	aatnio	item <<aatnio>>	aarnio|ratio
production-1997-vol2	808	29.0	btam	<<btam>> eeeeeeeeeeeerseeeesetttterteserrereese	atam|baam|bam|batam|bcam|beam
production-1997-vol2	809	0.0	steih	<<steih>> é	stech|steh|steid|steie|steif|steig
production-1997-vol2	816	24.0	sotvices	<<sotvices>> cccceeeeeveeeereseteeeetserseere	services
production-1997-vol2	816	38.0	ministtation	<<ministtation>> ceeeeeeeeeeeeeeeeeeees	ministration
production-1997-vol2	827	0.1	ainoun	item <<ainoun>>	adnoun|ainun
production-1997-vol2	837	32.1	fpumil	thot <<fpumil>> cceceeseecccneeeccaeeeeaueescnneeeeeseeesaeseeaneres	pupil
production-1997-vol2	843	6.0	aefaits	<<aefaits>> ccccceeeceesccesceneesonceeeecreesseesesessenesenesseneaneees	affairs
production-1997-vol2	843	9.0	ctans	<<ctans>> ccccceseeeseeeeeseeserseersessassesssess	cans|chans|clans|coans|crans|ctas
production-1997-vol2	844	5.0	ctans	<<ctans>> ceeceeceecceesersetesstertsersesereees	cans|chans|clans|coans|crans|ctas
production-1997-vol2	846	10.1	batstow	ifortia <<batstow>> ccccecceccecneseceneecccnnessueessannesernerest	barstow|bastow
production-1997-vol2	846	13.0	ctans	<<ctans>> cecceeeessesteereretsserseeserreeess	cans|chans|clans|coans|crans|ctas
production-1997-vol2	854	0.1	atouil	ave <<atouil>>	atomic
production-1997-vol2	858	47.0	vencies	<<vencies>>	agencies
production-1997-vol2	862	22.0	cinmene	<<cinmene>> c ccccecsessecessescevesevssserserscsseesstrssssesssees	cinene|convene
production-1997-vol2	864	0.0	dteim	<<dteim>> atnour	deim
production-1997-vol2	864	0.1	atnour	dteim <<atnour>>	atour
production-1997-vol2	875	47.0	provriate	<<provriate>> board commission or bureau is statutorily authorized	prorate
production-1997-vol2	886	25.0	assemdiy	<<assemdiy>> cc cece cece cere eeeeeveeneeepre rent enesanennanananann	assembly
production-1997-vol2	889	20.0	jugiciaty	<<jugiciaty>> esseesensnneeeceeesceeeceeeerenerveneeerrererennnee nena	judiciary
production-1997-vol2	891	19.0	sotales	<<sotales>> ceeeeeeccceseeeveceenaeebeceeeeneereceesaneeseseseeesesensaees	sodales|stales
production-1997-vol2	891	25.0	multor	<<multor>> eeecceeeeccceereceneesceeanecenseeceonreceaabeseneesene ness	motor|multer|multo|multon|ultor
production-1997-vol2	892	26.0	jutics	<<jutics>> ee cee cece ecnnecen seen erceereneceanecenssenesaveseeernaeseees	jutic
production-1997-vol2	908	39.0	qgoe	<<qgoe>> who are noncitizens of the united states	goe|igoe|qoe
production-1997-vol2	916	4.0	slesf	<<slesf>> in each county or city is to	sles
production-1997-vol2	916	8.0	slesf	<<slesf>> to the county s or city s	sles
production-1997-vol2	916	11.4	slesf	b moneys in a <<slesf>> may only be invested in safe and	sles
production-1997-vol2	916	15.0	slesf	<<slesf>> investment report to either the police chief	sles
production-1997-vol2	916	21.2	sleoc	oversight committee <<sleoc>> the county board of supervisors or	sloc
production-1997-vol2	916	31.5	sleoc	treasurer s association by each <<sleoc>> to the controller on or	sloc
production-1997-vol2	919	18.0	sictta	<<sictta>> eee tee eee eens	sitta
production-1997-vol2	943	34.1	cfip	meet <<cfip>> guidelines	afip|ceip|cfi|cfia|cfib|cfit
production-1997-vol2	986	9.2	repackagers	retailers hospitals <<repackagers>> providers or governmental entities	repackages
production-1997-vol2	989	6.7	nonbid	necessary therefore contracts entered into on a <<nonbid>> basis shall	forbid|nonaid
production-1997-vol2	1013	35.5	cmsp	each misp county and each <<cmsp>> county the figures specified in	casp|ccsp|cesp|cfsp|cmap|cmp
production-1997-vol2	1015	2.4	cmsp	misp county and each <<cmsp>> county	casp|ccsp|cesp|cfsp|cmap|cmp
production-1997-vol2	1222	47.10	veroun	fund the last schoo chosen in a <<veroun>> for which	verdun|veron
production-1997-vol2	1331	5.2	reintegrative	long term <<reintegrative>> activities to ensure adequate service	redintegrative
production-1998-vol1	65	20.1	inacase	c <<inacase>> where a person is disqualified from holding	incase
production-1998-vol1	103	0.0	lyfare	<<lyfare>> assessment	fare
production-1998-vol1	114	13.1	coowner	any <<coowner>> s interest	cooner|crowner
production-1998-vol1	166	0.0	lvelt	<<lvelt>> executing provisions	velt
production-1998-vol1	170	32.0	pomemen	<<pomemen>> eect rere eee e reer eect cree	foremen
production-1998-vol1	171	11.0	picmises	<<picmises>> eee ee eee eee ee ree eben	premises
production-1998-vol1	171	47.4	xttb	annual calculations audit eee <<xttb>>	fttb|ttb
production-1998-vol1	171	51.5	xtib	capital outlay projects cece cece <<xtib>> d	stib|tib|xib|xlib|xti
production-1998-vol1	171	57.7	xiib	fiscal year ce cece e cece eetetereereeeeereeeeeeee <<xiib>>	aiib|iib|iiib|viib|xib|xii
production-1998-vol1	172	8.7	xitb	effective date of provisions te ee eeeeeeeeeeeeeeeeeeeeeeeeeee <<xitb>>	citb|itb|mitb|witb|xib|xit
production-1998-vol1	172	17.8	eect	eee e eee cece eter eee tet <<eect>> teretttretttttretteeeceees mtb e	bect|cect|dect|ect|eec|eech
production-1998-vol1	174	0.2	oectlon	assessments afhcle <<oectlon>>	section
production-1998-vol1	174	2.0	aquecuchs	<<aquecuchs>> eee cee e eee n nee renee	aqueducts
production-1998-vol1	175	0.2	atcie	attorney general <<atcie>> b echon	acie|atie|attie|tacie
production-1998-vol1	176	55.0	coumy	<<coumy>> eee eee e cere eee re ere	commy|conmy|coomy|coucy|couey|coum
production-1998-vol1	176	56.12	eeetn	nnn n reer ee ee ee eee <<eeetn>> eben nner eeeres il	eeten
production-1998-vol1	176	56.15	eeeres	ee ee ee eee eeetn eben nner <<eeeres>> il	heeres|meeres
production-1998-vol1	178	23.0	tetms	<<tetms>> cence eee e nner renee renee renee	teams|teems|tems|terms|tetas|tetes
production-1998-vol1	179	0.2	oectlon	certiorari afhcle <<oectlon>>	section
production-1998-vol1	180	0.1	oectlon	afhcle <<oectlon>>	section
production-1998-vol1	180	2.0	xiib	<<xiib>>	aiib|iib|iiib|viib|xib|xii
production-1998-vol1	180	41.10	mxkiv	rent approval of ee eeeee eevee eeeeeees <<mxkiv>>	mkiv
production-1998-vol1	183	0.5	polytechni	colleges and universities see cogswell <<polytechni>> cle be clon	polytechnic
production-1998-vol1	184	48.1	tesouices	wall <<tesouices>> eect ene n ener tener eect eeeeenes	resources
production-1998-vol1	184	50.0	coumy	<<coumy>> eee eee e cere eee re ere	commy|conmy|coomy|coucy|couey|coum
production-1998-vol1	185	6.7	xwitt	ptocemuie eee eet eee e eee eeetteeeeeeerrttttttteereseces <<xwitt>>	twitt|witt
production-1998-vol1	185	36.11	mariv	ccc ceeeee eee eeeeeeeeee rere eer ereeee <<mariv>>	ariv|kariv|maariv|mari|maria|marib
production-1998-vol1	186	0.3	oectlon	controller state afhcle <<oectlon>>	section
production-1998-vol1	188	20.0	piopeity	<<piopeity>> eect eee t treet terete teteresesereees mtta	property
production-1998-vol1	189	45.11	eestor	e eet tee ee etre een ee <<eestor>> ener eneneeee vi	bestor|lestor|nestor|restor|testor
production-1998-vol1	190	24.1	ptiot	convictions <<ptiot>> ee eee eee eet eee eee rere	piot|pitot
production-1998-vol1	190	33.8	eentee	by july eee eee eter eter ere <<eentee>> rete rere nn neneeee i	mentee|rentee|sentee
production-1998-vol1	190	39.0	ciscovety	<<ciscovety>> e cece eee ee eee eee enter	discovery
production-1998-vol1	191	17.6	xmuib	appropriations subject to limitation cc eeeeeeeeeeeeeeeeeeee <<xmuib>> i	muir
production-1998-vol1	191	39.0	investmemnhs	<<investmemnhs>> cee cee cee eee cee eee eet	investments
production-1998-vol1	191	43.11	makiv	cece cere eee eeeeee cere re reteneeeees <<makiv>>	maki|makie|makin|makio|makis|mkiv
production-1998-vol1	191	53.4	cceee	public officer and employees <<cceee>> cece ee eeeene cree eee r eens	aceee
production-1998-vol1	192	9.6	eect	two dwelling unit cee eee eeeeee <<eect>> eetetttteeererereteeeeeees mita a	bect|cect|dect|ect|eec|eech
production-1998-vol1	192	32.0	xuia	<<xuia>> a	guia|huia|puia|quia|ruia|uia
production-1998-vol1	193	0.1	amuicle	dividends <<amuicle>> dectloi	article
production-1998-vol1	195	15.14	eeenen	nee e net e eet e eee <<eeenen>> enn nes vv	eleven|keenen|peenen|reenen
production-1998-vol1	195	37.1	sectel	voting <<sectel>> eee ee cent eee e cere ree	seckel
production-1998-vol1	196	0.2	oectlon	energy afhcle <<oectlon>>	section
production-1998-vol1	196	35.9	eetenn	cece eee eee eet n eet ene <<eetenn>> eee tenneetennees ii b	eeten
production-1998-vol1	197	0.2	atticte	executive power <<atticte>> secon	article
production-1998-vol1	197	50.9	eeneee	cece eee e cette eee eee errr <<eeneee>> erst errr eres iv b	eeeee|eeeeee
production-1998-vol1	198	50.5	miib	establishment eeeeeeeeeeee ects re tttttterererersrseeeee <<miib>>	aiib|iib|iiib|maib|mgib|mib
production-1998-vol1	201	0.2	oectlon	grandchildren afhcle <<oectlon>>	section
production-1998-vol1	201	55.0	veolf	<<veolf>> courses nonprofit assessor s consideration in assessing	self|volf
production-1998-vol1	203	55.0	investmemnis	<<investmemnis>> eee eee cee eee ee cece eet	investments
production-1998-vol1	205	13.12	teense	eee ee eee een e nett bees <<teense>> etn eetenneetes vi a c	teenie|teens|teensy|teese|tense
production-1998-vol1	206	8.0	nompaltisan	<<nompaltisan>> eee eee eee e errr eee renee	nonpartisan
production-1998-vol1	206	31.0	supetiof	<<supetiof>> coutts eee eee eee e eee er	superior
production-1998-vol1	214	29.1	oveitige	veto <<oveitige>> eee ec ccc cee e eee e	overtime
production-1998-vol1	216	0.2	oectlon	lobbyists afhcle <<oectlon>>	section
production-1998-vol1	216	8.0	sudventions	<<sudventions>> use eee cece eee errr eee e	subventions
production-1998-vol1	216	25.12	mxkiv	eee eee eee e etter ree eeeneeeees <<mxkiv>>	mkiv
production-1998-vol1	216	44.10	eeenen	ccc cece e eee ree eee teeter <<eeenen>> enn nes i	eleven|keenen|peenen|reenen
production-1998-vol1	217	0.2	oectlon	mechanics afhcle <<oectlon>>	section
production-1998-vol1	218	12.2	tecoid	court of <<tecoid>> eee eee eee cece eee e cere	ecoid|teioid|thecoid
production-1998-vol1	220	14.10	eeenen	of office cc cece cece cece cece <<eeenen>> eee nes xx	eleven|keenen|peenen|reenen
production-1998-vol1	220	41.10	eeenen	of office cc cece cece cece cece <<eeenen>> eee nes xx	eleven|keenen|peenen|reenen
production-1998-vol1	220	47.0	tetms	<<tetms>> eect cence ete e eee ete e	teams|teems|tems|terms|tetas|tetes
production-1998-vol1	220	47.1	eect	tetms <<eect>> cence ete e eee ete e eet	bect|cect|dect|ect|eec|eech
production-1998-vol1	223	18.9	xtiia	transaction taxes on real property sales prohibited <<xtiia>>	xtina
production-1998-vol1	223	36.11	mxkiv	e eee eee eee teeter reer eeeneeeees <<mxkiv>>	mkiv
production-1998-vol1	223	40.12	mamtv	eee eee e teeter eet ee retenseeterereees <<mamtv>>	madtv|mamta|matv|mavtv|mmtv
production-1998-vol1	225	15.0	insutets	<<insutets>> cece cece cece cece eee eee eet	insurers
production-1998-vol1	228	23.0	voms	<<voms>> ee eee cece e cent eee e	boms|coms|doms|goms|homs|koms
production-1998-vol1	229	8.10	ennnes	cece eee e cere ree eeeeer seer <<ennnes>> ix	ennes
production-1998-vol1	231	26.0	tetms	<<tetms>> nee e een e cnet cnet eee	teams|teems|tems|terms|tetas|tetes
production-1998-vol1	233	0.2	oectlon	statutes afhcle <<oectlon>>	section
production-1998-vol1	235	28.0	aquecuchs	<<aquecuchs>> eee cee e eee n nee renee	aqueducts
production-1998-vol1	235	44.0	citches	<<citches>> eee eee e cece e tenet eee	aitches|bitches|catches|cinches|cutches|ditches
production-1998-vol1	236	11.4	xitta	disabled persons accessibility eeeeeeeeeeeeeeee <<xitta>> c	bitta|citta|ditta|gitta|hitta|itta
production-1998-vol1	236	21.0	cfops	<<cfops>> stowing eee cece eee e cere eee	cfos|cfps|chops|clops|coops|cops
production-1998-vol1	236	23.0	xuia	<<xuia>> a	guia|huia|puia|quia|ruia|uia
production-1998-vol1	236	46.0	waivets	<<waivets>> ooo eee eee ener reer n nee	waivers|waives
production-1998-vol1	238	4.1	waivets	classification <<waivets>> e cece cece cece terete eee e	waivers|waives
production-1998-vol1	238	20.9	xiila	valorem tax of of full cash value <<xiila>>	xila
production-1998-vol1	238	28.9	xtia	real property sales or transactions taxes prohibited <<xtia>>	atia|ctia|itia|ntia|otia|tia
production-1998-vol1	238	35.10	etenen	cece cece eee rere eee e eee <<etenen>> ener es xi	tenen
production-1998-vol1	238	45.1	otst	so <<otst>> sc xii a	oast|obst|odst|oest|oist|oost
production-1998-vol1	242	37.11	torent	eee e eet eee tere rete nents <<torent>> ne neneeee vi	corent|orent|toment|toren|torment|torpent
production-1998-vol1	243	48.9	mtec	local eee ee eeeeeee reece er ettttetererererereeee <<mtec>> d	atec|btec|ctec|etec|itec|mec
production-1998-vol1	250	0.3	darnia	stair of a <<darnia>>	dania|daria|darina|darna|darnit|narnia
production-1998-vol1	265	0.0	inumder	<<inumder>>	number
production-1998-vol1	270	22.0	cuarter	<<cuarter>> designation	carter|charter|cuartel|curter|quarter
production-1998-vol1	279	11.5	vahte	sec a the fa eash <<vahte>> full cash value means the county	vahe|vaste|vate
production-1998-vol1	279	27.10	whteh	age of years who resides in property <<whteh>> that is eligible	wheh|wheth|whth
production-1998-vol1	280	32.7	whteh	multiple family single or multiple family dwelling <<whteh>> that is eligible for	wheh|wheth|whth
production-1998-vol1	281	7.5	whteh	those assessments of that property <<whteh>> that occur after the provisions of this	wheh|wheth|whth
production-1998-vol1	282	10.0	coowner	<<coowner>> s interest	cooner|crowner
production-1998-vol1	284	14.1	whteh	ownership <<whteh>> that occur and new construction whteh that	wheh|wheth|whth
production-1998-vol1	284	14.7	whteh	ownership whteh that occur and new construction <<whteh>> that is completed on	wheh|wheth|whth
production-1998-vol1	319	45.2	dayof	by dated <<dayof>>	dayo|days
production-1998-vol1	319	48.2	dayof	by dated <<dayof>>	dayo|days
production-1998-vol1	323	11.0	pusuic	<<pusuic>> epucarion faciuries bond act of	public
production-1998-vol1	323	11.1	epucarion	pusuic <<epucarion>> faciuries bond act of	education
production-1998-vol1	323	11.2	faciuries	pusuic epucarion <<faciuries>> bond act of	factories
production-1998-vol1	332	44.0	baililot	<<baililot>> mav be as small as noint beneath	baillot|ballot
production-1998-vol1	335	32.8	nejedly	timber harvesting governed by the z berg <<nejedly>> forest practices act of	needly|needy
production-1998-vol1	345	46.8	nonaffected	prefabricated wood fueled fireplace that is a <<nonaffected>> facility as	unaffected
production-1998-vol1	363	24.0	prefire	<<prefire>> management account which is hereby created in	prefere|prefine|pretire|prewire|refire
production-1998-vol1	372	30.5	seetton	pursuant to article commencing with <<seetton>> er commencing	seeton|setton
production-1998-vol1	390	3.4	goveinot	pete wilson cece etter <<goveinot>> vce eerie san diego	governor
production-1998-vol1	390	7.2	eects	matt fong <<eects>> ttcasuict vo eee los angeles	ects|eecs|eets|ejects|elects|erects
production-1998-vol1	390	18.1	kolkey	dan <<kolkey>> ceceeeeereeerereeeeeereererrieterirsterrerrrierisneee legal affairs secretary	kelley|kolker
production-1998-vol1	390	25.1	vuksich	alexandra <<vuksich>> cecseeeeeeeeeeerreeeerreererriersrrisrerriereseeeeeee director of special projects	vuich
production-1998-vol1	390	29.1	klehs	johan <<klehs>> cece board member first district hayward	klebs|klees|less
production-1998-vol1	393	22.2	bakersfiel	way suite <<bakersfiel>>	bakersfield
production-1998-vol1	393	39.5	hemsted	johannessen businessman r butte colusa <<hemsted>> dr suite	heisted
production-1998-vol1	393	45.0	yoio	<<yoio>> weet rereeee	moio|oio|woio|yio|yobo|yodo
production-1998-vol1	395	43.7	erringer	wright cathie full time r los angeles <<erringer>> rd suite	berringer|derringer|erdinger|herringer
production-1998-vol1	395	52.6	rovane	chief assistant secretary eee john w <<rovane>> iv eee state capitol	roane|romane|rovan|roxane
production-1998-vol1	397	22.0	havice	<<havice>> sally legislator d los angeles pioneer	avice|hatice|havie
production-1998-vol1	397	49.0	ownet	<<ownet>> costa ccceeccceeeeee suite walnut	onet|owlet|owne|owned|owner|ownes
production-1998-vol1	398	27.0	olberg	<<olberg>> keith businessman r inyo kern park avenue	alberg|colberg|dolberg|golberg|holberg|kolberg
production-1998-vol1	400	14.3	strankman	hon gary e <<strankman>> aw cece eeeseeeee cree eseeesersrsersssssesersseressensresserssiserssrrsrrreereee presiding justice	strangman
production-1998-vol1	400	15.3	swaget	hon douglas r <<swaget>> cccccseeecseeeeecseersesesessrsrsevevssseresssnevesssssvesssersssserssisserssisterssreeeeee associate justice	saget|swagat|swage|swaged|swager|swages
production-1998-vol1	400	16.2	dossee	hon robert <<dossee>> cceeeeeeseeeeeeeeeeevsrsesevsvsesevsvsevevsvsesersssevesssssvesssersssserssisserssisrerssrerseeieeee associate justice	dossed|dossel|dosser|dosses|dossey|dossie
production-1998-vol1	400	37.1	zerne	hon <<zerne>> p haning ec ceeeeeeeeeeeeeeeceeersesvsesevsvsevevsvseserssevessssressserssssersssserssisierseeeee associate justice	berne|cerne|erne|ferne|gerne|herne
production-1998-vol1	400	51.3	fukut	hon morio l <<fukut>> oo ccc eeceeeeeeseeeeecseeessesvsesevsvsevevsvsssersssevsssssevessserssssersssssersssstersseresseereeee associate justice	fukt|fuku|fukui
production-1998-vol1	401	42.5	clotk	robert l liston oo eeeseeeeesesevecsesevecsesesecsesevevsesevevsevevevsesevasseveverseevessevevsssevevssseressssevevssnereresvereees <<clotk>>	cloak|clock|clonk|clot|clote|cloth
production-1998-vol1	402	15.3	bedsworth	hon william w <<bedsworth>> ce ccceeeesesesreersesrsersrsrererssserersssevsssssersssserssisserssisrerssersseeieeee associate justice	bedworth
production-1998-vol1	402	16.2	nowave	joyce a <<nowave>> co eee eee rsrenerscsenerecsenevecssrevssserevesserevssserevsssererssererisereressrereerereeee chief deputy clerk	nuwave
production-1998-vol1	402	19.3	ardaiz	hon james a <<ardaiz>> ce cceeeeeeeeereeeseesreeteesrserevsveversesrerssenessssressersssersssrerisrrreerereeee presiding justice	ordain
production-1998-vol1	402	41.2	comlonie	p gregory <<comlonie>> cccceccseeeeeeseeevsesesevsvsessvsvsesevsvsesevsvsesevsesevessesevecssnesesssvevsvseserssserersseresssseresieereseeereeeeeee president	colonie|colonies
production-1998-vol1	402	52.2	gamnon	richard dick <<gamnon>> ccccccccccscessecsecesececcesecesscsecesscecscsscescseesuecssesnecsscsecessccascacesseesseceecsessateseseeecsseseeseeeee member	amnon|gagnon|gallon|gambon|gameon|gammon
production-1998-vol1	406	3.6	havice	brown principal coauthor assembly bordonaro and <<havice>> coauthor senator	avice|hatice|havie
production-1998-vol1	406	26.2	havice	s granlund <<havice>> and thomson coauthor peace principal coauthor senator	avice|hatice|havie
production-1998-vol1	406	39.4	havice	coauthors assembly members aguiar <<havice>> coauthors assembly members	avice|hatice|havie
production-1998-vol1	406	59.1	havice	gallegos <<havice>> honda keeley knox monteith	avice|hatice|havie
production-1998-vol1	406	72.1	havice	escutia <<havice>> knox martinez migden polanco	avice|hatice|havie
production-1998-vol1	407	33.2	havice	cardoza figueroa <<havice>> keeley member prenter coauthor assembly	avice|hatice|havie
production-1998-vol1	407	70.1	olberg	member <<olberg>> coauthor senator papan	alberg|colberg|dolberg|golberg|holberg|kolberg
production-1998-vol1	408	30.9	havice	lewis polanco and assembly members alquist davis <<havice>>	avice|hatice|havie
production-1998-vol1	408	35.1	olberg	kelley <<olberg>> coauthors assembly members	alberg|colberg|dolberg|golberg|holberg|kolberg
production-1998-vol1	408	55.0	frsetta	<<frsetta>> schiff	frusetta
production-1998-vol1	408	59.3	olberg	leonard and margett <<olberg>>	alberg|colberg|dolberg|golberg|holberg|kolberg
production-1998-vol1	408	69.6	havice	alquist and honda assembly members ackerman <<havice>>	avice|hatice|havie
production-1998-vol1	409	11.8	havice	senators solis and watson battin bordonaro bowler <<havice>>	avice|hatice|havie
production-1998-vol1	409	14.1	havice	miller <<havice>> principal coauthor assembly	avice|hatice|havie
production-1998-vol1	409	16.2	havice	members caldera <<havice>> and members alquist baca bordonaro	avice|hatice|havie
production-1998-vol1	409	27.6	havice	senators kopp mcpherson o connell bustamante <<havice>> honda margett and	avice|hatice|havie
production-1998-vol1	409	31.5	havice	granlund alquist cardenas cardoza davis <<havice>>	avice|hatice|havie
production-1998-vol1	409	43.4	havice	mcpherson coauthor assembly ducheny <<havice>> machado mazzoni	avice|hatice|havie
production-1998-vol1	409	56.4	havice	coauthors assembly members alquist <<havice>> honda knox kuykendall leach	avice|hatice|havie
production-1998-vol1	409	58.3	havice	cardenas cardoza davis <<havice>> honda morrissey napolitano olberg oller	avice|hatice|havie
production-1998-vol1	409	58.7	olberg	cardenas cardoza davis havice honda morrissey napolitano <<olberg>> oller	alberg|colberg|dolberg|golberg|holberg|kolberg
production-1998-vol1	409	70.0	havice	<<havice>> kuykendall machado margett kuykendall leach leonard margett	avice|hatice|havie
production-1998-vol1	409	71.5	olberg	mazzoni morrissey pacheco prenter morrissey <<olberg>> oller pacheco	alberg|colberg|dolberg|golberg|holberg|kolberg
production-1998-vol1	410	4.2	havice	members baca <<havice>> hertzberg strom martin and washington	avice|hatice|havie
production-1998-vol1	410	10.4	havice	baugh bowler brewer brown <<havice>> machado ortiz scott	avice|hatice|havie
production-1998-vol1	410	30.2	havice	davis ducheny <<havice>> machado and wayne	avice|hatice|havie
production-1998-vol1	410	37.3	havice	davis figueroa granlund <<havice>> wayne	avice|hatice|havie
production-1998-vol1	410	51.1	havice	frusetta <<havice>> honda keeley knox cardenas	avice|hatice|havie
production-1998-vol1	410	72.3	havice	cardoza davis ducheny <<havice>> haynes kelley and knight coauthors	avice|hatice|havie
production-1998-vol1	411	17.5	olberg	coauthors senators alpert and watson <<olberg>>	alberg|colberg|dolberg|golberg|holberg|kolberg
production-1998-vol1	411	37.0	havice	<<havice>> house margett martinez and kelley	avice|hatice|havie
production-1998-vol1	411	45.3	olberg	mazzoni migden napolitano <<olberg>> floyd chair escutia havice knox	alberg|colberg|dolberg|golberg|holberg|kolberg
production-1998-vol1	411	45.7	havice	mazzoni migden napolitano olberg floyd chair escutia <<havice>> knox	avice|hatice|havie
production-1998-vol1	411	50.5	havice	greene and assembly members villaraigosa <<havice>> machado morrissey perata	avice|hatice|havie
production-1998-vol1	411	51.1	olberg	and <<olberg>> principal coauthors senators washington and woods	alberg|colberg|dolberg|golberg|holberg|kolberg
production-1998-vol1	411	56.3	havice	escutia frusetta gallegos <<havice>> o connell	avice|hatice|havie
production-1998-vol1	411	62.8	havice	assembly members figueroa knox coauthor assembly member <<havice>>	avice|hatice|havie
production-1998-vol1	412	3.8	olberg	coauthors assembly members alby goldsmith granlund knox <<olberg>>	alberg|colberg|dolberg|golberg|holberg|kolberg
production-1998-vol1	412	12.2	havice	aroner figueroa <<havice>> hertzberg assembly members aguiar and migden	avice|hatice|havie
production-1998-vol1	412	16.4	olberg	hertzberg goldsmith granlund knox <<olberg>>	alberg|colberg|dolberg|golberg|holberg|kolberg
production-1998-vol1	412	29.2	havice	cardoza alquist <<havice>> honda house figueroa honda keeley mazzoni ortiz	avice|hatice|havie
production-1998-vol1	413	15.4	olberg	campbell house knox martinez <<olberg>> committee on judiciary escutia chair	alberg|colberg|dolberg|golberg|holberg|kolberg
production-1998-vol1	413	22.0	havice	<<havice>> johnston coauthors assembly members	avice|hatice|havie
production-1998-vol1	413	31.1	havice	cardenas <<havice>> napolitano and scott greene	avice|hatice|havie
production-1998-vol1	413	53.3	olberg	members margett and <<olberg>> campbell	alberg|colberg|dolberg|golberg|holberg|kolberg
production-1998-vol1	413	56.0	havice	<<havice>> house kaloogian knox leach peace	avice|hatice|havie
production-1998-vol1	413	63.4	olberg	perata and washington coauthors <<olberg>> oller ortiz pacheco richter	alberg|colberg|dolberg|golberg|holberg|kolberg
production-1998-vol1	414	5.0	havice	<<havice>> baca lempert and napolitano vasconcellos and watson	avice|hatice|havie
production-1998-vol1	414	36.6	havice	hughes and solis coauthors assembly members <<havice>> kuehl murray and	avice|hatice|havie
production-1998-vol1	414	48.1	havice	member <<havice>> coauthors assembly torlakson	avice|hatice|havie
production-1998-vol1	415	3.0	havice	<<havice>> coauthors assembly members rosenthal and burton	avice|hatice|havie
production-1998-vol1	415	16.7	olberg	strom martin coauthors senators cunneen leach margett <<olberg>> oller	alberg|colberg|dolberg|golberg|holberg|kolberg
production-1998-vol1	415	48.4	havice	cardenas coauthor assembly member <<havice>> honda keeley kuehl lempert	avice|hatice|havie
production-1998-vol1	415	61.1	havice	escutia <<havice>>	avice|hatice|havie
production-1998-vol1	415	75.5	havice	senator sher and assembly member <<havice>> coauthors assembly members	avice|hatice|havie
production-1998-vol1	416	47.2	havice	ducheny gallegos <<havice>> keeley granlund	avice|hatice|havie
production-1998-vol1	417	60.5	havice	kopp coauthors assembly members cardenas <<havice>> honda and prenter	avice|hatice|havie
production-1998-vol1	417	75.0	havice	<<havice>> and wayne watson	avice|hatice|havie
production-1998-vol1	418	43.7	havice	leach cunneen and runner coauthor davis granlund <<havice>> honda keeley	avice|hatice|havie
production-1998-vol1	418	59.0	havice	<<havice>> principal coauthor senator peace burton and assembly	avice|hatice|havie
production-1998-vol1	418	59.9	olberg	coauthor senator peace burton and assembly member <<olberg>>	alberg|colberg|dolberg|golberg|holberg|kolberg
production-1998-vol1	418	61.0	havice	<<havice>> baca hertzberg machado principal coauthor assembly member	avice|hatice|havie
production-1998-vol1	418	74.7	olberg	pacheco shelley and villaraigosa keeley leach margett <<olberg>> ortiz	alberg|colberg|dolberg|golberg|holberg|kolberg
production-1998-vol1	418	79.0	alguist	<<alguist>> granlund murray napolitano	algist|alquist
production-1998-vol1	419	36.5	olberg	vasconcellos and watson coauthors keeley <<olberg>> oller wayne and woods	alberg|colberg|dolberg|golberg|holberg|kolberg
production-1998-vol1	419	56.3	havice	assembly members bowen <<havice>> retirement and social security honda	avice|hatice|havie
production-1998-vol1	420	8.3	havice	figueroa frusetta goldsmith <<havice>> senator leslie	avice|hatice|havie
production-1998-vol1	420	12.6	havice	member honda principal coauthors escutia and <<havice>> coauthor assembly	avice|hatice|havie
production-1998-vol1	420	44.1	havice	granlund <<havice>> honda house knox mcpherson coauthors senators calderon	avice|hatice|havie
production-1998-vol1	420	46.1	olberg	napolitano <<olberg>> oller ortiz pacheco assembly members figueroa keeley	alberg|colberg|dolberg|golberg|holberg|kolberg
production-1998-vol1	422	9.5	havice	members aroner baldwin ducheny goldsmith <<havice>> hertzberg honda	avice|hatice|havie
production-1998-vol1	422	10.1	havice	escutia <<havice>> honda lempert and house kaloogian keeley knox	avice|hatice|havie
production-1998-vol1	422	14.7	olberg	davis figueroa firestone keeley kuehl murray napolitano <<olberg>> oller ortiz	alberg|colberg|dolberg|golberg|holberg|kolberg
production-1998-vol1	422	19.3	havice	gallegos goldsmith granlund <<havice>> washington wildman woods and	avice|hatice|havie
production-1998-vol1	422	28.6	havice	ajr knox principal coauthors assembly granlund <<havice>> hertzberg honda	avice|hatice|havie
production-1998-vol1	422	33.8	olberg	bowler cardenas davis escutia morrow murray napolitano <<olberg>>	alberg|colberg|dolberg|golberg|holberg|kolberg
production-1998-vol1	422	34.2	havice	figueroa gallegos <<havice>> hertzberg oller ortiz papan perata poochigian	avice|hatice|havie
production-1998-vol1	422	38.0	olberg	<<olberg>> papan perata poochigian washington wayne and woods	alberg|colberg|dolberg|golberg|holberg|kolberg
production-1998-vol1	422	53.1	havice	granlund <<havice>> hertzberg house ashburn baca baldwin battin baugh	avice|hatice|havie
production-1998-vol1	422	58.1	olberg	napolitano <<olberg>> oller ortiz pacheco havice hertzberg honda house	alberg|colberg|dolberg|golberg|holberg|kolberg
production-1998-vol1	422	58.5	havice	napolitano olberg oller ortiz pacheco <<havice>> hertzberg honda house keeley	avice|hatice|havie
production-1998-vol1	422	62.6	olberg	torlakson villaraigosa vincent morrow murray napolitano <<olberg>>	alberg|colberg|dolberg|golberg|holberg|kolberg
production-1998-vol1	423	5.7	havice	ashburn baca bowen brown campbell frusetta granlund <<havice>> hertzberg	avice|hatice|havie
production-1998-vol1	423	9.0	havice	<<havice>> hertzberg honda house morrow olberg ortiz papan	avice|hatice|havie
production-1998-vol1	423	9.5	olberg	havice hertzberg honda house morrow <<olberg>> ortiz papan perata	alberg|colberg|dolberg|golberg|holberg|kolberg
production-1998-vol1	423	14.1	olberg	napolitano <<olberg>> oller ortiz pacheco and wright	alberg|colberg|dolberg|golberg|holberg|kolberg
production-1998-vol1	423	20.5	havice	woods and wright frusetta gallegos <<havice>> hertzberg	avice|hatice|havie
production-1998-vol1	423	32.1	havice	granlund <<havice>> hertzberg honda leslie lewis mountjoy o connell	avice|hatice|havie
production-1998-vol1	423	40.5	havice	coauthors senators alpert costa figueroa <<havice>> hertzberg honda	avice|hatice|havie
production-1998-vol1	423	53.1	havice	escutia <<havice>> lempert machado members vincent murray aroner and	avice|hatice|havie
production-1998-vol1	423	64.2	olberg	morrow napolitano <<olberg>> oller papan firestone floyd frusetta goldsmith	alberg|colberg|dolberg|golberg|holberg|kolberg
production-1998-vol1	423	65.5	havice	poochigian prenter pringle runner granlund <<havice>> house kaloogian	avice|hatice|havie
production-1998-vol1	423	68.6	olberg	torlakson villaraigosa vincent migden miller morrissey <<olberg>> oller	alberg|colberg|dolberg|golberg|holberg|kolberg
production-1998-vol1	423	77.5	olberg	baldwin bauer bowler bustamante acr <<olberg>>	alberg|colberg|dolberg|golberg|holberg|kolberg
production-1998-vol1	424	14.1	havice	granlund <<havice>> hertzberg honda figueroa gallegos havice hertzberg	avice|hatice|havie
production-1998-vol1	424	14.6	havice	granlund havice hertzberg honda figueroa gallegos <<havice>> hertzberg	avice|hatice|havie
production-1998-vol1	424	19.2	olberg	murray napolitano <<olberg>> oller ortiz vincent washington wayne wildman	alberg|colberg|dolberg|golberg|holberg|kolberg
production-1998-vol1	424	38.6	olberg	ashburn baldwin battin baugh murray napolitano <<olberg>> oller ortiz	alberg|colberg|dolberg|golberg|holberg|kolberg
production-1998-vol1	424	42.2	havice	gallegos granlund <<havice>> hertzberg torlakson villaraigosa vincent	avice|hatice|havie
production-1998-vol1	424	47.0	olberg	<<olberg>> oller perata poochigian cardenas cedillo escutia figueroa	alberg|colberg|dolberg|golberg|holberg|kolberg
production-1998-vol1	424	48.5	havice	prenter pringle scott shelley gallegos <<havice>> knox kuehl margett	avice|hatice|havie
production-1998-vol1	424	60.3	havice	gallegos goldsmith granlund <<havice>> perata poochigian prenter pringle	avice|hatice|havie
production-1998-vol1	424	66.0	olberg	<<olberg>> oller ortiz pacheco papan karnette kelley lee	alberg|colberg|dolberg|golberg|holberg|kolberg
production-1998-vol1	424	73.5	havice	scr hughes escutia goldsmith granlund <<havice>>	avice|hatice|havie
production-1998-vol1	424	76.7	olberg	peace rainey rosenthal sher and migden napolitano <<olberg>> ortiz papan	alberg|colberg|dolberg|golberg|holberg|kolberg
production-1998-vol1	425	14.6	havice	schiff sher thompson vasconcellos gallegos granlund <<havice>> honda	avice|hatice|havie
production-1998-vol1	425	18.5	olberg	acr alby morrissey murray napolitano <<olberg>>	alberg|colberg|dolberg|golberg|holberg|kolberg
production-1998-vol1	425	27.1	havice	granlund <<havice>> hertzberg honda ortiz and villaraigosa coauthors	avice|hatice|havie
production-1998-vol1	425	31.1	olberg	napolitano <<olberg>> ortiz pacheco ackerman aguiar alby alquist aroner	alberg|colberg|dolberg|golberg|holberg|kolberg
production-1998-vol1	425	37.6	havice	scr johannessen coauthors assembly gallegos granlund <<havice>> hertzberg	avice|hatice|havie
production-1998-vol1	425	42.6	olberg	cedillo cunneen davis ducheny murray napolitano <<olberg>> oller ortiz	alberg|colberg|dolberg|golberg|holberg|kolberg
production-1998-vol1	425	44.3	havice	gallegos goldsmith granlund <<havice>> prenter pringle richter runner scott	avice|hatice|havie
production-1998-vol1	425	50.0	olberg	<<olberg>> oller ortiz pacheco papan aca pringle	alberg|colberg|dolberg|golberg|holberg|kolberg
production-1998-vol1	425	57.3	havice	acr wildman and <<havice>> coauthors assembly gallegos granlund havice hertzberg	avice|hatice|havie
production-1998-vol1	425	57.8	havice	wildman and havice coauthors assembly gallegos granlund <<havice>> hertzberg	avice|hatice|havie
production-1998-vol1	425	62.5	olberg	cardoza cedillo cunneen davis napolitano <<olberg>> oller pacheco	alberg|colberg|dolberg|golberg|holberg|kolberg
production-1998-vol1	425	70.0	olberg	<<olberg>> oller ortiz pacheco papan davis havice machado	alberg|colberg|dolberg|golberg|holberg|kolberg
production-1998-vol1	425	70.6	havice	olberg oller ortiz pacheco papan davis <<havice>> machado wayne and	avice|hatice|havie
production-1998-vol1	426	11.3	havice	gallegos goldsmith granlund <<havice>> rainey rosenthal schiff sher solis	avice|hatice|havie
production-1998-vol1	426	15.3	olberg	miller murray napolitano <<olberg>> vincent	alberg|colberg|dolberg|golberg|holberg|kolberg
production-1998-vol1	426	28.2	havice	goldsmith granlund <<havice>> hertzberg cunneen davis ducheny figueroa	avice|hatice|havie
production-1998-vol1	426	29.8	havice	house kaloogian keeley knox firestone frusetta goldsmith <<havice>>	avice|hatice|havie
production-1998-vol1	426	33.2	olberg	murray napolitano <<olberg>> oller ortiz migden miller morrissey murray	alberg|colberg|dolberg|golberg|holberg|kolberg
production-1998-vol1	426	34.4	olberg	pacheco papan perata poochigian <<olberg>> oller ortiz papan perata	alberg|colberg|dolberg|golberg|holberg|kolberg
production-1998-vol1	426	45.3	havice	gallegos goldsmith granlund <<havice>> cunneen granlund kuehl leach	avice|hatice|havie
production-1998-vol1	426	47.4	olberg	kuehl leach leonard machado <<olberg>> oller papan perata poochigian	alberg|colberg|dolberg|golberg|holberg|kolberg
production-1998-vol1	426	61.2	havice	gallegos granlund <<havice>> hertzberg cardoza davis ducheny figueroa	avice|hatice|havie
production-1998-vol1	426	62.7	havice	honda house kaloogian keeley knox frusetta granlund <<havice>> house	avice|hatice|havie
production-1998-vol1	426	66.2	olberg	murray napolitano <<olberg>> oller morrissey murray napolitano olberg	alberg|colberg|dolberg|golberg|holberg|kolberg
production-1998-vol1	426	66.7	olberg	murray napolitano olberg oller morrissey murray napolitano <<olberg>>	alberg|colberg|dolberg|golberg|holberg|kolberg
production-1998-vol1	427	4.0	havice	<<havice>> honda knox kuehl lempert mcpherson monteith o	avice|hatice|havie
production-1998-vol1	427	12.5	havice	acr wildman gallegos goldsmith granlund <<havice>>	avice|hatice|havie
production-1998-vol1	427	16.2	olberg	and torlakson <<olberg>> oller pacheco poochigian	alberg|colberg|dolberg|golberg|holberg|kolberg
production-1998-vol1	427	18.4	havice	aguiar alquist baldwin bowen <<havice>> strom martin takasugi thompson	avice|hatice|havie
production-1998-vol1	427	23.5	havice	coauthors senators johnston and leslie <<havice>> martinez napolitano ortiz and	avice|hatice|havie
production-1998-vol1	427	43.7	havice	scr hughes principal coauthor assembly escutia floyd <<havice>> margett murray	avice|hatice|havie
production-1998-vol1	427	46.3	havice	cardenas cardoza cedillo <<havice>> knox campbell cardoza cedillo cunneen	avice|hatice|havie
production-1998-vol1	427	52.4	olberg	morrissey and morrow morrow <<olberg>> oller papan perata	alberg|colberg|dolberg|golberg|holberg|kolberg
production-1998-vol1	427	62.2	havice	frusetta granlund <<havice>> hertzberg mountjoy o connell peace polanco	avice|hatice|havie
production-1998-vol1	427	66.0	olberg	<<olberg>> ortiz poochigian prenter sjr karnette	alberg|colberg|dolberg|golberg|holberg|kolberg
production-1998-vol1	427	74.5	havice	and polanco principal coauthors granlund <<havice>> hertzberg honda	avice|hatice|havie
production-1998-vol1	428	4.1	olberg	napolitano <<olberg>> oller ortiz pacheco brown and torlakson	alberg|colberg|dolberg|golberg|holberg|kolberg
production-1998-vol1	428	10.2	havice	and woods <<havice>> honda kuehl leach lempert	avice|hatice|havie
production-1998-vol1	428	26.5	havice	sjr thompson gallegos goldsmith granlund <<havice>>	avice|hatice|havie
production-1998-vol1	428	30.7	olberg	senators costa and solis morrow murray napolitano <<olberg>>	alberg|colberg|dolberg|golberg|holberg|kolberg
production-1998-vol1	428	36.0	havice	<<havice>> hertzberg honda knox kuehl senators alpert costa	avice|hatice|havie
production-1998-vol1	428	62.3	havice	frusetta goldsmith granlund <<havice>> sjr thompson	avice|hatice|havie
production-1998-vol1	428	67.2	olberg	murray napolitano <<olberg>> oller ortiz acr strom martin coauthor senator	alberg|colberg|dolberg|golberg|holberg|kolberg
production-1998-vol1	428	73.6	havice	and wright coauthor senator gallegos goldsmith <<havice>> hertzberg	avice|hatice|havie
production-1998-vol1	429	19.2	havice	monteith granlund <<havice>> hertzberg house	avice|hatice|havie
production-1998-vol1	429	24.6	olberg	ajr ortiz coauthors assembly members napolitano <<olberg>> oller poochigian	alberg|colberg|dolberg|golberg|holberg|kolberg
production-1998-vol1	429	28.5	havice	escutia figueroa frusetta honda acr <<havice>>	avice|hatice|havie
production-1998-vol1	429	47.7	olberg	baldwin campbell cunneen house mcclintock miller morrissey <<olberg>>	alberg|colberg|dolberg|golberg|holberg|kolberg
production-1998-vol1	429	55.4	olberg	baca battin granlund leonard <<olberg>> ajr baca	alberg|colberg|dolberg|golberg|holberg|kolberg
production-1998-vol1	476	23.5	lambra	trade or business within a <<lambra>>	ambra|cambra|labra|lamba|lambda|lambro
production-1998-vol1	476	27.8	lambra	a trade or business is designated a <<lambra>> shall be a net	ambra|cambra|labra|lamba|lambda|lambro
production-1998-vol1	476	32.1	lambra	a <<lambra>> means a local agency military base recovery	ambra|cambra|labra|lamba|lambda|lambro
production-1998-vol1	476	36.3	lambra	business within a <<lambra>> and for the first two taxable years	ambra|cambra|labra|lamba|lambda|lambro
production-1998-vol1	476	46.9	lambra	doing business in this state with their <<lambra>>	ambra|cambra|labra|lamba|lambda|lambro
production-1998-vol1	477	19.9	lambra	the taxpayer s business activities within a <<lambra>>	ambra|cambra|labra|lamba|lambda|lambro
production-1998-vol1	477	23.7	lambra	i loss shall be apportioned to a <<lambra>> by multiplying total	ambra|cambra|labra|lamba|lambda|lambro
production-1998-vol1	477	29.10	lambra	taxpayer s business income attributable to a <<lambra>>	ambra|cambra|labra|lamba|lambda|lambro
production-1998-vol1	477	32.8	lambra	business income shall be apportioned to a <<lambra>> by	ambra|cambra|labra|lamba|lambda|lambro
production-1998-vol1	477	39.0	lambra	<<lambra>> shall be deemed to remain in existence	ambra|cambra|labra|lamba|lambda|lambro
production-1998-vol1	477	41.1	lambra	e <<lambra>> expiration date means the date the lambra	ambra|cambra|labra|lamba|lambda|lambro
production-1998-vol1	503	47.0	inonverative	<<inonverative>>	inoperative
production-1998-vol1	505	40.5	lambra	trade or business within a <<lambra>>	ambra|cambra|labra|lamba|lambda|lambro
production-1998-vol1	505	45.8	lambra	a trade or business is designated a <<lambra>> shall be a net	ambra|cambra|labra|lamba|lambda|lambro
production-1998-vol1	506	9.1	lambra	a <<lambra>> means a local agency military base recovery	ambra|cambra|labra|lamba|lambda|lambro
production-1998-vol1	506	13.3	lambra	business within a <<lambra>> and for the first two income years	ambra|cambra|labra|lamba|lambda|lambro
production-1998-vol1	506	23.9	lambra	doing business in this state with their <<lambra>>	ambra|cambra|labra|lamba|lambda|lambro
production-1998-vol1	506	44.9	lambra	the taxpayer s business activities within a <<lambra>>	ambra|cambra|labra|lamba|lambda|lambro
production-1998-vol1	507	0.6	lambra	loss shall be apportioned to a <<lambra>> by multiplying the loss	ambra|cambra|labra|lamba|lambda|lambro
production-1998-vol1	507	6.10	lambra	taxpayer s business income attributable to a <<lambra>>	ambra|cambra|labra|lamba|lambda|lambro
production-1998-vol1	507	9.8	lambra	business income shall be apportioned to a <<lambra>> by	ambra|cambra|labra|lamba|lambda|lambro
production-1998-vol1	507	16.0	lambra	<<lambra>> shall be deemed to remain in existence	ambra|cambra|labra|lamba|lambda|lambro
production-1998-vol1	507	18.1	lambra	e <<lambra>> expiration date means the date the lambra	ambra|cambra|labra|lamba|lambda|lambro
production-1998-vol1	647	0.7	intercommunications	persons of normal hearing by way of <<intercommunications>> devices	intercommunication
production-1998-vol1	670	28.3	hicap	and advocacy program <<hicap>> from accessing monitoring or	hcap|hiap|hicp|icap
production-1998-vol1	670	29.10	hicap	and records developed by or for the <<hicap>>	hcap|hiap|hicp|icap
production-1998-vol1	670	30.10	hicap	project all case records and files of <<hicap>> clients	hcap|hiap|hicp|icap
production-1998-vol1	670	31.7	hicap	are and shall remain the property of <<hicap>> subject to case file and	hcap|hiap|hicp|icap
production-1998-vol1	670	33.9	hicap	aging for the purposes of this section <<hicap>>	hcap|hiap|hicp|icap
production-1998-vol1	681	13.0	lambra	<<lambra>> means a local agency military base recovery	ambra|cambra|labra|lamba|lambda|lambro
production-1998-vol1	681	17.2	lambra	within a <<lambra>> and for the first two taxable years	ambra|cambra|labra|lamba|lambda|lambro
production-1998-vol1	681	27.9	lambra	doing business in this state with their <<lambra>>	ambra|cambra|labra|lamba|lambda|lambro
production-1998-vol1	682	1.5	lambra	following for exclusive use ina <<lambra>>	ambra|cambra|labra|lamba|lambda|lambro
production-1998-vol1	682	29.4	lambra	income attributed to a <<lambra>> determined as if that attributable	ambra|cambra|labra|lamba|lambda|lambro
production-1998-vol1	682	36.7	lambra	a income shall be apportioned to a <<lambra>> by multiplying	ambra|cambra|labra|lamba|lambda|lambro
production-1998-vol1	683	22.0	lambra	<<lambra>> the credit shall be equal to the	ambra|cambra|labra|lamba|lambda|lambro
production-1998-vol1	684	2.0	lambra	<<lambra>> means a local agency military base recovery	ambra|cambra|labra|lamba|lambda|lambro
production-1998-vol1	684	9.7	lambra	taxpayer s trade or business located ina <<lambra>>	ambra|cambra|labra|lamba|lambda|lambro
production-1998-vol1	684	13.2	lambra	as a <<lambra>> in which the individual s services were	ambra|cambra|labra|lamba|lambda|lambro
production-1998-vol1	684	28.4	lambra	or business within a <<lambra>> and for the first two taxable years	ambra|cambra|labra|lamba|lambda|lambro
production-1998-vol1	684	38.9	lambra	doing business in this state with their <<lambra>>	ambra|cambra|labra|lamba|lambda|lambro
production-1998-vol1	685	17.7	lambra	taxpayer s trade or business located ina <<lambra>>	ambra|cambra|labra|lamba|lambda|lambro
production-1998-vol1	685	19.6	lambra	taxpayer during the taxable year ina <<lambra>>	ambra|cambra|labra|lamba|lambda|lambro
production-1998-vol1	685	21.7	lambra	in which services were performed as a <<lambra>>	ambra|cambra|labra|lamba|lambda|lambro
production-1998-vol1	687	9.4	lambra	income attributed to a <<lambra>> determined as if that attributed	ambra|cambra|labra|lamba|lambda|lambro
production-1998-vol1	687	16.7	lambra	a income shall be apportioned to a <<lambra>> by multiplying	ambra|cambra|labra|lamba|lambda|lambro
production-1998-vol1	689	22.11	splitups	of the effect of this section through <<splitups>>	splits
production-1998-vol1	696	36.7	nejedly	carried out pursuant to the z berg <<nejedly>> forest practice act of	needly|needy
production-1998-vol1	700	9.4	lambra	business conducted within a <<lambra>>	ambra|cambra|labra|lamba|lambda|lambro
production-1998-vol1	700	41.0	lambra	<<lambra>> means a local agency military base recovery	ambra|cambra|labra|lamba|lambda|lambro
production-1998-vol1	700	45.2	lambra	within a <<lambra>> and for the first two taxable years	ambra|cambra|labra|lamba|lambda|lambro
production-1998-vol1	701	7.9	lambra	doing business in this state with their <<lambra>>	ambra|cambra|labra|lamba|lambda|lambro
production-1998-vol1	701	28.6	lambra	year of the designation of a <<lambra>> and each taxable year	ambra|cambra|labra|lamba|lambda|lambro
production-1998-vol1	701	36.9	lambra	a trade or business conducted within a <<lambra>>	ambra|cambra|labra|lamba|lambda|lambro
production-1998-vol1	701	39.2	lambra	within a <<lambra>> at any time before the close of	ambra|cambra|labra|lamba|lambda|lambro
production-1998-vol1	706	26.2	splitups	section through <<splitups>> shell corporations partnerships tiered	splits
production-1998-vol1	710	16.7	nejedly	carried out pursuant to the z berg <<nejedly>> forest practice act of	needly|needy
production-1998-vol1	787	14.6	nonfinal	payment adjustment years shall be deemed <<nonfinal>> payments for	nominal
production-1998-vol1	787	32.6	nonfinal	payment adjustment year shall be deemed <<nonfinal>>	nominal
production-1998-vol1	788	4.6	nonfinal	payment adjustment year shall be deemed <<nonfinal>>	nominal
production-1998-vol1	788	25.1	nonfinal	deemed <<nonfinal>> payments for purposes of this section and	nominal
production-1998-vol1	788	44.6	nonfinal	payment adjustment year shall be deemed <<nonfinal>> payments for	nominal
production-1998-vol1	808	47.0	eroun	<<eroun>> under clause iii have been fully exhausted	aroun|broun|ergun|eron|groun|roun
production-1998-vol1	938	0.0	stireme	<<stireme>> fraction	spireme|supreme
production-1998-vol1	938	2.3	nenees	sug veneers sie <<nenees>> sirens os	needs|nenets
production-1998-vol1	991	8.0	sictta	<<sictta>> eee eee tte e ene eeee	sitta
production-1998-vol1	1012	47.0	immoralitv	<<immoralitv>>	immorality
production-1998-vol1	1037	0.0	stireme	<<stireme>> fraction	spireme|supreme
production-1998-vol1	1048	37.0	nonhearing	<<nonhearing>> conduct of an administrative law judge or	nonbearing|nonheading
production-1998-vol1	1115	0.2	mdividual	to the <<mdividual>> policy or contractholder at least days prior	dividual
production-1998-vol1	1145	37.0	bacterioloov	<<bacterioloov>>	bacteriology
production-1998-vol1	1298	33.0	sictta	<<sictta>> eee ttt eee eee	sitta
production-1998-vol1	1300	19.0	sictta	<<sictta>> cee ttt enn eee	sitta
production-1998-vol1	1307	14.0	sictta	<<sictta>> cece tte net eee ees	sitta
production-1998-vol1	1310	27.0	veemtura	<<veemtura>> eet ences	ventura
production-1998-vol1	1329	47.3	avcine	california department of <<avcine>> at least one member shall be a	alcine|avine
production-1998-vol1	1366	10.0	dayofo	<<dayofo>> do	layoff
production-1998-vol1	1389	47.0	undersoine	<<undersoine>> a course of treatment from a terminated	undershine
production-1998-vol1	1408	41.2	cilets	order into <<cilets>> directly	civets|filets|gilets
production-1998-vol1	1459	35.0	zdto	<<zdto>> eee eee eee eee eee eee	dto|zato|zeto|zito
production-1998-vol1	1460	27.2	submeters	registration of <<submeters>> that may be charged by any authority	submeter
production-1998-vol1	1497	14.4	romoland	route from route near <<romoland>> to route near perris	dromoland|momoland
production-1998-vol1	1498	43.0	careoivers	<<careoivers>>	caregivers
production-1998-vol1	1511	41.0	jbsis	<<jbsis>> jis operational statewide the clerk of the	basis|jasis
production-1998-vol1	1587	18.0	cobey	<<cobey>> work furlough law section is authorized for	cobby|cobe|coben|cober|cobley|coby
production-1998-vol1	1588	46.6	nonsecure	work furlough facility or any other <<nonsecure>> facility used primarily	insecure
production-1998-vol1	1589	15.0	cobey	<<cobey>> work furlough law section authorized for temporary	cobby|cobe|coben|cober|cobley|coby
production-1998-vol1	1640	38.0	naiio	<<naiio>> means the nonadmitted alien insurer information	nacio|naio|nairo|naito|natio|navio
production-1998-vol1	1651	43.0	naiio	<<naiio>> means the nonadmitted alien insurer information	nacio|naio|nairo|naito|natio|navio
production-1998-vol1	1716	19.5	paladium	chloride sodium metal lead acetate <<paladium>> black red	caladium|palatium|palladium
production-1998-vol1	1724	24.5	thiosulfite	sodium bisulfite sodium metabisulfite sodium <<thiosulfite>> ferrous	thiosulfate
production-1998-vol1	1726	42.8	microetch	objects cleaners and conditioners do not include <<microetch>>	microtech
production-1998-vol1	1727	41.0	demulsification	<<demulsification>> as allowed by this section	emulsification
production-1998-vol1	1818	28.2	repackagers	retailers hospitals <<repackagers>> providers or governmental entities	repackages
production-1998-vol1	1821	23.7	nonbid	necessary therefore contracts entered into on a <<nonbid>> basis shall	forbid|nonaid
production-1998-vol1	1966	38.1	miultidisciplinary	including <<miultidisciplinary>> assessments provided in counties	multidisciplinary
production-1993-vol1	11	21.0	existat	<<existat>> the time of such modification	existant
production-1993-vol1	94	35.1	ifstate	sec <<ifstate>> boundaries change the legislature shall determine	instate
production-1993-vol1	104	26.1	coowner	any <<coowner>> s interest	cooner|crowner
production-1993-vol1	107	42.0	provriations	<<provriations>> subject to limitation in the vear of	propriation
production-1993-vol1	149	6.5	eeccee	general obligation bond proceeds fund <<eeccee>> rete ee eeee eens xvi	decree
production-1993-vol1	149	49.0	temova	<<temova>> of cece eee tence cere eee eee	temora
production-1993-vol1	150	2.6	ereeett	suspension of revocation cere ce ese <<ereeett>> eect eee eeneteeneteeees xx	everett
production-1993-vol1	150	32.4	xhib	fiscal year c ccccseeeestsesesssteersesersseersssenes <<xhib>>	chib|exhib|hib|rhib|shib|thib
production-1993-vol1	150	38.6	xhib	appropriations subject to limitation exceptions to <<xhib>> i	chib|exhib|hib|rhib|shib|thib
production-1993-vol1	150	54.4	mueb	population determination of eeeeeereererrertecereevces <<mueb>> f	meb|mub|mue|muel|muen|muer
production-1993-vol1	150	57.0	toluit	<<toluit>> cece cece cere reece erereteneeterresresrsertsttessterrereceree mib	toluic
production-1993-vol1	151	52.0	toesidency	<<toesidency>> cece cence reece eee e eee rreetereer	residency
production-1993-vol1	151	53.0	lotins	<<lotins>> cece cece eee reeren nee e nner	latins|logins|loins|lotions|lotis|lovins
production-1993-vol1	151	53.4	reeren	lotins cece cece eee <<reeren>> nee e nner eee eeeererenteeee re renter	heeren|reeden|reenen|referee|referen|renren
production-1993-vol1	151	54.0	vacadicy	<<vacadicy>> occ erect eeee ee eee ee eee	vacancy
production-1993-vol1	151	61.14	teneee	eee nan ener nen eer ne ee <<teneee>> ees xx	tenee|tenere
production-1993-vol1	152	21.0	spochal	<<spochal>> csecececeeceu cece eeseeeevereuseeuseenecetccunesserteetenetens iv b	epochal
production-1993-vol1	152	43.11	cererne	at cee ee eee e creer epee <<cererne>> erences xii	serene
production-1993-vol1	152	44.9	eteere	property of eee eee eereere creer ree <<eteere>> etter ren knee xi	steere|there
production-1993-vol1	153	28.11	eeenet	nee e nee eee nn renee reese <<eeenet>> een tenee vv c	event|teenet
production-1993-vol1	153	33.10	ttene	ceeeeece veneer renee eter tener nerrertee rere <<ttene>> vv	ctene|stene|tene|thene|tiene|trene
production-1993-vol1	153	54.11	ennene	tence reece cere ren ether necro tert <<ennene>> xv	ennen
production-1993-vol1	154	27.9	vennnee	exempt positions cccce eee e renee renee <<vennnee>> eres vil d	vendee
production-1993-vol1	154	30.5	ceecec	creation ctc of ec i <<ceecec>> reece cereeecerteeecerrteenetereettesneretres xvi	ceecee
production-1993-vol1	155	0.8	enerer	eee eee rere rene rere rer ere <<enerer>> ree rerereererer er esererer ere renereee iil	enever|enterer|entrer|ewerer|venerer
production-1993-vol1	155	5.7	ercen	office exclusion from ccc ceeeee veer een <<ercen>> cess sree re rereeeees toners vil b	erben|ercan|erceg|erden|eren|ergen
production-1993-vol1	155	23.9	renererer	re property used for csereeeerer ete tee <<renererer>> xiii g	renderer
production-1993-vol1	155	48.8	ereree	interest rate on unsold raising of e <<ereree>> rere xvi	emeree|everee|reree
production-1993-vol1	155	50.5	secees	taxation interest exempt from income <<secees>> sere ee rereeneee xi	secedes
production-1993-vol1	155	53.8	ereneree	as legal subdivisions of eeeeeneeee cette er <<ereneree>> xi a	referee
production-1993-vol1	156	19.7	rerecs	salaries reductions in prohibited ccccceeeeeer even ee <<rerecs>> tl a	reres
production-1993-vol1	156	56.6	eccee	inmate help etc civil service exemption <<eccee>> reece eee ee ene vil j	ecce|emcee
production-1993-vol1	157	11.10	reneeres	eee e eee eee cece cere ene <<reneeres>> xi b	rendered
production-1993-vol1	157	14.1	cceecee	powers <<cceecee>> rere renee eee ree eeee neh n	ceecee
production-1993-vol1	157	37.7	eneet	supersedes general law ecccreeeere erence renee er <<eneet>> inners res xi g	enet|enset|neet
production-1993-vol1	157	40.15	nnns	reece eee e rere tees eters ttn <<nnns>> vv	anns|cnns|enns|inns|nans|nins
production-1993-vol1	158	17.7	enevene	initiative powers electors exercise of ceeee reer <<enevene>> ees rr i	eleven
production-1993-vol1	158	22.6	eect	charter provisions te ceeee eres nese <<eect>> nesses eeneenarenereeee xi b	bect|cect|dect|ect|eec|eech
production-1993-vol1	158	51.7	xiha	taxes special on districts imposition of ceeeeeeeeeeeeese <<xiha>>	aiha|iha|jiha|miha|niha|piha
production-1993-vol1	159	57.9	reneners	on merit cscs eeeee renee erence serene <<reneners>> vil b	renegers
production-1993-vol1	160	11.5	eenere	taxation exemption from ccccc eee <<eenere>> een e cnet reeneeenees xu c	genere|tenere|venere
production-1993-vol1	160	19.9	enenare	from ecccccee eee ree ne arene errr <<enenare>> ones xiii e	ensnare
production-1993-vol1	160	29.8	teense	service exempt positions ces eeeeeeee rer eeee <<teense>> reeeeeees vie b	teenie|teens|teensy|teese|tense
production-1993-vol1	160	40.9	tetera	eee eet eet ete e rene rene <<tetera>> nee tebe nen e etre tertertee eee	cetera|tatera|tenera|tepera|teter|teters
production-1993-vol1	161	37.6	eenees	pointed by the governor ccececeeereeereteeerer sens <<eenees>> vvvsi e	eevees
production-1993-vol1	161	62.6	mwiti	majority approval required eceeeeereeere reer eeeereceeces <<mwiti>>	maiti|miti|with|witi
production-1993-vol1	161	63.14	renenes	ee eee renee e renee sees er <<renenes>> i d	reneges|rennes
production-1993-vol1	162	5.6	kwiit	piocecuie ce eeeeee cece ee eerererereererererctcrecerecrsrssereeseses <<kwiit>>	kiit|writ
production-1993-vol1	163	20.9	nererer	to cere e tree rete nn reer <<nererer>> eter renee eeenenrttrnees xx	nearer
production-1993-vol1	164	36.7	kamiv	housing project low rent approval of seecccseeeeeeeenerernencs <<kamiv>>	kami|kamia|kamik|kamil|kamin|kamio
production-1993-vol1	164	55.10	renesers	of ces cece eeereee rent renee een <<renesers>> xi	renegers
production-1993-vol1	164	62.6	xitia	property tax apportionments to districts ccccceccccerccrecvccesseee <<xitia>> l a	itia|litia|mitia|sitia|titia
production-1993-vol1	165	0.0	pubac	<<pubac>> umnes	lubac|pbac|puba|pubal|pubic|tubac
production-1993-vol1	165	0.1	umnes	pubac <<umnes>>	emnes|mnes|omnes|umes|unes
production-1993-vol1	165	10.1	ochons	c <<ochons>> eee cece ee ee een renee eee	ochone
production-1993-vol1	166	0.12	reeere	reece renee reer seer rere er ere <<reeere>> et aeeeee vi zz	refere|revere
production-1993-vol1	166	5.4	cccse	record courts of definition <<cccse>> ccc eveeee rent eeereeeerrteeees vi	cccs
production-1993-vol1	166	23.4	ecesee	judgment concurrence necessary for <<ecesee>> rete ee eeneneteserers vi	eceses
production-1993-vol1	166	31.3	reeset	determination of cseeeeceesceeee <<reeset>> eeneenereeeeener vi e	rebeset|reese|reeser|reeses|reest|reset
production-1993-vol1	166	48.1	ptiot	convictions <<ptiot>> cece reer eee eer en ener ee	piot|pitot
production-1993-vol1	167	37.4	siib	change in population cscsseereeereereereetrrecererererervecee <<siib>> f	aiib|iib|iiib|saib|seib|shib
production-1993-vol1	167	51.5	mkkiv	low rent housing project esecseerenceerereserecctttneeererce <<mkkiv>>	mkiv
production-1993-vol1	167	53.16	eeteey	e nen e ronan tees teeter teen <<eeteey>> xb c	esteem
production-1993-vol1	167	55.7	eteenae	public generally cceceeee reece nee reereceenser ener <<eteenae>> rece ns iv a d	teenage
production-1993-vol1	168	1.3	cceee	serious felony c <<cceee>> eee renee rere rete eee r ene	aceee
production-1993-vol1	168	12.15	ttagens	ee ree rete eer e rere be <<ttagens>> i	stages
production-1993-vol1	168	48.8	xuoia	on special districts imposition of e eesceereeeereeeees <<xuoia>>	quota
production-1993-vol1	169	6.10	reeneees	ee eceereee eee ener ernereces ere re <<reeneees>> ix	reenters
production-1993-vol1	169	14.4	cceee	bond issuance requirements re <<cceee>> seers erence rene een eeeeenne xvi	aceee
production-1993-vol1	169	59.7	rnenes	governing bodies eseeeeeeerecs cree er eneneaereeser reer <<rnenes>> xi b a	renes|rennes
production-1993-vol1	170	4.7	xiha	taxes special on districts imposition of eseeceeeeerereeeee <<xiha>>	aiha|iha|jiha|miha|niha|piha
production-1993-vol1	170	8.5	xhib	appropriations limit establishment or change <<xhib>>	chib|exhib|hib|rhib|shib|thib
production-1993-vol1	170	10.4	cceree	city annexations or consolidations <<cceree>> eee e rere eens xi b	cheree
production-1993-vol1	170	62.2	sccceee	recall procedure <<sccceee>> een enter rere etter ener etre benerete	succeed
production-1993-vol1	170	62.9	benerete	sccceee een enter rere etter ener etre <<benerete>> eee res tl	generate
production-1993-vol1	171	8.1	sectee	voting <<sectee>> cceeeee rere reer e rere reer eee	sentee|settee
production-1993-vol1	171	19.5	ceraee	property private taking ccccceeseeerereeetneree enone <<ceraee>> ees i	cerate|cerave
production-1993-vol1	172	40.0	ertess	<<ertess>> improvement cece eee ceeeeeeerereteteeeerecreceee mita c	excess
production-1993-vol1	172	56.0	tockfish	<<tockfish>> cee cece cece rece eee ne renee	rockfish|stockfish
production-1993-vol1	173	29.10	eetaee	cece e creer errr cree ere ee <<eetaee>> tet ereeernee xii j	estate
production-1993-vol1	174	28.5	xiib	exceptions to state funding ccceeeeeeeeseeeeecreeeeseeree <<xiib>>	aiib|iib|iiib|viib|xib|xii
production-1993-vol1	175	21.7	escee	vacancy in calling of election to fill <<escee>> rere ee reer ee nees iv d	emcee|esche|esee|esmee|estee|scee
production-1993-vol1	175	39.5	eesecce	war or enemy caused disaster <<eesecce>> veers reeeeeerereeeere iv b	essence
production-1993-vol1	175	42.14	nererees	rece reer cece eer eer erenneneee ester <<nererees>> v	referees
production-1993-vol1	176	18.4	cceee	sale forced protection from <<cceee>> sete enna reece reer nerranene xx	aceee
production-1993-vol1	176	25.9	rerage	construction s eceeee cere eect knee reese <<rerage>> xii b	aerage|average|recage|repage|rerake|rerate
production-1993-vol1	177	13.7	xvef	aged state support of institutions for ceneeereeeereeeeeenree <<xvef>>	lvef|vef|xref|xve
production-1993-vol1	177	18.14	enenes	entree nee e ene e rece setter <<enenes>> xv	egenes|ennes
production-1993-vol1	177	23.7	rennas	offenses prosecution by ceseeeneeeee cer reeererseeeeee eee <<rennas>> i	hennas|reinas|renas|renna|rennes
production-1993-vol1	177	33.3	mwih	amendment of seeeeeereeeeerereererteerescscererressersssecs <<mwih>>	mih|mwah|mwh|mwi|wih
production-1993-vol1	177	38.0	cnchions	<<cnchions>> cece eee cere ene e renee tener	cushions
production-1993-vol1	177	45.5	renaes	signatures percent required cccceeeeeereerereneee sere <<renaes>> ii b	renae|renaee|renais|renames|renas|renes
production-1993-vol1	178	0.0	toddying	<<toddying>> cere creer eee enero never ener rrerererencrereneererer	toadying|toddling
production-1993-vol1	178	26.9	nennr	ccceeeee eee ene e cece rere ee <<nennr>> eee e ee eer erage xvi	nenna|nenni
production-1993-vol1	179	22.0	wecal	<<wecal>> cece eee tree ence ren eeeteereeeeeeeerene ener	cecal|decal|ecal|fecal|pecal|recal
production-1993-vol1	179	46.0	tempotaty	<<tempotaty>> cree cece eee e eter ere ere	temporary
production-1993-vol1	180	8.3	seceee	municipal court districts <<seceee>> esse ere ee renner er eneeerneneeees vi	secede|seeee|seeeee
production-1993-vol1	180	27.14	rnanes	eee e tere ester rer enaenerete rere <<rnanes>> vi	nanes|rnases
production-1993-vol1	180	31.9	ennent	ce eee e ree nereee eee er <<ennent>> tree eee pernrane vi	ennen|tennent
production-1993-vol1	180	33.0	supetion	<<supetion>> coutts cee cee e eee e enter	superion|superior
production-1993-vol1	180	37.7	rerees	grand juries yearly summoning of eeeeeeeeneereer even <<rerees>> tit	reree|rereel|reres
production-1993-vol1	180	42.7	eenene	court of record eee cece reer cee <<eenene>> nese rere rebennaneee etre tes vi	venene
production-1993-vol1	181	38.4	ccecee	budget bill passage before <<ccecee>> erect erect eneeee enters iv c	ceecee
production-1993-vol1	181	39.11	bnanee	cece cee eee teeter eee eter ere <<bnanee>> seers rene nents iv d	nance
production-1993-vol1	183	23.7	rererenee	vacancies calling elections to fill eeeeeeeeee rere <<rererenee>> iv d	reference
production-1993-vol1	183	43.2	cceee	taxation of <<cceee>> eee cere cece eee eeene nee e	aceee
production-1993-vol1	184	11.4	sccce	judges qualifications etc of <<sccce>> sense eeneeeeenerreenenerers vi a	sccc|succe
production-1993-vol1	184	32.4	eect	conflict of interest cccceee <<eect>> cent nee e ee eee ree reer	bect|cect|dect|ect|eec|eech
production-1993-vol1	185	0.0	renrement	<<renrement>>	recrement
production-1993-vol1	185	1.0	anowance	<<anowance>> cere eee cceeeeee rene rene tere es	allowance|avowance
production-1993-vol1	185	5.3	cutily	safety and s <<cutily>> cc cece eee e eee e etre	cutely
production-1993-vol1	185	20.5	eecce	each house to choose own <<eecce>> esse erence renee er ener ee neneeees	ecce|lecce|recce
production-1993-vol1	185	28.6	cesee	property forced sale of protection from <<cesee>> rere reese eens xx	besee|ceske|cesme|ceste|esee|resee
production-1993-vol1	185	39.8	reneees	power conferred upon ceceeereeeee eee e erent <<reneees>> xii	reneges
production-1993-vol1	187	43.1	ovettige	volo <<ovettige>> cece eee eee e revere reece ee	overtime
production-1993-vol1	187	49.1	ovettige	volo <<ovettige>> cc cee ee reer rece reece eceereeteeereeebnenee	overtime
production-1993-vol1	187	52.5	sviie	constitutional convention calling of eeeeeeseereeeeeees <<sviie>>	xviie
production-1993-vol1	187	55.2	memdet	expulsion of <<memdet>> eceeccec rece tereeeeeeeseterneeeneees iv a	memet
production-1993-vol1	187	60.0	laxalion	<<laxalion>> s cece ec eter eee tener ener	laxation
production-1993-vol1	188	3.1	ovettiae	veto <<ovettiae>> eee cece cece eee veer ene reece	overtime
production-1993-vol1	188	21.7	eenene	elected officials campaign statement eceeeeeee rece ere <<eenene>> vil	venene
production-1993-vol1	188	27.6	errerees	property taxation exemption from ceceeeeeere ever <<errerees>> xi d	referees
production-1993-vol1	188	39.7	eenere	election of cece cece cee cere rer <<eenere>> eee rere rereneeaneer ere vnaeeneeee vou	genere|tenere|venere
production-1993-vol1	189	19.10	erenen	cseeeeee ene ee reso er rare ernest <<erenen>> tens xii b	erene|reenen
production-1993-vol1	189	31.7	aaxiv	persons of low income definition of eeseeceeeeeerererersereces <<aaxiv>>	arxiv
production-1993-vol1	189	50.9	neere	fees and taxes us cc cece renee <<neere>> reer teen greene xix b	beere|deere|eere|feere|heere|meere
production-1993-vol1	190	48.1	ctmissions	noise <<ctmissions>> cece eee eee ee eee ne eee	comissions
production-1993-vol1	191	16.9	eenees	cece eee eeee reece reese reeeeeretee ep <<eenees>> i	eevees
production-1993-vol1	191	20.13	enttees	een ent errno nent ree nee repeater <<enttees>> x	entrees
production-1993-vol1	192	16.12	eeraes	tree ee bene ee ren re renee <<eeraes>> xi b	geraes
production-1993-vol1	192	31.13	neenen	e eee e een eee eea eer <<neenen>> ergo nnes xi l b a	keenen|needed|neenan|neener|peenen|reenen
production-1993-vol1	192	35.3	ceeece	crimes exclusion fof <<ceeece>> renee re rereeneeeeenneeterereennrerees vii b	ceecee|cheese
production-1993-vol1	192	37.0	emhancemenl	<<emhancemenl>> eevee ere cee cece ce cereeneeener eterno	enhancement
production-1993-vol1	192	37.9	eecees	ere cee cece ce cereeneeener eterno rr <<eecees>> tl	eevees|emcees
production-1993-vol1	193	4.13	vvsi	reer er eee et ener tenes eenneretenneeee <<vvsi>> e	vasi|vesi|visi|vlsi|vsi|vusi
production-1993-vol1	193	9.7	rererecs	relief administration of seeeee rene ceceereneeteren bre <<rererecs>> xvi	referees
production-1993-vol1	193	52.4	ccecce	public pension funds investment <<ccecce>> eres ee ee eee e teen ene	coerce
production-1993-vol1	195	1.7	eeeres	legislative members immunity ceeecee cece screen eee <<eeeres>> iv	heeres|meeres
production-1993-vol1	195	17.8	reerer	forced protection from eeeeceeere vee e vee <<reerer>> eter eenees xx	feerer|jeerer|rearer|reeber|reeder|reefer
production-1993-vol1	195	17.10	eenees	from eeeeceeere vee e vee reerer eter <<eenees>> xx	eevees
production-1993-vol1	195	31.14	enrens	ee er ene neee eee eereberenenerete bee <<enrens>> vi	ehrens|erens
production-1993-vol1	195	37.7	saktv	constitutionality of article re ccceteee ree eeneterererereettererees <<saktv>>	sakta|sakti|santa
production-1993-vol1	195	39.8	makiv	of low income definition of c cseeeeereeverccseereceres <<makiv>>	maki|makie|makin|makio|makis|mkiv
production-1993-vol1	195	41.11	kratvy	eccceseeee ee eee eee ree events sretesrererereretecns <<kratvy>>	kratky
production-1993-vol1	195	45.5	secese	habeas corpus suspension of cs <<secese>> renee reneseenerertneeeenee io	secede|secesh|seese|semese|senese
production-1993-vol1	196	48.10	enrare	ccceecece neces ene e eer nenee trees <<enrare>> renee xxi	enrace|enrage|unrare
production-1993-vol1	197	1.0	asutets	<<asutets>> ee eee ete ee cree een e	assets
production-1993-vol1	197	8.6	cceree	cities or counties electors of ccc <<cceree>> renee rere orev rsereerennes oll	cheree
production-1993-vol1	197	8.9	orev	counties electors of ccc cceree renee rere <<orev>> rsereerennes oll	brev|erev|forev|grev|ohev|ore
production-1993-vol1	197	16.12	rereee	cece cece rere rere rece ener eee <<rereee>> il c	reree|rereel|rereeve
production-1993-vol1	197	33.10	neenes	state cccceeeeeeee eee e ence eereerene ree <<neenes>> xx	neener|newnes
production-1993-vol1	198	6.0	aowance	<<aowance>> eee e eee e eevee eect cere	avowance
production-1993-vol1	198	8.16	eaaes	ee nn ne ee erate rere ser <<eaaes>> vie oll	eades|eales|eames|eanes|eases|eaves
production-1993-vol1	198	44.16	ereans	tere eee been e reer eee ere <<ereans>> i	eleans|erens
production-1993-vol1	198	47.14	eteenes	cece eee e rene renee reece res <<eteenes>>	ethenes|teens
production-1993-vol1	199	24.12	renaes	rer ee seer nenanene nese en ee <<renaes>> ix a	renae|renaee|renais|renames|renas|renes
production-1993-vol1	199	38.4	cceeer	members duties re cece <<cceeer>> ern reee ree cer eeeeeesees xvi	career
production-1993-vol1	199	43.0	voms	<<voms>> eee reer ence renee cern en re	boms|coms|doms|goms|homs|koms
production-1993-vol1	199	56.9	erneres	rene eere rece cece tee etreneeeneee eet <<erneres>> ix a	earners
production-1993-vol1	200	0.0	oohds	<<oohds>>	bonds|oohs
production-1993-vol1	200	45.11	ennaters	tere ence eet ne rec eene renner <<ennaters>> x	enters
production-1993-vol1	201	13.16	vvsi	eee ere er ebeneaneee stereo er nnas <<vvsi>> e	vasi|vesi|visi|vlsi|vsi|vusi
production-1993-vol1	201	16.9	rnnaes	ee seen reece ere ereeeaeeeeen sete nen <<rnnaes>> yw b c	ranges
production-1993-vol1	201	17.14	naaere	renee eee rere ener eeeteee reer ena <<naaere>> vou	nature
production-1993-vol1	201	23.10	rnrane	of cece cece cree eeneeeeee sree er <<rnrane>> xi s b	insane
production-1993-vol1	201	30.3	cceee	adjournment sine di <<cceee>> eee e eee e errr eceereeseebeen renee	aceee
production-1993-vol1	201	45.8	renens	of civil service exemption for esceeeeeer eres <<renens>> vil a	regens|renes|renews|rennes|repens|tenens
production-1993-vol1	202	1.7	recone	civil process not subject to eee cece <<recone>> se reer reenererere res iv	rebone|recode|recoke|recon|recons|recore
production-1993-vol1	202	8.0	lotins	<<lotins>> ccc eee rere eee eee renee eee	latins|logins|loins|lotions|lotis|lovins
production-1993-vol1	202	47.6	recone	closed s ssions cere e cece <<recone>> eer eenenaeee seer en rentnererree tes iv	rebone|recode|recoke|recon|recons|recore
production-1993-vol1	203	49.10	neenees	cc cee reer e eee cette rent <<neenees>> xvi b c	needles
production-1993-vol1	203	59.15	reneres	rere ener een v eee neet eters <<reneres>> xi d h	generes|reneges|reveres|veneres
production-1993-vol1	203	61.9	rneeere	dill seeceeers eee eer eres care cnet <<rneeere>> sense ene ees iv b	revere
production-1993-vol1	204	15.15	eeaes	rece ee renee tebe rer er nn <<eeaes>> iv a	eeas|eeles
production-1993-vol1	204	35.7	miuib	local government costs scseeeee tree er ecreeeeesecevere <<miuib>>	mini|miui
production-1993-vol1	204	41.14	reraee	cee ree ene neon ee ee eee <<reraee>> vil b	renaee|rerake|rerate|reree
production-1993-vol1	204	44.7	reeerenee	fish and wildlife resource protection seesepeser eee <<reeerenee>> xa	reference
production-1993-vol1	204	56.0	clechon	<<clechon>> eee eee ere eect eee e eee	lechon
production-1993-vol1	204	58.9	rerens	cee cece cece ener eer nenveneee cert <<rerens>> xvi a	berens|erens|ferens|kerens|regens|repens
production-1993-vol1	205	6.3	cceee	commissioners appointment of <<cceee>> rere e sere cere ee renee eens	aceee
production-1993-vol1	205	9.2	tecopd	court of <<tecopd>> sce cece cece eee eee eens tec	tecopa
production-1993-vol1	205	22.9	rreree	of ecceeee even reene eer er ere <<rreree>> vi	reree
production-1993-vol1	205	24.13	reenerers	rete tree reer eenenene eer er eee <<reenerers>> vi	reenters
production-1993-vol1	205	36.7	enreree	opinions publication of cccesceee sence sreeeeereee serrate <<enreree>> rye vi	entered
production-1993-vol1	205	58.14	rtenere	crete beet tree eer en eran eee <<rtenere>> xil	tenere
production-1993-vol1	206	3.1	sovent	ctemits <<sovent>> eee eee e eee cece eee eneeteteerer	covent|sevent|soient|solent|solvent|souvent
production-1993-vol1	206	4.0	gebentures	<<gebentures>> ccc cece eee ceeee eee eee rereeereee	debentures
production-1993-vol1	206	5.8	ereecee	of trust ee eeceeece eee n ene <<ereecee>> cere ree rnneaeee eee rere eres xiii	greece
production-1993-vol1	206	7.14	eenees	e eee e rebar eer et ersten <<eenees>> xi	eevees
production-1993-vol1	206	33.8	reeens	property parking lots ccseeeeee rene rece rer <<reeens>> xiii d	regens|repens
production-1993-vol1	206	37.0	ctops	<<ctops>> bowing see eee eer ee scene ee	chops|clops|coops|cops|crops|ctos
production-1993-vol1	206	58.0	fexo	<<fexo>> yc cc xiii r	exo|febo|feio|felo|femo|feo
production-1993-vol1	206	62.0	waivets	<<waivets>> cece cece cece tere reer erect eee	waivers|waives
production-1993-vol1	207	1.2	eecce	forest immature <<eecce>> rece cere tee eee ceenetreserteesteetes xiil j	ecce|lecce|recce
production-1993-vol1	207	2.11	ereees	cece eect earn eee e rene rere <<ereees>> xiii i	trees
production-1993-vol1	207	5.15	anenee	e reece renner eb eb epee ener <<anenee>> xiii	annee
production-1993-vol1	207	6.8	eerere	courses nonprofit assessment of ececeee reece renee <<eerere>> xiii	severe
production-1993-vol1	207	8.5	erern	indebtedness evidence of cece ccc <<erern>> nen eeeerereseevesereenes xii	eren|erer|evern
production-1993-vol1	207	54.8	eneae	of exemption cess eeeeeen ere rere en <<eneae>> rene xii	enea|eneas
production-1993-vol1	208	1.7	eenene	assessment place of cece cece nere ee <<eenene>> been ecnenstteneces xi	venene
production-1993-vol1	208	3.1	waivets	classification <<waivets>> c es eee cree ne rest cece	waivers|waives
production-1993-vol1	208	11.3	xpta	improvement exclusion ceeeeeeeeeserereeveeesere <<xpta>> c	apta|epta|ipta|opta|ppta|pta
production-1993-vol1	208	23.8	xiha	change due to eminent domain proceedings etc <<xiha>> d	aiha|iha|jiha|miha|niha|piha
production-1993-vol1	208	28.8	xiila	energy system active construction or addition of <<xiila>> c	xila
production-1993-vol1	208	37.11	rereee	cerns cere reer ener t reese sere <<rereee>> xi ol	reree|rereel|rereeve
production-1993-vol1	208	48.10	reneeers	ec ereeeee reer een renee terre reer <<reneeers>> xii	renegers
production-1993-vol1	209	17.3	cccer	presentation to zovetmot <<cccer>> eres erence eeereeeeneter entree nee iv d	cicer
production-1993-vol1	209	53.12	eenertte	cece errr enter ere e nero vere <<eenertte>> vi	generate
production-1993-vol1	210	0.0	reserenaum	<<reserenaum>>	referendum
production-1993-vol1	210	14.9	maxiv	low rent approval of seeeecce cee eertreeeees <<maxiv>>	maxi|maxie|maxim|maxin|maxis
production-1993-vol1	210	34.5	ceeeree	vessels certain exemption from taxation <<ceeeree>> eens ener serene xiii	referee
production-1993-vol1	210	39.6	eeebee	legislative control of eeeeeveeeeeenere erent errant <<eeebee>> renters sees xii	beebee|eeeee|eeeeee|feeble
production-1993-vol1	210	42.0	efmition	<<efmition>> eee eter eee eee nen n tree	edition
production-1993-vol1	211	15.4	cceee	bonds etc registration of <<cceee>> sere ee reeeteen eee entteereeneeere xi b	aceee
production-1993-vol1	211	28.8	sakiv	projects low rent funds for s eceeneeeeeeevererneeee <<sakiv>>	sagiv|said|saki|sakib|sakic|sakie
production-1993-vol1	211	44.8	eenen	or affirmation of office c ccc eves <<eenen>> ener ere eeeneneneee xx	benen|denen|eeden|eeten|einen|enen
production-1993-vol1	211	50.6	eneener	composition of board of cceeerereceeeeneceeee reer <<eneener>> ewes ix a d	neener
production-1993-vol1	212	28.0	supetiol	<<supetiol>> coute te cee ee eee renee e	superior
production-1993-vol1	212	39.8	recone	exemption te prope rty cece eet tee <<recone>> ne eeee sees tren eenenees xiii p	rebone|recode|recoke|recon|recons|recore
production-1993-vol1	212	51.0	gisqualification	<<gisqualification>> ccevccceentce setter erenereenaanebenesenteeeeees ii	disqualification
production-1993-vol1	213	11.6	cesesee	minimum wages legislature s providing for <<cesesee>> eee eeeeee xiv	lessee
production-1993-vol1	213	13.11	rernes	ecer eee ee ere eee ereet teeters <<rernes>> xi	bernes|ernes|hernes|kernes|reines|renes
production-1993-vol1	213	17.10	neeere	cece eee e bere eee cee rene <<neeere>> tees ere rentne iv h	neuere
production-1993-vol1	213	17.13	rentne	bere eee cee rene neeere tees ere <<rentne>> iv h	renne|rentee
production-1993-vol1	213	29.6	ceeces	franchises collection of rates etc by <<ceeces>> eres ereeereeneeeeees x	ceecee
production-1993-vol1	213	36.10	enente	cseeeeere cece ee re knee renee renee <<enente>> xb c	entente|event|tenente
production-1993-vol1	213	38.8	rereee	and control as public utility seeeeeeteene eee <<rereee>> xii	reree|rereel|rereeve
production-1993-vol1	213	53.6	erenes	diversion from seeeeceeees cence renereereeee rec <<erenes>> xa	arenes|brenes|egenes|erene|erens|ernes
production-1993-vol1	220	26.0	lifor	<<lifor>>	cifor|ifor|libor|licor|lifer|lifo
production-1993-vol1	222	0.1	daghot	oh <<daghot>>	maggot
production-1993-vol1	235	6.4	sssesese	gray davis nsssvrssvesssersssrseerseerseessssserseeeerereesrees cometomlet <<sssesese>> reese los angeles	assessee
production-1993-vol1	235	16.1	shumante	joseph <<shumante>> ssescserssercsserssrrsssserssresssesssersseesssamessnesnsnnessvssnennennene deputy chief of staff external affairs	humane|shumate|spumante
production-1993-vol1	235	22.1	sydert	richard <<sydert>> sssecssssrseersserseeeseeesssnseecsssssecnsseresesssresssssieesssssonsssossssesnseerneenessene director of planning research	sybert
production-1993-vol1	235	24.1	vuksich	alexa <<vuksich>> ccssssserssreressreereersersverrsseresnrresreessnerssnectenecrrecseesrersnesnsnesssnessererssisnttsnrrnseneeennenne director of special projects	vuich
production-1993-vol1	235	34.5	difectot	burton w oliver cssecssccsssecssssererssereerennees exccuve <<difectot>> wesc sacramento	director
production-1993-vol1	236	52.3	ecessee	gallegly e ton <<ecessee>> r santa barbara ventura p o box	lessee
production-1993-vol1	236	56.0	somoma	<<somoma>> ssccorsessesrsveerserreenresseeeese	sfmoma|sodoma|somma|somona|somoza|sonoma
production-1993-vol1	237	3.0	trlare	<<trlare>> ecsecsssecsessssesssreessnrecsnencnneees fresno	tulare
production-1993-vol1	237	24.8	naglee	richard r ll sacramento san joaquin n <<naglee>> rd	nagle|nagler|nagles
production-1993-vol1	239	32.8	erringer	cathie full time r los angeles ventura <<erringer>> rd suite	berringer|derringer|erdinger|herringer
production-1993-vol1	239	44.5	rowons	secretary of senate cssseeereeerctssseee rick <<rowons>> csvercerreserceeeesnsnererrsvrne state capitol	rowans
production-1993-vol1	239	47.6	rovane	chief assistant secretary ccseeerresnereeee jot w <<rovane>> iv sessisssenecemeenenn state capito	roane|romane|rovan|roxane
production-1993-vol1	240	7.0	ownet	<<ownet>> ee reeteee suite cypress	onet|owlet|owne|owned|owner|ownes
production-1993-vol1	240	7.2	reeteee	ownet ee <<reeteee>> suite cypress	rentee
production-1993-vol1	241	44.0	klehs	<<klehs>> johan full time d alameda washington ave	klebs|klees|less
production-1993-vol1	242	10.0	venuta	<<venuta>> crserssseserecsees santa barbara	tenuta|veduta|veneta|venita|venta|venula
production-1993-vol1	242	35.7	hemstead	statham stan businessman rb butte colusa glenn <<hemstead>> dr suite	hamstead|hempstead|homestead
production-1993-vol1	243	23.1	zerne	hon <<zerne>> p having rseccsseeccsvreecsseeseessseversssnrersssereesesvsesssenseecseereesrsnerssersmersssmettiseetinminasersssensseerceey associate justice	berne|cerne|erne|ferne|gerne|herne
production-1993-vol1	245	6.3	ardaiz	hon james a <<ardaiz>> cscerssssecssesessesscsseesserssnserseressiresseesesersssersssensversessenessvsnsnnsnnestansererecereermerssrernnnsnennnn associate justice	ordain
production-1993-vol1	245	7.4	sssv	hon nickolas j dibiaso <<sssv>> scssssssssreeerrseesssereesssssnsseeeeessssnsnereereesssnssneiiserennnsnareerrneeenererrssnneneestssseneens associate justice	sss|sssa|sssc|sssh|sssi|sssp
production-1993-vol1	245	29.2	gannd	jane wie <<gannd>> csscssreeccssrrrsesereessnserennssseesssnveercersesssanereceravessesnveersenieressrasersserieesnessssasnecssnanieseneerirarsererssseeesnsaeresseroessseessenne member	annd|gaand|gand|gann|ganna|ganni
production-1993-vol1	250	16.4	oodruff	seastrand solis speier statham <<oodruff>>	woodruff
production-1993-vol1	250	31.5	klehs	costa eastin farr ferguson frazee <<klehs>>	klebs|klees|less
production-1993-vol1	250	63.0	rosent	<<rosent>> committee on local government	dosent|resent|rodent|rosen|rosene|rosens
production-1993-vol1	250	68.1	alguist	beverly <<alguist>>	algist|alquist
production-1993-vol1	250	74.1	gannigan	brulte <<gannigan>>	bannigan|hannigan|lannigan|yannigan
production-1993-vol1	250	80.3	agniar	cortese o j <<agniar>>	agnar|aguiar
production-1993-vol1	251	29.7	klehs	alpert baca boland bronshvag epple escutia ferguson <<klehs>> martinez and	klebs|klees|less
production-1993-vol1	252	3.0	klehs	<<klehs>> calderon	klebs|klees|less
production-1993-vol1	252	34.0	lderon	<<lderon>> craven hughes kopp hoge and mountjoy	deron|leron
production-1993-vol1	252	49.0	ppeier	<<ppeier>> goldsmith coauthor senator craven	speier
production-1993-vol1	252	51.0	jowles	<<jowles>> valerie brown	bowles|cowles|fowles|joles|jolles|joules
production-1993-vol1	252	67.0	largolin	<<largolin>> bergeson	margolin
production-1993-vol1	252	81.2	ssié	r bec <<ssié>> rrazpee	ssi|ssid|ssis
production-1993-vol1	253	15.4	lorrow	e boland roy farr <<lorrow>> hoge polanco and richter	borrow|morrow|sorrow
production-1993-vol1	253	71.1	houtia	g <<houtia>> areas	hostia|hutia
production-1993-vol1	254	29.1	ecorquodale	i <<ecorquodale>> committee on judiciary as presented br	mecorquodale
production-1993-vol1	254	57.2	shilll	and snyder <<shilll>> principal coauthor senator lewis	shill|shilla|shills|shilly|stilll
production-1993-vol1	254	76.2	presiey	ss cs <<presiey>> dills and watson coauthors assembly	presley|pressey
production-1993-vol1	254	80.2	sécdle	s swr <<sécdle>> wais peace	scale
production-1993-vol1	255	9.2	letie	kelley kopp <<letie>> lewis moody gi speer	etie|leftie|leite|lenie|lete|lethe
production-1993-vol1	255	28.5	raings	ee kove marie sopeiam i <<raings>> coauthor assembly member	raines|rains|rangs|ratings|ravings|rings
production-1993-vol1	255	49.3	loodruff	sl speier l <<loodruff>>	woodruff
production-1993-vol1	255	51.0	uinberg	<<uinberg>> coauthor assembly member statham	finberg|kinberg|winberg|zinberg
production-1993-vol1	255	70.1	cosdls	hrcs <<cosdls>> greene	costs
production-1993-vol1	256	5.4	presey	snyder coauthors senators h <<presey>>	presay|presby|prese|presee|presen|preses
production-1993-vol1	256	22.7	woodratt	archie hudson principal coauthor bates bowen and <<woodratt>>	woodrat|woodrats|woodyatt
production-1993-vol1	256	30.1	woodraf	and <<woodraf>> killea coauthor assembly member	woodrat
production-1993-vol1	256	38.3	uricpl	member sher rainey <<uricpl>> coat assembly	urinal
production-1993-vol1	257	25.1	apuackenbush	nolan <<apuackenbush>> weggeland and maddy	quackenbush
production-1993-vol1	257	46.1	mecorquodle	mello <<mecorquodle>> coauthor assembly	mecorquodale
production-1993-vol1	258	47.6	presdey	polanco and seastrand s b csé <<presdey>>	presley|pressey
production-1993-vol1	258	65.1	ppeier	isenberg <<ppeier>>	speier
production-1993-vol1	260	34.2	coau	pson ipa <<coau>> ators lem guitar en	cau|chau|clau|coa|coac|coad
production-1993-vol1	260	48.4	klehs	ayala roberti and rosenthal <<klehs>> bates hannigan o connell and	klebs|klees|less
production-1993-vol1	260	65.0	jauser	<<jauser>> committee on local government	causer|fauser|hauser|jasser|mauser|pauser
production-1993-vol1	261	30.3	mccorq	ills killea lockyer <<mccorq>> richter seastrand sher statham and	accord|mccord|mccort
production-1993-vol1	261	47.0	escul	<<escul>> ferguson horcher itano ingle	rescue|scul
production-1993-vol1	261	64.0	bnlte	<<bnlte>> moore	bolte
production-1993-vol1	261	74.4	rosenthaj	coauthors assembly members areias <<rosenthaj>>	rosenthal
production-1993-vol1	263	40.6	geson	d itano rainey snyder speier quist <<geson>> y	aeson|eson|geason|geison|gelon|gelson
production-1993-vol1	263	72.2	klehs	johnson jones <<klehs>> knight lee bergeson dills hill hughes leonard	klebs|klees|less
production-1993-vol1	264	4.1	bnlte	acr <<bnlte>> presley roberti rogers rosenthal	bolte
production-1993-vol1	264	22.3	klehs	horcher isenberg johnson <<klehs>> hayden marks presley rosenthal	klebs|klees|less
production-1993-vol1	264	32.1	lecnas	kopp <<lecnas>> lewis lockyer marks epple tia farr frazee	lenas
production-1993-vol1	264	57.6	kiehs	acr aguiar coauthor senator ayala katz <<kiehs>> knight knowles lee	kiehl|kiehls|kiehn|kiers|kies|niehs
production-1993-vol1	264	68.1	klehs	karnette <<klehs>> knight margolin boatwright johnston lley	klebs|klees|less
production-1993-vol1	264	77.5	klehs	greene hart hayden hill hughes <<klehs>> margolin martinez mcdonald	klebs|klees|less
production-1993-vol1	265	53.5	klehs	member katz coauthors senators jones <<klehs>> knight knowles lee	klebs|klees|less
production-1993-vol1	265	75.2	alguis	scr kopp <<alguis>> ayala beverly boatwright thompson torres watson wright	algis|alguns|anguis
production-1993-vol1	266	12.7	klehs	moore murray and tucker coauthors karnette katz <<klehs>> lee margolin	klebs|klees|less
production-1993-vol1	266	18.4	mabere	woodruff coauthors senators ayala <<mabere>> weggeland and woodruff	habere|mabee
production-1993-vol1	266	39.2	klehs	scr ayala <<klehs>> lee margolin mcdonald moore	klebs|klees|less
production-1993-vol1	266	48.5	klehs	coauthors assembly members baca acr <<klehs>> coauthor senator lockyer	klebs|klees|less
production-1993-vol1	266	56.6	klehs	fer frazee terry friedman karnette katz <<klehs>> lee mcdonald	klebs|klees|less
production-1993-vol1	266	59.3	klehs	isenberg karnette katz <<klehs>> vasconcellos coauthors senators	klebs|klees|less
production-1993-vol1	266	69.2	bomstein	acr eastin <<bomstein>> gotch hauser farr ferguson frazee barbara	borstein|botstein
production-1993-vol1	266	74.5	klehs	acr te friedman coauthors assembly <<klehs>> ight knowles lee margolin	klebs|klees|less
production-1993-vol1	267	2.8	klehs	vasconcellos weggeland and gotch harvey hi karnette <<klehs>>	klebs|klees|less
production-1993-vol1	273	17.1	milias	meyers <<milias>> brown act with respect to court employees	ilias|lilias|milas|milia|milian|milis
production-1993-vol1	275	7.0	maripoa	<<maripoa>> sessessesvvessssvevseessereevsssenssssssenssesorsnseceevens	mariposa
production-1993-vol1	275	8.1	cocino	men <<cocino>> csssesessersessssrscessersvsnersessesesseerenreatere	cochino|cocina|comino|corino|covino|tocino
production-1993-vol1	275	12.0	monhetey	<<monhetey>> scesessvscscessesserseeessesessssserseseeestsensesesees	monterey
production-1993-vol1	275	17.0	rivetsice	<<rivetsice>> ssssssssesecseerecsestensenessesnesesensescenesnenerses	riverside
production-1993-vol1	275	18.0	sactameneo	<<sactameneo>> cessssssesscsesscneevsesseseessesssseeseenseneeees	sacramento
production-1993-vol1	275	30.0	sictta	<<sictta>> ssseseserscccersessseresensescsncersesseenevsesensessersersseens	sitta
production-1993-vol1	275	33.0	somoma	<<somoma>> ssescecsesssesseccesenserssnsssessereeseeneenseessstertereatens	sfmoma|sodoma|somma|somona|somoza|sonoma
production-1993-vol1	276	2.0	alamedha	<<alamedha>> ssssseccsscssssesssercessessssecesesssssessessecestessvensenenteses	alameda
production-1993-vol1	276	21.0	mapinn	<<mapinn>> cssescosessesssescsereenecsenesoescecenssesnessorensversesnersesenenes	maginn|making
production-1993-vol1	276	22.1	tiposa	ma <<tiposa>> ssssesesessevsvevsersssscvsesvsoessreevevessensvenseaseonenennes	taposa|tinosa|tipos|tips
production-1993-vol1	276	23.0	mennocin	<<mennocin>> sssssesressssseesencsecsscsrssrersesvesssesessavsteecensens	mendocino
production-1993-vol1	276	27.0	monhetey	<<monhetey>> ssevsvceserssvevsvsessscsesesessssversossarssernevarserenseres	monterey
production-1993-vol1	277	2.0	somnoma	<<somnoma>> ccsssssersssessenesssssesscenensessenesacesseresssssensesesevacvesses	sonoma
production-1993-vol1	277	3.0	suelod	<<suelod>> ceseesesssesssseeserscserssssesserevecenseneseeseveseestesenensenss	sued|suelo
production-1993-vol1	283	1.0	ifany	<<ifany>> witness on the list is an expert	fany|ifan|ifans|imany|ivany|ofany
production-1993-vol1	319	48.0	ncnh	<<ncnh>>	cnh|nch|ncn|ncnb|ncnc|ninh
production-1993-vol1	347	7.3	darnaged	or replace the <<darnaged>> or destroyed dwelling in oiler to recover	carnaged
production-1993-vol1	347	7.11	conternied	or destroyed dwelling in oiler to recover <<conternied>>	concerned
production-1993-vol1	358	4.0	itisa	<<itisa>> misdemeanor for the state auditor or any	iisa|irisa|itia|itis|itsa|tisa
production-1993-vol1	380	48.0	anrh	<<anrh>>	anah|anch|andh|anh|ankh|anr
production-1993-vol1	394	48.0	aakn	<<aakn>>	aacn|aak|aake|aan|aarn|akan
production-1993-vol1	400	42.0	areld	<<areld>>	aread|ared|arel|arely|arend|arild
production-1993-vol1	412	37.0	rogp	<<rogp>>	ogp|rcgp|rgp|rog|roga|roge
production-1993-vol1	450	40.0	distributees	<<distributees>> beneficiaries or other persons acquiring either a	distributee|distributers|distributes
production-1993-vol1	456	48.0	fatoye	<<fatoye>>	fatone
production-1993-vol1	461	45.0	rrand	<<rrand>>	arand|brand|errand|frand|grand|orand
production-1993-vol1	474	47.0	carcn	<<carcn>>	caran|carc|carco|caren|carin|carn
production-1993-vol1	477	28.0	yoat	<<yoat>> v sssvscesreeere	boat|coat|doat|goat|hoat|koat
production-1993-vol1	477	35.0	yoat	<<yoat>> vessseverrereees	boat|coat|doat|goat|hoat|koat
production-1993-vol1	497	39.6	accruable	penalty shall apply to all tax <<accruable>> on the due date of the return	accrual
production-1993-vol1	532	45.0	qain	<<qain>>	ain|bain|cain|dain|fain|gain
production-1993-vol1	535	46.0	geagn	<<geagn>>	gean
production-1993-vol1	538	48.0	qerh	<<qerh>>	erh|perh|qeh|qere|qeri|verh
production-1993-vol1	540	40.0	nonwage	<<nonwage>> earner filing enforcement program the taxpayer	nonage
production-1993-vol1	544	2.4	overassessments	liability tax withheld deficiencies <<overassessments>> or tax	overassessment
production-1993-vol1	550	46.0	qqah	<<qqah>>	quah
production-1993-vol1	555	48.0	onrn	<<onrn>>	norn|nrn|onan|onen|onin|onn
production-1993-vol1	576	0.2	auocations	noncash patronage <<auocations>> were received	avocations
production-1993-vol1	579	49.0	oacen	<<oacen>>	acen|hacen|jacen|oaken|oaten
production-1993-vol1	581	9.0	nonelecting	<<nonelecting>> entity which alone or together with those	nonelective|nonerecting
production-1993-vol1	583	0.0	mcomme	<<mcomme>> lax	come|comme|momme
production-1993-vol1	589	16.1	listes	l <<listes>> negative tol	lises|liste|listed|listee|listel|listen
production-1993-vol1	594	0.0	wyutics	<<wyutics>>	nautics
production-1993-vol1	607	8.7	uncreamed	half and half or light sour cream <<uncreamed>> creamed or partially	increased|uncreased|uncreated|undreamed
production-1993-vol1	631	48.2	fmha	home administration <<fmha>> this provision is unnecessarily restrictive and would	cmha|faha|feha|fha|fma|fmea
production-1993-vol1	644	20.3	ocjp	proposals submitted to <<ocjp>> by other needy communities	cjp|ocp|ocsp
production-1993-vol1	645	0.5	ettorts	this action is consistent with <<ettorts>> to downsize state government and eliminate	extorts
production-1993-vol1	646	30.4	ndaf	street and highway account <<ndaf>>	daf|naf|nda|ndaa|ndas|ndf
production-1993-vol1	651	1.0	toau	<<toau>> ceseseeneccesercretscssnesccererscsesscssersseersssersessesesss	oau|tau|teau|thau|toa|toad
production-1993-vol1	653	39.0	azoncy	<<azoncy>> ecseecceseseeerseereerereveee	agency
production-1993-vol1	656	21.0	coumte	<<coumte>> seeececcccceeeeccereeesessesaeereceneenessssnanerseserenereees	comte|counte|courte
production-1993-vol1	656	25.0	couml	<<couml>> ceeccsesecceeeccoveeccnevecnasscessesereesensesseneeseseneeses	coul|coull|coum|couma|coupl|court
production-1993-vol1	658	0.0	ftovisions	<<ftovisions>>	provisions
production-1993-vol1	662	0.0	ftovisions	<<ftovisions>>	provisions
production-1993-vol1	666	23.7	equaliza	f or support of state board of <<equaliza>>	equalize
production-1993-vol1	671	17.0	inilto	<<inilto>> ceeececeeecescersveeereneee rons	into
production-1993-vol1	672	43.0	souid	<<souid>> scceccscceseccsevercsececsonescsess	couid|solid|souad|soud|soui|sould
production-1993-vol1	678	14.0	fottia	<<fottia>> eeeeceeeeesesevceaeeeceeeseeteverseees gu	fotia
production-1993-vol1	679	5.2	esecee	ining committee <<esecee>>	secre
production-1993-vol1	680	14.0	suiveyots	<<suiveyots>> cececsecceeeteesererereveeess	surveyors
production-1993-vol1	681	24.0	nuises	<<nuises>> seseceeeseeeeveneeveeeeecveeens	guises|noises|nurses
production-1993-vol1	684	13.1	ssse	item <<ssse>>	asse|esse|isse|nsse|osse|sase
production-1993-vol1	693	16.8	sesese	land act sec g rev fund s <<sesese>> e	seese|semese|senese
production-1993-vol1	693	27.0	crawins	<<crawins>> cceeceesseeresereeseesersess	crains
production-1993-vol1	694	25.0	soetvices	<<soetvices>> cscccseeeeeeeseesesecesesersees o	services
production-1993-vol1	694	30.0	sctve	<<sctve>> fu ccccccccsseseeseececcccsccceeneeeeeeseeeceesceeees	scove|scte|sctv
production-1993-vol1	702	13.0	agfaits	<<agfaits>> cccecccseeeseccceeesceeceenerececeuesvecscceserecetsnseerees	affairs
production-1993-vol1	702	16.0	ctans	<<ctans>> ccseceeeeneeceveeeeceeceseereeereere	cans|chans|clans|coans|crans|ctas
production-1993-vol1	702	19.0	ctads	<<ctads>> cseeeceeeveeneeeceneesoeenessenerenne	cads|chads|clads|ctas|ctds|octads
production-1993-vol1	702	22.0	isttalion	<<isttalion>> scececeereeceeecerereseereee	battalion
production-1993-vol1	702	41.0	fottia	<<fottia>> seceseeeveseeeeserececcevesseesesessteessrstsstessssessreeess	fotia
production-1993-vol1	702	44.0	ctans	<<ctans>> ccecceetesceseescereesseetsevesereeese	cans|chans|clans|coans|crans|ctas
production-1993-vol1	705	30.0	secutily	<<secutily>> cceceseeeeeeereneerverevesses	security
production-1993-vol1	706	12.0	thotis	<<thotis>> ccceveseereccencceeeresseessersecttesstestestsrerstrsserstereses	dhotis|thatis|thetis|this|thoits|thoris
production-1993-vol1	706	37.0	plostam	<<plostam>> cceeeveeceneeeevesuneeseeees	postal
production-1993-vol1	712	1.0	chotl	<<chotl>> eecseeeeeescenecrectecsssnesesscsersees og gs	choel|choil|chol|chool|chot|chota
production-1993-vol1	714	4.0	interre	<<interre>>	intere|interne|interred|interreg|interrer|interrex
production-1993-vol1	714	44.0	tiotl	<<tiotl>> ceeeeseeeeeeeererereereeseeeeere	tiote|titl
production-1993-vol1	731	1.0	pvea	<<pvea>>	avea|evea|paea|pdea|pea|plea
production-1993-vol1	734	0.0	ftovisions	<<ftovisions>>	provisions
production-1993-vol1	736	0.0	ltovisions	<<ltovisions>>	provisions
production-1993-vol1	744	43.0	colps	<<colps>> eceeseseeevescesccessesrersersessessssesersesseserereseses	clops|clps|colas|colds|coles|colis
production-1993-vol1	749	0.0	ftovisions	<<ftovisions>>	provisions
production-1993-vol1	752	16.0	valion	<<valion>> ccseccseceseceeecerersseccssceteccatctessetessessetsereeeeees	alion|calion|galion|talion|valign|valin
production-1993-vol1	766	38.0	seyuction	<<seyuction>> ccesceeeeeeesesereerererereee	seduction
production-1993-vol1	771	25.0	shuion	<<shuion>> cceeeeeceeeesereersetecsereesreeees	huion|shion|sion
production-1993-vol1	772	0.0	ftovisions	<<ftovisions>>	provisions
production-1993-vol1	777	5.0	ministtation	<<ministtation>> cccsseccersereresereeee	ministration
production-1993-vol1	778	2.0	imenl	<<imenl>> eeceeeeeceeecceeeseceecesreeeerereees	imen|imeni
production-1993-vol1	779	0.0	scnedaule	<<scnedaule>>	schedule
production-1993-vol1	779	2.0	opmene	<<opmene>> cceecseeessseeneneeeecennenes	opment
production-1993-vol1	789	25.0	setuction	<<setuction>> cceecceeeceeceecreecseerte	seduction
production-1993-vol1	790	34.0	tioti	<<tioti>> sceeceecceteneteecneresesetseteeserees	tinti|tiote|titi|titti|toti
production-1993-vol1	790	39.1	awiiigs	di <<awiiigs>> seeeveseeseererneeerevees	awnings
production-1993-vol1	797	34.0	comselvancy	<<comselvancy>> sccececcccencceneenseceeececersseenenaeneseeenes	conservancy
production-1993-vol1	798	26.0	opmene	<<opmene>> cceeeereceeeessevseeserveeves	opment
production-1993-vol1	807	0.0	ftovisions	<<ftovisions>>	provisions
production-1993-vol1	807	15.1	iwma	account <<iwma>> including information on	iama|ibma|icma|ifma|iima|ijma
production-1993-vol1	807	20.0	iwmaa	<<iwmaa>> and d the board s reasons for	iwama
production-1993-vol1	814	3.2	eeseees	plume cesses <<eeseees>>	lessees
production-1993-vol1	831	34.0	sotvices	<<sotvices>> ceseceeeeeeeeecnseesereeessetscsseeessstetssserssssseees	services
production-1993-vol1	833	29.1	sliag	grant <<sliag>> fund allocated	slag|slig|sling
production-1993-vol1	835	40.0	accounle	<<accounle>> cceecceeccevccsecnesenerensssnsnsoessenessaesaeseeeeans	accouple
production-1993-vol1	845	23.1	pccm	current <<pccm>> that became knox keene li	ccm|eccm|iccm|pcc|pccc|pccs
production-1993-vol1	845	29.5	pccm	all prepaid health plans and <<pccm>> plans oper	ccm|eccm|iccm|pcc|pccc|pccs
production-1993-vol1	847	11.0	ghpp	<<ghpp>> enrollment fees	gapp|gepp|ghp|ghrp|gipp|gpp
production-1993-vol1	857	6.1	ccee	tracts <<ccee>>	acee|cce|ccea|cced|cces|ccie
production-1993-vol1	864	0.0	ftrovisions	<<ftrovisions>>	provisions
production-1993-vol1	864	41.0	sctvices	<<sctvices>> ceeeecesesecersereeereseressere	services
production-1993-vol1	874	39.0	qtam	<<qtam>> eesseeserrrseerreertcrteererseee	atam|etam|itam|qam|qta|qtum
production-1993-vol1	875	0.0	frovisi	<<frovisi>> ns	proviso
production-1993-vol1	876	29.0	diawingzs	<<diawingzs>> seecevesesenenneeeeereres	drawings
production-1993-vol1	877	35.0	plojechs	<<plojechs>> eeeseseseeneereenerevees	projects
production-1993-vol1	877	45.0	plojechs	<<plojechs>> ceeeeseeeeeeeeecveceesenes	projects
production-1993-vol1	881	37.0	hhabilitation	<<hhabilitation>> ccccesceesesscseeeveceresevessssserssseseseee	habilitation
production-1993-vol1	895	19.3	sacss	child support system <<sacss>>	acss|sachs|sacks|sacs|sass|scss
production-1993-vol1	895	38.3	sacss	child support system <<sacss>>	acss|sachs|sacks|sacs|sass|scss
production-1993-vol1	896	14.0	qtam	<<qtam>> eeseeserceesoreeseeeerserevvseseees goo	atam|etam|itam|qam|qta|qtum
production-1993-vol1	901	24.0	tiom	<<tiom>> puind cccccceseessesseesseverreecersseesesseetetsseeeess	biom|fiom|iom|liom|riom|thom
production-1993-vol1	901	24.1	puind	tiom <<puind>> cccccceseessesseesseverreecersseesesseetetsseeeess	pind|poind|pund
production-1993-vol1	901	46.0	setuction	<<setuction>> scccccsecsceeveveceescesees	seduction
production-1993-vol1	904	8.0	comsttuction	<<comsttuction>> eeeceeeeeeeeeereneee	construction
production-1993-vol1	904	12.0	comsttuction	<<comsttuction>> ccccsesereseveeesereeee	construction
production-1993-vol1	904	28.0	sttuction	<<sttuction>> cccreeseresrerrteeeeereeeee	struction
production-1993-vol1	907	16.0	thotis	<<thotis>> sccceeceeveeescesecenecenstsesseesseessererepscaeeeeesseeeees	dhotis|thatis|thetis|this|thoits|thoris
production-1993-vol1	911	35.2	erree	working drawings <<erree>>	erre|erred|ferree|reree|verree
production-1993-vol1	928	38.4	sseee	grams for exceptional children <<sseee>>	seee|seeee
production-1993-vol1	929	5.0	setuction	<<setuction>> ccceceersesceeererrsereeese	seduction
production-1993-vol1	929	30.6	selpa	cial education local plan area s <<selpa>> pupil	salpa|sela|selca|selda|selia|selja
production-1993-vol1	930	6.5	subcaps	in provision waivers of the <<subcaps>>	hubcaps|subways
production-1993-vol1	930	20.0	selpa	<<selpa>> that additional units are necessary for	salpa|sela|selca|selda|selia|selja
production-1993-vol1	937	28.0	sotvices	<<sotvices>> ececcsecersercrereserserereeee	services
production-1993-vol1	938	25.0	ucaion	<<ucaion>> cccsecseeccesecesccevcceectereeensreveceseesestesereeseens	action
production-1993-vol1	944	34.7	asof	act or section of the government code <<asof>>	aof|asaf|asdf|asef|asf|asif
production-1993-vol1	947	12.0	tvalion	<<tvalion>> ccccseecereceeereeeseevceeveeeee	talion
production-1993-vol1	952	27.0	dyawiings	<<dyawiings>> ccseeseeceseseveeeeeaeererees	drawings
production-1993-vol1	953	14.0	setuction	<<setuction>> c s ceveerceecerceeverseeveee	seduction
production-1993-vol1	953	36.2	eccee	equipment s <<eccee>>	ecce|emcee
production-1993-vol1	954	2.0	setuction	<<setuction>> cc eeceesereercerserereevee	seduction
production-1993-vol1	955	11.0	setuction	<<setuction>> cccseeceeessereeeerreeereee	seduction
production-1993-vol1	958	0.0	ftovisions	<<ftovisions>>	provisions
production-1993-vol1	963	32.0	setuction	<<setuction>> ccceseeesseesee sen eeeee eens	seduction
production-1993-vol1	963	36.0	comsttuction	<<comsttuction>> cceeeceevceecen ees	construction
production-1993-vol1	963	40.0	comsttuction	<<comsttuction>> ececevseceeeeecenes	construction
production-1993-vol1	963	44.0	setuction	<<setuction>> e ccsevereeeecnenesenrees	seduction
production-1993-vol1	964	17.3	eccee	and construction s <<eccee>>	ecce|emcee
production-1993-vol1	964	30.4	phau	mic safety action plan <<phau>>	ahau|bhau|chau|hau|khau|pau
production-1993-vol1	965	4.4	hensil	mic safety action plan <<hensil>>	hensel|hensill
production-1993-vol1	966	17.0	sewerline	<<sewerline>> water distribution	sewerlike|sewerlines
production-1993-vol1	971	16.0	acaccmy	<<acaccmy>> cccccceccssssnseeevereeeesersecenaeseerereeeesetenanenes	academy
production-1993-vol1	974	27.1	opmene	ve <<opmene>> se ceeeessesserrereeceereees	opment
production-1993-vol1	975	4.0	opmene	<<opmene>> eeseeeeceeeessreoreesseveves	opment
production-1993-vol1	975	15.0	plostam	<<plostam>> cceeeeerveveeensersvenenereess	postal
production-1993-vol1	981	33.0	setuction	<<setuction>> cceeeceerereceeereessreeere	seduction
production-1993-vol1	982	4.0	setuchion	<<setuchion>> cceecsevereeeerereeerereese	seduction
production-1993-vol1	983	29.0	coomstruction	<<coomstruction>> secccceecreeeeees	construction
production-1993-vol1	984	11.0	cglawings	<<cglawings>> ecceccccssersensveeserscesens	clawings
production-1993-vol1	984	25.1	arawins	working <<arawins>> cccercereees	arains
production-1993-vol1	988	37.0	setuction	<<setuction>> cccecceseeeseeeeeresereees p	seduction
production-1993-vol1	989	5.0	gawings	<<gawings>> ccccceeeeessreeeeeeees	gaywings
production-1993-vol1	991	20.0	cquipmene	<<cquipmene>> seeeeeereereceeevees	equipment
production-1993-vol1	992	9.0	structiona	<<structiona>> facility construc	struction
production-1993-vol1	1002	41.0	plojechs	<<plojechs>> cseecesereccssecsevecseesssrsressesersersesseerssetsesee	projects
production-1993-vol1	1004	13.0	plojocts	<<plojocts>> eccccccccerenssvssseceeeeeveesecaeeasuenseeerereseses	projects
production-1993-vol1	1010	38.0	minnisttation	<<minnisttation>> cccsereeseescereees	ministration
production-1993-vol1	1010	42.0	wtkke	<<wtkke>> ps ccceeeeesecerseeecsseseveseese	take
production-1993-vol1	1014	24.0	agcministration	<<agcministration>> ccscccssscrssssctsecennsscenaresenevesens	administration
production-1993-vol1	1018	16.0	seyuction	<<seyuction>> ceccsercnescrserenereerenes	seduction
production-1993-vol1	1018	18.0	setuction	<<setuction>> ecsecseeccneneeerreceeeereens	seduction
production-1993-vol1	1021	12.6	revolv	payable from the harbors and watercraft <<revolv>>	evolv|resolv|revol|revolt|revolu|revolve
production-1993-vol1	1024	7.0	imonl	<<imonl>> cecceeveveee	among|imon|imong
production-1993-vol1	1026	0.0	ltovisions	<<ltovisions>>	provisions
production-1993-vol1	1027	15.0	flconomy	<<flconomy>> seccceeeeeesereeeneeeees	economy
production-1993-vol1	1029	31.7	jlbc	ever lesser time the chairperson of the <<jlbc>>	jbc|jdbc|jlb|jlc|jtbc|lbc
production-1993-vol1	1030	22.0	toses	<<toses>> cccsseecccecenreccceettessereeanseeeeens	boses|doses|hoses|joses|koses|loses
production-1993-vol1	1030	24.0	imomis	<<imomis>> scecesecceeeecnneeecenneceeneees	amomis|immi
production-1993-vol1	1030	26.0	cquipmenl	<<cquipmenl>> csecereveeeeeeeeereceens	equipment
production-1993-vol1	1030	31.2	seceees	marijuana records <<seceees>>	secedes
production-1993-vol1	1030	33.0	tanice	<<tanice>> eeeeeeveeesersecenvcnnerenecnreeene	anice|canice|danice|janice|tance|tanica
production-1993-vol1	1031	38.0	mdso	<<mdso>> recom	adso|dmso|dso|maso|mcso|mdo
production-1993-vol1	1032	10.1	nouces	act <<nouces>> cccceeereeeeeetereeeeee	noces|nonces|nouses
production-1993-vol1	1032	18.1	pfesumption	ccf <<pfesumption>> cccceeeeeveres	presumption
production-1993-vol1	1032	20.0	covices	<<covices>> eeeeesseennneoteetvennenveneens	codices|novices
production-1993-vol1	1032	25.0	suivecys	<<suivecys>> scesecceevenrecareeneseeecsereranes	surveys
production-1993-vol1	1033	43.2	recommitments	a dmso <<recommitments>> ch stats	recommitment
production-1993-vol1	1036	13.0	tecots	<<tecots>> cescccevcesvcenreesercenceneceees	tests
production-1993-vol1	1039	13.6	pvea	percent of the total liheap grant <<pvea>> fund	avea|evea|paea|pdea|pea|plea
production-1993-vol1	1039	29.0	wotkets	<<wotkets>> ceeererererererereese lo percent	workers
production-1993-vol1	1039	31.3	petcene	ptortams ccccccesrereeseeveeee ge <<petcene>>	percent
production-1993-vol1	1040	2.2	csbg	block grant <<csbg>> contractors as a result of	cabg|cbg|cdbg|csb|csbs|csg
production-1993-vol1	1040	4.1	csbg	for <<csbg>> programs in fiscal year	cabg|cbg|cdbg|csb|csbs|csg
production-1993-vol1	1043	6.0	sistanice	<<sistanice>> cececseseceesersaeeseeeeeeeee	distance
production-1993-vol1	1048	4.0	pemsation	<<pemsation>> eeecesesessererecesereeeestessertevsessesssesersevees	cessation
production-1993-vol1	1051	0.0	ftovisions	<<ftovisions>>	provisions
production-1993-vol1	1070	42.0	ndaf	<<ndaf>> voecccccssssessssssvessseersreeeeee	daf|naf|nda|ndaa|ndas|ndf
production-1993-vol1	1073	18.4	sliag	ization impact assistance grant <<sliag>> funds the sum of four	slag|slig|sling
production-1993-vol1	1074	24.7	sliag	of the amount available for expenditure from <<sliag>> funds	slag|slig|sling
production-1993-vol1	1074	28.3	sliag	the expenditure from <<sliag>> funds for program activities	slag|slig|sling
production-1993-vol1	1075	11.2	sliag	e all <<sliag>> reimbursable costs shall be identified to ensure	slag|slig|sling
production-1993-vol1	1075	12.5	sliag	california s allotment of federal <<sliag>> funds is maximized	slag|slig|sling
production-1993-vol1	1075	32.8	sliag	each state department which receives or administers <<sliag>>	slag|slig|sling
