production-1937-vol1-chapters	1510	33.0	dpinate	<<dpinate>> the term private school or college of	spinate
production-1937-vol1-chapters	1510	37.0	weome	<<weome>> leaning by local application or pressing or	wecome|werme|whome|wome
production-1937-vol1-chapters	1511	26.9	miswet	coal tar distillate type and the chlorinated <<miswet>>	misset|miswed
production-1937-vol1-chapters	1511	38.9	iavle	viscous powdered or solid product or substance <<iavle>>	iave|pavle
production-1937-vol1-chapters	1512	34.0	sabizn	<<sabizn>> of operate a cleaning and dyeing shop	sabian|sabin|sabion
production-1937-vol1-chapters	1513	38.12	sqret	of a cleaning and dyeing shop or <<sqret>>	siret|soret|spret|sqrt|stret
production-1937-vol1-chapters	1515	11.10	appnea	day of july and annually thereafter not <<appnea>>	apnea|appea
production-1937-vol1-chapters	1515	21.10	apphea	the date this act becomes effective every <<apphea>>	appea
production-1937-vol1-chapters	1515	50.1	bantt	a <<bantt>>	banat|bandt|bant|banta|bante|banti
production-1937-vol1-chapters	1518	3.0	quartes	<<quartes>> workroom or storeroom of a cleaning and	quarles|quarte|quarter|quarters|quartet|quartets
production-1937-vol1-chapters	1518	19.0	samtation	<<samtation>> every office workroom storeroom or other room	saltation
production-1937-vol1-chapters	1521	14.11	teane	any person who engages in the busi <<teane>>	beane|deane|jeane|keane|leane|meane
production-1937-vol1-chapters	1521	40.4	redistilled	sively clarified filtered distilled <<redistilled>> settled washed	distilled|redistiller
production-1937-vol1-chapters	1524	47.0	anplica	<<anplica>> f application for such license shall be	anglica|applica|replica
production-1937-vol1-chapters	1527	35.6	struetion	lishment except one employing exclusively noncombustible <<struetion>>	struction
production-1937-vol1-chapters	1529	2.9	bunding	hazardous building shall be constructed in accord <<bunding>>	banding|bending|binding|bonding|bounding|budding
production-1937-vol1-chapters	1529	37.9	intene	than bearing walls all interior division walls <<intene>>	indene|inten|intend|intende|intenet|intens
production-1937-vol1-chapters	1530	5.1	yior	openings <<yior>> division walls or partitions separating hazardous rooms	dior|fior|ior|lior|mior|nior
production-1937-vol1-chapters	1535	16.10	ferlod	of such leases shall not exceed twenty <<ferlod>>	period
production-1937-vol1-chapters	1540	13.0	toroters	<<toroters>> in the voting square next to the	tooters
production-1937-vol1-chapters	1548	41.0	gereased	<<gereased>> section section is hereby added to the	greased
production-1937-vol1-chapters	1550	40.0	moratormm	<<moratormm>> chattel mortgages to extend the statute of	moratorium
production-1937-vol1-chapters	1551	33.10	eapirution	shall remain in effect only until july <<eapirution>>	expiration
production-1937-vol1-chapters	1554	41.0	wftaves	<<wftaves>> second monday in august of each year	waves
production-1937-vol1-chapters	1557	6.10	tumgs	carries or sends into a prison jail <<tumgs>> useful	tugs|tums
production-1937-vol1-chapters	1558	0.0	cunmtative	<<cunmtative>> when a prisoner has imposed upon him	cunctative
production-1937-vol1-chapters	1559	26.9	reuuetion	otherwise provided in this section every prisoner <<reuuetion>>	reduction
production-1937-vol1-chapters	1561	42.10	conttions	prison terms and paroles upon granting any <<conttions>>	condtions
production-1937-vol1-chapters	1565	37.9	eftecting	bond may be exchanged for its correspond <<eftecting>>	effecting
production-1937-vol1-chapters	1568	3.0	markingson	<<markingson>> sec it shall be unlawful for any	markings|markinson
production-1937-vol1-chapters	1568	20.0	petrreum	<<petrreum>> uct shall not be sold offered for	petroleum
production-1937-vol1-chapters	1569	10.10	labehng	bottles used for dispensing lubricating or motor <<labehng>>	labeling
production-1937-vol1-chapters	1572	16.0	nmeson	<<nmeson>> deliver into any tank pump container or	meson|neeson
production-1937-vol1-chapters	1573	40.10	specin	shall conform substantially to the following gin <<specin>>	speci|specia|specie|specif
production-1937-vol1-chapters	1575	43.11	relabelng	unlawful for any person to place store <<relabelng>>	relabeling
production-1937-vol1-chapters	1582	13.0	reviewon	<<reviewon>> ict where a new trial was denied	review
production-1937-vol1-chapters	1583	27.0	ertminal	<<ertminal>> assaults	criminal
production-1937-vol1-chapters	1583	38.5	umtorm	an act to repeal sections <<umtorm>>	storm
production-1937-vol1-chapters	1585	35.9	fugitwe	of this state may also surrender on <<fugitwe>> out	fugitive
production-1937-vol1-chapters	1588	17.0	notlee	<<notlee>> of immediately upon the arrest of the	notley
production-1937-vol1-chapters	1589	0.11	jitment	of the time specified in the war <<jitment>>	fitment
production-1937-vol1-chapters	1590	30.0	appreation	<<appreation>> duplicate and shall be accompanied by two	appreciation
production-1937-vol1-chapters	1592	5.0	honality	<<honality>> void such invalidity shall not affect the	tonality|zonality
production-1937-vol1-chapters	1592	9.0	imendied	<<imendied>> accident reports	amended
production-1937-vol1-chapters	1593	0.1	ouerses	ing <<ouerses>>	ourses
production-1937-vol1-chapters	1594	9.0	overstors	<<overstors>> the age of twenty one years having	overstore|overstory
production-1937-vol1-chapters	1596	21.0	heense	<<heense>> to any person	heene|heese|hense
production-1937-vol1-chapters	1597	25.9	stsning	be signed and carried a bevery per <<stsning>> and	stoning
production-1937-vol1-chapters	1599	0.9	restreted	s negligence imputed to signer of application <<restreted>>	restricted
production-1937-vol1-chapters	1599	19.8	lmtation	double liability because parent is owner of <<lmtation>>	litation|lutation
production-1937-vol1-chapters	1599	29.8	ipdica	code and to amend section thereof relating <<ipdica>>	indica
production-1937-vol1-chapters	1601	5.13	mumination	or a separate lamp shall be so <<mumination>>	lumination|nomination|rumination
production-1937-vol1-chapters	1604	20.0	supenn	<<supenn>> see the secretary of state shall appoint	upenn
production-1937-vol1-chapters	1605	26.10	investfga	the duty of the superintendent of collection <<investfga>>	investiga
production-1937-vol1-chapters	1605	47.5	duiv	december of the previous year <<duiv>> verified by the licensee	diiv|div|driv|dui|duie|duim
production-1937-vol1-chapters	1607	28.13	prileges	of any loan secured by a oe <<prileges>>	privileges
production-1937-vol1-chapters	1608	25.1	venele	when <<venele>> ec whenever any member of the california	venene|venere|venule
production-1937-vol1-chapters	1618	13.0	preceee	<<preceee>> for the formation of any harbor district	precede
production-1937-vol1-chapters	1618	31.0	veneles	<<veneles>> shall be admitted in evidence with the	veneres|venetes|venules
production-1937-vol1-chapters	1623	8.10	tonens	sought to be attached is registered under <<tonens>> une	ponens|tenens|tokens|toners|tones|tonnes
production-1937-vol1-chapters	1623	36.9	exceptiont	the sufficiency of the sureties and their <<exceptiont>>	exception|exceptions
production-1937-vol1-chapters	1629	9.10	fosene	such foreign corporations be authorized by the <<fosene>>	rosene
production-1937-vol1-chapters	1632	14.0	kererees	<<kererees>> pon motion of either party or on	referees
production-1937-vol1-chapters	1634	6.0	iretom	<<iretom>> disability in lieu of dismissal the judgment	ireton
production-1937-vol1-chapters	1635	19.0	ereditor	<<ereditor>>	creditor
production-1937-vol1-chapters	1640	36.0	crpariner	<<crpariner>> the license issued to it entitles one	copartner
production-1937-vol1-chapters	1641	12.9	remstate	reinstatement of a license within the fiscal <<remstate>>	redstate|restate
production-1937-vol1-chapters	1647	21.10	ptier	thereof and the retirement allowance may be <<ptier>>	pier|piter|pitier|plier|potier|prier
production-1937-vol1-chapters	1648	27.0	pandaval	<<pandaval>> in the event any member withdraws from	pandava|pandavas
production-1937-vol1-chapters	1648	31.0	pemption	<<pemption>> all moneys received by any person as	emption
production-1937-vol1-chapters	1650	6.0	boniied	<<boniied>> sn sec any district organized under this	bonded
production-1937-vol1-chapters	1650	7.0	ptedness	<<ptedness>> time to time as hereinafter provided incur	piedness
production-1937-vol1-chapters	1654	28.0	caland	<<caland>> payable semiannually the board of directors may	acland|aland|calan|calland|carland|daland
production-1937-vol1-chapters	1655	20.8	cancetation	such outstanding bonds shall be refunded they <<cancetation>>	cancelation|canceration
production-1937-vol1-chapters	1658	24.0	withinor	<<withinor>> gate international exposition in carrying out the	within
production-1937-vol1-chapters	1659	46.10	inecor	territorial limits of any county or anv <<inecor>>	incor|incur
production-1937-vol1-chapters	1664	3.0	nobiee	<<nobiee>> nance notice of such election shall be	nobile|notice
production-1937-vol1-chapters	1675	4.12	snuity	received and prior to the date fixed <<snuity>>	suity
production-1937-vol1-chapters	1677	43.7	refundng	section any bonded indebtedness consisting of out <<refundng>>	refunding
production-1937-vol1-chapters	1678	41.0	tomtend	<<tomtend>> or city and county of this state	commend
production-1937-vol1-chapters	1680	45.0	palifies	<<palifies>> the proceedings to refund the indebtedness of	pacifies
production-1937-vol1-chapters	1684	37.0	siala	<<siala>> sec section of said act is hereby	biala|diala|fiala|piala|saala|saila
production-1937-vol1-chapters	1685	30.9	formof	bonds shall be issued in substantially the <<formof>>	formol
production-1937-vol1-chapters	1688	10.0	aururie	<<aururie>> sec when all or any part of	aurure
production-1937-vol1-chapters	1689	25.0	veedings	<<veedings>> on or before the date the resolution	feedings|seedings
production-1937-vol1-chapters	1693	0.0	aceds	<<aceds>> tnuereon	acads|acds|aced|acedy|acers|aces
production-1937-vol1-chapters	1693	0.1	tnuereon	aceds <<tnuereon>>	thereon
production-1937-vol1-chapters	1693	34.10	midgment	found due upon such bonds or coupons <<midgment>>	judgment
production-1937-vol1-chapters	1695	7.12	resssess	been deeded to the city for delin <<resssess>>	reassess
production-1937-vol1-chapters	1697	21.10	preeure	election precinct or unable to vote therein <<preeure>>	precure|presure
production-1937-vol1-chapters	1703	30.9	cleetion	school district or junior college district governed <<cleetion>>	election
production-1937-vol1-chapters	1712	2.0	newatice	<<newatice>> section a new article is hereby added	negative
production-1937-vol1-chapters	1715	43.8	sermce	person in a position requiring certification qualifi <<sermce>> for	servce
production-1937-vol1-chapters	1717	25.4	ifany	interest coupons attached thereto <<ifany>> any and all expense expense	fany|ifan|ifans|imany|ivany|ofany
production-1937-vol1-chapters	1721	41.10	termn	the retirement board on any appli p <<termn>>	teran|teren|term|terma|terman|terme
production-1937-vol1-chapters	1723	7.12	retery	shall be subject to review and ratification <<retery>>	petery|reter|retry|rettery|revery
production-1937-vol1-chapters	1723	10.0	dlute	<<dlute>> fixed by the board but payment prior	clute|dilute|doute|elute|flute|glute
production-1937-vol1-chapters	1723	25.9	moitaly	adopt upon the recommendation of a qualified <<moitaly>>	monthly
production-1937-vol1-chapters	1723	31.11	aetuariat	convenient form such data as shall be <<aetuariat>>	actuarial
production-1937-vol1-chapters	1724	8.0	sormce	<<sormce>> f shall fix the minimum time per	sorce
production-1937-vol1-chapters	1725	0.4	forelen	during war with any <<forelen>> power or when required to serve	foreleg|foremen
production-1937-vol1-chapters	1725	17.2	herau	for membership <<herau>> in other states of the united states	berau|erau|heiau|hera|heran|heras
production-1937-vol1-chapters	1726	41.0	reurement	<<reurement>> the retirement investment board is hereby created	recrement
production-1937-vol1-chapters	1729	1.10	fesignation	notice in writing to the retirement board <<fesignation>>	designation|resignation
production-1937-vol1-chapters	1729	28.8	purnsing	member and beneficiary shall be subject to <<purnsing>>	pursing
production-1937-vol1-chapters	1734	17.0	offunds	<<offunds>> forthwith by the retirement board in the	offends
production-1937-vol1-chapters	1735	6.11	wstments	than the correct amount of contribution a <<wstments>>	vestments
production-1937-vol1-chapters	1736	14.0	remitanees	<<remitanees>> jf such members are employed by any	remittances
production-1937-vol1-chapters	1736	36.0	orretiree	<<orretiree>> ship in the retirement system through a	retiree
production-1937-vol1-chapters	1737	49.11	esunated	probated if no amount were due from <<esunated>>	educated
production-1937-vol1-chapters	1739	4.9	applicatlo	the retirement board stating what time not <<applicatlo>>	applicatio
production-1937-vol1-chapters	1739	11.11	retum	been out of the public school service <<retum>> to	fretum|rectum|regum|rerum|resum|retam
production-1937-vol1-chapters	1741	11.9	mdividual	provided in this section the person s <<mdividual>>	dividual
production-1937-vol1-chapters	1742	6.0	reuement	<<reuement>> ment allowance shall begin to accrue upon	recement
production-1937-vol1-chapters	1742	16.0	ayowance	<<ayowance>> ance granted under the provisions hereof shall	allowance|avowance
production-1937-vol1-chapters	1742	31.0	tlonality	<<tlonality>>	tonality
production-1937-vol1-chapters	1746	7.0	beboo	<<beboo>> every elector resident of the school district	baboo|bebo|bebog|bebop|below|deboo
production-1937-vol1-chapters	1746	13.0	peeistration	<<peeistration>> calls any election provided for by this	registration
production-1937-vol1-chapters	1747	36.10	retums	election shall fill out the blanks given <<retums>>	rectums
production-1937-vol1-chapters	1751	21.7	mestiga	the state department of education shall annually <<mestiga>>	mestia|mestiza
production-1937-vol1-chapters	1751	36.2	juunion	chapter v <<juunion>> colleas courses or study	junion
production-1937-vol1-chapters	1751	36.3	colleas	chapter v juunion <<colleas>> courses or study	collas|collens|colles|colless|collets
production-1937-vol1-chapters	1751	43.9	celleees	grades and may include courses of instruction <<celleees>>	colleges
production-1937-vol1-chapters	1755	21.9	menream	necessary school supplies and equipment other than <<menream>>	merriam
production-1937-vol1-chapters	1756	1.0	requisiuons	<<requisiuons>> pon proper evidence of the receipt by	requisitions
production-1937-vol1-chapters	1756	42.0	eode	<<eode>>	beode|bode|code|dode|eade|edde
production-1937-vol1-chapters	1759	18.4	ministrate	be allowed by law <<ministrate>>	magistrate
production-1937-vol1-chapters	1761	0.8	hiteen	as such n going only per mile <<hiteen>> cents	hiten|hitmen
production-1937-vol1-chapters	1761	28.9	pastnet	district attorney two thousand dollars per annum <<pastnet>>	fastnet|pastner|postnet
production-1937-vol1-chapters	1763	21.8	giats	amended or organized pursuant to the drainage <<giats>>	fiats|gaits|gats|geats|ghats|giants
production-1937-vol1-chapters	1766	16.0	habullty	<<habullty>> trier of any such storm drain improvements	hability
production-1937-vol1-chapters	1766	25.0	speaal	<<speaal>> tax of transfer the board of supervisors	speal
production-1937-vol1-chapters	1767	38.8	distnet	district attorney two thousand four hundred dol <<distnet>>	distent
production-1937-vol1-chapters	1769	50.8	atiet	district attorney two thousand dollars per annum <<atiet>>	atget|atie|atilt|atit|tiet
production-1937-vol1-chapters	1773	15.8	gupersors	supervisor one thousand eight hundred dollars per <<gupersors>>	superiors
production-1937-vol1-chapters	1777	24.8	dstnet	district attorney four thousand five hundred dollars <<dstnet>>	dotnet
production-1937-vol1-chapters	1778	29.0	chainmen	<<chainmen>> at a salary not to exceed five	chainman|chairmen
production-1937-vol1-chapters	1778	32.9	chainmen	he expended for ajj such field engineers <<chainmen>>	chainman|chairmen
production-1937-vol1-chapters	1782	8.5	fisea	eighth eighty ninth and ninetieth <<fisea>> vears on the bonds of	fisa|fise|fiser|fisma|isea
production-1937-vol1-chapters	1783	39.10	vmanas	for the granting by legislative bodies of <<vmanas>>	manas|vimanas|vranas
production-1937-vol1-chapters	1783	48.12	bices	franchise to any person firm ot fo <<bices>>	bice|bicep|biceps|biches|bicks|bics
production-1937-vol1-chapters	1791	34.10	preuny	solicitor in the transaction of insurance cover <<preuny>>	pruny
production-1937-vol1-chapters	1794	0.5	quallhed	a the applicant is properly <<quallhed>> to perform the	quashed
production-1937-vol1-chapters	1797	3.8	durersion	funds received by any insurance agent broker <<durersion>>	diversion
production-1937-vol1-chapters	1798	29.0	notlee	<<notlee>> any notice required to be given by	notley
production-1937-vol1-chapters	1800	17.0	welester	<<welester>> every permit issued under this article expires	elester|selester|semester
production-1937-vol1-chapters	1801	40.10	wnout	engages in the bail bond business without <<wnout>>	anout|inout|knout|nout|snout|wout
production-1937-vol1-chapters	1803	3.0	cuaprer	<<cuaprer>> bam licrnszs	chapter
production-1937-vol1-chapters	1803	15.5	dcenses	a bail agent s licenses <<dcenses>>	censes
production-1937-vol1-chapters	1803	18.9	meense	solicit negotiate and effect undertakings of bail <<meense>>	meenie|meens|meese|mense
production-1937-vol1-chapters	1804	7.0	appomt	<<appomt>> agent s license a bail solicitor s	apport
production-1937-vol1-chapters	1804	29.0	caneella	<<caneella>> the bond herein required may be continuous	canella|cannella
production-1937-vol1-chapters	1804	35.0	heense	<<heense>> missioner an application in such form and	heene|heese|hense
production-1937-vol1-chapters	1805	3.0	elary	<<elary>> capacity or to maintain the standards of	alary|clary|eary|elara|elay|flary
production-1937-vol1-chapters	1805	21.8	gypiration	previously suspended or revoked by the com <<gypiration>>	expiration
production-1937-vol1-chapters	1807	20.11	hearme	board of supervisors shall hear the peti <<hearme>>	heare|hearne|hearse|heaume
production-1937-vol1-chapters	1813	32.11	omecrs	shall he elected by the qualified electors <<omecrs>>	omers
production-1937-vol1-chapters	1816	43.0	fetiton	<<fetiton>> hoard of supervisors as in this section	petition
production-1937-vol1-chapters	1819	0.10	appointecs	mileage ihe secretary of the senate may <<appointecs>>	appointees
production-1937-vol1-chapters	1823	26.0	reation	<<reation>> areas including natural reservations parks parkways	creation|eration|ration|reaction|reaktion|rection
production-1937-vol1-chapters	1823	41.8	pubue	services and facilities showing general plans for <<pubue>>	pube
production-1937-vol1-chapters	1826	24.0	noticeand	<<noticeand>> safety and general welfare before adopting any	noticed
production-1937-vol1-chapters	1827	34.0	enange	<<enange>> shall have been referred to the planning	enage|enrange
production-1937-vol1-chapters	1827	47.10	pewng	said act is hereby amended to read <<pewng>>	peng|pewing
production-1937-vol1-chapters	1829	1.9	hearmes	for a report thereon before making any <<hearmes>>	harmes|hearnes|hearses|heaumes|hermes
production-1937-vol1-chapters	1829	31.10	conantions	legislative body unless such street a has <<conantions>>	conditions
production-1937-vol1-chapters	1830	8.0	dutyof	<<dutyof>> ensuing fiscal vear the planning commission shall	duty
production-1937-vol1-chapters	1837	32.11	swent	gross income from sources within this wn <<swent>>	gwent|iwent|scent|seent|sent|slent
production-1937-vol1-chapters	1842	14.0	obsoles	<<obsoles>> i a reasonable allowance for the exhaustion	obsolete
production-1937-vol1-chapters	1849	25.11	fiuue	to make and file a return required <<fiuue>>	figue|fique|fiume
production-1937-vol1-chapters	1854	49.0	ecentum	<<ecentum>> ver annum as follows	centum
production-1937-vol1-chapters	1859	50.1	shhn	so <<shhn>>	hhn|sahn|sehn|shahn|shan|shen
production-1937-vol1-chapters	1861	25.9	alminster	commissioner shall administer and enforce the tax <<alminster>>	administer|axminster|elminster|ilminster
production-1937-vol1-chapters	1864	9.0	hubited	<<hubited>> tions specified in sections and of this	cubited|habited
production-1937-vol1-chapters	1864	15.0	adminstra	<<adminstra>> sc the board shall administer and enforce	administra
production-1937-vol1-chapters	1865	27.7	penity	sec any person firm partnership or corporation <<penity>>	lenity|penty
production-1937-vol1-chapters	1868	49.0	subdwisions	<<subdwisions>> sec the legislative body of any city	subdivisions
production-1937-vol1-chapters	1870	31.0	mickeon	<<mickeon>> shall appear on the final map and	mckeon
production-1937-vol1-chapters	1873	44.11	sereement	agreement for the improvement of the streets <<sereement>>	agreement
production-1937-vol1-chapters	1875	18.11	shswes	provisions of this act for the purpose <<shswes>>	showes
production-1937-vol1-chapters	1875	36.12	honality	for any reason held to be unconstitutional <<honality>>	tonality|zonality
production-1937-vol1-chapters	1876	11.0	vowlable	<<vowlable>> sec anv sale or contract to seli	voidable|volable
production-1937-vol1-chapters	1880	0.3	deiaults	adjustment of these <<deiaults>> therefore to meet this con	defaults
production-1937-vol1-chapters	1884	0.0	interlocu	<<interlocu>> material evidence as may be offered at	interlock
production-1937-vol1-chapters	1888	47.0	inalty	<<inalty>> liquidation refinancing or readjustment is dismissed or	nalty|penalty
production-1937-vol1-chapters	1890	50.0	eeedings	<<eeedings>> against such person on said charge and	feedings|seedings
production-1937-vol1-chapters	1895	37.9	alterntue	to inclusive of this act shall take <<alterntue>>	alternate
production-1937-vol1-chapters	1898	25.1	gedled	provisions <<gedled>> or changed by any certificate strument or	gelded|gelled
production-1937-vol1-chapters	1900	2.0	comty	<<comty>> an act to provide for the creation	cmty|coaty|comay|comby|comey|comfy
production-1937-vol1-chapters	1902	45.0	whenact	<<whenact>> passed by four fifths vote of its	enact
production-1937-vol1-chapters	1904	6.0	onicers	<<onicers>> popular vote must file application with the	officers
production-1937-vol1-chapters	1904	45.0	reoras	<<reoras>> system shall become assets and records of	regras|remoras
production-1937-vol1-chapters	1906	15.0	actuaral	<<actuaral>> se an actuarial valuation shall be made	actuarial
production-1937-vol1-chapters	1908	14.0	retuement	<<retuement>> ees retirement fund is hereby created to	retirement
production-1937-vol1-chapters	1908	23.0	varrants	<<varrants>> fund shall be signed by the treasurer	arrants|vagrants|variants|warrants
production-1937-vol1-chapters	1908	41.0	secounts	<<secounts>> treasurer shall keep such records and accounts	recounts
production-1937-vol1-chapters	1909	5.10	serst	board of retirement shall have any personal <<serst>> m	erst|ferst|gerst|herst|kerst|seest
production-1937-vol1-chapters	1912	7.0	appreprate	<<appreprate>> visors to make such appropriations and transfers	appropriate
production-1937-vol1-chapters	1912	14.0	pistnet	<<pistnet>> sec when as heretofore provided any district	postnet
production-1937-vol1-chapters	1916	17.0	cancetation	<<cancetation>> ability beneficiary be canceled for any cause	cancelation|canceration
production-1937-vol1-chapters	1917	12.9	nommation	person while a member or after retirement <<nommation>>	commation
production-1937-vol1-chapters	1917	20.9	tarenes	the nominated beneficiary can not be determined <<tarenes>>	arenes
production-1937-vol1-chapters	1917	49.12	ofallow	in payments which are equal to or <<ofallow>>	fallow
production-1937-vol1-chapters	1918	13.0	arhele	<<arhele>> portion of the retirement or death benefit	adhere|ariele
production-1937-vol1-chapters	1924	48.0	remttance	<<remttance>> deliver the return together with a remittance	remittance
production-1937-vol1-chapters	1925	0.0	nereunder	<<nereunder>>	hereunder
production-1937-vol1-chapters	1925	21.11	pevaltes	of the deficiency for which the addi <<pevaltes>>	penalties
production-1937-vol1-chapters	1927	18.11	relnstate	operator shall be reinstated by the board <<relnstate>>	reinstate
production-1937-vol1-chapters	1927	47.11	vemele	the full amount of the license tax <<vemele>>	jemele|semele
production-1937-vol1-chapters	1930	27.0	andsale	<<andsale>> personal subject to the lien of said	andale|handsale|landsale
production-1937-vol1-chapters	1931	6.10	venieles	license tax interest and penalties and thereafter <<venieles>>	vehicles
production-1937-vol1-chapters	1935	6.9	definitwns	in this article the substances and mixtures <<definitwns>>	definitions
production-1937-vol1-chapters	1935	40.9	tekne	may take a sample not exceeding two <<tekne>>	teine|teke|tekke|tekle|tekna|tekno
production-1937-vol1-chapters	1935	41.1	amples	oy <<amples>>	ambles|amiles|ample|ampler|amplest|ampules
production-1937-vol1-chapters	1937	1.10	equaliza	as prescribed by the state board of <<equaliza>> of state	equalize
production-1937-vol1-chapters	1939	49.11	btectm	the excise tax herein imposed should be <<btectm>>	tecum
production-1937-vol1-chapters	1940	49.0	retums	<<retums>> by very retailer maintaining a place of	rectums
production-1937-vol1-chapters	1941	19.7	retums	every person purchasing tangible personal property the <<retums>> by	rectums
production-1937-vol1-chapters	1941	37.12	remttane	amount of tax herein imposed and not <<remttane>>	remittance
production-1937-vol1-chapters	1947	10.11	protmbited	against this state or against any officer <<protmbited>>	prohibited
production-1937-vol1-chapters	1948	45.0	aeatve	<<aeatve>> effect immediately provided however that the provisions	leave
production-1937-vol1-chapters	1950	33.0	forfeilures	<<forfeilures>> collecting fines or forfeitures under this act	forfeitures
production-1937-vol1-chapters	1953	45.10	fsemption	shall not apply to sales at wholesale <<fsemption>>	exemption
production-1937-vol1-chapters	1954	32.0	ofuses	<<ofuses>> writing over his signature by registered mail	fuses|onuses|opuses
production-1937-vol1-chapters	1954	50.0	opli	<<opli>> camphorata commonly known as paregoric which may	oali|obli|oli|olli|onli|opi
production-1937-vol1-chapters	1954	50.1	camphorata	opli <<camphorata>> commonly known as paregoric which may	camphorate
production-1937-vol1-chapters	1955	46.10	lostor	shall be made to appear to the <<lostor>>	lestor|lotor
production-1937-vol1-chapters	1958	3.0	voanet	<<voanet>> department of finance and shall be accompanied	loaned
production-1937-vol1-chapters	1966	18.1	olicv	assessments <<olicv>> in excess of three times the amount	olic|oliv
production-1937-vol1-chapters	1973	13.5	pauciflorus	aeyilops spp sand bur cenchrus <<pauciflorus>> nut grass	pauciflorous
production-1937-vol1-chapters	1973	17.4	fabago	syrian bean caper zygophyllum <<fabago>> mallow malva sp	farago
production-1937-vol1-chapters	1973	25.4	curassa	perforatum wild heliotrope heliotropium <<curassa>>	crassa
production-1937-vol1-chapters	1973	26.0	vieum	<<vieum>> matrimony vine lycium sp white horse nettle	vieux|vinum|virum|visum
production-1937-vol1-chapters	1973	40.10	procam	plants shall be named in said proclamation <<procam>>	proam|procom|progam|program
production-1937-vol1-chapters	1976	37.0	timection	<<timection>> service means a milk inspection unit and	direction
production-1937-vol1-chapters	1978	12.0	heense	<<heense>> fee purpose of maintaining an approved milk	heene|heese|hense
production-1937-vol1-chapters	1979	19.11	zerrt	once each month shall report to the <<zerrt>>	zerr
production-1937-vol1-chapters	1982	31.0	wmrans	<<wmrans>> transporter transporter is a person engaged	means
production-1937-vol1-chapters	1986	39.0	cauen	<<cauen>> from bulk lots without displaying a plainly	auen|bauen|caden|caen|cahen|calen
production-1937-vol1-chapters	1987	11.0	subeontainers	<<subeontainers>> bear proper certificate to the effect that	subcontainers
production-1937-vol1-chapters	1987	40.12	siuleo	in the shell eggs of the qual <<siuleo>>	sileo
production-1937-vol1-chapters	1987	43.7	mislabeliny	it is unlawful to mislabel any eggs <<mislabeliny>>	mislabeling
production-1937-vol1-chapters	1988	6.0	tndieation	<<tndieation>> it is unlawful to sell or represent	indication
production-1937-vol1-chapters	1988	7.0	srecles	<<srecles>> eggs from any other species of fowl	species
production-1937-vol1-chapters	1988	22.0	msnection	<<msnection>> tainer subcontainer lot load or display of	section
production-1937-vol1-chapters	1992	46.0	ferentials	<<ferentials>>	perennials
production-1937-vol1-chapters	1998	31.0	duanter	<<duanter>> section a new chapter to be numbered	daunter
production-1937-vol1-chapters	2001	16.3	dracaenas	grades for palms <<dracaenas>> grasses and folli rates ete	dracaena|dracenas
production-1937-vol1-chapters	2002	6.0	gaarental	<<gaarental>> height of standard or stem shall be	parental
production-1937-vol1-chapters	2003	4.9	cnmbing	roses grade no large shall have or <<cnmbing>>	combing
production-1937-vol1-chapters	2008	29.0	pohes	<<pohes>> california in rate making to be pursued	poes|poges|poher|pokes|poles|pomes
production-1937-vol1-chapters	2008	37.0	molred	<<molred>> act is involved the commission shall consider	modred|molded|molted|moored
production-1937-vol1-chapters	2010	45.0	miteton	<<miteton>> denied by the deposit with the railroad	milton|mitton
production-1937-vol1-chapters	2012	36.0	hergmg	<<hergmg>> common carrier shall charge demand collect or	herem
production-1937-vol1-chapters	2012	46.0	caehts	<<caehts>> carrier or any officer or agent thereof	cents
production-1937-vol1-chapters	2015	0.9	cumnal	highway carrier other than a highway common <<cumnal>>	canal|cumal|cumhal|cuminal
production-1937-vol1-chapters	2026	21.0	ofclams	<<ofclams>> exclusively for the payment of claims arising	clams
production-1937-vol1-chapters	2027	49.8	fxense	such association shall keep an expense fund <<fxense>>	fense|flense
production-1937-vol1-chapters	2029	1.10	jrortuary	provisions of this chapter are not sufficient <<jrortuary>>	mortuary
production-1937-vol1-chapters	2029	37.8	vinmm	such association shall maintain at least one <<vinmm>>	vinum
production-1937-vol1-chapters	2031	11.7	sfatemet	every certificate issued on or after january <<sfatemet>>	statement
production-1937-vol1-chapters	2032	5.0	tepeaied	<<tepeaied>> license fee approved december relating to	repealed
production-1937-vol1-chapters	2032	6.0	ensupance	<<ensupance>>	ensuance|insurance
production-1937-vol1-chapters	2033	7.9	suors	of life or disability insurance or annuity <<suors>>	shors|sors|sours|sudors|suor|suos
production-1937-vol1-chapters	2034	25.1	pohey	ani <<pohey>> policy shall contain a provision that the	ohey|poey|pogey|poher|pokey|poley
production-1937-vol1-chapters	2034	46.0	nabintes	<<nabintes>> employee or the beneficiary thereunder shail not	cabinets
production-1937-vol1-chapters	2036	27.0	piewh	<<piewh>> person within this state shall not transact	piech|pieh
production-1937-vol1-chapters	2036	36.0	condht	<<condht>> suns a surplus line broker may solicit	condit|conduct
production-1937-vol1-chapters	2036	46.0	msurance	<<msurance>> paragraph where the insurance is actually placed	esurance|insurance
production-1937-vol1-chapters	2039	45.7	prrect	a stipulation and agreement filed pursuant to <<prrect>> ot	arrect|porrect
production-1937-vol1-chapters	2041	24.10	wortsage	is of mortgages it shall be accompanied <<wortsage>>	mortgage
production-1937-vol1-chapters	2042	5.1	heuof	yr <<heuof>> lieu of such bond securities of the	hereof
production-1937-vol1-chapters	2044	7.0	dvuends	<<dvuends>> plan of any portion of the premium	depends
production-1937-vol1-chapters	2044	9.0	commssons	<<commssons>> b the payment of commission by any	commissions
production-1937-vol1-chapters	2044	30.0	miusival	<<miusival>> have made premium payments for a period	musical
production-1937-vol1-chapters	2044	31.0	nelces	<<nelces>> year directly to the insurer at its	neces|neices|nelles
production-1937-vol1-chapters	2044	34.1	punsa	cur <<punsa>> h the paying by any life insurer	pansa|pensa|ponsa|puasa|pulsa|puna
production-1937-vol1-chapters	2044	39.0	altees	<<altees>> on insurance premiums payable by its employees	alters|altes
production-1937-vol1-chapters	2046	47.0	tasize	<<tasize>> paid in capital represented by outstanding shares	taize
production-1937-vol1-chapters	2049	0.6	coprine	db be pecuniarily interested as principal <<coprine>> pal	caprine|coprime|coprinae|corine|corrine|cotrine
production-1937-vol1-chapters	2050	46.2	ocets	on collateral <<ocets>> in the purchase of any of the	cets|octets|octs|odets
production-1937-vol1-chapters	2051	44.9	dutret	may invest in bonds of any perma <<dutret>>	duret|duties
production-1937-vol1-chapters	2051	45.11	aniswn	this state and such bonds of districts <<aniswn>>	arisen
production-1937-vol1-chapters	2053	13.10	astret	division or any district of any state <<astret>>	astre|astrea|astrer|astrut|stret
production-1937-vol1-chapters	2053	32.9	fegerai	investments may be made in the stock <<fegerai>>	federal
production-1937-vol1-chapters	2055	44.11	cmplover	which for some portion of a day <<cmplover>>	employer
production-1937-vol1-chapters	2060	29.0	iireto	<<iireto>> fail or refuse to make any contributions	hereto
production-1937-vol1-chapters	2063	14.9	wimesses	shal he excused from attending and testifying <<wimesses>>	witnesses
production-1937-vol1-chapters	2063	23.10	iummoe	any penalty or forfeiture for or on <<iummoe>>	summon
production-1937-vol1-chapters	2064	20.0	ofrecords	<<ofrecords>> sion referee or deputy upon demand a	records
production-1937-vol1-chapters	2067	26.8	mnta	fund to consist of all moneys appropriated <<mnta>>	anta|enta|inta|manta|mata|mbta
production-1937-vol1-chapters	2067	27.13	createc	this state from the united states nd <<createc>>	create|created|creater|creates|creatic
production-1937-vol1-chapters	2071	0.4	lteserves	to system of unneemplloyment <<lteserves>>	reserves
production-1937-vol1-chapters	2082	16.0	nioog	<<nioog>> sec section of the act cited in	niog
production-1937-vol1-chapters	2082	50.1	darehy	p <<darehy>> amended to read as follows	darey
production-1937-vol1-chapters	2083	10.10	istealian	assets in the unemployment fund the benefit <<istealian>>	italian
production-1937-vol1-chapters	2084	49.0	offunds	<<offunds>> fond in excess of current requirements and	offends
production-1937-vol1-chapters	2087	20.11	gatate	the state civil service including the adap <<gatate>> chel	gagate|gatame|patate|state
production-1937-vol1-chapters	2091	41.0	seribed	<<seribed>> thereunder and may inspect any state institution	scribed|serifed
production-1937-vol1-chapters	2092	6.0	practiceand	<<practiceand>> sec all hearings and investigations authorized in	practiced
production-1937-vol1-chapters	2093	16.9	mteage	the hearing or investigation shall be entitled <<mteage>>	metage
production-1937-vol1-chapters	2095	8.10	mcration	in the state civil service shall be <<mcration>>	moration
production-1937-vol1-chapters	2097	14.8	apromt	appointments to vacant positions shall be made <<apromt>>	prompt|promt
production-1937-vol1-chapters	2098	9.0	quabfies	<<quabfies>> fo determining the fitness and qualifications of	qualifies
production-1937-vol1-chapters	2099	4.9	pistnet	board may divide the state into districts <<pistnet>>	postnet
production-1937-vol1-chapters	2101	25.9	probationan	appointment from an eligible list or promo <<probationan>>	probation|probational
production-1937-vol1-chapters	2105	1.12	eotons	with or without pay to serve aa <<eotons>>	eatons
production-1937-vol1-chapters	2105	35.8	dperatio	whenever any machine used by any depart <<dperatio>>	operatio|operation
production-1937-vol1-chapters	2106	21.0	amnations	<<amnations>> shall be permitted to take any state	agnations
production-1937-vol1-chapters	2108	5.0	nenmg	<<nenmg>> that the lay off has not been	neng|ning
production-1937-vol1-chapters	2108	27.0	seechy	<<seechy>> to the public service service hy mail	beechy|reechy|seech|sleechy|speech
production-1937-vol1-chapters	2108	40.0	fitng	<<fitng>> and charges must be made in writing	fing|fitn|fitna
production-1937-vol1-chapters	2108	42.0	cifie	<<cifie>> act or acts of the employee constituting	cirie|citie|fifie|wifie
production-1937-vol1-chapters	2109	32.11	reheau	from and after receipt by him of <<reheau>>	rehead|reheal|reheap|rehear|reheat|reneau
production-1937-vol1-chapters	2110	33.0	iicay	<<iicay>> shall be paid to any one appointed	iica
production-1937-vol1-chapters	2110	45.0	withex	<<withex>> himself or in cooperation with one or	withe|withed|withen|wither|withes|withey
production-1937-vol1-chapters	2111	24.9	potticn	for the purpose of therein making collecting <<potticn>>	portion
production-1937-vol1-chapters	2112	8.0	cifie	<<cifie>> sex may he reserved to that sex	cirie|citie|fifie|wifie
production-1937-vol1-chapters	2112	18.0	actuites	<<actuites>> other activity or enterprise inconsistent or incompatible	actuates
production-1937-vol1-chapters	2112	25.2	decone	and smn <<decone>> eligible for appointment by attaining the passing	debone|decane|decene|decode|decoke|decon
production-1937-vol1-chapters	2112	29.2	nonveterans	of all <<nonveterans>> passing such examinations and shall be	nonveteran
production-1937-vol1-chapters	2117	6.10	heanng	terms of such written contract if the <<heanng>>	heang
production-1937-vol1-chapters	2119	4.8	shortenng	the director is satisfied either by investigation <<shortenng>>	shortening
production-1937-vol1-chapters	2122	20.0	mrectory	<<mrectory>> this act the real estate commissioner shall	rectory
production-1937-vol1-chapters	2122	33.0	ollows	<<ollows>>	allows|follows|hollows|ollow
production-1937-vol1-chapters	2127	1.10	jeyre	commissioner shall notify in writing the re <<jeyre>>	eyre|feyre|jere|jerre|jeyne|peyre
production-1937-vol1-chapters	2127	2.12	reiotme	license of the charges against him o <<reiotme>>	remote
production-1937-vol1-chapters	2127	13.13	temperay	on an application for a broker s <<temperay>>	tempera|temperas|tempery
production-1937-vol1-chapters	2127	14.9	neense	commissioner upon the request of the applicant <<neense>>	neese
production-1937-vol1-chapters	2128	9.0	nmnended	<<nmnended>>	amended
production-1937-vol1-chapters	2133	0.5	manutac	puted only on the gallonage <<manutac>>	manual|manufac
production-1937-vol1-chapters	2134	31.0	ieensees	<<ieensees>> ject to the provisions of section of	licensees
production-1937-vol1-chapters	2140	12.0	rermice	<<rermice>> br within the premises for which such	service
production-1937-vol1-chapters	2141	10.12	ponaity	penalty as the board may by regu <<ponaity>>	penalty
production-1937-vol1-chapters	2142	41.0	rectifler	<<rectifler>> ete for which such rectifier s or	rectifier
production-1937-vol1-chapters	2142	47.1	puble	quasi <<puble>> than one mile outside the limits of	buble|dpuble|duble|pable|poble|pubble
production-1937-vol1-chapters	2143	14.9	heense	manufactures distilled spirits within or without this <<heense>>	heene|heese|hense
production-1937-vol1-chapters	2144	26.0	vanable	<<vanable>> see any applicant for an off sale	anable|sanable|venable
production-1937-vol1-chapters	2144	29.0	tustilled	<<tustilled>> fee required or such larger fee as	distilled
production-1937-vol1-chapters	2144	30.0	theense	<<theense>> off sale retail package distilled spirits licensees	theese
production-1937-vol1-chapters	2146	34.0	manufae	<<manufae>> any wine or beer is sold by	manual|manufa|manufac
production-1937-vol1-chapters	2147	50.8	eplrats	any person except a distilled spirits manufac <<eplrats>> not	plats
production-1937-vol1-chapters	2148	33.0	additiona	<<additiona>> rectifier s or distilled spirits wholesaler s	addition|additional|additions
production-1937-vol1-chapters	2148	40.0	porteror	<<porteror>> the twentieth day of each succeeding month	portero
production-1937-vol1-chapters	2148	44.0	seribe	<<seribe>> together with such other information the board	scribe|seribu|serie|serine
production-1937-vol1-chapters	2154	29.0	cumulatare	<<cumulatare>> sec f it is expressly provided that	cumulative
production-1937-vol1-chapters	2156	10.0	retifer	<<retifer>> or tilled spirits were purchased and excise	retier|retirer|rotifer
production-1937-vol1-chapters	2160	5.0	adminstra	<<adminstra>> see the board shall administer all of	administra
production-1937-vol1-chapters	2161	18.1	filect	prices <<filect>> hy a licensee shall be effective immediately	filet
production-1937-vol1-chapters	2161	28.11	eeion	price schedule so filed shall be ae <<eeion>>	deion|eion|elion|enion|erion|keion
production-1937-vol1-chapters	2163	41.12	boues	in which the premises in question are <<boues>>	blues|boces|bodes|boes|bogues|boies
production-1937-vol1-chapters	2165	35.10	rehearme	days after receipt by the board of <<rehearme>>	rehearse
production-1937-vol1-chapters	2165	42.10	teriew	affected by any ruling order or deci <<teriew>> by	terie
production-1937-vol1-chapters	2166	35.0	notlee	<<notlee>> of see it shall be the duty	notley
production-1937-vol1-chapters	2169	43.10	forresture	peace officer of this state upon seizing <<forresture>>	forfeiture
production-1937-vol1-chapters	2171	27.10	taners	package or container thereof upon which shall <<taners>>	caners|laners|maners|takers|talers|tamers
production-1937-vol1-chapters	2178	25.0	shipmentsin	<<shipmentsin>> sec where alcoholic beverages are brought into	shipments
production-1937-vol1-chapters	2179	9.10	sectw	section to be numbered is hereby nex <<sectw>>	sect|secta|secti|sects|secty
production-1937-vol1-chapters	2181	21.8	penewncy	hundred forty nine dollars and seventy cents <<penewncy>> x	pendency
production-1937-vol1-chapters	2185	0.12	appropris	the tax deeded land rental fund there <<appropris>>	appropri
production-1937-vol1-chapters	2185	22.0	elidel	<<elidel>> nedeng av appropriation to the department of	elide|elided|elides|eliel
production-1937-vol1-chapters	2185	22.1	nedeng	elidel <<nedeng>> av appropriation to the department of motor	neden|neneng
production-1937-vol1-chapters	2191	48.0	ecoverv	<<ecoverv>> value of mines	ecover
production-1937-vol1-chapters	2193	22.11	compenns	annual accounting period fiscal year or cal <<compenns>>	comments|compens
production-1937-vol1-chapters	2194	2.10	followmg	the fifteenth day of the third month <<followmg>>	followme
production-1937-vol1-chapters	2194	43.0	failureto	<<failureto>> return or the due date as extended	failure
production-1937-vol1-chapters	2202	31.0	cumulatwe	<<cumulatwe>> state shall be cumulative and that no	cumulate
production-1937-vol1-chapters	2202	36.0	withholung	<<withholung>> sec the commissioner whenever he deems it	withholding
production-1937-vol1-chapters	2204	22.0	venaity	<<venaity>> phrase of this act which is reasonably	venality
production-1937-vol1-chapters	2205	49.7	aoume	section the sum of is hereby appropriated <<aoume>>	aome|asume|koume
production-1937-vol1-chapters	2207	38.9	termmation	after retirement for disability a retired jus <<termmation>>	termination
production-1937-vol1-chapters	2209	40.9	sxpemes	expenses of administration of this act shall <<sxpemes>> ot	schemes
production-1937-vol1-chapters	2210	28.1	iimg	quel <<iimg>> is hereby appropriated to be paid as	iig|iim|iima|iimc|iims|iing
production-1937-vol1-chapters	2212	31.0	meluding	<<meluding>> warrants issued registered and sold under the	deluding|eluding|melding
production-1937-vol1-chapters	2214	8.0	rtrer	<<rtrer>> controller shall determine in writing that there	rarer|rorer|rter
production-1937-vol1-chapters	2214	38.0	regntiation	<<regntiation>> subdivision b hereof such warrants on the	negotiation
production-1937-vol1-chapters	2216	18.0	negob	<<negob>> sec all registered warrants hereafter issued pursuant	begob|nego
production-1937-vol1-chapters	2217	9.8	smeim	immunized by the serum virus method shal <<smeim>>	seim
production-1937-vol1-chapters	2219	23.12	moitia	to add two new sections to be <<moitia>>	militia|mitia|moitra|montia
production-1937-vol1-chapters	2223	11.8	equaliza	for expenditure by the state board of <<equaliza>> spmopia	equalize
production-1937-vol1-chapters	2224	12.1	seclin	new <<seclin>> sec a new section is hereby added	beclin|declin|secalin|sechin|secline|selin
production-1937-vol1-chapters	2230	6.0	foreenent	<<foreenent>> dy the board in carrying out the	forcement
production-1937-vol1-chapters	2230	9.1	pyiations	natedby <<pyiations>> there is hereby appropriated out of the	plications
production-1937-vol1-chapters	2230	10.0	goemor	<<goemor>> tax fund the sum of or so	goemon|goemot
production-1937-vol1-chapters	2231	4.10	jentuna	thirty six and one half per cent <<jentuna>>	ventura
production-1937-vol1-chapters	2235	3.11	fleate	in this act defined shall within cert <<fleate>>	flete|fluate|oleate
production-1937-vol1-chapters	2235	5.9	subserip	compensation of any kind or solicit any <<subserip>>	subserve
production-1937-vol1-chapters	2237	17.8	judielal	every order decision certificate or other official <<judielal>>	judicial
production-1937-vol1-chapters	2237	33.8	opportuntt	provide for the regulation supervision and licensing <<opportuntt>>	opportunit|opportunity
production-1937-vol1-chapters	2240	0.0	appropra	<<appropra>> fund moneys which shall be paid into	appropre|appropri
production-1937-vol1-chapters	2241	29.11	meense	applicant setting forth the period of time <<meense>>	meenie|meens|meese|mense
production-1937-vol1-chapters	2243	34.10	leenve	thirtieth inclusive and shall expire on june <<leenve>>	leave
production-1937-vol1-chapters	2245	26.12	tempra	called on an application for a business <<tempra>>	sempra|temora|tempa|tempera|tempora|tempre
production-1937-vol1-chapters	2247	31.11	satemu	for a violation of any of the <<satemu>> s	satem
production-1937-vol1-chapters	2248	30.0	siolaton	<<siolaton>> believe from evidence satisfactory to him that	violation
production-1937-vol1-chapters	2250	20.0	dseascs	<<dseascs>> lish and maintain in the department of	diseases
production-1937-vol1-chapters	2251	28.4	inguinale	ilis gonorrhea chancroid lymphogranuloma <<inguinale>> and defined	inguinal
production-1937-vol1-chapters	2251	29.1	inguinale	granuloma <<inguinale>>	inguinal
production-1937-vol1-chapters	2251	35.8	promul	such necessary rules and regulations as are <<promul>> resuations	prompt
production-1937-vol1-chapters	2251	35.9	resuations	necessary rules and regulations as are promul <<resuations>>	regulations
production-1937-vol1-chapters	2251	39.8	pemmam	the state department of public health may <<pemmam>>	emma
production-1937-vol1-chapters	2252	2.0	chnies	<<chnies>> sec the state department of public health	chines|conies
production-1937-vol1-chapters	2255	17.10	cuava	caravaning as used in this act shal <<cuava>>	cava|chava|clava|cuala|cudava|cueva
production-1937-vol1-chapters	2256	11.0	nemts	<<nemts>> act shall be valid for a period	emts|neats|neets|nemes|nemos|nems
production-1937-vol1-chapters	2257	10.10	caravaned	by him for sale which has been <<caravaned>> over	caravan
production-1937-vol1-chapters	2258	8.0	satisz	<<satisz>> ane of motor vehicles upon the public	satis|satisf|satisfy|satish
production-1937-vol1-chapters	2262	29.0	pavisory	<<pavisory>> provision for the establishment of an advisory	advisory|pavisor
production-1937-vol1-chapters	2264	13.0	essecl	<<essecl>> foodstuff covered by such order	essec|essel|vessel
production-1937-vol1-chapters	2265	37.10	divesit	may require each and every person directly <<divesit>>	divest
production-1937-vol1-chapters	2266	2.0	ofmeness	<<ofmeness>> ited in the department of agriculture fund	offenses
production-1937-vol1-chapters	2267	25.12	olators	any city attorney may upon his own <<olators>>	orators
production-1937-vol1-chapters	2268	2.0	cumulatne	<<cumulatne>> respect to any violation mentioned herein shail	cumulate
production-1937-vol1-chapters	2271	12.11	tnller	or so much thereof as may be <<tnller>>	taller|teller|tiller|toller|tuller
production-1937-vol1-chapters	2274	14.0	corelstion	<<corelstion>> thereupon the director of finance shall ascertain	corelation|correlation
production-1937-vol1-chapters	2275	20.9	appromn	sum of ninety seven thousand nine hun <<appromn>>	approve
production-1937-vol1-chapters	2275	28.8	condtuns	the expenditure herein authorized of the moneys <<condtuns>>	condemns
production-1937-vol1-chapters	2278	17.0	voestional	<<voestional>> article there is hereby appropriated from any	vocational
production-1937-vol1-chapters	2279	14.11	cumeal	of this act a clinical laboratory is <<cumeal>>	cumal|cumhal|cuneal|meal
production-1937-vol1-chapters	2279	45.10	cnnieal	purpose of this act a clinical laboratory <<cnnieal>>	conceal
production-1937-vol1-chapters	2281	41.9	armpn	fund which fund is hereby created al <<armpn>>	arman|armen|armin|armon
production-1937-vol1-chapters	2282	36.0	keneat	<<keneat>> sec an act entitled an act relating	geneat|kenet
production-1937-vol1-chapters	2287	19.11	stysj	said act is hereby amended to read <<stysj>>	stys
production-1937-vol1-chapters	2287	38.13	eatary	of the state and to the ona <<eatary>>	datary|eataly|eatery|tatary
production-1937-vol1-chapters	2290	1.0	fielary	<<fielary>> shall have no more right to such	dietary
production-1937-vol1-chapters	2290	3.5	durmg	which are payable for time <<durmg>> which salary is not paid and	durag|durg|durig|durm|durng
production-1937-vol1-chapters	2290	16.9	reeov	proceeding under said section and any amount <<reeov>>	recov|remov|remove
production-1937-vol1-chapters	2292	6.0	offunds	<<offunds>> as its distributive share of the amounts	offends
production-1937-vol1-chapters	2293	21.8	weprction	eight thousand five hundred dollars out of <<weprction>>	depiction
production-1937-vol1-chapters	2301	11.9	golection	finance for office accommodations for the superintendent <<golection>>	bolection|colection
production-1937-vol1-chapters	2303	38.0	opria	<<opria>>	apria|opia|opra|oria|poria|pria
production-1937-vol1-chapters	2304	25.0	cammetti	<<cammetti>> of any money in the state treasury	caminetti
production-1937-vol1-chapters	2304	38.0	nahonal	<<nahonal>> is hereby appropriated out of any money	natonal
production-1937-vol1-chapters	2306	6.0	rewling	<<rewling>> appropriated out of any money in the	jewling|mewling|newling|rawling|reeling|refling
production-1937-vol1-chapters	2309	0.9	aersael	of said act s hereby amended ana <<aersael>>	aerial
production-1937-vol1-chapters	2310	31.0	onstit	<<onstit>> see if any section sentence clause or	constit|instit
production-1937-vol1-chapters	2312	0.0	goee	<<goee>> opment extraction removal and	coee|gee|geee|ghee|glee|gobe
production-1937-vol1-chapters	2317	0.0	nereunder	<<nereunder>> r	hereunder
production-1937-vol1-chapters	2318	8.0	quitelaims	<<quitelaims>> at any time after the drilling of	quitclaims
production-1937-vol1-chapters	2318	9.0	tostate	<<tostate>> required to be drilled under such lease	costate|testate|tomtate
production-1937-vol1-chapters	2319	42.11	sceurtty	bids shall in this form be presented <<sceurtty>>	security
production-1937-vol1-chapters	2321	33.10	tysine	other operations is carried on directly by <<tysine>>	lysine|tsine
production-1937-vol1-chapters	2327	35.0	ollows	<<ollows>>	allows|follows|hollows|ollow
production-1937-vol1-chapters	2329	37.0	ertv	<<ertv>> used in the trade or business to	crtv|drtv|edtv|erev|ert|erta
production-1937-vol1-chapters	2329	43.12	pepletior	mines oil and gas wells other natural <<pepletior>>	depletion
production-1937-vol1-chapters	2330	10.0	measiré	<<measiré>> income which has been included in the	measure
production-1937-vol1-chapters	2330	31.0	andloan	<<andloan>> return paid or credited on or apportioned	andolan
production-1937-vol1-chapters	2330	39.0	fieates	<<fieates>> not evidencing any proprietary interest in the	creates|fixates
production-1937-vol1-chapters	2331	19.10	fiect	deduction provided for in this section is <<fiect>> i	fect|fict|fient|fiest|fiet
production-1937-vol1-chapters	2331	20.7	adyudged	finally adjudged discriminatory against a national banking <<adyudged>>	adjudged
production-1937-vol1-chapters	2334	3.0	prepsyment	<<prepsyment>> db a corporation which incorporates or organizes	prepayment
production-1937-vol1-chapters	2336	26.0	mimmum	<<mimmum>> reorganization consolidation or merger in any event	mimimum|minimum
production-1937-vol1-chapters	2337	45.10	computate	return is made subject to the pro <<computate>>	commutate|compute
production-1937-vol1-chapters	2340	32.0	uftset	<<uftset>> cial corporation the offset herein provided for	offset
production-1937-vol1-chapters	2341	11.12	fullue	fails to make and file a return <<fullue>> te	fulle
production-1937-vol1-chapters	2341	12.13	addtim	before the due date of the return <<addtim>>	addie
production-1937-vol1-chapters	2343	33.11	mathemats	error notice of which has been mailed <<mathemats>>	mathematics
production-1937-vol1-chapters	2346	39.9	dissoln	provided in the certificate no decree of <<dissoln>>	dissolve
production-1937-vol1-chapters	2350	14.0	feeure	<<feeure>> such bank or corporation to the secretary	feere|fleure
production-1937-vol1-chapters	2354	24.0	erbalance	<<erbalance>> tive date of this act or upon	balance|rebalance
production-1937-vol1-chapters	2356	11.0	ronresidents	<<ronresidents>> ance by a nonresident of the rights	nonresidents
production-1937-vol1-chapters	2358	24.0	tapity	<<tapity>> a a motor vehicle liability policy as	tapit
production-1937-vol1-chapters	2358	32.1	poliev	such <<poliev>> shall insure the person named therein and	polie|polier
production-1937-vol1-chapters	2360	26.0	rprot	<<rprot>> im damages filed by any person under	prot|rport|sprot
production-1937-vol1-chapters	2362	0.0	alanteca	<<alanteca>>	manteca
production-1937-vol1-chapters	2366	12.0	yodtee	<<yodtee>> commodity sold through vending equipment if such	yote
production-1937-vol1-chapters	2367	1.12	vateh	case thereof or the movement thereof has <<vateh>>	bateh|fateh|vaeh|vate|vatel|vater
production-1937-vol1-chapters	2367	25.10	wniten	who sells a second hand watch shall <<wniten>>	whiten|writen
production-1937-vol1-chapters	2368	19.0	deeuton	<<deeuton>> treasurer of a reclamation district or against	deuton
production-1937-vol1-chapters	2368	35.2	niats	note nee <<niats>> ch	fiats|nats|neats|niams|nias|niata
production-1937-vol1-chapters	2371	5.12	picue	the assessment or at any time before <<picue>>	picae|pice|piche|picu|picul|picus
production-1937-vol1-chapters	2380	33.1	eeeits	a <<eeeits>> said bonds and the interest thereon shall	eejits
production-1937-vol1-chapters	2387	7.13	noneonsent	of one or more of the outstand <<noneonsent>>	nonconsent
production-1937-vol1-chapters	2387	9.0	trict	<<trict>> refunding proceeding do not enter any contract	strict|tract|triact|tric|trica|trice
production-1937-vol1-chapters	2389	33.10	jeetd	which may be called herein for brev <<jeetd>>	jeet|jeeta|jeeto|jeetu
production-1937-vol1-chapters	2390	7.0	otumed	<<otumed>> when a reassessment has been levied upon	tumed
production-1937-vol1-chapters	2392	18.0	rumual	<<rumual>> missioner in each county such commissioner shall	rumal
production-1937-vol1-chapters	2393	0.8	comphed	the person applying for the certificate has <<comphed>>	comped|compher
production-1937-vol1-chapters	2393	17.9	sciern	screenings or cleanings from drop seed seed <<sciern>>	scien
production-1937-vol1-chapters	2393	18.11	cieanngs	any pest shall be deemed a public <<cieanngs>>	cleanings
production-1937-vol1-chapters	2393	34.6	aasitional	the provisions of sections to inclusive <<aasitional>>	additional
production-1937-vol1-chapters	2393	41.0	misnee	<<misnee>> the certificate specified in sections and testes	misner
production-1937-vol1-chapters	2400	8.0	presumptwe	<<presumptwe>> ty all actions brought under the provisions	presumptive
production-1937-vol1-chapters	2404	15.0	mearent	<<mearent>> heen inspected as provided by this article	parent
production-1937-vol1-chapters	2404	16.0	meducts	<<meducts>> tnyspeeted and passed shall be placed or	deducts
production-1937-vol1-chapters	2412	14.0	adhlteralion	<<adhlteralion>> ing of this act in any of	adulteration
production-1937-vol1-chapters	2423	24.10	nouce	an order directing notice by publication to <<nouce>>	douce|nauce|noce|noice|nonce|noue
production-1937-vol1-chapters	2425	0.9	unsettied	claims and accounts against said district which <<unsettied>>	unsettled
production-1937-vol1-chapters	2426	20.0	hneded	<<hneded>> employment of apprentices	heeded
production-1937-vol1-chapters	2428	19.0	cinets	<<cinets>> for such special municipal election shall be	cines|civets
production-1937-vol1-chapters	2429	30.10	nommees	election it shall likewise not be necessary <<nommees>>	nominees
production-1937-vol1-chapters	2432	28.1	yineness	conclusive <<yineness>> and sufficiency of any petition presented to	fineness
production-1937-vol1-chapters	2435	2.10	boador	election where voting machines are used shal <<boador>>	beador|bodor|bondor
production-1937-vol1-chapters	2435	19.7	paended	section and to add new sections numbered <<paended>>	pended
production-1937-vol1-chapters	2437	12.9	fattes	trustees of any district issuing bonds shall <<fattes>>	faites|fastes|fates|fatte|fatted|fatten
production-1937-vol1-chapters	2437	30.10	vtunly	to mature in each issue shall mature <<vtunly>>	tuly
production-1937-vol1-chapters	2441	2.9	romtio	contracts only may be transformed to operate <<romtio>>	ratio
production-1937-vol1-chapters	2443	2.11	revocatzor	certificate of approval to any such hos <<revocatzor>>	revocation
production-1937-vol1-chapters	2445	49.7	inapplicab	the provisions of this code governing domestic <<inapplicab>>	inapplicable
production-1937-vol1-chapters	2447	28.12	indebteun	exceed five per cent of the tax <<indebteun>>	indebted
production-1937-vol1-chapters	2448	7.0	menomina	<<menomina>> called the interest on said bond shall	nomina
production-1937-vol1-chapters	2452	39.0	lecedents	<<lecedents>> i i	decedents
production-1937-vol1-chapters	2453	6.4	dehin	when fees delinquent penalties <<dehin>>	behin|defin|dehlin|dehn|dehon|dein
production-1937-vol1-chapters	2453	31.10	pistribation	to the state pursuant to the pro <<pistribation>>	distribution
production-1937-vol1-chapters	2453	32.10	gemption	chapter shall be redeemed or purchased from <<gemption>>	emption|gumption
production-1937-vol1-chapters	2455	30.9	jmeenses	of importer of or dealer in any <<jmeenses>>	menses
production-1937-vol1-chapters	2458	9.0	preattle	<<preattle>> such brand is recorded with the department	prattle|preamble
production-1937-vol1-chapters	2458	16.0	reeordation	<<reeordation>> two dollars shall be paid the director	recordation
production-1937-vol1-chapters	2460	14.0	agament	<<agament>> jig storkyards or public sales yards shall	agamont|agent
production-1937-vol1-chapters	2460	14.2	storkyards	agament jig <<storkyards>> or public sales yards shall furnish to	stockyards
production-1937-vol1-chapters	2460	22.0	inarks	<<inarks>> of said battle and in the case	inaros|narks|snarks
production-1937-vol1-chapters	2461	1.9	retose	operating conducting or managing any cattle wr <<retose>>	ketose|relose|repose|retoss|retuse|setose
production-1937-vol1-chapters	2462	44.8	froin	discharge therefrom or who has been released <<froin>>	broin|foin|frain|frein|frin|froid
production-1937-vol1-chapters	2463	25.9	puremse	price means the price which the board <<puremse>>	purpose
production-1937-vol1-chapters	2465	15.11	legslatn	of this act that investments of such <<legslatn>>	legislate
production-1937-vol1-chapters	2466	12.0	eipal	<<eipal>> or interest of the bonds acquired by	epal|pipal|ripal
production-1937-vol1-chapters	2467	2.9	cancetlatio	board of supervisors unless prevented by peti <<cancetlatio>>	cancellation
production-1937-vol1-chapters	2472	24.0	apcrora	<<apcrora>> data shall be signed by the directors	aurora
production-1937-vol1-chapters	2474	7.0	inevdental	<<inevdental>> any such insurer may sue and be	incidental
production-1937-vol1-chapters	2478	44.0	eorpora	<<eorpora>>	corpora|porpora
production-1937-vol1-chapters	2479	11.7	headgates	includes all reservoirs tunnels shafts dams dikes <<headgates>>	headgate
production-1937-vol1-chapters	2479	32.10	wnar	wharfinger when used in this act includes <<wnar>>	anar|enar|gnar|inar|knar|nar
production-1937-vol1-chapters	2480	9.0	pubhe	<<pubhe>> dd the term public utility when used	dubhe|pube|puhe
production-1937-vol1-chapters	2484	8.0	eamion	<<eamion>> of all the votes cast were in	camion|damion|eammon|eamon
production-1937-vol1-chapters	2485	22.14	comty	in the county of which such in <<comty>>	cmty|coaty|comay|comby|comey|comfy
production-1937-vol1-chapters	2487	21.10	heanng	come on for hearing before the board <<heanng>>	heang
production-1937-vol1-chapters	2487	36.12	recordatio	a copy of such order of exclu <<recordatio>>	recordation
production-1937-vol1-chapters	2487	43.10	imtution	directors of any public utility district formed <<imtution>>	imitation
production-1937-vol1-chapters	2488	25.0	omeers	<<omeers>> elected under the authority of this state	ameers|meers|omers
production-1937-vol1-chapters	2501	13.9	reinspec	of fruits nuts or vegetables bearing or <<reinspec>>	reinspect
production-1937-vol1-chapters	2501	45.10	aceptin	or vegetables except dates of a kind <<aceptin>>	accepting|acetin
production-1937-vol1-chapters	2502	4.1	reeeit	and <<reeeit>> tables which are to be used or	reedit
production-1937-vol1-chapters	2512	8.0	pundings	<<pundings>> if upon such hearing upon said proposed	fundings|poundings|puddings|punnings
production-1937-vol1-chapters	2515	45.8	renses	of preparing and making effective such marketing <<renses>>	censes|genses|lenses|menses|reeses|renes
production-1937-vol1-chapters	2516	3.0	vovener	<<vovener>> sion of the legislature the director shall	opener
production-1937-vol1-chapters	2516	50.0	gneh	<<gneh>> shipment and the names of the consignor	eneh|geh|gne|gner|gnh|gnrh
production-1937-vol1-chapters	2518	7.0	oferal	<<oferal>> state county and township officers shall not	feral|overal
production-1937-vol1-chapters	2518	15.1	pubie	by <<pubie>> where a public officer is acting with	aubie|cubie|dubie|eubie|hubie|jubie
production-1937-vol1-chapters	2518	25.0	meeites	<<meeites>> oy any public officer board or body	meets|mesites
production-1937-vol1-chapters	2520	47.0	mileees	<<mileees>> pay the following coupons against which the	miles
production-1937-vol1-chapters	2521	8.9	amentea	code relating to ice cream and similar <<amentea>>	amended|amenta|amentia
production-1937-vol1-chapters	2522	10.0	sints	<<sints>> szc section of the agricultural code is	aints|dints|hints|ints|lints|mints
production-1937-vol1-chapters	2523	21.10	cumuatne	in notwithstanding any other provision of law <<cumuatne>>	cumulate
production-1937-vol1-chapters	2524	25.0	witnesseth	<<witnesseth>>	witnesses
production-1937-vol1-chapters	2525	20.11	contronter	controller the date of sale the description <<contronter>>	confronter|controller
production-1937-vol1-chapters	2527	22.10	sminen	of the sacramento and san joaquin drainage <<sminen>>	seinen
production-1937-vol1-chapters	2528	25.0	offunds	<<offunds>> and san joaquin drainage district shall upon	offends
production-1937-vol1-chapters	2529	11.1	prenisrons	a <<prenisrons>> on tye so gore mn improvement	previsions
production-1937-vol1-chapters	2529	45.2	assurang	to give <<assurang>> satisfactory to the secretary of war of	assurant|assuring
production-1937-vol1-chapters	2530	2.4	sayy	ages due t gold <<sayy>> porn	ayy|hayy|rayy|saby|sacy|sady
production-1937-vol1-chapters	2530	3.3	constructiy	all the works <<constructiy>> ta	constructio
production-1937-vol1-chapters	2530	4.0	slong	<<slong>> eed by the completion tee cy	along|aslong|blong|elong|flong|klong
production-1937-vol1-chapters	2530	8.6	munioy	agreements with the at have me <<munioy>> aay do	munity
production-1937-vol1-chapters	2534	32.0	anahle	<<anahle>> based upon secured by and payable out	anable
production-1937-vol1-chapters	2534	46.0	mvesiment	<<mvesiment>> joaquin drainage district pursuant to this act	vestment
production-1937-vol1-chapters	2536	32.0	cmduit	<<cmduit>> ing plants and other works to convey	conduit
production-1937-vol1-chapters	2537	34.11	uuts	works specified in the foregoing sub what <<uuts>>	buts|cuts|duts|futs|guts|huts
production-1937-vol1-chapters	2542	44.0	sequisition	<<sequisition>> said project shall include the cost and	requisition
production-1937-vol1-chapters	2544	18.0	horety	<<horety>> may take immediate possession and use of	hornety|horty
production-1937-vol1-chapters	2545	0.0	lézo	<<lézo>> l the plaintiff must within thirty days	lazo|lezo|lizo|lzo|léo
production-1937-vol1-chapters	2545	18.0	enards	<<enards>> within eighteen months from the time the	ecards|ewards|menards|nards
production-1937-vol1-chapters	2552	43.0	veauied	<<veauied>> stockholder mortgage participation certificate holder creditor	varied
production-1937-vol1-chapters	2553	23.7	junsdiction	the superior court in which such petition <<junsdiction>>	jurisdiction
production-1937-vol1-chapters	2553	45.12	bntine	by or on behalf of the respective <<bntine>>	buntine|butine|intine|untine
production-1937-vol1-chapters	2555	8.7	preferentia	appeals from orders approving plans shall be <<preferentia>>	preferential
production-1937-vol1-chapters	2555	22.8	twestment	mortgage insurer may issue and may invest <<twestment>>	treatment
production-1937-vol1-chapters	2555	34.6	authonty	any executor administrator guardian or receiver <<authonty>>	authority
production-1937-vol1-chapters	2555	50.11	ereney	the court and consented to as required <<ereney>>	erene|freney|reney
production-1937-vol1-chapters	2555	51.10	verled	during the emergency period which period for <<verled>>	veiled|vered|verged|versed|veruled
production-1937-vol1-chapters	2556	20.0	taaune	<<taaune>> state department of public works are hereby	tune
production-1937-vol1-chapters	2557	11.10	meration	bridges as state highways in such manner <<meration>>	aeration|ceration|deration|eration|moration
production-1937-vol1-chapters	2560	35.0	pencitures	<<pencitures>> way for the construction improvement or maintenance	punctures
production-1937-vol1-chapters	2561	5.11	revoing	may be used as a revolving fund <<revoing>>	redoing|reving|revoking|revving
production-1937-vol1-chapters	2561	34.7	anocations	the commission may authorize the department to <<anocations>>	avocations
production-1937-vol1-chapters	2562	2.0	comty	<<comty>> with the county within which such city	cmty|coaty|comay|comby|comey|comfy
production-1937-vol1-chapters	2565	15.10	niita	add section to the insurance code all <<niita>>	iita|neita|niata|nicta|niia|niit
production-1937-vol1-chapters	2565	36.11	crounds	has refused to submit its books papers <<crounds>>	arounds|grounds|rounds
production-1937-vol1-chapters	2566	40.0	nquidation	<<nquidation>> missioner may apply for and the court	liquidation
production-1937-vol1-chapters	2567	3.9	servator	this article either as conservator or liquidator <<servator>>	senator|servitor
production-1937-vol1-chapters	2567	38.9	msurer	voting trust agreement the stock of an <<msurer>> heretofore	maurer|meurer|murer|surer|usurer
production-1937-vol1-chapters	2569	22.11	uscheat	by the claimant at any time after <<uscheat>>	escheat|scheat|uncheat
production-1937-vol1-chapters	2571	7.8	ferisative	thereof concurring that the senate and assembly <<ferisative>>	derivative
production-1937-vol1-chapters	2574	0.3	unarter	newarticle that the <<unarter>> be amended by adding thereto a new	unarted|ungarter
production-1937-vol1-chapters	2593	6.0	ertv	<<ertv>> which may have been executed by the	crtv|drtv|edtv|erev|ert|erta
production-1937-vol1-chapters	2598	47.4	grantecs	exercised by the respective <<grantecs>> subject to the following	grantees|granters
production-1937-vol1-chapters	2610	0.1	pubhe	other <<pubhe>> places within the territory hereby covered	dubhe|pube|puhe
production-1937-vol1-chapters	2622	6.0	lunitations	<<lunitations>> issued pursuant to said section and or	limitations
production-1937-vol1-chapters	2625	29.9	teecent	charter shal preclude the making and performance <<teecent>>	percent|tencent
production-1937-vol1-chapters	2634	0.0	fdeland	<<fdeland>> powers now held by or that may	deland|demand
production-1937-vol1-chapters	2636	5.1	nlanee	procedure <<nlanee>> the assessment of property taxable in the	lanee
production-1937-vol1-chapters	2638	33.0	hvuas	<<hvuas>> b braprorp	hours
production-1937-vol1-chapters	2644	31.0	gawinw	<<gawinw>> california on the sixth day of january	gawin
production-1937-vol1-chapters	2648	24.0	meidoo	<<meidoo>> the state of california have learned with	meadow
production-1937-vol1-chapters	2650	11.0	reporton	<<reporton>> acquire and own all toll bridges situated	reportin|reportion
production-1937-vol1-chapters	2654	17.0	xnxii	<<xnxii>> shal be known as sub section ete	xxii|xxxii
production-1937-vol1-chapters	2656	33.3	multigraphed	or mimeographed or <<multigraphed>> for free public distribution	multigrapher
production-1937-vol1-chapters	2657	25.8	mnvesgt	all hearings and investigations before the com <<mnvesgt>>	invest
production-1937-vol1-chapters	2658	32.0	heineg	<<heineg>> appointed or promoted shall be dropped from	heine|heinen|heiner|heines|heiney
production-1937-vol1-chapters	2659	12.9	quantca	an applicant for a position of any <<quantca>>	quanta
production-1937-vol1-chapters	2662	45.0	apmet	<<apmet>> inconvenience to the public but not otherwise	ahmet|amet|apmex|appet|armet|pamet
production-1937-vol1-chapters	2671	15.11	snitts	four hours shall be divided into two <<snitts>>	snits
production-1937-vol1-chapters	2673	11.9	pontial	in the classified service or seeking admission <<pontial>>	pontal|pontiac|pontian|pontil
production-1937-vol1-chapters	2675	28.10	pelalums	is now organized and existing and acting <<pelalums>>	petaluma
production-1937-vol1-chapters	2679	10.0	guapys	<<guapys>> v roberts	guapos
production-1937-vol1-chapters	2679	38.12	mecoll	a longer period than sixty days is <<mecoll>>	mccoll|recall
production-1937-vol1-chapters	2687	2.10	ouecnce	appoint a committee of three on con <<ouecnce>>	ounce
production-1937-vol1-chapters	2693	6.10	blenuny	be eligible to appointment in either the <<blenuny>>	blenny
production-1937-vol1-chapters	2701	20.5	sanule	section official publicity on election <<sanule>>	sandle|saule|spanule
production-1937-vol1-chapters	2701	21.9	pubiicu	city clerk at least ten days before <<pubiicu>>	public
production-1937-vol1-chapters	2707	49.7	dispositw	section d repayment of surplus funds ail <<dispositw>>	disposing
production-1937-vol1-chapters	2709	7.7	petegation	section c additional powers the city coun <<petegation>>	delegation
production-1937-vol1-chapters	2714	9.1	ryuary	petroleum <<ryuary>> stat known as the mineral leasing	rotary
production-1937-vol1-chapters	2721	34.11	wwitow	used in this section shall not mean <<wwitow>>	widow
production-1937-vol1-chapters	2727	10.10	arproa	senate of the state of california the <<arproa>>	araroa
production-1937-vol1-chapters	2730	4.0	seraee	<<seraee>> whereas there are in the state of	serape
production-1937-vol1-chapters	2731	10.11	lsise	of the state of california the gmt <<lsise>>	leise|lise|lisse|loise|lsis|luise
production-1937-vol1-chapters	2732	26.4	relutine	senate concurrent resolution no <<relutine>> to approving	relumine
production-1937-vol1-chapters	2737	7.9	rnedin	under the jurisdiction of the quartermaster gen <<rnedin>>	onedin
production-1937-vol1-chapters	2738	37.0	wmnte	<<wmnte>> house forably hot during the summer months	wante|waste|wente|wmne|wnte
production-1937-vol1-chapters	2738	37.2	forably	wmnte house <<forably>> hot during the summer months to the	formably
production-1937-vol1-chapters	2744	47.0	eovv	<<eovv>> thereof	evv
production-1937-vol1-chapters	2745	28.12	acqust	bridges situated upon or along any on <<acqust>>	acquest|acquist|acquit
production-1937-vol1-chapters	2754	16.0	spamsh	<<spamsh>> honorably discharged from such enlistment while serving	spams|spanish|sparsh|spash
production-1937-vol1-chapters	2755	12.7	bradicat	whereas during recent times numerous noxious weeds <<bradicat>>	eradicate
production-1937-vol1-chapters	2762	12.1	xitia	article <<xitia>> park department	itia|litia|mitia|sitia|titia
production-1937-vol1-chapters	2763	26.8	pveals	any person dissatisfied with the decision or <<pveals>> tron	peals
production-1937-vol1-chapters	2765	0.8	reiney	kern state of california relating to amending <<reiney>>	heiney|rainey|reaney|reiley|reine|reined
production-1937-vol1-chapters	2772	38.0	sscrion	<<sscrion>>	section
production-1937-vol1-chapters	2774	5.0	orrates	<<orrates>> fire department and to the city auditor	orates
production-1937-vol1-chapters	2775	19.9	rehetan	fund and representing the amount placed in <<rehetan>>	rehear
production-1937-vol1-chapters	2779	0.9	ehuld	the age of eighteen years by a <<ehuld>> before	ehud|eould|shuld
production-1937-vol1-chapters	2781	32.0	citapter	<<citapter>>	chapter
production-1937-vol1-chapters	2788	0.1	antiei	tay <<antiei>> when funds shall be needed for the	antici|antie|antisi
production-1937-vol1-chapters	2795	46.11	meluded	the compensation is paid by the city <<meluded>>	deluded|eluded|melded
production-1937-vol1-chapters	2798	32.0	cadunes	<<cadunes>> operation and use of and to use	causes
production-1937-vol1-chapters	2802	0.0	nereln	<<nereln>> nammea	herein
production-1937-vol1-chapters	2802	0.1	nammea	nereln <<nammea>>	mammea|namma
production-1937-vol1-chapters	2806	25.0	powersand	<<powersand>> the police commissioners shall be the successors	powerband
production-1937-vol1-chapters	2808	6.5	departinent	of police captain of inspectors <<departinent>>	department
production-1937-vol1-chapters	2808	30.0	tngent	<<tngent>> fund not to exceed in any one	tangent
production-1937-vol1-chapters	2809	13.11	prpety	and restitution of property that may come <<prpety>>	preety|prety|priety|property
production-1937-vol1-chapters	2809	41.12	appoune	is to be filled the appointing cad <<appoune>>	appoint
production-1937-vol1-chapters	2811	9.9	certincates	certify that the foregoing charter amendment was <<certincates>>	certificates
production-1937-vol1-chapters	2812	16.6	benbough	certificate we the undersigned perey j <<benbough>> mayor of the	bengough|enough
production-1937-vol1-chapters	2816	17.2	benbough	p j <<benbough>>	bengough|enough
production-1937-vol1-chapters	2820	24.0	conneil	<<conneil>> provided however that the members of the	connel|connell|conseil|corneil
production-1937-vol1-chapters	2825	9.9	membesshiy	elected officials and part time employees are <<membesshiy>>	membership
production-1937-vol1-chapters	2825	33.8	berviea	purposes of retirement under the system members <<berviea>>	berries|bervie
production-1937-vol1-chapters	2825	45.7	pryt	of normal retirement optional retirement disability retire <<pryt>>	payt|prat|pret|prit|prot|prrt
production-1937-vol1-chapters	2826	9.0	elirement	<<elirement>> fifteen years credited service may be retired	retirement
production-1937-vol1-chapters	2826	34.0	amunation	<<amunation>> months after discontinuance of service shall be	amination
production-1937-vol1-chapters	2827	17.11	mniny	multiplied by the number of years of <<mniny>>	meiny|minny|miny
production-1937-vol1-chapters	2829	12.11	premption	a person to a pension or retirement <<premption>>	preemption|premotion|preoption
production-1937-vol1-chapters	2830	4.0	szau	<<szau>> sylvia s spencer	sau|seau|shau|siau|skau|stau
production-1937-vol1-chapters	2837	16.12	endmen	charter of the city of modesto a <<endmen>>	enden
production-1937-vol1-chapters	2838	44.0	aeiee	<<aeiee>> and subd to establish all laws necessary	aegee|aeree|aiee|aieee|amiee
production-1937-vol1-chapters	2839	16.2	graaa	h eb <<graaa>>	gaaa|graaf|graal|graan|graas|graca
production-1937-vol1-chapters	2851	29.11	fauure	council shall fail to adopt a budget <<fauure>> or	faucre|faure
production-1937-vol1-chapters	2854	41.0	leyand	<<leyand>> the enforcement of such lien and to	leland|lewand|leyland|weyand
production-1937-vol1-chapters	2855	8.12	jssvance	of land and to issue and sell <<jssvance>>	issuance
production-1937-vol1-chapters	2858	13.0	tonand	<<tonand>> has been unlawfully suspended laid off or	toland|tonant
production-1937-vol1-chapters	2859	0.0	tcosions	<<tcosions>>	tensions
production-1937-vol1-chapters	2859	16.8	ncump	officers and employees respectively holding the offices <<ncump>>	cump|scump
production-1937-vol1-chapters	2861	15.11	teumbent	department at the time of the taking <<teumbent>>	cumbent
production-1937-vol1-chapters	2862	28.0	szav	<<szav>>	sav|scav|shav|slav|stav|sza
production-1937-vol1-chapters	2873	16.11	plechon	which they are to be paid said <<plechon>>	lechon
production-1937-vol1-chapters	2881	31.10	boundan	with the same property rights and the <<boundan>>	bounden
production-1937-vol1-chapters	2882	3.0	omees	<<omees>> ished	mees|omens|omers|omes|omnes
production-1937-vol1-chapters	2883	30.9	omeers	persons occupying the offices set forth in <<omeers>> of	ameers|meers|omers
production-1937-vol1-chapters	2883	48.11	utien	additional to those set forth in this <<utien>>	stien|tien|urien|uten
production-1937-vol1-chapters	2885	37.8	ordmances	the enacting clause of every ordinance passed <<ordmances>>	ordinances|ordnances
production-1937-vol1-chapters	2889	47.10	counei	with the execution by the city manager <<counei>>	counci
production-1937-vol1-chapters	2893	28.10	rubmissio	event that the estimated income for sup <<rubmissio>>	submission
production-1937-vol1-chapters	2895	44.3	retainments	said payments and <<retainments>> shall be transferred by the xe	retainment
production-1937-vol1-chapters	2897	34.10	prcal	year of the city shall commence on <<prcal>> yew	pacal|pecal|pical|prca|prial|proal
production-1937-vol1-chapters	2899	44.9	munleal	elections held in the city of ala <<munleal>>	unleal|unseal
production-1937-vol1-chapters	2900	14.0	nommation	<<nommation>> sec no person shall become a candidate	commation
production-1937-vol1-chapters	2901	50.9	listot	the closing of nominations the city clerk <<listot>>	listo|liston|listos
production-1937-vol1-chapters	2902	21.0	retums	<<retums>> and declare the result of any municipal	rectums
production-1937-vol1-chapters	2903	13.10	omcers	of any elective office of this city <<omcers>>	omers
production-1937-vol1-chapters	2905	1.8	cireulsted	of obtaining signatures thereto until the expiration <<cireulsted>>	circulated
production-1937-vol1-chapters	2905	5.10	revoeation	of a recall petition may revoke his <<revoeation>>	revocation
production-1937-vol1-chapters	2907	16.10	sbanot	be printed on the recall ballot as <<sbanot>>	suant
production-1937-vol1-chapters	2909	34.11	iimat	demand on the treasury knowing that the <<iimat>>	himat|iima|ismat
production-1937-vol1-chapters	2910	9.0	houra	<<houra>> vided by law shall be open for	coura|doura|goura|hiura|homura|hora
production-1937-vol1-chapters	2912	18.0	certifteate	<<certifteate>> d we further certify that we have	certificate
production-1937-vol1-chapters	2912	30.0	szal	<<szal>>	azal|ozal|saal|sal|scal|seal
production-1937-vol1-chapters	2913	36.13	mendma	of the city of fresno a municipal <<mendma>>	menda|menma
production-1937-vol1-chapters	2916	15.0	parkand	<<parkand>> between bakersfield and los angeles was founded	parkland|yarkand
production-1937-vol1-chapters	2925	43.11	redemptlo	there shall be transferred from said gas <<redemptlo>>	redemption
production-1937-vol1-chapters	2926	9.0	jjgs	<<jjgs>> reserve third for establishing and maintaining a	jags|jegs|jgs|jigs|jjs|jogs
production-1937-vol1-chapters	2927	24.13	transte	year of the city the moneys then <<transte>>	transe|transue
production-1937-vol1-chapters	2934	21.1	aualt	org <<aualt>> city council shall adopt a system and	ault|awalt
production-1937-vol1-chapters	2937	4.9	pucy	the city council the city purchasing agent <<pucy>>	bucy|ducy|jucy|lucy|pacy|puc
production-1937-vol1-chapters	2938	5.0	torent	<<torent>> contrary no person shall be eligible for	corent|orent|toment|toren|torment|torpent
production-1937-vol1-chapters	2940	1.0	rreah	<<rreah>> or associations whereby the city of long	preah|reah
production-1937-vol1-chapters	2944	7.9	meamng	following words and phrases shall have the <<meamng>>	memang
production-1937-vol1-chapters	2948	37.0	vecounts	<<vecounts>> shall keep such records and accounts as	recounts
production-1937-vol1-chapters	2949	47.11	eneation	department or office the rate of contributions <<eneation>>	election|enation
production-1937-vol1-chapters	2950	29.0	iencom	<<iencom>> board of administration as follows	encom|incom|income
production-1937-vol1-chapters	2951	31.11	fursement	shall during such retirement be paid for <<fursement>>	forcement
production-1937-vol1-chapters	2953	33.10	mnator	board may order pursuant to subdivision b <<mnator>>	inator|mator|nator
production-1937-vol1-chapters	2955	28.10	computato	the service and employment by the city <<computato>>	computation
production-1937-vol1-chapters	2957	0.10	legista	of the fifty second session of the <<legista>>	legist|regista
production-1937-vol1-chapters	2961	24.5	publleity	section official publicity on election <<publleity>> o	publicity
production-1937-vol1-chapters	2962	3.0	sarimen	<<sarimen>> ment to promote and more definitely insure	arisen
production-1937-vol1-chapters	2969	0.0	zerred	<<zerred>> and imposed upon the port manager plans	erred|zeroed
production-1937-vol1-chapters	2969	23.3	witii	section e conflict <<witii>> other sections contacting	wiii|withi|witi
production-1937-vol1-chapters	2969	40.10	treun	the members of and organizing the board <<treun>>	reun|teun|theun|traun|treen|tren
production-1937-vol1-chapters	2971	13.10	coteus	j s woodson mayor and ex officio <<coteus>>	coetus|coleus|cotes|cottus
production-1937-vol1-chapters	2974	41.0	wurress	<<wurress>> the proposed amendments as ratified as herein	burress|duress
production-1937-vol1-chapters	2977	26.11	igattons	municipal corporation of the same name a <<igattons>>	gattons
production-1937-vol1-chapters	2979	20.10	cmplores	shall continue to hold office and exercise <<cmplores>>	employes|implores
production-1937-vol1-chapters	2983	8.10	sequsition	of the city to acquire by pur <<sequsition>>	requisition
production-1937-vol1-chapters	2983	19.12	omeers	the city council one of whom shall <<omeers>>	ameers|meers|omers
production-1937-vol1-chapters	2986	0.3	nonevs	safely keep al <<nonevs>> and securities belonging to the city and	nones
production-1937-vol1-chapters	2987	33.11	supermten	shall until changed by ordinance also be <<supermten>>	supermen
production-1937-vol1-chapters	2988	2.1	mdex	full <<mdex>> thereof and shall turn over the same	adex|dex|idex|mde|mdee|mdeq
production-1937-vol1-chapters	2991	31.6	pubie	section in the eonstrnetion erection improvement <<pubie>> work	aubie|cubie|dubie|eubie|hubie|jubie
production-1937-vol1-chapters	2992	33.2	pudby	io be <<pudby>> construed as applicable to work or materials	puddy|pudgy|pudsy
production-1937-vol1-chapters	2992	34.0	specent	<<specent>> apparatus or supplies to be paid for	percent
production-1937-vol1-chapters	2999	24.11	equaliza	the members of the state board of <<equaliza>>	equalize
production-1937-vol1-chapters	2999	32.8	sweash	the year will mark the three hundredth <<sweash>>	swash|sweasy|sweath
production-1937-vol1-chapters	2999	35.2	tercentenial	whereas the <<tercentenial>> celebration of such settlement	tercentennial
production-1937-vol1-chapters	3004	24.0	ondeath	<<ondeath>> police department before retirement which death is	death|undeath
production-1937-vol1-chapters	3005	11.9	phses	shall become so physically or mentally fr <<phses>>	phases|phse|poses|pses|thses
production-1937-vol1-chapters	3007	2.8	meumbent	shall have completed in the aggregate twenty <<meumbent>>	cumbent
production-1937-vol1-chapters	3010	0.3	personaliv	charged or suspended <<personaliv>> or mf he cannot be found	personali|personalia
production-1937-vol1-chapters	3010	11.0	decsim	<<decsim>> after such hearing said board shall find	deceit|decim|decrim|dersim
production-1937-vol1-chapters	3011	17.12	trherme	in the rules of said board governing <<trherme>>	there|therme
production-1937-vol1-chapters	3011	36.8	electun	order the holding of elections such ordinance <<electun>>	electus
production-1937-vol1-chapters	3016	47.0	rederer	<<rederer>> redwood forest which is of great interest	federer|lederer|redefer|redeker|referer|renderer
production-1937-vol1-chapters	3017	27.9	acquistior	is existent in the county of sonoma <<acquistior>>	acquisition|acquisitor|acquistion
production-1937-vol1-chapters	3019	14.14	eypssition	new era and the world looks t <<eypssition>>	exposition
production-1937-vol1-chapters	3022	5.0	deeation	<<deeation>> s whereas at the special election held	delation|deration
production-1937-vol1-chapters	3025	17.8	jusiment	a large number of special assessment districts <<jusiment>>	justment
production-1937-vol1-chapters	3028	20.0	eulable	<<eulable>> benefits to all concerned chiefly to the	emulable|rulable
production-1937-vol1-chapters	3032	11.0	franeiseo	<<franeiseo>> character shall ever be levied or assessed	francisco
production-1937-vol1-chapters	3034	0.10	contaming	a any city or city and county <<contaming>> a	containg
production-1937-vol1-chapters	3039	32.0	wagy	<<wagy>> harry westover dan ke williams and sanborn	agy|cagy|hagy|magy|nagy|sagy
production-1937-vol1-chapters	3045	9.0	employables	<<employables>> off relief rather than to take them	employable
production-1937-vol1-chapters	3048	15.0	ordmated	<<ordmated>> a unified and centralized program of construction	cremated
production-1937-vol1-chapters	3048	16.0	wesike	<<wesike>> improvement of state buildings and making an	weske
production-1937-vol1-chapters	3059	33.8	ratife	california veterans welfare bond act of acts <<ratife>>	latife|ratify|ratine|ratite
production-1937-vol1-chapters	3060	0.0	farmand	<<farmand>> distribution of any surplus or portion thereof	armand|farland|farman|farmhand|farmland|farrand
production-1937-vol1-chapters	3061	30.10	sorsmp	occupation of said buildings when the same <<sorsmp>>	shrimp
production-1937-vol1-chapters	3063	3.2	grsy	fornia respec <<grsy>> memorialize the president and the	gorsy|gray|grey|grs|gry
production-1937-vol1-chapters	3063	23.9	expendtur	legislative measure entitled an act to pro <<expendtur>>	expenditure
production-1937-vol1-chapters	3063	26.11	stits	of this act is now being considered <<stits>>	shits|sits|skits|slits|smits|snits
production-1937-vol1-chapters	3064	13.1	electroliers	capitol <<electroliers>>	electrolier
production-1933-vol1-chapters	5	11.10	fasmento	of all matured withdrawal claims exceeds the <<fasmento>>	ramento
production-1933-vol1-chapters	8	29.2	diedged	securities sc <<diedged>> hypothecated or otherwise encumbered	dredged
production-1933-vol1-chapters	9	33.10	kelwen	under this article provided however that no <<kelwen>>	kelen|kellen|kelsen
production-1933-vol1-chapters	11	7.8	appropris	for the purpose of enabling the department <<appropris>>	appropri
production-1933-vol1-chapters	16	22.0	ruads	<<ruads>>	duads|quads|rads|reads|riads|roads
production-1933-vol1-chapters	17	5.8	cunstructi	the department of public works is hereby <<cunstructi>>	construct
production-1933-vol1-chapters	18	35.1	ormary	a <<ormary>> directed to be constructed shall be and	orary
production-1933-vol1-chapters	22	49.2	viich	funds with <<viich>> to early ont the purposes ef this	diich|vich|viic|viith|vitch|vuich
production-1933-vol1-chapters	23	17.9	jsuanee	the california toll bridge authority concur in <<jsuanee>>	suanee
production-1933-vol1-chapters	27	16.9	fnanent	the department of public works can not <<fnanent>>	manent
production-1933-vol1-chapters	27	28.10	pubhe	not have power to commence any such <<pubhe>>	dubhe|pube|puhe
production-1933-vol1-chapters	31	18.0	ueceded	<<ueceded>> for the particular object or purpose to	receded|seceded|unceded
production-1933-vol1-chapters	32	3.2	moacy	from the <<moacy>> so deposited in each seperate acquisition	macy|moac|moany|morcy
production-1933-vol1-chapters	33	28.5	meluding	bridges or other highway crossings <<meluding>> expenses for	deluding|eluding|melding
production-1933-vol1-chapters	33	49.0	fdatp	<<fdatp>>	datp
production-1933-vol1-chapters	34	1.0	hiridges	<<hiridges>> own engineers or through such other engineers	bridges
production-1933-vol1-chapters	34	17.4	blareh	ings approved march approved <<blareh>>	blare|blared|blares|blargh
production-1933-vol1-chapters	34	25.0	renured	<<renured>> of e ch contractor such bonds for	enured|tenured
production-1933-vol1-chapters	34	44.10	cestruc	of insurance to cover any accident or <<cestruc>>	cestrum
production-1933-vol1-chapters	44	0.8	promp	sale of such bonds can be mace <<promp>> ly and necessary	pomp|primp|prom|prome|promi|promo
production-1933-vol1-chapters	56	0.5	jexation	on said county rolls for <<jexation>> for county purposes shall	vexation
production-1933-vol1-chapters	59	8.10	biats	to the time said authority makes reimbursement <<biats>>	baits|bats|beats|bias|bits|bitts
production-1933-vol1-chapters	61	2.9	faforce	in whom the enforcement of any provision <<faforce>>	afforce|laforce
production-1933-vol1-chapters	61	5.10	presecu	of any county in which a viola <<presecu>>	prosecu
production-1933-vol1-chapters	66	0.3	sdcil	dale vas passed <<sdcil>> cxdmii ation	scil
production-1933-vol1-chapters	66	35.2	orcler	make an <<orcler>> dismissing the charges or an order disqualifying	oraler|orler
production-1933-vol1-chapters	68	23.9	deeins	other regulations within his jumsdction ag he <<deeins>>	deens|devins
production-1933-vol1-chapters	68	43.0	dussien	<<dussien>> of there shall be a division of	hussien|russian
production-1933-vol1-chapters	69	16.11	premu	the state be liable for any premium <<premu>>	aremu|prem|prema|preme|premi|premo
production-1933-vol1-chapters	70	36.0	agricultwal	<<agricultwal>> all of the counties or parts of	agricultural
production-1933-vol1-chapters	71	0.10	aypom	be appointed by the governor i he <<aypom>>	aipom|akpom
production-1933-vol1-chapters	72	45.0	peevration	<<peevration>> association shall be remitted monthly to the	penetration
production-1933-vol1-chapters	74	2.0	cuarrer	<<cuarrer>> plant g uaranving and pest control	carrer|currer
production-1933-vol1-chapters	74	13.2	witines	corns pips <<witines>> scions buds grafts and fruit pits	witnes
production-1933-vol1-chapters	74	23.1	veatment	any <<veatment>> which may be required under the pro	vestment
production-1933-vol1-chapters	74	33.3	comri	ofticets see ach <<comri>> sioner is an enforcing officer of all	combi|comi|commi|compi|comr|comrie
production-1933-vol1-chapters	75	21.0	uppuinted	<<uppuinted>> ure hereby appointed state plant quarantine officers	appointed
production-1933-vol1-chapters	76	6.8	oliecs	pests the divisor shall maintain at such <<oliecs>> w thin this state as	olmecs
production-1933-vol1-chapters	76	7.2	veeessa	he deems <<veeessa>> plant qiarayiave mspection stations for the purpose	venessa
production-1933-vol1-chapters	76	7.5	mspection	he deems veeessa plant qiarayiave <<mspection>> stations for the purpose	aspection|section
production-1933-vol1-chapters	76	8.3	cunvevances	of inspecting al <<cunvevances>> wie ight camy plants or other things	conveyances
production-1933-vol1-chapters	76	16.10	ectec	is liable to be infested or in <<ectec>> by or which might	ctec|ecec|ecotec|estec|etec
production-1933-vol1-chapters	76	41.2	inteeted	infested or <<inteeted>> with cv which ir his opinion may	intented
production-1933-vol1-chapters	76	44.3	sizts	amended by ch <<sizts>>	sifts|silts|sits|sizes
production-1933-vol1-chapters	79	9.10	probiited	to import into the state any english <<probiited>>	prohibited
production-1933-vol1-chapters	79	21.11	nuvey	ship or sell any nursery stock with <<nuvey>>	nudey
production-1933-vol1-chapters	79	45.4	heense	having obtained an annual <<heense>> so to do from the director such	heene|heese|hense
production-1933-vol1-chapters	82	2.0	apphan	<<apphan>> es to prevent the dissemination of pests	appian
production-1933-vol1-chapters	82	6.0	lisseminatior	<<lisseminatior>> thcreot	dissemination
production-1933-vol1-chapters	82	31.0	notlee	<<notlee>> of the commissioner whenever ae deems it	notley
production-1933-vol1-chapters	82	48.3	onerty	upon such p <<onerty>> or premises and by mailing a copy	conerty|onery
production-1933-vol1-chapters	83	5.11	encum	record to be the owners of any <<encum>>	encom|encup|engum|enum
production-1933-vol1-chapters	83	46.7	abatemen	whenever such nuisance exists and notice thereof <<abatemen>>	abatement
production-1933-vol1-chapters	84	0.3	pcsis	controlling destroying said <<pcsis>>	csis|icsis|pcsos|psis
production-1933-vol1-chapters	84	1.0	bxpens	<<bxpens>> the expense thereof shall he county charg	expens
production-1933-vol1-chapters	84	3.2	amcni	ment the <<amcni>> thereof sial be a hien on the	amani|amini|amni
production-1933-vol1-chapters	84	29.0	panalt	<<panalt>> es if ie sum secure hy such	panal
production-1933-vol1-chapters	84	41.2	upcx	report of <<upcx>> the discovery of any pest the director	pcx|upc|upca|upcs|upx
production-1933-vol1-chapters	85	41.8	abatemen	the district attorney receives from the com <<abatemen>>	abatement
production-1933-vol1-chapters	88	21.4	pauciflorus	sp sand bur cenchrus <<pauciflorus>> nut grass cyperus	pauciflorous
production-1933-vol1-chapters	88	22.3	emex	sp spiny dock <<emex>> spinosus russian thistle salsola kali	amex|cemex|eex|elex|emax|eme
production-1933-vol1-chapters	88	31.2	cretica	weed cressa <<cretica>> dodder cuscuta sp klamath weed	cretic|critica
production-1933-vol1-chapters	88	41.2	nosum	xanthium sp <<nosum>> corn chrysanthemum chrysanthemum	norum|nosu|notum|novum|osum
production-1933-vol1-chapters	88	45.2	veus	centaurea re <<veus>> iberian thistle centaurea iberica star	ceus|deus|eus|geus|meus|neus
production-1933-vol1-chapters	89	46.0	nttisances	<<nttisances>>	nuisances
production-1933-vol1-chapters	90	26.8	jusufy	by the crops or growing trees would <<jusufy>> the protection of said	jusuf
production-1933-vol1-chapters	90	30.11	deasion	be added to the committee and the <<deasion>> of two	deason
production-1933-vol1-chapters	90	33.3	desembed	jf the committee <<desembed>> in the preceding section determines	desember|disembed
production-1933-vol1-chapters	90	36.12	deserib	whose crops or growing trees are involved <<deserib>>	deseri
production-1933-vol1-chapters	91	11.10	glunders	use expose or fail to immediately kill <<glunders>>	blunders|glanders|plunders
production-1933-vol1-chapters	91	17.9	tuerculos	sell after notification of its condition from <<tuerculos>>	tuberculous
production-1933-vol1-chapters	91	26.8	jolation	person owning or having possession or control <<jolation>>	colation|eolation|jobation|jotation|solation|volation
production-1933-vol1-chapters	92	0.4	inteci	such a manner may <<inteci>> ciher scep not so infected	intec|intech
production-1933-vol1-chapters	92	0.5	ciher	such a manner may inteci <<ciher>> scep not so infected	cher|chier|ciber|cicer|cider|cihr
production-1933-vol1-chapters	92	2.3	ecanty	located in any <<ecanty>> he directory ends cattle infec ed with	canty|scanty
production-1933-vol1-chapters	92	2.8	infec	in any ecanty he directory ends cattle <<infec>> ed with	indec|inec|infect|infer|insec|intec
production-1933-vol1-chapters	92	3.3	tiek	the boophilus avinuirtis <<tiek>> ov shee tniiectcd or exposed to	biek|iek|itek|liek|miek|niek
production-1933-vol1-chapters	92	5.8	sicep	in control of saic za tle or <<sicep>> to dip or otherwise	bicep|scep|sice|sicel|sicp|siep
production-1933-vol1-chapters	92	8.5	saell	of such cattle cr sheep <<saell>> comply with the notice within	sael|saeli|sakell|sall|samll|savell
production-1933-vol1-chapters	92	11.9	coutrel	wes given the owner or person ia <<coutrel>> of said	costrel|coutel|coutre
production-1933-vol1-chapters	94	17.2	zderpest	mouth disease <<zderpest>> surra or contagious pleuropneumonia ure dis	deepest
production-1933-vol1-chapters	94	24.0	sntv	<<sntv>> such district or from plice to place	antv|intv|kntv|ntv|ontv|sbtv
production-1933-vol1-chapters	94	27.0	meutwe	<<meutwe>> established the director may	meute
production-1933-vol1-chapters	96	20.0	tmporta	<<tmporta>> whenever the director determines that an infectious	importa
production-1933-vol1-chapters	96	35.0	aumals	<<aumals>> mules dairy cattle breeding bulls goats or	aumale
production-1933-vol1-chapters	97	16.10	femlr	desiring to import sheep other than buck <<femlr>>	femur
production-1933-vol1-chapters	98	2.8	acered	owner ho ds a valid certificate of <<acered>> tation issued to	acred|cered
production-1933-vol1-chapters	98	25.0	tuberclm	<<tuberclm>> tuberculin ic the state that has not	tubercle
production-1933-vol1-chapters	98	39.0	trregutar	<<trregutar>> whenever the director has reason to suspect	irregular
production-1933-vol1-chapters	99	15.7	braning	every reactor shall immediately upon the determination <<braning>>	beaning|bracing|brading|braining|braking|branding
production-1933-vol1-chapters	99	27.8	feaern	department may in cooperation with the united <<feaern>>	fearn|federn
production-1933-vol1-chapters	100	4.3	couay	lished within such <<couay>> necessary to accomplish the object	comay|copay|coray|couac|coucy|couey
production-1933-vol1-chapters	100	22.0	pronsional	<<pronsional>> grawn from a tubereulcsiy control area it	provisional
production-1933-vol1-chapters	100	34.1	eulin	forest <<eulin>> testing within a tuberculosis control area shall	aulin|bulin|culin|dulin|edlin|eflin
production-1933-vol1-chapters	102	27.0	egigree	<<egigree>>	emigree|pedigree
production-1933-vol1-chapters	103	39.2	enttle	no other <<enttle>> may enter a tuberculosis control area unless	entitle|ettle|nettle
production-1933-vol1-chapters	105	34.0	mulgate	<<mulgate>> and enforce such rules and regulations as	milgate|vulgate
production-1933-vol1-chapters	106	42.0	thseased	<<thseased>> sary make or cause to be made	diseased
production-1933-vol1-chapters	107	14.0	slipers	<<slipers>> associated therewith	slicers|sliders|slippers|slivers|slopers|snipers
production-1933-vol1-chapters	107	16.9	pubue	such nuisance exists within his jurisdiction the <<pubue>>	pube
production-1933-vol1-chapters	107	34.8	enropen	upon inspection of any apiary european toulbrood <<enropen>>	europen
production-1933-vol1-chapters	107	39.12	tsws	the owner or bailee of an apiary <<tsws>>	csws|gsws|sws|taws|tews|tfws
production-1933-vol1-chapters	109	34.8	reaure	requirements which must be met by establish <<reaure>>	reaume|recure
production-1933-vol1-chapters	112	48.6	diseontinues	state in the event the establishment <<diseontinues>> inspection or	discontinues
production-1933-vol1-chapters	113	3.0	yacturing	<<yacturing>> meat food products for human consumption in	maturing
production-1933-vol1-chapters	114	43.0	expuation	<<expuation>> meat all such licenses shall expire on	expiation|expiration|expuition
production-1933-vol1-chapters	115	38.8	braing	director may divide the state into branding <<braing>>	baaing|baring|bracing|brading|braig|brain
production-1933-vol1-chapters	116	43.0	veate	<<veate>> have been personally made by him and	beate|eate|keate|neate|peate|reate
production-1933-vol1-chapters	117	36.12	nvrr	to change to another location he j <<nvrr>>	narr|norr|nrr|nver|nvr|nvra
production-1933-vol1-chapters	119	38.10	tramput	or owner or driver of any convey <<tramput>>	trampot
production-1933-vol1-chapters	120	6.0	chughter	<<chughter>> ave been inspected as herein provided prior	daughter
production-1933-vol1-chapters	123	1.12	wanster	nor shall he use the same until <<wanster>>	ganster|wabster|waister|wanser|wanter|waster
production-1933-vol1-chapters	123	25.10	giainon	lets to mares or jennies any stallion <<giainon>>	liaison
production-1933-vol1-chapters	124	0.0	venaines	<<venaines>> any person violating the provisions of sections	engines
production-1933-vol1-chapters	126	49.0	tmued	<<tmued>> and animals trespassing upon lawfully enclosed land	trued|tumed
production-1933-vol1-chapters	132	0.0	glyision	<<glyision>>	gleision
production-1933-vol1-chapters	132	1.0	insamitary	<<insamitary>> it is unlawful to sell give away	insanitary
production-1933-vol1-chapters	132	2.0	rducts	<<rducts>> ingly purchase or receive any milk goat	ducts
production-1933-vol1-chapters	133	7.11	partumtion	days prior to or five davs after <<partumtion>>	partition
production-1933-vol1-chapters	133	25.11	misture	sell for human consumption as cow s <<misture>>	mistura|misturn|mixture|moisture
production-1933-vol1-chapters	135	21.8	rereptacle	except as herein provided all receptacles used <<rereptacle>>	receptacle
production-1933-vol1-chapters	138	6.9	cyentative	once each month y an official rep <<cyentative>> of an approved milk	tentative
production-1933-vol1-chapters	138	30.4	aulk	b if pasteurized guaranteed <<aulk>> shal conform to all the require	alk|auck|auk|aul|aula|auld
production-1933-vol1-chapters	138	45.3	reqi	from such scoring <<reqi>> irements and from the use of labels	reai|reci|redi|refi|regi|rei
production-1933-vol1-chapters	142	7.0	buttermlk	<<buttermlk>> buttcrmilk is that portion of sweet or	buttermilk
production-1933-vol1-chapters	143	3.8	pasteuried	pasteurized blended cheese is the pasteurized product <<pasteuried>>	pasteurised|pasteurized
production-1933-vol1-chapters	143	12.7	sbelin	the labeling and the advertising of pasteurized <<sbelin>>	begin|belin|ibelin|selin
production-1933-vol1-chapters	143	16.6	fasteurize	pasteurized cheese pasteurized blended cheese emulsified <<fasteurize>>	pasteurize
production-1933-vol1-chapters	143	33.11	granunr	made by the so called stirred curd <<granunr>>	grantor
production-1933-vol1-chapters	144	1.5	ercam	skim milk en ched with <<ercam>> or butterfat sufficient so that	arcam|ecam|eram|ercan|ircam
production-1933-vol1-chapters	145	44.8	fmtation	cream is any substance mixture or com <<fmtation>>	fetation
production-1933-vol1-chapters	146	3.4	suiic	oleomargarine batter ne ardine <<suiic>> and neutral	subic|sudic|sufic
production-1933-vol1-chapters	146	12.0	tmaation	<<tmaation>> every article substsree oy compound other than	taxation
production-1933-vol1-chapters	146	50.0	wecream	<<wecream>> substances mixtures or compounds made in imitation	cream|decream
production-1933-vol1-chapters	147	44.12	moanea	are to be used in the manufacture <<moanea>>	manea|moana|moaned|moaner|money
production-1933-vol1-chapters	148	0.4	fasrenheit	forty five deg es <<fasrenheit>>	fahrenheit|farenheit
production-1933-vol1-chapters	148	3.3	tnereo	of the efficiency <<tnereo>>	nereo
production-1933-vol1-chapters	148	5.0	spparatu	<<spparatu>> skim milk or evcav shall be kept	separate
production-1933-vol1-chapters	148	6.4	urizing	condition and very past <<urizing>> plant shall be equipped with	prizing
production-1933-vol1-chapters	148	36.3	mstration	picture or i <<mstration>> i connection with the advertising or	station
production-1933-vol1-chapters	149	1.0	ercam	<<ercam>> buttermilk or ice milk are regularly sold	arcam|ecam|eram|ercan|ircam
production-1933-vol1-chapters	150	0.3	tllous	marks or design <<tllous>> are placed only on an ipnccr clip	allows
production-1933-vol1-chapters	150	17.0	andcrean	<<andcrean>> tained as provided in this code marke	andrean|andreas
production-1933-vol1-chapters	150	51.6	jeveled	labeling butter when sold shall be <<jeveled>> with the rame and	beveled|jeweled|leveled|reveled
production-1933-vol1-chapters	151	15.10	laveling	must be labeled to indicate the variety <<laveling>>	aveling|labeling|leveling|loveling|raveling|slaveling
production-1933-vol1-chapters	152	23.5	suloor	milk in ing house restaurant <<suloor>> lunch counter or any place of	floor|suhoor|suroor
production-1933-vol1-chapters	152	50.1	percentar	and <<percentar>> s of t e various ingredients used	percental|percenter
production-1933-vol1-chapters	153	0.2	cneesce	stitute ror <<cneesce>>	cheese
production-1933-vol1-chapters	153	32.9	margarme	any oleomargarine or any substance designed to <<margarme>>	margaree
production-1933-vol1-chapters	154	0.3	sceper	use ot no <<sceper>> or proprietor of eny bakery hotel board	scepter|scheper|seper
production-1933-vol1-chapters	154	1.0	marganie	<<marganie>> ing house res aurait saloon lunch counter	margarine
production-1933-vol1-chapters	154	26.3	levib	display a conspicuous <<levib>> e sign containing the words	leib|levi|levia|levie|levin|levir
production-1933-vol1-chapters	154	32.6	ererm	is sold the words imitation ice <<ererm>> or imitation ice	erer|errm
production-1933-vol1-chapters	154	35.7	iini	case shall the letters in the words <<iini>> ation re cream imi	aini|bini|cini|dini|fini|gini
production-1933-vol1-chapters	154	36.7	inexnes	tation ice milk be less than six <<inexnes>> high no person sha	indexes
production-1933-vol1-chapters	154	38.6	hrecd	representation of a cow or any <<hrecd>> of dairy cattle or any	recd
production-1933-vol1-chapters	154	46.3	atior	cream or imi <<atior>> ice milk shall obtain a license from	aitor|ation|atir|ator|avior
production-1933-vol1-chapters	156	0.1	betoz	other <<betoz>> engaging m the business of manufacturing	becoz|below|beto|beton|betor|betos
production-1933-vol1-chapters	156	3.2	roclified	milk or <<roclified>> milk every person in addition to the	rectified
production-1933-vol1-chapters	156	14.3	ormilly	said license shall <<ormilly>> expire on the thirty first day of	oreilly|romilly
production-1933-vol1-chapters	156	20.2	famii	his own <<famii>> or for transportation in czese of a	amii|camii|faii|fami|famil|famili
production-1933-vol1-chapters	156	25.5	witheri	cream or imitation jce milk <<witheri>> first having applied for	wither|withers|withery
production-1933-vol1-chapters	156	33.5	olecin	porm all licenses pertaining to <<olecin>> rearine renovated butter	olefin|olein|olenin
production-1933-vol1-chapters	156	33.6	rearine	porm all licenses pertaining to olecin <<rearine>> renovated butter	rearing|rearise
production-1933-vol1-chapters	156	48.4	heense	ment shall issue r <<heense>> te ergnge in the business for which	heene|heese|hense
production-1933-vol1-chapters	156	52.7	oviso	for butter shall contain the following p <<oviso>> provided that this license	aviso|ogiso|ovis|ovism|ovist|viso
production-1933-vol1-chapters	159	1.9	babycock	the babcock test the milk fat column <<babycock>>	babcock
production-1933-vol1-chapters	159	3.1	bottoin	extreme <<bottoin>> of the fat coluran to the top	bottin|botton|bottoni
production-1933-vol1-chapters	159	4.4	ercam	meniscus in tests on <<ercam>> in cream test bottles the meniscus	arcam|ecam|eram|ercan|ircam
production-1933-vol1-chapters	160	8.5	liliter	one hundredths of a mi <<liliter>>	limited|limiter
production-1933-vol1-chapters	161	39.7	initatio	all manufacturers of imitation dairy products shal <<initatio>>	imitatio
production-1933-vol1-chapters	161	49.1	fatd	r <<fatd>>	atd|faad|fad|fadd|faed|fahd
production-1933-vol1-chapters	162	26.0	transferof	<<transferof>> registration of any duplicate or similar brand	transferor
production-1933-vol1-chapters	163	22.10	retum	dairy equipment marked with a brand regis <<retum>> to	fretum|rectum|regum|rerum|resum|retam
production-1933-vol1-chapters	167	32.9	welean	carrier private carrier for hire or common <<welean>>	elean|melean|pelean|welman
production-1933-vol1-chapters	168	40.0	cuaprer	<<cuaprer>> fruit nur and vegetable standards	chapter
production-1933-vol1-chapters	170	6.0	uginal	<<uginal>> section j	uinal|urinal
production-1933-vol1-chapters	170	51.11	freut	bulk load of any fresh or dried <<freut>> nut or	freet|freit|fret|frett|freud|reut
production-1933-vol1-chapters	171	36.10	jreiau	while enforcing the provisions of this chapter <<jreiau>>	areias
production-1933-vol1-chapters	172	0.0	pubhe	<<pubhe>> any ruzts nuts or vegetables fucked stored	dubhe|pube|puhe
production-1933-vol1-chapters	172	0.2	ruzts	pubhe any <<ruzts>> nuts or vegetables fucked stored delivered	runts|rusts|ruts
production-1933-vol1-chapters	174	2.6	ivutal	fruits dates grapes peaches pears o <<ivutal>> persimmons plums and fresh	vital
production-1933-vol1-chapters	174	3.6	articho	prunes wonderful pomeg nates quinces walnuts <<articho>> xes canta	article
production-1933-vol1-chapters	174	4.5	reluns	loupes carrots cnulifiuwer bead icttuce <<reluns>> onions peus potatoes	reruns
production-1933-vol1-chapters	174	5.4	uppli	sweet potatoes tomatoes anc <<uppli>>	appli|suppli
production-1933-vol1-chapters	174	23.7	ovetripeness	from serious gamage due to insect injury <<ovetripeness>> rancid	overripeness
production-1933-vol1-chapters	175	9.8	chernes	shall be mature but not overripe free <<chernes>>	charges|charnes|chenes|cherles|chermes|cherne
production-1933-vol1-chapters	180	1.12	isrix	contains soluble solids ns determined by a <<isrix>> scale	inrix|irix|isri
production-1933-vol1-chapters	180	3.8	ccclera	in the juice no grapefruit muy be <<ccclera>> ed in color unless the	cholera
production-1933-vol1-chapters	180	10.9	mutire	soluble solids to ac d than the <<mutire>> grapefruit grown in the	mutare|mutie|mutive
production-1933-vol1-chapters	180	28.6	ninetenths	sixty one onehrndredths chroma four anc <<ninetenths>> g y	nineteenth|nineteenths
production-1933-vol1-chapters	180	49.0	ferown	<<ferown>> in in like size type all dates	feron|frown
production-1933-vol1-chapters	181	29.0	bicane	<<bicane>> ohanez	became|bicone|bimane
production-1933-vol1-chapters	181	34.0	dizmar	<<dizmar>> rish baba	ditmar
production-1933-vol1-chapters	181	35.2	rosaki	golden queen <<rosaki>>	kosaki|osaki|rosa|rosati
production-1933-vol1-chapters	181	42.0	hunisa	<<hunisa>> rose de fallout	unisa
production-1933-vol1-chapters	181	43.0	maraville	<<maraville>> de malaga sultanina rose	maravilla|marville|maryville|matraville
production-1933-vol1-chapters	181	43.3	sultanina	maraville de malaga <<sultanina>> rose	sultanian|sultanin
production-1933-vol1-chapters	181	44.0	molinera	<<molinera>> gorda tokay	molera
production-1933-vol1-chapters	182	7.0	corinthe	<<corinthe>> noir pierce	cerinthe|corinth
production-1933-vol1-chapters	182	45.8	cleems	of such grapes such proof as he <<cleems>> necessary that	clems
production-1933-vol1-chapters	183	14.0	dizmar	<<dizmar>> and ribier shall test not less than	ditmar
production-1933-vol1-chapters	184	5.2	virice	servian blue <<virice>> sabella pierce isabella regia california concord	viride|virile|vorice
production-1933-vol1-chapters	184	7.2	lulaga	beyrouth red <<lulaga>> khali persian dizmar and ribier shell	bulaga
production-1933-vol1-chapters	184	7.5	dizmar	beyrouth red lulaga khali persian <<dizmar>> and ribier shell	ditmar
production-1933-vol1-chapters	186	4.1	oricital	packed <<oricital>> persimmons shall not vary in any one	original
production-1933-vol1-chapters	186	44.0	granates	<<granates>>	gradates|granate|granites
production-1933-vol1-chapters	187	12.10	qquinces	mature but not overripe shall be free <<qquinces>>	quinces
production-1933-vol1-chapters	188	4.9	csuling	the kernel of any one walnut when <<csuling>> frum white mold gray	couling
production-1933-vol1-chapters	190	8.0	funtar	<<funtar>> cantaloupes shall be mature but not overripe	hunter|kuntar|untar
production-1933-vol1-chapters	190	28.6	imatie	view of diffe nces in c <<imatie>> and other natural conditions	matie
production-1933-vol1-chapters	192	29.2	unicss	not serious <<unicss>> the head is burst open vs is	unics
production-1933-vol1-chapters	192	45.3	miside	width and the <<miside>> length in itehes directly preceded by the	iside|mistide
production-1933-vol1-chapters	192	45.6	itehes	width and the miside length in <<itehes>> directly preceded by the word	itches
production-1933-vol1-chapters	194	1.0	omons	<<omons>> onions shall be free from insect injury	amons|emons|mons|moons|omens|omon
production-1933-vol1-chapters	196	6.5	sealc	win spot jonethan spot sun <<sealc>> spray burn hail marks	salc|seac|seal|sealch|seale|seals
production-1933-vol1-chapters	200	12.6	bandred	one container n boxes containing one <<bandred>> thirty eight	banded|bandied
production-1933-vol1-chapters	200	22.6	bcitig	varieties alexander red astrachan white astrachan <<bcitig>>	citing
production-1933-vol1-chapters	201	11.3	ininches	no name ininehes <<ininches>> ininches	inches
production-1933-vol1-chapters	201	11.4	ininches	no name ininehes ininches <<ininches>>	inches
production-1933-vol1-chapters	204	27.11	inecb	of bottom piece three eighths of an <<inecb>> height	incb|inec
production-1933-vol1-chapters	204	59.1	ilvg	standard <<ilvg>> box	ilag|ilg|ilog|ilv|ilva|ilvl
production-1933-vol1-chapters	206	0.0	contamrs	<<contamrs>> of more cleats on each end which	contains
production-1933-vol1-chapters	208	67.2	cantalou	or special <<cantalou>> e flat	cantaloup
production-1933-vol1-chapters	212	45.13	vbirty	tall can if more than six hundred <<vbirty>> are	birty
production-1933-vol1-chapters	214	0.7	ipped	o all canned fruit including olives s <<ipped>> delivered for shipment	dipped|hipped|ippei|ippen|jipped|kipped
production-1933-vol1-chapters	214	2.5	ictte	and permanently marked seconds in <<ictte>> s not less than one fourth of	ctte|itte
production-1933-vol1-chapters	215	37.10	inarkers	container of canned fruit vegetables or ripe <<inarkers>>	markers
production-1933-vol1-chapters	216	17.1	pereae	v <<pereae>> the standard of quality condition and or	perea|perean|persae
production-1933-vol1-chapters	217	27.12	ohve	to be known as the canned ripe <<ohve>> appeal	ahve|hove|hve|ohde|ohe|ohev
production-1933-vol1-chapters	217	30.3	ohve	the canned ripe <<ohve>> appeal board shall consist of men experienced	ahve|hove|hve|ohde|ohe|ohev
production-1933-vol1-chapters	218	43.0	fempoo	<<fempoo>> vision of this chapter i he establishes	tempo
production-1933-vol1-chapters	220	1.6	oecked	october or to other fru t <<oecked>> prior to january	decked|necked|pecked|recked
production-1933-vol1-chapters	220	10.1	fieup	cuaprtir <<fieup>> crops	fixup
production-1933-vol1-chapters	220	48.5	svech	services would be lessened by <<svech>> advance payments	sech|seech|stech|svec
production-1933-vol1-chapters	221	5.0	distnet	<<distnet>> is established inspection service may be rendered	distent
production-1933-vol1-chapters	222	44.0	cuaprer	<<cuaprer>> steps	chapter
production-1933-vol1-chapters	223	0.2	alsike	son clover <<alsike>> clover white clover field peas cowpeas pefintio	alike|alsine
production-1933-vol1-chapters	223	7.2	ioleus	johnson grass <<ioleus>> halepensis	coleus|ileus|iolaus|soleus
production-1933-vol1-chapters	223	18.6	radicata	coast dandelion cat s car hypochaeris <<radicata>>	eradicate|radiata|radicate|radicati
production-1933-vol1-chapters	223	37.10	alsike	alfalfa sweet clover red clover crimson clover <<alsike>>	alike|alsine
production-1933-vol1-chapters	224	2.7	radicatu	coast danc chon cat s iar flypochueris <<radicatu>>	eradicate|radicate|radicati
production-1933-vol1-chapters	224	3.3	sualsola	russian this le <<sualsola>> pestifer	salsola
production-1933-vol1-chapters	224	3.4	pestifer	russian this le sualsola <<pestifer>>	pettifer
production-1933-vol1-chapters	224	5.3	funchus	creeping soy vbistle <<funchus>> ravens s	funches
production-1933-vol1-chapters	224	6.3	joinn	klamath ced st <<joinn>> s wert hypericum perforatum	jinn|joann|johnn|join|joing|joinin
production-1933-vol1-chapters	224	8.5	hoderi	white or creeping wallow sida <<hoderi>> cea	hodari
production-1933-vol1-chapters	224	36.5	alsike	clover red clover white clover <<alsike>> clover sweet clover	alike|alsine
production-1933-vol1-chapters	225	15.8	latels	mixtures of agricultural seeds in an amount <<latels>>	labels|lapels|lately|laters|lates|lavels
production-1933-vol1-chapters	225	41.8	recleaning	when in store for the purpose of <<recleaning>> or not possessed	precleaning
production-1933-vol1-chapters	226	32.0	molation	<<molation>> provisions of this article shall before the	colation|eolation|moration|solation|volation
