production-1994-vol2	2028	13.10	lambra	or revocation of the designation of a <<lambra>>	ambra|cambra|labra|lamba|lambda|lambro
production-1994-vol2	2028	23.1	lambra	a <<lambra>> means a local agency military base recovery	ambra|cambra|labra|lamba|lambda|lambro
production-1994-vol2	2028	27.5	lambra	trade or business within a <<lambra>> and for the first two income	ambra|cambra|labra|lamba|lambda|lambro
production-1994-vol2	2028	37.9	lambra	doing business in this state with their <<lambra>>	ambra|cambra|labra|lamba|lambda|lambro
production-1994-vol2	2029	10.1	lambra	a <<lambra>> the attributable loss shall be determined in	ambra|cambra|labra|lamba|lambda|lambro
production-1994-vol2	2029	14.6	lambra	loss shall be apportioned to a <<lambra>> by multiplying the loss from	ambra|cambra|labra|lamba|lambda|lambro
production-1994-vol2	2029	20.3	lambra	taxpayer within a <<lambra>> determined in accordance with the	ambra|cambra|labra|lamba|lambda|lambro
production-1994-vol2	2029	25.0	lambra	<<lambra>> by multiplying total income from the business	ambra|cambra|labra|lamba|lambda|lambro
production-1994-vol2	2029	31.0	lambra	<<lambra>> shall be deemed to remain in existence	ambra|cambra|labra|lamba|lambda|lambro
production-1994-vol2	2056	25.8	liebre	on the northwesterly boundary of rancho la <<liebre>>	liable|libere|libre|liebe|lieber|lierre
production-1994-vol2	2064	14.8	liebre	on the northwesterly boundary of rancho la <<liebre>>	liable|libere|libre|liebe|lieber|lierre
production-1994-vol2	2069	45.11	subida	intersection of the center line of tierra <<subida>>	subidar|subidea|subiya|sumida
production-1994-vol2	2070	41.5	subida	of palmdale boulevard and tierra <<subida>> avenue	subidar|subidea|subiya|sumida
production-1994-vol2	2070	43.0	subida	<<subida>> avenue to the intersection of the north	subidar|subidea|subiya|sumida
production-1994-vol2	2100	1.4	duplicatory	the report is not <<duplicatory>> of or in conflict with other	duplicator|duplicators
production-1994-vol2	2138	19.1	cslb	call <<cslb>> for more information	clb|colb|csb|csfb|csl|csla
production-1994-vol2	2148	29.0	relending	<<relending>> those funds to small businesses a corporation	relenting|resending
production-1994-vol5	3	41.7	nejedly	carried out pursuant to the z berg <<nejedly>> forest practice act of	needly|needy
production-1994-vol5	11	48.0	bbnko	<<bbnko>>	banko|benko|bunko
production-1994-vol5	23	41.1	fankhouser	b <<fankhouser>> was employed to serve as the first	fankhauser|funkhouser
production-1994-vol5	39	30.3	rasheeyda	jaycee lee dugard <<rasheeyda>> wilson and countless other	rasheeda
production-1994-vol5	49	0.2	detote	awesome tasks <<detote>> us ana	demote|denote|detore|dette|devote
production-1994-vol5	54	20.0	myaligic	<<myaligic>> encephalomyelitis and	myalgic
production-1994-vol5	62	39.2	billetted	jammed with <<billetted>> troops and	billeted
production-1994-vol5	98	8.7	ncadd	national council on alcoholism and drug dependence <<ncadd>>	cadd|card|nadd
production-1994-vol5	98	23.1	ncadd	whereas <<ncadd>> established the first library on alcoholism	cadd|card|nadd
production-1994-vol5	98	34.1	ncadd	whereas <<ncadd>> founded the research society on	cadd|card|nadd
production-1994-vol5	98	41.0	ncadd	<<ncadd>> created and nurtured this and many other	cadd|card|nadd
production-1994-vol5	113	26.6	mctc	whereas the marine corps training center <<mctc>> at	actc|cctc|ctc|fctc|ictc|matc
production-1994-vol5	113	41.1	mcces	school <<mcces>> which evaluates new communication and	acces|cces|maces|mccs
production-1994-vol5	113	43.4	antiair	operational communication air control <<antiair>> warfare and	antiar
production-1994-vol5	113	45.0	mcces	<<mcces>> is the marine corps largest formal school	acces|cces|maces|mccs
production-1994-vol5	135	1.6	sandvig	celano norris memorial bridge and the <<sandvig>> scanlon memorial	sandbag|sandvik
production-1994-vol5	135	14.2	sandvig	designated the <<sandvig>> scanlon memorial bridge and be it further	sandbag|sandvik
production-1994-vol5	154	26.6	helwer	belotti memorial freeway and the sam <<helwer>> memorial freeway	helder|helfer|helier|heller|helmer|helper
production-1994-vol5	155	5.5	helwer	redwood freeway including mr sam <<helwer>> the district engineer	helder|helfer|helier|heller|helmer|helper
production-1994-vol5	155	10.2	helwer	whereas mr <<helwer>> served his country in the united states	helder|helfer|helier|heller|helmer|helper
production-1994-vol5	155	24.5	helwer	design department from to mr <<helwer>> served as the	helder|helfer|helier|heller|helmer|helper
production-1994-vol5	156	0.3	helwer	whereas in mr <<helwer>> returned to headquarters office	helder|helfer|helier|heller|helmer|helper
production-1994-vol5	156	8.8	helwer	it is proper that the late sam <<helwer>> be recognized	helder|helfer|helier|heller|helmer|helper
production-1994-vol5	156	15.0	helwer	<<helwer>> an engineer adjoining segments of the redwood	helder|helfer|helier|heller|helmer|helper
production-1994-vol5	156	27.1	helwer	sam <<helwer>> memorial freeway and be it further	helder|helfer|helier|heller|helmer|helper
production-1994-vol5	156	39.8	helwer	resolution to delphine moranda belotti and cordy <<helwer>> and	helder|helfer|helier|heller|helmer|helper
production-1994-vol5	160	39.1	segreta	storia <<segreta>> the secret story to the capitol rotunda	secreta|segreti|segreto
production-1994-vol5	175	26.3	munemori	whereas sadao s <<munemori>> an american of japanese	munenori
production-1994-vol5	175	29.2	munemori	whereas private <<munemori>> was assigned to the th infantry	munenori
production-1994-vol5	175	37.2	munemori	california private <<munemori>> trained with the th battalion at	munenori
production-1994-vol5	175	40.8	munemori	as a member of a company private <<munemori>> was	munenori
production-1994-vol5	176	8.4	munemori	whereas in march private <<munemori>> and a company	munenori
production-1994-vol5	176	15.4	munemori	whereas without hesitation private <<munemori>> took command	munenori
production-1994-vol5	176	18.2	munemori	whereas private <<munemori>> gave his life to save two of	munenori
production-1994-vol5	176	21.2	munemori	whereas private <<munemori>> s ultimate act of heroism not only	munenori
production-1994-vol5	176	25.0	munemori	<<munemori>> was posthumously awarded the congressional medal of	munenori
production-1994-vol5	176	35.4	munemori	designated the sadao s <<munemori>> memorial freeway interchange	munenori
production-1994-vol5	181	0.0	sinokis	<<sinokis>> avila	sinks
production-1994-vol5	189	37.5	matuca	requested to grant to the <<matuca>> chapter no of the ancient	macuca|maruca|matica|matua|matula|matura
production-1994-vol5	190	1.9	matuca	to the director of transportation and the <<matuca>>	macuca|maruca|matica|matua|matula|matura
production-1994-vol5	192	40.0	gabrielinos	<<gabrielinos>> have held general membership meetings in the	gabrielino
production-1994-vol5	193	0.5	attairs	members participate consistently in tribal <<attairs>> now therefore be	attains
production-1994-vol5	193	5.3	inhabitance	recognizing the indian <<inhabitance>> of the los angeles basin and the	inhabitancy
production-1994-vol5	207	16.1	plof	se <<plof>> am california to be affixed this th	lof|olof|plf|plo|plod|plog
production-1994-vol5	207	20.4	fornj	bo kee pe eat <<fornj>>	forn|forna|forni|forno
production-1994-vol5	223	27.1	vcin	network <<vcin>> created pursuant to section of the penal	acin|cin|icin|vain|vci|vcn
production-1994-vol5	241	0.0	imposion	<<imposion>> of sentence de suspended ior any person	implosion|impoison
production-1994-vol5	246	0.6	omcers	and upon release to law enforcement <<omcers>> ang me genera	omers
production-1994-vol5	267	0.5	contmtol	crime oy criminal street rahs <<contmtol>>	control
production-1994-vol5	296	47.0	pentoner	<<pentoner>>	pensioner
production-1994-vol5	320	0.2	geatil	jury of <<geatil>>	gentil
production-1994-vol5	333	0.2	nrearm	or a <<nrearm>> irom or at an occupied motor venice	prearm|rearm
production-1994-vol5	340	0.2	vode	and msutuuoons <<vode>>	bode|code|dode|fode|gode|hode
production-1994-vol5	357	0.10	mrearm	of which moves tne use of a <<mrearm>>	prearm|rearm
production-1994-vol5	402	0.0	aiticie	<<aiticie>> punaime	article
production-1994-vol5	402	0.1	punaime	aiticie <<punaime>>	punaise
production-1994-vol5	412	0.0	chapibr	<<chapibr>>	chapter
production-1994-vol5	435	0.3	concermng	criminal history mrormation <<concermng>> me person wnetner or nol	concering|concerning
production-1994-vol5	483	8.1	rollens	rick <<rollens>> e dotson wilson	collens|pollens|rollen|rollers|rolles|rollins
production-1994-vol5	487	7.2	sechon	sec eseseeeeesrereeeretsseeseerereeere <<sechon>>	echon|lechon|mechon|schon|sechin|secon
production-1994-vol5	504	0.0	neense	<<neense>> for certain causes	neese
production-1994-vol5	510	0.5	mvestments	any losses incurred in those <<mvestments>>	vestments
production-1994-vol5	534	0.0	teason	<<teason>>	beason|deason|eason|geason|leason|peason
production-1994-vol5	598	5.0	asphyxiants	<<asphyxiants>>	asphyxiant
production-1994-vol5	598	11.0	asphyxiants	<<asphyxiants>>	asphyxiant
production-1994-vol5	607	33.6	breakrooms	cal research or treatment sites employee <<breakrooms>> under prescribed conditions	breakroom
production-1994-vol5	614	0.0	volves	<<volves>> real property outside the jurisdictional boundaries of	evolves|solves|valves|voles|volkes|voltes
production-1994-vol5	650	13.6	chitat	from the homicide trial of charles <<chitat>> ng because of the extraordinary nature	chiat|chita|chitak|chital|chitta
production-1994-vol5	670	40.9	washbow	requires foundries and metal shops to maintain <<washbow>> and toilet	washbowl
production-1994-vol5	670	42.8	washbow	a misdemeanor penalty for violation of the <<washbow>> and toilet require	washbowl
production-1994-vol5	689	0.0	teason	<<teason>>	beason|deason|eason|geason|leason|peason
production-1994-vol5	712	0.0	teason	<<teason>>	beason|deason|eason|geason|leason|peason
production-1994-vol5	737	12.0	nonrenewals	<<nonrenewals>> cancellations or revisions of ceded reinsurance agreements	nonrenewal
production-1994-vol5	753	0.0	teason	<<teason>>	beason|deason|eason|geason|leason|peason
production-1994-vol5	754	0.0	exempuons	<<exempuons>>	exemptions
production-1994-vol5	758	7.2	klehs	ch ab <<klehs>> emergency medical services	klebs|klees|less
production-1994-vol5	762	55.1	suvenor	note <<suvenor>> numbers appear as a separate section at	surveyor
production-1994-vol5	775	11.5	nejedly	existing law the z berg <<nejedly>> forest practice act of authorizes the state	needly|needy
production-1994-vol5	781	52.6	nejedly	under existing law the z berg <<nejedly>> forest practice act of generally no	needly|needy
production-1994-vol5	826	0.11	beneht	person receiving or accepting any payment or <<beneht>> in considera	benet|benett
production-1994-vol5	834	0.2	klehs	ch ab <<klehs>> physician emergency services alameda county	klebs|klees|less
production-1994-vol5	856	37.10	interex	require the commission to require competitive intrastate <<interex>>	intere|interes|interrex|intersex
production-1994-vol5	880	18.2	klehs	ch ab <<klehs>> taxation motor vehicle fuel license tax tax	klebs|klees|less
production-1994-vol5	899	0.4	retront	priority list for seismic <<retront>> projects based on the bridge assessments performed	refront|retron|retrot
production-1994-vol5	909	50.9	nonfinal	subsequent payment adjustment years shall be deemed <<nonfinal>> payments and	nominal
production-1994-vol5	915	32.2	klehs	ch ab <<klehs>> unemployment insurance	klebs|klees|less
production-1994-vol5	929	0.0	peasol	<<peasol>>	peason|persol|person
production-1994-vol5	936	0.0	teason	<<teason>>	beason|deason|eason|geason|leason|peason
production-1994-vol5	936	41.8	recharacterize	bill would revise these provisions to a <<recharacterize>> restitution in the form	characterize
production-1994-vol5	942	46.8	nonreported	bill would impose a penalty of per <<nonreported>> employee as provided if	nondeported|unreported
production-1994-vol5	1014	30.8	pumpout	small craft launching facilities restrooms and vessel <<pumpout>> stations	purport
production-1994-vol5	1055	0.0	cienda	<<cienda>> heights and the puente hills landfill a	chenda|ciena|cienga|cinda|tienda
production-1994-vol5	1060	26.0	vcin	<<vcin>>	acin|cin|icin|vain|vci|vcn
production-1994-vol5	1073	0.8	nrearm	or gives possession of control of any <<nrearm>> to any person who s a member	prearm|rearm
production-1994-vol5	1094	40.13	natiori	financial burden on the citizens of this <<natiori>> the	natori
production-1994-vol5	1097	6.0	tsons	<<tsons>>	sons|thons|tions|tons|toons|trons
production-1994-vol5	1099	33.9	sandvig	acr areias celano norris memorial bridge and <<sandvig>> scanlon	sandbag|sandvik
production-1994-vol5	1099	37.10	sandvig	intersection with interstate highway route as the <<sandvig>> scanlon memori	sandbag|sandvik
production-1994-vol5	1102	28.13	helwer	myers flat to stafford as the sam <<helwer>>	helder|helfer|helier|heller|helmer|helper
production-1994-vol5	1103	0.0	segreta	<<segreta>> the secret story to the capitol and	secreta|segreti|segreto
production-1994-vol5	1104	34.6	munemori	res ch scr roberti sadao s <<munemori>> memorial freeway interchange	munenori
production-1994-vol5	1104	37.8	munemori	and interstate highway route the sadao s <<munemori>> memorial freeway	munenori
production-1994-vol5	1106	1.12	matuca	department of transportation to grant to the <<matuca>>	macuca|maruca|matica|matua|matula|matura
production-1994-vol5	1124	35.6	cctp	bill to california comprehensive testing program <<cctp>> while i am supportive	ccap|cccp|ccmp|ccnp|ccop|ccp
production-1994-vol5	1125	1.4	cctp	fornia comprehensive testing program <<cctp>> pursuant te the	ccap|cccp|ccmp|ccnp|ccop|ccp
production-1994-vol5	1125	50.3	cctp	comprehensive testing program <<cctp>> with the intention that these funds be	ccap|cccp|ccmp|ccnp|ccop|ccp
production-1994-vol5	1154	32.0	pvea	<<pvea>> energy conservation	avea|evea|paea|pdea|pea|plea
production-1994-vol5	1155	40.0	pvea	<<pvea>> energy related housing rehabilitation	avea|evea|paea|pdea|pea|plea
production-1994-vol5	1163	18.0	apeen	<<apeen>> review	aleen|alpeen|ameen|apen|appen|areen
production-1994-vol5	1168	49.0	annuieies	<<annuieies>>	annuities
production-1994-vol5	1169	52.3	thni	jomographie reports break <<thni>>	hni|tani|teni|thai|thani|thei
production-1994-vol5	1170	31.0	aubns	<<aubns>> bureau of state k	aubs
production-1994-vol5	1172	40.0	prakel	<<prakel>> cy of d f health fundin	brakel|pradel|rakel
production-1994-vol5	1172	57.0	roclamation	<<roclamation>>	proclamation|reclamation
production-1994-vol5	1173	2.0	brgod	<<brgod>> blo tests etc	bigod|brod|brood
production-1994-vol5	1173	6.0	latelets	<<latelets>> collection	atelets|platelets
production-1994-vol5	1174	22.0	sandvig	<<sandvig>> scanlon memorial bridge	sandbag|sandvik
production-1994-vol5	1174	55.1	betadione	startaylonitnile <<betadione>> styrene abs dards and specifi	betadine
production-1994-vol5	1174	56.7	ifical	acrylonitrile butadiene styrene abs pipe standards an <<ifical>>	fical
production-1994-vol5	1174	65.4	napter	ote tions are to <<napter>> numbers res are followed by nen ted	apter|naper|napier|napper|napster|nater
production-1994-vol5	1175	42.0	prequalifi	<<prequalifi>> ication pilot program	prequalify
production-1994-vol5	1177	0.0	cariacking	<<cariacking>> oy fo	carjacking
production-1994-vol5	1178	3.3	jaints	prevention funding dian <<jaints>> lan	aints|faints|jains|jaunts|joints|paints
production-1994-vol5	1178	66.12	aordin	ni i s are indicated in italics <<aordin>> i	bordin|gordin|jordin|mordin|nordin|ordin
production-1994-vol5	1179	36.0	declarato	<<declarato>> relief actions for	declarator
production-1994-vol5	1180	39.0	roclamation	<<roclamation>>	proclamation|reclamation
production-1994-vol5	1182	5.0	robationers	<<robationers>>	probationers
production-1994-vol5	1185	34.0	cpost	<<cpost>>	bpost|coost|cost|cpos|cpst|jpost
production-1994-vol5	1186	0.0	omcers	<<omcers>> and employees continued	omers
production-1994-vol5	1188	45.4	vcin	crime information network violent <<vcin>>	acin|cin|icin|vain|vci|vcn
production-1994-vol5	1188	47.4	vcis	rime information system violent <<vcis>>	acis|bcis|ccis|cis|dcis|ecis
production-1994-vol5	1189	54.2	ieawe	pair a <<ieawe>> of found not guilty b f	keawe
production-1994-vol5	1191	54.0	ortat	<<ortat>>	gortat|orat|ormat|orta|ortet
production-1994-vol5	1197	60.3	resoluth	ae eto n <<resoluth>> a in italics fi	resolute
production-1994-vol5	1199	0.0	juuages	<<juuages>>	judges
production-1994-vol5	1199	64.5	vapter	ote ci bes are or <<vapter>> nur numbers are followed by aon in	apter|valter|vaper|vaster|vater|vatter
production-1994-vol5	1200	9.6	lesignation	employees employees retirement system safety meml <<lesignation>>	designation|resignation
production-1994-vol5	1202	39.0	ceedin	<<ceedin>> ing x	credit|feedin|needin
production-1994-vol5	1206	39.0	nnvate	<<nnvate>> homes prepackaged food	novate
production-1994-vol5	1209	23.0	gabrielinos	<<gabrielinos>>	gabrielino
production-1994-vol5	1211	0.0	hagpish	<<hagpish>>	hagfish|haggish
production-1994-vol5	1213	15.0	acilities	<<acilities>>	abilities|facilities
production-1994-vol5	1213	62.0	acilities	<<acilities>>	abilities|facilities
production-1994-vol5	1214	23.0	helwer	<<helwer>> sam	helder|helfer|helier|heller|helmer|helper
production-1994-vol5	1215	7.1	daond	ro <<daond>> tal iba rial hi d	damond|dand|daoud|dond
production-1994-vol5	1215	15.1	helwer	sam <<helwer>> memorial freeway designation	helder|helfer|helier|heller|helmer|helper
production-1994-vol5	1215	18.6	munemori	routes and designation of sadao s <<munemori>> memorial freeway inter	munenori
production-1994-vol5	1215	22.0	sandvig	<<sandvig>> scanlon memorial bridge designation	sandbag|sandvik
production-1994-vol5	1218	50.0	acento	<<acento>> tad bs dards and specifi	aceto|amento|cento
production-1994-vol5	1218	51.1	onitrile	pipes <<onitrile>> butadiene styrene abs stan is and specifications	nitrile
production-1994-vol5	1224	41.0	onorariums	<<onorariums>> prohibitions	honorariums
production-1994-vol5	1225	8.0	aeiners	<<aeiners>> restitution re violations by	meiners|reiners|seiners|weiners
production-1994-vol5	1227	50.0	lpeultry	<<lpeultry>>	poultry
production-1994-vol5	1228	46.1	eeers	ro <<eeers>> confidentiality dis specified school	beers|deers|ebers|eers|elers|evers
production-1994-vol5	1233	34.0	lindhurst	<<lindhurst>> high school shootings pilot project to assess	lyndhurst
production-1994-vol5	1238	0.0	arivers	<<arivers>> lcenses x	drivers|rivers|trivers
production-1994-vol5	1238	0.1	lcenses	arivers <<lcenses>> x	censes|lenses|licenses
production-1994-vol5	1242	25.0	munemori	<<munemori>> sadao s	munenori
production-1994-vol5	1242	51.0	gabrielinos	<<gabrielinos>> aboriginal tribe of los angeles basin	gabrielino
production-1994-vol5	1242	61.2	chitat	ng charles <<chitat>>	chiat|chita|chitak|chital|chitta
production-1994-vol5	1246	61.5	vlation	chapters or a gen numbers <<vlation>> chapters x ted in italics first extraord	alation|elation|lation|vation|velation|viation
production-1994-vol5	1248	1.0	asphyxiants	<<asphyxiants>> and fumigants	asphyxiant
production-1994-vol5	1249	11.0	icoholic	<<icoholic>> erages licensed premises land use permits etc	alcoholic
production-1994-vol5	1250	11.0	esignation	<<esignation>> legislative support for	designation|resignation|signation
production-1994-vol5	1250	63.2	vapter	chapters or <<vapter>> pur numbers olution chapters xx cal in	apter|valter|vaper|vaster|vater|vatter
production-1994-vol5	1251	64.8	oluti	gi ons are or adapter nur numbers <<oluti>> ion chapters are indicated in italics first	luti|outi|soluti
production-1994-vol5	1252	66.2	napter	chapters or <<napter>> on numbers are ion chapt by are	apter|naper|napier|napper|napster|nater
production-1994-vol5	1253	44.1	plovees	public <<plovees>> see officers and employees public	plovers
production-1994-vol5	1255	20.2	emnity	bonds in <<emnity>>	enmity
production-1994-vol5	1260	0.0	exempnons	<<exempnons>> conhnued	exemptions
production-1994-vol5	1260	0.1	conhnued	exempnons <<conhnued>>	continued
production-1994-vol5	1261	0.3	transee	mountain house gional <<transee>> district	tranee|transe|transue
production-1994-vol5	1263	58.1	dhurst	i <<dhurst>> high school shootings pilot project to assess	durst|hurst|thurst
production-1994-vol5	1269	10.0	sicon	<<sicon>> valley	bicon|icon|micon|nicon|picon|ricon
production-1994-vol5	1269	45.1	probibitions	investment <<probibitions>> lifting of	prohibitions
production-1994-vol5	1271	47.0	ioees	<<ioees>> ahr d disciplinary	icees|idees
production-1994-vol5	1275	37.2	artory	career bre <<artory>> programs	aratory|armory|artery
production-1994-vol5	1276	55.2	napter	chapters or <<napter>> nun abers resolution ion chapters x first	apter|naper|napier|napper|napster|nater
production-1994-vol5	1279	0.0	memmorials	<<memmorials>>	memorials
production-1994-vol5	1280	0.0	weesspools	<<weesspools>> disposal of cleanings	cesspools
production-1994-vol5	1282	0.0	aiscnarges	<<aiscnarges>>	discharges
production-1994-vol5	1284	45.0	esignation	<<esignation>>	designation|resignation|signation
production-1994-vol5	1284	62.13	sessios	olution chapters x in italics fi dinary <<sessios>>	session|sessions
production-1994-vol5	1292	20.1	ioeg	ch <<ioeg>> an	doeg|hoeg|ieg|ioe|iog|iong
production-1994-vol5	1371	48.2	aggey	s ad <<aggey>> sec am a	agey|aggen|agger|aggrey|aggry|aggy
production-1994-vol5	1372	30.0	alxb	<<alxb>> sec ad initiative	alab|alb|alrb|alx
production-1994-vol5	1402	49.0	qalit	<<qalit>> ad am	alit|dalit|galit|halit|lalit|palit
production-1994-vol5	1418	14.0	siéar	<<siéar>> am	siar|sigar|sikar|simar|sinar|sisar
production-1994-vol5	1476	3.2	issks	initiative si <<issks>> a r	isss|issus
production-1994-vol5	1522	55.1	bysec	am <<bysec>> am	bsec|bysen
production-1994-vol5	1559	32.1	bysec	am <<bysec>> am	bsec|bysen
production-1994-vol5	1700	28.2	itlb	of ch <<itlb>> am	ilb|itb|itl|itll|itls|tlb
production-1994-vol5	1903	59.1	gioul	ad <<gioul>>	ghoul|goul|group
production-1994-vol5	1925	37.1	stcoe	am <<stcoe>> ptr	scoe|stoe|stroe
production-1994-vol5	1930	36.1	bajest	for <<bajest>> them references see section titled budget items	barest|basest
production-1994-vol5	1947	47.13	nonowned	contingent liability arising out of use of <<nonowned>>	nonowner
production-1994-vol5	1979	14.0	pahner	<<pahner>> city clerk	paner|panner|pawner|rahner|zahner
production-1994-vol5	2016	7.1	overexpenditures	h <<overexpenditures>> prohibited the total of proposed expenditures	overexpenditure
production-1994-vol5	2124	0.1	milias	meyer <<milias>> brown act and who are not exempted	ilias|lilias|milas|milia|milian|milis
production-1994-vol5	2138	6.0	bengyel	<<bengyel>> city clerk	bengel|benzyl|lengyel
production-1994-vol4	22	47.0	josq	<<josq>>	jos|josa|jose|josh|josi|joso
production-1994-vol4	66	0.1	tessilg	l <<tessilg>>	testing
production-1994-vol4	83	47.0	jorne	<<jorne>>	bjorne|borne|corne|dorne|horne|joane
production-1994-vol4	85	20.6	nonfinal	payment adjustment years shall be deemed <<nonfinal>> payments for	nominal
production-1994-vol4	96	0.2	noospital	toy acc <<noospital>>	hospital
production-1994-vol4	106	48.0	jorean	<<jorean>>	borean|corean|gorean|joran|jordan|joren
production-1994-vol4	157	47.0	onnb	<<onnb>>	nnb|odnb|onb|onn|onna|onne
production-1994-vol4	167	48.0	onnenn	<<onnenn>>	onnen|onnnn
production-1994-vol4	267	18.8	mewas	and fiscal standards not inconsistent with erisa <<mewas>>	dewas|hewas|meas|megas|mekas|melas
production-1994-vol4	267	21.1	mewas	employees <<mewas>> can be created as fully insured or	dewas|hewas|meas|megas|mekas|melas
production-1994-vol4	267	23.6	mewas	b the legislature recognizes that some <<mewas>> provide an	dewas|hewas|meas|megas|mekas|melas
production-1994-vol4	267	34.5	mewas	revoke certificates of compliance from <<mewas>> that violate the	dewas|hewas|meas|megas|mekas|melas
production-1994-vol4	268	0.3	mewas	authority to regulate <<mewas>>	dewas|hewas|meas|megas|mekas|melas
production-1994-vol4	302	40.4	nonegg	not more than percent <<nonegg>> substances or ingredients	none|nonego
production-1994-vol4	329	48.0	onbred	<<onbred>>	inbred|unbred
production-1994-vol4	359	0.0	ctimunals	<<ctimunals>>	criminals
production-1994-vol4	361	47.0	onrnen	<<onrnen>>	onnen
production-1994-vol4	377	48.0	ongson	<<ongson>>	longson
production-1994-vol4	384	48.0	rrrn	<<rrrn>>	rrn|rron|rrr|rrrr
production-1994-vol4	413	41.0	coassured	<<coassured>>	assured
production-1994-vol4	451	28.8	nonreported	a penalty of one hundred dollars per <<nonreported>>	nondeported|unreported
production-1994-vol4	507	35.3	phasein	means of the <<phasein>> process set forth in this act and	phaselin
production-1994-vol4	507	38.6	phasein	the seller of travel law registration <<phasein>> period of january	phaselin
production-1994-vol4	616	37.0	uncremated	<<uncremated>> human remains and a columbarium niches for	uncreated
production-1994-vol4	626	35.1	rerefines	or <<rerefines>> used oil	redefines
production-1994-vol4	726	19.0	peardale	<<peardale>> chicago park fire protection district the rough	weardale
production-1994-vol4	726	48.0	oniian	<<oniian>>	indian
production-1994-vol4	734	23.0	maatiposa	<<maatiposa>> sssssserseeseesseeseessesssenesevesesevesseeeeesssavenenecesees	mariposa
production-1994-vol4	734	24.0	mencocino	<<mencocino>> esesesssessesscescesecssenevsceessssecsersesesesserseenes	mendocino
production-1994-vol4	734	32.0	piacey	<<piacey>> oecessescsessescseseescscsesessesesesessereassessesesevecsesseesseveees	pacey|peacey|piace|placey
production-1994-vol4	735	2.0	solatio	<<solatio>> o ceccessecessssersessesssessenevsevecssenseerevsessesevaeesessenseseees	solario|solatia|solation|solutio
production-1994-vol4	735	3.0	sotioma	<<sotioma>> cssscssesscesessccscessesessessecsecseeevsevesessesessssereennes	sonoma
production-1994-vol4	735	7.0	tyimity	<<tyimity>> veccccccccssssccssessessssssesessuessssnsesevevsnnssoseseeruseseen	trinity
production-1994-vol4	747	0.0	subpayagrapn	<<subpayagrapn>> si	subparagraph
production-1994-vol4	774	12.0	fycsno	<<fycsno>> ceccesesessescesecscenerscsseccessessessensesessentsassrseeseereeses	fresno
production-1994-vol4	774	15.1	peial	tm <<peial>> cssesssesssevsesvscsenesescsessessereessseresserseseeeseeees	peal|pecal|pecial|pedal|peil|peila
production-1994-vol4	774	19.0	lassom	<<lassom>> scssesssscesesessesesscseesessssessenecsessesserteateassessesrsees	lasso|lasson|lassos|lissom
production-1994-vol4	774	23.0	maatiposa	<<maatiposa>> cscssescesseesersevsesseseessssesessessveseeesseeessesseeneens	mariposa
production-1994-vol4	774	24.0	mencocino	<<mencocino>> csssecsesessssecsesscsecserscrsersssorserevescssnsersensens	mendocino
production-1994-vol4	775	7.0	tyimity	<<tyimity>> vocscscsssssssscscccrsssssssssesesssssssseersenessesesseneeeanssen	trinity
production-1994-vol4	799	17.0	menaocino	<<menaocino>> scecsvesseesccsscevecetevesccsesessesesscseevesvenserssenseves	mendocino
production-1994-vol4	863	48.0	doanan	<<doanan>>	danan|donan|donnan|doonan|dornan
production-1994-vol4	884	7.0	setuction	<<setuction>> scrsereeeeeeseeseeerserseeeeeeeee	seduction
production-1994-vol4	884	35.6	selpa	cial education local plan area s <<selpa>> pupil	salpa|sela|selca|selda|selia|selja
production-1994-vol4	885	11.6	subcaps	standards in provision waivers of the <<subcaps>>	hubcaps|subways
production-1994-vol4	885	25.0	selpa	<<selpa>> that additional units are necessary for	salpa|sela|selca|selda|selia|selja
production-1994-vol4	888	48.0	doatro	<<doatro>>	doctor
production-1994-vol4	893	0.0	ctileria	<<ctileria>>	criteria
production-1994-vol4	906	49.0	dobbrn	<<dobbrn>>	dobbin|dobbyn
production-1994-vol4	997	49.0	rrrn	<<rrrn>>	rrn|rron|rrr|rrrr
production-1994-vol4	1001	47.0	rbrq	<<rbrq>>	rbr
production-1994-vol4	1031	0.0	tomow	<<tomow>> ine	tombow|tomo|tomoe|tomoo|tomor|tomos
production-1994-vol4	1031	23.1	inany	c <<inany>> year in which the board is not	imany|inan|inand|inane|inang|inay
production-1994-vol4	1175	0.4	specinc	superintendent may prescribe in <<specinc>> instances upon special	specifc
production-1994-vol4	1225	47.0	orbr	<<orbr>> kh	obr|orb|orba|orbe|orbi|orbo
production-1994-vol4	1272	28.4	nonfair	or rates specified for <<nonfair>> meetings in subdivision b of section	nonair
production-1994-vol4	1296	39.5	piggable	pipelines total length of regulated <<piggable>> pipeline total number	diggable
production-1994-vol4	1366	41.0	gawr	<<gawr>> on a nameplate affixed to the apparatus	awr|fawr|gaar|gabr|gaer|gahr
production-1994-vol4	1399	12.7	coowner	available to a claimant who is the <<coowner>> of the original property	cooner|crowner
production-1994-vol4	1399	16.8	coowner	by all of the owners and each <<coowner>> retains an	cooner|crowner
production-1994-vol4	1399	22.2	coowner	than one <<coowner>> would otherwise be an eligible claimant only	cooner|crowner
production-1994-vol4	1399	23.0	coowner	<<coowner>> shall be eligible under this section these	cooner|crowner
production-1994-vol4	1399	28.7	coowner	original property as community property only the <<coowner>> who has	cooner|crowner
production-1994-vol4	1407	6.7	coowner	available to a claimant who is the <<coowner>> of original property as a	cooner|crowner
production-1994-vol4	1407	10.8	coowner	by all of the owners and each <<coowner>> retains an	cooner|crowner
production-1994-vol4	1407	16.2	coowner	than one <<coowner>> would otherwise be an eligible claimant only	cooner|crowner
production-1994-vol4	1407	17.0	coowner	<<coowner>> shall be eligible under this section these	cooner|crowner
production-1994-vol4	1407	22.7	coowner	original property as community property only the <<coowner>> who has	cooner|crowner
production-1994-vol4	1408	0.0	rolowing	<<rolowing>> iintormation	following|folowing
production-1994-vol4	1408	0.1	iintormation	rolowing <<iintormation>>	information
production-1994-vol4	1409	49.0	aitio	<<aitio>>	actio|aition|aito|autio|sitio
production-1994-vol4	1457	15.0	maiposa	<<maiposa>> se sesseeeeeseesessesevseevsevscsessesesscnsvssseerssenerneres	mariposa
production-1994-vol4	1457	20.0	phumas	<<phumas>> ececscessessescesccsessessessecsesseesecseessessccesecsetersessentente	piumas|plumas|pumas
production-1994-vol4	1458	2.0	mencocino	<<mencocino>> csesssesseseesceeveessessessesesevsccecesvstenevscnecsrsesersaees	mendocino
production-1994-vol4	1462	3.0	matiposad	<<matiposad>> sssesssevssvsevecseeseeesnevsevseseesreesssenessssessesseersenveces	mariposa
production-1994-vol4	1462	11.0	sictia	<<sictia>> eseessessessesseseceseessesecsscescenersecseceeseescsecseeseessersesneeasenees	sitia|victim
production-1994-vol4	1462	15.0	suecot	<<suecot>> ceeseseeceersereersessessesseessensersesseesseaseateeneerserseaeares	sect
production-1994-vol4	1462	18.0	tuoiumine	<<tuoiumine>> eeesessesessesseseesesecseecesseneeessessensenseecneenesrente	tuolumne
production-1994-vol4	1464	3.0	lasscm	<<lasscm>> csscssessesseessessessessesseessesecssesavensenscsesseensensecsesoessserersnes	lassen
production-1994-vol4	1464	6.0	matiposa	<<matiposa>> sssesesseseeseveessenseavsesscencsevssescsesseessesserssessesacseensees	mariposa
production-1994-vol4	1464	14.0	suctta	<<suctta>> cecccscesscssessessessnesseeseestessessessesercosssesseeresentenessessaeseeseevaes	sutta
production-1994-vol4	1464	16.0	solamo	<<solamo>> ve scsscsssessescscsssssersevsesesevsesteeveceessesssessestsecseessetseveseneveees	salamo|solano|solaro
production-1994-vol4	1464	17.0	sotmoma	<<sotmoma>> escsssscscsessescsevscsesevecnenesenesseacsesscasseseeseseseeassssesseneees	sonoma
production-1994-vol4	1464	18.0	suulct	<<suulct>> oe eeccseseeseeresecsesseseeseencsesssenesncsecsevaesesseesesesserseaeseensentes	sublet
production-1994-vol4	1464	30.0	menocino	<<menocino>> eessssesesesseseseesesesesescsessecessssesensensaeersecsesersees	mendocino
production-1994-vol4	1464	32.0	piacet	<<piacet>> v eccesescscessesseseescosssensesssaseeesessessestsessesssesesseseversesstensenss	iacet|pacet|piace|piaget|placet
production-1994-vol4	1465	43.2	cmsp	the initial <<cmsp>> governing board shall be composed of the	casp|ccsp|cesp|cfsp|cmap|cmp
production-1994-vol4	1466	1.2	cmsp	the initial <<cmsp>> governing board shall be succeeded on	casp|ccsp|cesp|cfsp|cmap|cmp
production-1994-vol4	1466	6.0	cmsp	<<cmsp>> counties acting prior to february with each	casp|ccsp|cesp|cfsp|cmap|cmp
production-1994-vol4	1466	14.0	cmsp	<<cmsp>> governing board prior to march	casp|ccsp|cesp|cfsp|cmap|cmp
production-1994-vol4	1466	40.0	cmsp	<<cmsp>>	casp|ccsp|cesp|cfsp|cmap|cmp
production-1994-vol4	1468	5.2	cmsp	each participating <<cmsp>> county	casp|ccsp|cesp|cfsp|cmap|cmp
production-1994-vol4	1468	10.2	cmsp	regionally distributed <<cmsp>> participating counties	casp|ccsp|cesp|cfsp|cmap|cmp
production-1994-vol4	1468	19.0	cmsp	<<cmsp>> governing board means the county medical	casp|ccsp|cesp|cfsp|cmap|cmp
production-1994-vol4	1468	24.0	cmsp	<<cmsp>> program means the program by which health	casp|ccsp|cesp|cfsp|cmap|cmp
production-1994-vol4	1468	26.2	cmsp	participate in <<cmsp>> pursuant to section	casp|ccsp|cesp|cfsp|cmap|cmp
production-1994-vol4	1468	27.0	cmsp	<<cmsp>> county means a county that has elected	casp|ccsp|cesp|cfsp|cmap|cmp
production-1994-vol4	1468	30.0	cmsp	<<cmsp>> county in this code shall be defined	casp|ccsp|cesp|cfsp|cmap|cmp
production-1994-vol4	1469	45.0	yarbr	<<yarbr>> d	yarb|yarber|yarbro|yarr|yarrr
production-1994-vol4	1492	49.0	daaarn	<<daaarn>>	daaamn
production-1994-vol4	1498	49.0	aabed	<<aabed>>	aabd|abed
production-1994-vol4	1505	5.4	nifio	known as the el <<nifio>> ocean current	nific|nisio
production-1994-vol4	1508	41.3	reconstruc	shp baptist church <<reconstruc>>	reconstruct|reconstrue
production-1994-vol4	1518	42.0	sabard	<<sabard>>	kabard|nabard|sabar|sabara|savard|saward
production-1994-vol4	1523	47.0	oabson	<<oabson>>	abson|babson|rabson
production-1994-vol4	1528	48.0	sabtad	<<sabtad>>	santa
production-1994-vol4	1538	48.0	sabnso	<<sabnso>>	sanso
production-1994-vol4	1546	49.0	abibd	<<abibd>>	abbd|abiad|abib|abid
production-1994-vol4	1551	47.0	abaqd	<<abaqd>>	abad|aband|award
production-1994-vol4	1558	47.0	abbrn	<<abbrn>>	abban|abbr|aborn
production-1994-vol4	1579	47.0	datioro	<<datioro>>	dation
production-1994-vol4	1583	48.0	atbin	<<atbin>>	abin|albin|atin|atkin|atlin|atwin
production-1994-vol4	1586	48.0	oatbrn	<<oatbrn>>	oatbin
production-1994-vol4	1587	49.0	dattin	<<dattin>>	battin|cattin|datin|datton|dottin|hattin
production-1994-vol4	1589	44.2	splitups	section through <<splitups>> shell corporations partnerships or	splits
production-1994-vol4	1591	48.0	atsed	<<atsed>>	aksed|arsed|ased|assed|ated|tased
production-1994-vol4	1597	48.0	arnbd	<<arnbd>>	arnd
production-1994-vol4	1616	47.0	arbbo	<<arbbo>>	abbo|arabo|arbo|rabbo
production-1994-vol4	1662	0.0	tegistravion	<<tegistravion>>	registration
production-1994-vol4	1676	24.2	noncontracted	impacts on <<noncontracted>> lands in the agricultural preserve or	noncontract
production-1994-vol4	1677	13.2	noncontracted	related to <<noncontracted>> lands within agricultural preserves	noncontract
production-1994-vol4	1683	47.0	osnr	<<osnr>>	odnr|onr|osar|oscr|oser|osn
production-1994-vol4	1724	4.7	lambra	b local area military base recovery act <<lambra>>	ambra|cambra|labra|lamba|lambda|lambro
production-1994-vol4	1726	15.0	cocurricular	<<cocurricular>> activities in the subsequent grading period	curricular
production-1994-vol4	1732	49.0	ororin	<<ororin>>	orokin|orrin
production-1994-vol4	1733	40.0	oroben	<<oroben>>	froben|orben|orogen
production-1994-vol4	1739	48.0	ororr	<<ororr>>	order|ororo|orrr|orrrr
production-1994-vol4	1740	47.0	ororen	<<ororen>>	orogen|orren
production-1994-vol4	1768	48.0	osree	<<osree>>	obree|oree|osee|soree|sree
production-1994-vol4	1779	47.0	orror	<<orror>>	borror|error|horror|orrr|orrrr
production-1994-vol4	1825	49.0	osmorh	<<osmorh>>	osborn
production-1994-vol4	1827	47.0	orrarn	<<orrarn>>	orran
production-1994-vol4	1835	48.0	obrkan	<<obrkan>>	organ|orkan
production-1994-vol4	1837	49.0	orrern	<<orrern>>	order|orren|orrery
production-1994-vol4	1838	47.0	oxkar	<<oxkar>> y	omkar|onkar|oskar|oxear
production-1994-vol4	1846	49.0	oxmot	<<oxmot>>	omit
production-1994-vol4	1853	48.0	orborn	<<orborn>>	oborn|orbon|orsborn|osborn
production-1994-vol4	1865	39.0	sbron	<<sbron>>	bron|ebron|saron|seron|soron|stron
production-1994-vol4	1885	49.0	ortord	<<ortord>>	orford
production-1994-vol4	1890	3.0	onacard	<<onacard>> provided by the state department of social	anacard|placard
production-1994-vol4	1895	47.0	ortec	<<ortec>>	artec|orte|ortel|orten|orter|ortet
production-1994-vol4	1912	47.0	oxqn	<<oxqn>>	oxan|oxen|oxon
production-1994-vol4	1933	45.0	brnon	<<brnon>>	arnon|banon|breon|brion|brno|bron
production-1994-vol4	1934	42.0	orgery	<<orgery>>	forgery|ornery|orrery
production-1994-vol4	1935	45.0	orrco	<<orrco>>	orco|orico|rico
production-1994-vol4	1939	44.0	rran	<<rran>>	aran|arran|bran|cran|dran|eran
production-1994-vol4	1957	48.0	fobn	<<fobn>>	fbn|fob|fobs|fobt|foin|fon
production-1994-vol4	1990	47.0	ibors	<<ibors>>	bors|ibor|ibori|ibos|igors|itors
production-1994-vol4	2042	46.0	rorrn	<<rorrn>>	roran
production-1994-vol4	2043	47.0	obosen	<<obosen>>	bosen
production-1994-vol4	2055	47.0	roren	<<roren>>	boren|coren|doren|foren|goren|horen
production-1994-vol4	2058	0.5	mrearm	c carry or use a <<mrearm>> unless he or she possesses a valid	prearm|rearm
production-1994-vol4	2084	35.3	psychometrists	personne counselors psychologists <<psychometrists>> guidance and	psychometrist
production-1994-vol4	2091	49.0	ybrond	<<ybrond>>	bond
production-1994-vol4	2103	4.5	thiosulfite	sodium bisulfite sodium metabisulfite sodium <<thiosulfite>> ferrous	thiosulfate
production-1994-vol4	2105	25.8	microetch	objects cleaners and conditioners do not include <<microetch>>	microtech
production-1994-vol4	2106	23.0	demulsification	<<demulsification>> as allowed by this section	emulsification
production-1994-vol4	2111	47.0	obasso	<<obasso>>	basso|owasso
production-1994-vol4	2121	9.4	odorizing	mercaptan or any other <<odorizing>> substance is added	deodorizing
production-1994-vol4	2142	41.0	bsbo	<<bsbo>>	asbo|babo|bbo|bebo|bibo|bobo
production-1994-vol4	2143	8.7	nejedly	carried out pursuant to the z berg <<nejedly>> forest practice act of	needly|needy
production-1992-vol2	7	0.0	onense	<<onense>>	odense|offense|orense
production-1992-vol2	13	10.1	paladium	acetate <<paladium>> black red phosphorous trichlorofluoromethane	caladium|palatium|palladium
production-1992-vol2	41	45.6	examinmg	provision specifies that the physical therapy <<examinmg>> committee medical	examing
production-1992-vol2	45	42.9	mtera	counseling and advocacy program pursuant te an <<mtera>>	matera|meera|mera|metra|miera|ptera
production-1992-vol2	45	43.0	geney	<<geney>> agreement between the department ef insurance and	deney|eney|ganey|gedney|gene|genea
production-1992-vol2	47	13.1	achons	these <<achons>> are necessary to be consistent with the	archons|pachons
production-1992-vol2	48	20.0	achon	<<achon>>	aceon|achan|achen|achin|acho|achoo
production-1992-vol2	49	6.5	uthties	ment commission and the public <<uthties>> commission i believe this provision consti	tities
production-1992-vol2	49	39.2	hmited	constraints and <<hmited>> resources in the general fund i take	smited
production-1992-vol2	51	44.0	priahon	<<priahon>> authority of the clean water bond law	prison
production-1992-vol2	51	53.10	semor	language which sets aside general fund for <<semor>> nutrition	emor|memor|sebor|secor|sedor|semar
production-1992-vol2	52	1.11	semors	intended to achieve a compromise between competing <<semors>>	senors
production-1992-vol2	52	6.0	meteh	<<meteh>> requirement these funds shall be aheeated pursuant	meeh|mete|metea|meted|metel|meteo
production-1992-vol2	52	46.4	llrw	low level radioactive waste <<llrw>> disposal facility	lgrw|llew|llow|llr|llrc|llw
production-1992-vol2	52	48.0	lerw	<<lerw>> feethty	erw|leew|leow|ler|lera|lere
production-1992-vol2	52	51.4	withert	effectively in the preeeeding <<withert>> intervener funding with reason	wichert|wither|withers|withery
production-1992-vol2	53	0.0	counsser	<<counsser>> withcsses comsittarts gocunteht ana materia preparation	counsel
production-1992-vol2	53	8.8	preeess	until the eempletier ef the mtervener appheatien <<preeess>>	precess|process
production-1992-vol2	53	10.6	eentaming	reading reer epen te the public <<eentaming>> a deemed of all adjudreatery	renaming
production-1992-vol2	53	11.8	frertty	deeurnents ti a eommumnty near the prepesed <<frertty>> updated	fretty
production-1992-vol2	53	13.3	eepying	hearing equipment fer <<eepying>> the hear ng s documents at a	espying
production-1992-vol2	53	20.10	heensure	the eaten of dividing the issue ef <<heensure>> of the	ensure
production-1992-vol2	53	21.2	llrw	ward valley <<llrw>> disposal feertity by expediting the issuance ef	lgrw|llew|llow|llr|llrc|llw
production-1992-vol2	54	35.3	chent	mine or hut <<chent>> ipps and may not impose statewide guidelines	ccent|cent|chant|cheat|cheet|chen
production-1992-vol2	56	21.1	facihty	these <<facihty>> needs	faciity
production-1992-vol2	62	24.7	bilron	for proposition for fiscal year are eighteen <<bilron>> bventy nine	bicron|bilion|billon|bilson|bilton|biron
production-1992-vol2	62	24.8	bventy	proposition for fiscal year are eighteen bilron <<bventy>> nine	benty
production-1992-vol2	62	29.0	stteen	<<stteen>> bitten ene hundred stay seven mien ene	sateen|steen|streen
production-1992-vol2	62	40.0	srety	<<srety>> seven thousand dollars seventy four million sixty	prety|sety|srey|suety|surety
production-1992-vol2	63	1.7	chnics	a which would appropriate for primary care <<chnics>>	chics|conics|cynics
production-1992-vol2	63	18.5	dumng	ment flexibility s especially important <<dumng>> this time of fiscal crisis	duang|duing|dung|duong|durng
production-1992-vol2	66	32.0	toqu	<<toqu>> vo secsesssevecneeceerecsercsssseresorrrersrtsriessaressessresssserses ody	tobu|tofu|tohu|toku|tolu|tomu
production-1992-vol2	69	36.0	jues	<<jues>> ceeeeeseeeseceereveeeeeseerseree	cues|dues|fues|gues|hues|jees
production-1992-vol2	77	0.0	ocnedule	<<ocnedule>>	schedule
production-1992-vol2	78	13.0	goveinl	<<goveinl>> seecececeeneeeeseerceneaeeeterscersapeseressenaeres	govern
production-1992-vol2	84	18.7	equaliza	f or support of state board of <<equaliza>>	equalize
production-1992-vol2	88	0.7	qualiza	for support of state board of e <<qualiza>>	qualia
production-1992-vol2	91	26.0	scuin	<<scuin>> cccceeeeereceseeeeserersrseseeereees	cuin|scrin|scun|smuin|squin|suin
production-1992-vol2	100	19.0	suiveyots	<<suiveyots>> eeeeeeereeeeeeereenenee	surveyors
production-1992-vol2	106	0.0	frovisi	<<frovisi>> ons	proviso
production-1992-vol2	112	11.0	eects	<<eects>>	ects|eecs|eets|ejects|elects|erects
production-1992-vol2	118	15.0	soetvices	<<soetvices>> cceeceeeceeeceeeeceseeeeesses g	services
production-1992-vol2	120	31.0	ctads	<<ctads>> seccecssscsesonecersecsssnscearsonecnens	cads|chads|clads|ctas|ctds|octads
production-1992-vol2	123	17.0	btam	<<btam>> secevececssssessesesereseresseseves	atam|baam|bam|batam|bcam|beam
production-1992-vol2	125	40.0	itern	<<itern>>	intern|isern|iten|iter|stern|tern
production-1992-vol2	131	20.0	interre	<<interre>>	intere|interne|interred|interreg|interrer|interrex
production-1992-vol2	142	21.0	josc	<<josc>> ceeeceecceeccceecceeeeneeceeeceeesseeees	bosc|cosc|jisc|joc|jocs|jos
production-1992-vol2	143	30.1	sanbag	gg <<sanbag>> ground transport	manbag|sandag|sandbag
production-1992-vol2	143	40.1	sanbag	ll <<sanbag>> rack rail system big	manbag|sandag|sandbag
production-1992-vol2	143	43.2	rillo	for cama <<rillo>> cccccseseceereees	billo|brillo|dillo|fillo|gillo|grillo
production-1992-vol2	143	45.2	oaji	service for <<oaji>> c ccseseeeeees	aji|baji|daji|gaji|haji|jaji
production-1992-vol2	153	0.0	frovisio	<<frovisio>> ns	provision
production-1992-vol2	154	0.0	ftovisions	<<ftovisions>>	provisions
production-1992-vol2	168	12.0	scatcd	<<scatcd>> ccccecceeccsrsceseesesenecees	scatch
production-1992-vol2	173	10.0	valion	<<valion>> cceceeeececeneeceecseesessrerserertssstsssessstssssseeeeees	alion|calion|galion|talion|valign|valin
production-1992-vol2	175	0.0	ftovisions	<<ftovisions>>	provisions
production-1992-vol2	175	12.7	cceee	from the soil conservation fund c s <<cceee>>	aceee
production-1992-vol2	179	19.0	piams	<<piams>> eseseeeveeeeeeeceeserererereerere	iams|liams|niams|pams|pias|pimas
production-1992-vol2	180	23.0	memnl	<<memnl>> cceeceseeseeeeterteeteesseeseeseess	meinl|memel|meml
production-1992-vol2	200	35.0	cotation	<<cotation>> ccceceeeeeeeseeseceeseeceners	citation|colation|conation|dotation|jotation|notation
production-1992-vol2	203	45.0	efauipment	<<efauipment>>	equipment
production-1992-vol2	208	27.0	nmalion	<<nmalion>> cceeseeceereeccescceesrenseereers	nation|nemalion
production-1992-vol2	210	12.0	memt	<<memt>> cscccccscseseeseesereeeees	emt|hemt|meat|meet|meit|melt
production-1992-vol2	210	21.0	ntrp	<<ntrp>> o m	atrp|narp|ncrp|nhrp|nrp|ntep
production-1992-vol2	213	35.0	nejedly	<<nejedly>> hart state urban and coastal park	needly|needy
production-1992-vol2	214	33.0	dawigs	<<dawigs>> ceeeeveseererreeeennen evens	dawgs
production-1992-vol2	214	44.0	tiot	<<tiot>> seereecccetssresesseterreressreesererees	biot|diot|fiot|iiot|iot|miot
production-1992-vol2	223	7.0	opmenl	<<opmenl>> eceeeeeeeesesteeeeseeeeeeee	open|opment
production-1992-vol2	224	4.0	cfalion	<<cfalion>> cccceseeeeeeeeceeeversereseeseees	calion
production-1992-vol2	226	0.0	fyov	<<fyov>> ss ns	fov|fyou|yov
production-1992-vol2	234	13.0	soeyvices	<<soeyvices>> ccccceecceeeseeceneeseesensees	services
production-1992-vol2	240	34.0	imenl	<<imenl>> ceeceseeeeeretececrersereeereeess	imen|imeni
production-1992-vol2	241	35.4	ismp	integrated site mitigation process <<ismp>> including	asmp|icmp|igmp|imp|isap|isep
production-1992-vol2	244	28.0	alark	<<alark>> hard chrome	alack|alak|alar|alara|alard|alarm
production-1992-vol2	244	42.0	piume	<<piume>> ceeecccesecceeerccceeteeeeecssens	fiume|paume|piute|plume|pume
production-1992-vol2	247	0.0	ttovisions	<<ttovisions>>	provisions
production-1992-vol2	248	15.4	ahocation	a to augment the <<ahocation>> to the program	avocation
production-1992-vol2	249	35.0	aboncies	<<aboncies>> ecesecceeerere see ncsveevevevenecseeseessenereseneeres	agencies
production-1992-vol2	250	19.0	mmancing	<<mmancing>> ec seeeeeeeeeeeeeeceeeeeeeeees	meaning
production-1992-vol2	263	45.1	llrw	waste <<llrw>> disposal facility	lgrw|llew|llow|llr|llrc|llw
production-1992-vol2	264	3.3	llrw	rounding the proposed <<llrw>> facility	lgrw|llew|llow|llr|llrc|llw
production-1992-vol2	265	13.2	llrw	ward valley <<llrw>> disposal facility by expediting	lgrw|llew|llow|llr|llrc|llw
production-1992-vol2	265	40.0	vemeion	<<vemeion>> func cccceeeccesessceceeeceeesecevevesseesssaeess	semeion|version
production-1992-vol2	266	3.0	accoumnl	<<accoumnl>> cccscssccceneveceeerecsnaesseecsssesssanseseearesenees	account
production-1992-vol2	279	11.0	cdapp	<<cdapp>> program	capp|chapp|clapp|crapp|dapp
production-1992-vol2	279	44.0	nonencumbered	<<nonencumbered>> status and confidentiality	unencumbered
production-1992-vol2	282	24.0	plostam	<<plostam>> eeeeeereeeeeeeeeereeeeeeee	postal
production-1992-vol2	285	40.0	biam	<<biam>> veeceeeeseesseessvesesesessesesesvseeeee	baam|baim|bam|bcam|beam|bham
production-1992-vol2	307	10.0	dyawiings	<<dyawiings>> seceseesecceeseeeneneeee	drawings
production-1992-vol2	309	4.0	plojocts	<<plojocts>> eevcccseeersensreeseenes	projects
production-1992-vol2	309	46.0	cioti	<<cioti>> ececcesccececvceccceesesersareresesese	choti|cioni|ciotti|citi|city|coti
production-1992-vol2	310	10.0	gyawings	<<gyawings>> cccecessesseesreereeeeeeeess	drawings|gaywings
production-1992-vol2	314	27.0	sacss	<<sacss>> if the director of finance has deter	acss|sachs|sacks|sacs|sass|scss
production-1992-vol2	314	30.0	sacss	<<sacss>>	acss|sachs|sacks|sacs|sass|scss
production-1992-vol2	326	33.3	sacss	child support system <<sacss>>	acss|sachs|sacks|sacs|sass|scss
production-1992-vol2	326	41.3	sacss	child support system <<sacss>>	acss|sachs|sacks|sacs|sass|scss
production-1992-vol2	327	12.2	sliag	tance grant <<sliag>> shortfall	slag|slig|sling
production-1992-vol2	327	29.0	qtam	<<qtam>> eeeeeeeeceeeeesssreseeecesseeeeseeees	atam|etam|itam|qam|qta|qtum
production-1992-vol2	330	12.0	biam	<<biam>> eee eeeeeereertrerertecreees	baam|baim|bam|bcam|beam|bham
production-1992-vol2	333	9.0	setuction	<<setuction>> cccceeeeeeesseeeeeeeeeeee	seduction
production-1992-vol2	340	1.0	cioms	<<cioms>> cccceecevesceececversersccerseterseestersersrcersreeseveesevens	cims|cios|cious|coms
production-1992-vol2	343	10.0	cyawings	<<cyawings>> seseeevesseveveeeceeeeenes	clawings
production-1992-vol2	344	3.0	setuction	<<setuction>> cccseseeeesereeeeeeeeeeee	seduction
production-1992-vol2	351	0.0	ftovisions	<<ftovisions>>	provisions
production-1992-vol2	373	10.0	selpa	<<selpa>> pupil count data and an average num	salpa|sela|selca|selda|selia|selja
production-1992-vol2	373	32.5	subcaps	in provision waivers of the <<subcaps>>	hubcaps|subways
production-1992-vol2	373	44.0	selpa	<<selpa>> that additional units are necessary for	salpa|sela|selca|selda|selia|selja
production-1992-vol2	375	1.0	selpas	<<selpas>> shall be subject to the following requirement	salpas|sells|serpas
production-1992-vol2	376	39.0	ucalion	<<ucalion>> cccceceeceveveccecseccvceeecsceceesseesessevenecsereess	calion
production-1992-vol2	386	15.0	tfalion	<<tfalion>> cccesseeeeceeeeerseereereeeeree	talion
production-1992-vol2	393	42.0	ctawings	<<ctawings>> ceeseeeesssereeeeeeeenenneeene	clawings
production-1992-vol2	394	9.0	cawings	<<cawings>> ceeceececceeeeeeeeeeseeeeeennenes	canings|casings|cavings|cawing|clawings
production-1992-vol2	394	42.0	ucimc	<<ucimc>> psychiatric in	ucdmc
production-1992-vol2	395	42.0	sttuction	<<sttuction>> cccceecceeerseeeeererreees	struction
production-1992-vol2	406	26.0	meonl	<<meonl>> ceeseeeeceescerseesseeseesserereeese	meinl|meon|meoni
production-1992-vol2	408	10.0	gyawings	<<gyawings>> eseeseeeeeeeeeevereenenes	drawings|gaywings
production-1992-vol2	409	35.0	ctawings	<<ctawings>> ceeeecesseerseneeeeeeeeeees	clawings
production-1992-vol2	409	44.0	cyawings	<<cyawings>> seceseveevecseveveveveverss	clawings
production-1992-vol2	410	19.0	ctawings	<<ctawings>> oo eles etteeetstereeeneeee	clawings
production-1992-vol2	412	12.0	setuction	<<setuction>> ceeeeeeereerereeseeeeees	seduction
production-1992-vol2	412	42.0	setuction	<<setuction>> cceccecceveneceecuernesenees	seduction
production-1992-vol2	417	0.0	ftovisions	<<ftovisions>>	provisions
production-1992-vol2	417	13.0	tioms	<<tioms>> eecceeeceeeceseeeeererseeesseeseeese	thoms|timms|tims|tions|tios|toms
production-1992-vol2	418	21.0	opmenl	<<opmenl>> ceseeeereceeeeeeereeeeseereres	open|opment
production-1992-vol2	428	41.0	setuction	<<setuction>> cceecseccereeteeeenecnereees	seduction
production-1992-vol2	433	12.0	styuction	<<styuction>> ceceeeeeseceeceeeeeeene	struction
production-1992-vol2	435	19.0	setuchion	<<setuchion>> c ecceeseceeceneeereeees	seduction
production-1992-vol2	437	36.0	sttuction	<<sttuction>> ecc eeeereeeereeeeeee	struction
production-1992-vol2	439	18.0	imonl	<<imonl>> ccececcecesceeevessseeressesnecssess	among|imon|imong
production-1992-vol2	442	28.1	medanos	los <<medanos>> college	means|medano
production-1992-vol2	449	32.0	plarmimng	<<plarmimng>> ccesececececeeceesseesesceecececevereeseersverreres	alarming
production-1992-vol2	450	25.0	awatcg	<<awatcg>> ccccseeccceeececcesecsesrrcessscersessetercesseserssrsees	awatch|watch
production-1992-vol2	451	39.0	awalcg	<<awalcg>> ccccceseececcesscersccenenceeeeceeceseuseescceceereeeseeeers	analog
production-1992-vol2	454	19.1	funnd	tio <<funnd>> ccccessseececeecencsecesecseessereeeceneeeeeeeens	fund|funn|funni|funns|funny
production-1992-vol2	465	15.0	setuction	<<setuction>> ceeceeeeee seen een ere eeees	seduction
production-1992-vol2	465	17.0	setuction	<<setuction>> cceecceeeeceneesoneeenaees	seduction
production-1992-vol2	469	25.6	revolv	payable from the harbors and watercraft <<revolv>>	evolv|resolv|revol|revolt|revolu|revolve
production-1992-vol2	472	46.0	monl	<<monl>> eceececeeeees	mnl|moal|moel|mohl|moil|mol
production-1992-vol2	477	28.0	goerneral	<<goerneral>> cccccceeceeeseeesecesseceeceeeceeescnuvsnsseeertensenrs	general
production-1992-vol2	478	30.7	jlbc	ever lesser time the chairperson of the <<jlbc>>	jbc|jdbc|jlb|jlc|jtbc|lbc
production-1992-vol2	479	19.0	toses	<<toses>> eeeee erect ceceee ee reeeee rere needs	boses|doses|hoses|joses|koses|loses
production-1992-vol2	479	19.3	ceceee	toses eeeee erect <<ceceee>> ee reeeee rere needs	cecere|ceecee|decree
production-1992-vol2	480	14.0	quats	<<quats>> eee ee eeeeeeeeeeeeeeecceenenees	quads|quais|quals|quants|quarts|quas
production-1992-vol2	480	37.0	sotvices	<<sotvices>> ceeceeeeeceeeeeeeereneeeeens	services
production-1992-vol2	481	15.0	suivecys	<<suivecys>> cceeeceeeseeeceeesreenenererenes	surveys
production-1992-vol2	482	31.2	recommitments	a dmso <<recommitments>> ch stats	recommitment
production-1992-vol2	484	40.0	anicy	<<anicy>> oo cesecceeeeeeeterteceeereressseneeeserer	ancy|anic|anica|anice|anich|anick
production-1992-vol2	485	1.0	yaininyg	<<yaininyg>> eters	gaining
production-1992-vol2	485	3.0	tocois	<<tocois>> cceeseecescessetsecneeevessenens	tools
production-1992-vol2	487	37.6	pvea	percent of the total liheap grant <<pvea>> fund	avea|evea|paea|pdea|pea|plea
production-1992-vol2	488	37.2	csbg	block grant <<csbg>> contractors as a result of	cabg|cbg|cdbg|csb|csbs|csg
production-1992-vol2	488	39.1	csbg	for <<csbg>> programs in fiscal year	cabg|cbg|cdbg|csb|csbs|csg
production-1992-vol2	491	9.0	dyawinzs	<<dyawinzs>> eecceeseeerecenaneneceseeners	drawings
production-1992-vol2	501	11.2	frorn	commissions supported <<frorn>> nongovernmental	forn|fron|fror|frore|frory|frown
production-1992-vol2	501	19.0	bonicies	<<bonicies>> ecececccecenseeeeveeteeevceseecenansnaseeeevecesensenens	policies
production-1992-vol2	505	0.0	ftovisions	<<ftovisions>>	provisions
production-1992-vol2	519	46.6	everv	the director of finance shall reduce <<everv>> noncapital out	ever|evere|evern|evers|evert|every
production-1992-vol2	523	26.1	supplification	application <<supplification>> committee	simplification
production-1992-vol2	523	27.0	csssa	<<csssa>> advisory council	cassa|cessa|cossa|cssa|csss|sssa
production-1992-vol2	526	20.6	sliag	federal state legalization impact assistance grant <<sliag>> funds	slag|slig|sling
production-1992-vol2	527	16.1	sliag	ceived <<sliag>> funds	slag|slig|sling
production-1992-vol2	527	34.7	sliag	of the amount available for expenditure from <<sliag>> funds	slag|slig|sling
production-1992-vol2	527	38.3	sliag	the expenditure from <<sliag>> funds for program activities	slag|slig|sling
production-1992-vol2	528	21.2	sliag	e all <<sliag>> reimbursable costs shall be identified to ensure	slag|slig|sling
production-1992-vol2	528	22.5	sliag	california s allotment of federal <<sliag>> funds is maximized	slag|slig|sling
production-1992-vol2	528	42.8	sliag	each state department which receives or administers <<sliag>>	slag|slig|sling
production-1992-vol2	529	2.1	sliag	federal <<sliag>> regulations and guidelines the departments	slag|slig|sling
production-1992-vol2	529	11.2	sliag	i if <<sliag>> funds are allocated for this purpose	slag|slig|sling
production-1992-vol2	529	12.3	sliag	counties which claim <<sliag>> funds for indigent health ser	slag|slig|sling
production-1992-vol2	529	14.6	sliag	newly legalized persons to the extent <<sliag>> funds are allowable	slag|slig|sling
production-1992-vol2	529	27.3	sliag	counties which claim <<sliag>> funds for medically indigent	slag|slig|sling
production-1992-vol2	529	44.0	sliag	<<sliag>> funds for indigent health services	slag|slig|sling
production-1992-vol2	529	45.6	sliag	j all contracts and agreements involving <<sliag>> funds shall re	slag|slig|sling
production-1992-vol2	530	3.2	sliag	k if <<sliag>> funds are to be allocated for this	slag|slig|sling
production-1992-vol2	530	4.4	sliag	shall distribute adult education <<sliag>> funds to community col	slag|slig|sling
production-1992-vol2	530	13.2	aesdp	sde the <<aesdp>> shall be approved by the director of	aesop|esdp
production-1992-vol2	530	14.5	aesdp	the sde shall submit the <<aesdp>> to the legislature concurrently	aesop|esdp
production-1992-vol2	530	27.3	sliag	legalized population once <<sliag>> funds are no longer avail	slag|slig|sling
production-1992-vol2	530	29.1	sliag	if <<sliag>> funds are allocated for this purpose the	slag|slig|sling
production-1992-vol2	530	29.9	aesdp	funds are allocated for this purpose the <<aesdp>> shall	aesop|esdp
production-1992-vol2	530	31.4	sliag	the process for tracking <<sliag>> funds to newly legalized	slag|slig|sling
production-1992-vol2	531	14.2	sliag	their receiving <<sliag>> funds for english as a second lan	slag|slig|sling
production-1992-vol2	531	17.4	sliag	nated entities may receive <<sliag>> educational funds in an	slag|slig|sling
production-1992-vol2	531	45.5	sliag	services has been provided from <<sliag>> funds	slag|slig|sling
production-1992-vol2	532	0.2	sliag	m if <<sliag>> funds are allocated for this purpose the	slag|slig|sling
production-1992-vol2	532	5.2	sliag	n if <<sliag>> funds are allocated for this purpose	slag|slig|sling
production-1992-vol2	532	27.2	sliag	o if <<sliag>> funds are allocated for this purpose	slag|slig|sling
production-1992-vol2	532	29.3	sliag	proved adult education <<sliag>> provider the sde shall ad	slag|slig|sling
production-1992-vol2	533	1.2	sliag	receiving non <<sliag>> funded services fund	slag|slig|sling
production-1992-vol2	533	9.2	sliag	p if <<sliag>> funds are allocated for this purpose	slag|slig|sling
production-1992-vol2	533	37.2	sliag	roll all <<sliag>> funded individuals vacancies permitting at	slag|slig|sling
production-1992-vol2	534	14.2	sliag	q if <<sliag>> funds are allocated for this purpose it	slag|slig|sling
production-1992-vol2	534	19.2	sliag	r if <<sliag>> funds are allocated for this purpose educational	slag|slig|sling
production-1992-vol2	534	20.1	sliag	receiving <<sliag>> funds shall report to the sde no	slag|slig|sling
production-1992-vol2	534	27.2	sliag	s if <<sliag>> funds are allocated for this purpose the	slag|slig|sling
production-1992-vol2	534	41.2	sliag	t if <<sliag>> funds are allocated for this purpose the	slag|slig|sling
production-1992-vol2	547	9.4	cceecee	horse racing board california <<cceecee>>	ceecee
production-1992-vol2	547	23.0	jugiciaty	<<jugiciaty>> see eeeececenenee ene evececeescnareecesesesavsrsreesesses	judiciary
production-1992-vol2	549	33.0	tnielce	<<tnielce>> ee eee eec ence eee eeeeeenenesoneeesneeenerarerecereneseres	niece
production-1992-vol2	565	36.0	invoicable	<<invoicable>> unit means any rootstock cutting or rooted	invocable
production-1992-vol2	571	46.4	invoicable	the director shall use <<invoicable>> units or grape rootstock	invocable
production-1992-vol2	573	5.3	invoicable	exceed percent per <<invoicable>> unit and twenty five dollars	invocable
production-1992-vol2	573	8.0	invoicable	<<invoicable>> unit and fifty dollars per bearing acreage	invocable
production-1992-vol2	573	14.4	invoicable	accurate record of its <<invoicable>> units and acreage of grape rootstock	invocable
production-1992-vol2	574	40.0	anoor	<<anoor>>	adoor|ancor|andor|angor|ankor|anoo
production-1992-vol2	582	45.0	rnbec	<<rnbec>>	rebec
production-1992-vol2	610	48.0	otmm	<<otmm>>	omm|otm|tmm|tomm
production-1992-vol2	623	23.2	diphenylethane	spa dimethylamino <<diphenylethane>>	diphenylmethane
production-1992-vol2	639	48.0	rorrd	<<rorrd>>	board
production-1992-vol2	663	43.0	raran	<<raran>>	aaran|aran|arran|baran|caran|daran
production-1992-vol2	665	41.0	lampara	<<lampara>> or round haul type net the mesh	lampard
production-1992-vol2	674	0.0	lsuict	<<lsuict>>	suit
production-1992-vol2	676	20.0	onjuly	<<onjuly>> the mojave desert district shall succeed to	ofjuly
production-1992-vol2	676	46.0	raaal	<<raaal>>	raaa|raaah|raal|racal|rafal|rahal
production-1992-vol2	678	11.0	onjuly	<<onjuly>> the apco designated deputies and other	ofjuly
production-1992-vol2	694	38.7	topstock	and grapevines including seeds seedlings rootstocks and <<topstock>>	nonstock|tipstock
production-1992-vol2	699	48.0	reqrtt	<<reqrtt>>	regret
production-1992-vol2	705	47.7	nonaided	an aided family collections paid to a <<nonaided>> family regardless of	confided
production-1992-vol2	715	48.0	reoon	<<reoon>>	recon|redon|remon|renon|reon|reown
production-1992-vol2	716	49.0	grorr	<<grorr>>	gorr|grrr|grrrr
production-1992-vol2	719	23.0	nonexclusively	<<nonexclusively>> or a person who by his or	nonexclusive
production-1992-vol2	731	48.0	reeoo	<<reeoo>>	reeko
production-1992-vol2	762	39.0	oromw	<<oromw>>	from|oromo|orow
production-1992-vol2	767	41.0	asnon	<<asnon>>	aenon|agnon|amnon|annon|anon|anson
production-1992-vol2	769	48.0	rrnon	<<rrnon>>	arnon|ranon|renon|ronon|rron
production-1992-vol2	781	49.0	rreol	<<rreol>>	real|reol
production-1992-vol2	783	35.0	rrbw	<<rrbw>>	rbw|rgbw|rrb|rrbs|rrw
production-1992-vol2	806	36.0	goaer	<<goaer>>	gaer|goair|goaler|goar|goater|gober
production-1992-vol2	820	35.1	omnand	a <<omnand>> after january every seller of trash bags	omand
production-1992-vol2	842	34.0	mijhon	<<mijhon>> of the funds appropriated m this bill	michon
production-1992-vol2	859	10.1	nonsecure	temporary <<nonsecure>> custody within the facility the peace officer	insecure
production-1992-vol2	863	22.1	nonsecure	temporary <<nonsecure>> custody within the facility the peace officer	insecure
production-1992-vol2	879	48.0	oonen	<<oonen>>	bonen|boonen|conen|donen|gonen|honen
production-1992-vol2	883	26.6	milias	operations collective bargaining under the meyers <<milias>> brown	ilias|lilias|milas|milia|milian|milis
production-1992-vol2	892	0.0	proress	<<proress>> capacity	prioress|process|profess|progess|progress|prores
production-1992-vol2	895	0.1	vwourt	osupenor <<vwourt>>	court
production-1992-vol2	902	42.1	milias	meyers <<milias>> brown act with respect to court employees	ilias|lilias|milas|milia|milian|milis
production-1992-vol2	904	34.0	menocino	<<menocino>> cscescessesscesesssersensesesrsessestesstsrsersesseets	mendocino
production-1992-vol2	904	44.0	sactamenio	<<sactamenio>> ceeccsesversccsessreecsserssesnsessessateonsetensenees	sacramento
production-1992-vol2	905	10.0	sictta	<<sictta>> csccssessersccsecssecsecssenseseceessceuecnevsessasensvasvenseres	sitta
production-1992-vol2	905	11.0	suskiyou	<<suskiyou>> oss esseeeeseseeserenseevevensseavevsnevenesssenensneneeeess	siskiyou
production-1992-vol2	905	14.0	stamislau	<<stamislau>> cccscsccsseecsssesesscesesssssesensessesesseeveeensenss	stamislaus
production-1992-vol2	905	15.0	suielet	<<suielet>> ceessececcesssssersecsecssesnsersssecnesesvenecaseasersernees	sublet
production-1992-vol2	905	20.0	yoio	<<yoio>> veccsevscsssseccssssvesssnececssvvecsssustosssnevsssssuseessnesssesnereenes	moio|oio|woio|yio|yobo|yodo
production-1992-vol2	911	18.0	precomplaint	<<precomplaint>> or pretrial diversion programs it is also	precompliant|recomplaint
production-1992-vol2	931	39.2	eects	ber ou <<eects>> january	ects|eecs|eets|ejects|elects|erects
production-1992-vol2	969	11.0	meencocino	<<meencocino>> ccscsssesseserseeessessenssnsssescersvscaeenevaresersenes	mendocino
production-1992-vol2	969	35.0	solatio	<<solatio>> ese ceeesesecessersevecceseessseecesesussncseeesersecesssrscevsessees	solario|solatia|solation|solutio
production-1992-vol2	969	36.0	somoma	<<somoma>> ccccssecsssecsccsenecssssccenerscerecneeesnsesnsesnesenteeneees	sfmoma|sodoma|somma|somona|somoza|sonoma
production-1992-vol2	969	37.0	stamislauss	<<stamislauss>> ccccccssessecsesesececscessessccserssseececseseerecseetes	stamislaus
production-1992-vol2	969	38.0	suitet	<<suitet>> cceeeseesseceresscnseesesssecesessessesensesensncecseesneees	suite|suited|suiter|suites|suitt
production-1992-vol2	969	39.0	telrad	<<telrad>> cecsecssssssscsccsceecocessecerecsessesscrersessessenessensees	tetrad
production-1992-vol2	974	48.0	osenc	<<osenc>>	osen
production-1992-vol2	978	0.0	tepeaied	<<tepeaied>>	repealed
production-1992-vol2	995	29.0	pyosmo	<<pyosmo>> cseeessesseecsesssteerecsecsancntencnsensssssatensenseressensenes	promo
production-1992-vol2	996	4.0	sactamenlo	<<sactamenlo>> cecesessssssesscesvenssrsersesrsersesseenssrssstenteate	sacramento
production-1992-vol2	996	16.0	sicti	<<sicti>> a eececcessseccessrcevenseccecsrsnsetecsssenseerserteceevensevevsnenes	secti|sinti|sisti|siti|sitti
production-1992-vol2	996	19.0	somoma	<<somoma>> csccscssssorsvneonssesessessvrecsecsenesavsrerscsesseseesssseens	sfmoma|sodoma|somma|somona|somoza|sonoma
production-1992-vol2	996	21.0	sultey	<<sultey>> oo ccececcccceseecssssssccssseseerseerssepsensssreassevsrsvesensevsnes	bultey|sulley|sulter|sultry
production-1992-vol2	1008	6.0	ctad	<<ctad>> vaiesesesesssorsverscevsvncovseresssecsssnvaevevevevavsonsensensasscererseess	caad|cad|ccad|chad|clad|coad
production-1992-vol2	1008	10.0	abdalome	<<abdalome>> ou esecesesssesesesesesssensssnecsesssessensseesseessenserensres	abalone
production-1992-vol2	1008	11.0	amchovies	<<amchovies>> ee eesessceescneerseesseeversessensssseneseaversensente	anchovies
production-1992-vol2	1009	9.0	lodstet	<<lodstet>> eee ee esesenesscensceesataeseeseovecseseserseeaseenerseaes	lobster
production-1992-vol2	1009	11.0	amchovies	<<amchovies>> c te eeseesesscnereeseenessecenesenseseacsersssersseeeess	anchovies
production-1992-vol2	1014	22.1	aquaculturists	ec <<aquaculturists>> operating under this division shall pay all	aquaculturist
production-1992-vol2	1016	9.3	brushlands	chaparral shrubs in <<brushlands>> in southern california in order to	brushland
production-1992-vol2	1017	10.8	nejedly	associated with administration of the z berg <<nejedly>>	needly|needy
production-1992-vol2	1039	28.0	cquipmenl	<<cquipmenl>> seseeereseererserereereeeee l	equipment
production-1992-vol2	1051	13.0	resorptions	<<resorptions>>	resolutions|resorption
production-1992-vol2	1076	0.3	dupus	anda at tisk <<dupus>>	dipus|dubus|dufus|dupas|dupes|dups
production-1992-vol2	1087	48.0	oorrd	<<oorrd>>	board|oord
production-1992-vol2	1100	18.0	erime	<<erime>>	crime|ehime|erice|erie|erim|erine
production-1992-vol2	1137	0.0	secuon	<<secuon>>	secon|section
production-1992-vol2	1173	34.5	nonbid	section may be on a <<nonbid>> basis and shall be exempt from chapter	forbid|nonaid
production-1992-vol2	1179	44.4	contraindictions	determined by reviewing the <<contraindictions>> precautions	contraindications
production-1992-vol2	1201	44.0	sactamenio	<<sactamenio>> ccecsveceeseeseversesesserecsecensessereneaseenvenees	sacramento
production-1992-vol2	1202	0.1	diczo	dan <<diczo>> cessccesrsevserscenerverseevesreeverseesesrerserservenserse	diazo|dicho|dicko|dico|diego
production-1992-vol2	1202	34.0	festio	<<festio>> os sssccsssscssecssecssecscessnserscessecsrsccnsessresseeecsessesseresstes	festi|festin|festino|festo|restio
production-1992-vol2	1203	1.0	mencocino	<<mencocino>> esesssesesesscescsssesssesenevessesesseseseereesesessersreess	mendocino
production-1992-vol2	1203	8.0	otanze	<<otanze>> u rsessessssssrerescscnvevscseenseevercvessvevevssssevevestenseeeseeees	orange|stanze
production-1992-vol2	1203	11.0	sactamenlo	<<sactamenlo>> ccccesesscrscenserserstensersnsnerseesasensensensevens	sacramento
production-1992-vol2	1203	24.0	solamo	<<solamo>> scecccesssssesevssceenccnesscesessrscessensecseeenserersessrsensensesees	salamo|solano|solaro
production-1992-vol2	1203	27.0	suulet	<<suulet>> eeeeeceseescesessececsesseccsensenceesssessesssersesssersseserseses	sublet|sunlet
production-1992-vol2	1207	7.0	calaverass	<<calaverass>> scsssessersersesssersersersensesssvervsevsscsssersevseveces	calaveras
production-1992-vol2	1207	12.0	fyesmo	<<fyesmo>> ssessesessescesersesscsevsccessersrsensecersneerersessereessenees	fresno
production-1992-vol2	1207	24.0	mencocino	<<mencocino>> sesessssessessesseserercecensesenssnessessestsneensenene	mendocino
production-1992-vol2	1207	25.0	metcet	<<metcet>> cccessesresesssrecsesscesseescesesrssessertesesesestecerestessers	meet
production-1992-vol2	1207	28.0	monhetey	<<monhetey>> eeeesecseesceneeeseereneesenscrseceserseraceeeessseseres	monterey
production-1992-vol2	1207	30.1	vaaca	ne <<vaaca>> ecccsssssececssessesececenssersrecsecsereesesserseressenseneeneens	aaca|vaara|vaasa|vaca|vacca
production-1992-vol2	1207	32.0	plaacer	<<plaacer>> esccscsescesscecsecsecerssnsersseeseccnsenessnecssseereseeneensees	placer
production-1992-vol2	1207	34.0	sactamenlo	<<sactamenlo>> ccecceveececeensececensecsnesscsesvenseensnsessenersees	sacramento
production-1992-vol2	1208	1.0	siski	<<siski>> vou cessesscsvevsensessesenseccscsestsenscsssssensesversereesees	diski|kiski|riski|saski|siki|sirki
production-1992-vol2	1208	2.0	solao	<<solao>> oe eeseccccssssseesessesseneescsecsccseseeveersessersessenserssessesenves	colao|sola|solah|solak|solal|solan
production-1992-vol2	1208	3.0	sotloma	<<sotloma>> sssessessecsescessesesseseceeseeeceecsceseseseeseseesssesenseass	sonoma
production-1992-vol2	1208	23.0	alamed	<<alamed>> ca cssscscsscssssvssvsscscssersvsserserenscsscssvesvacsnsssvesvass	ahamed|alamea|alameda|alarmed|alated|blamed
production-1992-vol2	1208	24.0	aipie	<<aipie>> ou eseeseseeeesesesesecencsssessssesesvseesscessseseneassesesseees	ailie|aimie|appie|aspie
production-1992-vol2	1208	39.0	lassom	<<lassom>> ccseccesecsvsnesessessncescssecseesnevestsnsesesersestsensessensves	lasso|lasson|lassos|lissom
production-1992-vol2	1209	6.0	otanbe	<<otanbe>> ccesesesserscsecsereooseseeseesserersersessererssssensenesenees	orange
production-1992-vol2	1209	9.0	sactamenio	<<sactamenio>> sssseserserserssvensersessertessecssesstersvsevscees	sacramento
production-1992-vol2	1209	21.0	sictta	<<sictta>> cccesseccssessecscsevsccenseessseesacsesserecseneenssesnsersesenses	sitta
production-1992-vol2	1209	23.0	solamo	<<solamo>> sccssessssesessesessesesessessesenssccssecsecersececsevsenessensenes	salamo|solano|solaro
production-1992-vol2	1209	27.0	telrad	<<telrad>> ccessecesssescessssessceecossecsccensnesnessessensensenesnesees	tetrad
production-1992-vol2	1209	28.0	tyimity	<<tyimity>> sceessssscsssssssevsssvsssssssseescsssvsnsnssscoseneuannnnesesssseesee	trinity
production-1992-vol2	1212	8.0	nadpa	<<nadpa>> sssscrescssesseseessrssssrevseessscssessesecsuvasceeeressesessessereeresseeses	nada|nadda|nadia|nadja|nadp|nadph
production-1992-vol2	1212	27.0	solamo	<<solamo>> wsessesesessesssesescscseecsssvevsssvsassessesssnsecssavevsesseeseevsaeasseeees	salamo|solano|solaro
production-1992-vol2	1212	28.0	sotoma	<<sotoma>> ou eeesseesssssesenenvecscsnsessesescsenearsvssessneseesavevevsucerssssness	scotoma|sodoma|sonoma|stoma
production-1992-vol2	1213	26.0	fyesio	<<fyesio>> ceccessssseeseessesseereccessesescsccsceesesersevaneerscaeeseses	fresno
production-1992-vol2	1213	28.0	humboie	<<humboie>> ce eesessesesececseesenessenscssssoessenestssessesenscseness	humblie
production-1992-vol2	1213	38.0	mencocino	<<mencocino>> eseceeeceersceseessesveseecesseesersevseceversessesseses	mendocino
production-1992-vol2	1214	16.0	solanio	<<solanio>> vo ececescssescsevscvscescesvescscsecsscseveecseersssssesesseseeseass	solani|solano|solario
production-1992-vol2	1214	20.0	telrad	<<telrad>> scscssessesesserseeescetvescoscersesevscecsessssssnssesseeneons	tetrad
production-1992-vol2	1307	45.9	nonbid	under this article shall be on a <<nonbid>> basis and	forbid|nonaid
production-1992-vol2	1314	8.4	uncordinated	reducing the cost of <<uncordinated>> primary care delivered in the	uncoordinated
production-1992-vol2	1320	14.2	repackagers	retailers hospitals <<repackagers>> providers or governmental entities	repackages
production-1992-vol2	1322	28.7	nonbid	necessary therefore contracts entered into on a <<nonbid>> basis shall	forbid|nonaid
production-1992-vol2	1331	48.0	torrbd	<<torrbd>>	torres|torrid
production-1992-vol2	1345	22.3	underpads	disposable diapers briefs <<underpads>> undergarments liners or pads	underpass|underpays
production-1992-vol2	1345	41.3	underpads	for all premium <<underpads>> as defined by the department by	underpass|underpays
production-1992-vol2	1348	22.5	nonbid	article may be on a <<nonbid>> basis and shall be exempt from the	forbid|nonaid
production-1992-vol2	1367	15.0	amacot	<<amacot>> scsessssseessesecsecersccnscnssscsecsssersenscnssssnavsacsesecessass	amacom|amador
production-1992-vol2	1367	21.0	giomn	<<giomn>> eeeeceeteeereceneceensenececscecsneeceseecrssessessenevereesnsersenens	gion
production-1992-vol2	1367	25.0	lassom	<<lassom>> scccscsecsecsssecsenersesccsessrsensceenseeerscesenscsnsessesensenetens	lasso|lasson|lassos|lissom
production-1992-vol2	1367	32.1	vaddae	no <<vaddae>> ue e ccccsssececcscseeseesecevsesssussseeesceesesesseeensecsseccecseceasees	addae
production-1992-vol2	1367	40.0	tehrara	<<tehrara>> cccscssssesesensccesessessorssserensonenesesceersessesessesteneees	tehama
production-1992-vol2	1367	41.0	tyimity	<<tyimity>> scccccsssssssssssecssesssssssssssssesseesevssesssssssssssnsnasesssenee	trinity
production-1992-vol2	1367	42.0	tuoiumne	<<tuoiumne>> ceeeessesessssseesscensesesenseceeseseseseenenseresteneesens	tuolumne
production-1992-vol2	1371	30.0	giomn	<<giomn>> secesessesseececsecsrserccscesencensenenecnsvssenssnessessesensersens	gion
production-1992-vol2	1371	45.0	sictia	<<sictia>> ecccceceseencecsessrsececescnsceccersrersecssersessecseressessensenersorees	sitia|victim
production-1992-vol2	1372	0.0	dolatio	<<dolatio>> ssssecversevesrecvereeeveersvseevscnsevsnreesevseereveresnreneveeneers	donatio|donation
production-1992-vol2	1372	1.0	sotloma	<<sotloma>> essessessevscssevsevnessensensonsvsessensvssersenessessensosevsenes	sonoma
production-1992-vol2	1372	4.0	tuolumine	<<tuolumine>> cscccescsssesessesnessensenecsesccssenecsvsceneerecsesnsssess	tuolumne
production-1992-vol2	1382	42.2	repackagers	retailers hospitals <<repackagers>> providers or governmental entities	repackages
production-1992-vol2	1385	7.7	nonbid	necessary therefore contracts entered into on a <<nonbid>> basis shall	forbid|nonaid
production-1992-vol2	1396	6.2	crossarms	of horizontal <<crossarms>> between the drive axle and the rear	crossarm
production-1992-vol2	1402	0.9	hity	association s annual budget equals or exceeds <<hity>>	bity|city|dity|hidy|hilty|himy
production-1992-vol2	1439	15.3	aquaculturists	only from fishermen <<aquaculturists>> or importers holding current	aquaculturist
production-1992-vol2	1443	43.3	sicyonia	vi ridgeback prawn <<sicyonia>> ingentis	sicyonian|sicyonic
production-1992-vol2	1443	43.4	ingentis	vi ridgeback prawn sicyonia <<ingentis>>	intents
production-1992-vol2	1443	45.4	analoga	viii sand crab emerita <<analoga>>	analog|analogs|analogy
production-1992-vol2	1444	0.7	macrodactylus	x bay shrimp crangon sp and palaemon <<macrodactylus>>	macrodactylous
production-1992-vol2	1444	10.3	opalescens	market squid loligo <<opalescens>>	opalescent|opalesces
production-1992-vol2	1444	18.2	sardinops	iv sardine <<sardinops>> saga	sardines
production-1992-vol2	1444	21.2	seriphus	vii queenfish <<seriphus>> politus	serious
production-1992-vol2	1444	21.3	politus	vii queenfish seriphus <<politus>>	politcs|polites|politic|politis
production-1992-vol2	1444	22.3	seriphus	viii white croaker <<seriphus>> genyonemus lineatus	serious
production-1992-vol2	1445	9.5	pollicipes	i stalked or goose barnacles <<pollicipes>> sp	policies
production-1992-vol2	1445	10.5	nubilus	j giant acorn barnacle balanus <<nubilus>> or b aguila	jubilus|nubiles|nubilous|nubilum
production-1992-vol2	1445	11.3	lottia	k owl limpet <<lottia>> gigantea	lotta|lotti|lottie
production-1992-vol2	1445	13.5	trialata	m three winged murex pteropurpura <<trialata>>	trialate
production-1992-vol2	1445	14.3	simnia	n vidler s <<simnia>> simnia vidleri	signia|simi|simia|somnia
production-1992-vol2	1445	14.4	simnia	n vidler s simnia <<simnia>> vidleri	signia|simi|simia|somnia
production-1992-vol2	1445	14.5	vidleri	n vidler s simnia simnia <<vidleri>>	vider|vidler
production-1992-vol2	1445	20.4	melibe	iii lion s mouth <<melibe>> leonina	melike|meline
production-1992-vol2	1445	21.2	papillosa	iv aeolidia <<papillosa>>	papilloma|papillose|paxillosa
production-1992-vol2	1445	22.4	iodinea	v spanish shawl flabellina <<iodinea>>	iodine
production-1992-vol2	1445	26.2	agonidae	c family <<agonidae>> all poachers	agaonidae
production-1992-vol2	1461	6.9	recharacterization	waived or modified by agreement or by <<recharacterization>>	characterization
production-1992-vol2	1485	38.2	woodrot	disease insects <<woodrot>> and increased maintenance costs these	woodlot|woodrat|woodrow
production-1992-vol2	1485	42.5	nonregulated	b the legislature finds that <<nonregulated>> commercial tree	unregulated
production-1992-vol2	1490	2.0	nontimber	<<nontimber>> use	nonmember
production-1992-vol2	1523	23.1	preacademic	develop <<preacademic>> skills they have a discrepancy of at	proacademic
production-1992-vol2	1561	7.0	valleywide	<<valleywide>> basis	valleywise
production-1992-vol2	1561	18.4	biriding	board and shall be <<biriding>> upon each hearing board	birding
production-1992-vol2	1672	0.0	rroceaure	<<rroceaure>>	procedure
production-1992-vol2	1684	42.2	wintergardens	sanitation district <<wintergardens>> sewer maintenance district	wintergarden
production-1992-vol2	1718	0.0	uoade	<<uoade>> to read	coade
production-1992-vol2	1729	42.5	nearsite	establishing or expanding onsite or <<nearsite>> centers by one or more	nearside
production-1992-vol2	1731	42.5	nearsite	establishing or expanding onsite or <<nearsite>> centers by one or more	nearside
production-1992-vol2	1747	0.0	aulnority	<<aulnority>>	authority
production-1992-vol2	1750	22.1	ranchlands	remote <<ranchlands>> east of the westernmost ridgeline of the	ranchland
production-1992-vol2	1750	28.0	enforceably	<<enforceably>> restricted within the meaning of section of	enforceable
production-1992-vol2	1781	49.0	yorneo	<<yorneo>>	borneo|torneo
production-1992-vol2	1799	45.0	osgin	<<osgin>>	orgin|oscin|osgi|oshin|osin|oslin
production-1992-vol2	1804	26.0	itern	<<itern>> cesceesssssssesssssseseserees	intern|isern|iten|iter|stern|tern
production-1992-vol2	1843	7.4	sacss	automated child support system <<sacss>> is operational in all	acss|sachs|sacks|sacs|sass|scss
production-1992-vol2	1843	17.3	sacss	f interface with <<sacss>> shall be incorporated in the los angeles	acss|sachs|sacks|sacs|sass|scss
production-1992-vol2	1843	20.5	sacss	when changes are proposed to <<sacss>>	acss|sachs|sacks|sacs|sass|scss
production-1992-vol2	1844	15.10	nonaided	an aided family collections paid to a <<nonaided>>	confided
production-1992-vol2	1877	18.0	milhon	<<milhon>>	michon|milion|millon|milon|milson|milton
production-1992-vol2	1883	17.6	subgranting	standards and authorize procedures utilized for <<subgranting>> funds	subtracting
production-1992-vol2	1883	25.0	subgrant	<<subgrant>> its allocation of federal funds and shall	subgrants
production-1992-vol2	1941	42.5	pollicipes	i stalked or goose barnacles <<pollicipes>> sp	policies
production-1992-vol2	1941	43.5	nubilus	j giant acorn barnacle balanus <<nubilus>> or b aguila	jubilus|nubiles|nubilous|nubilum
production-1992-vol2	1941	44.3	lottia	k owl limpet <<lottia>> gigantea	lotta|lotti|lottie
production-1992-vol2	1941	46.5	trialata	m three winged murex pteropurpura <<trialata>>	trialate
production-1992-vol2	1941	47.3	simnia	n vidler s <<simnia>> simnia vidleri	signia|simi|simia|somnia
production-1992-vol2	1941	47.4	simnia	n vidler s simnia <<simnia>> vidleri	signia|simi|simia|somnia
production-1992-vol2	1941	47.5	vidleri	n vidler s simnia simnia <<vidleri>>	vider|vidler
production-1992-vol2	1942	5.4	melibe	iii lion s mouth <<melibe>> leonina	melike|meline
production-1992-vol2	1942	6.2	papillosa	iv aeolidia <<papillosa>>	papilloma|papillose|paxillosa
production-1992-vol2	1942	7.4	iodinea	v spanish shaw flabellina <<iodinea>>	iodine
production-1992-vol2	1942	11.2	agonidae	c family <<agonidae>> all poachers	agaonidae
production-1992-vol2	1948	15.3	nonsettling	proposed order a <<nonsettling>> party may file a notice of motion	nonsetting
production-1992-vol2	1948	16.11	nonsettling	of the settlement if none of the <<nonsettling>>	nonsetting
production-1992-vol2	1948	19.5	nonsettling	settlement the notice by a <<nonsettling>> party shall be given in the	nonsetting
production-1992-vol2	1954	32.7	microcard	permitted by the technology a photostatic microfilm <<microcard>>	microcar
production-1992-vol2	1957	13.0	amaol	<<amaol>> ccccessesesecseecsscsstsessrersesassersetseretsstessererserereene	amaal|amahl|amal|amatol|amol|maol
production-1992-vol2	1957	19.0	mariposaa	<<mariposaa>> ccseecesseseseesesevecssscrncvscseescnevevscssvsceessssenseseeatens	mariposa|mariposan|mariposas
production-1992-vol2	1957	23.0	sictta	<<sictta>> ccssscscesseessensenseeaseervonscacseatenseessseacsssersevsscsspasesssensenss	sitta
production-1992-vol2	1957	24.0	tuolumine	<<tuolumine>> cceceeeseseesesereeescsscneeseesesesssessecessescsesenssseacseees	tuolumne
production-1992-vol2	1958	4.0	mencocino	<<mencocino>> ccseccsecssessecsersecssessecsecescvsersesseesnessesscsnevers	mendocino
production-1992-vol2	1958	6.0	monhetey	<<monhetey>> sseesseseesevseseersescsenevesevessenenssevessneravevevseseneess	monterey
production-1992-vol2	1958	9.0	otanze	<<otanze>> eeeeeessescssssecenecsecsnevesssersesssersessessnesessserseesserees	orange|stanze
production-1992-vol2	2027	23.7	scaffoldings	e building standard does not include temporary <<scaffoldings>>	scaffolding
production-1992-vol2	2046	26.0	unleveed	<<unleveed>> channel islands wetlands and riparian forests and	unleveled|unlevered|unlevied
production-1992-vol2	2086	0.0	vode	<<vode>>	bode|code|dode|fode|gode|hode
production-1992-vol2	2113	0.1	attects	a <<attects>> one or more of the following body	attests
production-1992-vol2	2207	40.9	intercommunications	persons of normal hearing by way of <<intercommunications>>	intercommunication
production-1992-vol2	2232	20.0	reacquirer	<<reacquirer>> first became a holder of the instrument	reacquire|reacquired|reacquires
production-1992-vol2	2257	0.0	qolvision	<<qolvision>>	collision
production-1992-vol2	2258	19.1	anitem	b <<anitem>> or deposit of money received on any	anite
production-1992-vol2	2265	35.1	anitem	a <<anitem>> is finally paid by a payor bank	anite
production-1992-vol2	2318	39.7	noninmate	assault by a life prisoner on a <<noninmate>> assault with a deadly	nominate
production-1992-vol2	2351	16.6	cmips	management information and payrolling system ihss <<cmips>> to	chips|cips|clips|cmis|cmps|crips
production-1992-vol2	2351	20.6	cmips	need to amend the current ihss <<cmips>> vendor contract agreement	chips|cips|clips|cmis|cmps|crips
production-1992-vol2	2351	25.1	cmips	ihss <<cmips>> contract to meet any and all requirements	chips|cips|clips|cmis|cmps|crips
production-1992-vol2	2360	7.5	nonload	construction if the walls are <<nonload>> bearing with steel or concrete	onload
production-1992-vol2	2381	8.0	sovete	<<sovete>> octets reeeeesetetseetserees to parts per mil	severe|soete|sovite
production-1992-vol2	2389	36.1	overdrafted	critically <<overdrafted>>	overdrifted
production-1992-vol2	2389	41.1	overdrafted	critically <<overdrafted>>	overdrifted
production-1992-vol2	2425	20.2	drainability	productivity poor <<drainability>> and high levels of selenium in shallow	trainability
production-1992-vol2	2426	42.6	drainability	lands characterized by low productivity poor <<drainability>> and high	trainability
production-1992-vol2	2457	26.9	nonowned	with respect to the use of a <<nonowned>> vehicle by	nonowner
production-1992-vol2	2457	31.0	nonowned	<<nonowned>> vehicle is insured under a policy providing	nonowner
production-1995-vol3	36	41.7	enenes	calaveras cc cece cece tenet ete teen <<enenes>>	egenes|ennes
production-1995-vol3	36	44.6	ennce	fl dorado ooo oc kn bn <<ennce>>	ence|enice|enne|ennie|enyce
production-1995-vol3	37	31.6	tetees	mendocino eee cece cece tee ete <<tetees>>	tepees|testees|teters|tetes
production-1995-vol3	42	7.8	eeaes	cece cece eee ce eee eee eet <<eeaes>>	eeas|eeles
production-1995-vol3	42	15.7	eenees	tehama cece cece teen e ere net <<eenees>>	eevees
production-1995-vol3	42	30.7	eennes	placer oo ccc cc eee ene ret <<eennes>>	bennes|dennes|ennes|gennes|hennes|rennes
production-1995-vol3	44	1.7	enrere	calaveras cece cece cece eee eee et <<enrere>>	endere
production-1995-vol3	44	5.5	eect	glenn cee ccc ee tte <<eect>> tnnees	bect|cect|dect|ect|eec|eech
production-1995-vol3	44	11.8	neaes	cece ce cece eet eee eee tr <<neaes>>	naes|neads|neales|neals|neaps|nears
production-1995-vol3	44	15.7	ertnes	nevada cee cece cere eect reer vent <<ertnes>>	ernes
production-1995-vol3	44	19.0	sictta	<<sictta>> occ eect tte tree net nteees	sitta
production-1995-vol3	44	22.7	eeenes	sonoma eee eee cece teen eee eet <<eeenes>>	egenes|events
production-1995-vol3	45	40.0	cmsp	<<cmsp>> program	casp|ccsp|cesp|cfsp|cmap|cmp
production-1995-vol3	46	11.2	cmsp	the initial <<cmsp>> governing board shall be composed of the	casp|ccsp|cesp|cfsp|cmap|cmp
production-1995-vol3	46	15.5	cmsp	county administrative officer the initial <<cmsp>> governing board	casp|ccsp|cesp|cfsp|cmap|cmp
production-1995-vol3	46	17.2	cmsp	the initial <<cmsp>> governing board shall be succeeded on	casp|ccsp|cesp|cfsp|cmap|cmp
production-1995-vol3	46	22.0	cmsp	<<cmsp>> counties acting prior to february with each	casp|ccsp|cesp|cfsp|cmap|cmp
production-1995-vol3	46	30.0	cmsp	<<cmsp>> governing board prior to march	casp|ccsp|cesp|cfsp|cmap|cmp
production-1995-vol3	47	11.0	cmsp	<<cmsp>>	casp|ccsp|cesp|cfsp|cmap|cmp
production-1995-vol3	48	37.2	cmsp	each participating <<cmsp>> county	casp|ccsp|cesp|cfsp|cmap|cmp
production-1995-vol3	48	42.2	cmsp	regionally distributed <<cmsp>> participating counties	casp|ccsp|cesp|cfsp|cmap|cmp
production-1995-vol3	49	3.0	cmsp	<<cmsp>> governing board means the county medical	casp|ccsp|cesp|cfsp|cmap|cmp
production-1995-vol3	49	8.0	cmsp	<<cmsp>> program means the program by which health	casp|ccsp|cesp|cfsp|cmap|cmp
production-1995-vol3	49	10.2	cmsp	participate in <<cmsp>> pursuant to section	casp|ccsp|cesp|cfsp|cmap|cmp
production-1995-vol3	49	11.0	cmsp	<<cmsp>> county means a county that has elected	casp|ccsp|cesp|cfsp|cmap|cmp
production-1995-vol3	49	14.0	cmsp	<<cmsp>> county in this code shall be defined	casp|ccsp|cesp|cfsp|cmap|cmp
production-1995-vol3	50	10.7	neenes	lake oo cece cee cee e eee <<neenes>>	neener|newnes
production-1995-vol3	50	25.6	eecees	plumas cece cece ect e even <<eecees>>	eevees|emcees
production-1995-vol3	51	0.0	dicita	<<dicita>> ee ee ee ee eee eee eee	dicta|digita
production-1995-vol3	53	1.7	rceees	riverside cece eee e cee c ence <<rceees>>	recess
production-1995-vol3	53	6.7	eect	san francisco ce cee ee rere env <<eect>>	bect|cect|dect|ect|eec|eech
production-1995-vol3	53	14.0	sictta	<<sictta>> ee ccc eee n ee reeee	sitta
production-1995-vol3	73	11.0	allmoney	<<allmoney>> deposited in the fund under section of	alimony
production-1995-vol3	79	14.0	allmoney	<<allmoney>> deposited in the fund under section of	alimony
production-1995-vol3	128	20.7	ceees	ibs or more ee eee ee cece <<ceees>>	cedes|cees|celes|cepes|ceres|chees
production-1995-vol3	150	0.0	oldles	<<oldles>>	older|oldies|oodles
production-1995-vol3	184	13.4	sesslin	portion of people v <<sesslin>> cal d that clarifies that an arrest	esslin|sesshin|session
production-1995-vol3	213	17.0	ifany	<<ifany>> refund is returned to the seller with	fany|ifan|ifans|imany|ivany|ofany
production-1995-vol3	215	0.1	unae	made <<unae>> xr us chapter	anae|jnae|lunae|nae|uae|ulnae
production-1995-vol3	241	22.1	thesum	section <<thesum>> of four million six hundred eighty thousand	theasum|theseum|thesium|thesun
production-1995-vol3	272	0.5	dtancnes	surveying ii any of s <<dtancnes>>	stances
production-1995-vol3	279	42.5	wacog	weighted average cost of gas <<wacog>> exclusive of any california	acog|waco|wacol|wacom|wagon
production-1995-vol3	296	0.7	mnance	compliance or noncompliance pursuant to any statute <<mnance>>	mance|menance|nance
production-1995-vol3	312	0.1	tanions	ud <<tanions>>	anions|canions|fanions|talions
production-1995-vol3	338	17.2	aftertax	pretax or <<aftertax>> contributions rollovers into the plan from other	aftertan
production-1995-vol3	366	39.0	rocketeering	<<rocketeering>> rodeo spelunking sky diving sport parachuting	racketeering
production-1995-vol3	377	0.0	conqitlon	<<conqitlon>>	condition
production-1995-vol3	377	30.3	xjji	section of article <<xjji>> b of the california constitution	ajji
production-1995-vol3	389	29.3	hluminating	representatives of the <<hluminating>> engineering society of north	eliminating
production-1995-vol3	410	36.10	breakwall	shall be within feet of any pier <<breakwall>>	breakwell
production-1995-vol3	444	0.2	nandung	an excessive <<nandung>> ree	bandung|landing
production-1995-vol3	445	0.0	poeucion	<<poeucion>>	coercion
production-1995-vol3	471	35.9	storers	waste is located present or past generators <<storers>>	scorers|snorers|starers|stokers|stoners|storer
production-1995-vol3	494	37.5	thiosulfite	sodium bisulfite sodium metabisulfite sodium <<thiosulfite>> ferrous	thiosulfate
production-1995-vol3	497	20.8	microetch	objects cleaners and conditioners do not include <<microetch>>	microtech
production-1995-vol3	498	20.0	demulsification	<<demulsification>> as allowed by this section	emulsification
production-1995-vol3	503	0.0	sudaivision	<<sudaivision>>	subdivision
production-1995-vol3	519	25.1	exceptas	a <<exceptas>> provided in paragraph hazardous	excepts
production-1995-vol3	520	8.6	cesqg	different household hazardous wastes or different <<cesqg>>	cess
production-1995-vol3	522	5.6	cesqg	different household hazardous wastes or different <<cesqg>>	cess
production-1995-vol3	523	23.1	exceptas	a <<exceptas>> provided in paragraph hazardous	excepts
production-1995-vol3	524	5.6	cesqg	different household hazardous wastes or different <<cesqg>>	cess
production-1995-vol3	526	22.6	cesqg	different household hazardous wastes or different <<cesqg>>	cess
production-1995-vol3	527	34.1	exceptas	a <<exceptas>> provided in paragraph hazardous	excepts
production-1995-vol3	528	18.6	cesqg	different household hazardous wastes or different <<cesqg>>	cess
production-1995-vol3	530	41.6	cesqg	different household hazardous wastes or different <<cesqg>>	cess
production-1995-vol3	533	15.6	cesqg	different household hazardous wastes or different <<cesqg>>	cess
production-1995-vol3	535	32.6	cesqg	different household hazardous wastes or different <<cesqg>>	cess
production-1995-vol3	550	0.5	anomer	waste ito one venice to <<anomer>> n	anmer|nomer
production-1995-vol3	554	27.5	thiosulfite	sodium bisulfite sodium metabisulfite sodium <<thiosulfite>> ferrous	thiosulfate
production-1995-vol3	557	6.8	microetch	objects cleaners and conditioners do not include <<microetch>>	microtech
production-1995-vol3	558	5.0	demulsification	<<demulsification>> as allowed by this section	emulsification
production-1995-vol3	575	36.5	eyewashes	vi boric acid used in <<eyewashes>> and heat resistant glass	eyelashes
production-1995-vol3	576	0.0	aetergents	<<aetergents>>	detergents
production-1995-vol3	576	20.7	nonmillable	powdered or finely divided a nonfilterable and <<nonmillable>> tarry	nontillable
production-1995-vol3	576	36.3	nonmillable	iv nonfilterable and <<nonmillable>> tarry material shall have the	nontillable
production-1995-vol3	583	15.0	milkrun	<<milkrun>> operations set forth in section of title	millrun
production-1995-vol3	583	44.0	allmoney	<<allmoney>> received from the sources described in subdivisions	alimony
production-1995-vol3	600	3.5	thiosulfite	sodium bisulfite sodium metabisulfite sodium <<thiosulfite>> ferrous	thiosulfate
production-1995-vol3	602	27.8	microetch	objects cleaners and conditioners do not include <<microetch>>	microtech
production-1995-vol3	603	26.0	demulsification	<<demulsification>> as allowed by this section	emulsification
production-1995-vol3	609	43.5	thiosulfite	sodium bisulfite sodium metabisulfite sodium <<thiosulfite>> ferrous	thiosulfate
production-1995-vol3	611	0.6	nsily	a s z magnetism ot ge <<nsily>>	naily|noily|nosily|sily
production-1995-vol3	612	20.8	microetch	objects cleaners and conditioners do not include <<microetch>>	microtech
production-1995-vol3	613	20.0	demulsification	<<demulsification>> as allowed by this section	emulsification
production-1995-vol3	617	0.2	reueral	under the <<reueral>> act	referal
production-1995-vol3	629	0.0	closuute	<<closuute>> pill	closure
production-1995-vol3	633	0.0	appucation	<<appucation>>	application
production-1995-vol3	659	2.3	nonwaste	or an associated <<nonwaste>> treatment manufacturing unit is not	noncaste
production-1995-vol3	660	7.2	washwater	the waste <<washwater>> conveyances and containers are	wastwater
production-1995-vol3	660	10.3	washwater	ensure that waste <<washwater>> is not leaking into the underlying soil	wastwater
production-1995-vol3	676	41.5	storers	located present or past generators <<storers>> treaters transporters	scorers|snorers|starers|stokers|stoners|storer
production-1995-vol3	681	44.5	storers	located present or past generators <<storers>> treaters transporters	scorers|snorers|starers|stokers|stoners|storer
production-1995-vol3	688	0.0	cnvilronment	<<cnvilronment>>	environment
production-1995-vol3	697	1.5	thiosulfite	sodium bisulfite sodium metabisulfite sodium <<thiosulfite>> ferrous	thiosulfate
production-1995-vol3	699	25.8	microetch	objects cleaners and conditioners do not include <<microetch>>	microtech
production-1995-vol3	700	25.0	demulsification	<<demulsification>> as allowed by this section	emulsification
production-1995-vol3	707	40.5	thiosulfite	sodium bisulfite sodium metabisulfite sodium <<thiosulfite>> ferrous	thiosulfate
production-1995-vol3	710	19.8	microetch	objects cleaners and conditioners do not include <<microetch>>	microtech
production-1995-vol3	711	18.0	demulsification	<<demulsification>> as allowed by this section	emulsification
production-1995-vol3	764	8.4	workplans	f review of reports <<workplans>> preliminary assessments	workplace|workplan
production-1995-vol3	792	0.0	hquids	<<hquids>>	equids|quids|squids
production-1995-vol3	800	24.5	thiosulfite	sodium bisulfite sodium metabisulfite sodium <<thiosulfite>> ferrous	thiosulfate
production-1995-vol3	803	46.0	demulsification	<<demulsification>> as allowed by this section	emulsification
production-1995-vol3	810	4.5	thiosulfite	sodium bisulfite sodium metabisulfite sodium <<thiosulfite>> ferrous	thiosulfate
production-1995-vol3	812	29.8	microetch	objects cleaners and conditioners do not include <<microetch>>	microtech
production-1995-vol3	813	28.0	demulsification	<<demulsification>> as allowed by this section	emulsification
production-1995-vol3	863	1.6	cesqg	different household hazardous wastes or different <<cesqg>>	cess
production-1995-vol3	865	5.6	cesqg	different household hazardous wastes or different <<cesqg>>	cess
production-1995-vol3	866	16.1	exceptas	a <<exceptas>> provided in paragraph hazardous	excepts
production-1995-vol3	867	20.6	cesqg	different household hazardous wastes or different <<cesqg>>	cess
production-1995-vol3	871	36.3	rerefining	iii used oil <<rerefining>> distillation bottoms that are used as	redefining
production-1995-vol3	872	42.1	rerefines	or <<rerefines>> used oil	redefines
production-1995-vol3	942	0.6	nrearm	b any person who possesses a <<nrearm>> in a place that the person	prearm|rearm
production-1995-vol3	980	12.2	crossarms	includes poles <<crossarms>> pilings fence posts lumber support	crossarm
production-1995-vol3	1009	42.0	insettling	<<insettling>> accounts between the partners after dissolution	insetting|unsettling
production-1995-vol3	1011	4.9	rllp	p llp r l l p or <<rllp>> as the last words or letters	lllp|llp|rflp|rll|rlly|rlp
production-1995-vol3	1018	23.13	rllp	p llp r l l p or <<rllp>> or	lllp|llp|rflp|rll|rlly|rlp
production-1995-vol3	1030	0.0	nousiny	<<nousiny>>	cousiny|housing
production-1995-vol3	1040	19.2	actisan	sec this <<actisan>> urgency statute necessary for the immediate	actian|artisan
production-1995-vol3	1043	17.0	transaxles	<<transaxles>> and a replacement motor	transaxle
production-1995-vol3	1052	8.1	inselecting	c <<inselecting>> a person to serve as a mediator	unselecting
production-1995-vol3	1070	18.0	nonpublicly	<<nonpublicly>> traded persons nonpublicly traded person for	nonpublic
production-1995-vol3	1070	18.3	nonpublicly	nonpublicly traded persons <<nonpublicly>> traded person for	nonpublic
production-1995-vol3	1078	0.1	olspring	person <<olspring>>	spring
production-1995-vol3	1080	0.0	disured	<<disured>> ror that msuranee	disused
production-1995-vol3	1095	43.0	thedistrict	<<thedistrict>> may exempt from any of the requirements	redistrict
production-1995-vol3	1101	29.0	ifany	<<ifany>> court is petitioned to adjudicate the groundwater	fany|ifan|ifans|imany|ivany|ofany
production-1995-vol3	1152	46.0	bronzan	<<bronzan>> mccorquodale contract agency	bronzen
production-1995-vol3	1153	7.9	bronzan	member of the governing body of a <<bronzan>> mccorquodale	bronzen
production-1995-vol3	1162	0.0	vonstaitution	<<vonstaitution>>	constitution
production-1995-vol3	1166	0.1	amaagor	mm <<amaagor>> vounry	amador
production-1995-vol3	1166	0.2	vounry	mm amaagor <<vounry>>	county
production-1995-vol3	1228	26.4	invoicable	rootstock and percent per <<invoicable>> unit of grape rootstock	invocable
production-1995-vol3	1228	29.1	invoicable	per <<invoicable>> unit of grape rootstock distributed or sold	invocable
production-1995-vol3	1243	1.0	comunission	<<comunission>>	commission
production-1995-vol3	1269	0.2	cnticy	otmmner dusmess <<cnticy>>	entity
production-1995-vol3	1284	14.7	cotrustees	where hostility or lack of cooperation among <<cotrustees>>	cotrustee
production-1995-vol3	1334	9.4	unadjudicated	jurisdiction according to its <<unadjudicated>> notices of delinquent toll	adjudicated
production-1995-vol3	1362	19.1	itisin	c <<itisin>> the interest of the state and all	irisin|raisin
production-1995-vol3	1372	20.1	itisin	c <<itisin>> the interest of the state and all	irisin|raisin
production-1995-vol3	1373	20.1	itisin	c <<itisin>> the further interest of the state to	irisin|raisin
production-1995-vol3	1384	20.1	itisin	c <<itisin>> the further interest of the state to	irisin|raisin
production-1995-vol3	1421	32.2	precommissioning	government sponsored <<precommissioning>> programs and foreign	decommissioning|recommissioning
production-1995-vol3	1424	0.0	certiicated	<<certiicated>>	certificated
production-1995-vol3	1488	0.0	leslslature	<<leslslature>>	legislature
production-1995-vol3	1499	0.2	tacuity	applicable to <<tacuity>> members	acuity|vacuity
production-1995-vol3	1508	0.4	microcard	of a photostat microfilm <<microcard>> or miniature photograph or	microcar
production-1995-vol3	1540	29.1	astoany	c <<astoany>> employee who is reappointed the period of	astony
production-1995-vol3	1541	28.1	astoany	b <<astoany>> employee who is reappointed the period of	astony
production-1995-vol3	1580	0.0	scnoo	<<scnoo>> gisttict	schoo|school|scoo|scroo|snoo
production-1995-vol3	1580	0.1	gisttict	scnoo <<gisttict>>	district
production-1995-vol3	1629	0.1	soncitation	telephonic <<soncitation>> or recruitment	noncitation
production-1995-vol3	1629	42.0	ifany	<<ifany>> adjustment is made in the annual reporting	fany|ifan|ifans|imany|ivany|ofany
production-1995-vol3	1640	0.4	aqvan	one or more salary <<aqvan>> ices to any person an aggregate amount	aavan|advan|alvan|arvan|avan
production-1995-vol3	1650	44.0	noinstitution	<<noinstitution>> or any person in any manner associated	noninstitution
production-1995-vol3	1662	0.0	apphcation	<<apphcation>>	application
production-1995-vol3	1669	0.0	appiucant	<<appiucant>>	applicant
production-1995-vol3	1695	0.0	uoue	<<uoue>>	coue|doue|joue|loue|moue|noue
production-1995-vol3	1743	0.0	ermecr	<<ermecr>> immediate y	erect|ermer
production-1995-vol3	1779	17.2	gsen	educational network <<gsen>>	asen|esen|gaen|geen|gen|ghen
production-1995-vol3	1787	34.2	thesum	sec a <<thesum>> of ten million dollars is hereby	theasum|theseum|thesium|thesun
production-1995-vol3	1793	0.0	vuode	<<vuode>>	code|vuole
production-1995-vol3	1796	0.0	mitiai	<<mitiai>> exempt appointment	mitai|mithai|mitia
production-1995-vol3	1819	0.0	agepartment	<<agepartment>> derermnnes	department
production-1995-vol3	1819	0.1	derermnnes	agepartment <<derermnnes>>	determines
production-1995-vol3	1841	15.0	cocurricular	<<cocurricular>> needs of pupils often left idle and	curricular
production-1995-vol3	1922	38.0	tanuarv	<<tanuarv>>	january
production-1995-vol3	1939	0.0	tolows	<<tolows>>	follows|folows|tolowa
production-1995-vol3	1955	25.1	noact	a <<noact>> committed by a person while in a	coact|noac|noach|noack|noct|nonact
production-1995-vol3	1963	0.0	secuon	<<secuon>>	secon|section
production-1995-vol3	1972	0.0	ctosss	<<ctosss>> complammant	costs
production-1995-vol3	1972	0.1	complammant	ctosss <<complammant>>	complainant
production-1995-vol3	1980	41.8	nonsettling	the notice application and proposed order a <<nonsettling>> party	nonsetting
production-1995-vol3	1980	43.4	nonsettling	if none of the <<nonsettling>> parties files a motion within days of	nonsetting
production-1995-vol3	1980	45.7	nonsettling	approve the settlement the notice by a <<nonsettling>> party shall be	nonsetting
production-1995-vol3	1983	39.0	ifany	<<ifany>> witness on the list is an expert	fany|ifan|ifans|imany|ivany|ofany
production-1995-vol3	1986	0.0	omle	<<omle>> rwise	mle|mole|odle|ogle|ole|olle
production-1995-vol3	2012	0.0	vonstitutlon	<<vonstitutlon>>	constitution
production-1995-vol3	2053	40.1	theloan	d <<theloan>> applicant demonstrates the ability to repay the	thelon
production-1995-vol3	2091	0.1	wereror	appropmanllon <<wereror>>	error
production-1995-vol3	2098	26.3	nonfair	rates specified for <<nonfair>> meetings in subdivision b of section	nonair
production-1995-vol3	2101	44.3	nonfair	rates specified for <<nonfair>> meetings in subdivision b of section	nonair
production-1995-vol3	2117	18.3	nonfair	rates specified for <<nonfair>> meetings in subdivision b of section	nonair
production-1995-vol3	2144	17.1	payrate	b <<payrate>> means the normal monthly rate of pay	parate
production-1995-vol3	2144	20.7	payrate	full time basis during normal working hours <<payrate>> for a member	parate
production-1995-vol3	2144	37.10	payrate	of employment that is in addition to <<payrate>>	parate
production-1995-vol3	2145	0.1	alnable	e <<alnable>>	anable|annable|aznable
production-1995-vol3	2146	7.3	payrate	notwithstanding subdivision b <<payrate>> for state members	parate
production-1995-vol3	2146	13.1	payrate	absence <<payrate>> for state members shall include	parate
production-1995-vol3	2146	37.0	payrate	<<payrate>>	parate
production-1995-vol3	2147	5.1	payrate	neither <<payrate>> nor special compensation for state	parate
production-1995-vol3	2148	0.0	payrate	<<payrate>> or special compensation	parate
production-1995-vol3	2148	11.8	payrate	may exclude from the definition of either <<payrate>> or	parate
production-1995-vol3	2148	16.5	payrate	by memorandum of understanding as <<payrate>> or special	parate
production-1995-vol3	2151	27.1	payrate	b <<payrate>> means the normal monthly rate of pay	parate
production-1995-vol3	2151	30.7	payrate	full time basis during normal working hours <<payrate>> for a member	parate
production-1995-vol3	2152	9.10	payrate	of employment that is in addition to <<payrate>> if an	parate
