production-1939-vol1-chapters	1394	29.1	heense	both <<heense>> stolen from the registered owner he shall	heene|heese|hense
production-1939-vol1-chapters	1397	0.9	ioiion	sale of lands by county treasurers sy <<ioiion>>	motion
production-1939-vol1-chapters	1399	33.5	acaet	approved by governor may a <<acaet>> with secretary of state in efect	acat|acate|acet
production-1939-vol1-chapters	1402	1.0	aminatiox	<<aminatiox>> license as hairdressers and cosmeticians or cosmetologists	amination
production-1939-vol1-chapters	1402	42.0	tonand	<<tonand>> practice of electrolysis or manicuring satisfactorily passing	toland|tonant
production-1939-vol1-chapters	1404	14.0	mteenty	<<mteenty>> applicant who fails to present satisfactory evidence	teenty
production-1939-vol1-chapters	1407	28.7	mamser	every person holding a certificate of registration <<mamser>>	mamer|mammer|manser|maser|masser|mauser
production-1939-vol1-chapters	1407	29.9	certifccte	as a hairdresser and cosmetician or cosmetologist <<certifccte>>	certificate
production-1939-vol1-chapters	1409	49.2	fehgd	qo v <<fehgd>>	feed
production-1939-vol1-chapters	1411	0.10	rsne	may make the state s records f <<rsne>>	asne|esne|rane|rene|rine|rne
production-1939-vol1-chapters	1413	34.8	offeuls	himself of new and dangerous agricultural pests <<offeuls>>	offers
production-1939-vol1-chapters	1414	15.0	utrastate	<<utrastate>> any person receiving or bringing into any	intrastate
production-1939-vol1-chapters	1414	39.5	markeca	within the state shall have <<markeca>> thereon in a conspicuous	mareca|markea|marketa
production-1939-vol1-chapters	1416	20.0	peecine	<<peecine>> may	precise
production-1939-vol1-chapters	1420	1.0	ronerty	<<ronerty>> sec the title to all property acquired	conerty|roberty
production-1939-vol1-chapters	1425	35.13	inunetion	court upon any application for a temporary <<inunetion>>	inunction
production-1939-vol1-chapters	1427	29.11	prnaer	of this act where it is alleged <<prnaer>>	proper
production-1939-vol1-chapters	1428	2.0	penitns	<<penitns>> provision of this act any person wao	pensions
production-1939-vol1-chapters	1428	39.1	srorion	stas <<srorion>> section b of the water commission act	erosion
production-1939-vol1-chapters	1437	29.0	sretion	<<sretion>> section of the fish and game code	cretion
production-1939-vol1-chapters	1444	0.9	iivery	a minimum of at least twelve years <<iivery>>	ivery|livery|rivery
production-1939-vol1-chapters	1446	2.0	yensuy	<<yensuy>> he shall file a petition in the	census
production-1939-vol1-chapters	1447	0.0	citapter	<<citapter>>	chapter
production-1939-vol1-chapters	1447	29.0	citapter	<<citapter>>	chapter
production-1939-vol1-chapters	1447	31.11	tmenia	the probate code relating to the duties <<tmenia>>	amenia|taenia|tenia
production-1939-vol1-chapters	1448	1.6	aricnding	decree of distribution or any order <<aricnding>> the same deliver	grinding
production-1939-vol1-chapters	1448	29.0	leratees	<<leratees>> enti led to succeed thereto it must	legatees
production-1939-vol1-chapters	1449	29.10	fscheat	does not appear and claim as herein <<fscheat>>	escheat|scheat
production-1939-vol1-chapters	1451	24.10	delnery	of the county settlement the county treasurer <<delnery>>	deanery|delery|delivery|dennery
production-1939-vol1-chapters	1452	16.0	delnery	<<delnery>> tributed and deposited or remaining on deposit	deanery|delery|delivery|dennery
production-1939-vol1-chapters	1453	39.9	sisnson	school bus when operated for the transportation <<sisnson>>	sisson
production-1939-vol1-chapters	1455	41.13	gfend	described in the complaint or in the <<gfend>>	fend|gend
production-1939-vol1-chapters	1455	46.13	seetto	to the code of civil pro new <<seetto>>	seeto
production-1939-vol1-chapters	1463	15.12	trensurers	his official duties for the faithful per <<trensurers>>	treasurers
production-1939-vol1-chapters	1466	2.0	physteally	<<physteally>> any minor who by reason of a	physically
production-1939-vol1-chapters	1466	47.0	varaie	<<varaie>> paralysis may be admitted at the age	varane|varie|vraie
production-1939-vol1-chapters	1467	10.9	supenn	promote and direct special instrnetion in the <<supenn>>	upenn
production-1939-vol1-chapters	1468	15.0	tendents	<<tendents>> minors who otherwise would be denied proper	pendents|tendent|tenents|tennents
production-1939-vol1-chapters	1470	0.9	pruue	othe portion of the plum or frosh <<pruue>>	prude|prue|prune
production-1939-vol1-chapters	1472	12.0	cuhappter	<<cuhappter>>	chapter
production-1939-vol1-chapters	1475	29.3	cutered	the said agreement <<cutered>> into between the apprentices and	catered
production-1939-vol1-chapters	1475	42.9	pauons	apprenticeship council if no appeal therefrom is <<pauons>> am	patons
production-1939-vol1-chapters	1477	11.2	sepremse	may j <<sepremse>>	supreme
production-1939-vol1-chapters	1477	23.8	heense	tax collector who shall be ex officio <<heense>> collector	heene|heese|hense
production-1939-vol1-chapters	1477	37.8	ineuca	being statutes of page as amended relat <<ineuca>>	induce
production-1939-vol1-chapters	1479	39.9	seerion	is hereby added to the harbors xes <<seerion>>	section
production-1939-vol1-chapters	1481	13.12	accomplies	party or accessory to or an accomplice <<accomplies>>	accomplices|accomplis
production-1939-vol1-chapters	1483	43.4	prurt	standard fruit box g <<prurt>> boxes	prrt|pruit|prunt|prust|prut|purt
production-1939-vol1-chapters	1484	1.1	bovs	pear <<bovs>> special pear box	bevs|boas|bobs|bocs|bods|boes
production-1939-vol1-chapters	1484	5.0	artichok	<<artichok>> standard artichoke	artichoke
production-1939-vol1-chapters	1485	29.5	spauagus	standard pyramid asparagus crate maximum <<spauagus>>	asparagus|sparagus
production-1939-vol1-chapters	1486	52.0	oraneles	<<oraneles>> wonderful pomegranates numbers or	oranges
production-1939-vol1-chapters	1488	3.0	vrgine	<<vrgine>> src this aet is hereby dec ared	vagine|vergine|virgine
production-1939-vol1-chapters	1488	28.0	salanes	<<salanes>> county officers shall receive as compensation for	galanes|salines|sealanes|silanes|slanes
production-1939-vol1-chapters	1489	0.11	juros	grand juror in tne superior court lor <<juros>>	buros|duros|euros|jaros|junos|juras
production-1939-vol1-chapters	1492	12.1	ictpa	part <<ictpa>> sec after the establishment of a county	icpa|icta|ictp
production-1939-vol1-chapters	1493	11.1	sepien	may <<sepien>> ber	sapien|semien|sephen|sepian|sepion|setien
production-1939-vol1-chapters	1493	26.11	fxempton	or in the possession of a wholesaler <<fxempton>>	exemption
production-1939-vol1-chapters	1493	35.0	ciiapter	<<ciiapter>>	chapter
production-1939-vol1-chapters	1495	35.11	aeronoutica	of either section or section of this <<aeronoutica>>	aeronautica|aeronautics
production-1939-vol1-chapters	1497	32.10	emune	fund in the county treasury and establishing <<emune>>	elune|emine|emule|eune|june|mune
production-1939-vol1-chapters	1501	30.0	tinet	<<tinet>> corporations and each shall be kept held	binet|dinet|finet|iinet|inet|linet
production-1939-vol1-chapters	1502	5.0	posesof	<<posesof>> reserve bank is authorized and empowered	poses
production-1939-vol1-chapters	1505	36.9	pyyye	governing bodies of any and all counties <<pyyye>>	payee
production-1939-vol1-chapters	1510	7.0	laghted	<<laghted>> b every person who attaches a burning	lighted
production-1939-vol1-chapters	1510	22.0	tanspor	<<tanspor>> tation of pupils in elementary school districts	transpor|transport
production-1939-vol1-chapters	1512	20.0	ciiapter	<<ciiapter>>	chapter
production-1939-vol1-chapters	1512	30.1	hght	with <<hght>>	ght|heght|hgh|hghts|hgst|hgt
production-1939-vol1-chapters	1514	27.0	pesianed	<<pesianed>> visors association and shall be allowed their	designed
production-1939-vol1-chapters	1517	0.10	oneral	general fund in the state treasury yyy <<oneral>>	moneral|neral|oneal|onera|overal
production-1939-vol1-chapters	1520	6.1	seetum	new <<seetum>> section a new section is added to	septum|sertum
production-1939-vol1-chapters	1521	3.9	baleof	company or association shall sell or barter <<baleof>>	ballot
production-1939-vol1-chapters	1521	37.9	jegiti	or university bands or orchestras at any <<jegiti>>	legiti
production-1939-vol1-chapters	1523	21.12	sputies	notes of any state in the united <<sputies>>	suties
production-1939-vol1-chapters	1527	16.7	coateral	provided that the par value of said <<coateral>> trust bonds or	crateral
production-1939-vol1-chapters	1533	38.12	ifug	federal game refuge unless it was so <<ifug>>	fug|ifg|ifu|iug
production-1939-vol1-chapters	1534	18.0	typroaches	<<typroaches>> tract with the division of highways for	approaches
production-1939-vol1-chapters	1543	23.11	uarees	to the commissioner of the county of <<uarees>>	sarees
production-1939-vol1-chapters	1546	8.0	comeyance	<<comeyance>> ways code to be numbered and to	conveyance
production-1939-vol1-chapters	1547	6.4	bemeg	excepted and the legislature <<bemeg>> im session t has become a law	beeg|beme|bemer
production-1939-vol1-chapters	1549	45.8	operatin	the amendments of the insurance code effected <<operatin>>	operati|operatic|operating|operatio|operation
production-1939-vol1-chapters	1550	45.0	mentaty	<<mentaty>> mentally il persons means persons who are	mentaly|mentary|mentat
production-1939-vol1-chapters	1555	20.9	sbpuin	person becomes so mentally ill as to <<sbpuin>>	spain
production-1939-vol1-chapters	1555	33.7	notier	and institutions code to read as follows <<notier>>	nodier|nosier|noter|nother|noticer|notker
production-1939-vol1-chapters	1557	2.11	mtwe	person the judge shall or he may <<mtwe>>	mawe|mewe|mowe|mtbe|mte|mthe
production-1939-vol1-chapters	1559	27.10	mminy	examination as provided by jaw the court <<mminy>>	meiny|miny
production-1939-vol1-chapters	1569	17.11	anmsation	of the secretary of state the annexa <<anmsation>>	ansation
production-1939-vol1-chapters	1569	26.10	anpevation	which at the time of the presenta <<anpevation>>	annexation
production-1939-vol1-chapters	1570	35.0	disopproval	<<disopproval>> tion disapproves the proposed annexation of certain	disapproval
production-1939-vol1-chapters	1572	26.0	rehaceor	<<rehaceor>> seem proper the father or mother or	reactor
production-1939-vol1-chapters	1575	6.9	preals	or employee of the department may appeal <<preals>>	peals|reals
production-1939-vol1-chapters	1577	26.11	neeor	property such deed from the district may <<neeor>>	neebor|neer
production-1939-vol1-chapters	1579	33.10	iubor	provided further after rejecting bids the pay <<iubor>>	ibor|rubor
production-1939-vol1-chapters	1584	11.0	seefion	<<seefion>>	section
production-1939-vol1-chapters	1584	43.6	ercuting	amended or control of soil erosion <<ercuting>> a state soil conserva	eructing
production-1939-vol1-chapters	1585	22.7	leislatie	section the legislature believes that the conservation <<leislatie>>	legislative
production-1939-vol1-chapters	1585	44.2	megy	as follows <<megy>>	egy|hegy|magy|meg|mega|megg
production-1939-vol1-chapters	1587	2.9	aceom	or runoff therefrom is necessary for fully <<aceom>>	accom|acem|aceon|acom|aecom
production-1939-vol1-chapters	1588	21.3	whiek	district any jand <<whiek>> in the judgment of the board will	shiek|whick|whie|whike|whilk|whisk
production-1939-vol1-chapters	1588	32.1	oftive	amination <<oftive>> of director of the district to he	oftime|optive|ortive
production-1939-vol1-chapters	1593	10.10	unresson	be deemed to be that degree of <<unresson>>	unreason
production-1939-vol1-chapters	1593	26.13	sretion	added to said act to be new <<sretion>>	cretion
production-1939-vol1-chapters	1593	28.8	appnen	d the regulations shall be uniform throughout <<appnen>>	appen
production-1939-vol1-chapters	1594	11.9	oceupier	for a judgment that if such land <<oceupier>> shall neglect to	occupier
production-1939-vol1-chapters	1596	21.0	subms	<<subms>> supervisors and the auditor of the county	slbms|subm|subs|sums
production-1939-vol1-chapters	1597	48.3	tjnon	tion of districts <<tjnon>> receipt of the report from said coni	tanon|tenon|tjon|tonon|tunon
production-1939-vol1-chapters	1599	0.9	pendnz	proceedings for the organization of any soll <<pendnz>>	pending
production-1939-vol1-chapters	1600	26.0	feptumber	<<feptumber>> mas j	september
production-1939-vol1-chapters	1600	27.0	yieby	<<yieby>>	yield|yimby
production-1939-vol1-chapters	1604	0.3	aleada	distance of feet <<aleada>> project higher than a level of	alada|aleady|aleda|aleida|almada
production-1939-vol1-chapters	1604	50.2	opranced	road heating <<opranced>> to provide a single distribution of light	pranced
production-1939-vol1-chapters	1608	14.0	prenals	<<prenals>> signals are used they shall require obedience	penal
production-1939-vol1-chapters	1609	12.8	avthonty	company doing business under this chapter is <<avthonty>>	anthony
production-1939-vol1-chapters	1609	29.10	nameee	the same name or by any other <<nameee>>	namee
production-1939-vol1-chapters	1613	20.10	mphane	policy of life insurance issued by a <<mphane>>	mahane|phane
production-1939-vol1-chapters	1613	24.8	rewved	insurer subject to the provisions of this <<rewved>>	reaved|reeved|revved|rewed
production-1939-vol1-chapters	1614	46.1	noliev	first <<noliev>> vear	nolie|olive
production-1939-vol1-chapters	1615	33.2	fishways	ing to <<fishways>> declaring the urgency of this act to	fishway
production-1939-vol1-chapters	1619	16.9	maumem	sum of the reassessment plus any appropriation <<maumem>>	maumee|maumet|mayhem
production-1939-vol1-chapters	1625	47.12	muupte	part of the lands in any dis <<muupte>>	mute
production-1939-vol1-chapters	1625	48.10	ofitt	of which could be refunded under the <<ofitt>>	fitt|ofit|ofits
production-1939-vol1-chapters	1627	36.0	trict	<<trict>> refunding proceeding it shall not be necessary	strict|tract|triact|tric|trica|trice
production-1939-vol1-chapters	1629	33.13	nonconsen	of one or more of the out <<nonconsen>>	nonconsent
production-1939-vol1-chapters	1629	50.4	connons	due and unpaid interest <<connons>>	cannons|connon|connors
production-1939-vol1-chapters	1630	32.0	noeended	<<noeended>> see whenever upon the completion of the	needed
production-1939-vol1-chapters	1631	26.0	vevor	<<vevor>> as the case may be to apportion	bevor|devor|vevo
production-1939-vol1-chapters	1632	3.0	newbond	<<newbond>> or parcel of land the city treasurer	newbold
production-1939-vol1-chapters	1632	28.0	astriet	<<astriet>>	astrict|astrier
production-1939-vol1-chapters	1632	47.8	aequisi	benefited by the acquisitions or improvements or <<aequisi>>	alquist
production-1939-vol1-chapters	1633	23.6	inetimes	such parcel as the assessment se <<inetimes>> called gross a sess	intimes
production-1939-vol1-chapters	1634	0.0	paavions	<<paavions>> credited in the inuitiple district refunding proceeding	passions
production-1939-vol1-chapters	1635	19.12	consutu	phrase of this section is for any <<consutu>>	consult|consute
production-1939-vol1-chapters	1636	7.0	debtedness	<<debtedness>> consent to the refunding of the indebtedness	indebtedness
production-1939-vol1-chapters	1637	39.11	contn	which the district lies whether the district <<contn>>	coltn|conan|conen|conin|conn|conon
production-1939-vol1-chapters	1645	39.9	favure	expiration of the thirty day period hereinabove <<favure>>	faure|favore|favre
production-1939-vol1-chapters	1646	29.0	petuading	<<petuading>> two thousand dollars or more available for	persuading
production-1939-vol1-chapters	1647	44.12	winple	part of the lands in any dis <<winple>>	wimple|windle|wingle|winkle|winnle|wintle
production-1939-vol1-chapters	1651	47.9	autberity	the state and federal constitutions to effectively <<autberity>>	authority
production-1939-vol1-chapters	1652	49.0	coenpon	<<coenpon>> sec whenever upon the completion of the	coupon
production-1939-vol1-chapters	1654	39.1	voany	wu <<voany>> assessment levied upon any lot piece or	joany|moany|vonny
production-1939-vol1-chapters	1655	3.10	notlee	has been levied upon any parcel of <<notlee>> of	notley
production-1939-vol1-chapters	1655	15.12	reasess	been deeded to the city for delin <<reasess>>	reassess
production-1939-vol1-chapters	1661	43.2	msurer	a title <<msurer>> sha l not make any dividends except	maurer|meurer|murer|surer|usurer
production-1939-vol1-chapters	1664	17.2	poliev	for a <<poliev>> a part of the contract it may	polie|polier
production-1939-vol1-chapters	1664	51.0	msurer	<<msurer>> liabilities in an amount equal to and	maurer|meurer|murer|surer|usurer
production-1939-vol1-chapters	1666	0.0	hetie	<<hetie>> gs every insurer operating under the provisions	etie|henie|hertie|hete|heti|hettie
production-1939-vol1-chapters	1667	33.6	svert	sections to inclusive of this title <<svert>> title	avert|evert|overt|sert|severt|sivert
production-1939-vol1-chapters	1671	15.10	fuymay	courts and justices courts of class a <<fuymay>>	flyway
production-1939-vol1-chapters	1672	34.0	protune	<<protune>> inadvertence the interlocutory judgment has not been	protone
production-1939-vol1-chapters	1675	21.12	premtion	for the use or benefit of the <<premtion>>	premotion
production-1939-vol1-chapters	1676	7.0	exceptedto	<<exceptedto>> of proceeding an interlocutory order or decision	excepted
production-1939-vol1-chapters	1682	3.0	orumen	<<orumen>> document required by law which falsely represents	crumen|rumen
production-1939-vol1-chapters	1682	13.0	patlure	<<patlure>> t and professions code to read as	pature
production-1939-vol1-chapters	1682	23.10	pracit	to the use of the term drugless <<pracit>>	pract|practi
production-1939-vol1-chapters	1683	28.6	umenee	resources code relating to recreation districts <<umenee>>	renee
production-1939-vol1-chapters	1683	32.0	btats	<<btats>>	bats|batts|beats|blats|boats|brats
production-1939-vol1-chapters	1695	43.10	heense	negotiate issue and deliver bail bonds such <<heense>>	heene|heese|hense
production-1939-vol1-chapters	1696	28.9	solici	of the appointing license holder a bail <<solici>>	soliai|solic|solice|solich|solicit|solidi
production-1939-vol1-chapters	1699	3.11	heense	the expiration of the license period an <<heense>>	heene|heese|hense
production-1939-vol1-chapters	1700	4.0	lieenge	<<lieenge>>	license
production-1939-vol1-chapters	1704	10.0	ubrares	<<ubrares>> maintaining one or more elementary schools under	brakes
production-1939-vol1-chapters	1705	9.7	fedarstion	the declaration of parents proposing a candidate <<fedarstion>>	federation
production-1939-vol1-chapters	1709	31.10	recewer	pursuant to an order of the court <<recewer>>	receder|renewer
production-1939-vol1-chapters	1712	12.0	tommitees	<<tommitees>> sions of resolution chapter of the statutes	committees
production-1939-vol1-chapters	1713	9.11	grijne	manner he may deem advisable personal property <<grijne>>	grine
production-1939-vol1-chapters	1715	10.9	tnenad	state of california to be numbered relating <<tnenad>>	nenad
production-1939-vol1-chapters	1717	24.10	wamngor	the superior court in the county in <<wamngor>>	bangor
production-1939-vol1-chapters	1717	44.10	trancnp	every such case however the clerk of <<trancnp>>	trance
production-1939-vol1-chapters	1719	23.11	furrem	appealed to the supreme court ten dollars <<furrem>>	furred|furrer|furret|hurrem
production-1939-vol1-chapters	1722	31.0	folloniné	<<folloniné>> larceny or petit theft and having served	following
production-1939-vol1-chapters	1723	10.9	slajs	of the fish and game code is <<slajs>>	slabs|slags|slais|slams|slaps|slas
production-1939-vol1-chapters	1723	27.2	ciencea	thence alone <<ciencea>> seca trail and down cienega seca creek	ciencia
production-1939-vol1-chapters	1724	8.4	sawpit	of devil s canyon <<sawpit>> canyon and the west fork of the	sawit
production-1939-vol1-chapters	1725	5.8	btjs	section of the vehicle code is hereby <<btjs>>	bjs|bjts|btas|btcs|bts|btts
production-1939-vol1-chapters	1728	21.0	hbvary	<<hbvary>> county library as herein provided the board	hbgary|vary
production-1939-vol1-chapters	1730	32.0	pnended	<<pnended>> code relating to the veterans home of	pended|unended
production-1939-vol1-chapters	1731	7.11	forreted	of the neglect of the defendant to <<forreted>>	ferreted
production-1939-vol1-chapters	1731	21.7	fosting	sec the street superintendent shall thereupon cause <<fosting>>	costing|fasting|festing|fisting|foisting|footing
production-1939-vol1-chapters	1734	21.0	vropelly	<<vropelly>> society or association is hereby authorized and	properly
production-1939-vol1-chapters	1737	5.9	sernee	residing in the state of california whose <<sernee>>	serene|vernee
production-1939-vol1-chapters	1737	16.11	unkiws	the state whose place of residence wd <<unkiws>>	units|unkiss
production-1939-vol1-chapters	1737	30.11	eony	summons and complaint within ten days mang <<eony>>	bony|cony|dony|ebony|eeny|enny
production-1939-vol1-chapters	1737	33.11	aigre	names are known who reside out of <<aigre>>	aggre|agre|aigbe|aigle|aigret|aire
production-1939-vol1-chapters	1739	20.12	mdoter	have the power to take the testi <<mdoter>>	doter|mooter|moter
production-1939-vol1-chapters	1740	0.1	sammination	employee <<sammination>> audit investigation or hearing including the	amination
production-1939-vol1-chapters	1743	37.11	msnee	after the effective date of this milk <<msnee>>	manee|mcnee|monee|msee|snee
production-1939-vol1-chapters	1745	0.1	gtounas	j <<gtounas>>	grounds
production-1939-vol1-chapters	1746	1.0	pbservanc	<<pbservanc>> s the birthday of luther burbank is	observance
production-1939-vol1-chapters	1746	31.0	amdavit	<<amdavit>> first an affidavit setting forth the facts	davit
production-1939-vol1-chapters	1747	24.10	aerded	taxing of vehicles providing for license p <<aerded>>	aeried|herded
production-1939-vol1-chapters	1749	21.12	commtu	the last day for doing any act <<commtu>>	commu
production-1939-vol1-chapters	1749	45.9	lcrutation	shall be submitted to the trial judge <<lcrutation>>	scrutation
production-1939-vol1-chapters	1751	9.10	jpterest	of the due date on the face <<jpterest>>	interest
production-1939-vol1-chapters	1751	45.0	cilapter	<<cilapter>>	chapter
production-1939-vol1-chapters	1752	29.0	toelectors	<<toelectors>> ity of the bonds or warrants specified	electors
production-1939-vol1-chapters	1753	36.9	proveet	organization and government and defining its rey <<proveet>>	provect
production-1939-vol1-chapters	1753	47.12	utle	known and cited as the san sbort <<utle>>	atle|stle|tle|ttle|tule|ugle
production-1939-vol1-chapters	1754	48.0	ofreports	<<ofreports>> authority shall be filed kept on file	reports
production-1939-vol1-chapters	1756	39.0	bulh	<<bulh>> ales county in which the same are	bhlh|blh|bluh|buah|buch|budh
production-1939-vol1-chapters	1757	21.9	pubhe	nevertheless that if such intended sale is <<pubhe>>	dubhe|pube|puhe
production-1939-vol1-chapters	1757	35.11	tsut	to any sale transfer assignment or mort <<tsut>>	jsut|stut|sut|taut|teut|thut
production-1939-vol1-chapters	1760	44.0	ruptey	<<ruptey>> act	ruptly
production-1939-vol1-chapters	1761	14.10	cfedt	june filed with secretary of state tn <<cfedt>>	cfdt
production-1939-vol1-chapters	1766	24.0	apticants	<<apticants>> good reputation of any applicant for a	applicants
production-1939-vol1-chapters	1767	3.9	heense	a salesman license who otherwise qualifies under <<heense>>	heene|heese|hense
production-1939-vol1-chapters	1767	20.0	heense	<<heense>> unless he has first satisfied the real	heene|heese|hense
production-1939-vol1-chapters	1769	1.6	rendled	code relating to agricultural seeds p <<rendled>>	rendle
production-1939-vol1-chapters	1769	10.3	alsike	n son clover <<alsike>> clover white clover field peas cowpeas	alike|alsine
production-1939-vol1-chapters	1769	21.0	esula	<<esula>> leafy spurge gaura coccinea scarlet gaura	csula|eula|sula
production-1939-vol1-chapters	1769	34.5	pauci	carduus pycnocephalus italian thistle cenchrus <<pauci>>	fauci|gauci|paci|pauli|pauri|pauxi
production-1939-vol1-chapters	1769	40.6	plani	dodder cuscuta pentagon field dodder cuscuta <<plani>>	alani|lani|paani|palani|pani|phani
production-1939-vol1-chapters	1772	23.0	orhoses	<<orhoses>> the average inside length of the two	orthoses
production-1939-vol1-chapters	1773	2.11	nendol	industrial home for the adult blind p <<nendol>>	cendol|nendo|vendor
production-1939-vol1-chapters	1776	22.0	cmmied	<<cmmied>> person to any state hospital as a	copied
production-1939-vol1-chapters	1776	23.0	wihenme	<<wihenme>> pursuant to the provisions of articles to	whence
production-1939-vol1-chapters	1777	9.0	ciuapter	<<ciuapter>>	chapter
production-1939-vol1-chapters	1781	1.11	retremen	shall create a retirement board of not <<retremen>>	retirement
production-1939-vol1-chapters	1781	32.11	fompensa	the district the members of said retire <<fompensa>>	compense
production-1939-vol1-chapters	1783	44.9	agamst	the hearing on the allegation of sexual <<agamst>>	against|agaist|aganst|gamst
production-1939-vol1-chapters	1786	19.1	woraan	which <<woraan>> shall if the court sees fit be	worgan|worman
production-1939-vol1-chapters	1786	21.0	dehvery	<<dehvery>> certified copies of the affidavit warrant of	devery
production-1939-vol1-chapters	1786	22.0	ofpapers	<<ofpapers>> order for hearing and examination report of	papers
production-1939-vol1-chapters	1787	0.3	pallents	t n of <<pallents>>	pallens|pallets|tallents
production-1939-vol1-chapters	1787	14.8	pnendea	fish and game code relating to abalones <<pnendea>>	pended
production-1939-vol1-chapters	1789	5.10	jwors	this class grand jurors and jurors in <<jwors>>	jors|wors
production-1939-vol1-chapters	1789	41.12	legisiat	as a fact that the change made <<legisiat>>	legislate
production-1939-vol1-chapters	1790	2.0	binended	<<binended>> taining to the collection of lens in	intended
production-1939-vol1-chapters	1790	7.0	siats	<<siats>> srerion section of the agricultural code is	fiats|sats|scats|seats|shats|sias
production-1939-vol1-chapters	1790	7.1	srerion	siats <<srerion>> section of the agricultural code is hereby	region
production-1939-vol1-chapters	1793	23.5	grectine	code to read as follows <<grectine>>	erecting
production-1939-vol1-chapters	1796	4.2	sceetyship	title xti <<sceetyship>>	suretyship
production-1939-vol1-chapters	1797	11.10	seraben	the original obligation or with the acceptance <<seraben>>	serabend
production-1939-vol1-chapters	1797	17.4	wnbne	to read as follows <<wnbne>>	wnne
production-1939-vol1-chapters	1798	28.0	ocreditor	<<ocreditor>> performance is liable to the creditor immediately	cocreditor|creditor
production-1939-vol1-chapters	1798	47.0	diabity	<<diabity>> disability of the principal though the disability	dignity
production-1939-vol1-chapters	1803	40.9	conshtions	shall not be issued until the commissioner <<conshtions>>	conditions
production-1939-vol1-chapters	1804	48.0	fatture	<<fatture>> failure by an applicant except by permission	facture|fattore
production-1939-vol1-chapters	1806	12.1	mndlet	aside <<mndlet>> the court in which the defendant is	inlet
production-1939-vol1-chapters	1807	1.10	bentenbe	jae et te with secretary of state <<bentenbe>>	sentence
production-1939-vol1-chapters	1808	34.0	abundopment	<<abundopment>> c at any time before the filing	abandonment
production-1939-vol1-chapters	1808	43.1	akng	tee <<akng>> upon the abandonment of an appeal the	aang|aing|akg|aking|akn|akong
production-1939-vol1-chapters	1817	27.9	eariers	carriers as used herein shall include all <<eariers>>	earners
production-1939-vol1-chapters	1821	37.7	shellville	b route near petaluma to route near <<shellville>>	snellville
production-1939-vol1-chapters	1822	6.1	toaoe	fen <<toaoe>> june j	toale|toate|tomoe
production-1939-vol1-chapters	1823	32.10	imestment	division of the insurance code such reserve <<imestment>>	investment
production-1939-vol1-chapters	1823	43.6	porement	the life care agreement must show <<porement>>	portment|posement
production-1939-vol1-chapters	1824	21.0	andmam	<<andmam>> fo establish and maintain a reserve fund	andam|animal|animam
production-1939-vol1-chapters	1826	14.0	btats	<<btats>>	bats|batts|beats|blats|boats|brats
production-1939-vol1-chapters	1828	5.3	mvestments	revenue excess funds <<mvestments>> may be made in bonds	vestments
production-1939-vol1-chapters	1832	23.0	muruty	<<muruty>> real provisions of sections and of the	murty|murut
production-1939-vol1-chapters	1833	26.10	ureenes	is hereby declared to be an urgency <<ureenes>>	greenes
production-1939-vol1-chapters	1834	37.0	aeures	<<aeures>> amount thereof as set forth in figures	acres|aures|azures|eures|heures
production-1939-vol1-chapters	1839	15.6	prorat	item for support of agricultural prorate <<prorat>>	porat|priorat|prorata|prorate
production-1939-vol1-chapters	1839	39.0	sehonl	<<sehonl>> code	sehon
production-1939-vol1-chapters	1841	22.0	dollarg	<<dollarg>>	dollar|dollard|dollars
production-1939-vol1-chapters	1841	40.7	unnersity	item for support of university of cali <<unnersity>>	university|unversity
production-1939-vol1-chapters	1842	15.0	rrione	<<rrione>> item for suppor of department of	rione
production-1939-vol1-chapters	1844	10.0	camaril	<<camaril>> fifty dollars	camail|cambria
production-1939-vol1-chapters	1848	25.0	rrety	<<rrety>> tem for additional support division of	prety|surety
production-1939-vol1-chapters	1848	41.0	dmision	<<dmision>> item for expenses in connection with	mision
production-1939-vol1-chapters	1850	0.1	benology	i <<benology>>	enology|menology|oenology|penology|tenology
production-1939-vol1-chapters	1850	1.0	preont	<<preont>> item for support of division of criminal	prent|preon
production-1939-vol1-chapters	1850	35.0	cahform	<<cahform>> item for support of southern california	conform
production-1939-vol1-chapters	1851	30.0	triet	<<triet>> fund	griet|priet|riet|thiet|tiet|tiret
production-1939-vol1-chapters	1852	1.1	metology	ise <<metology>> one hundred fifty five	cetology|emetology|menology|mesology|metrology
production-1939-vol1-chapters	1852	47.0	vetermary	<<vetermary>> in veterinary medicine eight thou	veterinary
production-1939-vol1-chapters	1852	48.0	medicme	<<medicme>> sand nineteen dollars fifty nine cents	medical
production-1939-vol1-chapters	1853	6.5	eeaniners	tic examiners twenty three thou <<eeaniners>>	examiners
production-1939-vol1-chapters	1856	19.0	tlorado	<<tlorado>> item for support of the colorado river	lorado
production-1939-vol1-chapters	1858	28.0	steeqn	<<steeqn>> provisions of and each and all of	steen
production-1939-vol1-chapters	1859	49.12	tomlty	for any reason held to be unconstitutional <<tomlty>>	tomty
production-1939-vol1-chapters	1862	0.0	cilapter	<<cilapter>>	chapter
production-1939-vol1-chapters	1867	30.11	authouty	that its citizens may enjoy greater cul <<authouty>>	authority
production-1939-vol1-chapters	1867	36.10	ofmcial	time to time a group of professional <<ofmcial>>	offcial|official|oficial
production-1939-vol1-chapters	1871	28.8	atect	under this section thereupon such food control <<atect>> o	atec|ateca|atest|tect
production-1939-vol1-chapters	1873	15.9	frorn	in any calendar year by any individual <<frorn>>	forn|fron|fror|frore|frory|frown
production-1939-vol1-chapters	1874	44.0	perme	<<perme>> dent s estate are pending such petition	erme|ferme|parme|perce|perde|pere
production-1939-vol1-chapters	1875	12.10	nouce	is included in a petition for pro <<nouce>>	douce|nauce|noce|noice|nonce|noue
production-1939-vol1-chapters	1875	42.0	bercd	<<bercd>> relating to exchange teachers	berch|berck|bercy|berd|bernd
production-1939-vol1-chapters	1876	16.4	wrigation	thereby of water for <<wrigation>> purposes providing for the	rigation|writation
production-1939-vol1-chapters	1877	21.11	batots	the ballots cast at such election shall <<batots>>	batons|batts
production-1939-vol1-chapters	1880	31.0	saladity	<<saladity>> delivered to said district treasurer the board	salacity|validity
production-1939-vol1-chapters	1882	11.0	apportcn	<<apportcn>> tract it is hereby expressly provided that	apportion
production-1939-vol1-chapters	1890	35.0	mnnediately	<<mnnediately>>	mediately
production-1939-vol1-chapters	1894	39.0	certeat	<<certeat>> clerical errors not affecting the substantial rights	certeau
production-1939-vol1-chapters	1895	0.9	aprlieation	of the amount due any company person <<aprlieation>>	application
production-1939-vol1-chapters	1895	6.11	covection	have the power at any time on <<covection>>	colection|conection|convection
production-1939-vol1-chapters	1895	13.10	raiure	the hoard to mail any statement required <<raiure>>	rasure
production-1939-vol1-chapters	1895	32.9	eorle	in and by the provisions of this <<eorle>> enacted to	borle|earle|eople|eorl|erle|korle
production-1939-vol1-chapters	1895	40.8	tavs	taxes assessed and levied upon insurance com <<tavs>>	aavs|atvs|avs|cavs|davs|favs
production-1939-vol1-chapters	1895	42.12	conloller	sections of this code enacted to carry <<conloller>>	controller
production-1939-vol1-chapters	1896	7.4	paicl	collected or by whom <<paicl>> and if approved by said board of	paice|pail
production-1939-vol1-chapters	1897	34.11	prommnted	any judgment be rendered in favor of <<prommnted>>	promoted
production-1939-vol1-chapters	1898	4.0	revocaton	<<revocaton>> authority should not be revoked shall upon	revocation
production-1939-vol1-chapters	1898	21.0	pvileges	<<pvileges>> ised for any purpose or in any	privileges
production-1939-vol1-chapters	1900	7.0	eudence	<<eudence>> companies or a copy of so much	evidence|exudence
production-1939-vol1-chapters	1901	24.8	pimemng	pupil who wilfully cuts defaces or otherwise <<pimemng>>	pimping
production-1939-vol1-chapters	1901	25.10	sverty	way any property real or personal belonging <<sverty>>	severty
production-1939-vol1-chapters	1902	23.0	peorcinent	<<peorcinent>> selected as a homestead are used for	pertinent
production-1939-vol1-chapters	1906	4.1	mtuf	pla <<mtuf>> or defendant no bond written undertaking or	mouf|mtbf|mtf|mttf|mtu|muf
production-1939-vol1-chapters	1906	27.0	butlion	<<butlion>> amount of tax levied assessed or payable	bullion|butlin
production-1939-vol1-chapters	1907	20.2	incffect	y vo <<incffect>>	infect
production-1939-vol1-chapters	1907	43.6	rinsorm	any corporation heretofore operating under chap <<rinsorm>>	inform
production-1939-vol1-chapters	1909	40.8	ticates	certificates issued in compliance with chapter of <<ticates>>	ticats
production-1939-vol1-chapters	1909	47.9	withdaval	by the commissioner of anv such transforma <<withdaval>>	withdrawal
production-1939-vol1-chapters	1911	15.9	orshare	may be purchased by minors or married <<orshare>>	share
production-1939-vol1-chapters	1911	17.12	marned	exclusive right and benefit of such mar <<marned>>	darned|earned|harned|larned|mained|maned
production-1939-vol1-chapters	1911	40.9	prlol	a person holding shares or share accounts <<prlol>>	prlog|prol|proll
production-1939-vol1-chapters	1913	47.11	ermaton	officer or to the federal home loan <<ermaton>>	emmaton
production-1939-vol1-chapters	1914	12.0	tostate	<<tostate>> association into a building and loan association	costate|testate|tomtate
production-1939-vol1-chapters	1916	0.0	cilapter	<<cilapter>>	chapter
production-1939-vol1-chapters	1917	22.8	chapler	chapter viii consisting of sections to ni <<chapler>>	chanler|chaper|chaples|chaplet|chapper|chapter
production-1939-vol1-chapters	1918	48.1	attone	wi <<attone>> erty to be sold under this chapter	antone|atone|atton|attune|ottone
production-1939-vol1-chapters	1919	32.9	contrita	of the copy of the resolution approx <<contrita>> s	contra|contrite
production-1939-vol1-chapters	1920	5.0	supety	<<supety>> ors ae	suety|surety
production-1939-vol1-chapters	1921	38.10	vauuty	validity of any proceedings instituted under sy <<vauuty>>	vaulty|vaunty
production-1939-vol1-chapters	1921	47.10	ectwn	hereby added to the political code new <<ectwn>>	ecton
production-1939-vol1-chapters	1923	10.8	vandation	where any board of supervisors has heretofore <<vandation>>	mandation|pandation
production-1939-vol1-chapters	1927	17.9	preemets	the purposes of said election the legislative <<preemets>>	preempts
production-1939-vol1-chapters	1928	48.0	nouee	<<nouee>> ele native body selling said bonds or	noue|nouse|novee
production-1939-vol1-chapters	1930	51.7	gaicd	the bonds as it becomes due and <<gaicd>> sum shall be paid into	aicd
production-1939-vol1-chapters	1931	5.8	swlane	called sinking fund or otherwise appropriately desig <<swlane>>	silane|slane|solane
production-1939-vol1-chapters	1934	13.0	discontimu	<<discontimu>> property at his usual business or residence	discontinue
production-1939-vol1-chapters	1934	24.0	adcitionc	<<adcitionc>> charges and all penalties thereon are fully	addition
production-1939-vol1-chapters	1939	17.12	siarding	which in the opinion of the legislative <<siarding>>	sharding
production-1939-vol1-chapters	1940	6.0	eusting	<<eusting>> hw acts now existing or which may	busting|dusting|easting|esting|fusting|gusting
production-1939-vol1-chapters	1940	14.0	constatuy	<<constatuy>> this act and all of its provisions	constantly
production-1939-vol1-chapters	1943	18.12	brecntor	estate or to exercise any voting rights <<brecntor>>	rector
production-1939-vol1-chapters	1944	12.0	andsale	<<andsale>> by seizure of such vehicle from the	andale|handsale|landsale
production-1939-vol1-chapters	1945	5.0	ciiapter	<<ciiapter>>	chapter
production-1939-vol1-chapters	1948	17.0	prorat	<<prorat>> sec after any prorating program has been	porat|priorat|prorata|prorate
production-1939-vol1-chapters	1948	22.0	aevates	<<aevates>> primary and secondary certificates hach producer shall	aerates
production-1939-vol1-chapters	1950	9.0	denwoit	<<denwoit>> of section all moneys belonging to or	detroit
production-1939-vol1-chapters	1951	44.1	wnsee	note <<wnsee>> stats ch	insee|unsee|waste
production-1939-vol1-chapters	1955	2.11	inrepnt	as provided in this section it shall <<inrepnt>>	intent
production-1939-vol1-chapters	1955	17.11	peyraent	of the delinquent taxes levied upon lands <<peyraent>>	percent
production-1939-vol1-chapters	1963	9.8	fxpendr	all necessary expenses incurred by the govern <<fxpendr>>	expend
production-1939-vol1-chapters	1963	33.12	lcewe	annual license so to do from the <<lcewe>>	clewe|lewe|loewe
production-1939-vol1-chapters	1964	42.1	sxerron	stats <<sxerron>> section of the act cited in the	sherron
production-1939-vol1-chapters	1965	0.9	delipyuent	any vehicle is operated upon any high <<delipyuent>>	delinquent
production-1939-vol1-chapters	1968	9.0	ragog	<<ragog>> s c sec section of the act	agog|aragog|magog|ragg|rago|ragon
production-1939-vol1-chapters	1971	10.9	sikiyou	of the twenty ninth class the following <<sikiyou>>	siskiyou
production-1939-vol1-chapters	1971	14.7	auchtor	the auditor three thousand dollars per annum <<auchtor>>	auctor
production-1939-vol1-chapters	1971	22.9	ghasta	of the thirty seventh class the follow <<ghasta>>	ghanta|ghast|hasta|shasta
production-1939-vol1-chapters	1973	39.0	ciiapter	<<ciiapter>>	chapter
production-1939-vol1-chapters	1975	37.14	musure	class there must be two jus cis <<musure>>	fusure|masure|mesure|mnsure|musume|usure
production-1939-vol1-chapters	1977	8.12	oatiana	supreme court of the state of cali <<oatiana>>	tatiana
production-1939-vol1-chapters	1977	17.12	deisin	town of the second class each justice <<deisin>>	delsin|dessin|seisin
production-1939-vol1-chapters	1981	23.10	tenanees	of the construction or installation of con <<tenanees>>	tenants
production-1939-vol1-chapters	1997	6.9	goimc	board of supervisors of said orange county <<goimc>>	going
production-1939-vol1-chapters	2003	28.11	fumsing	chapter or of this code shall be <<fumsing>>	fuming|fusing|fussing
production-1939-vol1-chapters	2004	22.0	anneat	<<anneat>> e an act to validate the organization	annat|annea|anneal|annear|annet|annett
production-1939-vol1-chapters	2005	12.8	falidition	all public bodies heretofore organized and functioning <<falidition>>	validation
production-1939-vol1-chapters	2011	2.8	sonim	ib whenever the public interest or convenience <<sonim>>	conim|slonim|sonam|soni|sonia|sonic
production-1939-vol1-chapters	2013	22.9	ytul	nothing herein contained shall be deemed to <<ytul>>	atul|tul|wtul|yeul|youl|ytl
production-1939-vol1-chapters	2014	44.0	presumpuon	<<presumpuon>> tt is presumed that the assessments of	presumption
production-1939-vol1-chapters	2017	37.7	lbelme	the labeling and the advertising of pasteurized <<lbelme>>	belle
production-1939-vol1-chapters	2019	26.8	weenss	department with the consent of the health <<weenss>>	weeks|weeness|weens|weensy
production-1939-vol1-chapters	2022	28.0	triet	<<triet>> now used to control flood or storm	griet|priet|riet|thiet|tiet|tiret
production-1939-vol1-chapters	2025	41.12	plcvers	shall provide by ordinance for the p <<plcvers>>	plovers
production-1939-vol1-chapters	2030	43.0	noratorum	<<noratorum>> section a moratorium is hereby declared with	moratorium
production-1939-vol1-chapters	2033	2.7	remrs	except as provided in section the judgment <<remrs>>	emrs|rears|remes|remis|rems|remus
production-1939-vol1-chapters	2033	22.10	irik	add sections and to the vehicle code <<irik>>	arik|brik|drik|eirik|erik|frik
production-1939-vol1-chapters	2034	22.0	neuces	<<neuces>> creek from its mouth at suisun bay	deuces|neces|neices|neues|neumes|nueces
production-1939-vol1-chapters	2035	4.12	cleanmes	pest shall be deemed a public or <<cleanmes>>	cleanses
production-1939-vol1-chapters	2042	33.0	aeoa	<<aeoa>> irst each convict shall be provided with	aboa|acoa|aea|aela|aena|aeo
production-1939-vol1-chapters	2042	41.0	convirts	<<convirts>> third the warden shall keep a correct	converts|convicts
production-1939-vol1-chapters	2045	19.9	styon	of the penal code is hereby amended <<styon>>	sayon|seyon|stion|ston|stoon|stron
production-1939-vol1-chapters	2048	35.0	vscis	<<vscis>> security board under section of the social	scis|uscis
production-1939-vol1-chapters	2051	26.0	ciiapter	<<ciiapter>>	chapter
production-1939-vol1-chapters	2054	18.0	psmen	<<psmen>> s see an employing unit neglects or	esmen|pimen
production-1939-vol1-chapters	2055	9.9	ressess	against whom a jeopardy assessment is levied <<ressess>>	reassess|resses
production-1939-vol1-chapters	2056	30.0	patements	<<patements>> sec in any case in which any	pavements
production-1939-vol1-chapters	2057	30.10	satistactio	judgment has been entered and if there <<satistactio>>	satisfaction
production-1939-vol1-chapters	2057	31.10	gudemen	upon which such judgment is based of <<gudemen>>	gudeman
production-1939-vol1-chapters	2059	16.7	hepresenta	see every assignee receiver trustee in bankruptcy <<hepresenta>>	representa
production-1939-vol1-chapters	2060	7.5	recewer	commissioner or as sole custodian <<recewer>> or liquidator	receder|renewer
production-1939-vol1-chapters	2063	35.12	wleh	or exposed for sale in the state <<wleh>>	aleh|bleh|leh|oleh|weh|wheh
production-1939-vol1-chapters	2065	20.7	terminatior	the superior court shall have continuing jurisdiction <<terminatior>>	termination|terminator
production-1939-vol1-chapters	2065	39.8	pypne	authority of a public administrator except where <<pypne>>	pyne|pype|type
production-1939-vol1-chapters	2067	0.9	srires	or performing service on behalf of the <<srires>>	shires|sires|spires|stires
production-1939-vol1-chapters	2068	4.0	reeordation	<<reeordation>> ments to which the united states is	recordation
production-1939-vol1-chapters	2069	9.10	jraton	shall be lawful to utilize moneys appropriated <<jraton>>	craton|graton|jaton|kraton|raton
production-1939-vol1-chapters	2069	13.11	ueney	hereby declared to be an urgency meas <<ueney>>	deney|eney|heney|reney|seney|teney
production-1939-vol1-chapters	2070	13.0	penalues	<<penalues>> provision such officer shall be deemed guilty	penalties
production-1939-vol1-chapters	2072	8.0	neterm	<<neterm>> he may desire upon the conclusion of	determ|neter|netero
production-1939-vol1-chapters	2073	6.10	rctums	district elections the returns of such election <<rctums>>	rectums
production-1939-vol1-chapters	2074	0.0	gavesard	<<gavesard>> the board of trustees and officers of	graveyard
production-1939-vol1-chapters	2074	10.0	debtedness	<<debtedness>> addition be assessable for the general bonded	indebtedness
production-1939-vol1-chapters	2074	38.0	landsard	<<landsard>> over all ungranted tide lands and submerged	landshard|landward
production-1939-vol1-chapters	2075	2.8	prospectin	the commission shall issue a prospecting permit <<prospectin>>	prospecting|prospection
production-1939-vol1-chapters	2077	0.10	sreti	hereby added to the labor code new <<sreti>>	preti|reti|seti|srei|sruti|sveti
production-1939-vol1-chapters	2077	9.9	renany	shall be prima facie evidence of noninsurance <<renany>>	reany|renan|renay|renny
production-1939-vol1-chapters	2078	10.0	dedeatinn	<<dedeatinn>> a the governing board of any school	defeating
production-1939-vol1-chapters	2079	16.8	duwiston	number one embraces the board of medical <<duwiston>>	lewiston
production-1939-vol1-chapters	2083	32.11	reciprocit	by this act in respect of intan <<reciprocit>>	reciprocity
production-1939-vol1-chapters	2084	0.0	inberitanee	<<inberitanee>> dec j in ease a ax has	inheritance
production-1939-vol1-chapters	2084	1.0	ductior	<<ductior>> this act upon any gifts and thereafter	duction|ductor
production-1939-vol1-chapters	2087	37.10	apprelse	controller may in such cases ag he <<apprelse>>	apprense
production-1939-vol1-chapters	2089	6.10	wntor	may at any time after a tax <<wntor>>	antor
production-1939-vol1-chapters	2090	26.0	transferon	<<transferon>> sec when property is transferred in trust	transferor
production-1939-vol1-chapters	2092	7.0	taxahon	<<taxahon>> were no possibility of such divesting	taxation
production-1939-vol1-chapters	2097	2.0	ciiapter	<<ciiapter>>	chapter
production-1939-vol1-chapters	2099	12.9	ineflect	governor june filed with secretary of state <<ineflect>>	inflect
production-1939-vol1-chapters	2102	33.0	equahzation	<<equahzation>> ascertained from any assessment book or from	equalization
production-1939-vol1-chapters	2103	40.6	pieveeting	in computing delinquent penalties redemption penalties <<pieveeting>>	preventing
production-1939-vol1-chapters	2103	41.9	mascaons	fractions of a cent shall be rejected <<mascaons>>	masons
production-1939-vol1-chapters	2104	38.0	distribur	<<distribur>> amounts received in payment of taxes penalties	distribu
production-1939-vol1-chapters	2106	0.0	wdrpots	<<wdrpots>> lue county treasurer and the county auditor	depots
production-1939-vol1-chapters	2110	0.2	iemmtrailer	store si <<iemmtrailer>> whenever a passenger motor vehicle is drawing	semitrailer
production-1939-vol1-chapters	2112	15.0	heense	<<heense>> fee first time under the provisions of	heene|heese|hense
production-1939-vol1-chapters	2113	12.10	sinwre	fund for the payment of the principal <<sinwre>>	sindre
production-1939-vol1-chapters	2115	6.8	eiementaly	principal of each elementary school shall sub <<eiementaly>>	elementary
production-1939-vol1-chapters	2115	13.9	mugb	of each high school shall make an <<mugb>> school	mgb|mub|mug|muga|mugg|mugi
production-1939-vol1-chapters	2116	36.0	tomction	<<tomction>> the revocation of the license or licenses	traction
production-1939-vol1-chapters	2120	4.0	tnvestiga	<<tnvestiga>> investigations by department a the department	investiga
production-1939-vol1-chapters	2122	10.0	septern	<<septern>> ver june	septer|sextern
production-1939-vol1-chapters	2122	15.0	overfoned	<<overfoned>> swamp and overflowed hands belonging to the	overflowed|overfond
production-1939-vol1-chapters	2129	5.9	ensting	order heretofore duly issued by the director <<ensting>>	easting|ensuing|esting|nesting|unsting
production-1939-vol1-chapters	2132	15.0	wniten	<<wniten>> a no marketing order or amendments	whiten|writen
production-1939-vol1-chapters	2134	33.0	sdvanee	<<sdvanee>> gor distributor or handler directly affected by	advance
production-1939-vol1-chapters	2137	35.10	fature	any producer or handler duly assessed pursuant <<fature>>	ature|facture|faure|feature|future|mature
production-1939-vol1-chapters	2139	41.9	mommw	fund which fund is hereby created all <<mommw>>	momm|momma|momme|mommy
production-1939-vol1-chapters	2141	32.9	ctwn	is hereby added to the california new <<ctwn>>	btwn|cown|ctn|ctw|cwn|twn
production-1939-vol1-chapters	2141	40.10	anpro	of thirty five million five hundred twenty <<anpro>>	alpro|andro|anpr|anprm|antro|appro
production-1939-vol1-chapters	2142	5.0	nmtatons	<<nmtatons>> be expended in the first quarter of	notations
production-1939-vol1-chapters	2143	27.10	poyeet	efforts on behalf of the water project <<poyeet>>	poteet|poyet
production-1939-vol1-chapters	2144	6.6	iysay	in eft approved by governor ure <<iysay>> wit secretary oo tat	irsay|isay
production-1939-vol1-chapters	2145	1.9	pnentes	relating to the division of state employ <<pnentes>>	puentes
production-1939-vol1-chapters	2148	44.0	pelog	<<pelog>> sec the term base period means the	peleg|pelo|pelon|pelor|pelos|pelow
production-1939-vol1-chapters	2149	22.12	amoum	column b in the table set forth <<amoum>>	amomum|amou|amoun|amour|amous|amout
production-1939-vol1-chapters	2152	0.0	toliows	<<toliows>>	follows
production-1939-vol1-chapters	2152	21.1	tiaee	ae <<tiaee>> ec with respect to any individual for	iaee|tiare|tiree
production-1939-vol1-chapters	2153	22.11	pretec	half of the money appropriated by this <<pretec>>	prete|preter|protec
production-1939-vol1-chapters	2156	3.0	vajly	<<vajly>> exempted from the tax imposed by this	vally
production-1939-vol1-chapters	2159	12.9	ofsets	a determination hereunder the board may offset <<ofsets>>	offsets|onsets
production-1939-vol1-chapters	2162	15.0	fefung	<<fefung>> sade and anv credit or any portion	refund
production-1939-vol1-chapters	2165	5.13	pntens	set for such sale the said notice <<pntens>>	intens|intent|patens|potens
production-1939-vol1-chapters	2168	0.1	omlece	nome <<omlece>>	ollice
production-1939-vol1-chapters	2168	3.0	injunet	<<injunet>> on sec no injunction or writ of	injunct|injune
production-1939-vol1-chapters	2178	19.0	iajel	<<iajel>> sec section of the act cited in	majel
production-1939-vol1-chapters	2182	4.0	ofnotice	<<ofnotice>> description of the property to be sold	notice
production-1939-vol1-chapters	2183	1.9	inpayer	any retailer or other person liable for <<inpayer>>	inlayer|payer
production-1939-vol1-chapters	2184	46.0	wouio	<<wouio>> sec section of the act cited in	woio|wouid|would
production-1939-vol1-chapters	2184	49.0	tietor	<<tietor>> ol equitable process shall issue in any	tieto|tieton|titor|vietor
production-1939-vol1-chapters	2185	20.1	julgmet	hereunder <<julgmet>>	judgment
production-1939-vol1-chapters	2189	13.10	tnsfers	date hereof the state controller shall trans <<tnsfers>>	transfers
production-1939-vol1-chapters	2190	46.0	bytension	<<bytension>> see the board for good cause may	extension
production-1939-vol1-chapters	2191	45.10	mfcets	reported until the date of payment in <<mfcets>>	meets
production-1939-vol1-chapters	2192	31.8	overpav	a determination hereunder the board may offset <<overpav>>	overpay
production-1939-vol1-chapters	2193	37.10	notlee	the case of a fraudulent report or <<notlee>>	notley
production-1939-vol1-chapters	2193	44.9	geupan	the board determines that any amount not <<geupan>>	german
production-1939-vol1-chapters	2196	11.0	ymmediatel	<<ymmediatel>> july	immediatel
production-1939-vol1-chapters	2197	24.10	drvimg	side of roadway a upon all road <<drvimg>>	driving
production-1939-vol1-chapters	2198	39.7	followmg	to left of the roadway under tke <<followmg>> conditions	followme
production-1939-vol1-chapters	2199	37.11	pruted	rules and regulations of the division of <<pruted>>	pouted|prated|pruned|prunted
production-1939-vol1-chapters	2201	1.9	sevemr	governor july filed with secretary of state <<sevemr>>	sever
production-1939-vol1-chapters	2204	8.0	fereoment	<<fereoment>> the department is authorized to enter into	ferment
production-1939-vol1-chapters	2205	29.13	trerance	count of the pears in any one <<trerance>>	terance|terrance
production-1939-vol1-chapters	2205	34.9	mcth	permitted for serious damage caused by ecodlin <<mcth>>	acth|cth|math|mch|mct|mctd
production-1939-vol1-chapters	2207	0.9	sjanmard	packed shall be in standard containers numbers <<sjanmard>>	standard
production-1939-vol1-chapters	2208	1.0	contame	<<contame>> s a receptacles except single service containers	contam
production-1939-vol1-chapters	2209	11.5	aeren	approved by governor july i <<aeren>> hee with secretary of state sete	adren|aere|aerea|aeree|aereo|aerin
production-1939-vol1-chapters	2214	7.0	whicles	<<whicles>> the vehicles defined as authorized emergency vehicle	whiles
production-1939-vol1-chapters	2214	39.2	qrorion	new section <<qrorion>> section is hereby added to the penal	erosion
production-1939-vol1-chapters	2215	0.4	hereatter	every sign prohibiting trespass <<hereatter>> posted pf pe	hereafter
production-1939-vol1-chapters	2216	23.0	ranticable	<<ranticable>> sec all of the provisions and rules	practicable
production-1939-vol1-chapters	2217	45.9	immeuiatel	governor jay aly with secretary of state <<immeuiatel>>	immediatel
production-1939-vol1-chapters	2219	23.9	sepener	governor july tty with secretary of state <<sepener>>	sepenter|serener|sevener|spener
production-1939-vol1-chapters	2223	11.9	fronsous	or any portion thereof which is erroneously <<fronsous>>	frondous
production-1939-vol1-chapters	2224	9.0	bureauof	<<bureauof>> ated the sum of eighty five thousand	bureau
production-1939-vol1-chapters	2225	33.9	premses	any alcoholic beverages imported under the pro <<premses>>	premies|premises|preses|presses
production-1939-vol1-chapters	2227	16.8	raiication	any payments heretofore made pursuant to a <<raiication>>	radication
production-1939-vol1-chapters	2228	0.0	cistast	<<cistast>>	distant
production-1939-vol1-chapters	2229	30.9	esce	by section the provisions of this chapter <<esce>> sions	asce|csce|ecce|ece|ecse|elce
production-1939-vol1-chapters	2231	12.8	weislative	legislature consents to the purchase or condem <<weislative>>	legislative
production-1939-vol1-chapters	2241	34.9	sretion	is hereby added to the welfare new <<sretion>>	cretion
production-1939-vol1-chapters	2243	26.10	stallmen	of the department of social welfare the <<stallmen>>	stallman|stallment
production-1939-vol1-chapters	2244	38.0	vindred	<<vindred>> spouse or adult child filing a return	kindred
production-1939-vol1-chapters	2246	35.1	yeyance	execution <<yeyance>> subordination or consents shall be executed by	abeyance
production-1939-vol1-chapters	2247	9.8	suniing	the recipient leaves a surviving spouse however <<suniing>>	suining|suning|sunning|sunwing
production-1939-vol1-chapters	2248	5.0	atgg	<<atgg>> an act to add section to the	agg|atg|atgm|tagg|tgg
production-1939-vol1-chapters	2249	20.10	mintoum	the minimum cost as applied to production <<mintoum>>	minimum
production-1939-vol1-chapters	2253	44.0	giately	<<giately>>	gately|gravely
production-1939-vol1-chapters	2255	16.10	denosis	or after august and to suspend the <<denosis>>	adenosis|enosis|kenosis
production-1939-vol1-chapters	2255	17.8	eent	of chapter of the statutes of respecting <<eent>>	bent|cent|dent|eant|een|eena
production-1939-vol1-chapters	2256	3.4	creara	milk and milk or <<creara>> combined with any other substance	ceara|crear|creary
production-1939-vol1-chapters	2257	9.7	pemmin	all moneys belonging to a fraternal organization <<pemmin>>	pemain
production-1939-vol1-chapters	2261	22.8	conellation	relating to children s courts of conciliation <<conellation>>	cancellation
production-1939-vol1-chapters	2266	38.8	reconeili	s court of conciliation for proceedings for <<reconeili>>	reconcile
production-1939-vol1-chapters	2266	43.0	nominr	<<nominr>> between spouses or a contested action for	nomin|nomina|nomine|nomini|nominy
production-1939-vol1-chapters	2268	20.0	pusse	<<pusse>> seus in district purse seines or round	busse|musse|passe|posse|pousse|pulse
production-1939-vol1-chapters	2274	17.0	owsu	<<owsu>> refuse to issue or to indorse a	ohsu|osu|otsu|ows|owse|owu
production-1939-vol1-chapters	2274	35.0	hearmé	<<hearmé>> at the address given in his application	hermé
production-1939-vol1-chapters	2282	13.0	talang	<<talang>> with good and sufficient sureties to be	alang|balang|dalang|galang|kalang|lalang
production-1939-vol1-chapters	2282	30.0	tofore	<<tofore>> undertaken performed or done with reference	before
production-1939-vol1-chapters	2285	21.13	pymar	any land to which any such easement <<pymar>>	aymar|cymar|mymar|pomar|pyaar|pyar
production-1939-vol1-chapters	2287	50.0	ealline	<<ealline>> the election in such event the results	alline|earline|elline|galline|ralline
production-1939-vol1-chapters	2288	45.0	ordsinet	<<ordsinet>> stpued as relieving any school district of	ordained
production-1939-vol1-chapters	2288	45.1	stpued	ordsinet <<stpued>> as relieving any school district of anv	spued
production-1939-vol1-chapters	2291	24.9	pubhe	structure or contrivance which causes or contrib <<pubhe>>	dubhe|pube|puhe
production-1939-vol1-chapters	2294	1.1	cleems	court <<cleems>> necessary and sufficient to secure the prompt	clems
production-1939-vol1-chapters	2295	28.9	salarts	shall receive as compensation for the services <<salarts>>	calarts
production-1939-vol1-chapters	2295	33.3	meorney	lars per annum <<meorney>>	money
production-1939-vol1-chapters	2295	34.10	msors	the board of supervisors eighteen hun supe <<msors>>	moors|mors|msos|msrs|mssrs|sors
production-1939-vol1-chapters	2298	35.0	distnet	<<distnet>> b the following shall constitute fish and	distent
production-1939-vol1-chapters	2300	0.7	postmg	notice the election shall be called by <<postmg>> a notice	postma
production-1939-vol1-chapters	2301	29.10	manposa	the fifty fourth class the county offi <<manposa>>	mariposa
production-1939-vol1-chapters	2301	34.8	pistnet	district attorney one thousand six hundred dollars <<pistnet>>	postnet
production-1939-vol1-chapters	2302	12.0	omcers	<<omcers>> amendment of section of the political code	omers
production-1939-vol1-chapters	2304	1.0	mstret	<<mstret>> salary of the auditor is paid	stret
production-1939-vol1-chapters	2309	1.6	mackunaw	game code to read as follows <<mackunaw>>	mackinaw
production-1939-vol1-chapters	2310	41.0	ortay	<<ortay>> imposed by the statutes of this state	oktay|orsay|orta|otay
production-1939-vol1-chapters	2312	0.1	ekrx	county <<ekrx>> letters testamentary or a petition tor letters	erx
production-1939-vol1-chapters	2313	41.9	tmended	sale disposition of and control through licensing <<tmended>>	amended|emended|mended|tended|trended
production-1939-vol1-chapters	2314	3.0	endfies	<<endfies>> this act shall be reported each month	entries
production-1939-vol1-chapters	2315	20.9	benteer	governor july pa with secretary of state <<benteer>>	benteen|besteer
production-1939-vol1-chapters	2317	9.11	cadlepower	of clearance lamps shall not be less <<cadlepower>>	candlepower
production-1939-vol1-chapters	2317	42.8	newstin	section is hereby added to the vehicle <<newstin>>	nestin
production-1939-vol1-chapters	2320	35.0	peponente	<<peponente>> duty of courts to report judgments the	deponent
production-1939-vol1-chapters	2326	29.2	srorion	new section <<srorion>> section is hereby added to the school	erosion
production-1939-vol1-chapters	2331	14.9	estigatior	of any interested party shall investigate exam <<estigatior>>	estimation
production-1939-vol1-chapters	2331	44.10	hearme	of agriculture at the time and place <<hearme>>	heare|hearne|hearse|heaume
production-1939-vol1-chapters	2337	0.10	tnoul	act as a processor or agent w <<tnoul>> license fo	noul|toul
production-1939-vol1-chapters	2337	46.10	heense	of a preexisting license within thirty days <<heense>>	heene|heese|hense
production-1939-vol1-chapters	2341	1.11	revoration	revocation or refusal of any license granted <<revoration>>	revocation
production-1939-vol1-chapters	2344	0.0	cilapter	<<cilapter>>	chapter
production-1939-vol1-chapters	2346	22.0	exammers	<<exammers>> ment of professional and vocational standards a	examiners
production-1939-vol1-chapters	2349	41.6	abnted	this chapter does not prohibit ao <<abnted>>	abated|anted
production-1939-vol1-chapters	2350	41.0	ravenise	<<ravenise>> the board upon written application and receipt	ravenish|ravenwise
production-1939-vol1-chapters	2351	13.11	amntion	a registered nurse issued by the bureau <<amntion>>	amnion|amotion
production-1939-vol1-chapters	2351	49.11	ewmm	be supplemented by an oral or practical <<ewmm>>	ehmm|emm|emmm|ermm|ewm|wmm
production-1939-vol1-chapters	2354	10.9	heense	board shall discipline the holder of any <<heense>>	heene|heese|hense
production-1939-vol1-chapters	2357	17.10	lvestment	often as there is in the state <<lvestment>>	vestment
production-1939-vol1-chapters	2359	17.8	vner	cooperative corporation within the meaning of this <<vner>>	aner|avner|ener|gner|iner|lner
production-1939-vol1-chapters	2362	43.0	edueat	<<edueat>> onal shall be cumulative tke directors may	educat
production-1939-vol1-chapters	2366	15.0	lantted	<<lantted>> if the division finds that as a	lanated
production-1939-vol1-chapters	2367	22.0	fivation	<<fivation>> bearing the employer s name and address	fication|fidation|fixation|nivation
production-1939-vol1-chapters	2367	46.9	enforrr	shall enforce the provisions of this aet <<enforrr>>	enforce
production-1939-vol1-chapters	2368	27.1	sgorion	newebapter <<sgorion>> chapter comprising section is hereby	gordon
production-1939-vol1-chapters	2371	37.12	compelln	or refusal on the part of any <<compelln>>	compell
production-1939-vol1-chapters	2372	37.0	jeum	<<jeum>> oil or natural gas or the handling	deum|eum|geum|jeem|jem|jerm
production-1939-vol1-chapters	2375	30.10	niegal	or purchase or acquisition or the transportation <<niegal>>	legal|ningal|siegal
production-1939-vol1-chapters	2376	27.0	pubhe	<<pubhe>> sec except as provided for herein before	dubhe|pube|puhe
production-1939-vol1-chapters	2376	49.0	certam	<<certam>> sec the reports estimates findings of fact	ceram|certa|certai
production-1939-vol1-chapters	2379	46.10	aumsgo	or abetting any other person in the <<aumsgo>>	amusgo
production-1939-vol1-chapters	2379	47.11	ettme	of this state relating to the conserva <<ettme>>	ette|ettie|ettle|time
production-1939-vol1-chapters	2381	28.6	erude	refined crude oil crude tops topped <<erude>> processed crude	brude|crude|drude|elude|erade|erde
production-1939-vol1-chapters	2381	30.0	unecracked	<<unecracked>> fuel oil treated crude oil fuel oil	uncracked
production-1939-vol1-chapters	2382	1.0	pration	<<pration>> vation commission to be by it expended	aration|bration|eration|gration|iration|oration
production-1939-vol1-chapters	2382	15.0	leryand	<<leryand>> of the fiscal year and the sum	leland
production-1939-vol1-chapters	2382	16.0	ollecton	<<ollecton>> charge shall be levied assessed and collected	ollerton
production-1939-vol1-chapters	2383	37.7	umbty	unconstitutional such unconstitutionality shall not affect the <<umbty>>	umpty
production-1939-vol1-chapters	2386	11.0	fxpend	<<fxpend>> with this act approved april as amended	expend
production-1939-vol1-chapters	2386	47.1	fuane	yi <<fuane>> tions for the judging of exhibits and	duane|fane|faune|flane|frane|fune
production-1939-vol1-chapters	2387	24.0	trict	<<trict>> having an average daily attendance therein of	strict|tract|triact|tric|trica|trice
production-1939-vol1-chapters	2387	42.9	nuabe	hold office for three years thereafter if <<nuabe>>	nabe|nuage|nube|numbe|ouabe
production-1939-vol1-chapters	2388	38.0	barlens	<<barlens>> county or the board of school trustees	bardens|barless|barleys|barrens
production-1939-vol1-chapters	2389	6.10	empet	july filed with secretary of state qy <<empet>>	emet|emmet|empat|empeo|empey|empt
production-1939-vol1-chapters	2392	9.0	resirictior	<<resirictior>> further estate ve discovered but no surviving	restriction
production-1939-vol1-chapters	2393	32.10	oyoe	july filed with secretary of state yy <<oyoe>>	oboe|onoe|ooe|otoe|oye|oyee
production-1939-vol1-chapters	2397	11.11	fmect	this act as revised in so far <<fmect>>	fect
production-1939-vol1-chapters	2398	2.0	cuarrer	<<cuarrer>> v teachers institutes	carrer|currer
production-1939-vol1-chapters	2398	30.1	hevof	wn <<hevof>> superintendent of schools of any county in	hereof
production-1939-vol1-chapters	2399	3.9	hldm	except as otherwise provided shall forfeit the <<hldm>>	hdm|hld|hlm|ldm
production-1939-vol1-chapters	2400	11.1	dorme	mstitute <<dorme>> proportionately by the counties city and county	dogme|dohme|dome|domme|dore|doree
production-1939-vol1-chapters	2400	34.0	evendi	<<evendi>> and county or city school district elects	efendi|evenki|eventi|vendi
production-1939-vol1-chapters	2403	10.10	soct	section to be numbered is hereby now <<soct>>	doct|moct|noct|oct|poct|scot
production-1939-vol1-chapters	2403	12.8	pioduer	producer of farm products who sells prod <<pioduer>>	producer
production-1939-vol1-chapters	2404	33.0	predeee	<<predeee>> cee the manufactured or processed products therefrom	redeem
production-1939-vol1-chapters	2405	19.10	ceetion	section to be numbered is hereby new <<ceetion>>	ception|cretion
production-1939-vol1-chapters	2406	36.0	puieet	<<puieet>> thereof from this state or beyond his	puneet
production-1939-vol1-chapters	2407	26.9	relves	by securing a release from the director <<relves>>	delves|elves|helves|pelves|reaves|reeves
production-1939-vol1-chapters	2411	8.9	novlation	violate provisions of division it is a <<novlation>>	novation
production-1939-vol1-chapters	2413	18.9	deflutions	im this article with relation to eggs <<deflutions>>	deletions
production-1939-vol1-chapters	2413	28.9	proec	from stains or discolorations eggs which show <<proec>>	porec|prec|proc|proce|proe|proem
production-1939-vol1-chapters	2417	4.11	teaured	retail from a properly marked bulk dis <<teaured>>	teared|tenured
production-1939-vol1-chapters	2417	39.10	nginded	to sell to retailers or consumers eggs <<nginded>>	minded
production-1939-vol1-chapters	2421	6.13	suirl	the chief of the division of water <<suirl>>	quirl|shirl|skirl|snirl|suir|surl
production-1939-vol1-chapters	2422	17.0	minnur	<<minnur>> minimum construction standards for new dairies and	finnur|minaur|minner
production-1939-vol1-chapters	2423	2.0	pavable	<<pavable>>	lavable|pacable|papable|parable|payable|savable
production-1939-vol1-chapters	2426	8.0	reenne	<<reenne>> the holder of a game management area	reanne|reene|reenen|reenge|reenie|renne
production-1939-vol1-chapters	2427	2.8	sraton	commission may require proper care and sani <<sraton>>	craton|graton|kraton|raton|sarton|seaton
production-1939-vol1-chapters	2428	21.0	pastrict	<<pastrict>> in district catfish may be taken only	astrict
production-1939-vol1-chapters	2432	4.0	siplenter	<<siplenter>> july	silencer|silenter
production-1939-vol1-chapters	2432	9.0	ofland	<<ofland>> teeting birds mammals and fish and establishing	foland|hofland|ifland|land|lofland|odland
production-1939-vol1-chapters	2432	10.0	nehts	<<nehts>> ete shooting grounds the commission may	neats|neets|nehls|neots|nests|nets
production-1939-vol1-chapters	2434	20.0	earrot	<<earrot>>	barrot|carrot|garrot|marrot|parrot
production-1939-vol1-chapters	2435	20.2	bunehed	as follows <<bunehed>>	bunched
production-1939-vol1-chapters	2437	0.0	rupsery	<<rupsery>> stoen	nursery
production-1939-vol1-chapters	2437	41.10	jnspectson	of the type or class or kind <<jnspectson>>	inspection
production-1939-vol1-chapters	2438	17.1	dutsety	stars <<dutsety>> stock was properly labeled as to name	outset
production-1939-vol1-chapters	2438	28.0	definit	<<definit>> ons for the purposes of this chapter	deficit|defini|definite|definity
production-1939-vol1-chapters	2440	33.7	suecu	o ornamental any trees shrubs vines cacti <<suecu>>	secu|such
production-1939-vol1-chapters	2442	6.6	cyead	or shrub or any palm dracaena <<cyead>> pandanus fern or grass	clead|cycad
production-1939-vol1-chapters	2443	4.7	omamental	ornamental coniferous trees and shrubs shall be <<omamental>>	ornamental
production-1939-vol1-chapters	2443	14.7	pramental	ornamental evergreen trees and shrubs which are <<pramental>>	parental|ramental
production-1939-vol1-chapters	2443	32.8	frmamental	deciduous trees shall be graded by size <<frmamental>>	firmamental|ornamental
production-1939-vol1-chapters	2443	40.7	omamental	ornamental deciduous shrubs shall be well fur <<omamental>>	ornamental
production-1939-vol1-chapters	2444	2.0	pamnal	<<pamnal>> ornamental palms dracaenas eyeads pandanus	panal
production-1939-vol1-chapters	2444	2.3	dracaenas	pamnal ornamental palms <<dracaenas>> eyeads pandanus	dracaena|dracenas
production-1939-vol1-chapters	2444	2.4	eyeads	pamnal ornamental palms dracaenas <<eyeads>> pandanus	years
production-1939-vol1-chapters	2444	46.0	wecetable	<<wecetable>> vegetable plants shall be graded with reference	vegetable
production-1939-vol1-chapters	2447	21.0	exeelsa	<<exeelsa>> and hiawatha varieties shall have three such	excelsa|expels
production-1939-vol1-chapters	2448	35.0	tropleal	<<tropleal>> tropical and subtropical fruit trees which are	tropical
production-1939-vol1-chapters	2451	35.12	benteme	of esq eet with secretary of state <<benteme>>	benteke
production-1939-vol1-chapters	2451	37.9	mieco	hh of the political code is hereby <<mieco>>	diego|meco|micco|mico|midco|miedo
production-1939-vol1-chapters	2457	12.10	indemasty	article shall prohibit the payment of indemnities <<indemasty>>	indemnity
production-1939-vol1-chapters	2458	33.0	summsion	<<summsion>> one teacher unit shall be allowed to	sumsion
production-1939-vol1-chapters	2460	10.2	srupenr	chapter ii <<srupenr>> bur pinas	super
production-1939-vol1-chapters	2460	31.0	dveration	<<dveration>> the board is hereby authorized to provide	deration
production-1939-vol1-chapters	2462	12.0	emectve	<<emectve>> july	elective
production-1939-vol1-chapters	2462	37.10	ttiner	provide for the licensing and regulation of <<ttiner>>	stiner|tainer|tiner|twiner
production-1939-vol1-chapters	2463	6.10	paraek	tractor and a semitrailer as defined in <<paraek>>	pararek|pareek
production-1939-vol1-chapters	2466	35.0	mamfest	<<mamfest>> sec all itinerant merchants and their agents	hamfest|magfest|manifest|mayfest
production-1939-vol1-chapters	2467	3.9	iunerant	commission shall pay into the state treasury <<iunerant>>	itinerant
production-1939-vol1-chapters	2469	45.11	popeal	which time anv section of the political <<popeal>>	popal|popean|popeil
production-1939-vol1-chapters	2470	6.0	suerous	<<suerous>> o f the annual salary of the	serous|suberous
production-1939-vol1-chapters	2470	17.0	errective	<<errective>> tive until july	effective|erective
production-1939-vol1-chapters	2477	2.10	jomt	leasing such property as otherwise provided in <<jomt>> lease	comt|domt|jmt|jolt|jom|joma
production-1939-vol1-chapters	2477	17.2	amendetl	to nets <<amendetl>>	amended
production-1939-vol1-chapters	2478	1.0	rineret	<<rineret>> approved by governor july bl paes with	inert|rinfret
production-1939-vol1-chapters	2479	2.10	sertenbe	july t ayy with secretary of state <<sertenbe>>	sentence
production-1939-vol1-chapters	2484	11.0	propnation	<<propnation>> ton state hospital pursuant to this act	pronation|propination
production-1939-vol1-chapters	2484	14.0	fernt	<<fernt>> signed sealed and countersigned in conformity to	bernt|feint|fent|ferent|feret|ferit
production-1939-vol1-chapters	2488	6.0	adusory	<<adusory>> abolished the agricultural prorate advisory commission	advisory
production-1939-vol1-chapters	2489	7.3	appomt	the director may <<appomt>> an attorney and shall provide for attorney	apport
production-1939-vol1-chapters	2489	18.12	meciings	at such times and in such places <<meciings>>	meetings
production-1939-vol1-chapters	2490	18.0	pistag	<<pistag>> be instituted for a variety or kind	pista
production-1939-vol1-chapters	2492	15.0	tertory	<<tertory>> sion of territory additional to that described	teritory|territory
production-1939-vol1-chapters	2493	19.11	appes	that any such producer shali be dissatisfied <<appes>>	alpes|apes|appe|appea|appel|appels
production-1939-vol1-chapters	2493	44.10	commltees	the commission select and appoint seven mem <<commltees>>	committees
production-1939-vol1-chapters	2494	8.0	approvalor	<<approvalor>> approve or disapprove the program or may	approval
production-1939-vol1-chapters	2495	49.3	appomt	such agent shal <<appomt>> such deputy agents and other deputy	apport
production-1939-vol1-chapters	2497	15.13	adherse	program in any one or more re <<adherse>>	adhere|adheres|adverse
production-1939-vol1-chapters	2500	9.0	reguiatwrs	<<reguiatwrs>> roles and regulations consistent with this act	regulators
production-1939-vol1-chapters	2501	14.8	termira	after the institution of any proration program <<termira>>	permira|termina
production-1939-vol1-chapters	2504	8.0	mtroller	<<mtroller>>	stroller|troller
production-1939-vol1-chapters	2505	27.12	cfect	drawn in favor of a payee pacts <<cfect>>	cect|efect|fect
production-1939-vol1-chapters	2508	16.1	zuyo	p <<zuyo>>	cuyo|muyo|puyo|suyo|tuyo|uyo
production-1939-vol1-chapters	2509	13.11	esieur	from a position in one class to <<esieur>>	lesieur|sieur
production-1939-vol1-chapters	2510	0.0	tatemert	<<tatemert>> rosver any employee so separated irom the	statement
production-1939-vol1-chapters	2510	8.0	remstate	<<remstate>> sec the board on the request of	redstate|restate
production-1939-vol1-chapters	2515	18.11	fllure	inmate of a state institution if the <<fllure>>	allure|fleure|illure
production-1939-vol1-chapters	2518	5.0	btals	<<btals>> er sec section of the political code	baals|bals|beals|boals|btas|itals
production-1939-vol1-chapters	2518	25.0	moseren	<<moseren>> to tender services in the adjustment and	modern
production-1939-vol1-chapters	2523	8.9	mansfer	is hereby transferred to the fish and <<mansfer>> or	manser
production-1939-vol1-chapters	2523	35.0	cuhaprer	<<cuhaprer>> bulmlpincs of the department	chapter
production-1939-vol1-chapters	2526	9.0	distnets	<<distnets>> subsection b hereof which may be necessary	distress
production-1939-vol1-chapters	2529	0.0	mcowe	<<mcowe>>	cowe|mowe
production-1939-vol1-chapters	2530	42.4	ecuntry	c if the foreign <<ecuntry>> and political subdivisions thereof	cuntry
production-1939-vol1-chapters	2536	25.0	obsoles	<<obsoles>> i a reasonable allowance for the exhaustion	obsolete
production-1939-vol1-chapters	2538	22.0	nenresi	<<nenresi>> n in the case of a taxpayer	nearest
production-1939-vol1-chapters	2540	30.1	orloss	gan <<orloss>> see a the gain from the sale	orlons|orlops|oross
production-1939-vol1-chapters	2548	6.0	recrafter	<<recrafter>> mines discovered by the taxpayer after february	recruiter
production-1939-vol1-chapters	2560	3.0	turpad	<<turpad>> of equitable process shall issue in any	turpan|turpid
production-1939-vol1-chapters	2560	41.0	subsutution	<<subsutution>> ll all actions now pending against the	substitution
production-1939-vol1-chapters	2565	47.11	exceptwn	return required under this act provided how <<exceptwn>>	except
production-1939-vol1-chapters	2566	40.12	adjudicata	under this act the rule of res <<adjudicata>>	adjudicate
production-1939-vol1-chapters	2567	1.6	menics	and of and to add sections <<menics>>	manics|medics|menic|menis|metics
production-1939-vol1-chapters	2568	35.0	fratermat	<<fratermat>> of a home or institution maintained by	fraternal
production-1939-vol1-chapters	2568	50.0	sultine	<<sultine>> capacity	saltine|sultane|sultone
production-1939-vol1-chapters	2569	4.10	secuun	hereby added to the welfare and new <<secuun>>	secure
production-1939-vol1-chapters	2570	26.0	tamtation	<<tamtation>> chapter it shall without delay issue an	taxation
production-1939-vol1-chapters	2573	35.11	ramnre	and license persons engaged in the business <<ramnre>>	range
production-1939-vol1-chapters	2576	4.4	defabricated	either new or used <<defabricated>> material and sweepings not	fabricated
production-1939-vol1-chapters	2576	21.0	repayer	<<repayer>> sec repairer and renovator shal mean a	relayer|repaper|repayed
production-1939-vol1-chapters	2577	24.9	oxmes	s material means any article or mate <<oxmes>>	omes|ormes|oxes|oximes
production-1939-vol1-chapters	2577	45.10	ivection	supervision and control of the chief of <<ivection>>	evection|invection|vection
production-1939-vol1-chapters	2578	37.0	hieense	<<hieense>> ture shall annually obtain a furniture manufacturer	hisense|license
production-1939-vol1-chapters	2579	16.12	hiense	or batting or any pads or loose <<hiense>>	hense|hisense|license
production-1939-vol1-chapters	2579	24.9	heense	any article of upholstered furniture or bedding <<heense>>	heene|heese|hense
production-1939-vol1-chapters	2580	26.0	reclassi	<<reclassi>> sec reclassification for any licensee whose license	reclass|reclassify
production-1939-vol1-chapters	2581	15.0	yeniently	<<yeniently>> examined	leniently
production-1939-vol1-chapters	2581	33.11	betdne	the contents of a label required by <<betdne>>	bene|betone
production-1939-vol1-chapters	2581	48.8	cusmons	decorative boudoir and fancy cushions only need <<cusmons>>	cussons|summons
production-1939-vol1-chapters	2582	12.0	iubel	<<iubel>> furniture or bedding either at wholesale or	aubel|hubel|isbel|jubel|kubel|rubel
production-1939-vol1-chapters	2583	17.7	syrwn	sec the enforcement of all sterilization regulations <<syrwn>>	shown|syren
production-1939-vol1-chapters	2583	21.10	pihyor	articles of new or used upholstered furniture <<pihyor>>	payor
production-1939-vol1-chapters	2583	26.10	sterileation	shall engage in the business of sterilizing <<sterileation>>	sterilization
production-1939-vol1-chapters	2583	28.11	vpleation	for which the annual fee is twenty <<vpleation>>	valuation
production-1939-vol1-chapters	2583	42.11	tituton	or public hospital jail or other institu <<tituton>>	tiburon
production-1939-vol1-chapters	2584	38.0	duofolds	<<duofolds>> packing pads	duofold
production-1939-vol1-chapters	2585	13.9	headne	as headings required on labels by this <<headne>>	heade|headen|hearne
production-1939-vol1-chapters	2586	1.0	lesigné	<<lesigné>> tions	design
production-1939-vol1-chapters	2586	18.11	kapoe	unlawful to use in the description of <<kapoe>> the	apoe|kape|kapo|kapok|kapone|kapor
production-1939-vol1-chapters	2586	19.1	kapoc	of <<kapoc>> oo	apoc|kapo|kapok|kapor|kapos|kapow
production-1939-vol1-chapters	2586	39.0	hubited	<<hubited>> prohibit the sale as new of any	cubited|habited
production-1939-vol1-chapters	2590	8.0	pintng	<<pintng>> pamphlets for state departments officers boards commissions	pinang|pining
production-1939-vol1-chapters	2592	16.0	stimends	<<stimends>> d a and of and to add	stipends
production-1939-vol1-chapters	2594	5.0	mvestaent	<<mvestaent>> sive control of the administration and investment	vestment
production-1939-vol1-chapters	2594	38.0	becommg	<<becommg>> ance with the regulations established by the	becomma
production-1939-vol1-chapters	2595	4.8	redepusit	any member may redeposit in the retirement <<redepusit>>	redeposit
production-1939-vol1-chapters	2596	35.0	preneay	<<preneay>> if such member is a member of	prepay
production-1939-vol1-chapters	2597	3.12	mudow	payment of the allowance is stopped or <<mudow>>	madow|mcdow|medow|mudo|mudou|rudow
production-1939-vol1-chapters	2597	15.8	tenomi	the retirement system other than nominations under <<tenomi>>	tenor|xenomi
production-1939-vol1-chapters	2599	48.2	reteint	upon the <<reteint>> of such summons and complaint the sec	retent
production-1939-vol1-chapters	2601	8.9	graniea	may be granted the firm licenses ty <<graniea>>	grania|granier|granita|granted
production-1939-vol1-chapters	2603	41.1	tlicke	x <<tlicke>>	thicke
production-1939-vol1-chapters	2604	36.0	thanone	<<thanone>> city fireman continues for a period beyond	thanon
production-1939-vol1-chapters	2605	32.7	contractin	numbered b and to read as follows <<contractin>>	contracting|contraction
production-1939-vol1-chapters	2607	25.8	pession	pension shall mean payments for life derived <<pession>>	cession|hession|passion|pension|pression|session
production-1939-vol1-chapters	2607	41.8	flettive	elective officers provided that any person so <<flettive>>	elective
production-1939-vol1-chapters	2611	0.12	tytts	prior service to be granted persons jm <<tytts>>	tatts|titts|ttts|tytus
production-1939-vol1-chapters	2615	35.10	contrby	normal rates of contribution of each member <<contrby>>	control|contry
production-1939-vol1-chapters	2618	39.5	catise	so incapacitated regardless of the <<catise>> shall be retired	caise|calise|camise|catie|catwise|cotise
production-1939-vol1-chapters	2620	3.0	patist	<<patist>> sec section of said act is hereby	papist|patis|patrist
production-1939-vol1-chapters	2624	2.0	umecti	<<umecti>> e provided in this code	recti
production-1939-vol1-chapters	2624	43.10	unmanu	live stock or poultry products in their <<unmanu>>	unman|unmans
production-1939-vol1-chapters	2628	16.0	naneing	<<naneing>> mariners obligations pursuant to this act shall	nanjing|nanking|nanning
production-1939-vol1-chapters	2628	42.0	sydee	<<sydee>> and another chosen in his place by	sadee|sycee|syde|sydne|sydnee
production-1939-vol1-chapters	2629	8.11	appomt	this act becomes a law the governor <<appomt>>	apport
production-1939-vol1-chapters	2630	29.0	neorpora	<<neorpora>> five or more insurers operating under chapter	corpora
production-1939-vol1-chapters	2633	22.9	servator	this article either as conservator or liquidator <<servator>>	senator|servitor
production-1939-vol1-chapters	2633	32.0	debis	<<debis>>	debes|debi|debil|debir|debit|debits
production-1939-vol1-chapters	2637	7.8	tacense	railroad employee shall sell a railroad ticket <<tacense>>	license
production-1939-vol1-chapters	2638	25.0	prombited	<<prombited>> ness of guaranteeing or insuring land values	prohibited
production-1939-vol1-chapters	2640	41.0	ousten	<<ousten>> abolished and shall have no powers and	austen|justen|oosten|osten|ousted|ouster
production-1939-vol1-chapters	2642	46.0	maimg	<<maimg>> stabilization and marketing plan for fluid milk	maig|maim|maimi|maims|maing
production-1939-vol1-chapters	2643	17.10	frearing	plan for fluid cream for any marketing <<frearing>>	fearing|freaking|rearing
production-1939-vol1-chapters	2644	14.0	riearings	<<riearings>> amended to read as follows	hearings
production-1939-vol1-chapters	2646	19.0	oweto	<<oweto>> herein or after any decision as above	aweto|oneto|owego|soweto
production-1939-vol1-chapters	2647	17.8	heanng	testimony and may subpoena witnesses all testimony <<heanng>>	heang
production-1939-vol1-chapters	2656	33.0	leewe	<<leewe>> ete f allowing the revocation of such	leece|leee|leeke|leese|leete|leew
production-1939-vol1-chapters	2656	34.0	heense	<<heense>> tax assessed hereunder and interest thereon together	heene|heese|hense
production-1939-vol1-chapters	2657	4.6	leensed	tered ownership of any motor vehicle <<leensed>> hereunder may	lensed
production-1939-vol1-chapters	2658	28.0	seribe	<<seribe>> adopt and enforce rules and regulations relating	scribe|seribu|serie|serine
production-1939-vol1-chapters	2660	2.2	contaimng	or bomb <<contaimng>> or capable of emitting tear gas and	containg
production-1939-vol1-chapters	2660	42.1	tavag	property <<tavag>> no owner or claimant of such lands	naval|taag|tava|tavan|tavas|tawag
production-1939-vol1-chapters	2661	32.9	ontuning	receive possession of the property so conveyed <<ontuning>>	untuning
production-1939-vol1-chapters	2663	8.10	puaen	to the state controller to be expended <<puaen>>	phaen|puan
production-1939-vol1-chapters	2664	47.0	elationg	<<elationg>> when in his opinion such expenditure will	elating|elation
production-1939-vol1-chapters	2665	21.10	supernsors	supervisors to administer oaths and to take <<supernsors>>	supervisors
production-1939-vol1-chapters	2667	25.12	ficda	for a period of six months after <<ficda>>	fcda|fica|ficha|fida|finda
production-1939-vol1-chapters	2672	6.9	postme	of license such license shall state the <<postme>>	poste|postie|postle|postma|postmen
production-1939-vol1-chapters	2672	15.8	additiona	additional bond if the commissioner shall find <<additiona>>	addition|additional|additions
production-1939-vol1-chapters	2672	42.10	indsur	notice to the licensee stating the contem <<indsur>>	insur
production-1939-vol1-chapters	2676	0.11	commuu	made under this act shall be paid <<commuu>>	commu|commun
production-1939-vol1-chapters	2679	7.9	coassured	is attached or the licensee is a <<coassured>> pro	assured
production-1939-vol1-chapters	2680	0.7	constu	sec constitutionality ji any clause sentence sec <<constu>>	const|consta|consti|constr|constru|consu
production-1939-vol1-chapters	2683	5.0	orteense	<<orteense>> force and effect until it is surrendered	pretense
production-1939-vol1-chapters	2684	16.10	jnien	in general the grounds therefor and upon <<jnien>>	jien|nien
production-1939-vol1-chapters	2687	42.0	undbrokee	<<undbrokee>> charged contracted for or received by the	unbroken
production-1939-vol1-chapters	2689	38.0	nonlicensee	<<nonlicensee>> fyuge or pretense whatsoever shall charge contract	nonlicensed|nonlicensees
production-1939-vol1-chapters	2690	8.11	ouvses	contract for collect receive or in anywise <<ouvses>>	ourses
production-1939-vol1-chapters	2691	24.0	sints	<<sints>> ln act to amend the title of	aints|dints|hints|ints|lints|mints
production-1939-vol1-chapters	2694	16.11	iaeate	applicant fo be competent and quali and <<iaeate>>	ideate
production-1939-vol1-chapters	2696	9.12	honality	for anv reason held to be unconstitutional <<honality>>	tonality|zonality
production-1939-vol1-chapters	2696	24.10	agntm	be unlawful for anyone to manufacture cors <<agntm>>	antm
production-1939-vol1-chapters	2696	35.9	micgat	who owns possesses or keeps any coek <<micgat>> cars	might
production-1939-vol1-chapters	2697	45.0	supenn	<<supenn>> attorney general shall be president of said	upenn
production-1939-vol1-chapters	2699	45.0	commus	<<commus>> thereto or in replacement thereof upon filing	commas|commes|commis|comms|commu|commun
production-1939-vol1-chapters	2699	46.0	proners	<<proners>> and petition the said board of supervisors	probers|propers|provers|prowers|pruners
production-1939-vol1-chapters	2701	10.0	frung	<<frung>> thereafter whenever in the opinion of the	brung|drung|flung|frang|fring|frug
production-1939-vol1-chapters	2702	14.0	triet	<<triet>> against which they are levied respectively from	griet|priet|riet|thiet|tiet|tiret
production-1939-vol1-chapters	2703	40.1	procecus	of <<procecus>>	procerus
production-1939-vol1-chapters	2704	32.8	peming	proceedings to prepare an assessment list commenced <<peming>>	deming|heming|keming|leming|meming|oeming
production-1939-vol1-chapters	2706	12.1	dustees	ee <<dustees>>	dustee|dusters
production-1939-vol1-chapters	2707	3.0	limtaion	<<limtaion>> exceed per cent per annum the period	limation|limitation
production-1939-vol1-chapters	2708	27.12	lillmen	greater part thereof is situated a valuation <<lillmen>>	hillmen
production-1939-vol1-chapters	2708	42.10	iniere	at anv time on anv unpaid assess <<iniere>>	inhere|innere|intere|niere
production-1939-vol1-chapters	2708	48.12	wariam	and shall not be used for any <<wariam>>	lariam|mariam|warham|waria
production-1939-vol1-chapters	2715	13.0	uertaficate	<<uertaficate>> securities do not apply however no membership	certificate
production-1939-vol1-chapters	2719	10.0	tnuted	<<tnuted>> repeal certain other sections of the penal	tauted|touted|united
production-1939-vol1-chapters	2722	41.0	queney	<<queney>> in the payment of principal or interest	queeny|quiney
production-1939-vol1-chapters	2725	4.1	wiees	rate <<wiees>> rhe ratio of apprentices to journeymen to	wees|wides|wieew|wiens|wies|wiese
production-1939-vol1-chapters	2725	37.0	afidait	<<afidait>> taking his name and residence such officer	affidavit
production-1939-vol1-chapters	2735	11.0	lumied	<<lumied>> section counties may by ordinance adopt limited	lumped
production-1939-vol1-chapters	2735	43.0	patention	<<patention>> of sec it is intended by the	atention
production-1939-vol1-chapters	2736	4.9	rmtim	ordinance creating the civil service system pe <<rmtim>>	ratio
production-1939-vol1-chapters	2740	22.11	indorsemeut	to pay said order the county super <<indorsemeut>>	indorsement
production-1939-vol1-chapters	2745	16.0	beviemer	<<beviemer>> approved by governor july ob nesey eo	reviewer
production-1939-vol1-chapters	2745	16.6	nesey	beviemer approved by governor july ob <<nesey>> eo with secretary of state	kesey|nerey|nesby|nese|neser|nessy
production-1939-vol1-chapters	2746	3.9	laers	shall be accompanied by sworn statements ere <<laers>>	aers|alers|baers|laer|laes|lagers
production-1939-vol1-chapters	2746	40.8	nemstate	notify the applicant thereof by registered mail <<nemstate>>	estate
production-1939-vol1-chapters	2751	0.0	nereunaer	<<nereunaer>>	hereunder
production-1939-vol1-chapters	2751	28.0	jectd	<<jectd>> beat of creditors or acting under any	ject|jects
production-1939-vol1-chapters	2759	46.1	omeers	von <<omeers>> courts of this state as a condition	ameers|meers|omers
production-1939-vol1-chapters	2762	44.10	conditwn	such sale shall be made unless simultaneously <<conditwn>>	condition|conditon
production-1939-vol1-chapters	2763	3.0	caneelation	<<caneelation>> not yet due and payable all such	cancelation
production-1939-vol1-chapters	2764	22.12	supenn	the board shall appoint and may remove <<supenn>>	upenn
production-1939-vol1-chapters	2768	2.9	werom	the county sealers and such instructions nd <<werom>>	berom|jerom|merom|wero|wrom
production-1939-vol1-chapters	2768	9.11	vacanes	for such county within thirty days tit <<vacanes>>	vacances|vacates
production-1939-vol1-chapters	2769	33.0	eateand	<<eateand>> forthwith revoke the sealer s certificate of	extend
production-1939-vol1-chapters	2769	34.0	varaney	<<varaney>> declare the office vacant and a copy	vacancy|varane|varney
production-1939-vol1-chapters	2771	27.1	cmptions	e <<cmptions>> the provisions of this chapter do not	captions|emptions
production-1939-vol1-chapters	2772	7.12	bfusil	to issue or may revoke a deputy <<bfusil>> or	fusil
production-1939-vol1-chapters	2772	37.13	stson	an uct entitled an act to pro <<stson>>	sason|seson|sison|sson|stion|ston
production-1939-vol1-chapters	2772	38.4	unith	vide for the retirement <<unith>> retirement allowance of amended	nith|unit|unita|unite|uniti|unitl
production-1939-vol1-chapters	2780	28.10	espenes	each attendance mentioned in section t t <<espenes>>	essenes
production-1939-vol1-chapters	2782	0.11	prnene	authorized by law so to do who <<prnene>>	pinene|priene
production-1939-vol1-chapters	2782	26.8	admsson	person in charge of any private institution <<admsson>>	admission
production-1939-vol1-chapters	2785	34.4	nonbulk	drugs ete tled or <<nonbulk>> chemicals drugs or medicines when identified	monbulk
production-1939-vol1-chapters	2791	34.0	andsale	<<andsale>> for nonpayment of taxes mentioned in this	andale|handsale|landsale
production-1939-vol1-chapters	2793	16.0	dehvering	<<dehvering>> as soon as completed the assessment book	delivering
production-1939-vol1-chapters	2799	2.0	menof	<<menof>> x be enforced the property shall be	meno|menon|menor|menos|menou
production-1939-vol1-chapters	2799	33.0	caneeling	<<caneeling>> d if a deed to the state	canceling
production-1939-vol1-chapters	2801	9.0	andwho	<<andwho>> before a court or magistrate is required	anywho
production-1939-vol1-chapters	2802	20.9	aosg	of the penal code is hereby repealed <<aosg>>	aog|aomg|aong|aos|aosp|asg
production-1939-vol1-chapters	2802	24.10	refundine	any act for the acquisition and con <<refundine>>	refunding
production-1939-vol1-chapters	2803	46.0	terntory	<<terntory>> legislative body of such county shall have	teritory|territory
production-1939-vol1-chapters	2806	0.8	sufil	under which such bonds were issued with <<sufil>>	sufi|sufic|sufis|sunil|sutil
production-1939-vol1-chapters	2807	16.1	counder	pn <<counder>> said improvement act of	bounder|chunder|conder|counter|founder|gounder
production-1939-vol1-chapters	2811	21.0	iution	<<iution>> preliminarily confirm the proceedings and the assess	ition|lution|tution
production-1939-vol1-chapters	2812	3.10	reacaess	delinquent taxes or for delinquent taxes and <<reacaess>>	reaccess
production-1939-vol1-chapters	2812	35.0	vevor	<<vevor>> of said county the reassessment shall not	bevor|devor|vevo
production-1939-vol1-chapters	2812	45.0	ruptey	<<ruptey>> laws of the united states of america	ruptly
production-1939-vol1-chapters	2813	8.0	vevor	<<vevor>> is authorized to receive the amount due	bevor|devor|vevo
production-1939-vol1-chapters	2813	17.0	notlee	<<notlee>> to sec notice to pay the officer	notley
production-1939-vol1-chapters	2816	2.11	anonof	the outstanding bonds agree to refund their <<anonof>>	anonol
production-1939-vol1-chapters	2816	22.7	nonconsen	sec nonconsenting bondholders in the event that <<nonconsen>>	nonconsent
production-1939-vol1-chapters	2817	41.0	mertae	<<mertae>> provisions and curative clauses of said improve	mental|mertie
production-1939-vol1-chapters	2819	16.0	toprove	<<toprove>> bonds such legislative body shall have the	toprope
production-1939-vol1-chapters	2820	28.9	pebt	limitation act the provisions of that cer <<pebt>> lim	debt|ebt|hebt|lebt|pbt|peat
production-1939-vol1-chapters	2825	46.1	planuf	by <<planuf>> plaintiff shall file therewith an undertaking in	lanuf|planum|planus
production-1939-vol1-chapters	2831	7.0	bountares	<<bountares>> appoint the county auditor county assessor and	boundaries
production-1939-vol1-chapters	2831	44.1	dunance	os <<dunance>> see c anv or all ordinances of	durance|finance
production-1939-vol1-chapters	2835	10.0	miturty	<<miturty>> prior to its delivery to a purchaser	maturity
production-1939-vol1-chapters	2836	33.8	remmnes	statutes of page are obligations of the <<remmnes>>	remmes|removes
production-1939-vol1-chapters	2838	19.2	lighterers	n stevedores <<lighterers>> reconditioners shippers and shippers ine ee	lighteners
production-1939-vol1-chapters	2838	29.10	srtion	hereby added to the harbors and ye <<srtion>>	sation|stion
production-1939-vol1-chapters	2839	4.1	wwsee	note <<wwsee>> stats ch	waste|wwee
production-1939-vol1-chapters	2839	12.1	sceuon	new <<sceuon>> section section is hereby added to the	schuon
production-1939-vol1-chapters	2839	17.1	docino	pants <<docino>> lake santa clara santa cruz alameda san	doing|dolcino|domino|tocino
production-1939-vol1-chapters	2840	4.0	tfealth	<<tfealth>>	health
production-1939-vol1-chapters	2843	5.0	pratien	<<pratien>> the state treasury not otherwise appropriated to	patien|pratten|protien
production-1939-vol1-chapters	2844	9.10	limtaton	this chapter shall be granted or paid <<limtaton>>	limitation
production-1939-vol1-chapters	2846	10.9	appest	is denied modified canceled or not granted <<appest>>	appelt|appert|appet|aptest
production-1939-vol1-chapters	2847	1.0	ecoums	<<ecoums>> code the state treasurer shall pay to	scouts
production-1939-vol1-chapters	2853	0.0	verslty	<<verslty>>	versity
production-1939-vol1-chapters	2854	2.10	pernd	the services of such employee for such <<pernd>>	bernd|pend|perd|pern|perna|perne
production-1939-vol1-chapters	2856	0.0	quahtes	<<quahtes>> as being in a status requisite to	quates
production-1939-vol1-chapters	2860	22.8	omeers	such payments by sections and hereof and <<omeers>>	ameers|meers|omers
production-1939-vol1-chapters	2863	3.0	uissand	<<uissand>> ute semiannually to the permanent fund six	island
production-1939-vol1-chapters	2864	1.3	remitt	by said districts <<remitt>>	remint|remit|remits
production-1939-vol1-chapters	2864	2.10	tysiate	employed by any agency of the state <<tysiate>>	testate
production-1939-vol1-chapters	2864	22.9	mmue	person who has contributed to the retire <<mmue>>	maue|mme|mmse|mmu|mmus|moue
production-1939-vol1-chapters	2864	35.10	butwns	status requisite for membership in the system <<butwns>>	burns
production-1939-vol1-chapters	2865	4.0	ficlary	<<ficlary>> ment system other than nominations under options	ficary
production-1939-vol1-chapters	2867	0.0	reestablis	<<reestablis>> s after the right to apply tor	reestablish
production-1939-vol1-chapters	2872	8.9	unemmed	the persons or corporations who are entitled <<unemmed>>	unhemmed|unnamed
production-1939-vol1-chapters	2874	27.8	aaet	section of the labor code is hereby <<aaet>>	aadt|aae|aaea|aapt|aart|aat
production-1939-vol1-chapters	2874	37.0	yart	<<yart>>	aart|art|bart|cart|dart|eart
production-1939-vol1-chapters	2878	41.9	bevew	application is denied the commissioner shall within <<bevew>>	bedew|belew|bevel|beven|bever
production-1939-vol1-chapters	2880	41.0	eaunina	<<eaunina>>	earning
production-1939-vol1-chapters	2882	1.10	ptler	conduct the business of making loans under <<ptler>>	atler|paler|peler|piler|poler|pter
production-1939-vol1-chapters	2884	7.4	biokers	out the terms thereof <<biokers>>	bickers|bikers|bilkers|bookers|brokers
production-1939-vol1-chapters	2886	46.10	rertad	this chapter impairs or affects any loan <<rertad>>	reread|retrad
production-1939-vol1-chapters	2887	12.0	senemier	<<senemier>> approved by governor july sagged with secretary	enemies
production-1939-vol1-chapters	2890	0.8	contaming	written decision and findings with respect thereto <<contaming>>	containg
production-1939-vol1-chapters	2893	30.0	tnate	<<tnate>> transfer of the ownership of any motor	enate|inate|nate|onate|tante|tate
production-1939-vol1-chapters	2894	12.9	harets	deducted or received in advance or compounded <<harets>>	carets|harems|hares|haret|harts
production-1939-vol1-chapters	2897	44.0	uonality	<<uonality>> any clause sentence section provision or part	tonality|zonality
production-1939-vol1-chapters	2899	36.6	irvee	of california or any irrigation reclamation <<irvee>> swamp	iree|ivree|rivee
production-1939-vol1-chapters	2899	46.0	wstice	<<wstice>>	stice
production-1939-vol1-chapters	2902	49.9	emment	default hearing provided that nothing in this <<emment>>	emmen|emmert|emmet|emmett
production-1939-vol1-chapters	2905	0.3	eivie	erary fraternal or <<eivie>> purposes if their organization or	elvie|envie|evie|evvie|ivie|livie
production-1939-vol1-chapters	2913	21.1	orloss	pan <<orloss>> sec a the gain from the sale	orlons|orlops|oross
production-1939-vol1-chapters	2914	51.1	feooo	tqr <<feooo>>	fooo
production-1939-vol1-chapters	2917	43.1	beorgan	j <<beorgan>> g as used in this section and	bergan|biorgan
production-1939-vol1-chapters	2923	28.0	compulaen	<<compulaen>> ending in the following calendar year hereinafter	complain
production-1939-vol1-chapters	2927	45.0	cifie	<<cifie>> grounds upon which the claim is founded	cirie|citie|fifie|wifie
production-1939-vol1-chapters	2931	35.0	fanaa	<<fanaa>> whether in the form of a common	anaa|faaa|fana|fanad|fanal|fanam
production-1939-vol1-chapters	2931	35.13	indebi	a common law action of debt or <<indebi>>	indebt
production-1939-vol1-chapters	2932	22.9	truvest	or person including any officer or depart <<truvest>>	truest|trust
production-1939-vol1-chapters	2933	31.0	adudicata	<<adudicata>> of any case arising under this act	adjudicate
production-1939-vol1-chapters	2933	31.12	adjudi	under this act the rule of res <<adjudi>>	adjust
production-1939-vol1-chapters	2935	35.0	uftsets	<<uftsets>> bach such financial corporation shall be entitled	offsets
production-1939-vol1-chapters	2936	37.12	adsalorem	be in lieu of all ad valorem <<adsalorem>>	advalorem
production-1939-vol1-chapters	2937	40.0	inost	<<inost>> recently accumulated earnings or profits any earnings	inmost|inos|inose|inot|inout|inst
production-1939-vol1-chapters	2941	14.0	obsoles	<<obsoles>> f a reasonable allowance for exhaustion wear	obsolete
production-1939-vol1-chapters	2942	14.8	mcurred	to any rents or royalties paid or <<mcurred>> by the tax	ocurred|scurred
production-1939-vol1-chapters	2943	29.0	asorlation	<<asorlation>> return paid or credited on or apportioned	isolation
production-1939-vol1-chapters	2947	30.0	yearto	<<yearto>> lo complete the commissioner may require that	yearth
production-1939-vol1-chapters	2948	39.10	pausted	tax as provided in subdivisions c and <<pausted>> ta	pasted|paused
production-1939-vol1-chapters	2961	48.0	adjudicata	<<adjudicata>> oe vos	adjudicate
production-1939-vol1-chapters	2963	38.1	nouee	tas <<nouee>> the commissioner shall examine it and shall	noue|nouse|novee
production-1939-vol1-chapters	2964	23.10	notlee	hag been determined and the tax has <<notlee>> and	notley
production-1939-vol1-chapters	2967	39.0	tfonds	<<tfonds>> s made and any credit or any	fonds
production-1939-vol1-chapters	2970	49.11	nottee	such seizure and sale notice of such <<nottee>>	cottee|notte|notter|notthe|nottie|nottle
production-1939-vol1-chapters	2972	34.11	ctiné	or powers of any such domestic bank <<ctiné>>	ciné
production-1939-vol1-chapters	2974	23.8	tretins	conducting and maintaining a college or seminary <<tretins>>	cretins
production-1939-vol1-chapters	2975	38.0	distrabations	<<distrabations>> no corporation hereafter incorporated under this title	distributions
production-1939-vol1-chapters	2977	20.0	prolubition	<<prolubition>> provision for the prohibition of any or	prohibition
production-1939-vol1-chapters	2985	17.0	guonet	<<guonet>> trade marks of record in his office	geonet|gurnet
production-1939-vol1-chapters	2987	0.9	instriu	to amend section of the welfare ana <<instriu>>	instru
production-1939-vol1-chapters	2992	6.8	brocan	state board of education shall have power <<brocan>>	broan|broca|brocas|brochan|brogan|broman
production-1939-vol1-chapters	2992	42.11	besration	issued by the state board of edu <<besration>>	cessation
production-1939-vol1-chapters	2995	23.0	equnalents	<<equnalents>> claimant or some other person in all	equivalents
production-1939-vol1-chapters	2996	2.10	imprme	the phrase work of improvement and the <<imprme>>	imprime
production-1939-vol1-chapters	3001	38.4	eacia	that fiscal year in <<eacia>> succeeding fiscal year the redemptioner	acia|aecia|cacia|dacia|facia|hacia
production-1939-vol1-chapters	3005	0.0	strauon	<<strauon>> special fund to be known as the	strain|strapon|straton
production-1939-vol1-chapters	3005	28.0	peurer	<<peurer>> s shall give a separate anc additional	meurer|pourer|puerer|purer
production-1939-vol1-chapters	3006	1.12	btls	of and add section to the unem <<btls>>	atls|bals|bbls|bels|bils|bls
production-1939-vol1-chapters	3006	11.9	wases	except as hereinafter in this section provided <<wases>>	ases|bases|cases|eases|gases|oases
production-1939-vol1-chapters	3007	46.0	eoneerns	<<eoneerns>> affected thereby	concerns
production-1939-vol1-chapters	3010	4.7	fature	sec any employing unit including any individual <<fature>>	ature|facture|faure|feature|future|mature
production-1939-vol1-chapters	3010	22.8	oinended	relating to a system of unemployment reserves <<oinended>>	intended
production-1939-vol1-chapters	3011	33.0	seribe	<<seribe>> benefits shall be denied or if the	scribe|seribu|serie|serine
production-1939-vol1-chapters	3012	28.9	peeweens	manner in which disputed claims shall be <<peeweens>>	peewees
production-1939-vol1-chapters	3012	47.9	predience	subpenas issued in accordance with this sec <<predience>>	presence
production-1939-vol1-chapters	3013	4.6	subpene	sion or any obedience to the <<subpene>> of any of them in any	subvene
production-1939-vol1-chapters	3014	25.0	srorion	<<srorion>> section of the welfare and institutions sy	erosion
production-1939-vol1-chapters	3015	36.0	eiia	<<eiia>> section section of the welfare and institutions	aiia|eia|eiga|eii|eija|eila
production-1939-vol1-chapters	3016	9.8	remttanre	moneys received from the sale of products <<remttanre>>	remittance
production-1939-vol1-chapters	3017	9.0	enemploy	<<enemploy>> see there is hereby established as a	unemploy
production-1939-vol1-chapters	3019	34.0	vithdravals	<<vithdravals>> said benefit payment account shall be used	withdrawals
production-1939-vol1-chapters	3021	33.10	eompensa	of another with wages as the sole <<eompensa>>	compense
production-1939-vol1-chapters	3033	0.3	rceet	tract and to <<rceet>> such other expenditures in connection there	reet
production-1939-vol1-chapters	3033	23.0	heanng	<<heanng>> sec at the time appointed for said	heang
production-1939-vol1-chapters	3034	0.10	qronerts	property acquired for the district shall or <<qronerts>>	roberts
production-1939-vol1-chapters	3034	12.10	partal	portion of a storm drain maintenance dis <<partal>>	artal|hartal|kartal|paral|parial|parpal
production-1939-vol1-chapters	3035	29.0	ciiapter	<<ciiapter>>	chapter
production-1939-vol1-chapters	3037	43.0	actiontor	<<actiontor>> hereby amended to read as follows	activator
production-1939-vol1-chapters	3037	46.5	aintif	sent may maintain as vp <<aintif>> an action for seduction of	anti
production-1939-vol1-chapters	3042	17.9	machiz	be made an inspection of the hull <<machiz>>	machi|machin|machir
production-1939-vol1-chapters	3043	36.0	distniet	<<distniet>> agement of metropolitan transportation districts authoriz	district
production-1939-vol1-chapters	3044	8.7	dutnets	sec transportation districts may be organized here <<dutnets>>	duties
production-1939-vol1-chapters	3047	8.0	omcers	<<omcers>> elect from its membership a chairman a	omers
production-1939-vol1-chapters	3048	1.10	omeers	by ordinance a system of business admin <<omeers>> anc	ameers|meers|omers
production-1939-vol1-chapters	3048	14.10	auqine	a method of auditing and allowing or <<auqine>>	aurine
production-1939-vol1-chapters	3052	42.0	tainmg	<<tainmg>> other propositions the returns of the election	taing
production-1939-vol1-chapters	3056	47.10	necan	of the board of directors of a <<necan>>	decan|mecan|nean|neca|necas|necn
production-1939-vol1-chapters	3057	17.0	finaneral	<<finaneral>> thirtieth day of june of the year	financial
production-1939-vol1-chapters	3063	13.0	aeenses	<<aeenses>>	avenses
production-1939-vol1-chapters	3064	50.10	tnapectors	it may deem necessary for the enforcement <<tnapectors>>	inspectors
production-1939-vol1-chapters	3065	31.0	pisig	<<pisig>> sec section of said act is hereby	pasig|pirsig|pisi|pisin|psig|sisig
production-1939-vol1-chapters	3070	13.8	busmess	erecting constructing or maintaining of advertising dis <<busmess>>	business|busness
production-1939-vol1-chapters	3070	18.8	acminis	director of the department of public works <<acminis>>	adminis
production-1939-vol1-chapters	3070	43.9	fagaging	engages in the business of outdoor advertising <<fagaging>>	fagging
production-1939-vol1-chapters	3071	24.0	ordmancee	<<ordmancee>> owner of the advertising display to comply	ordnance
production-1939-vol1-chapters	3071	32.0	distnets	<<distnets>> ete of any unincorporated city town or	distress
production-1939-vol1-chapters	3072	30.1	hetoe	july <<hetoe>>	heloe|heroe|hete
production-1939-vol1-chapters	3072	34.6	umtorms	uniforms and equipment the department shal <<umtorms>> a	storms
production-1939-vol1-chapters	3078	25.0	omcer	<<omcer>> manager shall act as the personnel officer	omber|omer|oscer
production-1939-vol1-chapters	3087	7.9	menime	under a freeholders charter adopted under and <<menime>>	menie|minime
production-1939-vol1-chapters	3091	47.11	thdren	no surviving widow but shall be a <<thdren>>	tharen|theren|thoren|thren
production-1939-vol1-chapters	3093	0.9	recely	the event of refusal by a widow <<recely>> division	reely
production-1939-vol1-chapters	3101	6.8	stsim	dt wit r s sim tlw tir <<stsim>> t wit r s s m rlwitlrls	stim|strim|tsim
production-1939-vol1-chapters	3101	7.5	fiofn	pif e aft sis fets <<fiofn>> fifa elisheliz fal faalz l eele	fion|fionn|sion
production-1939-vol1-chapters	3101	7.9	faalz	aft sis fets fiofn fifa elisheliz fal <<faalz>> l eele	faal|falz
production-1939-vol1-chapters	3101	10.2	siui	ir js <<siui>> r with sts m r w tle	iui|miui|shui|sibi|sidi|sifi
production-1939-vol1-chapters	3101	10.13	wirir	m r w tle sts lm r <<wirir>> ls simitiwirir ls	wirer|wiri|wirier|wirr|writ
production-1939-vol1-chapters	3101	11.0	pyeps	<<pyeps>> eps iety fete pop pelsfielishel els leoleiizeles	peeps|peps|preps|pyes|yeps
production-1939-vol1-chapters	3101	14.9	ieli	izta o sfel lels trols fie iajielis <<ieli>> lial al o zsj s	beli|celi|deli|eli|feli|geli
production-1939-vol1-chapters	3101	19.7	zolz	cate ts aialatslet elo hols fapatialsliel hela <<zolz>> lez alzelesizg le izeze po	bolz|folz|golz|holz|lolz|volz
production-1939-vol1-chapters	3101	19.11	izeze	hols fapatialsliel hela zolz lez alzelesizg le <<izeze>> po	zeze
production-1939-vol1-chapters	3101	26.1	etifi	day <<etifi>> s s mitlw t r s s	teifi
production-1939-vol1-chapters	3101	26.4	mitlw	day etifi s s <<mitlw>> t r s s m t wlt	milw|mitla
production-1939-vol1-chapters	3101	34.11	ieeles	opt hepes i te fo fee ea <<ieeles>> ester eee po	eeles
production-1939-vol1-chapters	3101	39.0	mumbers	<<mumbers>> opposite platoon classifications indicate working shifts off	cumbers|lumbers|members|mumblers|mummers|numbers
production-1939-vol1-chapters	3101	39.11	caours	indicate working shifts off duty for pxsperctnyr <<caours>>	cours
production-1939-vol1-chapters	3104	43.0	einet	<<einet>> from which he was nominated and elected	binet|dinet|einat|eine|einem|einen
production-1939-vol1-chapters	3106	29.0	fornta	<<fornta>>	forna|fornia|forta|fortna|fronta
production-1939-vol1-chapters	3110	35.0	osevitle	<<osevitle>>	roseville
production-1939-vol1-chapters	3117	29.7	payrl	section certification of payroll no public disbursing <<payrl>> s	paarl|parl|payal
production-1939-vol1-chapters	3119	11.2	cumulos	with the <<cumulos>> rancho immortalized in helen	camulos|cumulose|cumulous|cumulus|tumults
production-1939-vol1-chapters	3120	28.0	ipenee	<<ipenee>> senate thereof concurring that leave of absence	penee
production-1939-vol1-chapters	3120	29.0	intgeens	<<intgeens>> state of california for longer period than	interns
production-1939-vol1-chapters	3120	41.0	uena	<<uena>>	aena|bena|buena|cena|dena|eena
production-1939-vol1-chapters	3130	10.0	passece	<<passece>> of bills preceding final adjournment	passee
production-1939-vol1-chapters	3133	33.11	dispensatior	be dispensed with except by a vote <<dispensatior>>	dispensation|dispensator
production-1939-vol1-chapters	3134	8.0	wuereeas	<<wuereeas>> nontreaty indians are at the present time	whereas
production-1939-vol1-chapters	3137	34.2	espeused	he has <<espeused>> political and economic doctrines inimical to	espoused
production-1939-vol1-chapters	3140	5.3	nationz	criticism of tbe <<nationz>> perk service or as evidence of any	nation|nationa|nations
production-1939-vol1-chapters	3141	24.5	sovereigntics	america the states as independent <<sovereigntics>> reserved sim	sovereignties
production-1939-vol1-chapters	3146	4.0	wuersas	<<wuersas>> thereat er the board of supervisors of	whereas
production-1939-vol1-chapters	3159	7.9	fatife	condition of world affairs has compelled the <<fatife>>	latife
production-1939-vol1-chapters	3160	39.0	ernardino	<<ernardino>>	bernardino
production-1939-vol1-chapters	3168	13.5	zortation	philippines pending such governmental trans <<zortation>> necessitated	formation|hortation|sortation
production-1939-vol1-chapters	3173	4.5	benbough	we the undersigned percy j <<benbough>> mayor of the rtifieat	bengough|enough
production-1939-vol1-chapters	3175	28.2	benbough	p j <<benbough>>	bengough|enough
production-1939-vol1-chapters	3176	31.2	mudhens	known as <<mudhens>> inhabit the ponds and marshes	mudhen
production-1939-vol1-chapters	3184	22.1	becy	legislative <<becy>> thereof duly and regularly submitted to the	beby|bec|beca|becc|beccy|bece
production-1939-vol1-chapters	3186	32.0	sefrey	<<sefrey>> fornia there was born o mr and	serey
production-1939-vol1-chapters	3186	43.10	voune	matter s advent and hopes for that <<voune>> man	doune|vouge|voute
production-1939-vol1-chapters	3187	16.8	rodueers	under the provisions of the bankhead act <<rodueers>>	producers
production-1939-vol1-chapters	3192	18.1	tofore	branes <<tofore>> taken by any county as security for	before
production-1939-vol1-chapters	3193	40.1	towit	lowing <<towit>>	tewit|tobit|toit|torit|towie|towin
production-1939-vol1-chapters	3196	4.5	geestion	resolved that the further si <<geestion>> is made that there be	egestion|gestion
production-1939-vol1-chapters	3196	13.4	hirain	and to the honorable <<hirain>> w johnson and iron	herein|hirai|hiran|hirani
production-1939-vol1-chapters	3196	23.0	consttation	<<consttation>> resolved by the assembly the senate concurring	constatation
production-1939-vol1-chapters	3197	17.4	galgianni	renowned artist mr oscar <<galgianni>> who was commissioned	galgiani
production-1939-vol1-chapters	3197	31.0	galgianni	<<galgianni>> s excellent portrait of captain weber be	galgiani
production-1939-vol1-chapters	3211	15.0	lieity	<<lieity>> and	livity
production-1939-vol1-chapters	3212	0.1	joumt	assembly <<joumt>> resolution no relate to canals in the	jouet|joust
production-1939-vol1-chapters	3212	4.0	proeet	<<proeet>> fresno has introduced a bill in the	preet|projet
production-1939-vol1-chapters	3216	14.0	bowrdet	<<bowrdet>> section the board of education shall consist	bordet
production-1939-vol1-chapters	3219	24.3	epwarp	we the undersigned <<epwarp>> n ament mayor of the city certificate	upwarp
production-1939-vol1-chapters	3222	26.0	swav	<<swav>>	sav|scav|shav|slav|stav|swa
production-1939-vol1-chapters	3224	20.0	chaptisr	<<chaptisr>>	chapter
production-1939-vol1-chapters	3224	27.0	wibam	<<wibam>> assembly thereof concurring that leave of absence	wiam|wisam
production-1939-vol1-chapters	3232	30.0	andpart	<<andpart>> an easy grade coast highway from san	apart
production-1939-vol1-chapters	3232	31.0	ofrefuge	<<ofrefuge>> half moon bay providing for the first	refuge
production-1939-vol1-chapters	3234	19.0	consutution	<<consutution>> resolved by the assembly the senate concurring	consitution
production-1939-vol1-chapters	3238	38.9	mutolo	crowley jeanette e daley m g del <<mutolo>>	cutolo
production-1939-vol1-chapters	3239	0.0	massion	<<massion>> henry p meehan miss eleanor miller george	mansion|masson|mission|passion
production-1939-vol1-chapters	3239	16.10	orarc	assembly of the state of california the <<orarc>> t	orac|orary
production-1939-vol1-chapters	3240	20.0	snanis	<<snanis>> and counties cities cities and counties school	stanis
production-1939-vol1-chapters	3240	29.0	roitiative	<<roitiative>> whereas the statute prescribing the powers and	initiative
