production-1990-vol2	497	43.6	cmsp	hospital uncompensated care costs for all <<cmsp>> counties and by	casp|ccsp|cesp|cfsp|cmap|cmp
production-1990-vol2	498	12.6	cmsp	unallocated account in the fund to <<cmsp>> counties on the basis of the	casp|ccsp|cesp|cfsp|cmap|cmp
production-1990-vol2	498	13.5	cmsp	percentages obtained by dividing each <<cmsp>> county s population by	casp|ccsp|cesp|cfsp|cmap|cmp
production-1990-vol2	498	14.5	cmsp	the total population of all <<cmsp>> counties as reported in the most	casp|ccsp|cesp|cfsp|cmap|cmp
production-1990-vol2	500	24.7	cmsp	of rural health services funds from a <<cmsp>> county until the county	casp|ccsp|cesp|cfsp|cmap|cmp
production-1990-vol2	500	37.5	cmsp	each misp county and each <<cmsp>> county the figures specified in	casp|ccsp|cesp|cfsp|cmap|cmp
production-1990-vol2	501	4.4	cmsp	misp county and each <<cmsp>> county	casp|ccsp|cesp|cfsp|cmap|cmp
production-1990-vol2	501	47.0	zeano	<<zeano>>	beano|deano|keano|means|peano|zano
production-1990-vol2	541	45.0	evioan	<<evioan>>	evian|evigan
production-1990-vol2	548	44.0	baonr	<<baonr>>	baor
production-1990-vol2	558	47.0	rreeh	<<rreeh>>	freeh|reeh
production-1990-vol2	559	46.0	rrron	<<rrron>>	arron|erron|rron|ryron
production-1990-vol2	570	39.0	sggon	<<sggon>>	saggon
production-1990-vol2	583	46.0	kqor	<<kqor>>	kbor|kfor|khor|koor|kor
production-1990-vol2	594	45.0	qroor	<<qroor>>	prior|roor
production-1990-vol2	610	47.0	edoil	<<edoil>>	edil|enoil|soil
production-1990-vol2	622	2.2	nondealers	rules for <<nondealers>> shall apply to income years beginning on	nondealer
production-1990-vol2	626	32.4	accruable	apply to all tax <<accruable>> on the due date of the return	accrual
production-1990-vol2	638	47.0	anasn	<<anasn>>	anan|anas|anasa|anass|ansan
production-1990-vol2	647	1.2	repackagers	retailers hospitals <<repackagers>> providers or governmental entities	repackages
production-1990-vol2	648	11.7	nonbid	necessary therefore contracts entered into on a <<nonbid>> basis shall	forbid|nonaid
production-1990-vol2	655	3.4	maics	published in provider bulletins <<maics>> listed in title of the	aics|macs|magics|maica|maico|maids
production-1990-vol2	655	21.8	maic	prior to the effective date of an <<maic>>	aic|amic|baic|dmaic|laic|maac
production-1990-vol2	659	0.0	tateriais	<<tateriais>>	materials
production-1990-vol2	661	41.3	underpads	disposable diapers briefs <<underpads>> undergarments liners or pads	underpass|underpays
production-1990-vol2	664	35.4	coowners	number of the applicants <<coowners>> corporate officers and	owners
production-1990-vol2	666	37.0	biesc	<<biesc>>	bies|bisc|iesc
production-1990-vol2	670	47.2	repackagers	retailers hospitals <<repackagers>> providers or governmental entities	repackages
production-1990-vol2	672	11.7	nonbid	necessary therefore contracts entered into on a <<nonbid>> basis shall	forbid|nonaid
production-1990-vol2	673	8.0	onand	<<onand>> after july the director may retain a	anand|inand|nand|oland|omand|onan
production-1990-vol2	681	44.0	maics	<<maics>> listed in title of the california code	aics|macs|magics|maica|maico|maids
production-1990-vol2	682	15.8	maic	prior to the effective date of an <<maic>>	aic|amic|baic|dmaic|laic|maac
production-1990-vol2	684	4.1	onjuly	e <<onjuly>> the amounts specified in subdivisions a b	ofjuly
production-1990-vol2	720	5.9	mmority	the health and welfare agency effectively address <<mmority>> health	majority
production-1990-vol2	720	28.1	prionty	high <<prionty>> to justify the use of muted state	printy
production-1990-vol2	721	27.7	cocame	apprehend members of columbian cartel street gang <<cocame>> networks while the	cocama
production-1990-vol2	723	34.12	chunic	francisco legal office and the boalt hall <<chunic>>	chudic|chuni|chunin
production-1990-vol2	724	29.4	disemmination	housing beat hall employment <<disemmination>> clinic	dissemination
production-1990-vol2	726	38.0	tumities	<<tumities>> development program the placement of the provision	tities
production-1990-vol2	727	21.10	pnorty	the study s not of sufficiently high <<pnorty>> to justify the use of limited	porty|snorty
production-1990-vol2	727	39.0	mulhon	<<mulhon>> for this purpose and additional federal funding	multon
production-1990-vol2	732	25.0	ahzation	<<ahzation>> of california s frail elderly and functionally	aviation
production-1990-vol2	732	31.7	adcrc	general fund for support of the existing <<adcrc>> s while i recognize the merits	acre|adcc
production-1990-vol2	732	39.6	nutntion	federal fund reduction in the congregate <<nutntion>> program i have approved a loan	nutation
production-1990-vol2	733	54.11	augmen	in the city of coachella although no <<augmen>>	augen|augment
production-1990-vol2	735	38.2	hmuit	fornia to <<hmuit>> expenditures to the available revenue increase and	huit
production-1990-vol2	736	39.0	vglege	<<vglege>> market	allege
production-1990-vol2	736	43.1	paerfie	h <<paerfie>> states	aerie
production-1990-vol2	737	15.8	undocv	workers providing prenatal and postpartum services to <<undocv>>	undoc|undock
production-1990-vol2	738	27.10	admmnistratively	they are of significant pnortty it could <<admmnistratively>> redirect	administratively
production-1990-vol2	739	23.0	hmited	<<hmited>> state resources for this purpose therefore i	smited
production-1990-vol2	740	44.1	snthal	an <<snthal>> three year contract for these services was	santhal|snehal
production-1990-vol2	741	14.0	hfmv	<<hfmv>> arm rates in santa barbara county in	fmv|hcmv|hfm|hfma|hfmd|hfov
production-1990-vol2	741	15.8	hfmv	by price waterhouse counties were identified as <<hfmv>> counties	fmv|hcmv|hfm|hfma|hfmd|hfov
production-1990-vol2	741	18.2	hfmv	not designated <<hfmv>> to seek special consideration to receive hfmv	fmv|hcmv|hfm|hfma|hfmd|hfov
production-1990-vol2	741	18.9	hfmv	hfmv to seek special consideration to receive <<hfmv>> rates	fmv|hcmv|hfm|hfma|hfmd|hfov
production-1990-vol2	741	45.8	unalleted	this occurs one half of the funds <<unalleted>> shall be allocated te the	unalleged
production-1990-vol2	742	41.2	imds	mental diseases <<imds>> i support the imd program and included	amds|bmds|cmds|hmds|iads|icds
production-1990-vol2	743	6.11	hcensing	practices and in the requirements of various <<hcensing>>	censing
production-1990-vol2	744	26.0	hmited	<<hmited>> basis various types of adult protective services	smited
production-1990-vol2	745	40.6	hmuit	angeles county gain program would also <<hmuit>> los angeles county and the admin	huit
production-1990-vol2	749	45.1	mcluded	previously <<mcluded>> capital outlay costs in its budget i	cluded
production-1990-vol2	750	0.4	aheestee	prier te june funes <<aheestee>> te tre san kranesseo unitiea tence	arrestee
production-1990-vol2	750	0.9	unitiea	june funes aheestee te tre san kranesseo <<unitiea>> tence	unities
production-1990-vol2	750	4.8	hmited	remodeling tests frem this iter shall be <<hmited>> te percent	smited
production-1990-vol2	750	28.8	remedeled	the tests of replace the faerttty berg <<remedeled>>	remodeled
production-1990-vol2	752	11.0	tainhes	<<tainhes>>	trainees
production-1990-vol2	755	39.7	seheel	them tb budget act of year round <<seheel>>	reheel|scheel|sheel
production-1990-vol2	755	48.8	nonappropriations	separate legislation and reducing both of the <<nonappropriations>> with	nonappropriation
production-1990-vol2	756	36.9	hmited	educational technology considering the many demands for <<hmited>>	smited
production-1990-vol2	758	42.14	hmuited	the education employee reform act due to <<hmuited>>	suited
production-1990-vol2	762	29.3	defieieney	fer purposes ef <<defieieney>> aleeatron fer kindergarten and grades i te	deficiency
production-1990-vol2	762	30.3	milhen	up te twe <<milhen>> dellers fer the purposes ef vocational	milden|milen|milien|milken|millen|mithen
production-1990-vol2	762	30.4	dellers	up te twe milhen <<dellers>> fer the purposes ef vocational	bellers|dealers|deller|delvers|dollers|duellers
production-1990-vol2	762	34.13	redtee	aet for purposes ef the program te <<redtee>>	rentee
production-1990-vol2	762	36.9	speeral	purpose ef funding growth in enrollment in <<speeral>> edges	spheral
production-1990-vol2	763	4.7	eevers	k driver education cece ceveeee ce tent <<eevers>>	beevers|bevers|devers|eevees|elvers|envers
production-1990-vol2	763	21.0	bilhon	<<bilhon>> twe hundred eighty three one hundred thirteen	bichon|bilion|billon|bilson|bilton
production-1990-vol2	763	26.11	bilhon	section of the education code are fifteen <<bilhon>> fe	bichon|bilion|billon|bilson|bilton
production-1990-vol2	763	27.6	feurty	three hundred systythree ninety nine mullion <<feurty>> nine three hundred eighty	fourty
production-1990-vol2	768	42.0	toau	<<toau>> cccceeceeeseceecteescrereesersersesrsoerssesseetstesssteeseresees	oau|tau|teau|thau|toa|toad
production-1990-vol2	769	7.0	imance	<<imance>> ccceeeeetereteceecereersereneree	finance|imane|mance
production-1990-vol2	771	10.0	juawes	<<juawes>> eeeeeeesereesereseseeesees	juanes|judges
production-1990-vol2	776	11.0	accoumnl	<<accoumnl>> seeccreeceecececcnescneeecnesarernersaesse pens essaess	account
production-1990-vol2	776	11.3	essaess	accoumnl seeccreeceecececcnescneeecnesarernersaesse pens <<essaess>>	assess
production-1990-vol2	776	42.0	accoumnl	<<accoumnl>> ccccscceseeececeeccccreteeseceteceesnesseeseecssnesees	account
production-1990-vol2	782	25.7	equaliza	f or support of state board of <<equaliza>>	equalize
production-1990-vol2	788	27.0	souin	<<souin>> cssesesseresersetecsersssersssereresseee	bouin|gouin|smuin|sobin|soin|sojin
production-1990-vol2	795	0.0	oritizing	<<oritizing>> and timely handling of complaints so	critizing
production-1990-vol2	797	28.0	suiveyots	<<suiveyots>> ecereeeerseresereeeeeseee	surveyors
production-1990-vol2	812	25.0	piams	<<piams>> scssesesececeseeeeesccsevaenereeees	iams|liams|niams|pams|pias|pimas
production-1990-vol2	813	19.0	valots	<<valots>> ccsecccesseecesetererecestreereeeees	alots|valets|valois
production-1990-vol2	813	22.0	syscom	<<syscom>> cccsesessseteeereseeeceense ees	syncom|sysco|system
production-1990-vol2	814	13.0	qtam	<<qtam>> ceeeeeerteseseeeeseressrrerereeees	atam|etam|itam|qam|qta|qtum
production-1990-vol2	817	29.0	apfaits	<<apfaits>> ccccecceeveeevececcecceeceevececsvsecsetevensscuscensverer	affairs
production-1990-vol2	817	35.2	ssere	ans dependents <<ssere>>	esere|essere|isere|sere|shere|siere
production-1990-vol2	819	13.0	fotmia	<<fotmia>> cceeceeeecccesecesccceserersrereseceveresrersersertversssses	fotia
production-1990-vol2	819	16.0	ctans	<<ctans>> eceeceetecesetereteteteeseersseeeress	cans|chans|clans|coans|crans|ctas
production-1990-vol2	820	25.0	setuction	<<setuction>> c eeseseeeccseeeeceeeeses	seduction
production-1990-vol2	820	33.0	setuction	<<setuction>> cccceseereeecsereerereeeeees	seduction
production-1990-vol2	824	0.1	toulis	a <<toulis>> cccceerecseeessserevereereees	boulis|coulis|foulis|soulis|tolis|tollis
production-1990-vol2	853	28.0	abzency	<<abzency>> ceceevecceeeereccnenereesesneaeeesencnersseeeneveseneeers	agency
production-1990-vol2	860	19.0	biam	<<biam>> eseeeeeeee	baam|baim|bam|bcam|beam|bham
production-1990-vol2	862	0.0	seatcn	<<seatcn>> plojochs c cceceeesecereecesseeccseeeeceveeseereestes	seaton
production-1990-vol2	866	3.0	valion	<<valion>> ccccecceecsereeececcserecetscreretetseressesersterserseesere	alion|calion|galion|talion|valign|valin
production-1990-vol2	866	8.0	techion	<<techion>> ccccceeceseeceeeessereeseerseee	section|technion
production-1990-vol2	871	11.0	quusition	<<quusition>> ce seeeceeeseeeeereeerees	question
production-1990-vol2	879	15.0	bqot	<<bqot>> voceecescesesvesesesseevessssessseevereeee	biot|blot|boot|bot|brot|qot
production-1990-vol2	891	6.0	lofalion	<<lofalion>> ccceeceeeeerseerereeere vee	location
production-1990-vol2	899	21.0	reseirvoil	<<reseirvoil>> ceccceeceevescrereeveereeees	reservoir
production-1990-vol2	900	6.1	pintadas	gras <<pintadas>> ccccccseeeeeeeeees	pintada
production-1990-vol2	902	6.5	pintadas	river valley regional park piedras <<pintadas>>	pintada
production-1990-vol2	903	37.0	restroomms	<<restroomms>> ecceceeveeeeeceeeeeeeeses	restrooms
production-1990-vol2	905	16.0	sbnf	<<sbnf>> resource management	bnf|sbf|sbn|senf|snf
production-1990-vol2	905	21.0	opmene	<<opmene>> cece s eter eee se eevee eoeens	opment
production-1990-vol2	905	34.1	furbearers	winter <<furbearers>>	forbearers
production-1990-vol2	906	12.0	ntrp	<<ntrp>> o m	atrp|narp|ncrp|nhrp|nrp|ntep
production-1990-vol2	910	17.0	plojechs	<<plojechs>> ceeeeee eee erce een eererseneeees	projects
production-1990-vol2	911	21.2	encinos	f los <<encinos>> shp completion	encinas|encino|engines
production-1990-vol2	911	37.0	coses	<<coses>> cceceeveesesseencererecernereerccess	boses|cases|choses|closes|codes|coes
production-1990-vol2	912	24.0	sttuction	<<sttuction>> ccecceeceeceereeenecneres	struction
production-1990-vol2	912	33.0	glawings	<<glawings>> ee ee eeeeeeeeeeeeeceeeeeeeeees	clawings
production-1990-vol2	913	22.0	plojechs	<<plojechs>> ccceecceccneescececeeeseeeees	projects
production-1990-vol2	923	30.0	sysom	<<sysom>> ceeeeeeeeeeeceneceeevenreennes	sysop|system
production-1990-vol2	926	6.1	poqtam	thot <<poqtam>> ccscsvessversecsseeessevsnssrseescereversnnenaes	postal
production-1990-vol2	930	36.0	isttalion	<<isttalion>> e cceeeeceeevereeerseeeeers	battalion
production-1990-vol2	933	39.0	memnl	<<memnl>> csecerereereveseesereecrererereees	meinl|memel|meml
production-1990-vol2	935	42.0	aqemncies	<<aqemncies>> eeeeeeeeseeesecaeceeneeceeecesaneseuerereeesseeeecene	agencies
production-1990-vol2	953	3.7	sliag	in conducting its audit reviews of clinic <<sliag>>	slag|slig|sling
production-1990-vol2	953	9.1	sliag	their <<sliag>> claims and reimbursements be	slag|slig|sling
production-1990-vol2	958	25.0	accoumnl	<<accoumnl>> seeeevereceeceenennenaneerereccseccusanaueeassereress	account
production-1990-vol2	966	0.5	overbud	toxic substances control program has <<overbud>>	overbid|overbuy|overdue
production-1990-vol2	966	14.4	subac	hazardous waste management planning <<subac>>	lubac|sabac|sbac|suba|subact|subah
production-1990-vol2	967	12.2	refin	ern states <<refin>>	defin|redfin|refan|refi|refik|refind
production-1990-vol2	985	13.0	heoi	<<heoi>> eee eeeeteeeeeeeeessserteererereeerttttsetttseserserersees	aeoi|eoi|hebi|hedi|hei|heii
production-1990-vol2	997	20.0	cioti	<<cioti>> ccecceseeseererersctereeceeceresererese	choti|cioni|ciotti|citi|city|coti
production-1990-vol2	999	45.0	vicos	<<vicos>> ooo	icos|nicos|picos|ricos|ticos|vcos
production-1990-vol2	1004	28.0	acuies	<<acuies>> ssessvereccccccccnensensrsnsccessceecsenssnesseerees	accies|acutes
production-1990-vol2	1008	20.0	setuction	<<setuction>> c cccseeeereeveresteesereeeee	seduction
production-1990-vol2	1018	43.0	atawings	<<atawings>> eeeeeceeeeeeneveeeeeeeees	drawings
production-1990-vol2	1019	14.0	cgrawings	<<cgrawings>> cceeeeesesenereeenerees	drawings
production-1990-vol2	1020	11.0	imenl	<<imenl>> ceeceeccevceecesceeeeseesensees	imen|imeni
production-1990-vol2	1021	37.0	qhabilitation	<<qhabilitation>> ccecesececscesssessessessesssseessrereresersse	habilitation
production-1990-vol2	1042	9.0	trationn	<<trationn>> cccceeeeeeeereesesereeees	tration
production-1990-vol2	1044	32.0	tecuions	<<tecuions>> cccsecesceeceereecceretecterertesetscresteseserssserser	sections
production-1990-vol2	1049	15.0	situclion	<<situclion>> cccceeeceeccsetteeeevereeree	situation
production-1990-vol2	1054	0.0	frrovisions	<<frrovisions>>	provisions
production-1990-vol2	1054	11.0	setuction	<<setuction>> cccceeeeeecceeccereeeccunerens	seduction
production-1990-vol2	1061	41.0	btamn	<<btamn>> d eee eeeecceeecccecceeercenecscerscneastcnepesenerens	bamn
production-1990-vol2	1069	11.0	proqtrams	<<proqtrams>> cceeeeeeeeseeeeeeerenes	programs
production-1990-vol2	1089	2.0	apportionmments	<<apportionmments>> ceeseesssseseerererssereserseersere	apportionment|apportionments
production-1990-vol2	1096	9.1	desegration	tary <<desegration>> grant joint	desecration
production-1990-vol2	1104	35.0	imauics	<<imauics>> ceseccsecceeecenseosceeeereeeccerseeceeeseoesnererseveeenss	italics
production-1990-vol2	1111	38.5	subcaps	in provision waivers of the <<subcaps>>	hubcaps|subways
production-1990-vol2	1119	0.0	quanly	<<quanly>> review procedures	equally|quaily|qually|qualy|quandy|quinly
production-1990-vol2	1160	24.0	piostam	<<piostam>> cesceceeeeeecereeterseeene res	postal
production-1990-vol2	1163	14.0	cralion	<<cralion>> ccccceeecesesesesesesereeeseees	calion
production-1990-vol2	1172	9.0	seyuction	<<seyuction>> eecseeseeereteeeeerseeees	seduction
production-1990-vol2	1172	13.0	setuction	<<setuction>> ccccccresreccecescceescereees	seduction
production-1990-vol2	1174	14.1	cceee	construction <<cceee>> e	aceee
production-1990-vol2	1174	41.0	gyawings	<<gyawings>> eeceeeeeeeeeevvenenneeeees	drawings|gaywings
production-1990-vol2	1186	25.0	outtlay	<<outtlay>> cccccccssessssseseesverccccecesceserseeseecesseneeeranens	outlay|outplay
production-1990-vol2	1191	13.0	ctawings	<<ctawings>> ee eeeeeteeeseveeeeees	clawings
production-1990-vol2	1191	26.0	struclion	<<struclion>> cccccesereeeeeerteereeeeses	struction
production-1990-vol2	1193	10.0	sttuction	<<sttuction>> eseeseereseesssreeereeese	struction
production-1990-vol2	1193	23.0	conshtuction	<<conshtuction>> ccceeeeeeeeeeeeeees	construction|constuction
production-1990-vol2	1193	37.0	setuction	<<setuction>> ceeeeereresersereeereerse	seduction
production-1990-vol2	1198	5.0	acacom	<<acacom>> seeveeesccecenenenenereececsenesnsaanene nee eres	accom|amacom
production-1990-vol2	1201	34.0	opmenl	<<opmenl>> cccreeeeveseeeeeeerereeeeee	open|opment
production-1990-vol2	1211	18.0	allocationss	<<allocationss>> cseeereceeeeereevees	allocations
production-1990-vol2	1213	43.0	setuction	<<setuction>> ccseseeesereeseersereeseeeee	seduction
production-1990-vol2	1214	7.0	comsttuction	<<comsttuction>> cceeeeeeeeeeeeeees	construction
production-1990-vol2	1214	19.0	comsttuction	<<comsttuction>> ccceecee eee eee reese	construction
production-1990-vol2	1214	24.0	gtawings	<<gtawings>> cceeesessereeeeeseeeeeeene	drawings
production-1990-vol2	1214	29.0	ctawings	<<ctawings>> sssscsesseseeeesseeeeeesneeeee	clawings
production-1990-vol2	1215	16.0	cquipmenl	<<cquipmenl>> eeeeeeeeeeeeeeeereee	equipment
production-1990-vol2	1215	29.0	consetuction	<<consetuction>> cccceeeeeeeeeeeceeeese	construction|constuction
production-1990-vol2	1216	6.0	stfuction	<<stfuction>> cceeeerereereeeeeeereee	struction
production-1990-vol2	1216	12.0	consetuction	<<consetuction>> ceceeeseeeeeeneeeeee	construction|constuction
production-1990-vol2	1218	38.0	comsttuction	<<comsttuction>> ceeeeeeereeeees	construction
production-1990-vol2	1221	28.1	medanos	los <<medanos>> college	means|medano
production-1990-vol2	1230	17.0	sotvices	<<sotvices>> cseessesesereressseeseezeeseee	services
production-1990-vol2	1235	17.0	awalgg	<<awalgg>> ccceceecsceesesesereccssesesseererssssssestsssersseserese	analog
production-1990-vol2	1235	22.0	comter	<<comter>> ccsecceeceevceeeeeesevenerenes	coater|colter|comber|comer|commer|comper
production-1990-vol2	1245	40.0	soeivices	<<soeivices>> cscecceeeecrerereserereress	services
production-1990-vol2	1247	27.0	couml	<<couml>> cecceeecceececceeceererececeveecsececsscetenseaeenesaees	coul|coull|coum|couma|coupl|court
production-1990-vol2	1256	2.6	revolv	payable from the harbors and watercraft <<revolv>>	evolv|resolv|revol|revolt|revolu|revolve
production-1990-vol2	1258	18.0	gtawings	<<gtawings>> cccceeeeeesssnecreeeeetees	drawings
production-1990-vol2	1259	6.0	memnl	<<memnl>> cceece evens	meinl|memel|meml
production-1990-vol2	1259	6.1	cceece	memnl <<cceece>> evens	cheese
production-1990-vol2	1259	13.0	memnl	<<memnl>> cceeseeeeee	meinl|memel|meml
production-1990-vol2	1264	16.7	jlbc	ever lesser time the chairperson of the <<jlbc>>	jbc|jdbc|jlb|jlc|jtbc|lbc
production-1990-vol2	1265	2.0	toses	<<toses>> ccccesssesesereveseseeenseneeeerevess	boses|doses|hoses|joses|koses|loses
production-1990-vol2	1265	36.0	neems	<<neems>> ccceceeeeseeeteeeseeeeeeeeeseeeeere	deems|eems|heems|meems|needs|neels
production-1990-vol2	1265	38.0	buatas	<<buatas>> se eeeeeeeeeesseeereeveveverereees	batas|butas
production-1990-vol2	1266	13.0	mdso	<<mdso>> recommit	adso|dmso|dso|maso|mcso|mdo
production-1990-vol2	1266	14.0	imemus	<<imemus>> eee eeceeceseeseceececertenersenecs	items
production-1990-vol2	1266	30.1	pfesumpthion	cef <<pfesumpthion>> eceeeeeeeee	presumption
production-1990-vol2	1266	42.0	nnolices	<<nnolices>> cece eee eeecneeenneerereecreneee	notices
production-1990-vol2	1269	21.0	tecots	<<tecots>> ccceseceettesesereeeescereres	tests
production-1990-vol2	1272	28.6	pvea	percent of the total liheap grant <<pvea>> fund	avea|evea|paea|pdea|pea|plea
production-1990-vol2	1272	36.0	accoumnl	<<accoumnl>> cccceecceecceeceeeeseeeseseceeecseseoesceeesseeenares	account
production-1990-vol2	1273	9.0	wotkets	<<wotkets>> eeeeereeerereeeeeeee lo percent	workers
production-1990-vol2	1273	11.4	defcene	piomtams s ereveceeerereee of <<defcene>>	decene
production-1990-vol2	1273	28.2	csbg	block grant <<csbg>> contractors as a result of	cabg|cbg|cdbg|csb|csbs|csg
production-1990-vol2	1273	30.1	csbg	for <<csbg>> programs in fiscal year	cabg|cbg|cdbg|csb|csbs|csg
production-1990-vol2	1275	8.3	premobilization	mobilization plan and <<premobilization>> mission	remobilization
production-1990-vol2	1275	44.0	ptojechs	<<ptojechs>> ceeeeeeeseceeevere essere renee	projects
production-1990-vol2	1281	4.0	pensalion	<<pensalion>> ee eeteeeeectteereretseteseseesteressserersesese	pension
production-1990-vol2	1283	5.0	represente	<<represente>> cccerereeeeesss	represent|representa|represented|representer|represents
production-1990-vol2	1285	42.3	recone	ossaty oo seeccccresercccnereereene <<recone>> sersecnresereeneerscenenercerenes	rebone|recode|recoke|recon|recons|recore
production-1990-vol2	1304	37.5	sliag	state legalization impact assistance grant <<sliag>> funds which	slag|slig|sling
production-1990-vol2	1305	19.0	tvalion	<<tvalion>> cececceccececeeveecercetevesereseceeesesers	talion
production-1990-vol2	1305	42.2	sliag	any available <<sliag>> funds which he or she determines	slag|slig|sling
production-1990-vol2	1306	16.3	sliag	of any available <<sliag>> funds which he or she determines	slag|slig|sling
production-1990-vol2	1306	41.2	sliag	expenditure from <<sliag>> funds for new program activities	slag|slig|sling
production-1990-vol2	1307	2.4	sliag	of the expenditure from <<sliag>> funds for program activi	slag|slig|sling
production-1990-vol2	1307	32.6	sliag	e it is intended that all <<sliag>> reimbursable costs shall be identified	slag|slig|sling
production-1990-vol2	1307	33.8	sliag	ensure that california s allotment of federal <<sliag>>	slag|slig|sling
production-1990-vol2	1307	35.2	sliag	to claim <<sliag>> funds using a method of cost calculation	slag|slig|sling
production-1990-vol2	1307	36.3	sliag	allowable under federal <<sliag>> regulations which minimizes	slag|slig|sling
production-1990-vol2	1307	37.5	sliag	the under identification of all <<sliag>> reimbursable costs the	slag|slig|sling
production-1990-vol2	1308	28.0	sliag	<<sliag>> regulations the superintendent of public instruction	slag|slig|sling
production-1990-vol2	1308	33.0	sliag	<<sliag>> funds to community colleges local schoo districts	slag|slig|sling
production-1990-vol2	1308	42.7	aesdp	funds to the department of education the <<aesdp>> shall be ap	aesop|esdp
production-1990-vol2	1308	45.4	sliag	the process for tracking <<sliag>> funds to newly legalized	slag|slig|sling
production-1990-vol2	1309	26.2	sliag	their receiving <<sliag>> funds for english as a second lan	slag|slig|sling
production-1990-vol2	1309	29.4	sliag	nated entities may receive <<sliag>> educational funds in an	slag|slig|sling
production-1990-vol2	1310	15.8	sliag	for such services has been provided from <<sliag>>	slag|slig|sling
production-1990-vol2	1310	19.6	sliag	efforts shall cover to the extent <<sliag>> reimbursement and	slag|slig|sling
production-1990-vol2	1311	14.0	sliag	<<sliag>> eligible persons as the participating depart	slag|slig|sling
production-1990-vol2	1311	15.4	sliag	ments in consultation with <<sliag>> providers deem	slag|slig|sling
production-1990-vol2	1311	44.8	sliag	each state department which receives or administers <<sliag>>	slag|slig|sling
production-1990-vol2	1312	6.3	sliag	allowable under federal <<sliag>> regulations and guidelines the	slag|slig|sling
production-1990-vol2	1313	1.7	sliag	individual eligible legalized aliens to the extent <<sliag>>	slag|slig|sling
production-1990-vol2	1313	15.3	sliag	counties which claim <<sliag>> funds for medically indigent	slag|slig|sling
production-1990-vol2	1313	32.0	sliag	<<sliag>> funds for indigent health services	slag|slig|sling
production-1990-vol2	1313	35.5	sliag	concerning the extent to which <<sliag>> funds may be used	slag|slig|sling
production-1990-vol2	1313	43.2	sliag	reimbursable using <<sliag>> funds counties shall have an	slag|slig|sling
production-1990-vol2	1314	2.1	sliag	education <<sliag>> provider the sde shall adjust indi	slag|slig|sling
production-1990-vol2	1314	36.2	sliag	receiving non <<sliag>> funded services funding	slag|slig|sling
production-1990-vol2	1315	36.2	sliag	tance grant <<sliag>> program identified by adjustment	slag|slig|sling
production-1990-vol2	1316	1.2	sliag	roll ajl <<sliag>> funded individuals vacancies permitting at	slag|slig|sling
production-1990-vol2	1316	39.5	sliag	that provider to enrol all <<sliag>> funded students during	slag|slig|sling
production-1990-vol2	1317	7.4	sliag	v educational providers receiving <<sliag>> funds shall report to	slag|slig|sling
production-1990-vol2	1317	36.6	sliag	y all contracts and agreements involving <<sliag>> funds shall re	slag|slig|sling
production-1990-vol2	1318	10.0	sliag	<<sliag>> reimbursement and federal law allow all of	slag|slig|sling
production-1990-vol2	1318	38.4	sliag	with the transition from <<sliag>> funding for each program	slag|slig|sling
production-1990-vol2	1319	4.4	sliag	shall provide a consolidated <<sliag>> transition plan to the	slag|slig|sling
production-1990-vol2	1319	7.2	sliag	of its <<sliag>> funding process that it is appropriate that	slag|slig|sling
production-1990-vol2	1327	23.0	assemdiy	<<assemdiy>> cccceeeececceeececceceteeescceeessescsseeteeesaceeress	assembly
production-1990-vol2	1328	31.2	ahocation	debt limit <<ahocation>> committee california	avocation
production-1990-vol2	1330	14.0	juiciaty	<<juiciaty>> cece eceetennesnentnerscseonenensensanea een essesennenes	judiciary
production-1990-vol2	1332	16.3	eonea	somali ceeesseeresereescnereeererer ener <<eonea>> pense erenersneesnnersnes	enea|eona|eone|honea|onea
production-1990-vol2	1362	0.0	proceealng	<<proceealng>>	proceeding
production-1990-vol2	1365	11.2	coowner	including a <<coowner>> of the vehicle for which the license	cooner|crowner
production-1990-vol2	1369	42.0	gason	<<gason>>	ason|bason|cason|eason|gabon|gadon
production-1990-vol2	1373	41.0	gabad	<<gabad>>	abad|babad|gaad|gaba|gabaa|gabab
production-1990-vol2	1375	0.0	appralsers	<<appralsers>>	appraisers
production-1990-vol2	1375	29.0	screa	<<screa>> in his or her real property appraisal	crea|mcrea|ocrea|scea|scra|scrae
production-1990-vol2	1378	37.0	firbea	<<firbea>>	fire|firrea
production-1990-vol2	1379	42.0	ravfon	<<ravfon>>	ravon
production-1990-vol2	1391	0.2	rimns	consecutive ce <<rimns>>	limns|rimas|rimes|rims|rins
production-1990-vol2	1392	46.0	bzonn	<<bzonn>>	bonn|bronn
production-1990-vol2	1414	47.0	gserr	<<gserr>>	serr
production-1990-vol2	1419	47.0	bedio	<<bedio>>	bedi|bedim|bedin|bedip|bedo|berio
production-1990-vol2	1420	47.0	eenan	<<eenan>>	eeman|eena|enan|eunan|heenan|henan
production-1990-vol2	1421	47.0	grdeo	<<grdeo>>	order
production-1990-vol2	1422	47.0	bbner	<<bbner>>	abner|baner|bener|biner|boner|buner
production-1990-vol2	1428	47.0	borl	<<borl>>	barl|berl|birl|boal|bodl|boel
production-1990-vol2	1446	39.0	bestel	<<bestel>>	bentel|bertel|besel|bessel|beste|bested
production-1990-vol2	1461	33.2	ifany	of bonds <<ifany>> the resolution shall briefly describe any existing	fany|ifan|ifans|imany|ivany|ofany
production-1990-vol2	1466	40.0	raqal	<<raqal>>	raal|racal|rafal|rahal|ramal|ranal
production-1990-vol2	1470	18.6	earmold	of an ear impression for an <<earmold>> by the seller	armold
production-1990-vol2	1484	48.0	rtor	<<rtor>>	ator|ctor|etor|itor|mtor|roor
production-1990-vol2	1491	41.0	brisd	<<brisd>>	bisd|brid|bried|brind|bris|brisa
production-1990-vol2	1505	39.0	brbol	<<brbol>>	arbol|brool
production-1990-vol2	1514	0.5	zojgo	preceding year pursuant to section <<zojgo>>	zogo|zongo
production-1990-vol2	1514	41.0	brorl	<<brorl>>	broel|broil|broll|brool|bror|brora
production-1990-vol2	1530	44.0	bobol	<<bobol>>	bobo|boboli|bobos|bobov|bohol|bool
production-1990-vol2	1563	0.1	onand	c <<onand>> after july every service station in this	anand|inand|nand|oland|omand|onan
production-1990-vol2	1579	39.0	presubscribed	<<presubscribed>> long distance carrier until all of the	presubscribe|presubscriber|resubscribed
production-1990-vol2	1653	41.0	rkol	<<rkol>>	akol|kol|krol|reol|rko|rol
production-1990-vol2	1662	35.5	rerefined	products plastics retreaded automobile tires <<rerefined>> lubricating	redefined
production-1990-vol2	1675	4.1	itisan	a <<itisan>> infraction for a person under the age	ptisan
production-1990-vol2	1678	37.1	messenqe	mail <<messenqe>> s scsescscsssssesssseeeressrseseesseseres	messene
production-1990-vol2	1693	2.0	accouneanl	<<accouneanl>> ceecetcsteereerereees bic	accountant
production-1990-vol2	1693	10.0	nialot	<<nialot>> eeeessesseesereeserstsesteetteeene tlc	nilot
production-1990-vol2	1693	16.0	sotvices	<<sotvices>> seeteserrseerrseeeee rio	services
production-1990-vol2	1693	26.0	tialot	<<tialot>> oe cesseeeesssetessereeesesereesessesteens t c	pilot|tillot
production-1990-vol2	1693	28.0	cotnecy	<<cotnecy>> ocr itb nx	connect
production-1990-vol2	1709	47.0	rern	<<rern>>	bern|cern|dern|ern|fern|gern
production-1990-vol2	1710	38.0	nonelecting	<<nonelecting>> entity which alone or together with those	nonelective|nonerecting
production-1990-vol2	1711	47.0	teitol	<<teitol>>	teitel|teito
production-1990-vol2	1713	0.0	aisregaraed	<<aisregaraed>>	disregarded
production-1990-vol2	1717	42.0	eqol	<<eqol>>	ecol|egol|enol|eol|eql|equol
production-1990-vol2	1721	41.0	enrnn	<<enrnn>>	enron
production-1990-vol2	1744	33.2	relitigates	person repeatedly <<relitigates>> or attempts to relitigate in propria	relitigate
production-1990-vol2	1760	16.0	bayfair	<<bayfair>> east livermore	affair|mayfair|wayfair
production-1990-vol2	1768	0.1	opiment	lovei <<opiment>>	opment|orpiment
production-1990-vol2	1776	47.0	fiooo	<<fiooo>> r	fooo
production-1990-vol2	1812	41.0	oaol	<<oaol>>	aol|caol|gaol|maol|oakl|oal
production-1990-vol2	1822	47.0	orkd	<<orkd>>	okd|orad|ord|ored|ork|orka
production-1990-vol2	1824	47.0	oold	<<oold>>	bold|cold|dold|fold|gold|goold
production-1990-vol2	1834	48.0	anren	<<anren>>	adren|agren|ahren|airen|anden|andren
production-1990-vol2	1836	47.0	enane	<<enane>>	anane|elane|enage|ename|enan|enano
production-1990-vol2	1838	47.0	anaes	<<anaes>>	adaes|anaces|anacs|anae|anaee|anais
production-1990-vol2	1844	47.0	engic	<<engic>>	engi|engie|engin|engine|engis|enic
production-1990-vol2	1854	48.0	rnrad	<<rnrad>>	read
production-1990-vol2	1855	39.0	eneen	<<eneen>>	deneen|enden|enen|engen|ennen|enten
production-1990-vol2	1862	40.0	qiiic	<<qiiic>>	civic|iiic
production-1990-vol2	1876	22.0	cocurricular	<<cocurricular>> activities in the subsequent grading period	curricular
production-1990-vol2	1876	43.0	ribeo	<<ribeo>>	ribe|riber|ribero|ribes|ribet|ribo
production-1990-vol2	1895	43.0	roobd	<<roobd>>	rood
production-1990-vol2	1897	40.0	rorrl	<<rorrl>>	roral
production-1990-vol2	1908	15.0	nonowned	<<nonowned>> motor vehicles offered issued or delivered on	nonowner
production-1990-vol2	1909	0.5	ofncia	company is not a government <<ofncia>> or a government agency	oncia
production-1990-vol2	1921	0.0	appropriateqd	<<appropriateqd>>	appropriated
production-1990-vol2	1923	41.0	rroed	<<rroed>>	roed|rrod
production-1990-vol2	1930	0.0	vlgned	<<vlgned>>	signed
production-1990-vol2	1940	41.0	qnqa	<<qnqa>>	nqa|qaqa|qna
production-1990-vol2	1942	47.0	greoo	<<greoo>>	grebo|greco|grego|groo
production-1990-vol2	1952	5.7	noninmates	jail and prison sentences than children of <<noninmates>>	nominates
production-1990-vol2	1958	39.0	raaer	<<raaer>>	raaen|raar|raber|racer|rader|rafer
production-1990-vol2	1963	47.0	rabed	<<rabed>>	abed|grabed|rabe|rabee|rabel|raben
production-1990-vol2	1966	0.1	gennead	clearly <<gennead>>	ennead|genned
production-1990-vol2	1970	0.4	hquid	paint or any other <<hquid>>	equid|quid|squid
production-1990-vol2	1974	49.0	rerah	<<rerah>>	derah|erah|gerah|merah|reah|rera
production-1990-vol2	1981	26.0	yearp	<<yearp>>	earp|yarp|yeap|year|yeara|yeard
production-1990-vol2	1983	47.0	reqeh	<<reqeh>>	reeh
production-1990-vol2	1987	41.0	genon	<<genon>>	aenon|denon|enon|ganon|gelon|gencon
production-1990-vol2	1990	44.0	sbiic	<<sbiic>>	saic|sbic
production-1990-vol2	1991	41.0	rbisn	<<rbisn>>	rbis
production-1990-vol2	1994	43.0	rgoen	<<rgoen>>	goen|groen|roen|rogen
production-1990-vol2	2000	33.0	geacn	<<geacn>>	geac|geach|gean
production-1990-vol2	2003	20.2	delinting	planting seed <<delinting>> organizations and organizations involved in	delinking|delisting
production-1990-vol2	2004	47.0	gezen	<<gezen>>	geben|geen|gefen|gegen|gehen|geren
production-1990-vol2	2005	45.0	rbedd	<<rbedd>>	bedd|redd
production-1990-vol2	2006	42.0	aeear	<<aeear>>	abear|afear|anear|apear|arear|ayear
production-1990-vol2	2007	14.0	birthweights	<<birthweights>>	birthweight
production-1990-vol2	2007	38.0	rbbed	<<rbbed>>	ebbed|rebed|ribbed|robbed|robed|rubbed
production-1990-vol2	2011	41.0	rbrw	<<rbrw>>	brw|rbr|rbw|rrw
production-1990-vol2	2018	25.4	nonowned	the vehicle is a <<nonowned>> vehicle insured under a policy	nonowner
production-1990-vol2	2019	47.1	nnen	q <<nnen>>	annen|enen|ennen|innen|neen|nen
production-1990-vol2	2055	47.0	rrood	<<rrood>>	brood|crood|drood|frood|rood|rrod
production-1990-vol2	2057	47.0	rroto	<<rroto>>	kroto|proto|roto
production-1990-vol2	2059	37.6	odonto	molar from the journal of forensic <<odonto>> stomatology vol no	oconto|onto
production-1990-vol2	2061	47.0	rraio	<<rraio>>	raio
production-1990-vol2	2067	46.0	rrbod	<<rrbod>>	rrod
production-1990-vol2	2068	40.0	rrbh	<<rrbh>>	rbh|rrb|rrbs|rrh
production-1990-vol2	2069	46.0	rrberd	<<rrberd>>	roberd|robert
production-1990-vol2	2071	44.0	rrty	<<rrty>>	arty|rorty|roty|rrt|rrts|rry
production-1990-vol2	2073	28.2	milias	the meyers <<milias>> brown act with respect to court employees	ilias|lilias|milas|milia|milian|milis
production-1990-vol2	2073	47.0	rrrdo	<<rrrdo>>	prado
production-1990-vol2	2076	39.0	rroon	<<rroon>>	aroon|broon|croon|kroon|roon|rron
production-1990-vol2	2077	47.0	rrorn	<<rrorn>>	rron
production-1990-vol2	2078	36.0	rrotc	<<rrotc>>	jrotc|nrotc|rotc
production-1990-vol2	2082	0.0	qirecror	<<qirecror>>	director
production-1990-vol2	2099	47.0	robrd	<<robrd>>	board|robed|roberd
production-1990-vol2	2156	2.7	uncreamed	half and half or light sour cream <<uncreamed>> creamed or partially	increased|uncreased|uncreated|undreamed
production-1990-vol2	2173	31.7	aazpa	american association of zoological parks and aquariums <<aazpa>>	aapa|napa
production-1992-vol3	39	25.4	repairpersons	liens of all other <<repairpersons>>	repairperson
production-1992-vol3	39	27.3	repairpersons	of all other <<repairpersons>> other than certificated repair stations	repairperson
production-1992-vol3	39	29.0	repairpersons	<<repairpersons>> other than certificated repair stations and certificated	repairperson
production-1992-vol3	42	15.5	nejedly	provisions of the z berg <<nejedly>> forest practice act of	needly|needy
production-1992-vol3	88	0.0	tomlow	<<tomlow>> ine	follow|tombow
production-1992-vol3	239	0.2	sevtlings	vanetly of <<sevtlings>>	settlings
production-1992-vol3	240	0.1	recelvimg	patent <<recelvimg>> cale	receiving
production-1992-vol3	257	0.1	unhues	regulated <<unhues>>	undue|ungues
production-1992-vol3	261	27.6	nonplan	article provision of medical care by <<nonplan>> providers to	nonplane
production-1992-vol3	261	36.6	nonplan	refuses to be transferred from a <<nonplan>> provider s facility to a plan s	nonplane
production-1992-vol3	261	39.9	nonplan	problems the county has experienced in treating <<nonplan>>	nonplane
production-1992-vol3	292	20.0	preconfinement	<<preconfinement>> credit have months or less to serve	preconfinemnt|reconfinement
production-1992-vol3	310	33.0	incontestible	<<incontestible>>	incontestable
production-1992-vol3	315	32.1	sliag	i <<sliag>> means the state legalization impact assistance	slag|slig|sling
production-1992-vol3	318	3.7	sliag	funding for state legalization impact assistance grants <<sliag>>	slag|slig|sling
production-1992-vol3	318	26.4	sacians	approved by governor iy <<sacians>> filed with	dacians|sabians|sacian|salians|salinas|samians
production-1992-vol3	319	36.7	nonpersonnel	eligible for repair renovation or any other <<nonpersonnel>> costs	nonpersonal
production-1992-vol3	349	0.0	qgirector	<<qgirector>> ana the operator	director
production-1992-vol3	365	0.1	wkarly	chapter <<wkarly>> primary programs	karly|warly
production-1992-vol3	367	8.0	nonbiased	<<nonbiased>> valid and reliable these tests shall not	unbiased
production-1992-vol3	382	35.0	lamag	<<lamag>> or estoy ceiling in order to recover	amag|damag|laag|lama|lamah|lamai
production-1992-vol3	383	10.11	repalt	policy will specify whether you must actually <<repalt>>	repale|repast|replat|resalt
production-1992-vol3	400	0.7	nnance	compliance or noncompliance pursuant to any statute <<nnance>>	nance|nuance
production-1992-vol3	419	0.3	mytures	personal property or <<mytures>>	matures
production-1992-vol3	452	0.0	cndapter	<<cndapter>>	chapter
production-1992-vol3	461	38.4	underpads	a for all premium <<underpads>> as defined by the department by	underpass|underpays
production-1992-vol3	468	5.0	ifany	<<ifany>> housing occupied by persons or families of	fany|ifan|ifans|imany|ivany|ofany
production-1992-vol3	479	2.5	nonbid	section may be on a <<nonbid>> basis and shall be exempt from the	forbid|nonaid
production-1992-vol3	552	0.3	msurance	or equivalent sel <<msurance>>	esurance|insurance
production-1992-vol3	554	0.0	sudsct	<<sudsct>> der ot cnroiuce	sunset
production-1992-vol3	565	0.1	benent	health <<benent>> plan may impose a maximum waiting period	bement|benen|benet|benett|bennet|berent
production-1992-vol3	599	15.4	hicap	counseling and advocacy program <<hicap>> administered by the	hcap|hiap|hicp|icap
production-1992-vol3	599	19.0	hicap	<<hicap>> office	hcap|hiap|hicp|icap
production-1992-vol3	603	3.4	hicap	counseling and advocacy program <<hicap>> provides health	hcap|hiap|hicp|icap
production-1992-vol3	603	6.3	hicap	of the local <<hicap>> program where this is impractical the	hcap|hiap|hicp|icap
production-1992-vol3	603	9.4	hicap	can get information about <<hicap>>	hcap|hiap|hicp|icap
production-1992-vol3	673	32.0	semor	<<semor>> court clerk	emor|memor|sebor|secor|sedor|semar
production-1992-vol3	735	12.4	nonowners	and not the resident <<nonowners>> are primarily concerned with the	nonowner
production-1992-vol3	791	0.2	comerence	citation review <<comerence>>	coherence
production-1992-vol3	888	37.7	coowner	available to a claimant who is the <<coowner>> of original property as a	cooner|crowner
production-1992-vol3	888	41.8	coowner	by all of the owners and each <<coowner>> retains an	cooner|crowner
production-1992-vol3	888	47.2	coowner	than one <<coowner>> would otherwise be an eligible claimant only	cooner|crowner
production-1992-vol3	888	48.0	coowner	<<coowner>> shall be eligible under this section these	cooner|crowner
production-1992-vol3	889	3.7	coowner	original property as community property only the <<coowner>> who has	cooner|crowner
production-1992-vol3	896	31.7	coowner	available to a claimant who is the <<coowner>> of original property as a	cooner|crowner
production-1992-vol3	896	35.8	coowner	by all of the owners and each <<coowner>> retains an	cooner|crowner
production-1992-vol3	896	41.2	coowner	than one <<coowner>> would otherwise be an eligible claimant only	cooner|crowner
production-1992-vol3	896	42.0	coowner	<<coowner>> shall be eligible under this section these	cooner|crowner
production-1992-vol3	896	47.7	coowner	original property as community property only the <<coowner>> who has	cooner|crowner
production-1992-vol3	936	0.0	qcalers	<<qcalers>>	scalers
production-1992-vol3	952	40.0	ifarental	<<ifarental>> company states a rental rate in print	parental
production-1992-vol3	999	0.0	dirtnday	<<dirtnday>>	birthday
production-1992-vol3	1066	0.0	qealil	<<qealil>>	quail
production-1992-vol3	1081	0.4	izlo	manner prescribed in section <<izlo>>	iglo|illo|ilo|iolo|izle|izo
production-1992-vol3	1127	23.0	bronzan	<<bronzan>> mccorquodale children s services provided under part	bronzen
production-1992-vol3	1139	7.5	nonmanufacturer	manufacturer installed options but excluding <<nonmanufacturer>>	nonmanufacture|nonmanufactured
production-1992-vol3	1157	0.0	trepeaied	<<trepeaied>>	repealed
production-1992-vol3	1223	12.0	nonfixed	<<nonfixed>> route operator which serves the handicapped or	confined
production-1992-vol3	1229	0.0	tepedied	<<tepedied>>	remedied
production-1992-vol3	1243	10.1	nocontract	d <<nocontract>> shall be let to any nongovernmental entity	noncontract
production-1992-vol3	1259	36.0	gawr	<<gawr>> on a nameplate affixed to the apparatus	awr|fawr|gaar|gabr|gaer|gahr
production-1992-vol3	1268	18.1	fiposa	ma <<fiposa>> esesecessevsessssvncesevscsessvsevscseverscssvasassevsoerees	filosa
production-1992-vol3	1268	28.0	suitet	<<suitet>> oct eeessecesersetsecsceseesscsersensseeserssstssnssensesnesenesentes	suite|suited|suiter|suites|suitt
production-1992-vol3	1268	30.0	tuolummne	<<tuolummne>> ooo ceeesesceneessesssesseessseneesnerscsecessersevsceseenens	tuolumne
production-1992-vol3	1268	31.0	yoio	<<yoio>> wo eesccsesssessoscnesecsencscnsenserensssensecsereereceessentsecsesnsecsentens	moio|oio|woio|yio|yobo|yodo
production-1992-vol3	1298	39.0	trusteed	<<trusteed>> surplus of which one hundred million dollars	trusted|trustee|trustees
production-1992-vol3	1329	48.0	jogsen	<<jogsen>>	jonsen|jose
production-1992-vol3	1360	39.1	chitat	charles <<chitat>> ng which will cause a severe drain	chiat|chita|chitak|chital|chitta
production-1992-vol3	1366	45.0	inpeo	<<inpeo>>	inpe|inpex|into
production-1992-vol3	1374	21.0	beneficiating	<<beneficiating>> processor means any person certified by	beneficiation
production-1992-vol3	1374	22.7	beneficiates	the department as a processor who also <<beneficiates>> purchased cullet	beneficiaries|beneficiate
production-1992-vol3	1381	32.0	beneficiating	<<beneficiating>> processors only for each container sold by	beneficiation
production-1992-vol3	1382	0.0	loverniment	<<loverniment>>	government
production-1992-vol3	1382	15.1	beneficiating	containers <<beneficiating>> processors only during the calendar year	beneficiation
production-1992-vol3	1382	46.5	beneficiating	values paid by processors or <<beneficiating>> processors are percent	beneficiation
production-1992-vol3	1388	48.0	nnesr	<<nnesr>>	niesr|nner
production-1992-vol3	1426	0.0	amtican	<<amtican>> amemicanns	american
production-1992-vol3	1426	0.1	amemicanns	amtican <<amemicanns>>	americans
production-1992-vol3	1522	48.0	oneri	<<oneri>> c	ineri|neri|onei|oner|onera|onery
production-1992-vol3	1547	49.0	ongoon	<<ongoon>>	angoon
production-1992-vol3	1552	42.0	ontobl	<<ontobl>>	onto
production-1992-vol3	1571	0.0	tomows	<<tomows>>	tomos|tools
production-1992-vol3	1578	48.0	ontorl	<<ontorl>>	control
production-1992-vol3	1587	12.0	yoat	<<yoat>> vesesevesvsorere	boat|coat|doat|goat|hoat|koat
production-1992-vol3	1597	48.0	onsbed	<<onsbed>>	onset
production-1992-vol3	1607	49.0	ononed	<<ononed>>	onone|ozoned
production-1992-vol3	1610	19.0	cmsp	<<cmsp>> has increased and the factors impeding the	casp|ccsp|cesp|cfsp|cmap|cmp
production-1992-vol3	1610	42.2	cmsp	counties designated <<cmsp>> counties and shal submit a report of	casp|ccsp|cesp|cfsp|cmap|cmp
production-1992-vol3	1636	49.0	ongorn	<<ongorn>>	ongoing
production-1992-vol3	1661	0.0	tcada	<<tcada>>	cada|scada|tada|tcad|thada|tiada
production-1992-vol3	1710	8.1	bayfair	a <<bayfair>> east livermore	affair|mayfair|wayfair
production-1992-vol3	1712	6.1	bayfair	a <<bayfair>> east livermore	affair|mayfair|wayfair
production-1992-vol3	1724	0.0	arucie	<<arucie>>	brucie
production-1992-vol3	1760	0.0	ncensing	<<ncensing>> agency or dou	censing|incensing
production-1992-vol3	1771	0.0	canlon	<<canlon>>	callon|calon|cancon|canion|cannon|canon
production-1992-vol3	1776	33.6	prelicensure	evidence of successfully completing a certified <<prelicensure>>	relicensure
production-1992-vol3	1839	0.0	supparagrapi	<<supparagrapi>>	subparagraph
production-1992-vol3	1978	8.9	storers	waste is located present or past generators <<storers>>	scorers|snorers|starers|stokers|stoners|storer
production-1992-vol3	2002	21.8	microetch	objects cleaners and conditioners do not include <<microetch>>	microtech
production-1992-vol3	2003	12.0	demulsification	<<demulsification>> as allowed by this section	emulsification
production-1992-vol3	2044	0.6	ettort	maintain this information as a cooperative <<ettort>> and shall make	ettore|extort
production-1992-vol3	2070	0.0	proression	<<proression>>	procession|profession|progression
production-1992-vol3	2110	31.9	readvisement	birth parent has with the placement a <<readvisement>>	advisement
production-1992-vol3	2132	0.3	secnon	requirements or that <<secnon>>	secon|senon|sesnon
production-1992-vol3	2135	42.5	fincling	or mortgage financing and a <<fincling>> that sufficient services and	findling
production-1992-vol3	2164	33.1	noschool	d <<noschool>> district special education local plan area or	nonschool
production-1992-vol3	2190	23.1	noschool	d <<noschool>> district special education local plan area or	nonschool
production-1992-vol3	2196	2.3	affd	smith f supp <<affd>> f d cert den u s	afad|afd|aff|affa|affe|afff
production-1992-vol3	2202	29.1	tecots	marijuana <<tecots>> c eceeeeeees	tests
production-1992-vol3	2202	33.0	givetsion	<<givetsion>> ceceeeeeceeceteteteeeereeeeeereess	diversion
production-1992-vol3	2202	37.0	imfotmation	<<imfotmation>> se eeseeeeeeseeeeteeeeeeeee	information
production-1992-vol3	2203	13.0	quats	<<quats>> eceseseeseees seseesseseseesseeseerseees	quads|quais|quals|quants|quarts|quas
production-1992-vol3	2203	33.0	manazemenl	<<manazemenl>> es cerececsveresceereeseers	management
production-1992-vol3	2204	2.1	piesumption	cey <<piesumption>> scene veeeeeee	presumption
production-1992-vol3	2205	23.2	recommitments	a dmso <<recommitments>> ch stats	recommitment
production-1992-vol3	2218	21.0	alamehga	<<alamehga>> ccceccsccsssseserseressescersersssvserseresseseneeresseavers	alameda
production-1992-vol3	2218	30.0	fosmio	<<fosmio>> cesccssessesseeeersecsesnsecnsenscnseesenseensentenetessesseens	folio|formio
production-1992-vol3	2218	31.0	giotm	<<giotm>> o ce cecsesseescessceccnscececescenscseeseeseesvserseserecaseassase	gotm
production-1992-vol3	2218	41.0	matiiposa	<<matiiposa>> ccececeeeceeseceesessceseesessssecesssseneverevarsereneres	mariposa
production-1992-vol3	2218	42.0	meongocino	<<meongocino>> ccscesceresseeccssesersersersevsevscsscsevencesvaceas	mendocino
production-1992-vol3	2219	5.0	sactamenio	<<sactamenio>> sseceeesssececseeneesseee coseseenssestersersenees	sacramento
production-1992-vol3	2219	17.0	sictta	<<sictta>> oe seecesesscsssessseveseecsersssesnconsneesscenenessneesssenensenees	sitta
production-1992-vol3	2219	20.0	somomna	<<somomna>> scssesersesssvensseensevsvessnesssnsensseesevsrserasspenersees	somona
production-1992-vol3	2219	26.0	vemuta	<<vemuta>> oo eeeeesccssseessesesccvsescnscesntecsnsesssevsecerseeensesssens	veduta
production-1992-vol3	2220	5.2	hles	los ange <<hles>> csscsscessessssseesserescsvsesesesencersssvensversvess	ales|bles|cles|eles|fles|gles
production-1992-vol3	2220	8.1	friposa	ma <<friposa>> ssssssecesessenresscessersessesersevsvessevavseesveracess	mariposa
production-1992-vol3	2220	9.0	mendocind	<<mendocind>> csesesecsessesssessescesescssesesessenserscacsecensscesees	mendocino
production-1992-vol3	2220	16.0	otanbe	<<otanbe>> sssescesestssssstsnevevecssesseeesesereesversenensseenenensseeenenenes	orange
production-1992-vol3	2220	30.0	shhastar	<<shhastar>> ccscsssseccseesesesssrescsesseenesssesessecesecresuseesessessensreess	shasta
production-1992-vol3	2220	36.0	suled	<<suled>> oo cee eesessceseecsccencesessessenserseesvsnsesnesesersenserseeresees	guled|puled|ruled|sled|slued|soled
production-1992-vol3	2220	39.0	tuolumine	<<tuolumine>> ooo eescecccssssveceveecossveccescesscosvensvsscrsecaessseees	tuolumne
production-1992-vol3	2220	41.0	yoio	<<yoio>> essscssesecssccseessevsecsscsesseereeceessersessscnsessrsesssserssenesstens	moio|oio|woio|yio|yobo|yodo
production-1992-vol3	2221	48.0	rrnh	<<rrnh>>	ranh|rnh|rrh|rrn|rrna
production-1992-vol3	2229	23.0	alamehca	<<alamehca>> ccccccccsccscscsecsscressessecsecesesssssseseeressesssressesees	alameda
production-1992-vol3	2229	28.0	clusa	<<clusa>> cescsccsccesessesssneceeerersecesessesenecnsssesesneorssreseseeneen	calusa|causa|clausa|clsa|clura|clus
production-1992-vol3	2229	37.0	keyrnn	<<keyrnn>> cecccssssecescsesvevsosessencecessesersenserscnasesesssevsneessesevers	kern
production-1992-vol3	2229	39.0	lassem	<<lassem>> cescesccecsessecsersersrsccnevsrcerscnseersersenesenseersestecnteate	assem|bassem|jassem|kassem|lasse|lassen
production-1992-vol3	2229	43.0	matiposa	<<matiposa>> cescceecscssesssssessensssersecesnscsersesnasnsssensensenes	mariposa
production-1992-vol3	2229	44.0	mencoocino	<<mencoocino>> ceccssesseeceeesersecssessecvssescncersereeneesserenee	mendocino
production-1992-vol3	2230	1.0	monmetey	<<monmetey>> seescsessessnecsecserenseseesseersessersvaeasesssetseveeres	monterey
production-1992-vol3	2230	4.0	otanze	<<otanze>> ceeeesesvserseseenseresssseasesenseeessvassevaevnenesavaneass	orange|stanze
production-1992-vol3	2230	6.0	phuimas	<<phuimas>> oo eecesessesscccerevseseverencorresessevsveessersersesesseencersens	plumas
production-1992-vol3	2230	20.0	sictta	<<sictta>> o ceecssssussucssessvesseersnveotvenveseeseuvseenseesnevussunsserseeeess	sitta
production-1992-vol3	2230	21.0	sisklyou	<<sisklyou>> esseeessecenesssersevnenecsesscssssersessessessessternesnees	siskiyou|siskyou
production-1992-vol3	2230	24.0	suiulet	<<suiulet>> ce ccesseescveeccessecsseesssensnecsnevsetsevecsseesesseeseesenes	sublet
production-1992-vol3	2230	27.1	olumine	tu <<olumine>> o ececesescsssseseseecsessseessscsseresesesensseesesessenees	alumine|lumine|olumide
production-1992-vol3	2243	23.6	heermanni	a morro bay kangaroo rat dipodomys <<heermanni>> morroensis	heermann
production-1992-vol3	2243	30.5	sieboldi	f pacific right whale eubalaena <<sieboldi>>	siebold
production-1992-vol3	2243	33.3	luscus	i wolverine gulo <<luscus>>	cuscus|fuscus|lucus|lusus|ruscus
production-1992-vol3	2244	24.9	prehunt	until the licensee has successfully completed a <<prehunt>>	prehaunt
production-1992-vol3	2248	4.0	chotl	<<chotl>> ceescscescccrsevececrssecersaesenssccessecrsesereuccessessseneseresenees	choel|choil|chol|chool|chot|chota
production-1992-vol3	2248	6.0	ctad	<<ctad>> ooec ceeccsssecsseveseccsceersssevesreecsenssseeeseccsersssseceeeseversnss	caad|cad|ccad|chad|clad|coad
production-1992-vol3	2248	6.1	ooec	ctad <<ooec>> ceeccsssecsseveseccsceersssevesreecsenssseeeseccsersssseceeeseversnss	oec|ooc|ooe|ooey|opec|otec
production-1992-vol3	2262	16.5	bronzan	not intend to use any <<bronzan>> mccorquodale funds pursuant to	bronzen
production-1992-vol3	2270	40.7	kreutzfeldt	disease multiinfarct disease pick s disease and <<kreutzfeldt>> jakob s	creutzfeldt
production-1992-vol3	2276	42.2	bronzan	part the <<bronzan>> mccorquodale act	bronzen
production-1992-vol3	2278	49.0	panrio	<<panrio>>	sanrio
production-1992-vol3	2284	24.0	bronzan	<<bronzan>> mccorquodale contract agency	bronzen
production-1992-vol3	2284	34.0	bronzan	<<bronzan>> mccorquodale contract agency	bronzen
production-1992-vol3	2286	15.4	nonduplicative	formats for a statewide <<nonduplicative>> client based information	nonduplication
production-1992-vol3	2292	0.0	adamha	<<adamha>> block grant and other topics as needed	adama|adamah|adams
production-1992-vol3	2295	41.0	fyosno	<<fyosno>> cessesscesesesseeesvavsesencsssavesestevassensvssaversenenteerseesnsess	fresno
production-1992-vol3	2295	43.1	perrial	tm <<perrial>> sccscsseessoesecvsssenscserescsonenesssnnsncsenesssevsvarsensess	cerrial
production-1992-vol3	2296	5.0	maripsa	<<maripsa>> ou sc csssssesseseccescseseecseevacaveveearseecorssavetaesecaseeeetsenes	mariposa|marisa|marissa|maritsa
production-1992-vol3	2296	7.0	melce	<<melce>> sccecscsscsscsccessscrevssessceseensevscceteserestssrserssereeresenerses	elce|kelce|meece|melch|melco|mele
production-1992-vol3	2296	29.0	sictta	<<sictta>> oo ccc sseccesessseseseccescecsesecseseeecsssccsseerscssecerssesesessesessness	sitta
production-1992-vol3	2296	31.0	solamo	<<solamo>> secessssvcvsvcessssersersssvsevseceusesevscesusesrescsessentsnsesserseensenss	salamo|solano|solaro
production-1992-vol3	2297	30.0	clusa	<<clusa>> ceeceeseecescssessecsecessee sesseessensecsrenececseesesssceneecenees	calusa|causa|clausa|clsa|clura|clus
production-1992-vol3	2297	33.5	cevens	el dorado oo eeeesescsscssestseee censscscneevsscassnensvevensneavens <<cevens>>	ceven|covens|devens|evens|levens|sevens
production-1992-vol3	2298	11.0	sactamenlo	<<sactamenlo>> ssesesseserseesserscseesceneseneecsssesetererevsvressesssees	sacramento
production-1992-vol3	2298	24.0	sisskivou	<<sisskivou>> cccccsccssesssssessesssesescsesssvsesenesessvesseecessestatseaseesees	siskiyou
production-1992-vol3	2298	31.1	uimne	tuo <<uimne>> ecscceessensesessneesencnevesneecearsrsveevavsceerersceeraseers	timne
production-1992-vol3	2321	23.11	deglet	grown the three most popular being the <<deglet>>	degler|delet|devlet|leglet|peglet|reglet
production-1992-vol3	2321	24.5	zahidi	noor the medjool and the <<zahidi>> and	wahidi|zahedi|zahid|zahida|zaidi
production-1992-vol3	2322	43.1	qrst	bra <<qrst>>	arst|brst|crst|erst|frst|irst
production-1992-vol3	2330	0.1	rbas	whe <<rbas>> african american units served in numerous battles	abas|bas|bras|cbas|dbas|ebas
production-1992-vol3	2336	14.1	amae	education <<amae>> drawing upon mexico s traditional e dia	aae|aame|adae|ajae|alae|ama
production-1992-vol3	2357	1.4	nconracial	whereas this coalition is <<nconracial>> nondenominational and	nonracial
production-1992-vol3	2365	27.8	katsuyo	by kimberly chin from the compilation of <<katsuyo>> howard	katsuo|katsuya
production-1992-vol3	2365	36.5	emanub	the direction of dr edward <<emanub>> and	emanu
production-1992-vol3	2384	15.0	nonduplicative	<<nonduplicative>> attack on drug and alcohol abuse and	nonduplication
production-1992-vol3	2385	19.3	cornbustion	whereas fossil fuel <<cornbustion>> has been and is projected by	combustion
production-1992-vol3	2401	22.6	aftertax	insurance they must do so with <<aftertax>> dollars and	aftertan
production-1992-vol3	2402	14.1	calfarm	federation <<calfarm>> insurance the california chiropractic	alarm
production-1992-vol3	2402	15.3	goelitz	association the herman <<goelitz>> candy company and the attorney	goerlitz|gorlitz
production-1992-vol3	2417	6.3	npias	integrated airport systems <<npias>> priorities should be defined in	naias|nias|nipas|npas|npis|pias
production-1992-vol3	2417	11.7	npias	criteria to determine which airports in the <<npias>> are of national	naias|nias|nipas|npas|npis|pias
production-1992-vol3	2417	13.8	spias	a statewide plan of integrated airport systems <<spias>>	pias|shias|sias|spas|speas|spics
production-1992-vol3	2418	30.6	allexey	senate concurrent resolution no relative to <<allexey>>	alexey
production-1992-vol3	2418	33.1	allexey	whereas <<allexey>> waldemar von schmidt a russian emigrant	alexey
production-1992-vol3	2419	18.9	allexey	question and in the united states awarded <<allexey>>	alexey
production-1992-vol3	2419	32.3	allexey	plaque dedicated to <<allexey>> waldemar von schmidt to be placed	alexey
production-1992-vol3	2431	37.5	reschedulings	program and despite these widespread <<reschedulings>> only	rescheduling
production-1992-vol3	2443	42.1	onedio	e <<onedio>>	onedin
production-1992-vol3	2464	39.1	qeorn	bee <<qeorn>>	beorn|quorn
production-1992-vol3	2466	0.0	tralming	<<tralming>> ana	training|tramming
production-1992-vol3	2476	24.0	zehh	<<zehh>> of november	ehh|mehh|zech|zeh|zehn|zehr
production-1992-vol3	2476	33.0	saliforn	<<saliforn>> secretary of state	californ|salicorn
production-1992-vol3	2477	34.0	iforn	<<iforn>> ie	form|forn|ifor|iford
production-1992-vol3	2478	8.0	proclanatior	<<proclanatior>>	proclamation
production-1992-vol3	2478	31.1	uitress	in <<uitress>> whereof i have hereunto set wy hand	untress
production-1992-vol3	2478	41.0	aliforn	<<aliforn>> secretary of state	alicorn|aliform|californ
production-1992-vol3	2479	11.7	vbich	whereas on account of san extraordinary occasion <<vbich>> has arisen and now	bich|vich|vuich
production-1992-vol3	2479	34.0	liforn	<<liforn>> secretary of state	licorn|lion
production-1992-vol3	2480	38.0	lifor	<<lifor>> secretary of state	cifor|ifor|libor|licor|lifer|lifo
production-1992-vol3	2517	0.0	nomusse	<<nomusse>>	nonuse
production-1992-vol3	2539	0.0	repeadied	<<repeadied>>	repealed
production-1992-vol3	2544	22.1	supplification	application <<supplification>> committee	simplification
production-1992-vol3	2554	0.0	immedlatery	<<immedlatery>>	immediately
production-1993-vol2	2	49.0	rorol	<<rorol>>	corol|korol|rool|roral|roro|rosol
production-1993-vol2	9	48.0	randh	<<randh>>	andh|bandh|ranch|rand|randa|randb
production-1993-vol2	28	47.0	raron	<<raron>>	aaron|aron|arron|baron|caron|daron
production-1993-vol2	42	49.0	ranri	<<ranri>>	anri|banri|kanri|rabri|randi|rangi
production-1993-vol2	50	49.0	raqrq	<<raqrq>>	rare
production-1993-vol2	55	47.0	rarqh	<<rarqh>>	march
production-1993-vol2	68	41.0	benr	<<benr>>	bear|bedr|beer|behr|beir|ben
production-1993-vol2	73	41.0	rroon	<<rroon>>	aroon|broon|croon|kroon|roon|rron
production-1993-vol2	76	42.0	rrron	<<rrron>>	arron|erron|rron|ryron
production-1993-vol2	80	12.7	cotrustees	where hostility or lack of cooperation among <<cotrustees>>	cotrustee
production-1993-vol2	86	48.0	rronn	<<rronn>>	bronn|cronn|ronn|rron
production-1993-vol2	87	42.0	sromy	<<sromy>>	from|romy
production-1993-vol2	90	47.0	sroen	<<sroen>>	broen|groen|roen|shoen|soen|soren
production-1993-vol2	97	47.0	rbieq	<<rbieq>>	brief
production-1993-vol2	98	48.0	ptae	<<ptae>> nh	pae|pate|phae|plae|prae|pta
production-1993-vol2	102	43.0	eeron	<<eeron>>	aeron|beron|deron|earon|ebron|eero
production-1993-vol2	104	48.0	sarrn	<<sarrn>>	garrn|saran|saren|sarin|sarn|saron
production-1993-vol2	107	41.0	eragh	<<eragh>>	bragh|each|erah|erath|ergh|kragh
production-1993-vol2	109	41.0	seeen	<<seeen>>	beeen|sceen|seben|seee|seeed|seeee
production-1993-vol2	116	45.0	rarrh	<<rarrh>>	arrh|rarr
production-1993-vol2	117	39.0	brren	<<brren>>	arren|baren|barren|beren|biren|boren
production-1993-vol2	124	12.0	peardale	<<peardale>> chicago park fire protection district the rough	weardale
production-1993-vol2	134	48.0	rtera	<<rtera>>	ptera|rera|riera|rter|tera
production-1993-vol2	157	28.0	ernployees	<<ernployees>>	employees
production-1993-vol2	157	49.0	rqran	<<rqran>>	reran|roran
production-1993-vol2	159	42.0	eqerq	<<eqerq>>	every
production-1993-vol2	172	0.0	hehcopter	<<hehcopter>> assistance	helicopter
production-1993-vol2	183	47.0	rorrd	<<rorrd>>	board
production-1993-vol2	187	42.0	eqrg	<<eqrg>> n	erg
production-1993-vol2	203	47.0	bonbed	<<bonbed>>	bobbed|bombed|bonded|boned|bonged|bonked
production-1993-vol2	205	37.0	lassem	<<lassem>> scscsesssseesestessessssesseneenevsevnesecsessssencesensenvensestereseseneas	assem|bassem|jassem|kassem|lasse|lassen
production-1993-vol2	205	40.0	mafipoa	<<mafipoa>> s esvecesssssccevssseseserenssesessvssavsesssecsssvevassssevsvnoneess	mariposa
production-1993-vol2	206	5.0	sictta	<<sictta>> ssssesecesssceresessseersccatensstcnsssensersnsenserseseveasensevsreoseessersrs	sitta
production-1993-vol2	206	8.0	sotmoma	<<sotmoma>> sseesessescecssecsecssessesssersssssersesnscassrsensssesenacesspsnerassnessese	sonoma
production-1993-vol2	206	9.0	suecol	<<suecol>> ceccsssccesssesssvsseessssresensestssscasesssasseneenetsrecssseesesnserensens	suscol
production-1993-vol2	206	21.0	memcocino	<<memcocino>> ceccssesecversessessceseeesecsevssecenseeesnecerserserasenesens	mendocino
production-1993-vol2	206	26.0	yoio	<<yoio>> ecescesseccrevsecsscessenecssonsevnevseesseessosesessonassressecsneorsveasenens	moio|oio|woio|yio|yobo|yodo
production-1993-vol2	209	19.1	nondisputed	only <<nondisputed>> final tax liabilities shall be considered for	undisputed
production-1993-vol2	211	36.2	shobi	sword any <<shobi>> due any air gauge knife any writing	chobi|dhobi|hobi|shabi|shoba|shobe
production-1993-vol2	216	19.6	shobi	as used in this section a <<shobi>> due means a staff crutch	chobi|dhobi|hobi|shabi|shoba|shobe
production-1993-vol2	235	8.7	nonpersonnel	amendments of p l or from the <<nonpersonnel>>	nonpersonal
production-1993-vol2	274	45.0	eltta	<<eltta>>	elata|elita|elta|etta|letta
production-1993-vol2	299	47.0	raagh	<<raagh>>	aaagh|aagh|praagh|raaah|raag|raaga
production-1993-vol2	304	48.0	blatiin	<<blatiin>>	lation
production-1993-vol2	313	47.0	benrd	<<benrd>>	beard|benard|bend|berd|bernd
production-1993-vol2	318	10.0	nejedly	<<nejedly>> hart state urban and coastal park	needly|needy
production-1993-vol2	318	34.0	bsan	<<bsan>>	asan|baan|ban|basan|bean|besan
production-1993-vol2	326	48.0	bxesn	<<bxesn>>	been
production-1993-vol2	329	10.1	onjuly	b <<onjuly>> investigators within the state department of	ofjuly
production-1993-vol2	341	49.0	bebdro	<<bebdro>>	pedro
production-1993-vol2	358	5.5	thiosulfite	sodium bisulfite sodium metabisulfite sodium <<thiosulfite>> ferrous	thiosulfate
production-1993-vol2	358	47.0	bbeso	<<bbeso>>	beso|best
production-1993-vol2	360	27.8	microetch	objects cleaners and conditioners do not include <<microetch>>	microtech
production-1993-vol2	360	48.0	bbend	<<bbend>>	abend|bend|blend|brend
production-1993-vol2	361	18.0	demulsification	<<demulsification>> as allowed by this section	emulsification
production-1993-vol2	361	48.0	bbbr	<<bbbr>>	abbr|bbb|bbbb|bbbs|bbr
production-1993-vol2	363	48.0	rerd	<<rerd>>	berd|cerd|erd|ferd|gerd|herd
production-1993-vol2	369	47.0	brran	<<brran>>	arran|baran|barran|beran|biran|boran
production-1993-vol2	370	47.0	bbrt	<<bbrt>>	bart|bbr|bbrc|bbt|bbut|bert
production-1993-vol2	371	47.0	bbron	<<bbron>>	baron|beron|biron|boron|bron|buron
production-1993-vol2	383	27.5	thiosulfite	sodium bisulfite sodium metabisulfite sodium <<thiosulfite>> ferrous	thiosulfate
production-1993-vol2	386	2.8	microetch	objects cleaners and conditioners do not include <<microetch>>	microtech
production-1993-vol2	389	48.0	rutam	<<rutam>>	iutam|retam|rupam|rustam|ruta|rutan
production-1993-vol2	399	41.0	eacory	<<eacory>>	factory
production-1993-vol2	422	48.0	breod	<<breod>>	bread|bred|breed|brend|breon|brod
production-1993-vol2	424	45.0	breb	<<breb>>	beb|beeb|bieb|bleb|brab|brb
production-1993-vol2	463	48.0	pooiwn	<<pooiwn>>	potion
production-1993-vol2	493	48.0	itdoan	<<itdoan>>	indian
production-1993-vol2	501	4.1	inany	c <<inany>> year in which the board is not	imany|inan|inand|inane|inang|inay
production-1993-vol2	539	0.5	dusimesses	small to m gs ze <<dusimesses>>	businesses
production-1993-vol2	539	7.1	itisin	f <<itisin>> the interest of the legislature and the	irisin|raisin
production-1993-vol2	577	47.0	foonw	<<foonw>>	foon|foong
production-1993-vol2	605	47.0	faqoh	<<faqoh>>	faqih
production-1993-vol2	611	47.0	rord	<<rord>>	bord|cord|ford|gord|hord|jord
production-1993-vol2	613	42.0	rrqn	<<rrqn>>	rrn|rron
production-1993-vol2	619	46.4	warwork	a engage in civilian <<warwork>> pursuant to mandatory order of	warworn|waxwork
production-1993-vol2	623	44.0	diveth	<<diveth>>	dieth|giveth|liveth
production-1993-vol2	638	42.0	pilram	<<pilram>>	pigram|pilgram
production-1993-vol2	645	15.1	bayfair	a <<bayfair>> east livermore	affair|mayfair|wayfair
production-1993-vol2	647	1.1	bayfair	a <<bayfair>> east livermore	affair|mayfair|wayfair
production-1993-vol2	663	0.0	aerendant	<<aerendant>>	defendant
production-1993-vol2	676	23.5	freightline	car drawing room car freight <<freightline>> refrigerator oil stock	freightliner
production-1993-vol2	687	0.0	preplea	<<preplea>> investigation and preparing any preplea report pursuant	presley
production-1993-vol2	687	0.5	preplea	preplea investigation and preparing any <<preplea>> report pursuant to	presley
production-1993-vol2	689	15.0	preplea	<<preplea>> investigation and preparing any preplea report pursuant	presley
production-1993-vol2	689	15.5	preplea	preplea investigation and preparing any <<preplea>> report pursuant to	presley
production-1993-vol2	691	36.0	preplea	<<preplea>> investigation and preparing any preplea report pursuant	presley
production-1993-vol2	691	36.5	preplea	preplea investigation and preparing any <<preplea>> report pursuant to	presley
production-1993-vol2	694	5.0	preplea	<<preplea>> investigation and preparing any preplea report pursuant	presley
production-1993-vol2	694	5.5	preplea	preplea investigation and preparing any <<preplea>> report pursuant to	presley
production-1993-vol2	694	48.0	rfan	<<rfan>>	afan|arfan|fan|fran|ifan|irfan
production-1993-vol2	704	38.0	nonowned	<<nonowned>> automobile coverage	nonowner
production-1993-vol2	717	39.0	poam	<<poam>>	boam|foam|loam|noam|oam|paam
production-1993-vol2	718	41.1	officerships	directorships <<officerships>> and trusteeships of business and	officership
production-1993-vol2	720	47.0	foaqn	<<foaqn>>	loan
production-1993-vol2	735	41.0	rgnn	<<rgnn>>	gnn|rann|renn|rgn|rinn|rnn
production-1993-vol2	744	47.0	rqnam	<<rqnam>>	rnam
production-1993-vol2	746	9.5	crossflows	of bicycles and pedestrians with <<crossflows>> by motorists minimized	crossflow
production-1993-vol2	746	13.6	crossflows	prohibited but with vehicle parking and <<crossflows>> by pedestrians	crossflow
production-1993-vol2	751	36.0	anegon	<<anegon>>	aegon|oregon
production-1993-vol2	756	48.0	rnrod	<<rnrod>>	rrod
production-1993-vol2	757	49.0	angkn	<<angkn>>	angin|angka
production-1993-vol2	795	22.1	ifitis	b <<ifitis>> found that the person has been convicted	fits|initis|iritis
production-1993-vol2	796	26.9	intercommunications	persons of normal hearing by way of <<intercommunications>>	intercommunication
production-1993-vol2	796	42.0	rorm	<<rorm>>	borm|corm|dorm|form|gorm|horm
production-1993-vol2	805	44.0	roqrl	<<roqrl>>	roll
production-1993-vol2	810	49.0	ranrn	<<ranrn>>	ranen|rann|ranon
production-1993-vol2	856	49.0	rabrn	<<rabrn>>	raban|raben|rabin|rabon|raborn|rabri
production-1993-vol2	864	0.0	tepeaied	<<tepeaied>>	repealed
production-1993-vol2	867	49.0	reyrn	<<reyrn>>	return|reyn
production-1993-vol2	869	28.0	bronzan	<<bronzan>> mccorquodale contract agency	bronzen
production-1993-vol2	869	38.0	bronzan	<<bronzan>> mccorquodale contract agency	bronzen
production-1993-vol2	871	48.0	rerqar	<<rerqar>>	rear
production-1993-vol2	876	40.0	qrra	<<qrra>>	arra|erra|irra|orra|qara|qra
production-1993-vol2	887	48.0	qeorn	<<qeorn>>	beorn|quorn
production-1993-vol2	889	8.6	ifany	subdivisions g h i and j <<ifany>> hospital qualifies under more	fany|ifan|ifans|imany|ivany|ofany
production-1993-vol2	907	47.0	rratl	<<rratl>>	pratl
production-1993-vol2	909	47.0	rbko	<<rbko>>	rako|rbk|rbo|reko|riko|rko
production-1993-vol2	918	47.0	rbtso	<<rbtso>>	ratio|ratso
production-1993-vol2	933	45.0	rtred	<<rtred>>	rared|rted|tred
production-1993-vol2	942	42.0	qtek	<<qtek>>	dtek|itek|qte|quek|tek
production-1993-vol2	949	47.0	qioan	<<qioan>>	ioan|qian
production-1993-vol2	964	36.9	sitings	to local education agencies impacted by prison <<sitings>>	sidings|siftings|siting|sittings|sizings|stings
production-1993-vol2	969	42.0	rrcon	<<rrcon>>	arcon|orcon|racon|recon|ricon|rron
production-1993-vol2	970	2.7	noninmate	assault by a life prisoner on a <<noninmate>> assault with a deadly	nominate
production-1993-vol2	971	38.7	noninmate	assault by a life prisoner on a <<noninmate>> assault with a deadly	nominate
production-1993-vol2	971	47.0	rrran	<<rrran>>	arran|orran|reran|roran
production-1993-vol2	1010	48.0	gggan	<<gggan>>	eggan|gagan|gaggan|gigan|gogan|goggan
production-1993-vol2	1013	43.1	nocharter	b <<nocharter>> shall be granted under this part that	noncharter
production-1993-vol2	1033	48.0	onkgon	<<onkgon>>	oregon
production-1993-vol2	1043	47.0	nrrn	<<nrrn>>	narn|nern|norn|nren|nrn|nrr
production-1993-vol2	1046	48.0	onern	<<onern>>	nern|onen|oner|onera|onery|overn
production-1993-vol2	1052	18.1	seriology	g <<seriology>> test for syphilis	semiology|serology
production-1993-vol2	1098	5.0	cobey	<<cobey>> work furlough law section is authorized for	cobby|cobe|coben|cober|cobley|coby
production-1993-vol2	1099	28.9	nonsecure	camp work furlough facility or any other <<nonsecure>>	insecure
production-1993-vol2	1110	48.0	goasn	<<goasn>>	goan|goans
production-1993-vol2	1170	45.1	wistat	roe <<wistat>>	istat|wista|wistar|wistit
production-1993-vol2	1201	41.0	oskeo	<<oskeo>>	asked|osseo|osteo|skeo
production-1993-vol2	1206	43.0	obred	<<obred>>	bored|bred|oared|obed|obree|orbed
production-1993-vol2	1211	42.0	obded	<<obded>>	boded|obed|oded|orded
production-1993-vol2	1212	49.0	ognen	<<ognen>>	gonen|ogden|ogen|ognjen|ogren|ogwen
production-1993-vol2	1221	41.0	orrrn	<<orrrn>>	orran|orren|orrin|orrr|orrrr
production-1993-vol2	1224	39.7	noninmate	assault by a life prisoner on a <<noninmate>>	nominate
production-1993-vol2	1226	20.7	noninmate	assault by a life prisoner on a <<noninmate>>	nominate
production-1993-vol2	1227	45.7	noninmate	assault by a life prisoner on a <<noninmate>>	nominate
production-1993-vol2	1228	48.0	orro	<<orro>>	arro|borro|corro|erro|forro|horro
production-1993-vol2	1229	20.7	noninmate	assault by a life prisoner on a <<noninmate>>	nominate
production-1993-vol2	1229	47.0	orkron	<<orkron>>	oregon|orkhon
production-1993-vol2	1238	45.0	orro	<<orro>>	arro|borro|corro|erro|forro|horro
production-1993-vol2	1240	49.0	ogord	<<ogord>>	gord|ogor|oord
production-1993-vol2	1279	47.0	ganen	<<ganen>>	banen|gaben|gaden|gaen|gagen|galen
production-1993-vol2	1294	49.0	orknd	<<orknd>>	orand
production-1993-vol2	1297	48.0	ogzen	<<ogzen>>	gozen|ogden|ogen|ogren|ogwen|ozen
production-1993-vol2	1300	48.0	orerd	<<orerd>>	orderd|oread|ored
production-1993-vol2	1308	48.0	qrren	<<qrren>>	arren|orren
production-1993-vol2	1316	10.0	cetme	<<cetme>> sporter	ceme|cesme|cete|cette|getme|letme
production-1993-vol2	1331	38.0	ggnan	<<ggnan>>	gnan
production-1993-vol2	1443	18.7	noninmate	assault by a life prisoner on a <<noninmate>> assault with a deadly	nominate
production-1993-vol2	1445	1.7	noninmate	assault by a life prisoner on a <<noninmate>> assault with a deadly	nominate
production-1993-vol2	1470	30.7	noninmate	assault by a life prisoner on a <<noninmate>>	nominate
production-1993-vol2	1472	6.7	noninmate	assault by a life prisoner on a <<noninmate>>	nominate
production-1993-vol2	1473	30.7	noninmate	assault by a life prisoner on a <<noninmate>>	nominate
production-1993-vol2	1475	7.7	noninmate	assault by a life prisoner on a <<noninmate>>	nominate
production-1993-vol2	1600	0.2	victiin	or tae <<victiin>>	victini
production-1993-vol2	1607	43.7	noninmate	assault by a life prisoner on a <<noninmate>> assault with a deadly	nominate
production-1993-vol2	1609	26.7	noninmate	assault by a life prisoner on a <<noninmate>> assault with a deadly	nominate
production-1993-vol2	1635	5.7	noninmate	assault by a life prisoner on a <<noninmate>>	nominate
production-1993-vol2	1636	30.7	noninmate	assault by a life prisoner on a <<noninmate>>	nominate
production-1993-vol2	1638	7.7	noninmate	assault by a life prisoner on a <<noninmate>>	nominate
production-1993-vol2	1639	30.7	noninmate	assault by a life prisoner on a <<noninmate>>	nominate
production-1993-vol2	1640	0.0	boauy	<<boauy>> wyury	boaby|board|boaty|bouy
production-1993-vol2	1640	0.1	wyury	boauy <<wyury>>	jury|yury
production-1993-vol2	1669	0.9	nrearm	own possess control receive or purchase any <<nrearm>> for	prearm|rearm
production-1993-vol2	1688	39.7	noninmate	assault by a life prisoner on a <<noninmate>>	nominate
production-1993-vol2	1690	17.7	noninmate	assault by a life prisoner on a <<noninmate>>	nominate
production-1993-vol2	1691	45.7	noninmate	assault by a life prisoner on a <<noninmate>>	nominate
production-1993-vol2	1693	24.7	noninmate	assault by a life prisoner on a <<noninmate>>	nominate
production-1993-vol2	1695	2.7	noninmate	assault by a life prisoner on a <<noninmate>>	nominate
production-1993-vol2	1696	32.7	noninmate	assault by a life prisoner on a <<noninmate>>	nominate
production-1993-vol2	1698	11.7	noninmate	assault by a life prisoner on a <<noninmate>>	nominate
production-1993-vol2	1699	41.7	noninmate	assault by a life prisoner on a <<noninmate>>	nominate
production-1993-vol2	1719	0.3	aquaculturists	only from fishermen <<aquaculturists>> or importers holding current	aquaculturist
production-1993-vol2	1747	15.0	nonfixed	<<nonfixed>> wing aircraft within the previous two calendar	confined
production-1993-vol2	1766	0.3	swcepsltakes	to enter ine <<swcepsltakes>>	sweepstakes
production-1993-vol2	1781	45.7	rmpp	substantially identical may prepare a single generic <<rmpp>>	mpp|rapp|repp|ripp|rmbp|rmnp
production-1993-vol2	1790	0.3	acuon	completing the corrective <<acuon>>	aceon|acon|acron|acton|acuan|cuon
production-1993-vol2	1811	12.0	refilings	<<refilings>> modifications or supplements filed after july with	refiling|refinings
production-1993-vol2	1862	2.3	iwma	waste management account <<iwma>> includ	iama|ibma|icma|ifma|iima|ijma
production-1993-vol2	1886	18.4	cabco	california breast cancer organizations <<cabco>>	abco|cabio|cabo|caco|camco|capco
production-1993-vol2	1894	8.7	scaffoldings	e building standard does not include temporary <<scaffoldings>>	scaffolding
production-1993-vol2	1914	20.0	nonpersonnel	<<nonpersonnel>> costs substantiating that the adult education program	nonpersonal
production-1993-vol2	1926	39.1	enplanement	h <<enplanement>> means the boarding of an aircraft by	enplanements
production-1993-vol2	1977	39.3	erernee	probate investigator oo <<erernee>> asl	renee
production-1993-vol2	1984	0.0	momitot	<<momitot>> seecceserserecerroeveres d	monitor
production-1993-vol2	1985	41.0	shral	<<shral>> esseseseseseseevssseeesssserererscseereeeee ag	saral|seral|shal|sheal|shoal|shrab
production-1993-vol2	1986	0.3	cceree	civil process supervisor <<cceree>> d ts	cheree
production-1993-vol2	2049	34.2	repackagers	retailers hospitals <<repackagers>> providers or governmental entities	repackages
production-1993-vol2	2117	10.0	tperial	<<tperial>> ssssesssessssssesvsnsssssessssssevevescesersvsnessevavsssesevensoees	therial
production-1993-vol2	2117	15.0	maariposa	<<maariposa>> sssessssssesssesssessrsonssvessenssscsssssrssseseesenssseesonsseneosons	mariposa
production-1993-vol2	2117	24.0	solatio	<<solatio>> scsssesessesssesscerecsscesessesenevresessansonseresssesssentsenserssensecevers	solario|solatia|solation|solutio
production-1993-vol2	2117	26.0	suttet	<<suttet>> cccsscsssecsserscscesesssessensereesecsessssesenscesssenseosensenssecsseenses	suttee|sutten|sutter
production-1993-vol2	2119	3.0	buutte	<<buutte>> sesssessseecerensesevsscssssecessssevscvsssesessesensvsessevscsssnaseeeees	boutte|butte
production-1993-vol2	2119	5.0	clusa	<<clusa>> sssessssessssssescersssssesesssresnerestenenseresssccseseeseseessersseseeneses	calusa|causa|clausa|clsa|clura|clus
production-1993-vol2	2119	14.0	matsim	<<matsim>> s cscccssesseensesesecevreerseeeseseesseesseesevseesnsensenserssersensssnaseass	maksim|vatsim
production-1993-vol2	2119	15.0	matiposa	<<matiposa>> sssessssssseserereseesesseeseeessrsesssseserscnessssseseesenenesnereesees	mariposa
production-1993-vol2	2119	22.0	suctta	<<suctta>> cessccerscssccessecsseessecenseecsecsscesneeesnerseseensensusenteeeneseereeseees	sutta
production-1993-vol2	2119	25.0	somoma	<<somoma>> sessesesssceseserecsensecsscecesecseseecensenessensousssseveseserenseneneets	sfmoma|sodoma|somma|somona|somoza|sonoma
production-1993-vol2	2120	2.0	menaocino	<<menaocino>> sssesserseerssssessesssssssssessacsnssserensesensersersssossens	mendocino
production-1993-vol2	2131	37.7	sqgs	reduce the generation of hazardous waste by <<sqgs>> when it	sags|sdgs|segs|sgs|shgs|sigs
production-1993-vol2	2132	4.0	sqgs	<<sqgs>> and responsibilities for safely managing hazardous waste	sags|sdgs|segs|sgs|shgs|sigs
production-1993-vol2	2132	14.8	sqgs	industries in the county which qualify as <<sqgs>> and which	sags|sdgs|segs|sgs|shgs|sigs
production-1993-vol2	2132	24.9	sqgs	treatment shall be paid by the participating <<sqgs>> but	sags|sdgs|segs|sgs|shgs|sigs
production-1993-vol2	2133	12.0	sqgs	<<sqgs>> in the pilot project and of those	sags|sdgs|segs|sgs|shgs|sigs
production-1993-vol2	2135	11.5	railline	along the track of any <<railline>> owned or operated by a county	raillike|ralline
production-1993-vol2	2135	32.10	railline	the safe and efficient operation of the <<railline>>	raillike|ralline
production-1993-vol2	2161	23.8	cmsp	section to the extent that section authorizes <<cmsp>>	casp|ccsp|cesp|cfsp|cmap|cmp
production-1993-vol2	2167	20.5	pollicipes	i stalked or goose barnacles <<pollicipes>> sp	policies
production-1993-vol2	2167	21.5	nubilus	j giant acorn barnacle balanus <<nubilus>> or b aguila	jubilus|nubiles|nubilous|nubilum
production-1993-vol2	2167	22.3	lottia	k owl limpet <<lottia>> gigantea	lotta|lotti|lottie
production-1993-vol2	2167	24.5	trialata	m three winged murex pteropurpura <<trialata>>	trialate
production-1993-vol2	2167	25.3	simnia	n vidler s <<simnia>> simnia vidleri	signia|simi|simia|somnia
production-1993-vol2	2167	25.4	simnia	n vidler s simnia <<simnia>> vidleri	signia|simi|simia|somnia
production-1993-vol2	2167	25.5	vidleri	n vidler s simnia simnia <<vidleri>>	vider|vidler
production-1993-vol2	2167	31.4	melibe	iii lion s mouth <<melibe>> leonina	melike|meline
production-1993-vol2	2167	32.2	papillosa	iv aeolidia <<papillosa>>	papilloma|papillose|paxillosa
production-1993-vol2	2167	33.4	iodinea	v spanish shaw flabellina <<iodinea>>	iodine
production-1993-vol2	2167	37.2	agonidae	c family <<agonidae>> all poachers	agaonidae
production-1993-vol2	2183	31.3	reindustrialize	opportunities that will <<reindustrialize>> california the board	deindustrialize
production-1993-vol2	2202	0.0	aworls	<<aworls>>	worls
production-1993-vol2	2222	41.0	nonbid	<<nonbid>> basis with long term care insurers health	forbid|nonaid
production-1991-vol2	10	8.3	ncidq	interior design qualification <<ncidq>> examination no later than	acid
production-1991-vol2	28	48.0	bageh	<<bageh>>	badeh|bage|bagel|bages|bagh|bateh
production-1991-vol2	33	42.0	seenon	<<seenon>>	keenon|seeton|senon|sesnon
production-1991-vol2	38	17.0	bronzan	<<bronzan>> mccorquodale program nothing in this section shall	bronzen
production-1991-vol2	38	42.0	rroal	<<rroal>>	proal|roal|roral
production-1991-vol2	40	42.0	rrarl	<<rrarl>>	real
production-1991-vol2	49	48.0	beeil	<<beeil>>	beel|been|beil|beril|beveil|bevil
production-1991-vol2	55	48.0	smomn	<<smomn>>	somn
production-1991-vol2	58	47.0	reork	<<reork>>	recork|reorg|rework|rork
production-1991-vol2	69	47.0	reren	<<reren>>	beren|ceren|deren|eren|geren|heren
production-1991-vol2	71	48.0	beatld	<<beatld>>	beated|beatle
production-1991-vol2	85	48.1	ateys	par <<ateys>>	aleys|ates|attys|atys|aweys|mateys
production-1991-vol2	89	18.9	prehunt	until the licensee has successfully completed a <<prehunt>>	prehaunt
production-1991-vol2	106	36.5	policyowners	b patterns of action by <<policyowners>> who purchase replacement	policyowner
production-1991-vol2	123	48.0	reron	<<reron>>	aeron|beron|deron|eron|erron|feron
production-1991-vol2	130	47.0	eqoa	<<eqoa>>	ecoa|eoa|eqa|eqao|equa
production-1991-vol2	131	46.0	rroeh	<<rroeh>>	roth
production-1991-vol2	147	49.0	eqoa	<<eqoa>>	ecoa|eoa|eqa|eqao|equa
production-1991-vol2	148	47.0	bortf	<<bortf>>	bort|borte|borth|borts|borty|bortz
production-1991-vol2	154	44.0	sogen	<<sogen>>	bogen|cogen|dogen|hogen|isogen|kogen
production-1991-vol2	170	48.0	enann	<<enann>>	eann|enact|enan|enano|nann
production-1991-vol2	178	43.0	bobsd	<<bobsd>>	bobs|bobst
production-1991-vol2	182	37.0	nroer	<<nroer>>	broer|noer|roer
production-1991-vol2	232	8.3	preacademic	techniques of the <<preacademic>> learning needs of children of the ages	proacademic
production-1991-vol2	243	47.6	mulemen	the organization representing the horsemen or <<mulemen>>	muleman|mullen
production-1991-vol2	255	0.6	benent	complained of was for the public <<benent>>	bement|benen|benet|benett|bennet|berent
production-1991-vol2	278	48.0	gatel	<<gatel>>	batel|catel|datel|gabel|gael|gamel
production-1991-vol2	284	0.0	counhes	<<counhes>> including a city and county in proportion	couches
production-1991-vol2	287	41.0	grnon	<<grnon>>	arnon|ganon|gernon|grenon|gron
production-1991-vol2	300	42.0	rbic	<<rbic>>	bic|bric|cbic|ebic|hbic|jbic
production-1991-vol2	320	41.0	brrol	<<brrol>>	arrol|birol|brool|errol
production-1991-vol2	365	48.0	brdso	<<brdso>>	brdo
production-1991-vol2	381	40.0	bresn	<<bresn>>	been|brean|breen|brein|bren|brenn
production-1991-vol2	387	48.0	brted	<<brted>>	arted|bated|bred|breed|bried|rted
production-1991-vol2	402	41.5	nearsite	establishing or expanding onsite or <<nearsite>> centers by one or more	nearside
production-1991-vol2	406	19.5	nearsite	establishing or expanding onsite or <<nearsite>> centers by one or more	nearside
production-1991-vol2	413	43.0	gorsd	<<gorsd>>	gord|gored|gorod|gors|gorse|gorst
production-1991-vol2	435	47.0	wnaan	<<wnaan>>	naan|waan|wnan
production-1991-vol2	458	0.0	gistticts	<<gistticts>>	districts
production-1991-vol2	463	45.0	paarg	<<paarg>>	paar|paarl|parag
production-1991-vol2	477	15.0	anonperforated	<<anonperforated>> capped metal post or solid metal rod	nonperforated
production-1991-vol2	497	31.0	busline	<<busline>> an employee of a telephone company occupants	busine|buslines|bustline
production-1991-vol2	499	37.2	preexpansion	prealteration or <<preexpansion>> level	preexpulsion
production-1991-vol2	516	42.0	crutet	<<crutet>>	coutet|cruet|crute
production-1991-vol2	518	31.6	sliag	efforts to document and claim federal <<sliag>> funding for indigent	slag|slig|sling
production-1991-vol2	519	7.3	sliag	and fiscal years <<sliag>> claims for indigent health services	slag|slig|sling
production-1991-vol2	519	21.9	sliag	totaling more than percent of its estimated <<sliag>>	slag|slig|sling
production-1991-vol2	519	23.7	sliag	population multiplied by the amount of total <<sliag>> funds available	slag|slig|sling
production-1991-vol2	519	25.7	sliag	reasonable efforts to document and claim federal <<sliag>> funds as	slag|slig|sling
production-1991-vol2	519	28.8	sliag	population multiplied by the amount of total <<sliag>> funds	slag|slig|sling
production-1991-vol2	537	48.0	taabd	<<taabd>>	aabd|taxed
production-1991-vol2	538	0.0	montiny	<<montiny>> come	monthly|montigny|montin|montini
production-1991-vol2	540	47.1	alrql	ff <<alrql>>	april
production-1991-vol2	545	37.1	aoqan	tf <<aoqan>>	loan
production-1991-vol2	547	28.2	repackagers	retailers hospitals <<repackagers>> providers or governmental entities	repackages
production-1991-vol2	559	28.10	registerable	dogs being sold are registered or are <<registerable>> with	registrable
production-1991-vol2	559	36.0	registerable	<<registerable>> with a dog pedigree registry the following	registrable
production-1991-vol2	569	49.0	eerh	<<eerh>>	eech|eeeh|eeh|eer|eera|eere
production-1991-vol2	586	36.1	aistt	d <<aistt>>	aist|distt
production-1991-vol2	590	48.0	frlal	<<frlal>>	freal
production-1991-vol2	660	5.2	milias	the meyers <<milias>> brown act	ilias|lilias|milas|milia|milian|milis
production-1991-vol2	673	10.3	pumpout	state adequate vessel <<pumpout>> facilities are essential	purport
production-1991-vol2	686	25.3	eestor	from item oo <<eestor>>	bestor|lestor|nestor|restor|testor
production-1991-vol2	689	47.0	anern	<<anern>>	ahern|andern|aner|nern
production-1991-vol2	691	47.0	anren	<<anren>>	adren|agren|ahren|airen|anden|andren
production-1991-vol2	692	41.0	anaon	<<anaon>>	anan|anao|anaxon|ancon|andon|anion
production-1991-vol2	696	48.0	rnsro	<<rnsro>>	nrsro
production-1991-vol2	702	48.0	rngic	<<rngic>>	rogic
production-1991-vol2	703	48.0	enean	<<enean>>	aenean|elean|enan|endean|enea|eneas
production-1991-vol2	705	41.0	rngon	<<rngon>>	ragon
production-1991-vol2	706	47.0	enoan	<<enoan>>	enan|engan|enon|eoan|noan
production-1991-vol2	707	41.0	enoan	<<enoan>>	enan|engan|enon|eoan|noan
production-1991-vol2	712	32.7	nonbid	necessary therefore contracts entered into on a <<nonbid>> basis shall	forbid|nonaid
production-1991-vol2	753	32.4	inbay	and state efforts towards <<inbay>> and upland disposal options this	ibay|inay|inba|inbal|inbar|inby
production-1991-vol2	753	41.8	inbay	bay dredging and the physical impacts of <<inbay>> disposal to	ibay|inay|inba|inbal|inbar|inby
production-1991-vol2	757	47.0	aanen	<<aanen>>	aalen|aane|aasen|annen|banen|hanen
production-1991-vol2	768	0.8	enuty	governmental authority or any other person or <<enuty>>	enty
production-1991-vol2	778	48.0	ransc	<<ransc>>	ranc|rans|rasc
production-1991-vol2	797	0.1	zcto	be <<zcto>>	acto|cto|ecto|octo|zato|zeto
production-1991-vol2	801	39.4	agrefr	if you do not <<agrefr>> with ther above determined	agreer
production-1991-vol2	810	47.0	qronn	<<qronn>>	bronn|cronn|ronn
production-1991-vol2	815	48.0	rerqn	<<rerqn>>	reran|rerun
production-1991-vol2	817	47.0	qraan	<<qraan>>	graan|kraan|quraan|raan
production-1991-vol2	828	48.0	rzgen	<<rzgen>>	ragen|regen|rogen|rugen
production-1991-vol2	831	49.0	reoww	<<reoww>>	renew|reown
production-1991-vol2	834	47.0	rensn	<<rensn>>	renan|renin|renn|renon|rens|rense
production-1991-vol2	835	48.0	relto	<<relto>>	recto|relo|relot|resto|reto
production-1991-vol2	845	47.0	rbabd	<<rbabd>>	read
production-1991-vol2	847	47.0	rerin	<<rerin>>	aerin|berin|cerin|derin|erin|errin
production-1991-vol2	851	49.0	rbbed	<<rbbed>>	ebbed|rebed|ribbed|robbed|robed|rubbed
production-1991-vol2	854	47.0	retel	<<retel>>	betel|ertel|etel|gretel|ketel|metel
production-1991-vol2	856	48.0	grro	<<grro>>	arro|erro|garo|garro|gero|giro
production-1991-vol2	861	47.0	rrotd	<<rrotd>>	road|rrod
production-1991-vol2	867	41.4	nonduplicative	formats for a statewide <<nonduplicative>> client based information	nonduplication
production-1991-vol2	875	2.0	onand	<<onand>> after january any county may provide case	anand|inand|nand|oland|omand|onan
production-1991-vol2	879	47.0	qtek	<<qtek>>	dtek|itek|qte|quek|tek
production-1991-vol2	889	42.0	giomd	<<giomd>> cesscssessesesssseceeosesessenetesssseneneessesssssecseceesesseneesentes	good
production-1991-vol2	890	1.0	masriposa	<<masriposa>> s secseeseeresrensssesseeseessssesesesseesensesteesesnensnensetse	mariposa
production-1991-vol2	894	14.0	matfin	<<matfin>> scsessecsecersesccseccsecsceseseesctessesnscnsescessssseeasensessessees	matin|matlin
production-1991-vol2	894	15.0	mariposad	<<mariposad>> eecesceecseetecreeeerescoreeesseseeseserserecensseeeeereneenes	mariposa|mariposan|mariposas
production-1991-vol2	894	21.0	shrasta	<<shrasta>> scscsssssssccessesecsssnssessessssnessessensesssesenstersuesesersensneanss	shasta
production-1991-vol2	894	22.0	suctta	<<suctta>> o ececcecscecessceresscsssecnecccssecrsessersernscserencessssceseceateesenees	sutta
production-1991-vol2	895	4.0	menndocin	<<menndocin>> ccccccesececersessserseesseseseessstsssetstseresesereseeree	mendocino
production-1991-vol2	895	9.0	yoio	<<yoio>> woes eeesseesceecseeseecereteeeereeneneeeseseeestsssterteeseeseereeees	moio|oio|woio|yio|yobo|yodo
production-1991-vol2	896	19.0	callaveras	<<callaveras>> sccsccsssssscsserssssesessessesscssssecsesseresresresssssesevsesseveces	calaveras
production-1991-vol2	896	23.0	giomn	<<giomn>> scceesscsscecccessecscccsccsevenscascarsersecsecssesssevanvaseassavsscasons	gion
production-1991-vol2	896	27.0	lassem	<<lassem>> cssessecseesessssescensenssseuerseseesseosessstensenseneensenssrserseconens	assem|bassem|jassem|kassem|lasse|lassen
production-1991-vol2	896	28.0	macerad	<<macerad>> ssssessessssssescssesersseosencenesesnsssesscestenenssessseecsuceeersevners	macera|madera
production-1991-vol2	896	30.1	tiposa	ma <<tiposa>> sssssssserereeseevseseesserscassercecsevesssesvensevessvarsresssseess	taposa|tinosa|tipos|tips
production-1991-vol2	897	11.0	yoio	<<yoio>> o eeeeesecssescescsessessceetscsessseseencsessesceuscsessssencesseressenevscavevesses	moio|oio|woio|yio|yobo|yodo
production-1991-vol2	900	14.0	trmperia	<<trmperia>> eeeesseseessensesecsessecesevesssenesssssvecsseeneseevevnes	tempera
production-1991-vol2	900	23.0	menaocino	<<menaocino>> sccsessesssesserscensssscssecsecscessessevscccsteseserseerens	mendocino
production-1991-vol2	900	27.0	momntetey	<<momntetey>> esssessssescevscsesssssevsvsssensvseveversensesnenscsevenevssaves	monterey
production-1991-vol2	900	30.0	otanbe	<<otanbe>> eeceeeteesseesneveeevevsesenovsesencssnessnenseavassessassensesssess	orange
production-1991-vol2	900	31.0	pacel	<<pacel>> cscesssvesssvessscscesseresesssvesvacsscevssseveessvevsessnsessecrevavens	acel|facel|pacal|pace|paced|pacem
production-1991-vol2	900	34.0	sactamenlo	<<sactamenlo>> sesccsessesseescerscsscssecseeseececcessssvsecsesersecnsenses	sacramento
production-1991-vol2	901	7.0	tuolumine	<<tuolumine>> sssevsesersosssvsssosseneserseseesnennssensssvanessenennenss	tuolumne
production-1991-vol2	902	4.0	glemn	<<glemn>> cecesecseceveecssesersecsencssencenseseensssssersnestersesessreneeers	glean|gleen|glen|glenn|lemn
production-1991-vol2	902	7.0	kernh	<<kernh>> eescsssssscsssscssesssscsesssscsessesssesssssestoseesscssenssenecssensesees	kerch|kern|kerne|kerns|kersh
production-1991-vol2	902	14.0	mengocino	<<mengocino>> csscerecerecsesesrsecceversscnsersccsncensssensecssessees	mendocino
production-1991-vol2	902	24.0	sactameneo	<<sactameneo>> csecesscessscenccsessscescesererseanesessecereeeetestesses	sacramento
production-1991-vol2	902	40.0	stamislau	<<stamislau>> ccssscesssesessesessscsesensesesssesenenssrerseessarseses	stamislaus
production-1991-vol2	902	42.0	telrad	<<telrad>> seccessssscsscesseserseeesecsessseesensesesensensnecsceseneass	tetrad
production-1991-vol2	903	1.0	youo	<<youo>> vesessssssssscsssesvevssssesvevsvensssevssssensavsssseaeesevsesesssseeverseses	fouo|ouo|yobo|yodo|yogo|yoho
production-1991-vol2	906	48.0	eaenn	<<eaenn>>	eaen|eann
production-1991-vol2	907	8.0	alamehca	<<alamehca>> csceccossssscsssscressvressesersessvsevevsserevtersensseseesavseverses	alameda
production-1991-vol2	907	17.0	festio	<<festio>> secesseceevecsessescecersesesersesrsvsesesreseesensersessesenseeseesesee	festi|festin|festino|festo|restio
production-1991-vol2	907	29.0	menaociio	<<menaociio>> cssceserserresseresscsessetenrsseveeseesersetentersentenersecerse	mendocino
production-1991-vol2	907	40.0	sactameno	<<sactameno>> cecesessessesesreccecersessererestecseceesestesrsenssesescereats	sacramento
production-1991-vol2	908	5.0	sictia	<<sictia>> eesessessecsnesesenssseessensensensnesnencesecsscensensensensesscsessseennes	sitia|victim
production-1991-vol2	908	15.0	vommuta	<<vommuta>> eecesssserseesceceeerecensnssnsesssceessereesonserensesersessesseves	commute
production-1991-vol2	909	3.0	humboit	<<humboit>> sessecssseseesssesvenveseceevevssvevsessesesesessevansecesees	humboldt|humbolt
production-1991-vol2	909	12.0	matiposa	<<matiposa>> se eeeesssesseserevsesnseseeesestscecssresesssssenseavavevenetsenees	mariposa
production-1991-vol2	909	13.0	menaocino	<<menaocino>> csecseseescescesesscsecsrecevscvereeseensensrseseveesevercess	mendocino
production-1991-vol2	909	17.0	monhetey	<<monhetey>> sssccssesseescnsssseesssnesseceeceevscnnsveseasensesssenessensess	monterey
production-1991-vol2	909	22.0	rivetsige	<<rivetsige>> cccscesssssecevscvesscsessvsressversvseseversvesvasseneeserss cesses	riverside
production-1991-vol2	909	36.0	siskivou	<<siskivou>> cesssesesssssccesecsesseesescesssssesevessevensesseesseesseesseesnses	siskiyou
production-1991-vol2	909	38.0	sotioma	<<sotioma>> csscccsscscesssecnscesetecsnscessscessseenessensesensessseesrerssrensess	sonoma
production-1991-vol2	909	40.0	sulteyr	<<sulteyr>> ceccvesseccsverssvevseseeveeveeserseessescrseserssecersesesceneeserre	sulter
production-1991-vol2	912	4.0	fosmio	<<fosmio>> ccsescessesecessceeseecncscsecescessseccseersessrsenscensecseesneenates	folio|formio
production-1991-vol2	912	8.0	piacet	<<piacet>> oo eececscseescsescevseessecssesssseersecseesseseseecseessntessesssestseesnes	iacet|pacet|piace|piaget|placet
production-1991-vol2	912	10.0	sactamenio	<<sactamenio>> cccceseeceseececcnecesesevsnseessececessenecrsersnessersenss	sacramento
production-1991-vol2	912	35.0	tmperrial	<<tmperrial>> sseeesereseseveesssseescscrevsneveerescnsosveveeseasnesseerens	imperial
production-1991-vol2	912	41.0	matiposa	<<matiposa>> sssseseescecescesenseseceersessenstestenvecssssensensertertenes	mariposa
production-1991-vol2	913	0.0	dlacet	<<dlacet>> csreressnenenvececsvcceccescerenvereneevsentessessenseneeneenerseenereeess o	lacet|placet
production-1991-vol2	913	2.0	rivetsige	<<rivetsige>> eeceseececcsesseneeceerossecsesescesescencsesseseessnescenens	riverside
production-1991-vol2	913	11.0	sictt	<<sictt>> aq eeeeesseecsesecsesecsesonsenevsessvevensasscessscesssccnsssenessensseees	sicht|sicut|sitt
production-1991-vol2	913	12.0	siskiyoul	<<siskiyoul>> cccssesssesescsessesesesssesssssecestcsesensncsseasseseassesessenees	siskiyou|siskiyous
production-1991-vol2	913	16.0	suelel	<<suelel>> oo ee sesesscerennensenecseeseeeteessnessssesscssevessessevsnvensansas	sell|suell
production-1991-vol2	913	19.0	tuolummne	<<tuolummne>> ecevesserecersressenerecseessseetscaeseesseessaeesersaensees	tuolumne
production-1991-vol2	913	33.0	festio	<<festio>> eccscsessessecsrssnecnesscsevsecsenseecvsseesesssteseesessonsessonsnnes	festi|festin|festino|festo|restio
production-1991-vol2	913	35.0	hummboldt	<<hummboldt>> sesssssessssessssssssversnsserscssssensesssssvsvevensnsesvesers	humboldt
production-1991-vol2	913	41.1	fiposa	ma <<fiposa>> eesessessesseeeseecserecseeeenesserscsereesconsessnvenererseee	filosa
production-1991-vol2	914	4.0	sactameneo	<<sactameneo>> ssccceecsecseccesecesesnsessrtevsensecsersecscesessnssceneers	sacramento
production-1991-vol2	914	21.0	vemtuia	<<vemtuia>> ccccereesseesesevecsersensecessnecssrsecsseevcnesecencesceceeeseasees	ventura
production-1991-vol2	914	40.0	otanze	<<otanze>> oon ecscescsssssecceceeeseseesssceessccseonsenscassassessessesesenerneees	orange|stanze
production-1991-vol2	914	41.0	rivetsige	<<rivetsige>> cceeecsscssesescsereecvseerenscnscssersesserscesssncsssssessesveess	riverside
production-1991-vol2	914	42.0	sactamenuo	<<sactamenuo>> sseseeesecsssseconsevecsensecsserecsuevsrssevesscerenreccssres	sacramento
production-1991-vol2	915	1.0	stamislauss	<<stamislauss>> ssscsssessssssesscvsssvessessesserensverssessseevsereseesssss	stamislaus
production-1991-vol2	916	5.0	aipinne	<<aipinne>> sesesesesesesessenescsesessnvevevsvensassesssassssvensesasesens	alpine
production-1991-vol2	916	13.0	fesio	<<fesio>> sececsecsesresssessersecssensesensessessersescresesersescsers	desio|feio|ferio|fesco|festo|resio
production-1991-vol2	916	20.0	lassom	<<lassom>> oo scescssesseseesensceenevseersesesecsecsevsersecsevsersvsneeserses	lasso|lasson|lassos|lissom
production-1991-vol2	916	24.0	mapipoaa	<<mapipoaa>> seessesesescerscseevsesecrseesessecnessseseesseneesenss	mariposa
production-1991-vol2	916	25.0	mengocino	<<mengocino>> scesseccesescescseessssesscereescescsseecvessnseees	mendocino
production-1991-vol2	916	28.0	monhetey	<<monhetey>> eeeecseseesteeseersesesnsessessessessssesssesesenenses	monterey
production-1991-vol2	916	31.0	otanze	<<otanze>> cesessessesveneeessssenssevssevevsvavsesteenacssssssessseeeares	orange|stanze
production-1991-vol2	916	33.0	rivetsie	<<rivetsie>> sccecessecesceseecseessccscscsesrscrsccsesssevscesenvare	riverside
production-1991-vol2	916	34.0	sactamenio	<<sactamenio>> ccesscscssessccssesecssesscvscesessssesseesveenseses	sacramento
production-1991-vol2	917	11.0	venuta	<<venuta>> eects eeeseneececenseerscevsceevaneaseevasvervseresseseees	tenuta|veduta|veneta|venita|venta|venula
production-1991-vol2	917	11.1	eects	venuta <<eects>> eeeseneececenseerscevsceevaneaseevasvervseresseseees	ects|eecs|eets|ejects|elects|erects
production-1991-vol2	918	42.0	trnyo	<<trnyo>> cssossossssscccseesesssssssscesersnsssnsconesssesscsnnsssesseseeseussensse	inyo|tonyo
production-1991-vol2	919	14.0	sactamenlo	<<sactamenlo>> cssssseesecsessersesssertenesssssersrsesnesssrenereeees	sacramento
production-1991-vol2	919	32.0	telrad	<<telrad>> ou eccesescssscsensssssscecesessrensesseseresneneeseeeereseesses	tetrad
production-1991-vol2	919	34.0	tuolummne	<<tuolummne>> esecessssssesesecesesserscsesensnessesensseertetenees	tuolumne
production-1991-vol2	920	7.0	calave	<<calave>> as sssccvsscsvsessescssvsvssssssesssersssrsssensssseesseserseers	calade|calame|calavo|calve|casave|clave
production-1991-vol2	920	22.0	mafinn	<<mafinn>> ou ccesecsseseccsescscsesssecsssescsesesssessesecesssssecsesesenesenees	maginn|making
production-1991-vol2	920	23.1	tiposa	ma <<tiposa>> ssesecssvsecsesrsesscssesesvesesssseesscsnensessensesseseseees	taposa|tinosa|tipos|tips
production-1991-vol2	920	25.0	meiceg	<<meiceg>> cesecssesscesserccssesecessssecssenscsssesersrseerssevarencsecsees	merced
production-1991-vol2	920	34.0	rivetsige	<<rivetsige>> cccsssesseessessserscssssssesserssssersesseseessnsencnsseees	riverside
production-1991-vol2	921	5.0	suecol	<<suecol>> oo eecsssscrsescesenreeseressessenssarersrsesesnecsestentesersesetetes	suscol
production-1991-vol2	921	6.0	telrad	<<telrad>> ou ccesessssssescssesensersossernsersccsussenensensarsernenesaees	tetrad
production-1991-vol2	921	9.0	vemtuta	<<vemtuta>> ceescesseveresessesssecnsensessseccesesreersesresreentesserses	ventura
production-1991-vol2	924	1.0	cmsp	<<cmsp>> has increased and the factors impeding the	casp|ccsp|cesp|cfsp|cmap|cmp
production-1991-vol2	924	24.2	cmsp	counties designated <<cmsp>> counties and shall submit a report of	casp|ccsp|cesp|cfsp|cmap|cmp
production-1991-vol2	925	40.0	rorr	<<rorr>>	borr|corr|dorr|forr|gorr|horr
production-1991-vol2	934	22.0	trmperial	<<trmperial>> ceceessscsesssenesseensecssensesvessensnsseeessssonsosnense	imperial
production-1991-vol2	934	26.0	lassemn	<<lassemn>> cceccesessesscresscscvsccaucserezrevssesseasessscsescsssnesssensestesss	lassen
production-1991-vol2	934	28.0	maderar	<<maderar>> esscessssesssesssrescesesessensescnerseessecsssessenenseneessenseess	madera|maderas
production-1991-vol2	934	30.0	matiposa	<<matiposa>> sssesveeseesssersevesevecsereesvevevecessensseveesssssssessves	mariposa
production-1991-vol2	934	31.0	mendocin	<<mendocin>> ssseccereseseesssvssvsesssceecessnvecsavevsevssseencnseeve	mendocino
production-1991-vol2	934	40.0	sactameneo	<<sactameneo>> ou ceescsseesesseesseecscvessceecessessecsserseseeeeessees	sacramento
production-1991-vol2	935	7.0	sictia	<<sictia>> ccescescssecsececcesssrssceessecsevsnseseseersecsecnssnesensesseentenss	sitia|victim
production-1991-vol2	935	12.0	suieet	<<suieet>> cesccssessesseseerseresenecstessecsseseesevseserserersussereneeereas	subeet|sumeet
production-1991-vol2	935	46.0	roord	<<roord>>	boord|coord|foord|noord|oord|rood
production-1991-vol2	936	48.0	googn	<<googn>>	goign|goog|googe|googl|goon|goong
production-1991-vol2	955	39.5	mitigators	representing certified radon testers and <<mitigators>> to widely	litigators|mitigator|mitigatory
production-1991-vol2	958	35.0	onyor	<<onyor>>	mayor|oncor|onor|onyon|onyour
production-1991-vol2	975	5.7	navahoe	office by the california highway patrol at <<navahoe>> road at highway	navaho|navahoes|navahos
production-1991-vol2	976	40.0	olows	<<olows>>	blows|flows|folows|glows|lows|olowo
production-1991-vol2	1021	15.0	gawr	<<gawr>> on a nameplate affixed to the apparatus	awr|fawr|gaar|gabr|gaer|gahr
