production-1869-70	16	48.5	onseee	three approved march ccssecccerrcercererrerereeven budregy <<onseee>> te	onset
production-1869-70	17	16.5	aeener	rrosveee vvsvvveresevvenser oevessenenrvers sevens essere <<aeener>> pavevererers bematcvr	avener|keener|neener|teener|weener
production-1869-70	17	20.2	cigbt	and sixty <<cigbt>> approved murch t sc esseressens senate	igbt
production-1869-70	17	34.9	cunceming	to amend an act entitled an act <<cunceming>> roads and j	canceling
production-1869-70	17	51.4	cvolic	prevent the establishment of <<cvolic>> slavery approved	cholic|colic
production-1869-70	17	55.10	clainn	und the treasurer to pay o certain <<clainn>> h	clain|clann
production-1869-70	18	13.5	bunuec	sixty approved march l rerrccscccorescrrevsvesevorees <<bunuec>> soi bb	bunuel
production-1869-70	18	16.5	sodalc	proved march ccssvcesscrsvevee sonenesoone eveeevcsvvee <<sodalc>> crever	soda|sodaic
production-1869-70	18	20.0	lstu	<<lstu>> esscresseesssernessescsen serecsnee sesesereneceoseren serensscorrereves benute	kstu|latu|lotu|lssu|lst|lsta
production-1869-70	18	20.5	benute	lstu esscresseesssernessescsen serecsnee sesesereneceoseren serensscorrereves <<benute>>	beaute|belute|benote|bente|benue|beute
production-1869-70	18	27.7	evuee	dred and sixty threo approved march es <<evuee>> agtommbly	evee
production-1869-70	18	32.1	peveren	ssevvsveesvesvversee <<peveren>> vnerevens svveeenen venspeeen serene assembly	beveren|peverel|severe|severen
production-1869-70	18	40.3	isluad	san franvisev marc <<isluad>> vallojo aud benicia approved	issued
production-1869-70	18	40.4	vallojo	san franvisev marc isluad <<vallojo>> aud benicia approved	vallejo
production-1869-70	18	51.4	sonato	approved march ssceccreveveseeervees severevereee <<sonato>>	bonato|donato|lonato|nonato|senate|senato
production-1869-70	19	10.4	sovssess	into s cerseerersvecvcesnevensossvessrarcversevever cosvevere <<sovssess>> ronmusrreee bv	possess
production-1869-70	19	15.8	sunac	march r z esccsrerseeve cesses sssesssesvevers csveseeer <<sunac>> or bel	snac|sumac|suna|sunak|sunan|sunao
production-1869-70	19	23.5	bemate	mental thereto approved murch eessseeree <<bemate>>	beate|bedmate|belate|bemat|bemata|berate
production-1869-70	19	30.8	cnalc	und sixty three approve urch n eeveveceveene <<cnalc>> vor	calc|cnac|nalc
production-1869-70	19	31.7	scnat	dred und sixty th i d murch <<scnat>> wos	sanat|scant|scat|sceat|schat|scnt
production-1869-70	19	32.8	urnig	act extending the authority of bk tl <<urnig>> inte dietriet	unrig|uring|urning
production-1869-70	19	32.10	dietriet	the authority of bk tl urnig inte <<dietriet>>	district
production-1869-70	19	35.7	renute	ters relating thereto approved murch bto vo <<renute>>	rebute|refute|renate|repute
production-1869-70	19	53.6	crerss	approved march r l cccecssecer eevee <<crerss>> recess socsereeseee senate b z	cress
production-1869-70	20	7.2	secceee	approved march <<secceee>> scorers eveceen erence cerene asserably	succeed
production-1869-70	20	7.7	asserably	approved march secceee scorers eveceen erence cerene <<asserably>>	assembly
production-1869-70	20	10.6	absombly	approved murch s sessverccrveerrere severe coves <<absombly>>	assembly
production-1869-70	20	23.5	tohuma	of red bluff school district <<tohuma>> county for	tokuma|touma
production-1869-70	20	30.5	creveeses	march s eceees svseessee reeves <<creveeses>> sseesscsveessees seng roe b	reverses
production-1869-70	20	47.0	dollare	<<dollare>> duo from alpine county to amador county	collare|dollar|dollard|dollars
production-1869-70	21	12.10	jlenry	leave of absence from the state to <<jlenry>> l	jenry
production-1869-70	21	27.1	blarch	proved <<blarch>> svecevessreressvsses vossessen snstes opeeenoos assembly	barch|blach|blanch|blargh|blatch|larch
production-1869-70	21	42.5	absonve	an act grunting leave of <<absonve>> to w lb brown county	absolve
production-1869-70	22	5.0	gightevn	<<gightevn>> huwleel and fifty one approved march assembly	eighteen
production-1869-70	22	12.7	notariox	an act to inerenso the number of <<notariox>> public for tania	notario
production-1869-70	22	18.0	thorizo	<<thorizo>> the board of supervisors uf dol north	chorizo
production-1869-70	22	19.5	cronty	levy n epuciul tux und <<cronty>> o redemption fund for the	conty|crofty|crony|crotty
production-1869-70	22	29.2	erento	terey und <<erento>> u bounty therefor approvell march	erent|evento|trento
production-1869-70	22	31.4	sneere	sesesseesceseenserveegn resersowe sevvrenre oreeereseresesnensereee <<sneere>> assembly	sneer|sneered|sneerer|sneers|sneery|sneeze
production-1869-70	22	33.2	soaura	city of <<soaura>> approved april tenth eighteen hundred	saura
production-1869-70	22	34.7	esseecees	anil sixty two approved march ccs e <<esseecees>> assembly	essences
production-1869-70	22	37.0	wonal	<<wonal>> stute of said deceased became a law	conal|donal|gonal|monal|onal|ronal
production-1869-70	22	38.5	sveee	tional provision march c crcccesrvererernseseveee <<sveee>> bona le serves	seee|seeee|svee|sveen
production-1869-70	22	44.4	monoye	pay over certain school <<monoye>> to vortain school districts	monose|monye
production-1869-70	22	44.6	vortain	pay over certain school monoye to <<vortain>> school districts	mortain
production-1869-70	22	48.6	frogne	salary of tho county auditor of <<frogne>> county approved	frogner|progne
production-1869-70	22	52.0	bmpruved	<<bmpruved>> mureh ccccnceccecce coseorcoerececocceecsccocee assembly	improved
production-1869-70	22	52.1	mureh	bmpruved <<mureh>> ccccnceccecce coseorcoerececocceecsccocee assembly	mareh|moreh|murah|murch|mure|muren
production-1869-70	23	19.3	innsfer	an act t <<innsfer>> money from one fund to another in	inner
production-1869-70	23	20.2	bolanu	county of <<bolanu>> approved murch u eeccceeee assembly ald	bolan|boland|bolano
production-1869-70	23	36.4	jlurch	uf mono county approved <<jlurch>> assembly	lurch
production-1869-70	23	44.6	assonbly	four approver march eccerssersccresecrces s coverrere <<assonbly>>	assembly
production-1869-70	23	50.3	verseness	approved march cceesvecscesse <<verseness>> peneseees peeeeenes senate	averseness|terseness|verseless
production-1869-70	23	51.7	lerev	an act to create a board of <<lerev>> and street commissioners	erev|lere|lerer
production-1869-70	24	15.6	coanly	for defraying the expenses of the <<coanly>> of el dorado	coaly|conly
production-1869-70	24	16.6	somagwe	approved march ls sreervree seesvesensoesveres covers <<somagwe>> ott abd	homage
production-1869-70	24	18.8	bonale	act tu protect litigants approved march latu <<bonale>> w	boale|bona|bonae|bonald|bonaly
production-1869-70	24	26.4	srenser	tinal provision murch secssessnseessrsseeen <<srenser>> bedrecreeeee	spenser
production-1869-70	24	27.3	jovate	an act to <<jovate>> the county eat fur tho county of	bovate|jovite|novate|ovate
production-1869-70	24	30.4	eeereee	county approved march irt <<eeereee>> crores reeerereeee ove assembly he	eeeeee|eeeeeee
production-1869-70	24	35.6	kemmt	proved march sscscssesevssss sees srnene ners <<kemmt>> cree mat a	kemet|kempt|kept|kommt
production-1869-70	24	37.6	benale	city of sacramento approved march usseresesns <<benale>> coven eau	beale|bedale|behale|benali|bename|bendle
production-1869-70	24	41.5	bonalb	march csecceser cosseeper srseerrscerase seesresesssenseee <<bonalb>> core	bona|bonald|bonaly
production-1869-70	25	6.1	growud	burial <<growud>> and making on annual appropriation	groud|growed
production-1869-70	25	10.0	ssseesee	<<ssseesee>> ronvsnesecoveoncateee srssrssessensveren cevsvrsvesereecere bedale	assessee
production-1869-70	25	18.4	buillinge	diego to erect county <<buillinge>> approved march	billinge
production-1869-70	25	32.0	tullg	<<tullg>> therevu approved march ses ere erene ser	tull|tulla|tulle|tulli|tulln|tullo
production-1869-70	25	32.1	therevu	tullg <<therevu>> approved march ses ere erene ser sees	thereva
production-1869-70	25	34.4	apsumbly	veeveescssesvseesvseernce vevevsven corvenveesecsersvses seeveerover <<apsumbly>>	assembly
production-1869-70	25	44.7	homestenis	homesteads or lots of land suitable fur <<homestenis>> up	homesteads
production-1869-70	25	46.5	assomnbly	approved march l secossersssressovseeorsseneverseie cover <<assomnbly>>	assembly
production-1869-70	26	15.0	guunty	<<guunty>> approved march vscsssssove jervsseesseeeeveeeee assembly	gaunty|grunty|gunty
production-1869-70	26	17.6	svereen	bu ebt jecoveens cevsvener porvsenee snvrctnes <<svereen>> evonesven susene renee senate	sereen|shereen|vereen
production-1869-70	26	17.8	susene	ebt jecoveens cevsvener porvsenee snvrctnes svereen evonesven <<susene>> renee senate	suspend
production-1869-70	26	21.1	seresee	bu <<seresee>> seovecuer coevevove seonseec serevesensoennsee sreeresrerer b dutcre	seesee
production-1869-70	26	28.4	vereveer	bu sseevvevverearcesere sevewenee secraseneenvees <<vereveer>> cvrveveevees sodmcwreeres	verveer
production-1869-70	26	30.7	vatate	willie alexander boyd to sell certain real <<vatate>> became	patate|vacate|vastate
production-1869-70	26	31.6	sematewe	u law by constitutional provision march <<sematewe>>	semateme
production-1869-70	26	52.3	revverser	march c eccesoeyserseere <<revverser>> crevevcosspouny sreees bonnte	reverser
production-1869-70	26	52.6	bonnte	march c eccesoeyserseere revverser crevevcosspouny sreees <<bonnte>>	boente|bonne|bonnet|bonnie|bonnke|bonte
production-1869-70	27	20.6	asserobly	mining approved march senate eres coer <<asserobly>>	assembly
production-1869-70	27	21.9	entided	amendatory of and supplementary to au act <<entided>>	enticed
production-1869-70	27	25.6	asombly	proved murch b sccsesesccensscerresserrer creer rerrerere <<asombly>>	assembly
production-1869-70	27	40.6	boumon	let ressesessseesternseseseet eeevesee titan cerersesersonams erveoee <<boumon>> vue	boudon|bougon|bouman|bouton|common
production-1869-70	27	46.3	bedbgs	proved march rrsccsesecvesesecsnecesesrrarencersvessssseres <<bedbgs>>	bedbugs
production-1869-70	27	51.2	crsers	b cess <<crsers>> ssbuove eeeussseserssesessere reser rneseecosesssneree boddec	criers
production-1869-70	27	51.7	boddec	b cess crsers ssbuove eeeussseserssesessere reser rneseecosesssneree <<boddec>>	bodde|bodden
production-1869-70	27	56.4	coecee	bio vocccccocece cocccoceocceoe coccee <<coecee>> ccccce ccccee sees senate gos aad	ceecee
production-1869-70	28	15.1	sscve	april <<sscve>> seeeseees vos secnosves ssaeas sav seaenevosee seveneree	serve|ssce
production-1869-70	28	15.5	ssaeas	april sscve seeeseees vos secnosves <<ssaeas>> sav seaenevosee seveneree cer assembly	seas
production-1869-70	28	26.4	sntens	approved april cervsverssecseee cevesrene <<sntens>> errenrneree benalc roe	intens|stens
production-1869-70	28	26.6	benalc	approved april cervsverssecseee cevesrene sntens errenrneree <<benalc>> roe	benali
production-1869-70	28	28.7	ronate	tional clerk approved april j cereesecrceeeee oreees <<ronate>> w	donate|konate|monate|onate|ornate|pronate
production-1869-70	28	30.6	areembly	josé approved april verses veeseenersreees vevercees <<areembly>>	assembly
production-1869-70	28	43.6	tesues	april sess ses severe sevsssesss sresscers <<tesues>> speave spsnenest te ronnie	tenues|testes
production-1869-70	28	43.7	speave	april sess ses severe sevsssesss sresscers tesues <<speave>> spsnenest te ronnie	seave|sheave|sleave|spave|speake|speare
production-1869-70	28	44.9	trens	granting leave of absence to antonio coronel <<trens>>	arens|brens|erens|frens|grens|orens
production-1869-70	28	45.8	bonute	of tho state uf oaliforuin approved april <<bonute>>	bonte|route
production-1869-70	29	14.4	rrecee	district approved april css <<rrecee>> bona	renee
production-1869-70	29	21.4	ornz	the town of santa <<ornz>> approved march thirty first eigh	onz|oraz|orn|orna|orne|ornl
production-1869-70	29	25.0	thonzand	<<thonzand>> vight bonded and fifty one approved april	thousand
production-1869-70	29	25.1	vight	thonzand <<vight>> bonded and fifty one approved april i	aight|bight|dight|eight|fight|hight
production-1869-70	29	26.0	sesesves	<<sesesves>> csssessen sonessene seseeeesecessee saesersresss serves seeesesrenes agvommbly	reserves
production-1869-70	29	30.5	svoree	april s scssssesesseseeesesvoncnesvs srssoscvssesses cosvesent <<svoree>> ansomblye	soree
production-1869-70	29	47.5	voeree	ville approved april sccceeescesereere sores <<voeree>> assembly	veree
production-1869-70	29	50.8	veores	april i tu cee secccrere snecorees seneeren <<veores>> assembly	veres|verres|vores|votes
production-1869-70	30	14.4	sodael	april sscereseeses svevvenes sreenescssessessssssnvoorvoves <<sodael>>	model
production-1869-70	30	19.5	vreves	april stu s veveernee speeesevecenver <<vreves>> nerves soeperwenerrener sonate	breves|reves|treves
production-1869-70	30	27.4	astombly	approved april esses sreerererrserewererveee <<astombly>>	assembly
production-1869-70	30	35.1	aptie	approved <<aptie>> s crsereres srsoreserevecrersrssversseeres assembly o	antie|appie|apte|artie|atie|attie
production-1869-70	31	7.5	sosevee	vnio approved april ss sscserceseessereccee <<sosevee>> assembly	soever
production-1869-70	31	14.7	atseimbly	that purpose approvell april l t ercccecrrreessevrseeeeee <<atseimbly>>	assembly
production-1869-70	31	16.3	franciseu	county of sun <<franciseu>> approved april assembly	francise
production-1869-70	31	30.3	absombly	bto ssessseescsssesessnsesn seseeresssnsssstisensvasssreessessnesrereeseeene <<absombly>> vu	assembly
production-1869-70	31	37.2	pvoee	secersevvvrores rssenvevescvuve <<pvoee>> vos senver snore sosensuen eevee ssiens assembly	poee|vote
production-1869-70	31	37.4	senver	secersevvvrores rssenvevescvuve pvoee vos <<senver>> snore sosensuen eevee ssiens assembly	denver|enver|seaver|seever|sencer|sender
production-1869-70	31	37.8	ssiens	rssenvevescvuve pvoee vos senver snore sosensuen eevee <<ssiens>> assembly	siens|stiens
production-1869-70	32	9.3	reuuec	esses crssseeeecesssones saeetssnsatesneerseessneessneecsreesenes <<reuuec>> see b	reduce
production-1869-70	32	11.8	eunates	the waters of this state approved april <<eunates>> f	enates|estates
production-1869-70	32	17.7	eerees	fix approved april ust ce ccveseees secerersererer <<eerees>> senate d	eevees
production-1869-70	32	20.6	bonalc	approved april ssesensecssessess serves verses restos <<bonalc>> ss c h	bona|bonald|bonaly
production-1869-70	32	22.9	bennten	u ssccece sessseree ssveneres susseseee seers seeees <<bennten>>	benten
production-1869-70	32	39.6	bonalc	sso sessersverevereessors soseerner ressrevvesverce tesererevste vceveces <<bonalc>> vse	bona|bonald|bonaly
production-1869-70	32	45.7	supuma	the county seat of thu county of <<supuma>> to authorize the i	sukuma|supima
production-1869-70	32	48.5	asseunb	proved april secerees rssescocrresessoessrenecrcnse svseee <<asseunb>> y sens	assent
production-1869-70	32	55.8	repoul	and salurive of certain officers and to <<repoul>> certain	reboul|repoll|repour
production-1869-70	33	5.8	sneres	of oakland approved april j ccsssees cesses <<sneres>> assembly	neres|seres|skeres|snares|sneers|snores
production-1869-70	33	8.7	coveve	approved april fh cs r sncsssnessevervore voeneners <<coveve>> sarees assembly	covere
production-1869-70	33	14.5	vvves	said railroad approved april ssssesrrserersere <<vvves>> atecmbly	vives|voves
production-1869-70	33	24.3	niuond	an act to <<niuond>> an act entitled an act to regulate	nixon
production-1869-70	33	28.4	bodalc	rr cverververreces orsessencerescereverrecserrvece vvertsrevree <<bodalc>> re biz odd	bodily
production-1869-70	33	32.1	abehd	prove <<abehd>> tb dornnernnesnae eam nines bomrrbarrn roo	abed|abeid|abend|amend
production-1869-70	33	40.4	trastoos	eccedings vf the town <<trastoos>> approved march assembly	tractors
production-1869-70	33	43.4	sedalcr	approved april ceseevene vvroscreecerssssssonssvereeees <<sedalcr>> rs	sealer
production-1869-70	33	46.9	atcur	parposee approved april b cccc r bcd <<atcur>>	accur|atour
production-1869-70	34	1.2	sateo	z roe <<sateo>> g	mateo|satao|sate|sated|satel|satem
production-1869-70	34	8.4	senuto	g ub usessvssenscccesessocsnn seneesnseossesssssnesenenssrssastenseesevee <<senuto>> cesee	senate|senato|sento|senufo|sesuto|tenuto
production-1869-70	34	8.5	cesee	g ub usessvssenscccesessocsnn seneesnseossesssssnesenenssrssastenseesevee senuto <<cesee>>	besee|ceske|cesme|ceste|esee|resee
production-1869-70	34	24.5	cortnin	an aet to provide that <<cortnin>> acts herein named shall take	cornin|cortin
production-1869-70	34	34.3	sreverane	bgo verssersssesvvecrnssersrcrsee var <<sreverane>> venereesarensvenssrereresee asbedidiy	severance
production-1869-70	34	38.2	asrombly	april sevscoresessorssecrnetecnsnsettenarsesesssessesessvecssene <<asrombly>>	assembly
production-1869-70	34	44.4	cussessee	sesconsessnsrovsee sevens even preven <<cussessee>> praseens sveseenes assembly	assessee
production-1869-70	34	44.5	praseens	sesconsessnsrovsee sevens even preven cussessee <<praseens>> sveseenes assembly	praesens
production-1869-70	35	14.4	sreservee	approved april ssc sesvevee <<sreservee>> soesen sorenesse seeees agsombly	reservee
production-1869-70	35	14.5	soesen	approved april ssc sesvevee sreservee <<soesen>> sorenesse seeees agsombly	boesen|hoesen|sesen|sorsen
production-1869-70	35	14.6	sorenesse	approved april ssc sesvevee sreservee soesen <<sorenesse>> seeees agsombly	soreness
production-1869-70	35	14.8	agsombly	april ssc sesvevee sreservee soesen sorenesse seeees <<agsombly>>	assembly
production-1869-70	35	27.9	strevta	san francise to open and grade certain <<strevta>>	stretta
production-1869-70	35	36.0	stronms	<<stronms>> uf santa clara county approved april assembly	strongs
production-1869-70	35	50.5	ansemably	approved april ssccssere werrevee sesrveessseerrecesess <<ansemably>>	assembly
production-1869-70	35	56.6	aspombly	thereto approved april f cesses ceoseeneccseoseccccee <<aspombly>>	assembly
production-1869-70	36	30.6	bandred	roads approved march twenty ninth eighteen <<bandred>>	banded|bandied
production-1869-70	36	31.6	somatl	aud seventy approved april tb sssscresssersssssseceereen <<somatl>> j	somal|somata
production-1869-70	36	33.4	pasecd	ings in criminal cuses <<pasecd>> muay first eighteen hundred	pased
production-1869-70	36	35.11	prococil	on act entitled on act to regulate <<prococil>>	protocol
production-1869-70	36	52.4	bodbg	sresesseerrves ener eonarnencnnennerecneveseses wermenerrsentsonseee <<bodbg>> sneer	bodog|body
production-1869-70	37	7.0	decrvos	<<decrvos>> uf partition uf real estate approved april	decrees
production-1869-70	37	26.4	benatons	approvell april seesssese seeesseersesersoeessvteseeeens <<benatons>> vreee	senators
production-1869-70	37	26.5	vreee	approvell april seesssese seeesseersesersoeessvteseeeens benatons <<vreee>>	freee|reee|veree|vrede|vree|vreede
production-1869-70	38	6.1	conee	april <<conee>> sosces sovoeveee cosere veaveces evveveuse toeses seneenss	codee|coee|coene|cofee|cohee|colee
production-1869-70	38	6.4	cosere	april conee sosces sovoeveee <<cosere>> veaveces evveveuse toeses seneenss senate	cohere|coser|covere
production-1869-70	38	6.7	toeses	april conee sosces sovoeveee cosere veaveces evveveuse <<toeses>> seneenss senate	theses|tmeses|toesies|tosses
production-1869-70	38	10.5	bematk	eighteen approved april cccesserceeeree cressreeree <<bematk>> re	bemask|bemat|bemata
production-1869-70	38	12.6	veonee	purposes approved april l ccescee eee <<veonee>> senate	vernee
production-1869-70	38	16.8	sinith	act for the relief of john ih <<sinith>> approved april senate	sinite
production-1869-70	38	21.1	pasevd	gam <<pasevd>> muy liftoonth eighteen hundred und fifty four	pased
production-1869-70	38	32.6	svevem	policies approved april e wescseee seseeeney <<svevem>> bsunbec or r r	seven
production-1869-70	39	4.7	elaima	an act for tho payment of certain <<elaima>> against the second	elaina|elaira|laima
production-1869-70	39	19.3	awenl	an act ty <<awenl>> section nine of un act entitled an	aweel|awel|awen
production-1869-70	39	31.6	voone	eight approved april cs ssrescssssessene sesevserses <<voone>> assembly	boone|coone|doone|moone|noone|oone
production-1869-70	39	48.3	supate	approvenl april sssescseecsererevcrrecerre <<supate>>	pupate|spate|sudate|sumate
production-1869-70	39	53.1	ubtd	april <<ubtd>> cecccecseecernenece svvereneeseovee rveressesesssssers surbleo	btd|ubd|ubt|ubud|utd
production-1869-70	39	53.5	surbleo	april ubtd cecccecseecernenece svvereneeseovee rveressesesssssers <<surbleo>>	sublet
production-1869-70	39	56.6	sppape	al cvvcens secvcrovn severe sevevreve severe <<sppape>> vecces tecceccecreseer ws senate	space
production-1869-70	39	56.7	vecces	al cvvcens secvcrovn severe sevevreve severe sppape <<vecces>> tecceccecreseer ws senate	recces|veces
production-1869-70	40	1.1	oeooo	i <<oeooo>> oooo	oooo|ooooo
production-1869-70	40	17.8	peeutation	me ane nat ae tw venepeeere an <<peeutation>> onute	reputation
production-1869-70	40	17.9	onute	ane nat ae tw venepeeere an peeutation <<onute>>	knute|nute|onate|oute
production-1869-70	40	18.2	vorece	ity r <<vorece>> ane	vorce|voreqe|vorice
production-1869-70	40	20.2	rciven	grrerameat ther <<rciven>> ronenl ie of wud se even a	riven
production-1869-70	40	20.3	ronenl	grrerameat ther rciven <<ronenl>> ie of wud se even a	ronel|ronell|ronen
production-1869-70	40	21.10	uscmb	thereat san stabi seve iolo fi yeutee <<uscmb>>	scab|uscb|usccb
production-1869-70	40	26.4	rtiele	app and i andrew <<rtiele>> iment acts ing ve ay of vi	tiele
production-1869-70	40	28.6	creuf	roe a f an six ap <<creuf>> pa s thirty	cref|creu|creus|creux
production-1869-70	40	30.9	subetit	fit n teeny a monday and pri <<subetit>> acts	subedit|submit
production-1869-70	40	32.3	enticned	fret one tee <<enticned>> ahh te ainend nyt	enticed
production-1869-70	40	32.6	ainend	fret one tee enticned ahh te <<ainend>> nyt	anend
production-1869-70	40	36.4	oreani	rove me t dred <<oreani>> un cya ved m vpdute ty j	orani|orean|oreana|organi|oriani
production-1869-70	40	37.4	ainty	roventect wo fo mel <<ainty>> ck pete a a ry of	ainsty|aint|aints|anty|aunty|dainty
production-1869-70	40	40.2	ighte	pril mn <<ighte>> u no wi aed tw enty tth	igate|ight|ights
production-1869-70	40	44.4	apprin	saeeee cores and six <<apprin>> mod fret	appin|applin|asprin
production-1869-70	41	10.7	pevelor	granting leave of absence to peter ll <<pevelor>> clerk of del norte county	develop|peveler
production-1869-70	41	13.8	seneee	in napa county oossvesrevreererereresscrenee svenurseones seerveere respesees <<seneee>>	seeee|seeeee|senate|sendee|senese|sentee
production-1869-70	41	18.5	cotene	united btutos srncrsersrerersreressoreoven sevoneressvoseree sensveeneserere <<cotene>> sveversecreree b b	cetene|coene|ctene|octene
production-1869-70	41	20.10	vreves	city del nurse loudly e vercensee vnorne <<vreves>> revere swnene	breves|reves|treves
production-1869-70	41	29.6	rereseses	in fresno county errs sessercres seen <<rereseses>> eneneovee sepeansescey oes oven serssesstersssercesss o	recesses
production-1869-70	41	32.0	shnats	<<shnats>> in game county and for a postoffice	shats|sheats|shoats
production-1869-70	41	36.4	froin	i a weekly mail <<froin>> saratoga the summit ifnee in santa cruz	broin|foin|frain|frein|frin|froid
production-1869-70	41	36.8	ifnee	a weekly mail froin saratoga the summit <<ifnee>> in santa cruz county	inee
production-1869-70	41	39.4	csesesses	poat office im sauucelilo <<csesesses>> sosser sesseneesseverececseeseresteetressescssessccrens git	assesses
production-1869-70	41	39.5	sosser	poat office im sauucelilo csesesses <<sosser>> sesseneesseverececseeseresteetressescssessccrens git	bosser|dosser|josser|mosser|rosser|sasser
production-1869-70	41	42.7	ceverper	beyond ville y cease sevecccct vccvccce cocvccere <<ceverper>> ucuseceet teecet oc eeee oo ooee ccc	reverter
production-1869-70	41	42.9	teecet	y cease sevecccct vccvccce cocvccere ceverper ucuseceet <<teecet>> oc eeee oo ooee ccc	teece|teenet|tercet
production-1869-70	42	2.10	conenern	coccrsrveceson vevsvvvee reeves csseeeceeeee treeneee corsepeeesey cose <<conenern>> ere	concern
production-1869-70	42	6.9	erern	the base cere crvvreers sorvevces evevenvneson sven <<erern>> sopeesseorer cvsene neveee	eren|erer|evern
production-1869-70	42	6.12	neveee	crvvreers sorvevces evevenvneson sven erern sopeesseorer cvsene <<neveee>>	neveen
production-1869-70	42	9.8	resens	relates to fruit distilling cecssorssenctessonseresssetens ervoneusbensnes ves <<resens>> o	regens|repens|resen|resend|resene|resent
production-1869-70	42	14.8	ceenes	bill no ssscesseresvene corer green vvsensseaseycenesssse twonerene <<ceenes>> revere	cents|chenes
production-1869-70	42	27.4	vanul	tion of a ship <<vanul>> counting the atlantic and pacific oceans rerecvssevee	canul|manul|value|vanu|vanua
production-1869-70	42	29.12	seenen	entry e sees sesnercsseessesnnr conser sseses suvnes <<seenen>> opevensse	keenen|peenen|reenen|seene|seeney|seinen
production-1869-70	42	31.10	puedee	ouvesvevornenrrevvssersev sense p podd seeded phvooreed hpededenssed <<puedee>> shdeed	pedee|peedee|pledge|puddee|puede|pueden
production-1869-70	42	31.11	shdeed	sense p podd seeded phvooreed hpededenssed puedee <<shdeed>>	sheed
production-1869-70	42	33.8	secers	nus and sss e seececsever sects ssseesccsnseeen <<secers>> servers corvevs scorer obe	secern|secerns|seders|seers|segers|seters
production-1869-70	42	33.10	corvevs	sss e seececsever sects ssseesccsnseeen secers servers <<corvevs>> scorer obe	corves
production-1869-70	42	36.1	lenvo	granting <<lenvo>> of absence to a maurico jr district	leivo|lenco|lenno|leno|lenovo|lento
production-1869-70	42	41.11	ranceb	llill s ferry oottunweood and san luisa <<ranceb>>	rance|rancel|rancer
production-1869-70	43	4.3	ubzonee	grunting leave of <<ubzonee>> to j w graham county treasurer of	subzone
production-1869-70	43	7.8	vrenes	in klamath county sceovesccsvesvrcrrcvcsneseeces spaveveee veornvesee sesrerrrsersees <<vrenes>>	arenes|brenes|renes|vernes
production-1869-70	43	30.5	fumulos	restrict the shipment of chincso <<fumulos>> to this couneiy vesvenvsvvnenees	tumults
production-1869-70	43	35.7	eercse	mail service between san francisco and melbourne <<eercse>> coesevave vereeveve	exercise
production-1869-70	43	37.0	borrate	<<borrate>> bill no seven sever verte veverserserees covers	borate|prorate
production-1869-70	43	37.8	anvons	bill no seven sever verte veverserserees covers <<anvons>> svsers sysevaere epessaeee scenes	anions|anons|avons
production-1869-70	43	40.8	vvvere	heretofore granted by tho state csscesece svesevee <<vvvere>> vvveveene pe reenses	severe|vivere
production-1869-70	43	40.11	reenses	tho state csscesece svesevee vvvere vvveveene pe <<reenses>>	reeses
production-1869-70	43	42.4	seresn	abeomdiy secreervovsscesveccesers verses verses <<seresn>> sverer roevee ss ese rpvepene ov ren	serean|sereen|seren|seres|serest
production-1869-70	43	42.5	sverer	abeomdiy secreervovsscesveccesers verses verses seresn <<sverer>> roevee ss ese rpvepene ov ren ber	serer|severer|sherer|sverker|sverre
production-1869-70	43	42.6	roevee	abeomdiy secreervovsscesveccesers verses verses seresn sverer <<roevee>> ss ese rpvepene ov ren ber spresoene	roever
production-1869-70	44	3.11	veceee	crrcvve sevvevseoser serves sevnreren sevevcere vervveree severe <<veceee>> ow	decree|vecere
production-1869-70	44	6.5	spvens	tho german langanye secrroeerorveveves evscvscoeressecsveved <<spvens>> veevvey cureceperevcvees	sevens|spens|svens
production-1869-70	44	10.11	vevens	dorado county to sacramento city ccsscsevescccene cones <<vevens>>	devens|evens|levens|sevens|vevers
production-1869-70	44	12.7	dosib	yards of the country on a civ <<dosib>> se cceces cneetneterrersererertesesstsrerereczeres osb	dosi|dosia|dosis
production-1869-70	44	14.1	oncidn	steamer <<oncidn>> in the waters of japan csecsersscosessneessereerves sveves	oncin|onion
production-1869-70	44	14.8	sveves	oncidn in the waters of japan csecsersscosessneessereerves <<sveves>> sresenner	seven|sieves|steves
production-1869-70	44	14.9	sresenner	in the waters of japan csecsersscosessneessereerves sveves <<sresenner>>	presenter
production-1869-70	44	17.6	fiyo	proposed amendments to sections une three <<fiyo>> seven and ten article six	aiyo|fibo|fico|fido|fifo|figo
production-1869-70	46	10.7	severenve	robert witt records voorssoee controller sevsevereservvecevsveren vvevennes <<severenve>> sess vovse vornsrsee mactutdoned	severance|severence
production-1869-70	46	10.9	vovse	records voorssoee controller sevsevereservvecevsveren vvevennes severenve sess <<vovse>> vornsrsee mactutdoned	vorse|vose|voves
production-1869-70	46	11.7	svusor	antonio f coronel licabutot so vveserere serve <<svusor>> seseveseneey secseveen errvcrere rvsssesee b amlcier	susor|visor
production-1869-70	46	13.5	cesees	toba w bost s reve <<cesees>> sulvoyof gcvelal escressreevecessevsssesconeees pevereee reresce kl francisco	cases|cesses
production-1869-70	46	13.10	reresce	s reve cesees sulvoyof gcvelal escressreevecessevsssesconeees pevereee <<reresce>> kl francisco	reese
production-1869-70	46	15.7	rowere	o p fitzgerald superintendent public tustraction se <<rowere>> erviere revere bd francisco	rovere|rower|rowers
production-1869-70	46	16.4	amutum	tames m allon sree <<amutum>> general o serrecssecevevecvereesevees vrsevr vvsvevene sau franvigro	autum|mutum
production-1869-70	46	17.8	evrens	cravens orerrercrcccrece tata tabtorian scecses serscveenvvcvesees vvensveve <<evrens>> crores vere vsscesees pircut	ehrens|erens|evens|evren
production-1869-70	46	17.12	pircut	scecses serscveenvvcvesees vvensveve evrens crores vere vsscesees <<pircut>>	circut
production-1869-70	46	20.0	jaapar	<<jaapar>> o farrell stato harbor commissioner scccrscerree cocserese	jaafar|japan|jaspar
production-1869-70	46	21.10	ceseve	seers scree state harbor commirsiuney sexy corres <<ceseve>> soveovere coroner ad francisco	deseve|reserve
production-1869-70	46	23.7	limg	h p cv n s severe revere <<limg>> land commissioner serve cover scores oveesveve eseresod	img|lifg|lig|lim|lima|limb
production-1869-70	46	24.12	franvirco	commmisel tron seesreses renee ese eneeners senor <<franvirco>>	francisco
production-1869-70	46	27.5	saugo	j b crockett ss ssesnvee <<saugo>> term expires jum sons seers enoverneee alotoeda	sago|saigo|sango|sargo|sauga|saugh
production-1869-70	46	31.7	severeony	tod robinson ssecssecres tlgpottor oecevsees overs evrvvssee <<severeony>> enseesasvore sevesrenessorse sad eton cisco	severely
production-1869-70	46	32.3	enrere	george beek weer <<enrere>> oirek wersneeserrcrnernrns ornare nee sen een cesvovee	endere
production-1869-70	46	32.4	oirek	george beek weer enrere <<oirek>> wersneeserrcrnernrns ornare nee sen een cesvovee bactamcden	direk|fire|iorek|irek|mirek|tirek
production-1869-70	46	32.6	ornare	george beek weer enrere oirek wersneeserrcrnernrns <<ornare>> nee sen een cesvovee bactamcden	ornate|sornare
production-1869-70	47	3.0	banvari	<<banvari>> edgar m piacot y sere vere svseneers	bandari|banwari
production-1869-70	47	3.3	piacot	banvari edgar m <<piacot>> y sere vere svseneers spervvcee el vvvrereeree	picot|pilot
production-1869-70	47	4.12	mafysville	esseecsveccereevere sevevsert severentece verereeeet ove creer rersesere <<mafysville>>	marysville|maysville
production-1869-70	47	6.1	williu	barnett <<williu>> sodomm r v e svervenes sevrovens arson	willi|willia|willie|willig|willin|willis
production-1869-70	47	6.2	sodomm	barnett williu <<sodomm>> r v e svervenes sevrovens arson vsvvevenel	sodimm|sodom|sodoma|sodoms|sodomy
production-1869-70	47	10.9	cervee	serceee e butte plumas and lassen cccssever <<cervee>> svereevocereveveseccene lat porte	corvee|tervee
production-1869-70	47	11.9	cevees	greene r bactamodio serrevere vesvsvevevecoers secnenvsceee veree <<cevees>> resevee sim tamcho	eevees|levees
production-1869-70	47	11.10	resevee	r bactamodio serrevere vesvsvevevecoers secnenvsceee veree cevees <<resevee>> sim tamcho	reservee|resever
production-1869-70	47	11.12	tamcho	serrevere vesvsvevevecoers secnenvsceee veree cevees resevee sim <<tamcho>>	rancho|tacho
production-1869-70	47	12.4	amamoy	farley j turseecscoer vvovvvees <<amamoy>> ada a pine ccere sressescecvevescrveve sevvvense svereesescevered	amador
production-1869-70	47	12.8	ccere	j turseecscoer vvovvvees amamoy ada a pine <<ccere>> sressescecvevescrveve sevvvense svereesescevered ack bon	caere|cecere|cere|chere|clere
production-1869-70	47	13.6	cssecce	fowler thomas fresno tulare and kern <<cssecce>> covers spsecnces coscveres secseeee vism ib	essence
production-1869-70	47	18.8	vrveve	samuel u yuba and suttor secccsseeees ceveveces <<vrveve>> ssveersereeres dtown s valley	reve
production-1869-70	47	19.2	ccsse	irwin willinnte <<ccsse>> cn bisk iy u seevvveee secnereve povenenve	casse|ccss|cisse|cosse
production-1869-70	47	19.13	vonves	u seevvveee secnereve povenenve sesseccossen sossvenee suossacssnen <<vonves>> micka	voves
production-1869-70	47	20.10	reawoo	an prancizoo nnd san mated ssrssecerrrseee erevessresseeces <<reawoo>> city	reason
production-1869-70	47	23.0	lowim	<<lowim>> be seservoveeee crvevccee suramin an colus vvscveres	lowi|lowie|lowis
production-1869-70	47	25.4	mouo	mandeville j w taolumno <<mouo>> aud ly ss seers veoees lessees sereas	fouo|mobo|moco|modo|mofo|mogo
production-1869-70	47	25.9	veoees	w taolumno mouo aud ly ss seers <<veoees>> lessees sereas ceoesvee colmmmdib	votes
production-1869-70	47	25.11	sereas	mouo aud ly ss seers veoees lessees <<sereas>> ceoesvee colmmmdib	aereas|seras|serean|serenas|seres|sernas
production-1869-70	47	26.8	bodte	charles v banta with crs seeevecersesecnscevecevesrerey ceerreeossieerreee <<bodte>> clara	boate|bodde|bode|bodet|bodge|bodie
production-1869-70	47	28.2	lissoee	morrill de <<lissoee>> oes vvsereres criavulde se vrcecerere ove vovsenres	lessee|lissome
production-1869-70	47	30.9	rrreses	mores sere verser sevsreves ban joaquin co <<rrreses>> erereceey serves eververoe severe pevevenes essere conseens	arrests
production-1869-70	47	30.16	conseens	rrreses erereceey serves eververoe severe pevevenes essere <<conseens>> beocklon	consent
production-1869-70	47	32.1	romualio	pacheco <<romualio>> anta barbara and san luis obispo e	romualdo
production-1869-70	47	33.5	sveres	perkins george c buc scorers <<sveres>> seeeerensevensesesrenes sencenere sesseesceses sesees series ofoviic	seres|sevres|skeres|veres
production-1869-70	47	34.0	pendegast	<<pendegast>> wm wirt napa lake anil mendoeing esse	pendergast
production-1869-70	47	34.6	mendoeing	pendegast wm wirt napa lake anil <<mendoeing>> esse erevve stevenson sen sorvevere wor city	mendocino
production-1869-70	47	35.3	eccee	koborts hb w <<eccee>> oreree novaan cerevsere veveceere vvrevereeresccouce sesverere veerveverseeereey	ecce|emcee
production-1869-70	47	35.4	oreree	koborts hb w eccee <<oreree>> novaan cerevsere veveceere vvrevereeresccouce sesverere veerveverseeereey grass	reree
production-1869-70	47	35.5	novaan	koborts hb w eccee oreree <<novaan>> cerevsere veveceere vvrevereeresccouce sesverere veerveverseeereey grass valley	novaa
production-1869-70	47	37.10	obklang	cccrre sesvercesveversers vessey spsceverere vevevvensees sveees soneee <<obklang>>	oakland
production-1869-70	47	38.5	sictta	turner h k cveses voveves <<sictta>> eres veneer cresen eevee reestvece covsresee seve	sitta
production-1869-70	47	38.8	cresen	h k cveses voveves sictta eres veneer <<cresen>> eevee reestvece covsresee seve eeeeneeeeees eo bhoffw	creen|cresent|presen|resen
production-1869-70	47	39.4	pincuf	tweoord charles a sserceeres <<pincuf>> eecsrees ssevereen conser cneneees soverrseeceeess pevereses verter	incur|pincus
production-1869-70	47	39.5	eecsrees	tweoord charles a sserceeres pincuf <<eecsrees>> ssevereen conser cneneees soverrseeceeess pevereses verter evrcseees	decrees
production-1869-70	47	39.10	pevereses	sserceeres pincuf eecsrees ssevereen conser cneneees soverrseeceeess <<pevereses>> verter evrcseees auduin	reverses
production-1869-70	47	39.13	auduin	ssevereen conser cneneees soverrseeceeess pevereses verter evrcseees <<auduin>>	anduin|arduin|audain|audin|audit|audouin
production-1869-70	47	40.11	svevee	fran cited ssesereeccerreres erect seesee severe vreseerer <<svevee>> sam francisco	seevee
production-1869-70	47	42.8	eranns	btephe econo fusion mono and inyo soreecunevene <<eranns>> seravenerseaey columbia	eranos|grants
production-1869-70	47	45.3	becrotary	roberts jr joseph <<becrotary>> ceos s ececsverss seecersee seneerees errors seseseere	secretary
production-1869-70	47	45.11	svercore	ceos s ececsverss seecersee seneerees errors seseseere <<svercore>> alameda	evercore|overcome
production-1869-70	47	46.5	recrotary	mardis b a erercereee apbintant <<recrotary>> seccecrececcecens sevseuse ceseneree ererersy ractrmelld	secretary
production-1869-70	47	47.3	evrers	boice nak seccee <<evrers>> betecadl at atins secseveesceervererer sevsesessens svevve cesses	evers|every
production-1869-70	47	47.6	atins	boice nak seccee evrers betecadl at <<atins>> secseveesceervererer sevsesessens svevve cesses spree sacirmcnlo	actins|ains|akins|atias|atin|atina
production-1869-70	47	47.9	svevve	seccee evrers betecadl at atins secseveesceervererer sevsesessens <<svevve>> cesses spree sacirmcnlo	serve
production-1869-70	47	48.4	evenee	thomas j j even <<evenee>> assistant sergeant at arms s s veerereee	evened|evener|everee
production-1869-70	47	48.13	oerevere	sergeant at arms s s veerereee serves <<oerevere>> on francisco	revere
production-1869-70	47	50.4	clotk	kaplan douts verse enbtossing <<clotk>> escrce cseessccerseece seeressee costvereseeers ad francisco	cloak|clock|clonk|clot|clote|cloth
production-1869-70	47	51.4	buroling	phipps eb k seeercrecere <<buroling>> clerk ecserecrcceeers reveevese vere veeee eeveveces cocerscoer	burbling|burgling|burling|burning
production-1869-70	48	4.3	srvons	norton jr be <<srvons>> copying clerk sseses serecene ceseen cnsees revvnsann	sons
production-1869-70	48	4.8	ceseen	jr be srvons copying clerk sseses serecene <<ceseen>> cnsees revvnsann seovenenn sregevees srengs nevada	beseen
production-1869-70	48	4.9	cnsees	be srvons copying clerk sseses serecene ceseen <<cnsees>> revvnsann seovenenn sregevees srengs nevada	cases
production-1869-70	48	5.3	seecee	curtis klar vce <<seecee>> clerk at che degk c sceeseveveeepsvosenceves closes	ceecee|seeee|seeeee|seesee|seevee
production-1869-70	48	5.7	degk	curtis klar vce seecee clerk at che <<degk>> c sceeseveveeepsvosenceves closes vervscore son francisco	deak|deck|deek|deg|dega|degc
production-1869-70	48	8.5	vseveee	gu roger cccceeveeevee seavecee spveeveey <<vseveee>> spcrkct	severe
production-1869-70	48	11.4	ervere	appling peter c ses <<ervere>> fpebuos vessseereeeee sseses enrecuses resvenees sareseerel sererenne	evere|revere
production-1869-70	48	11.9	resvenees	c ses ervere fpebuos vessseereeeee sseses enrecuses <<resvenees>> sareseerel sererenne ee choowehilla river	revenues
production-1869-70	48	12.6	seceee	berry campbell dn cees ever bute <<seceee>> scever coeneeeperer ceener creueeceetee cneneeree seeccerrrer boar	secede|seeee|seeeee
production-1869-70	48	12.7	scever	berry campbell dn cees ever bute seceee <<scever>> coeneeeperer ceener creueeceetee cneneeree seeccerrrer boar river	sciver|screver|seever|sever|siever|soever
production-1869-70	48	12.9	ceener	dn cees ever bute seceee scever coeneeeperer <<ceener>> creueeceetee cneneeree seeccerrrer boar river	cerner|keener|neener|teener|weener
production-1869-70	48	13.10	anaves	seossvssseeeeee butts sssscs csccseccscvsnssssvsccses esses n avevenses <<anaves>> sesvavssccenevanes oroville	agaves|alaves|anaces|anakes|anales|knaves
production-1869-70	48	15.11	overen	osevevere ammtop eseseseeee sevens sreeesesereesverenevesen vey end <<overen>> snsesenre vevseseedwckbom	overend|overn|veren
production-1869-70	48	16.1	lsnac	brown <<lsnac>> bae vvoceeesneeee lum seosesesers susensren arsentere corsrovencavans	linac|lsaac|lsac|snac
production-1869-70	48	16.7	arsentere	brown lsnac bae vvoceeesneeee lum seosesesers susensren <<arsentere>> corsrovencavans serve sony sosrseesyveee beuwdbvii ic	absentee
production-1869-70	48	17.4	piqoge	calderwood m i sescssere <<piqoge>> sesserereseevevsn spsves svvenscerseeseureesnerne wreres tress core seeduloh	pinole
production-1869-70	48	17.8	wreres	m i sescssere piqoge sesserereseevevsn spsves svvenscerseeseureesnerne <<wreres>> tress core seeduloh flat	freres|reres|weres|wheres
production-1869-70	48	18.1	jumet	carothers <<jumet>> hesse contra costas secsoescveses coessreetsevecsens senses oerees	fumet|humet|jamet|juet|jumel|jument
production-1869-70	48	20.9	sessesses	c ws ee napa anil lak creer <<sessesses>> enssesven sesnesuse senses speneeriesereestereluwed libke	possesses
production-1869-70	48	23.11	snenaee	sesso bactamicdio sercveceesne severe sevens sees ev <<snenaee>> orteosee eeseee sore bmctammento	senate
production-1869-70	48	23.13	eeseee	sercveceesne severe sevens sees ev snenaee orteosee <<eeseee>> sore bmctammento	eeeee|eeeeee|lessee
production-1869-70	48	24.11	sodotr	mono and tay ose caseretnsnnenetrter tetra nccenne <<sodotr>>	sodomy|sodor
production-1869-70	48	26.2	cssesees	finney j <<cssesees>> vseevees sam mateo vsssveestenvseseysevevvees tvstey susnsegee retevaee	assesses
production-1869-70	48	26.7	tvstey	finney j cssesees vseevees sam mateo vsssveestenvseseysevevvees <<tvstey>> susnsegee retevaee soseseereseeeposcnauto	tastey
production-1869-70	48	28.9	rseee	pisses sossseeee bactuldcnoss sossssenrere versscsen ssevteves seve <<rseee>> senevrecn srvereeesces dik gove	reee|resee|seee
production-1869-70	48	30.12	lacerville	oessovese reeves svoven seers ovveeseve soovevnes rerensereseed <<lacerville>>	placerville
production-1869-70	48	31.4	ceseee	green eb ti seserecereee <<ceseee>> caidvctay so scenes vvsvevere vevvvense voneees waveverece	lessee
production-1869-70	48	32.8	sesersens	john co se e bum etarghcow sss <<sesersens>> cosvevsen scenes cheese creer soonest francisco	seversens
production-1869-70	48	35.4	francisey	tayes michael eeceeoe pan <<francisey>> eso sestes sesovnses ensevecne verevevee sree od	francise
production-1869-70	48	35.6	sestes	tayes michael eeceeoe pan francisey eso <<sestes>> sesovnses ensevecne verevevee sree od krancigcy	bestes|estes|gestes|restes|sester|sestet
production-1869-70	48	36.0	ilayes	<<ilayes>> george r b san brauciscy sere vessorees	playes
production-1869-70	48	38.0	thenley	<<thenley>> gq wow secccsvee sevnee mumtocing ec cvesnoe	henley|shenley|tenley
production-1869-70	48	38.4	sevnee	thenley gq wow secccsvee <<sevnee>> mumtocing ec cvesnoe reeverepeser soverreeeerrers cosevesenreee route	seven|sevene
production-1869-70	48	39.0	tilin	<<tilin>> b avseessseoee spervoeee santa cuz resssvee sersnreeesvorseser	ailin|bilin|filin|ilin|jilin|lilin
production-1869-70	48	39.11	osnvenes	santa cuz resssvee sersnreeesvorseser secseenen se revel <<osnvenes>> eversevsee oder cful	convenes
production-1869-70	48	39.14	cful	sersnreeesvorseser secseenen se revel osnvenes eversevsee oder <<cful>>	caul|cfl|cfml|cfpl|cfu|chul
production-1869-70	48	40.14	mcnto	ervveers svvessees opseereee sescee evperevee everreeeere mcp <<mcnto>>	manto|mento|minto|monto
production-1869-70	48	41.11	dukeod	todd orssssreceveeysecns serene ssssry settee leresesveneeesoesesers ene <<dukeod>>	duked
production-1869-70	48	42.8	secees	thomas w rum omb ss seseceee sense <<secees>> vvees cvees coseevons sussvaees oe seronrennllonldsbarg	secedes
production-1869-70	48	42.9	vvees	w rum omb ss seseceee sense secees <<vvees>> cvees coseevons sussvaees oe seronrennllonldsbarg	vees
production-1869-70	48	42.10	cvees	rum omb ss seseceee sense secees vvees <<cvees>> coseevons sussvaees oe seronrennllonldsbarg	cees|chees|crees|cves|vees
production-1869-70	48	43.0	tnmann	<<tnmann>> daniel sseceee aiutacu vers secesess senvevees opezeenes	mann
production-1869-70	48	43.5	secesess	tnmann daniel sseceee aiutacu vers <<secesess>> senvevees opezeenes onvens evessveee leseersoee ensesesneree dd	recesses
production-1869-70	48	43.8	onvens	daniel sseceee aiutacu vers secesess senvevees opezeenes <<onvens>> evessveee leseersoee ensesesneree dd leasanton	onsens|ovens
production-1869-70	48	43.13	leasanton	senvevees opezeenes onvens evessveee leseersoee ensesesneree dd <<leasanton>>	pleasanton
production-1869-70	48	44.5	aiping	foobngod to ma recess seeeee <<aiping>> ang amdt cccseeeececeeres crecerves eresenves vvsveeeee dl	aiding|ailing|aiming|airing|amping|anping
production-1869-70	48	44.10	eresenves	recess seeeee aiping ang amdt cccseeeececeeres crecerves <<eresenves>> vvsveeeee dl ark leoville	reserves
production-1869-70	48	46.1	willinta	king <<willinta>> a cco inovacim crrseveen ercrrvene seveneses cosenveee	willing
production-1869-70	48	46.10	seseee	cco inovacim crrseveen ercrrvene seveneses cosenveee svsenr <<seseee>> secseses vee dedokce	seeee|seeeee|seesee
production-1869-70	48	47.12	covses	sescese vsosven sosvee tosses sysesssvever coseecees srocerece <<covses>> ovens aeb any	copses|corses|cosses|coves
production-1869-70	48	48.10	vernners	sore laden do plumas cece srerneeeneaesensecens caer <<vernners>> sons susanville	verniers
production-1869-70	48	49.0	lewolling	<<lewolling>> bi du cece aimineud ssnrcee soenecnen vovnes	lewelling
production-1869-70	48	49.7	vovnes	lewolling bi du cece aimineud ssnrcee soenecnen <<vovnes>> onsen evesescressreee peeseoese csererene sad l fed	voves
production-1869-70	48	50.4	luthte	martin james c cece <<luthte>> ceeee pacevcons scence purses cusses voeeos cosspsnoe	butte|lutte
production-1869-70	48	50.15	vonres	purses cusses voeeos cosspsnoe epees sone vvcvenerr <<vonres>> ofoviile	vores
production-1869-70	48	50.16	ofoviile	cusses voeeos cosspsnoe epees sone vvcvenerr vonres <<ofoviile>>	oroville
production-1869-70	49	3.3	pranciaco	mcmillan c pn <<pranciaco>> secre veerercvreos en franuiseco	francisco
production-1869-70	49	4.0	memurry	<<memurry>> j fi gemneenenied fs dorand vases cesses	mcmurry|memory
production-1869-70	49	5.0	memurry	<<memurry>> john s thiditveseesess recone cossensesase cosesn sseoes	mcmurry|memory
production-1869-70	49	5.4	recone	memurry john s thiditveseesess <<recone>> cossensesase cosesn sseoes eseessore spseneens svevoreors worvofyiiic	rebone|recode|recoke|recon|recons|recore
production-1869-70	49	5.6	cosesn	memurry john s thiditveseesess recone cossensesase <<cosesn>> sseoes eseessore spseneens svevoreors worvofyiiic	cosen|cosens
production-1869-70	49	8.2	tevvere	miller william <<tevvere>> ceseee milton cessceee seeetseee ceneeece seeneenee seeeee	severe|tevere
production-1869-70	49	8.3	ceseee	miller william tevvere <<ceseee>> milton cessceee seeetseee ceneeece seeneenee seeeee cones	lessee
production-1869-70	49	8.13	seseos	seeetseee ceneeece seeneenee seeeee cones seesee carers <<seseos>> oreeeoe niubsiu	sestos
production-1869-70	49	9.0	mooncy	<<mooncy>> j b vecocseecceeree tuolumne mono and tayo	mooney|moony|moroncy
production-1869-70	49	9.14	geporte	tayo c cscccercesseoeee ovsverse corservee oe bri <<geporte>>	deporte|reporte
production-1869-70	49	10.0	moyniban	<<moyniban>> t j vores san francisco s scores	moynihan
production-1869-70	49	11.1	boverly	munday <<boverly>> smmomd sesee coseecons oe comes cossensve sees	beverly|coverly|hoverly|loverly|overly
production-1869-70	49	11.3	sesee	munday boverly smmomd <<sesee>> coseecons oe comes cossensve sees eorrscoes severe	besee|esee|resee|seee|seeee|seese
production-1869-70	49	12.8	clavie	b d ss se e oveves boul <<clavie>> csoves srevescnscos cesses enveeveeseaseey sreevenar ce srerercern	cavie|clarie|clasie|clave|clavi|clavier
production-1869-70	49	12.9	csoves	d ss se e oveves boul clavie <<csoves>> srevescnscos cesses enveeveeseaseey sreevenar ce srerercern son	cloves|coves
production-1869-70	49	13.7	ccvee	murphy i evisceovesceveveree dl norte and klamath <<ccvee>> veces ceosel seers sovvevesenelsrescent city	cuvee
production-1869-70	49	14.0	naphtaly	<<naphtaly>> joseph cc ron fpyadcis cccceecececeere cesses coeseecees	naphtali
production-1869-70	49	14.8	erecerees	joseph cc ron fpyadcis cccceecececeere cesses coeseecees <<erecerees>> eeeee bd francisco	referees
production-1869-70	49	15.13	colmmm	cesecees vvvssesensesves seevee svereevssery eveverees voovesves oxveess <<colmmm>>	column
production-1869-70	49	16.0	ontes	<<ontes>> samuel t novaub se coors sreetaneeaneseernmnnesanes arenes	antes|contes|fontes|montes|notes|ntes
production-1869-70	49	16.8	vevesee	samuel t novaub se coors sreetaneeaneseernmnnesanes arenes <<vevesee>> noveoa cily	devisee
production-1869-70	49	16.9	noveoa	t novaub se coors sreetaneeaneseernmnnesanes arenes vevesee <<noveoa>> cily	novela|novena|novoa
production-1869-70	49	18.0	orloll	<<orloll>> joba av sseseevee core baceamich eo eerecsevees	roll
production-1869-70	49	18.10	soseerers	sseseevee core baceamich eo eerecsevees revnvenen vesvovere <<soseerers>> otesveres vorveeey vxresey folboid	steerers
production-1869-70	49	18.14	folboid	eerecsevees revnvenen vesvovere soseerers otesveres vorveeey vxresey <<folboid>>	forbid
production-1869-70	49	19.10	serrvs	scccrerceecee mariposa ee erereererees sesusvsuveneseuevesre svavernee lenersevee <<serrvs>> ceseeneer hlotditob	serres|servs
production-1869-70	49	21.1	willinin	robinson <<willinin>> n ban diogo sssss sssesssssesssssorssssesorssesrons seerevessssbonth ban	willing
production-1869-70	49	23.14	franciveo	veces ereete eevee cececeeee ereeee eoenee sint <<franciveo>>	francisco
production-1869-70	49	25.6	ceseen	ryan thomas p ban kranelsenescsees cose <<ceseen>> reeves sever envene on vores seveeee sod	beseen
production-1869-70	49	27.8	sreere	l seeccseeveseveeeeee colusa and tebames sseeessreeresevsresseresees severe <<sreere>> oases cdr range	steere
production-1869-70	49	29.9	evore	b banta clara cee cess cecesese vrssesseesee <<evore>> boveeesseserrerssoenern sa jorg	devore|ecore|efore|evere|evoe|evoke
production-1869-70	49	30.0	bhorea	<<bhorea>> wor cseseenee vrooee bidkiyou seveeneee veveevere seemeeeceernaveerereens	chorea|horea|shorea
production-1869-70	49	30.4	bidkiyou	bhorea wor cseseenee vrooee <<bidkiyou>> seveeneee veveevere seemeeeceernaveerereens neerrsrer eres boot bar	siskiyou
production-1869-70	49	31.5	nevrur	slicer t av rsereseoee veereeeee <<nevrur>> se scceceres serevenre svveenses snvevsere se verssen	never
production-1869-70	49	31.12	verssen	nevrur se scceceres serevenre svveenses snvevsere se <<verssen>> coveresee seesvevee moufo r flat	vessel
production-1869-70	49	31.13	coveresee	se scceceres serevenre svveenses snvevsere se verssen <<coveresee>> seesvevee moufo r flat	oversee
production-1869-70	49	31.15	moufo	serevenre svveenses snvevsere se verssen coveresee seesvevee <<moufo>> r flat	mofo|mouf
production-1869-70	49	32.10	sneeey	seeveecsessees bamtumcdio sss sesersseveersveena neers vesenreee server <<sneeey>> sveseoreves which ton	sneery|sneezy
production-1869-70	49	33.8	gilrey	t r sreveere banta claris neces en <<gilrey>>	gilbey|gilkey|gilley|gilroy
production-1869-70	49	34.9	eeerver	fbi vomit s reee reece senneysereeesosnse cesnvenen <<eeerver>> serseesovevecns lwoit ys	server
production-1869-70	49	36.5	cvee	walden miner tnnislan and mereeu <<cvee>> sevrrevee orerreerereroee tuolumne city	avee|cee|chee|ciee|clee|coee
production-1869-70	49	38.12	bodofa	toy herr core cere oceceree teeter cee <<bodofa>>	bodega
production-1869-70	49	39.3	calnverns	young a reveeesccrerssreere <<calnverns>> vrece verses ercvecenscncsersrseree rossege saeery vere mokelumne	calaveras
production-1869-70	49	39.4	vrece	young a reveeesccrerssreere calnverns <<vrece>> verses ercvecenscncsersrseree rossege saeery vere mokelumne hill	grece|rece|trece|vece|vrede|vree
production-1869-70	49	39.8	saeery	a reveeesccrerssreere calnverns vrece verses ercvecenscncsersrseree rossege <<saeery>> vere mokelumne hill	savery|seery|skeery|sneery
production-1869-70	49	44.9	prorver	assistant clerk verecseersesrevere scores sesereresnee revere seernvens <<prorver>> bigkiyou	prover
production-1869-70	49	44.10	bigkiyou	clerk verecseersesrevere scores sesereresnee revere seernvens prorver <<bigkiyou>>	siskiyou
production-1869-70	49	45.4	loade	perkins dana ceeeesereree dep <<loade>> b atm cceeercore opersvescve reeves coverrere severe	coade|lade|leade|load|loaded|loaden
production-1869-70	49	46.10	snenen	assistant sergeant at arms s s vst <<snenen>> seme este pfrbdos	senen|sennen|seven|sneden|sneen
production-1869-70	49	47.0	bonodict	<<bonodict>> nowron minute clerk scscere cocecrereresnessne recor server	benedict
production-1869-70	49	47.1	nowron	bonodict <<nowron>> minute clerk scscere cocecrereresnessne recor server secersoree	bowron|gowron|noron|nowon
production-1869-70	49	47.4	scscere	bonodict nowron minute clerk <<scscere>> cocecrereresnessne recor server secersoree sd piabciscu	sincere
production-1869-70	49	49.8	seeres	fenwick engrossing clerk rere cesecsere rere voverepee <<seeres>> ovrves cores mmctamene	heeres|meeres|seemes|seeress|seers|seres
production-1869-70	49	50.5	clork	venshnaw a ja s utdbl <<clork>> cccvcseseseoe senses srvreeves enssorersosern toate county	clark|clerk|cloak|clock|clonk|clor
production-1869-70	49	52.9	ereree	d sccseeeseef copying c ork seer necerseten <<ereree>> seeees seston rvereoeersdrd fertcison	emeree|everee|reree
production-1869-70	49	53.0	cruwfurd	<<cruwfurd>> b j e clerk at tho desk	crawford|crawfurd
production-1869-70	49	54.10	sseres	cer clerk to borgoant nt arms ssrosssessers <<sseres>> sosver eosersseesvonesdotamoneg	seres|skeres
production-1869-70	49	54.11	sosver	clerk to borgoant nt arms ssrosssessers sseres <<sosver>> eosersseesvonesdotamoneg	soever|solver|soster|sover
production-1869-70	50	1.0	witit	<<witit>> name residence date of appointment and date	wisit|wistit|withit|witht|witi|witt
production-1869-70	50	5.2	swwh	duties of <<swwh>> officers approved murch	awwh|swh|sww|wwh
production-1869-70	50	14.3	metander	january n on <<metander>> heriot mode er suevorees vevrvones evures	meander|melander|menander
production-1869-70	50	14.9	evures	on metander heriot mode er suevorees vevrvones <<evures>>	enures|eures
production-1869-70	51	5.1	rerere	january <<rerere>> join wallixter new maven crverenee cores onserners	refere|reree|revere
production-1869-70	51	16.8	vssessons	vere simeon w tdg chica lo vessorssvees <<vssessons>> eresese ones tune	assessors
production-1869-70	51	16.9	eresese	simeon w tdg chica lo vessorssvees vssessons <<eresese>> ones tune	reese
production-1869-70	51	18.2	pawo	duvemlor rr <<pawo>> fale congo vriisessesteveecessse iesessuve spanegsee senses eee	awo|jawo|lawo|pabo|paco|pago
production-1869-70	51	23.5	vereveer	august william a burton ottmann <<vereveer>> october	verveer
production-1869-70	52	7.8	sserey	coors fh owen ove lorisviiic sc resverevee <<sserey>> veervevee ay dav	sere|serey
production-1869-70	52	9.9	sunnve	rane pagan ssssneee tooulrv emo sssrsres sore <<sunnve>> sveee none seaesenne pe neneees	sunne|sunnie
production-1869-70	52	9.10	sveee	pagan ssssneee tooulrv emo sssrsres sore sunnve <<sveee>> none seaesenne pe neneees	seee|seeee|svee|sveen
production-1869-70	52	14.8	outoher	george w christy now orlonnd ccceerce coeererre <<outoher>>	other|outher
production-1869-70	52	15.0	augaat	<<augaat>> jastin crstanivvecvrn new orleans ose rere eeoreree	august
production-1869-70	52	15.8	vetober	jastin crstanivvecvrn new orleans ose rere eeoreree <<vetober>>	october|vetoer
production-1869-70	52	18.9	sovver	fondursun a morse new ofiebne ervcven eevee <<sovver>> seevnveee oy	bovver|soever|solver|sover
production-1869-70	52	20.4	graboin	july tro scorers faire <<graboin>> rre e new orleans secscrssepy serseenee cessed	grabbin|graboid|grain
production-1869-70	52	22.3	bugtis	december john g <<bugtis>> new oficune seseeree reves vevenees se resvenn	bugis|bugti|burtis
production-1869-70	52	22.8	vevenees	john g bugtis new oficune seseeree reves <<vevenees>> se resvenn preevesrennsees	revenues
production-1869-70	52	22.10	resvenn	bugtis new oficune seseeree reves vevenees se <<resvenn>> preevesrennsees	resent
production-1869-70	52	24.8	adreda	orn david ww become e opin nnn <<adreda>>	adread|adrena
production-1869-70	53	2.3	nauwe	date of appointment <<nauwe>> evidence dato of filing outh	nauce|naude|nause|nawe|nuwe
production-1869-70	53	5.5	dowford	april jamun m bunker new <<dowford>> svccrcsecrereedune	doxford
production-1869-70	53	6.3	binnoy	february william c <<binnoy>> e amosluly seosevee vrsersee coeveceee roonerees oereesees	binney|binny|binoy
production-1869-70	53	7.4	slorton	may op anmrow j <<slorton>> e bust veseereecrsevessereree cosee cress oly	lorton|scorton
production-1869-70	53	7.8	cosee	op anmrow j slorton e bust veseereecrsevessereree <<cosee>> cress oly	codee|coee|cofee|cohee|colee|comee
production-1869-70	53	8.1	auguatas	august <<auguatas>> ae a ee	augustus
production-1869-70	53	11.1	bonjumin	may <<bonjumin>> a q fuller west rosduty s y	benjamin
production-1869-70	53	12.1	luky	august <<luky>> lymad cceeee noteaatptut ceccere vce ceveveven seveerens	fluky|laky|lky|luby|lucky|lucy
production-1869-70	53	12.2	lymad	august luky <<lymad>> cceeee noteaatptut ceccere vce ceveveven seveerens eetees	lumad|lyman
production-1869-70	53	12.5	ceccere	august luky lymad cceeee noteaatptut <<ceccere>> vce ceveveven seveerens eetees nevennens	cecere
production-1869-70	53	12.9	eetees	lymad cceeee noteaatptut ceccere vce ceveveven seveerens <<eetees>> nevennens	eevees
production-1869-70	53	14.0	soptomber	<<soptomber>> dunic sharp ecosves burlun sersevvees veever vvener	september
production-1869-70	53	14.1	dunic	soptomber <<dunic>> sharp ecosves burlun sersevvees veever vvener ooreveenoveiudet	danic|dinic|donic|dunc|duni|dunia
production-1869-70	53	14.3	ecosves	soptomber dunic sharp <<ecosves>> burlun sersevvees veever vvener ooreveenoveiudet	coves
production-1869-70	53	14.4	burlun	soptomber dunic sharp ecosves <<burlun>> sersevvees veever vvener ooreveenoveiudet	burlin
production-1869-70	53	14.6	veever	soptomber dunic sharp ecosves burlun sersevvees <<veever>> vvener ooreveenoveiudet	beever|deever|heever|keever|peever|reever
production-1869-70	53	14.7	vvener	soptomber dunic sharp ecosves burlun sersevvees veever <<vvener>> ooreveenoveiudet	avener|evener|vener
production-1869-70	53	22.3	slinnd	september k we <<slinnd>> escsecscccel bb lower wocssese oecseeeeee esses docomboe	blind|slinn
production-1869-70	53	23.5	eseree	january tsb snes thenddore papin <<eseree>> bt tould ss oveeve vorsessevee sovvsonve eh	deseree|emeree|esere|eserve|everee
production-1869-70	53	24.7	sscove	december ven jame b clemens bt lois <<sscove>> revseee verses druuaty	scope|scove
production-1869-70	53	24.8	revseee	ven jame b clemens bt lois sscove <<revseee>> verses druuaty	revere
production-1869-70	53	28.0	novombor	<<novombor>> hamu burke ss sew pett nnn ma	november
production-1869-70	54	0.0	oommi	<<oommi>> stoners of debezds th	commi|commit|iommi|tommi
production-1869-70	54	4.2	oseeen	august trb <<oseeen>> ae j hund ford ees seves pattorwoerneeesseersoee	osteen|seven
production-1869-70	54	4.8	seves	trb oseeen ae j hund ford ees <<seves>> pattorwoerneeesseersoee cre ennnee ceevenen opeesveer tenons	eves|leves|neves|reves|saves|sedes
production-1869-70	54	7.4	biuller	jane b cc thomas <<biuller>> new york chf soeceesne nse ooere auibure	biller|buller
production-1869-70	54	7.10	ooere	thomas biuller new york chf soeceesne nse <<ooere>> auibure	boere|okere|omere|opere
production-1869-70	54	7.11	auibure	biuller new york chf soeceesne nse ooere <<auibure>>	auburn
production-1869-70	54	9.7	secce	june fro r anderson now york city <<secce>> crosses qutoher	ecce|lecce|recce|seace|secc|secco
production-1869-70	54	10.6	veccee	tude rgo ereere saic swat rere <<veccee>> now yolk cityeccreree srrrveere auzuse	decree
production-1869-70	54	11.7	sssesee	june andrew j henion new vork city <<sssesee>> ssrorecee october	assessee
production-1869-70	54	13.6	soveee	august michael phillips nuw yurk cilyscccvoree <<soveee>> eevee october x	loveee|severe
production-1869-70	54	14.1	gurdun	august <<gurdun>> lg ford se e beuoklyd eesesensserseseee sovseeeejutohur	burden|gudrun|gurden|gurdon|gurjun
production-1869-70	54	15.8	seovey	brave fuller see now york citysssccseey seererees <<seovey>> sonssere seveeeers	seavey|selvey
production-1869-70	54	16.5	berritn	august cc c as j <<berritn>> ssccsscocee now york ae le	berrian|berrien|berrin
production-1869-70	54	18.7	seece	november james co cloyd new york city <<seece>> seco eeeee murch	leece|meece|reece|seace|seech|seee
production-1869-70	54	19.2	furniag	november william <<furniag>> new york city ss soverrnerccseserse pevvesey sonens	furnia
production-1869-70	54	19.9	sonens	furniag new york city ss soverrnerccseserse pevvesey <<sonens>>	ponens|sones|sowens
production-1869-70	54	20.0	deermber	<<deermber>> u h william jr new york city	december
production-1869-70	54	22.6	cccse	january william sntphen new york oity <<cccse>> seosmvesree april	cccs
production-1869-70	54	23.6	essees	january dexter cilmolc ubicibssseceree vrereerrereeree veossnnnr <<essees>> ereerssee sesensnne	essenes|essers|esses|lessees
production-1869-70	54	27.9	eecese	je piu secceence vescseee new dork city <<eecese>> eserves cee april	excess
production-1869-70	54	28.6	ossee	may seceveesreees orrin well cece cee <<ossee>> by toxic ecoveree revereres severe suptummber	osee|osse|osseo|osses|osset|ossie
production-1869-70	54	28.9	ecoveree	orrin well cece cee ossee by toxic <<ecoveree>> revereres severe suptummber	recoveree
production-1869-70	54	28.10	revereres	well cece cee ossee by toxic ecoveree <<revereres>> severe suptummber	referees
production-1869-70	54	29.8	ceoee	charles c jones jr now york citys <<ceoee>> seers sreevceee uly	coee|cooee
production-1869-70	54	30.8	svecee	ss david mcadam now vork citysessceere sees <<svecee>> uly o	secre
production-1869-70	54	35.2	villing	august u <<villing>> lett new york citfovesees rere nrtuene lh	billing|dilling|filling|gilling|hilling|illing
production-1869-70	54	41.3	sonderson	november j tee <<sonderson>> btookiyn cecees seererere sesevveevek chruary	sanderson
production-1869-70	54	41.4	btookiyn	november j tee sonderson <<btookiyn>> cecees seererere sesevveevek chruary	brooklyn
production-1869-70	54	43.3	dolingon	december george p <<dolingon>> new york chy rvessseee sorserseeree muureh	dominion
production-1869-70	54	43.9	muureh	p dolingon new york chy rvessseee sorserseeree <<muureh>>	mure
production-1869-70	54	44.10	seaee	names new yurk city scccvcsesjesrereseevcseee sesceee cere <<seaee>>	saee|seabee|seace|seale|sease|seate
production-1869-70	54	45.10	coseen	tart now york city ccsee esse cesses <<coseen>> esse specseers	coleen|coneen|coreen|cosen|costen|coween
production-1869-70	54	47.8	ecsre	charles t morsen jnow yurk city cccsee <<ecsre>> recone march	ecore|ecse
production-1869-70	54	47.9	recone	t morsen jnow yurk city cccsee ecsre <<recone>> march	rebone|recode|recoke|recon|recons|recore
production-1869-70	54	48.0	junnary	<<junnary>> archibuld cushman new york city ces eeeesoerseecb	january
production-1869-70	54	48.1	archibuld	junnary <<archibuld>> cushman new york city ces eeeesoerseecb rit	archibald|archibold
production-1869-70	54	49.9	dureh	b maclay now york city cesses sersveeseee <<dureh>>	durch|dure|duree|duren|durer|dures
production-1869-70	54	50.9	mureh	c banks new york city cec seers <<mureh>>	mareh|moreh|murah|murch|mure|muren
production-1869-70	54	54.0	mureh	<<mureh>> y lvuster lay new york city cs	mareh|moreh|murah|murch|mure|muren
production-1869-70	54	54.2	lvuster	mureh y <<lvuster>> lay new york city cs ss ressees	louster|luster
production-1869-70	54	54.9	ressees	lvuster lay new york city cs ss <<ressees>> seers any	lessees|resses
production-1869-70	54	57.1	ldwned	mav <<ldwned>> mckinley now york ch vececcceceetooccc	lawned|owned
production-1869-70	55	3.8	suptomber	josiah h bissell roghcrtor s seseerrereeree eeeeeeee <<suptomber>>	september
production-1869-70	55	4.5	nseee	taly cccenee j co sehnuloye <<nseee>> now york city rr a	neee|seee
production-1869-70	55	5.6	sereove	september nuthaniv gilles new york oty <<sereove>> srvrrenee november	serve
production-1869-70	55	6.1	epry	september <<epry>> c howells now york olbyssecees serene november	eary|eery|emry|enry|eppy|epr
production-1869-70	55	8.7	oseee	october hiram ls nston new york city <<oseee>> oreeeedecember	osee|seee
production-1869-70	55	9.7	rorsee	november cicurge br jaques new york city <<rorsee>> ssee december	forsee|rosee
production-1869-70	55	10.8	evsne	fred n areltatg cc new york city <<evsne>> seers january	esne|evse
production-1869-70	55	11.7	reveer	december rufus k meslarg nuw york city <<reveer>> reereeee et rusty	reever|reveler|rever|revere|reverer|revier
production-1869-70	55	12.8	scoorcese	charles h j utes new york city <<scoorcese>> sree cone march	scorcese
production-1869-70	55	13.6	ecoves	december william dann new york city <<ecoves>> reer ered february j	coves|ecoles|ecover
production-1869-70	55	23.8	coneee	marshall boll oi new york city serveeee <<coneee>> seoveees juno	coneen|congee|conlee|connee|contee
production-1869-70	55	24.10	cecces	phoodure fp demarest now york city scee <<cecces>> cecesevee tensor seeker vere	recces
production-1869-70	55	26.9	oseee	p hull jr now york city sensor <<oseee>> wee duly	osee|seee
production-1869-70	55	27.1	recee	tune <<recee>> tuthon talvir cccerseeree now yok cilyerererrcee coesecere	recce|rece|recede|recei|recen|recep
production-1869-70	55	27.2	tuthon	tune recee <<tuthon>> talvir cccerseeree now yok cilyerererrcee coesecere ceveesece	tution|tutton
production-1869-70	55	27.3	talvir	tune recee tuthon <<talvir>> cccerseeree now yok cilyerererrcee coesecere ceveesece srereesrenerees	talvik|talvin|tanvir
production-1869-70	55	28.9	eeeoee	k hackett new york ch essesens veer <<eeeoee>> august	eeeee|eeeeee
production-1869-70	55	29.7	ofby	tuly edward fp corey tru new york <<ofby>> cccens soesessesvvereed uly	obby|oby|ofay|ofb|offy|ofmy
production-1869-70	55	29.8	cccens	edward fp corey tru new york ofby <<cccens>> soesessesvvereed uly	access
production-1869-70	55	30.4	monnon	august u william d <<monnon>> now york city ccccsves losses cecevesen seesreves	connon|mannon|mondon|monnin|monnow|monon
production-1869-70	55	35.5	blomt	december rg cscs le w <<blomt>> sesssees ovos e now yok city soressvertereevesssrersserenenensnven	bloat|blom|blome|blot|blott|blout
production-1869-70	55	35.6	sesssees	december rg cscs le w blomt <<sesssees>> ovos e now yok city soressvertereevesssrersserenenensnven senses	lessees
production-1869-70	55	35.7	ovos	december rg cscs le w blomt sesssees <<ovos>> e now yok city soressvertereevesssrersserenenensnven senses	avos|evos|novos|odos|oios|ojos
production-1869-70	55	36.7	veveen	december chaanovy b clark sy tmcuau srssceey <<veveen>> sverveees enesecses sesenn suservees	neveen|vereen
production-1869-70	55	36.10	sesenn	clark sy tmcuau srssceey veveen sverveees enesecses <<sesenn>> suservees	sesen
production-1869-70	55	41.1	veeene	march <<veeene>> atk mase terrererrore bona a ine	venene|verene
production-1869-70	55	43.3	habbari	february thor a <<habbari>> newer en ee serves vsenpenes sprees	habari|hubbard|jabbari
production-1869-70	56	0.3	ivit	commissioners of deeds <<ivit>>	evit|icit|idit|ifit|ihit|iiit
production-1869-70	56	10.0	ovtobor	<<ovtobor>> joe a harvey cccce tenow serreveee seers	october
production-1869-70	56	10.5	tenow	ovtobor joe a harvey cccce <<tenow>> serreveee seers ongeeeee coresnenee detober	enow|tebow|teno|tenon|tenor|teow
production-1869-70	56	11.0	novombor	<<novombor>> jamus m merciith aurora eeteessererecrsee veeveeedevoniber	november
production-1869-70	56	12.4	coeee	december n shall escc <<coeee>> hole plll secneee veerereee ceoeeendevember	codee|coee|coene|cofee|cohee|colee
production-1869-70	56	12.6	plll	december n shall escc coeee hole <<plll>> secneee veerereee ceoeeendevember	alll|illl|lll|llll|pall|pell
production-1869-70	56	12.7	secneee	december n shall escc coeee hole plll <<secneee>> veerereee ceoeeendevember	secrete
production-1869-70	56	13.8	seovee	charles g hubbard lone city sse vecveseee <<seovee>> eeees mupoh	seevee
production-1869-70	56	13.10	mupoh	hubbard lone city sse vecveseee seovee eeees <<mupoh>>	mutoh|upon
production-1869-70	56	14.1	ibbt	january <<ibbt>> o oo uw gu lillie s e	bbt|ibb|ibbi|ibbs|ibby|ibt
production-1869-70	56	16.3	soeemes	june isbt ore <<soeemes>> a stephens told hdl seeseee sereevees serenn	seemes
production-1869-70	56	16.8	seeseee	isbt ore soeemes a stephens told hdl <<seeseee>> sereevees serenn orem ts by i	seeeee|seesee
production-1869-70	56	16.10	serenn	soeemes a stephens told hdl seeseee sereevees <<serenn>> orem ts by i	serean|sereen|seren|serena|serene|sereni
production-1869-70	56	17.7	belinont	july verre ceeereel il me barns ceeeseceee <<belinont>> ceceee veceee eoeereree rere uguat	belmont
production-1869-70	56	17.8	ceceee	verre ceeereel il me barns ceeeseceee belinont <<ceceee>> veceee eoeereree rere uguat	cecere|ceecee|decree
production-1869-70	56	17.9	veceee	ceeereel il me barns ceeeseceee belinont ceceee <<veceee>> eoeereree rere uguat	decree|vecere
production-1869-70	56	17.12	uguat	barns ceeeseceee belinont ceceee veceee eoeereree rere <<uguat>>	guat
production-1869-70	56	18.1	wbgt	august <<wbgt>> sce we se blak essccese covers adsein	bgt|lbgt|wbat|wbg|wbt|wgt
production-1869-70	56	18.8	adsein	wbgt sce we se blak essccese covers <<adsein>> cesseveee server senses rornee seplciaet	dasein
production-1869-70	56	18.12	rornee	blak essccese covers adsein cesseveee server senses <<rornee>> seplciaet	ronee
production-1869-70	56	19.4	bochtel	detober sores be re <<bochtel>> esserevee aulole sersseee sssrrenerere srvevvereoelober	bechtel|buchtel
production-1869-70	56	19.6	aulole	detober sores be re bochtel esserevee <<aulole>> sersseee sssrrenerere srvevvereoelober	alone|julole
production-1869-70	56	20.1	embur	ph <<embur>> lyman c crockett dayton oo sees veveceese	ambur|embar|ember|embu|embury|embus
production-1869-70	56	21.5	ecvre	wauary b shannen washoe city <<ecvre>> r annnry	care|ecore
production-1869-70	56	22.2	lovejuy	january ke <<lovejuy>> crore voce crystal ponk c ssseeve sorevereeehedruary	lovejoy
production-1869-70	56	23.7	pebrunry	february john webber gold till cece eeeeneene <<pebrunry>> lrb	february
production-1869-70	56	28.7	vooree	december john gray rvesesvee seen htatnilton vorevesverevesseee <<vooree>> december	cooree
production-1869-70	56	30.8	verecer	richard w billett llamilton sess revecseee seers <<verecer>> seservers cveseeens	veneer|vereker
production-1869-70	56	30.9	seservers	w billett llamilton sess revecseee seers verecer <<seservers>> cveseeens	reserves
production-1869-70	56	34.7	ccee	january henry m morgan e ha milton <<ccee>> cvocnere oveovesee fudtuaty	acee|cce|ccea|cced|cces|ccie
production-1869-70	56	38.1	ourtia	february <<ourtia>> m lindlioy treasure city eoeeeeeobruaty	curtia
production-1869-70	56	39.2	louvi	february s <<louvi>> p pock oseerove tronsure cityrerssssecenres coevnenee eres	loui|lousi|louv|louve|louvin|lovi
production-1869-70	56	39.6	tronsure	february s louvi p pock oseerove <<tronsure>> cityrerssssecenres coevnenee eres may	tonsure|treasure
production-1869-70	56	40.1	lbgd	udiualy <<lbgd>> cerccce ce we belud r srrvvrece leb	bgd|lbd|lbg|lbgt|lgd
production-1869-70	56	40.5	belud	udiualy lbgd cerccce ce we <<belud>> r srrvvrece leb oerevvcce vvvreceee crouse vested	belaud|beld|belu|belum|belur|belus
production-1869-70	56	41.1	juhm	february <<juhm>> we kittrell cceeoelmaiilton ccsreeee sosneee wovecees vseesevsneety	jhm|jhum|johm|juh|juha|juhi
production-1869-70	56	43.10	cesees	sessvvseesesece homiion sssccossorseceeel voevenen en reerwensen enous <<cesees>>	cases|cesses
production-1869-70	56	46.4	greonwall	april sseesceoee te we <<greonwall>> esseveee trcqsure oily os ceseee eoeveveen coeataece	greenwall
production-1869-70	56	46.9	ceseee	te we greonwall esseveee trcqsure oily os <<ceseee>> eoeveveen coeataece sures seneseees	lessee
production-1869-70	56	47.5	essoe	april w b a keller <<essoe>> treasure city seoees oesere cossereey orssssene cvssonnes	esse|essie|esso|esson|essop|essor
production-1869-70	56	47.9	oesere	b a keller essoe treasure city seoees <<oesere>> cossereey orssssene cvssonnes severe	desere|esere|oeser
production-1869-70	56	48.4	proasure	april richard kb poston <<proasure>> city ooo cescee evvevenes cevcvoven craves seesesees	preasure
production-1869-70	56	48.7	cescee	april richard kb poston proasure city ooo <<cescee>> evvevenes cevcvoven craves seesesees	ceecee
production-1869-70	56	50.7	rnence	april prescott robinson wamswottl ccsveece ercree vee <<rnence>> pevereene sepsevess	rence|rience|thence
production-1869-70	56	55.5	ercee	tune refer foc a harvey <<ercee>> waaswoted e evern ee oeerees vevevenedung	arcee|emcee|erceg
production-1869-70	56	56.2	uhotso	suly vscoesoseee <<uhotso>> b hnidaor cece bfimoral chf eosecscsceeveuel ovveesssvneecercoseeeey	khotso
production-1869-70	56	57.10	anguat	eevee hugh m gregory mineral city seseereee <<anguat>>	angat
production-1869-70	56	58.9	sevenvene	bl c stovona hamilton se csvsrerer seeversevsveven <<sevenvene>> sesevenee	seventeen
production-1869-70	56	59.6	sceerer	august charles h vish virginia city <<sceerer>> eeerere auzuse	scheerer|scherer|sheerer|sneerer|steerer
production-1869-70	56	61.3	bogord	december f a <<bogord>> secesecere bikes eeseeceerencnsees siors terevereducembor	bogard|bogor|boord
production-1869-70	56	61.7	siors	december f a bogord secesecere bikes eeseeceerencnsees <<siors>> terevereducembor	shors|sions|sior|sios|sirs|sors
production-1869-70	56	62.6	ervere	april eee be m byun terre <<ervere>> umtonelo orev a	evere|revere
production-1869-70	57	3.0	suplember	<<suplember>> renbon tyler cincinnati sessseees eee november	september
production-1869-70	57	3.1	renbon	suplember <<renbon>> tyler cincinnati sessseees eee november	rendon|renon|renton
production-1869-70	57	5.8	optember	oe alexander h mcguffy cincinnati seers eon <<optember>>	september
production-1869-70	57	8.9	oossse	s ers james adds jr cleveland sccrceve <<oossse>> vee atubt	losses
production-1869-70	57	8.11	atubt	james adds jr cleveland sccrceve oossse vee <<atubt>>	adult
production-1869-70	57	12.8	kebruury	thomas d winchester mpire city serve eeoceere <<kebruury>>	february
production-1869-70	57	14.2	oharion	bay er <<oharion>> a gardner ported ssesscceersevree cesses serererer my	omarion|orarion
production-1869-70	57	16.3	huotby	march severe sure <<huotby>> hl dubai portland rsereve revere cereevere seesereon	hobby
production-1869-70	57	16.12	sveree	dubai portland rsereve revere cereevere seesereon vovergene <<sveree>>	averee|everee|sheree|sverre|veree
production-1869-70	57	20.8	rreees	se t jackson philadel phit sssrve voreeseeerrerscseecceeseere <<rreees>>	trees
production-1869-70	57	21.0	augaat	<<augaat>> bamuol uncy philadelphia s rs verses detubor	august
production-1869-70	57	21.1	bamuol	augaat <<bamuol>> uncy philadelphia s rs verses detubor	baumol|samuel
production-1869-70	57	22.6	ereevee	september edward shippen philadelphite ro sere <<ereevee>> deoutmber	reeves
production-1869-70	57	24.10	ebruury	berry oo litasville evr cose vesrereee nk <<ebruury>>	february
production-1869-70	57	25.7	cpeser	january edward yaridloy pottsville s sssceecere seveueee <<cpeser>> veserenee preeenece	caeser|cheser
production-1869-70	57	25.9	preeenece	yaridloy pottsville s sssceecere seveueee cpeser veserenee <<preeenece>>	presence
production-1869-70	57	26.6	cvser	march edward h thorp philadelphia s <<cvser>> sosvesseesseensee covers everveses	caser|coser|cser
production-1869-70	57	27.3	toucr	april kinley j <<toucr>> oe philadolphity crcrccree corverereerceee may	touch|tour
production-1869-70	57	28.3	morrigu	august be b <<morrigu>> seers piutedute occoser ovcersene sveresen spesnenen cervesens	morris
production-1869-70	57	28.6	occoser	august be b morrigu seers piutedute <<occoser>> ovcersene sveresen spesnenen cervesens roses	october
production-1869-70	57	28.7	ovcersene	august be b morrigu seers piutedute occoser <<ovcersene>> sveresen spesnenen cervesens roses	oversee
production-1869-70	57	29.4	pbith	august frederick dittman philadel <<pbith>> s r eessveree sresnenee srrvenees sveres	bith|pith
production-1869-70	57	29.10	sveres	philadel pbith s r eessveree sresnenee srrvenees <<sveres>>	seres|sevres|skeres|veres
production-1869-70	57	31.4	philadulphin	february william h whitehead <<philadulphin>> sere eeeee march	philadelphia
production-1869-70	57	32.11	secsay	m barlow philadelphia s scee serrevees epsonseee <<secsay>> vresseses	sesay
production-1869-70	57	33.4	philadelpbin	muy frunk f brightly <<philadelpbin>> c eccreresscerrseer vere uutiy	philadelphia
production-1869-70	57	34.2	sccee	aly c <<sccee>> c ee mopgatssscoccssse phitmdelphltow ccccccccoscteccsssccccescocsvoers oveees sevens	scee|scree|sycee
production-1869-70	57	34.8	oveees	c sccee c ee mopgatssscoccssse phitmdelphltow ccccccccoscteccsssccccescocsvoers <<oveees>> sevens	levees
production-1869-70	57	35.8	ekebruary	esse thevilore d rand philadelphia es oseee <<ekebruary>>	february
production-1869-70	57	37.5	secoes	april joshua spering philadelphia ccscseee <<secoes>> cevereere ruby	secos
production-1869-70	57	38.0	soptembor	<<soptembor>> joho tancook c philadel phins veorsseer cssee	september
production-1869-70	57	38.2	tancook	soptembor joho <<tancook>> c philadel phins veorsseer cssee revcerces sbreovene	hancock|tancock
production-1869-70	57	38.8	revcerces	joho tancook c philadel phins veorsseer cssee <<revcerces>> sbreovene	reverses
production-1869-70	57	39.7	danunry	december henry phillips jr philadelphia s more <<danunry>>	january
production-1869-70	57	40.3	junvier	february f robert <<junvier>> philadel pliiue sccree ose ov cere dlareh	janvier|junior|junkier
production-1869-70	57	40.6	sccree	february f robert junvier philadel pliiue <<sccree>> ose ov cere dlareh	mccree|scree
production-1869-70	57	41.3	philudel	february samuel taylor <<philudel>> phias see recess eeeese dkarch	philadel
production-1869-70	57	41.4	phias	february samuel taylor philudel <<phias>> see recess eeeese dkarch	hias|phas|phia|phial|phials|phils
production-1869-70	57	41.8	dkarch	samuel taylor philudel phias see recess eeeese <<dkarch>>	darch|diarch|duarch|karch|march
production-1869-70	57	43.4	philadolphin	may w penny packer <<philadolphin>> sro sereceee ereree veereeres sveseeene	philadelphia
production-1869-70	57	43.7	ereree	may w penny packer philadolphin sro sereceee <<ereree>> veereeres sveseeene	emeree|everee|reree
production-1869-70	58	3.3	propld	february henry sart <<propld>> esl veeoe march	prople
production-1869-70	58	3.5	veeoe	february henry sart propld esl <<veeoe>> march	veere
production-1869-70	58	12.5	resrcce	february us b stock ton <<resrcce>> llouleom es covsseres soeneveee ovesesees vreeeener renrener	rescue
production-1869-70	58	12.12	renrener	resrcce llouleom es covsseres soeneveee ovesesees vreeeener <<renrener>> sence	renderer
production-1869-70	58	19.6	everens	december william bartimeorer bredoricheburgon errr be <<everens>> penveenes resses seneeeses	everets
production-1869-70	58	22.3	bithtt	december h kinkeusl <<bithtt>> csesees svevsereespsees soseoseee september	bight
production-1869-70	58	22.4	csesees	december h kinkeusl bithtt <<csesees>> svevsereespsees soseoseee september	lessees
production-1869-70	58	23.14	ebrnary	sued es cccese cseserese ceveee sevesereen lb <<ebrnary>>	february
production-1869-70	59	3.3	monilers	september n david <<monilers>> n m prosevtty sissies sorseoen vores september	monikers
production-1869-70	59	3.8	sorseoen	n david monilers n m prosevtty sissies <<sorseoen>> vores september	horsemen
production-1869-70	59	5.6	aligunh	novurmbor c it brink cscs hoover <<aligunh>> ditysevcrerssorneee sescceven vvevsene peresenes crrzee	align
production-1869-70	59	5.10	peresenes	brink cscs hoover aligunh ditysevcrerssorneee sescceven vvevsene <<peresenes>> crrzee	presents
production-1869-70	59	5.11	crrzee	cscs hoover aligunh ditysevcrerssorneee sescceven vvevsene peresenes <<crrzee>>	crazee|cree
production-1869-70	59	10.10	eccere	severeoee sold ey cullen secvvoereee washington city <<eccere>> cocseeereerem et une	cecere|cere
production-1869-70	59	12.7	waehin	july t ceererce sohn f cullen seeseoveeee <<waehin>> eton cues coover oreesonrnersens roveenovonre	washin|within
production-1869-70	59	13.12	sperenee	williams washington city scenes rosen ervensees oosvvsnes <<sperenee>>	serene
production-1869-70	59	14.1	prederiek	january <<prederiek>> kovunes washington city i aenan seeceeees	frederick
production-1869-70	59	14.6	aenan	january prederiek kovunes washington city i <<aenan>> seeceeees	adnan|aedan|aena|aenean|aenon|afnan
production-1869-70	59	17.3	ssseu	november lona luheastetit <<ssseu>> raby cily erevceeesveee corvrvelbcourmboer	issue
production-1869-70	59	19.5	ssever	december theodore burmester oise city <<ssever>> oe seetee soy eorereed analy	assever|seever|sever|siever|soever|stever
production-1869-70	59	20.7	seerene	january james ly man ber oy sreermarnerne <<seerene>> fodeubey	serene|sherene
production-1869-70	59	24.0	utait	<<utait>> territory	etait|tait|utai|utair
production-1869-70	60	5.7	uebober	september il parkoresseessosseesevees wall wall sevssseveseree sresseree <<uebober>>	webber
production-1869-70	60	18.3	sseneen	july had starke <<sseneen>> jona seeseees sone november	sereen
production-1869-70	64	22.9	superintena	office of superintendent of public schools author <<superintena>>	superintend
production-1869-70	64	23.11	rbnhe	the above entitled act and particularly mentioned <<rbnhe>>	range|renhe
production-1869-70	65	7.11	suporin	salary now provided by law for such <<suporin>>	suvorin
production-1869-70	65	9.0	datlen	<<datlen>> official duties prescribed by law to be	dahlen|dalen|dallen|date|daten
production-1869-70	65	17.5	sexeton	ture ut dts seventeenth th <<sexeton>>	seeton|sexton
production-1869-70	65	33.0	innds	<<innds>>	inds|innes|innis|inns|ninds
production-1869-70	67	12.0	procaru	<<procaru>> pose they are authorized to employ such	procare|procarp|procure
production-1869-70	67	17.10	cnvel	provide for purchasing postage stumps and express <<cnvel>>	cavel|covel
production-1869-70	67	35.0	tredler	<<tredler>> required to draw his warrants from time	redler|treadler|trexler
production-1869-70	68	10.2	theosum	section l <<theosum>> of two thousand dollars is hereby appro	theasum|theorum
production-1869-70	68	10.11	ropria	two thousand dollars is hereby appro apy <<ropria>>	propria
production-1869-70	68	24.6	apocial	may ut any time order a <<apocial>> bond in addition thereto whon spreial baw	asocial
production-1869-70	68	24.12	spreial	a apocial bond in addition thereto whon <<spreial>> baw	special
production-1869-70	69	8.1	lorrow	iny <<lorrow>> composed of george ladd h t dorance	borrow|morrow|sorrow
production-1869-70	69	9.8	kalisher	g ernest c o burton b d <<kalisher>> and l e yates und	alisher
production-1869-70	69	13.0	dolivor	<<dolivor>> note together with a mortgage upon lots	deliver
production-1869-70	70	6.0	sretion	<<sretion>> tho second section of an act supplementary	cretion
production-1869-70	70	23.3	offuct	repeal to take <<offuct>> the day the first levy of the	offact|offcut|offutt
production-1869-70	70	28.9	offoct	prvvdded that this amendment shall not tako <<offoct>> botion	offact
production-1869-70	70	28.10	botion	that this amendment shall not tako offoct <<botion>>	botcon|botin|botton|lotion|motion|notion
production-1869-70	70	40.7	cloction	sec if at the time of such <<cloction>> tho city tax for tox te be	coction
production-1869-70	72	32.12	sperinl	as may be deemed necessary not to <<sperinl>> per	spering
production-1869-70	73	0.1	penity	ane <<penity>> s c tho tax provided for in	lenity|penty
production-1869-70	73	11.0	pererty	<<pererty>> their discretion levy annually aod cause to	poverty
production-1869-70	75	36.2	portiva	or such <<portiva>> thereof as in their judgment may be	portia|sportiva
production-1869-70	76	15.10	temprar	board of supervisors at any time decide <<temprar>>	templar
production-1869-70	77	8.12	soarco	from tho state treasury or from any <<soarco>> for	sarco|sparco|starco
production-1869-70	77	30.0	ofttres	<<ofttres>> present their accounts for services rendered the	otters
production-1869-70	78	7.9	voari	board of trustees of sonoma school district <<voari>> or	vari|voar
production-1869-70	78	10.11	pryerty	mortgage to secure tho same upon lot <<pryerty>>	property
production-1869-70	78	36.12	duniy	a duplicate thereof is delivered to the <<duniy>>	dundy|dungy|duni|dunia|duniya|dunky
production-1869-70	78	45.9	nutleo	them tho trustees upon receiving any assess <<nutleo>>	nucleo|nutlet|nutley
production-1869-70	79	41.1	forsuch	sary <<forsuch>> purposes in the following manner whenever in	forsch|gorsuch
production-1869-70	80	1.6	unoccupiod	known owner and such hands bo <<unoccupiod>> then sach	unoccupied
production-1869-70	80	34.7	accrao	to the benefits if any which may <<accrao>> to the owners of	accra
production-1869-70	81	6.7	mect	report of the commissioners the commissioners eball <<mect>>	bect|cect|dect|ect|fect|hect
production-1869-70	81	14.6	sarvoy	showing service of notices plot of <<sarvoy>> if gach thore bo and	sarvey|savoy
production-1869-70	82	16.11	innds	or right of way through and over <<innds>>	inds|innes|innis|inns|ninds
production-1869-70	84	1.9	arraor	assessors of said revenue districts aro hereby <<arraor>>	error
production-1869-70	84	2.11	tefre	the county judge and county clerk rats <<tefre>>	teare|temre|tere|terre
production-1869-70	84	46.10	teviet	of supervisors of napa county are tax <<teviet>>	tevet|teviot
production-1869-70	85	2.5	luwley	thereto including alta napa and <<luwley>> s addition to alta	lawley|lumley
production-1869-70	85	24.1	ninago	d <<ninago>> sec the board of supervisors of suid	ninjago
production-1869-70	85	25.0	avleraies	<<avleraies>> authorized to establish a system of drainage	averages
production-1869-70	86	31.12	saprien	dopntics shall be paid at the rate <<saprien>> or	sapien|saprine
production-1869-70	86	32.13	depn	per month cach and shall be office <<depn>>	dean|deen|defn|dehn|dein|demn
production-1869-70	87	1.5	moptb	dred and fifty dollars per <<moptb>> each	mopti|mopub
production-1869-70	87	2.0	anttor	<<anttor>> and sec tho auditor of the said	antor
production-1869-70	87	15.6	ferringe	ferrinzeund shall establish the rates of <<ferringe>> and toll to be charged and	ferriage|ferring
production-1869-70	87	16.10	wilbin	crossing all licensed ferries and toll bridges <<wilbin>>	widbin|wilbon|wildin|wilin|wilkin|willin
production-1869-70	87	38.0	seorron	<<seorron>> section two of article one of said	sorrow
production-1869-70	88	17.0	wosterly	<<wosterly>> until it intersects the western boundary as	westerly
production-1869-70	88	19.8	merent	tho persons composing tho acting common council <<merent>>	berent|erent|ferent|gerent|meren|merest
production-1869-70	88	20.13	firthei	the city of stockton and tho hud <<firthei>>	further
production-1869-70	88	23.10	offoct	city at the timo this act takes <<offoct>> shall thero	offact
production-1869-70	88	44.13	onetty	city clerk und tho amount of such <<onetty>> det	netty
production-1869-70	89	5.0	fucond	<<fucond>> ward lo the southern boundary of the	fucoid
production-1869-70	89	18.0	pwinted	<<pwinted>> eighteen hundred and sixty six at the	painted|pointed|printed
production-1869-70	89	24.2	clocted	successors are <<clocted>> and qualified as if they had been	clocked|clotted|clouted
production-1869-70	89	46.0	aosng	<<aosng>> d the city of stockton for municipal	aong
production-1869-70	90	1.11	riaie	article one of the act hereby amended <<riaie>>	rate|riane|ririe
production-1869-70	90	37.0	uftor	<<uftor>> its approval	ufton|ultor|utor
production-1869-70	90	40.2	junrs	transfer certain <<junrs>>	junes|jungs|junis|junks|junos|juns
production-1869-70	90	44.0	szorion	<<szorion>> theo county treasurer of san bernardino county	xzorion
production-1869-70	92	24.10	seyster	numbered consecutively and be recorded and st <<seyster>>	eyster|peyster|sester|shyster|system|syster
production-1869-70	92	30.12	cnpons	shull bave attached to it coupons for <<cnpons>>	capons
production-1869-70	92	43.0	ifany	<<ifany>> that mast accompany the bids in the	fany|ifan|ifans|imany|ivany|ofany
production-1869-70	93	16.7	interestand	e collected as a partof the hospital <<interestand>> sinking pund	interested
production-1869-70	93	23.0	wwwit	<<wwwit>> interest and sinking fund a surplus of	writ
production-1869-70	94	0.1	beasion	eighteenth <<beasion>> vi	basion|beason
production-1869-70	94	9.10	onicers	such society shall consist of a pres <<onicers>>	officers
production-1869-70	95	8.1	srorron	appropriate <<srorron>> the sum of fifteen thousand dollars is	sorrow
production-1869-70	95	45.0	trtew	<<trtew>> establish the grades of the streets and	trew
production-1869-70	96	6.0	jovy	<<jovy>> annually on all men residents of said	covy|dovy|javy|jivy|joby|jody
production-1869-70	96	9.11	senr	shall commence on the firat monday rival <<senr>>	denr|enr|henr|lenr|sear|secr
production-1869-70	96	36.10	compenre	shall not bo taken for public streets <<compenre>>	compense|compere
production-1869-70	96	49.0	cightcen	<<cightcen>> hnondrod and sixty two excepting section thirteen	eighteen
production-1869-70	97	2.4	mecms	an act to provide <<mecms>> for the government of the county of	ecms|mcms|mechs|mecks|mecs|meems
production-1869-70	99	14.0	apniea	<<apniea>> be any time prior to the first	apnea|apnoea
production-1869-70	100	8.12	compuma	time as is provided for the assessment <<compuma>>	compusa|compute
production-1869-70	101	44.0	commieim	<<commieim>> sec if no objections be made or	commie
production-1869-70	102	34.11	warmnt	publication of suid notice at the oxpira <<warmnt>> tu	warnt
production-1869-70	103	31.0	lioliter	<<lioliter>> a d eighteen hundred and seventy the	loiter
production-1869-70	105	21.0	agveo	<<agveo>> the award agreed upon by any two	alveo|aveo
production-1869-70	105	31.1	withta	lone <<withta>> fied with the report of said commissioners	witha|witht|witta
production-1869-70	105	43.0	neide	<<neide>> the hearing and trial of said objections	beide|eide|heide|leide|nede|neede
production-1869-70	106	50.9	papticate	assessment roll shall then be delivered by <<papticate>> v	particate
production-1869-70	107	46.2	deerce	judgment and <<deerce>> shall convoy to the granted therein the	deere
production-1869-70	108	28.10	peasation	bis entire compensation also a clerk at <<peasation>>	cessation
production-1869-70	108	35.12	enigirer	of supervisors of the city and county <<enigirer>>	enquirer
production-1869-70	110	36.10	ievya	of supervisors of the county of inyo <<ievya>>	ieva|levy
production-1869-70	111	15.0	tennafer	<<tennafer>> section whenever there shall be any moneys	tenner
production-1869-70	112	24.0	szorion	<<szorion>> that so much of tho resolution heretofore	xzorion
production-1869-70	113	17.0	neldia	<<neldia>> trust lands declared to be held by	media|nelda|nelia
production-1869-70	113	27.0	hjty	<<hjty>> teo	hjt
production-1869-70	114	16.9	siski	board of supervisors of the county of <<siski>> transfer	diski|kiski|riski|saski|siki|sirki
production-1869-70	115	28.5	rpectaclo	attending any such place amusement <<rpectaclo>> performance	spectacle
production-1869-70	115	39.0	versip	<<versip>> exhibit or who shall aid in getting	versi|versie|versio
production-1869-70	116	28.10	courotier	of state is hereby directed to draw <<courotier>> t	courier|courtier
production-1869-70	116	41.0	szorion	<<szorion>> tho sum of forty eight thousand two	xzorion
production-1869-70	117	1.0	furaishing	<<furaishing>> appropriated for the objects hereinafter named to	furbishing|furnishing
production-1869-70	118	3.5	offoct	sec this act shall take <<offoct>> immediately	offact
production-1869-70	118	15.9	taxce	to legalize assessments of state and county <<taxce>> tn the several	tace|tance|taxco|taxe
production-1869-70	119	33.0	gunrt	<<gunrt>> san francisco one justices court which shall	gunst|gunt|gurt
production-1869-70	120	30.10	mruish	may bo required by tho mayor auditor <<mruish>> now	truish
production-1869-70	121	40.0	suaries	<<suaries>> of section tho justices of the peace	sauries|scaries|suares
production-1869-70	121	42.0	ohrk	<<ohrk>> aud no other compensation payable monthly out	hork|hrk|oark|ohk|ohr|ohri
production-1869-70	121	51.0	zratices	<<zratices>> section it shall not be lawful for	practices
production-1869-70	121	52.2	feaco	sherif nut <<feaco>> the justices clerk or tho sheriff or	fedco|fesco|flaco
production-1869-70	124	3.9	xoticos	three weeks thereafter said notices shal describe <<xoticos>>	notices
production-1869-70	124	11.12	cianse	to do the work tho contract shall <<cianse>> in	chanse
production-1869-70	124	33.10	attow	shall not receive any pay for bis <<attow>> ince	allow|atto|attoh|atton
production-1869-70	125	22.0	miiun	<<miiun>> pay like gold coin on the first	minun
production-1869-70	126	43.3	proofded	the united states <<proofded>> that said board of supervisors	proofed
production-1869-70	127	24.0	bursod	<<bursod>> under tho provisions of this act	burson
production-1869-70	127	32.0	numio	<<numio>> sxorton the lake situate near the summit	fumio|numi|numis|sumio
production-1869-70	127	32.1	sxorton	numio <<sxorton>> the lake situate near the summit of	scorton
production-1869-70	127	33.0	egulved	<<egulved>> nevadas in tho counties of el dorado	evolved
production-1869-70	129	5.9	anahee	for the incorporation of the city of <<anahee>>	anaee
production-1869-70	129	20.5	thesaid	exception see the provisions of <<thesaid>> act requiring a population	hesaid|thebaid
production-1869-70	129	27.0	bandred	<<bandred>> and seventy	banded|bandied
production-1869-70	130	34.0	skorron	<<skorron>> it shall be the duty of the	skowron|sorrow
production-1869-70	132	4.11	soumy	county and said fund shall bo devoted <<soumy>>	oumy|soucy|souly|soum|souma|soumya
production-1869-70	133	7.0	tawve	<<tawve>> of section richard g watkins district attorney	tarve|tave|tawde|tawe|tawie|tawse
production-1869-70	133	8.0	gautal	<<gautal>> the county of mono is hereby granted	gautam
production-1869-70	133	38.0	ohed	<<ohed>> prisonment in tho state prison not less	ahed|bhed|ched|hed|hoed|obed
production-1869-70	134	31.9	incorpe	corporate powers for the purpose of organizing <<incorpe>>	income|incorp|incorpse
production-1869-70	135	14.0	jeges	<<jeges>> und immunities as by law are incident	jedes|jees|jefes|jeger|jegs|jenes
production-1869-70	135	25.0	controterto	<<controterto>> section the controller of state shall keep	controvert
production-1869-70	135	27.0	momyt	<<momyt>> und tho stato as aforesaid and if	momy
production-1869-70	135	31.9	stuying	which the seat of government may be <<stuying>> stating the	staying|stubing|studing|studying
production-1869-70	136	4.11	attermy	thereupon shall examine said claim alle gu <<attermy>>	attery
production-1869-70	136	6.8	docroo	to such lund claimed tho court shall <<docroo>> accordingly	doctor
production-1869-70	136	9.12	fnitare	fail to appear and file their petitions <<fnitare>> te	unitary
production-1869-70	136	28.12	teteline	the meaning of the law and thoy <<teteline>>	timeline
production-1869-70	136	36.12	roatmaster	division of any road district tho road <<roatmaster>>	boatmaster|roadmaster|roastmaster
production-1869-70	137	50.0	commatn	<<commatn>> seo at any meeting of the board	comman
production-1869-70	137	54.2	commoto	master may <<commoto>> suid tax with any person liable to	commodo|commot
production-1869-70	138	8.11	cnapmus	of supervisors of said county shall allow <<cnapmus>>	campus
production-1869-70	139	15.0	vertuln	<<vertuln>> stato ninety five state poll tax receipts	overturn
production-1869-70	140	1.9	guyy	and seventy one and at every general <<guyy>>	guay|guey|guly|guy|guye|guys
production-1869-70	140	8.10	reorer	every general election thereafter there shall be <<reorer>>	rearer|reorder|rorer
production-1869-70	140	13.0	ciiapter	<<ciiapter>> luxxvii	chapter
production-1869-70	140	13.1	luxxvii	ciiapter <<luxxvii>>	lxxvii|lxxxvii
production-1869-70	140	15.1	uguinst	enteral <<uguinst>> james t finrdy on the fourteenth day	against
production-1869-70	140	39.7	annalled	section that said resolution and judgment bo <<annalled>> proceeding	annulled
production-1869-70	140	40.10	funget	the secretary of stato is hereby authorized <<funget>>	unget
production-1869-70	140	48.5	offoct	sze this act shall take <<offoct>> immediately	offact
production-1869-70	141	23.0	verviees	<<verviees>> hereby appropriated out of any moneys iv	services|verviers
production-1869-70	142	10.10	repenler	entitled an act for tho encouragement act <<repenler>>	repealer|repeller|repenter
production-1869-70	142	29.11	refution	county of lake and other matters in <<refution>>	refusion
production-1869-70	142	31.0	aiety	<<aiety>> eight	diety|gaiety|piety
production-1869-70	142	37.10	toiwue	auditor of the county of take is <<toiwue>>	tongue
production-1869-70	143	14.10	ayyrogate	school purposes not to exceed in the <<ayyrogate>>	abrogate
production-1869-70	144	3.14	wayeart	duty of the treasurer of said city <<wayeart>> of	waymart
production-1869-70	144	20.12	patnce	hands sot apart therefor and if such <<patnce>> may	pance|patonce
production-1869-70	144	31.6	bandred	fiscal year ending june thirtieth eighteen <<bandred>> and seventy fand how	banded|bandied
production-1869-70	144	44.12	llett	same time and in the same manner <<llett>>	ellett|flett|klett|lett|plett
production-1869-70	146	8.0	srorion	<<srorion>> whereas the board of supervisors of tho	erosion
production-1869-70	146	29.10	thonce	the westerly line of the merritt claim <<thonce>>	thence|thone
production-1869-70	147	1.1	tompking	confirmed <<tompking>> situated or being in geary street continued	tompkins
production-1869-70	147	4.2	parre	of o <<parre>> street distance five hundred and fifty two	arre|barre|carre|darre|farre|garre
production-1869-70	147	24.9	remising	the city and county of san francisco <<remising>>	demising|premising|reising|remixing|remsing|revising
production-1869-70	148	11.4	bandred	month of march eighteen <<bandred>> and seventy one provided provin	banded|bandied
production-1869-70	148	23.0	trict	<<trict>> composed of job g lawton martin j	strict|tract|triact|tric|trica|trice
production-1869-70	150	8.0	szorron	<<szorron>> tho school trustees of morcod falls school	sorrow
production-1869-70	150	8.5	morcod	szorron tho school trustees of <<morcod>> falls school dis special tax	morcom|morcos
production-1869-70	150	15.12	dyomer	trustees of said school district to be <<dyomer>> sn	domer|doomer|yomer
production-1869-70	150	24.10	curoll	days after his election shall ascertain and <<curoll>>	caroll|croll|curll
production-1869-70	152	9.9	compenm	road overseer shall b allowed such compensation <<compenm>>	company|compend|compens
production-1869-70	153	25.0	compona	<<compona>> payment for his services hereunder and his	compone|compony
production-1869-70	153	29.0	cilapter	<<cilapter>> xciv	chapter
production-1869-70	154	2.9	indebtod	solely to the extinguishment of tbe present <<indebtod>> r	indebted
production-1869-70	154	29.10	cmnty	of supervisors shall prior to the first <<cmnty>>	canty|cmnt|cmty|cnty|conty|cunty
production-1869-70	154	45.11	phselan	aid and treatment that the indigent sick <<phselan>>	phelan
production-1869-70	156	13.5	stannuh	an act to authorize bridget <<stannuh>> administratrix of the estate of	stannum
production-1869-70	156	20.0	seorion	<<seorion>> bridget stannah administratrix of tho estate of	section
production-1869-70	157	8.0	gmnted	<<gmnted>> nud one or more chutes at bourn	granted
production-1869-70	158	16.10	zicetion	of education of the city of petaluma <<zicetion>> o	diction
production-1869-70	158	30.11	stectings	shall meet within ten days after their <<stectings>>	settings
production-1869-70	159	1.2	iesand	port ct <<iesand>> laborers as may be necessary to carry	desand|iemand|isand
production-1869-70	161	20.0	fervay	<<fervay>> filed with the secretary uf the board	ferry
production-1869-70	163	2.8	mcgurory	act for the relief of w v <<mcgurory>>	mcgrory
production-1869-70	163	16.6	putrich	an act for the relief of <<putrich>> campbell	petrich
production-1869-70	165	14.0	controlerto	<<controlerto>> section tho controller of state is hereby	controvert
production-1869-70	165	39.11	vassare	be in force from and after its <<vassare>>	vassar
production-1869-70	167	21.0	approprise	<<approprise>> sxotion phe board of supervisors of the	appropriate
production-1869-70	169	11.1	ienp	po <<ienp>> redemption and a redemptioner from tho time	cenp|enp|ien|iene|ieng|iep
production-1869-70	169	12.0	tivner	<<tivner>> until another redemption shall be entitled to	tigner|tiner|tinner|tiver
production-1869-70	169	30.2	necuunting	compel an <<necuunting>> and disclosure of such rents and profits	recounting
production-1869-70	170	17.11	ppoine	directed at their regular meeting in ye <<ppoine>>	poine
production-1869-70	172	13.0	eatute	<<eatute>> of henry lure hartley deceased to sell	eacute|matute
production-1869-70	172	18.0	seetron	<<seetron>> eliza madison hartley administratrix of the over	seatron|seeton
production-1869-70	172	26.10	govme	reported to the probate court of sacramento <<govme>>	gome|gomme|gorme|gove
production-1869-70	173	31.0	revenne	<<revenne>> sxcrron the county of placer is hereby	revenge|revenue
production-1869-70	173	32.0	dutrie	<<dutrie>> revenue districts as follows townships numbered ono	durie|durrie|duthie|duties
production-1869-70	174	21.6	oftive	suid revenue districts whose term of <<oftive>> shall commence on	oftime|optive|ortive
production-1869-70	175	0.0	rreent	<<rreent>> county as defined in and established an	rerent
production-1869-70	176	8.10	rleetion	of a county recorder and ex officio <<rleetion>>	election
production-1869-70	176	16.12	gatcr	office is hereby declared to have been <<gatcr>> on	gatch|gater|gator
production-1869-70	176	40.9	approprie	sum of twenty nine thousand five hnndred <<approprie>>	appropre|appropri|appropriate
production-1869-70	177	14.4	roacde	the construction of wagon <<roacde>> in said county	roache
production-1869-70	177	18.0	superviiers	<<superviiers>> sxorion the board of supervisors of marin	supervisors
production-1869-70	177	19.1	hesue	fo <<hesue>> hereby authorized and directed to issue within	hese|heshe|hesse|hesus|hosue|jesue
production-1869-70	177	34.1	ofiaue	date <<ofiaue>> sx said bonds shall bear the dato	opiate
production-1869-70	178	44.11	receivebid	purchase of said bonds shall be mado <<receivebid>>	received
production-1869-70	179	28.0	icasio	<<icasio>> thence westerly along the north side of	casio|nicasio|ocasio
production-1869-70	179	33.3	nbont	to a point <<nbont>> one hundred yards east of tho united	bont
production-1869-70	179	46.0	thenco	<<thenco>> northwosterly down the east side of salmon	thence
production-1869-70	179	46.1	northwosterly	thenco <<northwosterly>> down the east side of salmon check	northwesterly
production-1869-70	179	47.0	chilino	<<chilino>> valley creek thence across said chilinv valley	chileno|chilin|chilina|chilion|chirino
production-1869-70	179	53.8	novata	the petaluma and san rafael road in <<novata>> near the store	notata|novaa|novara|novate|novato|novaya
production-1869-70	180	8.10	xngincer	expiration of ninety days after tho pas <<xngincer>> v	engineer
production-1869-70	180	9.12	remrt	engineer or engineers appointed to sur me <<remrt>>	remit
production-1869-70	180	17.11	wnfirm	notify tho members of said board t <<wnfirm>>	infirm|unfirm
production-1869-70	180	36.11	mect	days before the time fixed for buch <<mect>>	bect|cect|dect|ect|fect|hect
production-1869-70	181	30.2	assoon	daninges sec <<assoon>> as the said board shall have completed	alsoon|aswoon|bassoon|cassoon|sassoon
production-1869-70	182	13.9	nogiest	officer charged with the performance of any <<nogiest>> of	logiest|nosiest
production-1869-70	182	43.8	miltery	the military instructor shall make quarterly reports <<miltery>>	military|miltary|milter|mistery
production-1869-70	182	45.0	cinline	<<cinline>> and cauinments of the cadets	cimline|inline
production-1869-70	183	3.0	tntont	<<tntont>> szc it is not tho intent of	intent
production-1869-70	183	37.0	awanl	<<awanl>> seo said board of supervisors shall award	awal|awan|awana|awane|awang|awani
production-1869-70	184	3.6	uecept	the same the board shall formally <<uecept>> tho work before the	recept
production-1869-70	185	7.1	payclaim	te <<payclaim>> county ure hereby authorized and empowered to	proclaim
production-1869-70	185	13.8	uftor	this act shall take effect from and <<uftor>> its passage	ufton|ultor|utor
production-1869-70	185	26.0	epaty	<<epaty>> hundred and fifty dollars per month and	paty|peaty
production-1869-70	186	37.11	amuavit	each of tho partners stating that the <<amuavit>> of	aquavit
production-1869-70	187	3.0	keewler	<<keewler>> chief clerk of the newspaper in which	keebler|keeler|keesler
production-1869-70	187	18.0	inwlvency	<<inwlvency>> other creditor but in case of the	insolvency
production-1869-70	187	24.0	withutrawal	<<withutrawal>> seo no apocial partner under avy pretence	withdrawal
production-1869-70	187	24.3	apocial	withutrawal seo no <<apocial>> partner under avy pretence may with	asocial
production-1869-70	187	44.0	bartaers	<<bartaers>> liable to tho sume extent as partners	barters
production-1869-70	188	34.9	dissoln	ax a general partnership except that vo <<dissoln>>	dissolve
production-1869-70	188	42.12	mrmer	unless it bo accompanied with tho oa <<mrmer>>	armer|ermer|mamer|marmer|memer|mimer
production-1869-70	189	42.6	oversoo	hia command will permit ie shall <<oversoo>> and direct the labor	oversoon|oversot|oversow
production-1869-70	189	43.9	serapors	the roads and see that teams ploughs <<serapors>>	senators
production-1869-70	190	14.10	approprin	of supervisors of the city and county <<approprin>>	appropri
production-1869-70	190	28.5	conpty	fund of said city and <<conpty>> of san francisco	conaty|conty
production-1869-70	190	31.9	erghtecn	to amend an act approved march beclfth <<erghtecn>> handred	eighteen
production-1869-70	190	31.10	handred	amend an act approved march beclfth erghtecn <<handred>>	handed|handled|hundred
production-1869-70	191	37.0	whenant	<<whenant>> payable on or before the first day	tenant
production-1869-70	192	20.12	belnry	attorney for all services by him por <<belnry>>	belfry
production-1869-70	192	26.11	ropea	of the act entitled an act to <<ropea>>	ropa|rope|roped|roper|ropes|ropey
production-1869-70	193	7.0	srorron	<<srorron>> section ten of said att is amended	sorrow
production-1869-70	193	11.0	prvite	<<prvite>> arising from tho business of the corporation	previte
production-1869-70	195	28.1	autheris	t <<autheris>> such married woman jointly with ber husband	atheris|authors
production-1869-70	195	36.5	ocquittances	rooelpts so all receipts or <<ocquittances>> heretofore executed and	acquittances
production-1869-70	197	1.0	amestor	<<amestor>> by a county assessor who shall for	amestoy
production-1869-70	197	53.0	contum	<<contum>>	centum|conium|consum|contam|contem|costum
production-1869-70	198	10.1	cigbt	action <<cigbt>> per centum on the amount collected provided	igbt
production-1869-70	198	32.11	shoris	the county shall be ox officio collector <<shoris>>	horis|shores|shori|shorin|shors|shorts
production-1869-70	198	48.0	pedicr	<<pedicr>> and all kinds and character of licenses	pedic|pedir
production-1869-70	200	49.3	noder	for overy certificate <<noder>> seal seventy five cents	boder|coder|foder|ioder|joder|loder
production-1869-70	201	26.0	ollar	<<ollar>>	collar|dollar|ellar|gollar|hollar|kollar
production-1869-70	203	31.0	foiture	<<foiture>> of their offices to imprisonment in tho	coiture|voiture
production-1869-70	204	1.7	clorky	may be due the officers their assistants <<clorky>> or deputies as	clarky|corky
production-1869-70	204	20.11	froin	required to be done under a license <<froin>> cither	broin|foin|frain|frein|frin|froid
production-1869-70	205	45.0	fupervicor	<<fupervicor>> entitled to receive for his services for	supervisor
production-1869-70	206	4.10	couty	assessor shall receive a salary of throe <<couty>>	clouty|coaty|conty|cotty|coty|coucy
production-1869-70	206	37.13	xeerder	salary of two thousand and four hun <<xeerder>>	feeder
production-1869-70	207	49.0	vekept	<<vekept>> officers who are entitled to charge and	kept
production-1869-70	210	33.0	atrect	<<atrect>> as provided for in said resolution number	arrect
production-1869-70	210	38.5	ilouses	after reconsideration having passed both <<ilouses>> by the constitutional majority it	blouses|louses
production-1869-70	211	14.0	nofees	<<nofees>> for sxc no fees or other compensation	nafees
production-1869-70	213	2.0	gouny	<<gouny>> sage one dollar and fifty cents	gony|goony|goudy|gouna|gound|gouty
production-1869-70	217	46.6	babcas	excepting for issuing the writ of <<babcas>> corpus	babas|barcas
production-1869-70	218	0.11	oterk	on tho calendar and making o copy <<oterk>>	oter|oteri|otero|sterk|terk
production-1869-70	218	30.2	cvory	for indexing <<cvory>> suit in the district court in general	avory|chory|cory|ivory|vory
production-1869-70	219	6.5	npou	for recording testimony and commitment <<npou>> examination	ndou|niou|nou|npo|npos|npu
production-1869-70	219	15.0	cvart	<<cvart>> cents	cart|chart|clart|cvar|evart|svart
production-1869-70	221	12.7	iiake	colusa del norte fresno inyo klamath kern <<iiake>> lassen	iike|imake
production-1869-70	221	45.7	moncd	for serving subpoena for ench witness sum <<moncd>> fifty cents	monad|monce|monch|monck|mond|monod
production-1869-70	225	26.0	teroy	<<teroy>> santa clara ios angeles santa cruz and	deroy|leroy|tero|terok|teron|teros
production-1869-70	225	38.9	excco	an attachment on property or levying an <<excco>>	ecco|exco
production-1869-70	226	46.5	habous	a prisoner on writ of <<habous>> corpus for each milo necessarily	habour|hamous
production-1869-70	228	36.9	bupervis	san joaquin plumas solano napa the clerk <<bupervis>>	supervise
production-1869-70	231	15.7	bandred	in the county of sonoma twenty seven <<bandred>> dollars	banded|bandied
production-1869-70	231	18.8	otticio	of mariposa the assessor shall bo ex <<otticio>> collector	ottice
production-1869-70	231	25.0	dollara	<<dollara>>	dallara|dollar|dollard|dollars|pollara
production-1869-70	232	8.8	asonor	the county assessor of sacramento county and <<asonor>> of	sonor
production-1869-70	232	19.4	datics	in addition to tho <<datics>> now required by law be required to	datis|latics|matics
production-1869-70	233	1.5	borein	in addition to the salary <<borein>> provided for the district	bordin|borean|boreen|borei|boren|borgin
production-1869-70	233	29.7	borein	obispo santa barbara and monterey the fees <<borein>> allowed	bordin|borean|boreen|borei|boren|borgin
production-1869-70	234	31.11	ministruto	entitled to receive for their services tho <<ministruto>>	ministrator
production-1869-70	237	5.5	pkaok	fees of justice of tile <<pkaok>> jn tie several counties of	paok|park
production-1869-70	238	42.2	wnuble	coroner is <<wnuble>> to attend to the justices of tho	wauble
production-1869-70	242	13.8	procdéded	of residence to the place of trial <<procdéded>> that in the	proceeded
production-1869-70	242	21.9	seyof	as the board of supervisors shall prescribe <<seyof>>	self|seyon
production-1869-70	243	17.0	aceution	<<aceution>> seo if any clerk short justice of	action
production-1869-70	243	23.0	comtrued	<<comtrued>> puting fees shall be construed to mean	construed
production-1869-70	245	2.12	nataro	of the payer if paid and the <<nataro>> of	mataro|notaro|yataro
production-1869-70	245	48.0	sherit	<<sherit>> provided further that the sheriff in and	herit|sheeit|sheit|sheri|sheria|sheriat
production-1869-70	248	33.1	onach	for <<onach>> notice given by publication in addition to	aonach|nach|noach|onah|orach
production-1869-70	249	17.0	seonwers	<<seonwers>> shalt be allowed for the duties of	sewers
production-1869-70	249	24.2	cvory	for indexing <<cvory>> instrument paper notice or proceeding	avory|chory|cory|ivory|vory
production-1869-70	250	2.9	coant	county clerk as ex officio county auditor <<coant>>	cant|chant|coact|coan|coane|coans
production-1869-70	250	13.4	cigbt	foregoing sections two to <<cigbt>> inclusive but should such fees	igbt
production-1869-70	250	20.10	shorift	a summons and complaint or any other <<shorift>>	shrift
production-1869-70	252	28.2	milongo	entitled tu <<milongo>> from the place last surveyed by him	mhlongo|milonga
production-1869-70	252	46.3	subpeens	for issuing a <<subpeens>> for one or more witnesses twenty five	subteens
production-1869-70	255	40.0	exccation	<<exccation>>	education|excecation
production-1869-70	257	7.0	amewor	<<amewor>> services a salary of three thousand dollars	amador
production-1869-70	258	32.2	pluco	some conspicuous <<pluco>> for inspection of all persons who have	aluco|luco|pleco|pluck|pluto|pouco
production-1869-70	260	46.7	cigbt	march twenty eighth eighteen hundred and sixty <<cigbt>> so far	igbt
production-1869-70	261	36.0	inewin	<<inewin>> herein provided and such officers may lawfully	irwin|newin
production-1869-70	262	29.9	monoss	collection of said property tax except schoo <<monoss>>	monos|monose
production-1869-70	263	14.0	bchols	<<bchols>> pensos postage and oxpressuges an annual salary	echols|schools
production-1869-70	263	14.1	pensos	bchols <<pensos>> postage and oxpressuges an annual salary of	penso|penson|pentos|pesos
production-1869-70	263	41.9	componsa	to perform for which he has received <<componsa>>	coupons
production-1869-70	264	21.10	sherit	a summons and complaint or any other <<sherit>>	herit|sheeit|sheit|sheri|sheria|sheriat
production-1869-70	266	20.3	provihal	process is demanded <<provihal>> when an appeal is taken he	proviral
production-1869-70	267	37.4	cvory	for filing or receiving <<cvory>> instrument or paper for record	avory|chory|cory|ivory|vory
production-1869-70	268	0.2	cyery	for recording <<cyery>> town plat for every course twenty	cery|chery|clery|cyer|cymry|lyery
production-1869-70	268	16.9	pitrict	all collections on bonds and forfeited recogni <<pitrict>>	district
production-1869-70	268	38.0	dollara	<<dollara>>	dallara|dollar|dollard|dollars|pollara
production-1869-70	269	25.0	ministratvr	<<ministratvr>> der cent upon the amount of the	ministrator
production-1869-70	269	29.0	courtcom	<<courtcom>> ske for hearing and determining every ex	courtroom
production-1869-70	270	8.0	fossion	<<fossion>> tor all services from the filing of	fission|fosston
production-1869-70	270	35.7	catrays	for all services connected with the posting <<catrays>> to include	cathays
production-1869-70	270	47.9	oonstank	serving summons in civil cases for each <<oonstank>>	constant
production-1869-70	274	11.3	lawany	sec when by <<lawany>> publication is required to be made costs	lamany|lawan|lawang|lawny
production-1869-70	275	44.3	bovonty	eighteen hundred and <<bovonty>> two the said offices of coroner	bounty
production-1869-70	277	6.1	sollat	bay <<sollat>> section elizabeth w p keeny administratrix of	collat|soldat|solla|sollar|sollas
production-1869-70	277	31.1	certam	build <<certam>> wagon roads in said county	ceram|certa|certai
production-1869-70	278	25.1	datics	other <<datics>> as such officers and their successors in	datis|latics|matics
production-1869-70	278	27.9	tseue	said county as such bond commissioners p <<tseue>>	treue|tsee|tsere|tsue
production-1869-70	279	52.0	ofbonds	<<ofbonds>> fond a sum of money amounting to	bonds
production-1869-70	280	34.8	borein	the said commissioners and all other officers <<borein>> linvititie	bordin|borean|boreen|borei|boren|borgin
production-1869-70	281	8.0	geanty	<<geanty>> for the county of monterey shall be	geant|gearty|genty
production-1869-70	281	29.0	bupervieors	<<bupervieors>> gordon for tho purpose of paying the	supervisors
production-1869-70	281	30.0	tolory	<<tolory>> ta outstanding bonds of san bernardino county	colory
production-1869-70	282	9.9	sonled	snrplos in the sinking fund and inviting <<sonled>> bids at	soiled|soled|souled
production-1869-70	282	40.0	averns	<<averns>> arc hereby authorized and required to levy	avens|averna|avernus|avers|averts|averys
production-1869-70	284	38.0	szorion	<<szorion>> the mayor and common council of the	xzorion
production-1869-70	285	40.6	apocial	said county payable out of said <<apocial>> fund	asocial
production-1869-70	288	23.12	piied	romain the same as now established by <<piied>>	iied|paied|pied|piked|piled|pined
production-1869-70	289	3.0	ciiapter	<<ciiapter>> clxi	chapter
production-1869-70	290	6.0	vlna	<<vlna>> act to fix the terms of the	alna|dlna|elna|lna|ulna|vana
production-1869-70	290	33.9	compena	commissioners shall also so far as practicable <<compena>>	comnena|company|compend|compens
production-1869-70	291	38.5	offoct	sec this act shall take <<offoct>> immediately	offact
production-1869-70	292	8.9	amuavit	publication of any and all notices required <<amuavit>> of	aquavit
production-1869-70	292	35.0	secrson	<<secrson>> william ii manlove and those whom he	searson
production-1869-70	293	1.0	wimuo	<<wimuo>> associates shall havo constructed five miles of	timo
production-1869-70	293	20.11	thorcon	power to levy and collect such tools <<thorcon>>	thereon|thoron|thorson|thorton
production-1869-70	293	42.0	compiction	<<compiction>> sec said road shall be commenced wilbin	compaction
production-1869-70	293	42.7	wilbin	compiction sec said road shall be commenced <<wilbin>> three months	widbin|wilbon|wildin|wilin|wilkin|willin
production-1869-70	295	30.0	munoco	<<munoco>> and set apart seal be known as	sunoco
production-1869-70	296	20.13	bonue	at the county seat of said mono <<bonue>>	benue|bogue|bonae|bonce|bonde|bone
production-1869-70	296	24.9	mwwed	the coupons for interest attached to said <<mwwed>>	mewed|mowed|owned
production-1869-70	296	49.11	gurpies	said wagon road bonds shall have been <<gurpies>>	guppies|juries
production-1869-70	297	35.6	thoxo	citizens and whereas in addition to <<thoxo>> services and asa	thoko|thoo|thoro|toxo
production-1869-70	298	29.14	ropualed	so far as thoy are in conflict <<ropualed>>	repealed
production-1869-70	299	21.10	whoin	in said city and county all of <<whoin>>	hoin|shoin|whein|whin|whoi|whois
production-1869-70	300	9.10	misdon	judges by the permission of tho trustees <<misdon>>	mindon|misdo|misdone|mision|mison|misson
