production-1907-09	1105	22.3	necept	may decline to <<necept>> the amount awarded him if any and	recept
production-1907-09	1105	29.9	suppie	the first assessment for any improvement fails <<suppie>>	puppie|suppe|supple|supplie|uppie|yuppie
production-1907-09	1107	35.9	trustoen	and duties of trustees of common school <<trustoen>>	trusten
production-1907-09	1107	37.4	dutic	are as follows pad <<dutic>>	butic|dtic|duric|duti|dutil|jutic
production-1907-09	1112	11.1	szorion	estrays <<szorion>> a new section is hereby added to	xzorion
production-1907-09	1113	1.0	citapter	<<citapter>>	chapter
production-1907-09	1113	18.0	citapter	<<citapter>>	chapter
production-1907-09	1113	34.10	peclara	board of supervisors shall on the first <<peclara>>	declara
production-1907-09	1115	45.0	pubhie	<<pubhie>> thorvue or pesthouse is guilty of a	public
production-1907-09	1117	15.9	gndertak	on appeal must be filed within five <<gndertak>>	undertake
production-1907-09	1117	36.10	dortyna	place of business within this state must <<dortyna>>	fortuna
production-1907-09	1121	47.9	wuitee	circulated said notice shall require all persons <<wuitee>>	writee
production-1907-09	1122	50.0	axweex	<<axweex>> list of the delinquent assessments which list	axweed
production-1907-09	1124	8.0	redump	<<redump>> sec a redemption of any parcel of	reduce|repump
production-1907-09	1125	20.9	ispost	street superintendent shall from time to time <<ispost>>	dispost|impost|isport
production-1907-09	1125	40.9	wentery	city council in its discretion may provide <<wentery>>	centery|wintery
production-1907-09	1129	10.9	depoal	or his clerk must keep the depositions <<depoal>>	deposal
production-1907-09	1130	26.0	mislvad	<<mislvad>> section any firm person corporation or association	mislead
production-1907-09	1131	20.8	prietion	said surveys and investigations there is hereby <<prietion>>	cretion
production-1907-09	1131	36.9	kstrays	of the act entitled an act relating <<kstrays>>	estrays|strays
production-1907-09	1132	0.0	aeatray	<<aeatray>> section the word estray as used in	estray
production-1907-09	1132	6.0	fublice	<<fublice>> person taking up an estray animal or	publice
production-1907-09	1137	35.12	transerib	be prepared and filed in the place <<transerib>>	transcribe
production-1907-09	1137	46.9	frorner	suggestion to the appellate court wherein an <<frorner>>	forner|frogner|frowner
production-1907-09	1138	11.0	cannothe	<<cannothe>> shall transcribe und file his notes or	cannot
production-1907-09	1140	4.0	plotien	<<plotien>> defects mentioned in the last section by	protien
production-1907-09	1141	21.9	ndenss	of water has been evaporated and to <<ndenss>>	ness
production-1907-09	1141	35.0	meissel	<<meissel>> number not less than degrees c	beissel|meisel|meissen|messel|missel
production-1907-09	1145	25.0	riago	<<riago>> license and shall then be presented to	diago|diego|iago|rago|riano|riego
production-1907-09	1145	35.9	asexuali	in the opinion of the medical super <<asexuali>>	asexual|asexuals|sexual
production-1907-09	1146	28.0	srorion	<<srorion>> j section six hundred and five of	erosion
production-1907-09	1146	30.0	howeon	<<howeon>> any corporation now or hereafter organized for	howen|howson
production-1907-09	1147	29.8	evopy	and after the filing of such certified <<evopy>> of the arti	evony|evoy
production-1907-09	1147	34.2	sucered	ration shall <<sucered>> to all the rights duties and powers	suceed|suckered
production-1907-09	1148	10.0	faporey	<<faporey>> he called a general improvement fund and	favored
production-1907-09	1150	9.0	valities	<<valities>> therein the legislative body thereof shall by	vanities|varities
production-1907-09	1150	16.0	yality	<<yality>> thereon shall forthwith forward a certified copy	ality|quality
production-1907-09	1150	47.0	kelurns	<<kelurns>> ballots shall be counted and returns thereof	returns
production-1907-09	1151	0.11	certiticat	after the canvass of the votes cast <<certiticat>>	certificat|certificate
production-1907-09	1151	5.11	tnryw	of the election held in the several <<tnryw>>	tory
production-1907-09	1153	12.11	vireetor	directors shall elect one of its num <<vireetor>>	director
production-1907-09	1153	19.9	cummir	commissioners shall elect one of its members <<cummir>>	cummer|cummin
production-1907-09	1153	37.11	debles	to incur a bonded indebtedness it shall <<debles>>	debes|deles
production-1907-09	1154	21.0	elared	<<elared>> as in case of other special elections	blared|eared|elated|eldred|flared|glared
production-1907-09	1155	8.11	stribut	the distributing systems of the several municipalities <<stribut>>	tribut
production-1907-09	1155	15.0	aeguire	<<aeguire>> a distributing system the district may own	meguire
production-1907-09	1155	19.11	unccn	prepared of the probable amount of water <<unccn>> ot	nccn|uncc|unccd|uncon|union
production-1907-09	1155	45.11	ondea	pay the principal or interest on any <<ondea>>	indea|odea|onda|onde|onder|ondes
production-1907-09	1157	0.9	iclusion	a petition is presented to the commissioners <<iclusion>>	illusion|inclusion
production-1907-09	1159	20.7	exevutiv	for salary of governor twenty thousand dollars <<exevutiv>>	executive
production-1907-09	1160	25.8	codper	shells gotten out under state and government <<codper>>	codder|coder|codger|comper|cooper|coper
production-1907-09	1161	34.11	yetved	secretary of state s office seven hundred <<yetved>>	served
production-1907-09	1162	4.3	ciglt	partment four thousand <<ciglt>> hundred dollars	cilt
production-1907-09	1165	4.9	superine	of superintendent of public instruction ten thou <<superine>>	superfine|superior|superline
production-1907-09	1165	10.8	siperin	salary of clerk and stenographer office of <<siperin>>	siderin
production-1907-09	1165	31.9	aajutant	of the adjutant general seven thousand two <<aajutant>>	adjutant
production-1907-09	1166	44.0	ixpes	<<ixpes>> and work of like character state printing	ixps
production-1907-09	1168	2.0	equalizs	<<equalizs>> thirty two thousand dollars	equalize|equalizes
production-1907-09	1168	19.0	thelaw	<<thelaw>> reform of jaw two thousand four hundred	thela
production-1907-09	1170	10.0	apnews	<<apnews>> yor support of agnews state hospital two	agnews|apneas
production-1907-09	1170	22.0	folvom	<<folvom>> lan support of folsom state hospital twelve	folsom
production-1907-09	1171	27.9	vetved	of state bureau of criminal identification six <<vetved>>	vetoed|vetted
production-1907-09	1172	17.0	ancles	<<ancles>> thousand dollars	anales|ances|aneles|angles|ankles|anoles
production-1907-09	1173	39.7	connmis	for salary of commissioner six thousand dollars <<connmis>>	connais|connis
production-1907-09	1176	10.0	perme	<<perme>> than five hundred dollars of the moneys	erme|ferme|parme|perce|perde|pere
production-1907-09	1176	50.0	ixpends	<<ixpends>> seo the officers of the vavions departments	expends|impends
production-1907-09	1176	50.6	vavions	ixpends seo the officers of the <<vavions>> departments boards	avions
production-1907-09	1177	15.2	reenvered	to be <<reenvered>> in any court of competent jurisdiction by	reentered
production-1907-09	1177	33.8	mokeg	that a former item in this bill <<mokeg>> an appropriation for the salary	moke|moken|mokes|mokey
production-1907-09	1177	38.4	stitule	the reason thal the <<stitule>> of creating this bureau provides that the	stipule|titule
production-1907-09	1177	43.2	gilleyy	j n <<gilleyy>> governor	gallery|gilley
production-1907-09	1178	28.0	atressions	<<atressions>> i permitted to be present during the	accessions
production-1907-09	1180	26.0	bubjectio	<<bubjectio>> suc the said district shall be subject	subjection
production-1907-09	1181	0.2	abssion	titirgy eighth <<abssion>> ita	abusion
production-1907-09	1182	1.0	uppont	<<uppont>> shall appoint a suitable and competent person	uppent|uppoint|uppon|upport
production-1907-09	1182	5.0	poweranl	<<poweranl>> sec such forester when appointed shall execute	powerful
production-1907-09	1182	43.0	mneanor	<<mneanor>>	meanor
production-1907-09	1187	0.0	citapter	<<citapter>>	chapter
production-1907-09	1187	7.10	elsting	pending in tho congress of the united <<elsting>>	easting|elating|elsing|elting|eluting|esting
production-1907-09	1187	8.10	metchy	resolution confirming a certain grant of privi <<metchy>>	hetchy|letchy|match|matchy|methy|metochy
production-1907-09	1187	29.11	vsley	or fit condition for public travel thereover <<vsley>>	isley|sley|valey
production-1907-09	1188	2.8	sulfi	appropriations in the present session of congress <<sulfi>>	kulfi|suffi|sufi|sulci|sulfa|sulfo
production-1907-09	1188	13.7	scante	request in resolved hy the assembly ure <<scante>> concurring that the	cante|sante|scant|scanted|scanter|scantle
production-1907-09	1188	34.0	weeseas	<<weeseas>> ajl tariff hearings before the ways and	whereas
production-1907-09	1189	14.11	reaest	and assembly of the slate of cali <<reaest>>	realest|reest|retest|revest
production-1907-09	1189	27.7	congressinen	such telegriun to each of the other <<congressinen>> rom the state	congressmen
production-1907-09	1189	30.0	seunte	<<seunte>> concurrent resolution no approving seventeen cer	sente
production-1907-09	1191	9.7	respee	no as amendments numbers four and seventeen <<respee>>	resee|respe|respec|respek|respue
production-1907-09	1191	26.0	wierris	<<wierris>> the said seventeen amendments and cach of	werris
production-1907-09	1191	44.13	pecin	the days as fixed by the common <<pecin>>	pecan|pectin|pein|pekin|pelin|penin
production-1907-09	1192	36.1	ollicer	some <<ollicer>> competent to administer oaths that the statements	ollice|ollier|olliver
production-1907-09	1193	18.3	nuinher	name uf elector <<nuinher>> street	neither
production-1907-09	1193	21.11	uemeyy	consecutive days in all the daily news <<uemeyy>>	remedy
production-1907-09	1193	23.12	paltu	the names of the persons as they <<paltu>>	faltu|palau|pallu|palou|palt|palta
production-1907-09	1194	27.0	coarea	<<coarea>> offices to be filled except for the	carea|corea|correa
production-1907-09	1194	35.0	snech	<<snech>> offices whose names shall be printed upon	nech|sech|seech|sneck|sneech|sneh
production-1907-09	1195	22.10	tendents	council shall at the first regular meeting <<tendents>>	pendents|tendent|tenents|tennents
production-1907-09	1196	45.0	inerer	<<inerer>> y commission park commissioners and auditor shall	inever
production-1907-09	1196	48.0	reveriel	<<reveriel>> ity of san diego california be and	reverie|reveries
production-1907-09	1196	52.1	jneg	charter <<jneg>> rules shall be observed unless such construction	jeg|jeng|jne|jng|jnug|jpeg
production-1907-09	1197	34.11	ofisery	of the city shall be as follows <<ofisery>>	fishery
production-1907-09	1197	43.10	beniol	shall readjust and fix anew the amount <<beniol>>	benzol
production-1907-09	1199	30.0	veyance	<<veyance>> or lease of all other lands now	voyance
production-1907-09	1200	0.2	wiernor	jn witness <<wiernor>> we have hereunto set our hands and	lienor
production-1907-09	1200	21.0	citapter	<<citapter>>	chapter
production-1907-09	1200	27.0	ornin	<<ornin>>	cornin|dornin|mornin|oenin|onin|orcin
production-1907-09	1201	5.10	kelativet	resolved by the senate and assembly jointly <<kelativet>>	relative
production-1907-09	1201	6.13	ytuk	and he is hereby requested to gre <<ytuk>>	stuk|tuk|yeuk|youk|yuk
production-1907-09	1201	29.10	thaner	california contains a population of over ten <<thaner>>	haner|shaner|taner|thaer|thaler|thamer
production-1907-09	1202	22.0	warreas	<<warreas>> at said election a majority of the	warrens
production-1907-09	1204	13.1	cniee	or <<cniee>> chosen at large by the vote of	ciee
production-1907-09	1204	24.0	thiecrs	<<thiecrs>> of a chief of police a city	thiers
production-1907-09	1205	36.12	treel	such duties as the board may pre <<treel>>	areel|breel|creel|freel|reel|streel
production-1907-09	1212	26.0	reagares	<<reagares>> emergency measures for the immediate preservation of	regards
production-1907-09	1212	51.2	mensurc	nance or <<mensurc>> once so submitted shall be again so	mensur
production-1907-09	1214	43.1	olork	ee <<olork>> filing such petition the city clerk shall	olor|olori
production-1907-09	1215	38.9	certitica	said nine proposed amendments were and each <<certitica>>	certifica
production-1907-09	1216	29.2	wuerror	in witness <<wuerror>> we have hereunto set our hands and	error
production-1907-09	1217	21.0	cihiapter	<<cihiapter>>	chapter
production-1907-09	1218	33.0	ainend	<<ainend>> whereas the city of san bernardino a	anend
production-1907-09	1222	44.2	lnlf	and a <<lnlf>> after being so taken up this rule	llf|lnf|lnl|mnlf|nlf|onlf
production-1907-09	1223	7.0	aytee	<<aytee>> a bill has been passed by thes	antee|artee|ayee|ayeee|ayten|kaytee
production-1907-09	1226	32.0	jontber	<<jontber>> fornia jointly that we favor the construction	jobber
production-1907-09	1227	0.3	lilio	thirty elihyh session <<lilio>>	bilio|filio|ilio|lelio|licio|lili
production-1907-09	1228	26.0	olty	<<olty>> all that certain land situated in the	alty|jolty|oaty|oity|olay|oldy
production-1907-09	1229	23.12	erevere	shall have and exercise the l allowing <<erevere>>	revere
production-1907-09	1229	42.9	raxrs	and collect taxes and asscssments impose license <<raxrs>>	rars
production-1907-09	1229	45.8	rorrow	borrow money incur municipal indebtedness and pro <<rorrow>>	borrow|morrow|sorrow
production-1907-09	1230	44.0	dumuin	<<dumuin>> pose of acquiring real and personal property	domain|dumain|dumpin
production-1907-09	1231	27.12	leetlon	city for the purpose of electing fifteen <<leetlon>>	lection|leeton
production-1907-09	1231	30.9	oiliew	in july so classify themselves by lot <<oiliew>>	oilier
production-1907-09	1232	1.0	mectinys	<<mectinys>>	meetings
production-1907-09	1232	2.0	asirma	<<asirma>> sec no ordinance shall be passed no	asima
production-1907-09	1232	47.0	omees	<<omees>> use of the several offices and departments	mees|omens|omers|omes|omnes
production-1907-09	1233	49.9	atorno	the attorney shall act as the legal <<atorno>>	adorno|torno
production-1907-09	1236	43.0	contravte	<<contravte>> seo all of the above boards shall	contrate|contrave
production-1907-09	1236	52.1	qdavs	appoint <<qdavs>> fail to appoint the boards provided for	davs|days
production-1907-09	1237	14.11	meluder	bat uot within the city hits shall <<meluder>>	deluder|eluder|melder
production-1907-09	1238	28.0	atimate	<<atimate>> sec the board of education shall determine	animate
production-1907-09	1238	49.0	outstund	<<outstund>> io the taxes levied for the support	outsound|outstand|outstunt
production-1907-09	1239	47.12	pettiay	vote for a successor to the incumbent <<pettiay>>	pettily|pettway|petty
production-1907-09	1240	24.1	nuyober	apd <<nuyober>>	number
production-1907-09	1240	28.0	miunher	<<miunher>> of electors entitled to vote and if	miner
production-1907-09	1241	30.0	aheration	<<aheration>> or submit the same to the electorate	aeration
production-1907-09	1241	40.9	butiot	used when voting upon such proposed ordinance <<butiot>>	built|butit|butnot
production-1907-09	1242	41.0	ordsining	<<ordsining>> section the ordaining clause of all ordinances	ordaining
production-1907-09	1242	48.0	vnisex	<<vnisex>> may be granted by the electors by	unisex
production-1907-09	1244	45.0	heldem	<<heldem>> day of august a d have a	helden|helder|holdem
production-1907-09	1245	22.6	adittiong	additional proposition submitted to a vote <<adittiong>>	admitting
production-1907-09	1247	11.12	debran	alto california do hereby certify that i <<debran>>	debian|debra|debrah|debraj|debray|delran
production-1907-09	1247	12.13	lerkof	the times herein mentioned was the duly <<lerkof>>	hereof
production-1907-09	1248	21.0	jsrar	<<jsrar>> of the town of palo alto	asrar|israr
production-1907-09	1249	10.10	ukor	event of great importance in the history <<ukor>>	akor|cukor|kor|skor|uko|ukon
production-1907-09	1252	10.3	enrbing	for the paving <<enrbing>> guttering sidewalking and other	enring|enrobing
production-1907-09	1253	34.11	eusurer	such tax and license collector he shall <<eusurer>>	ensurer|usurer
production-1907-09	1253	36.10	eetor	of the city revenue not otherwise herein <<eetor>>	betor|detor|ector|etor|fetor
production-1907-09	1257	34.10	sulery	and after the first monday in may <<sulery>> of	sugery|sultry|sutlery|ulery
production-1907-09	1258	51.6	belonre	to which said annexed territory shal <<belonre>>	belone
production-1907-09	1264	52.6	derrces	st gowwersg partition line thence north <<derrces>> minutes	derries
production-1907-09	1265	1.6	tuohys	identical with the northern line of <<tuohys>> second addition	tuohy
production-1907-09	1266	8.5	stpere	residence is at no ee <<stpere>> berkeley	sapere|steere|stere|there
production-1907-09	1270	0.1	battois	sample <<battois>>	battis
production-1907-09	1271	0.11	fiections	only and provided also that the same <<fiections>>	fictions|flections
production-1907-09	1272	22.1	woless	and <<woless>> he resigns his name shall be printed	doless
production-1907-09	1273	16.3	cleeted	ors shall be <<cleeted>> at the general municipal election on a	cleated|cleeked|clefted|fleeted|sleeted
production-1907-09	1278	39.8	cleeted	out of the municipal moneys or be <<cleeted>> or appointed	cleated|cleeked|clefted|fleeted|sleeted
production-1907-09	1282	14.0	ofelty	<<ofelty>> held under the constitution and laws of	felty|owelty
production-1907-09	1283	1.7	vewer	to acquire by purchase condemnation or otherwise <<vewer>>	dewer|ewer|fewer|hewer|lewer|mewer
production-1907-09	1284	25.0	naisances	<<naisances>>	nuisances
production-1907-09	1288	0.0	ocwucr	<<ocwucr>> connections	occur
production-1907-09	1289	2.8	eoune	or costs erroneously or illegally collected or <<eoune>>	doune|elune|eone|eune
production-1907-09	1293	13.10	piyance	year of the city shall commence upon <<piyance>>	finance
production-1907-09	1295	47.0	thercefter	<<thercefter>>	thereafter
production-1907-09	1297	1.10	hition	when the lust day of the month <<hition>>	aition|dition|hiation|hiton|ition|kition
production-1907-09	1297	17.11	noriiu	all contracts must be in writing executed <<noriiu>>	norris
production-1907-09	1299	1.9	syoiten	labor performed than has been actually performed <<syoiten>>	shorten
production-1907-09	1303	36.0	aanial	<<aanial>> report of company	danial
production-1907-09	1306	43.0	eneum	<<eneum>> effect before thirty days from the time	enem|engum|enum|neum
production-1907-09	1310	4.0	pueous	<<pueous>> electing mayor auditor councilmen and school directors	aqueous
production-1907-09	1311	9.10	certilica	of berkeley a city containing a popu <<certilica>>	certifica
production-1907-09	1311	16.4	hodyhead	m foy beverly l <<hodyhead>> christian hoff william carey	holyhead
production-1907-09	1312	29.4	scerctary	attest j w flinn <<scerctary>>	secretary
production-1907-09	1312	33.3	fernigr	certificate j francis <<fernigr>> president of the board of trustees of	fernier
production-1907-09	1312	35.0	beancr	<<beancr>> the board of freeholders whose names appear	beaner
production-1907-09	1314	7.0	charterof	<<charterof>> witerbis the vity of richmond a municipal	charter
production-1907-09	1314	9.9	containmg	all times herein referred to a vity <<containmg>> a population	containg
production-1907-09	1321	1.0	vream	<<vream>> meat water and food stuffs and keep	bream|cream|dream|fream|gream|kream
production-1907-09	1322	26.0	gonsoli	<<gonsoli>> sec whenever the public interest may require	consoli
production-1907-09	1326	21.0	dinposi	<<dinposi>> sec all moneys raised by taxation within	dispose
production-1907-09	1326	42.10	coneur	the city limits said court shall have <<coneur>>	coeur|coleur|concur|coner|conour
production-1907-09	1330	0.0	therefer	<<therefer>> sec any ordinance or resolution other than	therefor
production-1907-09	1330	25.0	puew	<<puew>> by the conneil shall be the council	pew|phew|plew|prew|pue|puea
production-1907-09	1330	26.0	grdaning	<<grdaning>> do ordain as follows and the ordaining	groaning
production-1907-09	1330	39.0	holino	<<holino>> municipal office or hold any other office	holin|holing|molino
production-1907-09	1331	12.13	ucbred	a vote of two thirds of the <<ucbred>>	unbred|upbred
production-1907-09	1332	27.4	turwry	cpeptiteate i h h <<turwry>> city clerk in and for the city	turry
production-1907-09	1333	0.11	certitent	day of october at a special municipal <<certitent>>	pertinent
production-1907-09	1333	28.1	comphed	finally <<comphed>> with in every particular	comped|compher
production-1907-09	1333	29.2	waerror	jn witness <<waerror>> we have hereunto set our hands and	error
production-1907-09	1333	45.9	jatun	concurring a majority of all the members <<jatun>>	atun|gatun|hatun|jakun|jamun|jatin
production-1907-09	1335	7.9	tatuse	therein a majority of the members elected <<tatuse>>	tatus
production-1907-09	1336	43.0	rdepted	<<rdepted>> were and are as follows viz	adopted
production-1907-09	1336	46.0	distnet	<<distnet>> consist of all the territory within the	distent
production-1907-09	1337	42.4	incmber	thereafter and for the <<incmber>> from the outside territory	incumber
production-1907-09	1338	43.1	thercto	incumbent <<thercto>>	thereto
production-1907-09	1340	2.9	ficiul	hand this january th and the o <<ficiul>>	facial
production-1907-09	1341	18.10	preambl	vear and is now organized and acting <<preambl>>	preamble
production-1907-09	1342	40.5	ilarper	we the undersigned a c <<ilarper>> mayor of the city of	larger|larper
production-1907-09	1342	41.8	lelande	angeles state of california and h j <<lelande>> city clerk	lalande|leland
production-1907-09	1347	36.9	cuheies	after qualifying as herein provided enter at <<cuheies>>	cuties
production-1907-09	1348	5.0	rifvet	<<rifvet>> at the time	rivet
production-1907-09	1348	15.1	heminated	vein <<heminated>> at a primary nominating election and no	geminated
production-1907-09	1349	12.10	tendings	petition shall consist of sheets of uniform <<tendings>>	endings|lendings|sendings|tending
production-1907-09	1349	42.10	pouhone	by at least one hundred qualified electors <<pouhone>>	phone
production-1907-09	1351	25.10	batiot	ballot at such general or special election <<batiot>> at	batio
production-1907-09	1353	48.9	cleeted	of such horongh to be the duly <<cleeted>> members of	cleated|cleeked|clefted|fleeted|sleeted
production-1907-09	1355	40.3	macadamizc	straighten grade regrade <<macadamizc>> remacadamize pave	macadamize
production-1907-09	1355	40.4	remacadamize	straighten grade regrade macadamizc <<remacadamize>> pave	remacadamized
production-1907-09	1355	41.0	ropave	<<ropave>> establish or change the grade of or	repave
production-1907-09	1356	4.0	lorunzh	<<lorunzh>> with any wharves docks piers or other	lorenzo
production-1907-09	1356	24.0	conrolida	<<conrolida>> comes effective the city council or its	consolida
production-1907-09	1357	1.6	conseentive	possession to mure than teu thousand <<conseentive>> feet linear front	consecutive|consentive
production-1907-09	1359	25.10	omecr	assessor vity tax and license collector chief <<omecr>>	omer
production-1907-09	1359	34.10	stayor	in addition to his report as mayor <<stayor>>	stator|stayer|tayor
production-1907-09	1359	41.10	ormey	actions and proceedings in the supreme and <<ormey>>	armey|ermey|omey|orey|orley|orme
production-1907-09	1360	10.0	uhiet	<<uhiet>> of the chief of police shall report	shiet|thiet
production-1907-09	1360	11.0	voltee	<<voltee>> made by him the offenses charged and	volte|volter|voltes|voltex|vultee
production-1907-09	1360	26.0	eusineer	<<eusineer>> acter cost and condition of all public	engineer
production-1907-09	1360	47.0	iendent	<<iendent>> show the number and condition of the	indent|pendent|tendent
production-1907-09	1361	11.12	sonmis	the kind cost and expense of the <<sonmis>>	somis
production-1907-09	1367	30.2	lelande	h j <<lelande>>	lalande|leland
production-1907-09	1367	38.11	aetee	of the state of california the pra <<aetee>>	aegee|aeree|aeter|antee|artee|petee
production-1907-09	1368	40.0	letious	<<letious>> inaugurated into the office of president of	serious
production-1907-09	1369	18.11	bexjuest	california is lacking in a public site <<bexjuest>>	bequest
production-1907-09	1369	36.0	wurress	<<wurress>> said ranch is well provided with wood	burress|duress
production-1907-09	1370	21.0	mentto	<<mentto>> dred and nive two thirds of all	mento
production-1907-09	1372	1.0	benale	<<benale>> concurrent resolution no relative to the appoint	beale|bedale|behale|benali|bename|bendle
production-1907-09	1375	2.10	tiiners	of the city of oakland notwithstanding shall <<tiiners>>	tinners|twiners
production-1907-09	1377	37.12	tivrary	the city of oakland shall in making <<tivrary>>	library
production-1907-09	1379	20.4	waicr	of oakland concerning the <<waicr>> front to provide for and	waic|wair
production-1907-09	1381	22.10	priviicge	upon the portion of the city desig <<priviicge>>	privilege
production-1907-09	1382	9.0	eansed	<<eansed>> the corporate seal of the city of	eased
production-1907-09	1383	13.9	ireleht	consider the protests made against the advances <<ireleht>>	relet
production-1907-09	1383	28.0	cilapter	<<cilapter>>	chapter
production-1907-09	1383	32.8	preamme	the alaska yukon pacific exposition is intended <<preamme>>	preamble
production-1907-09	1383	42.9	californl	shall appoint seven members of the senate <<californl>>	californ|californa|californi|california
production-1907-09	1385	4.8	keyenue	taxes levied assessed and collected as herein <<keyenue>>	revenue
production-1907-09	1385	17.7	uscil	manner hereinafter provided the word companies as <<uscil>>	scil|ucil|until|uscis
production-1907-09	1387	0.15	revenn	and the same shall be paid to <<revenn>>	reven|revend|revent|revenu
production-1907-09	1387	19.0	cowity	<<cowity>> taxes of any real estate other than	comity
production-1907-09	1388	2.0	fortoos	<<fortoos>> sufficient to meet the deficiency all property	forts
production-1907-09	1390	21.0	citapter	<<citapter>>	chapter
production-1907-09	1390	28.1	gtaro	ui <<gtaro>> ing before congress there is an item	garo|taro
production-1907-09	1393	6.10	siticts	a committee of five persons be ap <<siticts>>	sticks
production-1907-09	1394	6.0	fneour	<<fneour>> resolved by the senate of the state	four
production-1907-09	1394	11.0	nanees	<<nanees>> by any of the counties cities or	anees|manees|nafees|nanes|nannes|nantes
production-1907-09	1395	9.8	ninkle	richard melrose prescott f cogswell b c <<ninkle>>	dinkle|finkle|hinkle|inkle|jinkle|kinkle
production-1907-09	1395	13.8	beardsleec	a stanton j j mcmanus r i <<beardsleec>> j w	beardslee
production-1907-09	1395	15.10	tamimon	callan geo plans c young p v <<tamimon>>	talion
production-1907-09	1396	17.0	federaline	<<federaline>> resolved by the senate and assembly of	federalize|federline
production-1907-09	1396	18.0	herltance	<<herltance>> fornia concurring jointly that it would be	heritance
production-1907-09	1397	29.9	leavero	the senate and the assembly concurring that <<leavero>>	leaver|leavers
production-1907-09	1399	26.5	immber	whereas the plants of the <<immber>> manufacturers which	imber|immer
production-1907-09	1399	38.10	millhand	wages paid to the american logger and <<millhand>>	milland
production-1919-vol1-chapters	0	21.0	citapter	<<citapter>>	chapter
production-1919-vol1-chapters	1	9.0	citapter	<<citapter>>	chapter
production-1919-vol1-chapters	2	8.11	pintin	necessary is hereby appropriated out of ie <<pintin>>	paintin|pantin|pinin|pinyin|pointin|pontin
production-1919-vol1-chapters	2	16.0	ciiapter	<<ciiapter>>	chapter
production-1919-vol1-chapters	4	8.3	readjusiment	ment or other <<readjusiment>> o civil life it is hereby declared	readjustment
production-1919-vol1-chapters	4	19.0	prialing	<<prialing>> money therefor and providing for reimbursement	trialing
production-1919-vol1-chapters	6	22.0	cttapter	<<cttapter>>	chapter
production-1919-vol1-chapters	7	42.0	rpectal	<<rpectal>> fifteen of this act said board of	rectal
production-1919-vol1-chapters	14	33.10	enornl	acquisition or construction of a new road <<enornl>> fn	enroll
production-1919-vol1-chapters	20	42.5	pdrunts	hereafter be allowed by law <<pdrunts>>	parents
production-1919-vol1-chapters	20	43.8	guperin	superintendent of schools onc thousand eight hun <<guperin>>	guerin
production-1919-vol1-chapters	22	30.3	hbrarlan	dollars per annum <<hbrarlan>>	harlan
production-1919-vol1-chapters	22	41.0	ofieers	<<ofieers>>	officers
production-1919-vol1-chapters	24	4.11	constabies	as are now or may be here <<constabies>>	constables
production-1919-vol1-chapters	24	24.0	ciiapter	<<ciiapter>>	chapter
production-1919-vol1-chapters	24	36.8	comty	county clerk three thousand dollars per annum <<comty>> cles	cmty|coaty|comay|comby|comey|comfy
production-1919-vol1-chapters	26	3.0	upnum	<<upnum>> provided that he shall have power to	unum
production-1919-vol1-chapters	26	20.11	yronor	ag are now or may hereafter be <<yronor>>	kronor
production-1919-vol1-chapters	29	0.0	dorete	<<dorete>> said one half be not paid before	doree|dorene|dorte
production-1919-vol1-chapters	29	12.0	citapter	<<citapter>>	chapter
production-1919-vol1-chapters	30	26.12	lkts	persons and a description of the ts <<lkts>>	kts|lats|lcts|lets|lfts|lits
production-1919-vol1-chapters	31	5.10	dratn	recognize and declare valid all proceedings ww <<dratn>>	drain|dran|drant|drat|drate|drath
production-1919-vol1-chapters	31	12.0	sulidatel	<<sulidatel>> recognized and declared valid and all proceedings	solidate
production-1919-vol1-chapters	33	0.6	qmict	helon see any such suits to <<qmict>> title shall be commenced	mict
production-1919-vol1-chapters	33	12.0	bimpension	<<bimpension>> a sentence of imprisonment in a state	dimension
production-1919-vol1-chapters	34	10.9	cimnents	life is thereafter deemed civilly dead provided <<cimnents>>	comments
production-1919-vol1-chapters	35	0.0	countles	<<countles>> wf the peace may appoint a clerk	counties|countless
production-1919-vol1-chapters	36	11.9	disciet	supervisors of sacramento county state of california <<disciet>>	discret
production-1919-vol1-chapters	36	24.10	consolidstio	or more building and loan associations may <<consolidstio>>	consolidation
production-1919-vol1-chapters	36	25.10	pulldine	incorporated in one body with or without <<pulldine>>	pulleine|pulling
production-1919-vol1-chapters	36	34.10	approat	ur transfer must also be approved dy <<approat>>	approac
production-1919-vol1-chapters	37	19.0	momtan	<<momtan>> any desert or valley quail or cottontail	moman|momtaz|montan|moutan
production-1919-vol1-chapters	39	4.0	demtes	<<demtes>> serve within the county or cily and	demes|demotes|dentes
production-1919-vol1-chapters	40	34.10	mmmaton	electors of the county of state of <<mmmaton>>	emmaton
production-1919-vol1-chapters	46	10.9	smaturs	school office county office or township office <<smaturs>>	status
production-1919-vol1-chapters	49	23.0	tresidential	<<tresidential>> haye been selected in each year of	presidential|residential
production-1919-vol1-chapters	49	49.0	afilation	<<afilation>> ol more than one party for a	afflation
production-1919-vol1-chapters	50	43.8	exeuti	state central committee may select an executive <<exeuti>>	execute
production-1919-vol1-chapters	51	14.2	excentive	of the <<excentive>> committee selected by such state central com	exceptive
production-1919-vol1-chapters	52	12.9	riunn	election in the event of the appointment <<riunn>>	rinn|runn
production-1919-vol1-chapters	52	22.8	wihdaen	no candidate whose nomination papers have been <<wihdaen>>	widen
production-1919-vol1-chapters	54	41.0	chascrs	<<chascrs>> approved march the owner of such certifi	chasers
production-1919-vol1-chapters	55	39.8	legista	next preceding each regular session of the <<legista>>	legist|regista
production-1919-vol1-chapters	57	13.1	niust	persons <<niust>> render such statement at such times and	iust|nist|nius|nust
production-1919-vol1-chapters	58	3.0	eascd	<<eascd>> fish shellfish mollusks crustaceans amphibians	ascd|eased
production-1919-vol1-chapters	58	15.0	tacean	<<tacean>> amphibian mollusk or the ova of any	tacan|taken
production-1919-vol1-chapters	58	46.0	jaiion	<<jaiion>> of anv of the provisions of this	jaidon|jaison
production-1919-vol1-chapters	59	25.0	xehipment	<<xehipment>> sec if after such examination or inspection	shipment
production-1919-vol1-chapters	59	26.0	fhete	<<fhete>> said fish shellfish mollusks amphibians crustaceans aquatic	fete|flete|hete|thete|whete
production-1919-vol1-chapters	59	43.0	notleo	<<notleo>> of sec if upon examination bv the	notley
production-1919-vol1-chapters	64	36.13	tkcti	a civil action where service of a <<tkcti>>	tacti
production-1919-vol1-chapters	64	37.12	sqired	required or of the completion of the <<sqired>>	sired|spired|squired
production-1919-vol1-chapters	68	25.9	sberit	five thousand dollars per annum and such <<sberit>>	berit
production-1919-vol1-chapters	71	0.0	ainints	<<ainints>> d management of enter upon and preserve	awnings
production-1919-vol1-chapters	71	23.0	petitionfor	<<petitionfor>> qn the presentation of a verified petition	petitioner
production-1919-vol1-chapters	71	25.0	coveyanee	<<coveyanee>> entitled to such conveyance from an executor	conveyance
production-1919-vol1-chapters	75	51.0	annlv	<<annlv>> tc the present incumbents	anniv
production-1919-vol1-chapters	76	34.10	inenm	paragraph are to apply o the present <<inenm>>	inem|inerm
production-1919-vol1-chapters	76	36.8	pstret	district attorney three thousand dollars per annum <<pstret>>	stret
production-1919-vol1-chapters	77	7.0	schoult	<<schoult>> dred fifty dollars per annum and actual	schout|schult
production-1919-vol1-chapters	79	3.1	cuscs	criminal <<cuscs>> in recorders courts shall be paid by	cscs|cusco|cuscus|cusecs|cusks|cusps
production-1919-vol1-chapters	80	9.9	rettet	under authority of acts of congress of <<rettet>> of	bettet|pettet|rette|retted|retter
production-1919-vol1-chapters	80	21.0	citapter	<<citapter>>	chapter
production-1919-vol1-chapters	82	45.8	coutables	shall receive the following salaries for al <<coutables>>	constables
production-1919-vol1-chapters	84	9.11	reeora	first assistant at a salary of one <<reeora>>	remora
production-1919-vol1-chapters	85	26.4	inindred	of two thousand one <<inindred>> dollars per annum one drafts	kindred
production-1919-vol1-chapters	86	6.11	comty	now or hereafter provided by law to <<comty>>	cmty|coaty|comay|comby|comey|comfy
production-1919-vol1-chapters	87	1.4	mandarns	recite in proceedings of <<mandarns>> certiorari prohibition usurpa	mandans|mandarins
production-1919-vol1-chapters	87	1.7	usurpa	recite in proceedings of mandarns certiorari prohibition <<usurpa>>	usurp|usurps
production-1919-vol1-chapters	87	15.0	cedurc	<<cedurc>> relating to appellate jurisdiction of the supreme	cedar
production-1919-vol1-chapters	87	22.0	pnvieion	<<pnvieion>> jn all cases in equity except such	pavilion
production-1919-vol1-chapters	88	3.2	prowding	milk products <<prowding>> for the licensing of said business	crowding|prodding|prowling
production-1919-vol1-chapters	88	35.1	nnlk	imitation <<nnlk>> of a separate and distinct character not	nnk|nnl
production-1919-vol1-chapters	90	13.8	jcenses	product made therefrom all such licenses shall <<jcenses>>	censes
production-1919-vol1-chapters	91	14.0	trutection	<<trutection>> livery person who between the first day	protection
production-1919-vol1-chapters	92	0.7	detatiens	pec the words intoxicating liquors or intoxicating <<detatiens>>	detains
production-1919-vol1-chapters	93	3.0	iqnors	<<iqnors>>	minors
production-1919-vol1-chapters	93	9.0	lisement	<<lisement>> rendered unlawful by this section and it	easement
production-1919-vol1-chapters	93	16.0	beeag	<<beeag>> beverage purposes by any person holding a	beag|beeg|betag
production-1919-vol1-chapters	93	28.1	dawfully	fees <<dawfully>> manufacturmg the same or by wholesale druggists	awfully|lawfully
production-1919-vol1-chapters	93	29.0	trozests	<<trozests>> holding valid permits so to do to	protests
production-1919-vol1-chapters	94	37.8	vreseription	open to public inspection ard provided further <<vreseription>>	prescription
production-1919-vol1-chapters	95	16.0	pateme	<<pateme>> t shall forthwith be removed therefrom and	patee|patema
production-1919-vol1-chapters	95	25.0	finoring	<<finoring>> flavoring extracts essences tinctures and perfumes which	finding|minoring
production-1919-vol1-chapters	95	31.0	bercrages	<<bercrages>> vided that when any of the aforesaid	beverages
production-1919-vol1-chapters	95	48.5	lignors	statement sell or receive such <<lignors>> and provided there is securely	signors
production-1919-vol1-chapters	101	26.0	citapter	<<citapter>>	chapter
production-1919-vol1-chapters	102	9.9	bherit	six thousand dollars per annum the sheriff <<bherit>>	beherit|berit|herit|merit
production-1919-vol1-chapters	102	38.11	suncyor	as are now or may be hereafter <<suncyor>>	suncor
production-1919-vol1-chapters	104	11.10	fomtles	the thirty third class the county offi <<fomtles>> of	footles
production-1919-vol1-chapters	104	30.9	shent	five thousand dollars per annum and neces <<shent>>	ghent|hent|scent|seent|sent|shant
production-1919-vol1-chapters	105	36.0	pdminis	<<pdminis>> hereafter be allowed by law	adminis
production-1919-vol1-chapters	107	16.0	omeers	<<omeers>> them by law or by virtue ot	ameers|meers|omers
production-1919-vol1-chapters	108	11.8	jecoraer	recorder two thousand eight hundred dollars pcr <<jecoraer>>	recorder
production-1919-vol1-chapters	108	38.10	collecto	be in full compensation for all services <<collecto>>	collect|collecta|collecti|collectio|collector|collects
production-1919-vol1-chapters	109	48.0	atumey	<<atumey>> per annum provided that in counties of	tume
production-1919-vol1-chapters	110	10.8	guperin	superintendent of schools two thousand dollars per <<guperin>>	guerin
production-1919-vol1-chapters	111	25.0	citapter	<<citapter>>	chapter
production-1919-vol1-chapters	112	49.1	ttsit	rb <<ttsit>>	tsit
production-1919-vol1-chapters	114	22.8	buperin	superintendent of schools one thousand six hundred <<buperin>>	buterin
production-1919-vol1-chapters	115	25.6	fonriven	vowulatton for the purposes of sections <<fonriven>> and fifteen the	forgiven
production-1919-vol1-chapters	116	38.10	drenung	roads or private ways for an irriga <<drenung>> of	drepung
production-1919-vol1-chapters	117	19.0	ciiapter	<<ciiapter>>	chapter
production-1919-vol1-chapters	117	43.0	ecedings	<<ecedings>> brought within six months after a certified	ceding
production-1919-vol1-chapters	122	40.9	sveure	interests hostile to such producers and to <<sveure>>	sverre
production-1919-vol1-chapters	123	17.4	ereck	redneck section red rock <<ereck>> irrigation district as formed	breck|dereck|dreck|eleck|erec|erect
production-1919-vol1-chapters	123	19.0	valsted	<<valsted>> california and as now existing is hereby	halsted|valeted
production-1919-vol1-chapters	123	22.0	ciuapter	<<ciuapter>>	chapter
production-1919-vol1-chapters	123	30.1	yulid	declared <<yulid>> and all proceedings on organization and formu	bulid|julid|yuli|yulia|yulin|yuliy
production-1919-vol1-chapters	126	17.0	citapter	<<citapter>>	chapter
production-1919-vol1-chapters	126	36.8	guppiement	general circulation provided further that the companies <<guppiement>>	supplement
production-1919-vol1-chapters	126	38.0	snich	<<snich>> intervals as may be prescribed hy the	anich|mnich|nich|sich|sinch|slich
production-1919-vol1-chapters	128	29.9	pepats	inspector shall make such reports from time <<pepats>>	peats
production-1919-vol1-chapters	128	48.11	petrs	employment of a physical inspector or physical <<petrs>>	pears|peers|pers|peters|petes|petr
production-1919-vol1-chapters	129	33.1	emptory	canes <<emptory>> challenge unless the parties peremptory challenges	employ|emptor
production-1919-vol1-chapters	130	7.8	reremptory	party may challenge the jurors but where <<reremptory>>	peremptory|redemptory
production-1919-vol1-chapters	130	12.1	emptory	y <<emptory>> challenges are taken until the panel is	employ|emptor
production-1919-vol1-chapters	132	8.10	mehmond	and let unto the atchison topeka and <<mehmond>>	mehmood
production-1919-vol1-chapters	133	0.0	cilapter	<<cilapter>>	chapter
production-1919-vol1-chapters	133	14.0	citapter	<<citapter>>	chapter
production-1919-vol1-chapters	133	27.0	fedenton	<<fedenton>> section to the county superintendent of schools	edenton
production-1919-vol1-chapters	137	0.0	citapter	<<citapter>>	chapter
production-1919-vol1-chapters	137	32.0	essury	<<essury>> entries thereon twenty cents	essary|essery|essure
production-1919-vol1-chapters	142	16.11	roleemed	as provided for in section three thousand <<roleemed>>	redeemed
production-1919-vol1-chapters	142	36.13	nottee	office address or in lieu of mailing <<nottee>>	cottee|notte|notter|notthe|nottie|nottle
production-1919-vol1-chapters	142	45.4	elork	f commencing at o <<elork>> m and	elora
production-1919-vol1-chapters	143	26.0	lsues	<<lsues>> municipality in this state has deemed it	isues|lsus|lues|slues|sues
production-1919-vol1-chapters	144	43.10	appieation	of this act shall apply to foodstuffs <<appieation>>	application
production-1919-vol1-chapters	145	24.5	unicss	terms of weight or measure <<unicss>> the container be marked by	unics
production-1919-vol1-chapters	146	0.0	ciapthr	<<ciapthr>>	chapter
production-1919-vol1-chapters	146	11.2	ictter	advertisement word <<ictter>> character mark or notice of any	ichter|itter
production-1919-vol1-chapters	148	26.0	umver	<<umver>> kanter me bee feet feat foes	ulver|umber|umer|ummer|uver|uvver
production-1919-vol1-chapters	150	13.0	thercon	<<thercon>>	thereon|therion|theron|therron
production-1919-vol1-chapters	150	43.8	gotisied	the california polytechnic school in the county <<gotisied>> om	notified
production-1919-vol1-chapters	151	12.0	bercd	<<bercd>> four thousand two hundred twenty five a	berch|berck|bercy|berd|bernd
production-1919-vol1-chapters	152	32.9	pallties	or more sanitary districts shall by resolu <<pallties>>	parties
production-1919-vol1-chapters	156	16.0	ciiapter	<<ciiapter>>	chapter
production-1919-vol1-chapters	157	0.0	citapter	<<citapter>>	chapter
production-1919-vol1-chapters	158	10.0	ciiapter	<<ciiapter>>	chapter
production-1919-vol1-chapters	159	9.6	kincl	no fev or compensation of any <<kincl>> must be charged	incl|kinal|kinch|kindl
production-1919-vol1-chapters	159	24.0	citapter	<<citapter>>	chapter
production-1919-vol1-chapters	160	9.14	comty	duties of the city treasurer of by <<comty>>	cmty|coaty|comay|comby|comey|comfy
production-1919-vol1-chapters	165	2.0	ayeeial	<<ayeeial>> tary or of administration upon the estate	aerial
production-1919-vol1-chapters	165	40.0	deredents	<<deredents>> paper of the county if there be	decedents
production-1919-vol1-chapters	168	19.12	enaty	county surveyor must examine the same by <<enaty>>	enate|enty|naty
production-1919-vol1-chapters	169	18.4	gentter	macadamize pave curb or <<gentter>> such highway or boulevard	genter|gentler|gentner|getter
production-1919-vol1-chapters	170	0.11	emmce	to be charged or arrested for any <<emmce>>	emmc|emme|emmie
production-1919-vol1-chapters	171	20.0	eent	<<eent>>	bent|cent|dent|eant|een|eena
production-1919-vol1-chapters	173	0.7	comphed	has received such a permit and has <<comphed>> with all the rules	comped|compher
production-1919-vol1-chapters	174	0.5	redecined	a currently as property is <<redecined>> from tax sales notice of	redefined
production-1919-vol1-chapters	177	33.0	citapter	<<citapter>>	chapter
production-1919-vol1-chapters	179	4.7	qualifice	providing for the determination of their duties <<qualifice>>	qualified
production-1919-vol1-chapters	180	22.0	costy	<<costy>> arc not paid within the time specified	casty|coaty|conty|cosby|cosey|cost
production-1919-vol1-chapters	182	34.10	colert	said delinquency and suspension or for to <<colert>>	cobert|colbert|coler|colet|covert
production-1919-vol1-chapters	182	35.0	feitnre	<<feitnre>> bring an action in a court of	feature
production-1919-vol1-chapters	182	50.0	jnons	<<jnons>> mav be made upon the persons provided	anons|jonns|jons|nons
production-1919-vol1-chapters	184	16.0	citapter	<<citapter>>	chapter
production-1919-vol1-chapters	185	21.0	ibree	<<ibree>> months after the date of service of	bree|iree|ivree|obree
production-1919-vol1-chapters	185	30.0	seeenly	<<seeenly>> sie of the political code relating to	seventy|sheenly
production-1919-vol1-chapters	186	7.6	cnlilled	an act to amend an act <<cnlilled>> an act to provide for the	unfilled
production-1919-vol1-chapters	186	36.8	amaitor	for such municipal corporation redemption of property <<amaitor>>	amator|auditor
production-1919-vol1-chapters	187	0.0	chitapter	<<chitapter>>	chapter
production-1919-vol1-chapters	188	7.10	fxamina	of supervisors of every county and city <<fxamina>>	examine
production-1919-vol1-chapters	188	10.1	scleet	ar <<scleet>> and at such times as may be	screet|sleet|spleet
production-1919-vol1-chapters	188	27.0	citapter	<<citapter>>	chapter
production-1919-vol1-chapters	188	43.2	jnindred	gand two <<jnindred>> sixty nine of the code of civil	kindred
production-1919-vol1-chapters	190	37.6	maticr	rules or regulations in regard to <<maticr>> embraced within	matic|matica|matice|matico|matics|matier
production-1919-vol1-chapters	194	19.0	eyele	<<eyele>> truck trailer traction engine tractor or other	ebele|edele|eyelet|yele
production-1919-vol1-chapters	196	6.12	telen	owner of a trailer or trailers which <<telen>>	belen|delen|elen|helen|jelen|kelen
production-1919-vol1-chapters	196	25.10	negistratio	receipt by the department of an applica <<negistratio>>	registration
production-1919-vol1-chapters	197	43.0	motoreyeles	<<motoreyeles>> above provided for for the registration of	motorcycles
production-1919-vol1-chapters	198	25.6	chautf	plates duplicate container certificate of registration <<chautf>>	chaute|chauth
production-1919-vol1-chapters	198	50.3	daiu	thereof the following <<daiu>> the name of the registered owner	aiu|dabu|dadu|dafu|dagu|dai
production-1919-vol1-chapters	199	37.0	tranete	<<tranete>> of upon the transfer of ownership of	tranee
production-1919-vol1-chapters	200	33.12	trumter	of transfer of ownership of a motor <<trumter>> bh	trumper|truster|truter
production-1919-vol1-chapters	200	36.0	riptey	<<riptey>> or insolvency execution sale repossession upon default	ripley|rippey
production-1919-vol1-chapters	201	0.0	veniete	<<veniete>> anything to the contrary hereinabove notwithstanding upon	venite
production-1919-vol1-chapters	201	33.0	telitra	<<telitra>> cles may make application to the department	telstra
production-1919-vol1-chapters	203	15.0	notlee	<<notlee>>	notley
production-1919-vol1-chapters	203	24.0	mantng	<<mantng>> shall wreck dismantle or dissemble any motor	manang|maning|manong
production-1919-vol1-chapters	205	7.0	ooratin	<<ooratin>> provided however that in case of annual	oration
production-1919-vol1-chapters	205	21.0	ollows	<<ollows>>	allows|follows|hollows|ollow
production-1919-vol1-chapters	205	41.0	tiorse	<<tiorse>> hibit said light at the times and	those|torse
production-1919-vol1-chapters	207	15.0	cundle	<<cundle>> g the headlights of motor vehicles shall	bundle|candle|cuddle|curdle|mundle|oundle
production-1919-vol1-chapters	208	35.3	mscp	vacuum type volts <<mscp>>	ascp|dscp|escp|macp|mcp|mgcp
production-1919-vol1-chapters	210	4.9	fictet	motor vehicle department a device for con <<fictet>>	pictet
production-1919-vol1-chapters	210	38.9	spottights	spotlighis us nsed herein shall denote any <<spottights>>	spotlights
production-1919-vol1-chapters	212	41.9	ensineerin	of engineering in its discretion may issue <<ensineerin>>	engineerin|engineering
production-1919-vol1-chapters	213	18.0	relght	<<relght>> on anything to the contrary herein notwithstanding	relight
production-1919-vol1-chapters	213	42.0	clrugs	<<clrugs>> shall operate or drive a motor or	clugs
production-1919-vol1-chapters	218	41.12	iehway	goat hog or other live stock shall <<iehway>>	highway
production-1919-vol1-chapters	219	4.0	mrearms	<<mrearms>> z no person shall discharge any firearms	firearms|rearms
production-1919-vol1-chapters	219	6.1	euking	j <<euking>> ron aa no vehicle shal he operated	duking|eeking|eking|fuking|juking|nuking
production-1919-vol1-chapters	221	3.0	exerss	<<exerss>> of twenty four thousand pounds including the	exerts
production-1919-vol1-chapters	221	26.0	ieding	<<ieding>> visions of this section unless such person	ceding|eding|iding|leding|reding
production-1919-vol1-chapters	223	0.7	pubhe	before operating a motor vehicle upon the <<pubhe>> loghway	dubhe|pube|puhe
production-1919-vol1-chapters	223	0.8	loghway	operating a motor vehicle upon the pubhe <<loghway>>	highway|logway
production-1919-vol1-chapters	223	24.3	halge	juserted therein this <<halge>> shall thereafter be worn by such	alge|falge|hage|hagge|hagle|halbe
production-1919-vol1-chapters	223	27.9	chanf	and the license certificate issued to each <<chanf>>	canf|chaf|chaff|chan|chana|chanc
production-1919-vol1-chapters	223	51.1	tuless	ment <<tuless>> the parent or parents having the custody	euless|tugless|tules|uless
production-1919-vol1-chapters	224	37.9	rercration	upon receipt by the department of informa <<rercration>>	recreation
production-1919-vol1-chapters	225	7.8	fixatime	in the discretion of the superintendent thereof <<fixatime>>	fixative
production-1919-vol1-chapters	229	0.0	ingectors	<<ingectors>> employees shall include field deputies or inspectors	injectors
production-1919-vol1-chapters	230	18.0	sioper	<<sioper>> of corporations approved may is hereby	simper|siper|sipper|sloper|sooper|soper
production-1919-vol1-chapters	233	34.3	inalice	sumption of wilfulness <<inalice>> or neglect shall be overcome	ivalice
production-1919-vol1-chapters	234	14.0	citapter	<<citapter>>	chapter
production-1919-vol1-chapters	236	0.0	seentively	<<seentively>> beginning with number one the recording ot	selectively
production-1919-vol1-chapters	237	0.0	ciiapter	<<ciiapter>>	chapter
production-1919-vol1-chapters	237	22.0	citapter	<<citapter>>	chapter
production-1919-vol1-chapters	237	33.0	depositand	<<depositand>> q jivery officer of the several counties	deposited
production-1919-vol1-chapters	239	0.0	anoee	<<anoee>> while engaged in the performance of the	anaee|andee|anee|angee|ankee|annee
production-1919-vol1-chapters	239	35.0	imkepes	<<imkepes>> ot an hotel inn restaurant boarding house	impedes
production-1919-vol1-chapters	240	44.7	iecast	or its secretary may designate and at <<iecast>> fifteen days notice	decast|diecast|incast|recast
production-1919-vol1-chapters	241	28.0	forsick	<<forsick>> attendants and o formulate and issue rules	fossick
production-1919-vol1-chapters	244	30.4	cainp	condition for every such <<cainp>> there shall be provided con rout	cain|caine|cains|caint|canip
production-1919-vol1-chapters	244	45.0	eonten	<<eonten>> gs burned buried or otherwise disposed of	bonten|conten|enten
production-1919-vol1-chapters	244	50.0	insanitaryv	<<insanitaryv>>	insanitary
production-1919-vol1-chapters	247	30.10	conviv	a certified copy of the judgment of <<conviv>>	convive
production-1919-vol1-chapters	248	9.11	puchare	her reaching such point in the judg <<puchare>>	purchase
production-1919-vol1-chapters	248	37.11	iatle	shall in any case be discharged therefrom <<iatle>>	atle|iate|iatse|istle|ittle|ixtle
production-1919-vol1-chapters	249	30.0	btato	<<btato>> crm sec the california industrial farm for	bato|batto|beato|state|stato|tato
production-1919-vol1-chapters	251	12.0	fieae	<<fieae>> formed by the change of the waterfront	fiege|fiere
production-1919-vol1-chapters	251	25.0	luscot	<<luscot>> the commissioners are also authorized to lease	buscot|lescot|muscot
production-1919-vol1-chapters	253	9.0	woperty	<<woperty>> uge by fire or other disaster the	property
production-1919-vol1-chapters	253	34.0	eerators	<<eerators>> operate warehouses grain elevators oil tanks and	aerators
production-1919-vol1-chapters	254	23.0	citapter	<<citapter>>	chapter
production-1919-vol1-chapters	255	23.0	ciuapter	<<ciuapter>>	chapter
production-1919-vol1-chapters	256	26.0	secds	<<secds>> is found to be infested or infected	scds|sechs|secks|secos|secs|sects
production-1919-vol1-chapters	258	1.3	wincsap	except tady and <<wincsap>> apples when the smallest size shall	winesap
production-1919-vol1-chapters	258	28.11	stanawa	shall be a box of the following <<stanawa>>	stanaway
production-1919-vol1-chapters	258	40.9	mtuls	section three of said act approved may <<mtuls>>	mauls|mouls|mtls|tuls
production-1919-vol1-chapters	258	42.8	lavenmg	every packed container of apples shipped deliv <<lavenmg>>	laving
production-1919-vol1-chapters	259	0.4	mionnin	the package or the <<mionnin>> net weight of the apples con	monnin
production-1919-vol1-chapters	261	12.8	providerl	and direction of the fire protective system <<providerl>>	provider|providers
production-1919-vol1-chapters	261	20.11	figint	state forester have charge of the fire <<figint>>	figent|filing|sigint
production-1919-vol1-chapters	261	26.0	apparntes	<<apparntes>> implements and apparatus organize fire companies and	apparatus
production-1919-vol1-chapters	264	0.0	citapter	<<citapter>>	chapter
production-1919-vol1-chapters	265	42.0	comissiorer	<<comissiorer>> domestic corporations specified in subdivisions a b	comissioner|commissioner
production-1919-vol1-chapters	265	50.0	seauestrated	<<seauestrated>> in iis domiciliary state or country or	sequestrated
production-1919-vol1-chapters	266	9.9	tjunctior	such application or at any time thereafter <<tjunctior>>	junction
production-1919-vol1-chapters	266	32.10	vrmm	power to appoint under his hand and <<vrmm>>	armm|ermm|hrmm|rmm|trmm|vmm
production-1919-vol1-chapters	267	43.0	cecding	<<cecding>> was commenced to transmit all of the	ceding
production-1919-vol1-chapters	268	14.2	woless	official services <<woless>> upon the prepayment of such fees as	doless
production-1919-vol1-chapters	269	10.0	vlotment	<<vlotment>> allowances compensation and insurance are in	lotment
production-1919-vol1-chapters	269	12.7	cireum	dependent wives parents or relatives in destitute <<cireum>>	circum|cream
production-1919-vol1-chapters	269	20.0	ciiapter	<<ciiapter>>	chapter
production-1919-vol1-chapters	270	9.7	epileplics	of imbeciles feeble minded persons idiots or <<epileplics>>	epileptics
production-1919-vol1-chapters	271	11.0	cilapter	<<cilapter>>	chapter
production-1919-vol1-chapters	272	4.4	ercate	t star and lo <<ercate>> uw fund for these purposes to be	arcate|erate
production-1919-vol1-chapters	273	2.0	hapenee	<<hapenee>> of revolving fund the reasonable expense of	hapened
production-1919-vol1-chapters	274	0.0	citapter	<<citapter>>	chapter
production-1919-vol1-chapters	275	25.2	siusc	money uot <<siusc>> all money paid out by any county	siuc|siusi
production-1919-vol1-chapters	275	26.0	werteal	<<werteal>> shall be used by the organization receiving	cereal
production-1919-vol1-chapters	277	0.0	cliapter	<<cliapter>>	chapter
production-1919-vol1-chapters	277	14.0	ubraries	<<ubraries>> counties to deposit with any free public	libraries
production-1919-vol1-chapters	278	23.8	licase	to maintain warehouses and to rent or <<licase>> or con	ligase|lipase
production-1919-vol1-chapters	280	1.7	proseribing	an act defining criminal syndicalism and sabotage <<proseribing>>	proscribing
production-1919-vol1-chapters	280	9.11	gnvan	defined as any doctrine or precept advocating <<gnvan>>	gavan|givan|given|gnan|govan
production-1919-vol1-chapters	283	9.6	ercam	be attached to every milk or <<ercam>> bottle can or container	arcam|ecam|eram|ercan|ircam
production-1919-vol1-chapters	283	10.2	ereain	all milk <<ereain>> und ice cream euns bottles and containers	eremin
production-1919-vol1-chapters	283	16.0	blandari	<<blandari>> see all carriers of dairy products whether	bandari|bhandari
production-1919-vol1-chapters	283	20.0	eream	<<eream>> shipping containers shall observe and maintain the	bream|cream|dream|eram|fream|gream
production-1919-vol1-chapters	286	27.0	ciiapter	<<ciiapter>>	chapter
production-1919-vol1-chapters	287	0.0	peemprtion	<<peemprtion>> b aa practicing phystelen or practicing ueensed	preemption
production-1919-vol1-chapters	287	15.5	vulage	and county city fown or <<vulage>> in this state or an exempt	vilage|volage
production-1919-vol1-chapters	289	2.0	begiven	<<begiven>> wise ten days when the notice is	given
production-1919-vol1-chapters	289	32.5	remittiturs	of civil procedure relating to <<remittiturs>>	remittitur
production-1919-vol1-chapters	290	37.10	desned	it arrests the proceedings of any tribunal <<desned>>	deseed
production-1919-vol1-chapters	291	30.2	useil	not be <<useil>> that precinct on the day of the	seil
production-1919-vol1-chapters	293	14.0	couapter	<<couapter>>	chapter
production-1919-vol1-chapters	294	38.13	maymet	employees come or go to their place <<maymet>>	mamet|mammet|marmet|maumet|mayet|mayme
production-1919-vol1-chapters	297	12.0	okomer	<<okomer>> see for the purposes of this act	komer|skomer
production-1919-vol1-chapters	297	38.1	ercam	milk <<ercam>> or any person firm or corporation receiving	arcam|ecam|eram|ercan|ircam
production-1919-vol1-chapters	297	48.2	ercam	milk or <<ercam>> is uniform and homogeneous in richness before	arcam|ecam|eram|ercan|ircam
production-1919-vol1-chapters	298	8.7	ercam	cent of butter fat in milk or <<ercam>> or to falsify the records	arcam|ecam|eram|ercan|ircam
production-1919-vol1-chapters	298	27.4	condensory	factory ice cream factory <<condensory>> or any person firm thm	condensary|condensery|condensor
production-1919-vol1-chapters	298	31.5	condensory	ery shipping station milk factory <<condensory>> ice cream	condensary|condensery|condensor
production-1919-vol1-chapters	299	25.6	enbic	not be less than forty five <<enbic>> centimeters the shape of the	ebic|enic|enric
production-1919-vol1-chapters	300	0.0	cuameter	<<cuameter>> throughout the cylindrical part of the neck	diameter
production-1919-vol1-chapters	301	24.0	riats	<<riats>> srorion a new section is hereby added	fiats|rats|riads|rials|rias|riat
production-1919-vol1-chapters	301	24.1	srorion	riats <<srorion>> a new section is hereby added to	erosion
production-1919-vol1-chapters	301	33.0	subpenss	<<subpenss>> authorized by it in writing shall have	subpenas
production-1919-vol1-chapters	302	39.10	specitying	mandatory order to be effective in sixty <<specitying>>	specifying
production-1919-vol1-chapters	303	15.0	citapter	<<citapter>>	chapter
production-1919-vol1-chapters	304	13.9	wplrans	specified in said provision of the constitution <<wplrans>>	plans
production-1919-vol1-chapters	306	44.12	hekection	all notices of public sale the surveyor <<hekection>>	election
production-1919-vol1-chapters	308	28.9	deseua	to the full and equal accommodations advantages <<deseua>>	desert
production-1919-vol1-chapters	314	27.9	picim	shall be unlawful for any food warehouseman <<picim>>	pici|victim
production-1919-vol1-chapters	315	10.0	conmision	<<conmision>> ony fact or question arising under this	comision|commision|concision
production-1919-vol1-chapters	315	35.2	sonalie	pumision or <<sonalie>> unless the commission otherwise orders no change	sonable|sonali
production-1919-vol1-chapters	316	25.10	milittes	this act applications and complaints on the <<milittes>> act	militates|milites
production-1919-vol1-chapters	316	35.0	attoruvy	<<attoruvy>>	attorney
production-1919-vol1-chapters	316	37.10	eiert	any person firm or corporation has knowingly <<eiert>>	ebert|eier|eifert|eilert|ekert|elert
production-1919-vol1-chapters	316	44.5	rchates	the total sum of such <<rchates>> discounts deductions cong es	achates
production-1919-vol1-chapters	317	36.0	farpose	<<farpose>> src the legislature hereby declares that the	purpose
production-1919-vol1-chapters	318	18.0	cifapter	<<cifapter>>	chapter
production-1919-vol1-chapters	318	25.10	batiot	whom is imposed by law of the <<batiot>> boxes	batio
production-1919-vol1-chapters	319	23.0	citapter	<<citapter>>	chapter
production-1919-vol1-chapters	319	30.1	eauey	a <<eauey>> no more than one person shall be	ealey
production-1919-vol1-chapters	320	41.8	evurt	a record of the proceedings of said <<evurt>> and shall have	evart|evert
production-1919-vol1-chapters	321	4.0	poltee	<<poltee>> police court of said city and the	polee|pontee|potee
production-1919-vol1-chapters	321	17.0	reselestion	<<reselestion>> section where under authority of section two	reselection
production-1919-vol1-chapters	322	26.9	pmalet	boulevard over highways within its limits connecting <<pmalet>>	malet|palet
production-1919-vol1-chapters	323	8.2	clevised	on oie <<clevised>> to any charitable or benevolent society or	clevises
production-1919-vol1-chapters	323	43.0	cxaminers	<<cxaminers>> illegally by mistake inadvertence or error	examiners
production-1919-vol1-chapters	325	25.4	ctltes	therefor and to empower <<ctltes>> groups of cities counties	states
production-1919-vol1-chapters	328	15.9	pettwn	application provided for in section one hereof <<pettwn>>	petten|pettin
production-1919-vol1-chapters	329	16.0	hineay	<<hineay>> dot or the alteration or vacation of	hiney|ninety
production-1919-vol1-chapters	331	2.0	pomive	<<pomive>> qualified electors of any municipal improvement district	police
production-1919-vol1-chapters	331	29.0	citapter	<<citapter>>	chapter
production-1919-vol1-chapters	331	45.8	sliort	them jn numerical order unexpired terms or <<sliort>>	slirt
production-1919-vol1-chapters	332	1.11	flectio	in such notice the election officers who <<flectio>>	flection|lectio
production-1919-vol1-chapters	332	37.13	slertion	of the counties and cities and pf <<slertion>>	section
production-1919-vol1-chapters	332	47.9	ratture	person who having been regularly appointed as <<ratture>> to	rapture
production-1919-vol1-chapters	333	2.0	torenity	<<torenity>> absent himself from any service or employment	trinity
production-1919-vol1-chapters	335	0.0	fumof	<<fumof>> and the board of election for said	fumo
production-1919-vol1-chapters	335	37.0	osthof	<<osthof>> ome gy on the day of election	osthoff
production-1919-vol1-chapters	339	8.0	sesregatior	<<sesregatior>> b each county city and county city	segregation
production-1919-vol1-chapters	339	12.0	bordof	<<bordof>> and apportioned to the county city and	bordo|bordon
production-1919-vol1-chapters	341	8.4	anditer	the state by the <<anditer>> any auditor failing to forward the	inditer
production-1919-vol1-chapters	342	7.11	beneatea	hundred three bb of the code of <<beneatea>>	beneath|beneatha
production-1919-vol1-chapters	342	9.0	cilapter	<<cilapter>>	chapter
production-1919-vol1-chapters	343	0.4	sircet	jwisdictin center of beach <<sircet>> to the center of dupont street thence	siret
production-1919-vol1-chapters	343	2.0	gmmk	<<gmmk>> north point street thence easterly along the	gmk|gmm|mmk
production-1919-vol1-chapters	344	0.13	jurlediction	street to the center of illinois street <<jurlediction>>	jurisdiction
production-1919-vol1-chapters	344	2.10	comuus	thence casterly along the center of solano <<comuus>>	comous|comus
production-1919-vol1-chapters	346	6.10	sirer	contain a general description of the nhs <<sirer>>	airer|direr|firer|hirer|mirer|serer
production-1919-vol1-chapters	347	44.0	foernment	<<foernment>> ater craft used by the officers of	government
production-1919-vol1-chapters	348	15.3	cleem	said commissioners shall <<cleem>> proper sufficient and adapted	aleem|cleam|clee|cleef|cleek|cleen
production-1919-vol1-chapters	349	14.0	farinties	<<farinties>> hy reason of an act of the	varieties
production-1919-vol1-chapters	349	23.0	swilehes	<<swilehes>> provided further that switches from said railroad	switches
production-1919-vol1-chapters	349	35.6	ynay	fixed to any such wharf pick <<ynay>> landing or thoroughfare	anay|inay|jnay|nay|snay|unay
production-1919-vol1-chapters	350	22.8	muinte	taxes to pay for the acquisition construction <<muinte>>	muite|quinte
production-1919-vol1-chapters	351	37.0	cuvws	<<cuvws>> of shall be entitled to vole at	cuvs
production-1919-vol1-chapters	351	38.0	retums	<<retums>> election must make return of the election	rectums
production-1919-vol1-chapters	353	14.0	bonlevards	<<bonlevards>> struction of such boulevard or boulevards cither	boulevards
production-1919-vol1-chapters	353	30.3	jivery	separate sections thereof <<jivery>> contract for doing any part of	ivery|jiver|jivey|livery|rivery
production-1919-vol1-chapters	354	26.0	inain	<<inain>> on hand after such acquisition of rights	iain|inai|inan|indin|infin|ingin
production-1919-vol1-chapters	359	22.8	thener	between sections twenty two and twenty three <<thener>>	teener|tener|theer|theiner|themer|thenar
production-1919-vol1-chapters	359	30.2	thenes	section thirteen <<thenes>> north to the quarter section corner	athenes|chenes|ethenes|henes|tenes|thanes
production-1919-vol1-chapters	361	50.7	cleeted	trustees shall be until their successors are <<cleeted>> and qualified	cleated|cleeked|clefted|fleeted|sleeted
production-1919-vol1-chapters	362	28.9	asesmets	payment of any assessment of said reclamation <<asesmets>>	assets
production-1919-vol1-chapters	363	28.0	laneons	<<laneons>> records at page is hereby ratified confirmed	lanes
production-1919-vol1-chapters	365	0.1	enhit	oe <<enhit>> s section line running north and south	enhat|enit|unhit
production-1919-vol1-chapters	365	1.0	iandng	<<iandng>> section thirty two township cleven north range	landing
production-1919-vol1-chapters	365	12.1	exsi	two <<exsi>> thence west to the southwest corner of	easi|efsi|elsi|ensi|esi|essi
production-1919-vol1-chapters	365	28.0	theneo	<<theneo>> north to the midsection line running cast	teneo|thene|thenew
production-1919-vol1-chapters	371	3.0	watermak	<<watermak>> upon payment by them of the cost	waterman|watermark
production-1919-vol1-chapters	371	46.0	presidentnl	<<presidentnl>> the order of the other names remaining	presidental
production-1919-vol1-chapters	373	5.10	nanws	which order shall be the order of <<nanws>>	nanas|nanes|nanos|nans|nants|nanus
production-1919-vol1-chapters	374	44.0	prepositien	<<prepositien>> proposed law or constitutional amendment shall be	preposition
production-1919-vol1-chapters	376	30.11	xumbxr	top thereof the same number as appears <<xumbxr>>	number
production-1919-vol1-chapters	377	8.0	munielpal	<<munielpal>> nnd assembly district in which the ballot	municipal
production-1919-vol1-chapters	377	9.0	teket	<<teket>> ballots printed by county clerks or registrars	eket|tebet|teet|teke|tekel|tekes
production-1919-vol1-chapters	377	18.1	glze	same <<glze>>	elze|gaze|glaze|gle|glee|gloze
production-1919-vol1-chapters	379	9.0	tonitered	<<tonitered>> es dational guard and the naval militia	monitored
production-1919-vol1-chapters	379	22.0	retwements	<<retwements>> expired had they remained in the national	retirements
production-1919-vol1-chapters	379	35.0	petermee	<<petermee>> t sec when reorganizing the national guard	peterlee
production-1919-vol1-chapters	380	9.0	citapter	<<citapter>>	chapter
production-1919-vol1-chapters	380	27.0	srorion	<<srorion>> section twelve of an act entitled an	erosion
production-1919-vol1-chapters	381	1.0	apartioan	<<apartioan>> election there shall also be printed and	partisan
production-1919-vol1-chapters	381	15.0	pellote	<<pellote>> the registrar of voters in any city	bellote|pellate
production-1919-vol1-chapters	382	14.10	instretion	cighths of an inch below the district <<instretion>>	instruction
production-1919-vol1-chapters	382	22.11	candulates	voters shall be separated from the lists <<candulates>>	candidates
production-1919-vol1-chapters	382	39.10	equaliza	for members of the state board of <<equaliza>>	equalize
production-1919-vol1-chapters	385	50.0	ornted	<<ornted>> line one civil th of an inch	orated
production-1919-vol1-chapters	388	3.12	beuine	of october of any year traps sm <<beuine>>	beguine|beine|being
production-1919-vol1-chapters	388	24.9	masmement	bearing mammals in confinement in accordance with <<masmement>>	easement
production-1919-vol1-chapters	389	6.0	feumate	<<feumate>> tor the board of education of every	female
production-1919-vol1-chapters	389	49.0	laxaon	<<laxaon>> nav be levied for the support of	laxton
production-1919-vol1-chapters	392	0.10	steetead	section shall prohibit the possession and gulf <<steetead>>	steelhead
production-1919-vol1-chapters	394	32.10	tonmes	the provisions of this section in relation <<tonmes>>	tomes|tones|tonnes|toomes|tormes
production-1919-vol1-chapters	395	2.0	bercd	<<bercd>> one thousand seven hundred thirty four a	berch|berck|bercy|berd|bernd
production-1919-vol1-chapters	395	12.0	amretto	<<amretto>> such high school district a statement made	amaretto|amoretto
production-1919-vol1-chapters	396	26.10	indebtednes	thus annexed to such high school dis <<indebtednes>>	indebtedness
production-1919-vol1-chapters	397	13.2	breome	district shall <<breome>> entirely surrounded by territory included	brehme|breme|brome|broome
production-1919-vol1-chapters	397	19.0	citapter	<<citapter>>	chapter
production-1919-vol1-chapters	398	46.0	vessive	<<vessive>> weeks in one or more newspapers of	essive|lessive
production-1919-vol1-chapters	401	8.0	kehool	<<kehool>> siper he shall have power to call	school
production-1919-vol1-chapters	403	15.0	pdext	<<pdext>> meeting after the time for presentation of	dext
production-1919-vol1-chapters	405	32.0	citapter	<<citapter>>	chapter
production-1919-vol1-chapters	407	0.0	crimind	<<crimind>> ss of this act t s hereby	crimina|criminal|crimine|crimini|criminy
production-1919-vol1-chapters	408	14.13	fnty	or of any county over such por <<fnty>> ne	anty|cnty|enty|faty|fenty|fnt
production-1919-vol1-chapters	409	15.0	reclhd	<<reclhd>> granted under provisions of this act shall	record
production-1919-vol1-chapters	409	28.0	vcctor	<<vcctor>> the age of fifteen years who holds	vector|victor
production-1919-vol1-chapters	409	29.0	malnoes	<<malnoes>> hereinafter provided may be employed in any	males|malones
production-1919-vol1-chapters	412	8.0	nunor	<<nunor>> having such age and schooling certificate shall	aunor|junor|nanor|nucor|nuno
production-1919-vol1-chapters	412	8.9	splovment	such age and schooling certificate shall have <<splovment>>	ployment
production-1919-vol1-chapters	414	10.11	jalyr	the age of sixteen years shall cait <<jalyr>>	july
production-1919-vol1-chapters	414	45.11	stessenger	the age of eighteen years and n <<stessenger>>	messenger
production-1919-vol1-chapters	415	40.5	ealender	ing or mixing machinery w <<ealender>> rolls in paper and	alender|calender|ellender|kalender
production-1919-vol1-chapters	416	27.12	inier	years of age or over at pe <<inier>>	anier|icier|inder|iner|infer|inger
production-1919-vol1-chapters	418	38.1	cecurred	have <<cecurred>> during the preceding period of six months	recurred
production-1919-vol1-chapters	420	22.12	qammel	use trammel nets also known as two <<qammel>>	gammel|hammel|rammel|sammel
production-1919-vol1-chapters	420	36.12	punenet	use purse nets and round haul nets <<punenet>>	ponent|puneet|punnet
production-1919-vol1-chapters	420	37.3	cirelo	also known as <<cirelo>> seines or lampara nets in fish and	cielo|cirilo
production-1919-vol1-chapters	420	37.6	lampara	also known as cirelo seines or <<lampara>> nets in fish and game und round	lampard
production-1919-vol1-chapters	421	26.0	trasl	<<trasl>> ret s tt shall be lawful to	trail|trakl|tral|transl|tras|trash
production-1919-vol1-chapters	423	19.0	boiny	<<boiny>> caught or taken in the waters of	boigny|boily|boin|boinc|boing|boink
production-1919-vol1-chapters	424	38.9	cementary	the approval of the county superintendent of <<cementary>>	cemetary
production-1919-vol1-chapters	425	1.0	apptiation	<<apptiation>> second the board of school trustees of	application
production-1919-vol1-chapters	425	40.1	inchisive	november <<inchisive>> of any year or between the first	incisive
production-1919-vol1-chapters	427	5.0	intofsh	<<intofsh>> fish and game districts to he known	intosh
production-1919-vol1-chapters	428	17.5	resnu	river those portions of i <<resnu>> county lying east of the west	renu|resnub|resu|resun
production-1919-vol1-chapters	428	50.10	ercek	township line to a point where deer <<ercek>>	erceg|erek
production-1919-vol1-chapters	430	35.11	turteen	and tidelands to high water mark of <<turteen>>	gurteen|tureen
production-1919-vol1-chapters	433	26.1	alstrart	tn <<alstrart>> every person who ip fish and game	abstract
production-1919-vol1-chapters	434	31.8	meslies	salmon with any net any of the <<meslies>> of which are less	leslies|mealies|melies
production-1919-vol1-chapters	435	2.0	oanveen	<<oanveen>> d fifth day of september and the	canteen
production-1919-vol1-chapters	436	30.11	suenn	registrar of minors as herein provided it <<suenn>>	senn|suen|suena|sueno|suent|sunn
production-1919-vol1-chapters	437	0.0	registatin	<<registatin>> sich registration shall show the name and	registration
production-1919-vol1-chapters	437	43.0	wublie	<<wublie>> aon county to the superintendent of public	oublie|public|wullie
production-1919-vol1-chapters	438	17.11	tmvor	favor of issuing such bonds then such <<tmvor>> bout	favor|tavor
production-1919-vol1-chapters	439	29.0	citapter	<<citapter>>	chapter
production-1919-vol1-chapters	441	6.4	jlaving	asecsments one of them <<jlaving>> viewed the land to be taken and	laving|slaving
production-1919-vol1-chapters	442	36.12	svom	schools of the state they shall also <<svom>>	scom|seom|shom|slom|snom|som
production-1919-vol1-chapters	443	40.4	ifenshaw	fan peal william g <<ifenshaw>> and ed fletcher the gift of the	crenshaw
production-1919-vol1-chapters	445	48.0	iputy	<<iputy>> each local registrar shall immediately appoint a	iput
production-1919-vol1-chapters	451	0.0	vesment	<<vesment>> payable to him under the terms of	vestment
production-1919-vol1-chapters	451	1.0	catutwe	<<catutwe>> thereof after the sums severally due and	cattle
production-1919-vol1-chapters	451	1.9	becorne	after the sums severally due and to <<becorne>>	bicorne
production-1919-vol1-chapters	452	45.0	impleaded	<<impleaded>> in said action to the end that	impleader
production-1919-vol1-chapters	454	12.9	flementan	elementary school certificates authorizing the holders to <<flementan>>	elemental
production-1919-vol1-chapters	454	41.10	srmt	accordance with the provisions of this code <<srmt>>	rmt|samt|smmt|smrt|smt|srm
production-1919-vol1-chapters	454	47.8	ereden	than that specified in such recommendation or <<ereden>>	eeden|erden|reden|reeden
production-1919-vol1-chapters	457	4.8	trneks	public highway by automobiles jitney busses auto <<trneks>>	treks
production-1919-vol1-chapters	457	21.2	conire	ever owning <<conire>> ting operating or managing any auto	coire|congre|conie|conine|contre|conure
production-1919-vol1-chapters	459	33.0	phylloxcra	<<phylloxcra>> vastatric shall notify the county horticultural	phylloxera
production-1919-vol1-chapters	460	11.10	fispenses	expenses incurred by such disinfection as may <<fispenses>>	dispenses
production-1919-vol1-chapters	460	24.8	innav	improvement and rectification of the channels of <<innav>>	inna|innov
production-1919-vol1-chapters	461	21.0	fmergenty	<<fmergenty>> ict to the lowest bidder provided however	emergency
production-1919-vol1-chapters	463	5.3	plamus	the counties of <<plamus>> lassen and mode without having	lamus|palmus|placus|plams|planus
production-1919-vol1-chapters	465	1.1	teshmony	ow <<teshmony>> fesidcnee and his business or profession	testimony
production-1919-vol1-chapters	469	27.0	commussons	<<commussons>> zovetnot and the hoard of control is	commissions
production-1919-vol1-chapters	471	40.0	onhonds	<<onhonds>> of days after the close of its	onions
production-1919-vol1-chapters	472	6.11	controrts	lease or contract also sufficient to pay <<controrts>>	contorts
production-1919-vol1-chapters	474	1.10	iilara	the expense of transporting children for whom <<iilara>>	clara|dilara
production-1919-vol1-chapters	474	19.12	ofminn	age of fifteen years shall be ace <<ofminn>>	finn
production-1919-vol1-chapters	474	36.0	citapter	<<citapter>>	chapter
production-1919-vol1-chapters	476	7.12	tmce	the amount so paid by parents parent <<tmce>>	mce|tace|tce|tice|tmc|tmcc
production-1919-vol1-chapters	476	41.12	amertism	the passage of this act it shall <<amertism>>	amerism
production-1919-vol1-chapters	476	42.9	giswe	for any person firm corporation or association <<giswe>>	gisle
production-1919-vol1-chapters	478	6.11	jetea	dollars provided this section shall not rex <<jetea>>	jeeta|jeta|jete|jeter|jetha|jetta
production-1919-vol1-chapters	478	37.9	disere	furnish repair and insure and in their <<disere>> insure ete	desere|diseme|isere|lisere|misere
production-1919-vol1-chapters	479	8.0	kecee	<<kecee>> fifth to receive in the name of	kacee|kcee
production-1919-vol1-chapters	479	36.0	uateial	<<uateial>> tion including contracting owners to whom is	material
production-1919-vol1-chapters	482	24.9	froteetion	who in the state of california shoots <<froteetion>>	protection
production-1919-vol1-chapters	483	9.0	hlementars	<<hlementars>> b elementary school certificates to holders of	elementary
production-1919-vol1-chapters	485	28.0	citapter	<<citapter>>	chapter
production-1919-vol1-chapters	488	39.9	areet	street railroad when used in this act <<areet>>	afreet|ajeet|ameet|aree|areek|areel
production-1919-vol1-chapters	489	0.0	ribeder	<<ribeder>> the term street railroad corporation when used	rieder
production-1919-vol1-chapters	491	0.0	wites	<<wites>>	bites|cites|dites|gites|hites|ites
production-1919-vol1-chapters	491	7.7	headgates	includes all reservoirs tunnels shafts dams dikes <<headgates>>	headgate
production-1919-vol1-chapters	492	8.10	yimty	public utility when used in this act <<yimty>>	yimby
production-1919-vol1-chapters	494	49.8	avenis	and such common carriers for their officers <<avenis>>	avedis|aveni|avenin|avenir|avens|avensis
production-1919-vol1-chapters	497	0.2	juurc	protection tour <<juurc>> fourd foure four hunts pursues takes	jury
production-1919-vol1-chapters	497	0.3	fourd	protection tour juurc <<fourd>> foure four hunts pursues takes	bourd|foard|foord|ford|fouad|foud
production-1919-vol1-chapters	498	5.9	retunding	common council board of trustees or other <<retunding>>	refunding|retuning
production-1919-vol1-chapters	498	17.11	seruls	of the character known as serials not <<seruls>>	serums
production-1919-vol1-chapters	499	5.0	citapter	<<citapter>>	chapter
production-1919-vol1-chapters	499	25.0	ahoob	<<ahoob>> certificate in a state normal school shall	ayoob
production-1919-vol1-chapters	500	12.4	turleen	an act to add <<turleen>> new sections to the political code to	lurleen|tureen
production-1919-vol1-chapters	501	6.0	cuness	<<cuness>> ou his ballot the word yes or	cuneus|unless
production-1919-vol1-chapters	501	32.0	tocalion	<<tocalion>> next ensuing within forty days after their	location|vocalion
production-1919-vol1-chapters	502	39.5	ciglity	tion ono thousand five hundred <<ciglity>> five of this code	dignity
production-1919-vol1-chapters	503	4.0	atans	<<atans>> time to a union or joint union	aans|akans|alans|amans|atan|atanas
production-1919-vol1-chapters	503	9.0	sueereding	<<sueereding>> union or joint union district and the	superseding
production-1919-vol1-chapters	503	30.6	cleeted	the term for which he was <<cleeted>> except as hereinafter pro	cleated|cleeked|clefted|fleeted|sleeted
production-1919-vol1-chapters	503	36.8	uvien	in the formation of union or joint <<uvien>> school districts	urien|vien
production-1919-vol1-chapters	504	45.10	prectin	of the union or joint union school <<prectin>> o	pectin|prestin
production-1919-vol1-chapters	504	46.9	hullding	has been determined the representatives acting as <<hullding>>	hulling
production-1919-vol1-chapters	506	8.11	twunter	of july next ensuing after the for <<twunter>>	taunter|twinter
production-1919-vol1-chapters	512	41.7	nonapplied	of the waters of any stream so <<nonapplied>> unless otherwise	unapplied
production-1919-vol1-chapters	513	0.5	wlieh	the period of time during <<wlieh>> such action or proceeding	lieh
production-1919-vol1-chapters	513	2.1	mgle	tute <<mgle>> een or shall hereafter under the provisions	agle|egle|gle|male|mcle|mele
production-1919-vol1-chapters	513	17.0	cilapter	<<cilapter>>	chapter
production-1919-vol1-chapters	513	23.0	depositof	<<depositof>> section the state treasurer is authorized to	deposito|depositor
production-1919-vol1-chapters	514	17.11	heaum	subject to the provisions of the political <<heaum>>	heaume
production-1919-vol1-chapters	514	18.12	pisute	the state of california relative to x <<pisute>>	piste|piute
production-1919-vol1-chapters	516	17.10	scrics	amendments thereof and is one of a <<scrics>> of	scrims|scrips
production-1919-vol1-chapters	517	33.0	citapter	<<citapter>>	chapter
production-1919-vol1-chapters	518	0.11	prrotectiv	catches kills or has im his possession <<prrotectiv>>	protective
production-1919-vol1-chapters	518	1.4	corrugata	any pink abalone haliotis <<corrugata>> or any black abalone	corrugate|corrugated
production-1919-vol1-chapters	518	2.0	haliolis	<<haliolis>> crackcrodic or any green abalone haliotis fulgens	haliotis
production-1919-vol1-chapters	518	8.6	corrugata	diameter or any pink abalone lfuliotis <<corrugata>> the shell of	corrugate|corrugated
production-1919-vol1-chapters	518	42.2	tivela	pismo clam <<tivela>> stultorum which shall measure less than	timely|tively
production-1919-vol1-chapters	519	15.4	muttalli	of the species schizotherus <<muttalli>> variously known as	mutually
production-1919-vol1-chapters	521	8.0	gomds	<<gomds>> jones is hereby authorized and directed to	goads|gods|golds|gomes|gomis|goms
production-1919-vol1-chapters	521	9.2	gremnd	bea camping <<gremnd>> for the people of the state of	greund
production-1919-vol1-chapters	521	12.3	bittenconrt	tot seven of <<bittenconrt>> tract as per plat of said tract	bittencourt
production-1919-vol1-chapters	521	33.0	remonl	<<remonl>> as soon as practicable the fish and	remon|remond|remont
production-1919-vol1-chapters	522	34.10	ofeens	first monday in september preceding the elee <<ofeens>>	oftens
production-1919-vol1-chapters	525	0.0	trict	<<trict>> ior the purpose or protecting the jand	strict|tract|triact|tric|trica|trice
production-1919-vol1-chapters	525	5.0	notie	<<notie>> akter the passage thereof and direct the	cotie|noite|nolie|nomie|nonie|norie
production-1919-vol1-chapters	525	24.0	neclaratin	<<neclaratin>> jn dhe boundaries mentioned in the p	declaration
production-1919-vol1-chapters	526	36.5	alicys	section all streets avenues lanes <<alicys>> places or municipal	alices
production-1919-vol1-chapters	527	43.0	comeil	<<comeil>> body or board which under the law	comel
production-1919-vol1-chapters	528	30.11	adestion	the report from the engineer the city <<adestion>>	adustion
production-1919-vol1-chapters	529	14.0	asesment	<<asesment>> united states or to the state of	assesment|assessment
production-1919-vol1-chapters	530	0.0	wwatver	<<wwatver>> otf all objections to such grade and	water|whatver
production-1919-vol1-chapters	531	10.0	egeinst	<<egeinst>>	against
production-1919-vol1-chapters	532	48.10	metuent	expenses as used in this act shall <<metuent>>	sequent
production-1919-vol1-chapters	533	7.0	toprte	<<toprte>> tion to whom is awarded any contract	torte|tourte
production-1919-vol1-chapters	533	8.0	funkbing	<<funkbing>> before executing said contract file with the	funding|funking
production-1919-vol1-chapters	533	9.0	michls	<<michls>> streets a good and sufficient bond approved	michals|michels|michl|mills
production-1919-vol1-chapters	533	21.0	kiud	<<kiud>> then the sureties will pay the same	iud|khud|kid|kidd|kind|kisd
production-1919-vol1-chapters	534	29.9	notlee	completion of the work the street super <<notlee>> that	notley
production-1919-vol1-chapters	539	41.0	eomnls	<<eomnls>> upon the receipt of such securities forthwith	eons
production-1919-vol1-chapters	544	6.9	omices	offices and officers whose duties powers purposes <<omices>>	omics
production-1919-vol1-chapters	549	17.0	muntripality	<<muntripality>> sec said municipality shall by and through	municipality
production-1919-vol1-chapters	550	6.0	citapter	<<citapter>>	chapter
production-1919-vol1-chapters	552	40.10	cumaniy	control no dealer shall be prosecuted under <<cumaniy>> ol	cumani|humanity
production-1919-vol1-chapters	553	11.2	clealer	when vate <<clealer>> ie the guaranty be to the effect	cleamer|cleaner|clearer|cleaver|lealer
production-1919-vol1-chapters	559	17.4	hercin	the manner provided jor <<hercin>>	herbin|herein|herin|herlin|heroin|herpin
production-1919-vol1-chapters	560	7.11	consersanc	supervisors of any county in this state <<consersanc>>	conservancy
production-1919-vol1-chapters	560	10.7	unincor	conservancy districts which may be entirely within <<unincor>> wr	unicor
production-1919-vol1-chapters	560	41.11	detnet	determine whether a district shall be estab <<detnet>>	decnet|dennet|detent|detinet|detner|dotnet
production-1919-vol1-chapters	561	25.9	péti	petitions or duplicate copies of the same <<péti>>	pati|peti|piti|poti|pti|puti
production-1919-vol1-chapters	562	20.7	cojointly	mutual agreement whereupon said boards shall sit <<cojointly>>	conjointly
production-1919-vol1-chapters	563	31.0	netlee	<<netlee>> said election shall be called hy posting	netley
production-1919-vol1-chapters	563	44.1	gureeter	fw <<gureeter>> laced upon the ballot the names of	greater|greeter
production-1919-vol1-chapters	564	21.10	preeed	ownership to be determined from the next <<preeed>>	preened|premed|preneed|preyed
production-1919-vol1-chapters	567	5.3	isach	path of sco <<isach>> director before entering upon his official	ibach|isac|isaca|isch|sach
production-1919-vol1-chapters	569	44.0	fevetments	<<fevetments>> reservoirs holding basins fioodways pumping	revetments
production-1919-vol1-chapters	569	44.4	fioodways	fevetments reservoirs holding basins <<fioodways>> pumping	floodway|floodways|foodways
production-1919-vol1-chapters	572	18.1	traffe	interrupting <<traffe>> in the least degree consistent with good	raffe|taaffe|taffe|traff
production-1919-vol1-chapters	572	38.9	goveniment	to enter into contracts or other arrangements <<goveniment>>	govenment|govenrment|government
production-1919-vol1-chapters	572	45.0	maiutuining	<<maiutuining>> using and operating the works of the	maintaining
production-1919-vol1-chapters	573	1.0	iuereased	<<iuereased>> ments made by the district increase the	increased
production-1919-vol1-chapters	573	2.1	suppif	valer <<suppif>> stroam or stream system such increase may	supply
production-1919-vol1-chapters	573	35.7	assignecs	power or other services charged by vendees <<assignecs>> lessees	assignees|assigners
production-1919-vol1-chapters	576	4.0	niay	<<niay>> wish to purchase and for which they	biay|giay|iay|inay|nay|nia
production-1919-vol1-chapters	577	3.0	apreae	<<apreae>> secretary of the district shall give notice	aprea
production-1919-vol1-chapters	577	29.0	mections	<<mections>> tions shall be heard hy the board	mentions|sections
production-1919-vol1-chapters	577	40.2	notier	without due <<notier>> as for an original hearing thereon	nodier|nosier|noter|nother|noticer|notker
production-1919-vol1-chapters	578	25.12	ditee	than ten per cent the hoard of <<ditee>>	citee|dite|diter|dites|ditte|dutee
production-1919-vol1-chapters	579	0.10	sbati	fault in any notice or other proceedings <<sbati>>	abati|bati|saati|sati|shati|stati
production-1919-vol1-chapters	580	10.10	cumtles	from taxes or assessments bond sales or <<cumtles>>	cuttles
production-1919-vol1-chapters	581	5.0	woths	<<woths>> official plan the hoard of directors may	goths|moths|roths|withs|worths|woth
production-1919-vol1-chapters	582	14.10	tublicatio	such election shall prior to the date <<tublicatio>>	publication
production-1919-vol1-chapters	582	23.13	maenty	of the voles cast are in favor <<maenty>>	manty
production-1919-vol1-chapters	582	30.6	cflice	able at the county treasurer s <<cflice>> of the main county in	calice|cilice
production-1919-vol1-chapters	582	31.10	formof	coin the board of supervisors by an <<formof>>	formol
production-1919-vol1-chapters	583	14.6	contaming	on such property in each county <<contaming>> any part	containg
production-1919-vol1-chapters	584	6.11	comersion	required hy this act whenever the owner <<comersion>>	conversion
production-1919-vol1-chapters	585	46.0	fomof	<<fomof>> improvement warrant no of conservancy district	fomo|food|foof
production-1919-vol1-chapters	586	1.8	sarant	district state of california the amount herein <<sarant>>	arant|garant|marant|salant|samant|saran
production-1919-vol1-chapters	587	3.0	varuts	<<varuts>> kept for that purpose in his office	maruts|varus
production-1919-vol1-chapters	587	30.0	eveds	<<eveds>> received from the payment of the principal	eeds|evens|evers|eves
production-1919-vol1-chapters	587	35.0	ofomer	<<ofomer>> any lot or parcel of land against	fomer
production-1919-vol1-chapters	588	23.9	pubhe	property subject thereto shall be sold at <<pubhe>>	dubhe|pube|puhe
production-1919-vol1-chapters	588	41.9	geews	treasurer of the district before delivering any <<geews>>	geeks|geers|gees
production-1919-vol1-chapters	590	26.8	conenane	to maintain operate and preserve the reservoirs <<conenane>>	covenant
production-1919-vol1-chapters	591	1.0	appratsul	<<appratsul>> five per cent or more of the	appraisal
production-1919-vol1-chapters	593	2.0	cssoon	<<cssoon>> failure on the part of the officers	cassoon|soon
production-1919-vol1-chapters	593	20.1	allector	ta <<allector>> entrusted with the collection of these assessments	allectory
production-1919-vol1-chapters	593	49.1	dstnet	ove <<dstnet>> safety convenience or welfare may be included	dotnet
production-1919-vol1-chapters	594	10.9	conterene	case any district or districts are being <<conterene>>	conference
production-1919-vol1-chapters	594	47.5	deerce	entered of record declare and <<deerce>> such subdistricts to be	deere
production-1919-vol1-chapters	596	12.12	nollee	case where a notice is provided hf <<nollee>>	collee|college|nolle|noller|nollet|nollie
production-1919-vol1-chapters	597	29.0	unoecessar	<<unoecessar>> e it shall not be necessary in	unnecessary
production-1919-vol1-chapters	598	48.9	innits	section also all lands within the corporate <<innits>>	inits|innies|innis|inniss|innit|inuits
production-1919-vol1-chapters	599	2.7	eloek	day of at the hour of v <<eloek>> m by the	elek|loek
production-1919-vol1-chapters	601	0.0	budand	<<budand>> ol the annexed interest coupons as they	buland
production-1919-vol1-chapters	602	1.0	enlarvement	<<enlarvement>>	enlargement
production-1919-vol1-chapters	603	4.1	iiere	follows <<iiere>> insert general description of land appraised	biere|fiere|isere|niere|piere|siere
production-1919-vol1-chapters	603	41.0	grainsge	<<grainsge>> drainage district	grainage|grainge
production-1919-vol1-chapters	604	0.8	piaw	board of trustees of such reclamation district <<piaw>> wx	diaw|iaw|liaw|miaw|paw|pia
production-1919-vol1-chapters	604	26.11	xotire	of said hearing before the said recla <<xotire>>	notice
production-1919-vol1-chapters	605	32.0	trumge	<<trumge>> san joaquin drainage district	trudge|true
production-1919-vol1-chapters	606	28.10	prseiic	part within the sacramento and san joaquin <<prseiic>> ed	arsenic
production-1919-vol1-chapters	608	23.12	thereatte	to raise any sum for the construc <<thereatte>>	thereafter
production-1919-vol1-chapters	611	41.0	chaveof	<<chaveof>> the same resolution refer the proposed improvement	chavez
production-1919-vol1-chapters	612	28.0	thercon	<<thercon>>	thereon|therion|theron|therron
production-1919-vol1-chapters	612	41.9	notlee	the passage of the resolution of intention <<notlee>> of	notley
production-1919-vol1-chapters	616	2.0	ccedings	<<ccedings>> describing the parcel sold and giving the	ceding
production-1919-vol1-chapters	617	11.0	fmifo	<<fmifo>> nt collector as fast as collected to	fifo
production-1919-vol1-chapters	620	27.8	iiomer	purchased by the state of california from <<iiomer>> king	isomer
production-1919-vol1-chapters	620	34.5	itomer	of land purchased from said <<itomer>> s king as aforesaid	gitomer|isomer|tomer
production-1919-vol1-chapters	621	6.2	cight	seven dirty <<cight>> highly eighty three minely one hundred	aight|bight|dight|eight|fight|hight
production-1919-vol1-chapters	621	15.0	siais	<<siais>> seorton section five of an act entitled	iais|said|sais|sialis|sias|sidis
production-1919-vol1-chapters	624	32.11	resenes	hund when used in this act means <<resenes>>	resene|resents
production-1919-vol1-chapters	624	37.11	resenes	deposit when used in this act means <<resenes>>	resene|resents
production-1919-vol1-chapters	624	38.9	tepernt	against deposits maintained by any bank pursuant <<tepernt>>	repent
production-1919-vol1-chapters	625	10.0	munten	<<munten>> capital and surplus without consent of the	gunten|menten|munden|muntean|munter|muntin
production-1919-vol1-chapters	625	19.0	rediscounting	<<rediscounting>> with or without guarantee or endorsement with	discounting
production-1919-vol1-chapters	626	7.9	mestment	bank shall except as otherwise provided in <<mestment>>	vestment
production-1919-vol1-chapters	627	35.10	ealeu	all regular and ordinary service shall be <<ealeu>>	aleu|eaeu|eales|ealey
production-1919-vol1-chapters	629	16.0	athertne	<<athertne>> immediately following the conversion of a state	atherine
production-1919-vol1-chapters	629	32.0	foean	<<foean>> of banks for permission to exercise upon	fean|foehn|foeman|folan|foman|foran
production-1919-vol1-chapters	630	50.4	fixtives	earricd on furniture and <<fixtives>> vaults and safe deposit mut	fixatives
production-1919-vol1-chapters	631	15.0	peperty	<<peperty>> accommodation for the convenient transaction of its	property
production-1919-vol1-chapters	631	21.1	botits	of <<botits>> wae	botts
production-1919-vol1-chapters	631	25.1	thited	nu <<thited>> states or those for which the faith	thisted|whited
production-1919-vol1-chapters	631	28.0	fuvelen	<<fuvelen>> aa bonds or interest bearing notes or	fueled
production-1919-vol1-chapters	633	19.1	mvestment	vint <<mvestment>> cither	vestment
production-1919-vol1-chapters	633	29.0	morliagee	<<morliagee>> tit a refunding mortgage or deed of	mortgagee
production-1919-vol1-chapters	633	39.0	peperty	<<peperty>> oof trust of property which forms a	property
production-1919-vol1-chapters	634	20.10	mublle	any street railroad corporation or of any <<mublle>>	muelle|mulle
production-1919-vol1-chapters	636	20.11	satuc	value of any real estate under mort <<satuc>>	satc|satu|satur|satus|stuc
production-1919-vol1-chapters	638	6.3	writicn	value to be <<writicn>> down to such new market value which	writin
production-1919-vol1-chapters	642	11.1	baniss	of <<baniss>> no loan may be made to any	banias|banis|banish
production-1919-vol1-chapters	643	1.0	eemity	<<eemity>> directly or indirectly or to any agent	enmity
production-1919-vol1-chapters	644	0.0	modution	<<modution>> endorsements nor icss than three hundred thousand	motion
production-1919-vol1-chapters	644	16.13	jieome	been used or are to be used <<jieome>>	jerome
production-1919-vol1-chapters	644	23.0	mercly	<<mercly>> invesimcnts	mercy|merely|merly
production-1919-vol1-chapters	645	48.10	thercon	centum jn excess of the amount joancd <<thercon>>	thereon|therion|theron|therron
production-1919-vol1-chapters	646	29.10	oreupo	capital stock of any corporation an amount <<oreupo>>	oreo
production-1919-vol1-chapters	649	3.3	acinal	good faith against <<acinal>> existing valnes provided further	acinar|aclinal|actinal
production-1919-vol1-chapters	649	21.0	eableto	<<eableto>> previous subdivisions of this section shall apply	ableto
production-1919-vol1-chapters	649	34.0	commercra	<<commercra>> mercial bank there shal be included all	commercia
production-1919-vol1-chapters	651	46.0	eporation	<<eporation>> no loan may he made to any	epuration|sporation
production-1919-vol1-chapters	653	21.0	incities	<<incities>> of execution of all court trusts accepted	incites
production-1919-vol1-chapters	655	39.0	orbanks	<<orbanks>> title insurance company doing a trust business	banks
production-1919-vol1-chapters	656	40.11	tpnsesr	one hundred thirty of this act at <<tpnsesr>>	tenses
production-1919-vol1-chapters	657	4.1	furle	prima <<furle>> vis pote f	burle|curle|firle|fugle|fule|fulle
production-1919-vol1-chapters	657	31.12	poirit	the north half of section nine o <<poirit>>	pirit|poiret|poirot
production-1919-vol1-chapters	659	36.8	trriga	or construction thereby of works for the <<trriga>>	triga
production-1919-vol1-chapters	662	2.13	commistor	of said district a report which shal <<commistor>>	committor
production-1919-vol1-chapters	665	44.1	enlof	ar <<enlof>> able at the ends of other periods	endof|enjoy|enloe|enlow
production-1919-vol1-chapters	666	11.10	fials	two of said act is hereby amended <<fials>>	dials|fails|fals|fial|fiala|fias
production-1919-vol1-chapters	666	33.3	inceting	board in open <<inceting>> at the time named in said advertise	inciting
production-1919-vol1-chapters	667	0.0	btals	<<btals>> src section fifty three of said act	baals|bals|beals|boals|btas|itals
production-1919-vol1-chapters	667	22.2	intendenee	contracts for <<intendenee>> provided that in case of emergency or	intendence
production-1919-vol1-chapters	670	40.0	cralion	<<cralion>> and manufacture of electric power creating an	calion
production-1919-vol1-chapters	674	35.9	shiption	time and place designated in said notice <<shiption>>	shipton
production-1919-vol1-chapters	674	44.9	dutic	shall make an order approving said petition <<dutic>>	butic|dtic|duric|duti|dutil|jutic
production-1919-vol1-chapters	675	22.3	cleeted	within the district <<cleeted>> hy the owners of jand in sneh	cleated|cleeked|clefted|fleeted|sleeted
production-1919-vol1-chapters	675	26.10	thercot	elections shall be called by and returns <<thercot>>	theriot
production-1919-vol1-chapters	676	13.12	avicts	statute of this state and any reclamation <<avicts>> im	evicts
production-1919-vol1-chapters	676	37.10	prisstion	shall make its order providing that said <<prisstion>>	pression
production-1919-vol1-chapters	676	48.13	suaor	power to elect one of its mem <<suaor>>	saor|suar|sudor|suor|susor|sutor
production-1919-vol1-chapters	677	1.0	tiectes	<<tiectes>> mation and drainage an thereafter subject to	pieces
production-1919-vol1-chapters	677	32.0	compn	<<compn>> tive for all purposes the several members	coman|comen|comin|comn|comon|comp
production-1919-vol1-chapters	678	40.11	retitior	of a petition signed by the respective <<retitior>>	petition
production-1919-vol1-chapters	680	17.10	oretton	or mutual water company existing at se <<oretton>>	bretton|gretton|retton|tretton
production-1919-vol1-chapters	681	48.0	wearlog	<<wearlog>> act the irrigation board may appoint one	wearing
production-1919-vol1-chapters	682	35.9	oosth	within such district before entering upon his <<oosth>>	oosh|oost|posth
production-1919-vol1-chapters	683	15.0	ucarng	<<ucarng>> nated by the irrigation board at the	caring
production-1919-vol1-chapters	683	24.0	meneed	<<meneed>> within thirty days after said order has	mended|meneer
production-1919-vol1-chapters	684	39.9	amisory	chairmen or presiding officers of the governing <<amisory>>	advisory
production-1919-vol1-chapters	685	11.8	froin	contributing to the construction of the project <<froin>>	broin|foin|frain|frein|frin|froid
production-1919-vol1-chapters	685	17.0	dutriets	<<dutriets>> ctr accomplishing the ends and objects herein	duties
production-1919-vol1-chapters	688	41.10	supls	at maturity whenever there is a sur <<supls>> ux	spls|supes|suply|supps|sups
production-1919-vol1-chapters	691	8.5	niust	minutes of the said board <<niust>> as soon as may be practicable	iust|nist|nius|nust
production-1919-vol1-chapters	691	26.0	fperlal	<<fperlal>> entered in its minutes said irrigation board	feral
production-1919-vol1-chapters	692	46.10	banot	at such election shall contain the words <<banot>>	anot|bacot|bagot|balot|banat|bandt
production-1919-vol1-chapters	693	6.0	oubot	<<oubot>> landholder in the district hach member of	cubot|kubot|obot|orbot
production-1919-vol1-chapters	697	3.4	evurt	civil actions in such <<evurt>> and judgment rendered declaring	evart|evert
production-1919-vol1-chapters	697	20.1	lerat	bonds <<lerat>> bonds of any district issued pursuant to	berat|derat|erat|herat|kerat|leat
production-1919-vol1-chapters	701	18.10	cmpow	board of supervisors is hereby authorized and <<cmpow>>	mpow
production-1919-vol1-chapters	702	11.12	prlament	of the filing of such assessment roll <<prlament>>	parlament
production-1919-vol1-chapters	703	34.0	fotimate	<<fotimate>> wf the said board shall in connection	estimate
production-1919-vol1-chapters	705	0.11	mxecn	votes cach voter s entitled to cast <<mxecn>>	mean
production-1919-vol1-chapters	706	1.0	trict	<<trict>> liable to assessment may contest such election	strict|tract|triact|tric|trica|trice
production-1919-vol1-chapters	710	16.10	comty	has adopted a charter pursuant to section <<comty>>	cmty|coaty|comay|comby|comey|comfy
production-1919-vol1-chapters	711	32.0	eduess	<<eduess>> indebtedness for any or all of said	excess
production-1919-vol1-chapters	712	11.10	ssted	and issuance of said bonds are hereby <<ssted>>	isted|sated|sited|ssed|sted|usted
production-1919-vol1-chapters	713	4.8	trriga	or construction thereby of works for the <<trriga>>	triga
production-1919-vol1-chapters	713	19.0	wriation	<<wriation>> common source and by the same system	writation
production-1919-vol1-chapters	717	0.0	qistpict	<<qistpict>>	district
production-1919-vol1-chapters	717	12.0	ciuapter	<<ciuapter>>	chapter
production-1919-vol1-chapters	717	29.0	dewrt	<<dewrt>> or of who between the first day	ddwrt|dert|dewart|dewert|dewit|dewret
production-1919-vol1-chapters	718	20.0	eyonide	<<eyonide>> ringtail cats coons the family mustclide martins	cyanide
production-1919-vol1-chapters	718	22.0	felidw	<<felidw>> cougars wild cats jack rabbits the order	felid|felids
production-1919-vol1-chapters	718	26.6	leporidw	the brush rabbit of the family <<leporidw>> in fish and game	leporid|leporide|leporids
production-1919-vol1-chapters	719	0.0	linitey	<<linitey>> sunset of the following sunday takes kills	limited
production-1919-vol1-chapters	719	24.1	mrrg	number <<mrrg>> as the case may be the clerk	marg|merg|morg|mrg|mrr|murg
production-1919-vol1-chapters	719	46.1	copsto	one <<copsto>> public reference he shall also transmit one	costo
production-1919-vol1-chapters	720	0.0	citapter	<<citapter>>	chapter
production-1919-vol1-chapters	720	12.0	jivery	<<jivery>> applicant for admission as an attorney and	ivery|jiver|jivey|livery|rivery
production-1919-vol1-chapters	720	15.9	counetor	moral character together with satisfactory proof that <<counetor>>	countor
production-1919-vol1-chapters	721	10.1	ainations	be <<ainations>> a dar examinations fund is hereby created	agnations
production-1919-vol1-chapters	724	44.10	temtoy	by a certificate of the county surveyor <<temtoy>>	tempo
production-1919-vol1-chapters	727	12.0	venaitles	<<venaitles>> of such redemption and penalties as follows	entitles
production-1919-vol1-chapters	728	34.11	sagehens	the first day of october and the <<sagehens>>	sagehen
production-1919-vol1-chapters	728	40.10	momtain	hen is guilty of a misdemeanor provided <<momtain>>	mortain|moutain
production-1919-vol1-chapters	728	44.2	cyery	ventura county <<cyery>> person who between the first day of	cery|chery|clery|cyer|cymry|lyery
production-1919-vol1-chapters	729	2.0	guafl	<<guafl>> misdemeanor provided further that im fish and	gual
production-1919-vol1-chapters	729	21.4	jejy	approved may in effect <<jejy>> j	jej|jeje|jeju|jeny|jery|jesy
production-1919-vol1-chapters	730	0.0	citapter	<<citapter>>	chapter
production-1919-vol1-chapters	731	48.0	suneyor	<<suneyor>> struction of said district and his deputies	surveyor
production-1919-vol1-chapters	736	1.11	tigae	same no proposal or bid shall be <<tigae>>	tiga|tigar|tige|tighe|tigre|togae
production-1919-vol1-chapters	736	2.0	consmmered	<<consmmered>> woless accompanied by such check or such	considered
production-1919-vol1-chapters	736	2.1	woless	consmmered <<woless>> accompanied by such check or such bond	doless
production-1919-vol1-chapters	737	20.0	inenrred	<<inenrred>>	incurred
production-1919-vol1-chapters	748	6.11	trartor	by the county but the amount thereof <<trartor>>	tractor|traitor|traktor|trantor
production-1919-vol1-chapters	748	9.10	torliental	cases when after the bonds have been <<torliental>>	oriental
production-1919-vol1-chapters	748	34.10	constmetion	shall be liberally construed with a view <<constmetion>>	consumption
production-1919-vol1-chapters	749	10.0	attornat	<<attornat>> ive otherwise this act is not intended	attorney
production-1919-vol1-chapters	749	24.0	fealet	<<fealet>> tobo sec any person baling hay for	sealet
production-1919-vol1-chapters	751	16.0	piieers	<<piieers>> shell pho court shall determine the amount	piers
production-1919-vol1-chapters	752	20.12	fremptions	provided that any person or any corpo <<fremptions>>	exemptions
production-1919-vol1-chapters	753	33.0	ulivery	<<ulivery>> party to deliver water for irrigation purposes	livery|slivery|unlivery
production-1919-vol1-chapters	753	34.0	ofvuter	<<ofvuter>> shall not stay the operation of the	outer
production-1919-vol1-chapters	755	21.0	ciyapter	<<ciyapter>>	chapter
production-1919-vol1-chapters	756	32.0	ciiapter	<<ciiapter>>	chapter
production-1919-vol1-chapters	759	7.8	rcorgan	sec any society organization or company so <<rcorgan>>	corgan
production-1919-vol1-chapters	760	26.0	cilapter	<<cilapter>>	chapter
production-1919-vol1-chapters	760	41.4	tartecs	tees shall have power <<tartecs>> in	tartes
production-1919-vol1-chapters	761	32.0	citapter	<<citapter>>	chapter
production-1919-vol1-chapters	762	15.2	nonuegotiable	section g <<nonuegotiable>> bills shall be so marked	nonnegotiable
production-1919-vol1-chapters	763	1.0	atraght	<<atraght>> bh signed or destined to a specified	straight
production-1919-vol1-chapters	763	8.0	negotlable	<<negotlable>> e negotiable bills issued in this state	negotiable
production-1919-vol1-chapters	763	9.0	bismut	<<bismut>> of goods to any place in the	besmut|bismuth
production-1919-vol1-chapters	763	19.0	somarked	<<somarked>> united states on the continent of north	marked
production-1919-vol1-chapters	763	38.1	conssignor	indicates <<conssignor>> receives bill and makes no objection to	consignor
production-1919-vol1-chapters	763	38.10	terins	bill and makes no objection to its <<terins>>	erins|kerins|perins|serins|terius|terns
production-1919-vol1-chapters	764	42.12	gellering	delivering goods to one who is n <<gellering>>	ellering
production-1919-vol1-chapters	765	20.0	kegotiable	<<kegotiable>> c except as provided in section two	negotiable
production-1919-vol1-chapters	766	0.11	hectros	negotiable bill has been lost or destroyed <<hectros>> ed	hectors
production-1919-vol1-chapters	766	14.10	hitert	the face of which the word duplicate <<hitert>> of	htert
production-1919-vol1-chapters	766	26.11	intemleader	one person claims the title or pos <<intemleader>>	interpleader
production-1919-vol1-chapters	766	27.10	elimuts	the carrier may require all known claimants <<elimuts>>	limits
production-1919-vol1-chapters	767	38.0	mentite	<<mentite>> jurisdiction by injunction and otherwise in attaching	pentite
production-1919-vol1-chapters	768	29.8	nevottation	negotiable bill may be negotiated by delivery <<nevottation>>	negotiation
production-1919-vol1-chapters	771	47.0	vadr	<<vadr>> s no seller s lien or right	adr|badr|cadr|hadr|madr|qadr
production-1919-vol1-chapters	772	12.0	suppivision	<<suppivision>> iv	subdivision
production-1919-vol1-chapters	773	10.0	ovaton	<<ovaton>> goods which by the terms of such	ovation
production-1919-vol1-chapters	773	17.1	ldle	meine <<ldle>> any person who with intent to defraud	adle|dle|fdle|idle|ladle|lale
production-1919-vol1-chapters	773	19.0	recehed	<<recehed>> issue any or all of the goods	receded
production-1919-vol1-chapters	776	42.0	ouowr	<<ouowr>>	outer
production-1919-vol1-chapters	777	5.0	niapper	<<niapper>> as other claims against the county are	napper|nipper
production-1919-vol1-chapters	777	11.0	husuen	<<husuen>> y section any irrigation district heretofore organized	husen|hussen
production-1919-vol1-chapters	777	23.0	fieially	<<fieially>> used for irrigation purposes by such district	filially|finally
production-1919-vol1-chapters	777	31.0	nanee	<<nanee>> management and control thereof ag they now	anee|annee|danee|janee|lanee|manee
production-1919-vol1-chapters	777	36.0	mucement	<<mucement>> spo the board of directors of any	muckment
production-1919-vol1-chapters	778	3.8	fishways	game and providing for the construction of <<fishways>>	fishway
production-1919-vol1-chapters	778	40.10	paalt	guilty of violating any of the provisions <<paalt>>	paal|paat|palat|palt|part
production-1919-vol1-chapters	779	8.0	citapter	<<citapter>>	chapter
production-1919-vol1-chapters	781	9.0	distillerics	<<distillerics>> approved april	distilleries
production-1919-vol1-chapters	783	30.0	sompen	<<sompen>> the members of the hoard of retirement	somen|sompne
production-1919-vol1-chapters	785	3.0	sloner	<<sloner>> missioner a sworn statement which shall exhibit	cloner|loner|slone|sloper|slover|slower
production-1919-vol1-chapters	786	1.3	survius	i c resouting <<survius>> or derricir resulting	servius
production-1919-vol1-chapters	790	23.0	maturitics	<<maturitics>> at amortized values and its other investments	maturities
production-1919-vol1-chapters	790	40.0	leeted	<<leeted>> to comply with any of the provisions	fleeted|leered|leete|sleeted|yeeted
