production-1985-vol2	1800	22.3	benzilate	n methy piperidyl <<benzilate>>	benzolate
production-1985-vol2	1800	24.0	psilocyn	<<psilocyn>>	psilocin|psilocybin
production-1985-vol2	1800	25.0	tetrahydrocannabinols	<<tetrahydrocannabinols>> synthetic equivalents of the	tetrahydrocannabinol
production-1985-vol2	1800	38.5	cyclohexamine	ethylamine n l phenylcyclohexyl ethylamine <<cyclohexamine>>	cyclohexanone
production-1985-vol2	1800	41.3	pcpy	names phenylcyclohexyl pyrrolidine <<pcpy>> php	cpy|papy|pcp|pcps|pepy|pipy
production-1985-vol2	1803	31.2	carbonitrile	b piperidinocyclohexane <<carbonitrile>> pcc	carbonitride
production-1985-vol2	1919	0.3	multilevels	by making available <<multilevels>> of service within the facility thus	multilevel
production-1985-vol2	2015	41.3	tulv	not later than <<tulv>>	tlv|tul|tula|tule|tuli|tulk
production-1985-vol2	2024	8.4	nonmodel	other model projects and <<nonmodel>> control counties	nonmodal
production-1985-vol2	2068	15.7	bilhon	budget enacted in july of appropriated over <<bilhon>> from the general fund	bichon|bilion|billon|bilson|bilton
production-1985-vol2	2068	19.6	maintaming	programs while at the same time <<maintaming>> our reserve and preserving our fiscal	maintaing
production-1985-vol2	2068	21.12	appropnation	final conclusion on the merits the inital <<appropnation>>	appropriation
production-1985-vol3	51	21.4	irwe	income related work expense <<irwe>> options	ifwe|igwe|irae|ire|iree|irie
production-1985-vol3	63	6.1	overpayed	the <<overpayed>> benefits	overlayed|overplayed
production-1985-vol3	109	0.2	snei	the outer <<snei>>	bnei|nei|onei|scei|seei|sei
production-1985-vol3	136	43.1	comphed	being <<comphed>> with or accommodations have not been provided	comped|compher
production-1985-vol3	158	31.0	mumity	<<mumity>> cente eee eeeeseeeeseteessetsessesseseeseeessetsenees	munity
production-1985-vol3	158	39.0	pacilitv	<<pacilitv>> oo	facility
production-1985-vol3	159	6.1	comter	got <<comter>> eccssscssessessesecseseenecsessesssersessssessenseresrest	coater|colter|comber|comer|commer|comper
production-1985-vol3	160	15.1	eeceee	lol <<eeceee>> ceceesssceee ce ce cevsecessenscecscece ceeesssesenseaneeserseseees	eeeee|eeeeee|exceed
production-1985-vol3	172	14.5	systern	b the cal id telecommunications <<systern>> shall provide	sistern|systen|syster
production-1985-vol3	192	42.7	reesti	in the event that the may revision <<reesti>>	eesti|reest|reesty|resti
production-1985-vol3	206	1.0	siuion	<<siuion>> ccceececeeseeeesttesestessstereersrreesrseees	simion|sirion
production-1985-vol3	245	0.0	qquarteriy	<<qquarteriy>>	quarterly
production-1985-vol3	333	28.6	bronzan	be known and cited as the <<bronzan>> mojonnier act of	bronzen
production-1985-vol3	362	8.4	unadjudicated	jurisdiction according to its <<unadjudicated>> notices of violation	adjudicated
production-1985-vol3	448	22.4	jpvi	a deputy clerk tl <<jpvi>> c	javi|jcvi|jovi|jpi|jpii|juvi
production-1985-vol3	448	31.2	eects	j marshal <<eects>> bras c	ects|eecs|eets|ejects|elects|erects
production-1985-vol3	458	9.0	palcourt	<<palcourt>> ou d	valcourt
production-1985-vol3	494	19.3	jtpa	training partnership act <<jtpa>> programs provided for pursuant to	dtpa|japa|jpa|jta|jtp|mtpa
production-1985-vol3	496	33.3	jtpa	training partnership act <<jtpa>> programs for subsidized	dtpa|japa|jpa|jta|jtp|mtpa
production-1985-vol3	529	0.1	tohmows	as <<tohmows>>	throws
production-1985-vol3	573	40.5	uniustifiably	individuals whose intimate lives are <<uniustifiably>> and offensive	unjustifiably
production-1985-vol3	644	17.5	landfarm	into an injection well or <<landfarm>> as defined in subdivision g of	landform
production-1985-vol3	646	34.0	landfarm	<<landfarm>> means a waste management	landform
production-1985-vol3	676	23.1	bisulfide	carbon <<bisulfide>>	bisulfid|bisulfite|disulfide
production-1985-vol3	676	38.0	epichlorohvdrin	<<epichlorohvdrin>>	epichlorohydrin
production-1985-vol3	677	3.0	cyclohexine	<<cyclohexine>> oxide	cyclohexane|cyclohexene
production-1985-vol3	677	31.9	reoccupancy	over the fumigation to be safe for <<reoccupancy>>	preoccupancy
production-1985-vol3	683	37.5	reinspections	be original inspections and not <<reinspections>>	reinspection
production-1985-vol3	711	42.0	aguthoritv	<<aguthoritv>>	authority
production-1985-vol3	722	38.9	joeger	water code to the nevada irrigation district <<joeger>>	jaeger|jeger|joerger|jogger|longer
production-1985-vol3	748	0.0	nomc	<<nomc>>	comc|fomc|namc|ncmc|ndmc|nmc
production-1985-vol3	761	19.0	ctease	<<ctease>> insutance coses esesessceecseescsevessrssrers	cease|crease|tease
production-1985-vol3	761	19.1	insutance	ctease <<insutance>> coses esesessceecseescsevessrssrers	instance|insulance|insurance
production-1985-vol3	761	19.2	coses	ctease insutance <<coses>> esesessceecseescsevessrssrers	boses|cases|choses|closes|codes|coes
production-1985-vol3	765	22.3	upgradient	one half mile <<upgradient>> from a potential source of drinking water	upgrading
production-1985-vol3	769	18.8	upgradient	wastes and is within one half mile <<upgradient>> from a	upgrading
production-1985-vol3	830	0.0	calegornies	<<calegornies>>	categories
production-1985-vol3	881	45.3	spotfin	no yellowfin croaker <<spotfin>> croaker or california corbina	spotting
production-1985-vol3	914	12.5	disfunctions	in pain or who have <<disfunctions>> it is necessary that this act take	disfunction|disjunctions|dysfunctions
production-1985-vol3	924	16.5	reoffenses	of treatment programs to prevent <<reoffenses>> by inmates with severe	reoffense
production-1985-vol3	947	24.0	selenum	<<selenum>> related projects	selenium
production-1985-vol3	952	2.3	stringfel	contaminants from the <<stringfel>>	stringful
production-1985-vol3	982	3.0	ocels	<<ocels>> er	cels|ocel
production-1985-vol3	984	47.0	eosts	<<eosts>>	costs|easts|ests|hosts|losts|mosts
production-1985-vol3	986	3.2	bellii	vireo vireo <<bellii>> pusillus is expected to be listed as	belili|belli|bellic|bellin|bellini|bellis
production-1985-vol3	991	43.3	hsted	organization or affiliation <<hsted>> above	hasted|hated|hosted|husted|isted|sted
production-1985-vol3	1002	47.0	ooge	<<ooge>>	boge|doge|googe|hoge|hooge|loge
production-1985-vol3	1030	20.1	callbox	the <<callbox>> system	callboy|mailbox
production-1985-vol3	1031	22.2	bellii	vireo vireo <<bellii>> pusillus is expected to be listed as	belili|belli|bellic|bellin|bellini|bellis
production-1985-vol3	1042	24.3	sicyonia	b ridgeback prawn <<sicyonia>> ingentis	sicyonian|sicyonic
production-1985-vol3	1042	24.4	ingentis	b ridgeback prawn sicyonia <<ingentis>>	intents
production-1985-vol3	1071	10.7	bilhon	budget enacted in july of appropriated over <<bilhon>> from the general fund	bichon|bilion|billon|bilson|bilton
production-1985-vol3	1075	40.7	bilhon	budget enacted n july of appropriated over <<bilhon>> from the general fund	bichon|bilion|billon|bilson|bilton
production-1985-vol3	1075	43.13	pnonty	increase was for the purpose of funding <<pnonty>>	ponty
production-1985-vol3	1085	11.8	mailgram	a late contribution shall be reported by <<mailgram>> telegram	milgram
production-1985-vol3	1086	30.5	mailgram	the late independent expenditure by <<mailgram>> telegram	milgram
production-1985-vol3	1104	0.0	seneral	<<seneral>> phone	beneral|general|heneral|jeneral|senecal|senegal
production-1985-vol3	1106	9.9	semor	to conduct the sessions of the california <<semor>> legislature	emor|memor|sebor|secor|sedor|semar
production-1985-vol3	1123	48.11	imstru	money or property specified in the decree <<imstru>>	instru
production-1985-vol3	1154	26.0	petcene	<<petcene>> oe eeseteseeteessesseeeveereeseresresarsersese	percent
production-1985-vol3	1196	20.1	iffor	b <<iffor>> any income year beginning after june a	affor|effor|ffor|ifor|infor|offor
production-1985-vol3	1209	46.8	distrils	of subdivision a unless the acquired corporation <<distrils>>	distils
production-1985-vol3	1299	1.8	forins	therefrom for an amended registration card upon <<forins>>	florins|forint|forints|foris|fornis
production-1985-vol3	1338	25.0	ifany	<<ifany>> labor trouble exists at the place of	fany|ifan|ifans|imany|ivany|ofany
production-1985-vol3	1541	20.7	nfirs	cfirs and national fire incident reporting system <<nfirs>>	firs|fnirs|nairs|neirs|nirs|noirs
production-1985-vol3	1544	38.2	preacademic	identification of <<preacademic>> learning deficiencies in children	proacademic
production-1985-vol3	1569	46.9	sulfited	findings as to anv restrictions required on <<sulfited>> potato	sulfated|sulfite|sulfites
production-1985-vol3	1576	6.10	noninmate	assault by a life prisoner on a <<noninmate>>	nominate
production-1985-vol3	1589	1.11	fisia	of the state allowance received in that <<fisia>>	fidia|filia|fisa|fisi|fisica|fisma
production-1985-vol3	1597	1.9	prirna	the director determines that an employer was <<prirna>>	pirna|prerna
production-1985-vol3	1601	16.0	coordinatr	<<coordinatr>> cesses o b	coordinate|coordinator
production-1985-vol3	1601	24.1	eects	opficet <<eects>> eteeeretteteetseteretterieenenens toe	ects|eecs|eets|ejects|elects|erects
production-1985-vol3	1602	35.1	reefcree	t <<reefcree>> esessvecsescsesvevsesssensonenesssessecarensesseesavsesees	referee
production-1985-vol3	1603	2.0	recoqnizance	<<recoqnizance>> eres b	recognizance
production-1985-vol3	1625	23.0	setzeant	<<setzeant>> eeeeerrereeeereees deputy sheriff sergeant	sergeant
production-1985-vol3	1651	0.0	dovard	<<dovard>>	board|bovard|donard|dotard|ovard
production-1985-vol3	1663	13.10	stotza	net panels excluding the bridle towline or <<stotza>> and	stotra|stotz
production-1985-vol3	1737	22.0	nonbid	<<nonbid>> basis	forbid|nonaid
production-1985-vol3	1788	37.1	eops	each <<eops>> student receives that counseling upon his or	aops|bops|cops|dops|eaps|ecps
production-1985-vol3	1789	6.9	eops	community college staff to encourage all interested <<eops>>	aops|bops|cops|dops|eaps|ecps
production-1985-vol3	1793	2.1	reoccupancy	the <<reoccupancy>> of the school building where asbestos abatement	preoccupancy
production-1985-vol3	1795	38.5	crocicolite	minerals including chrysotile fibrous serpentine <<crocicolite>>	crocidolite
production-1985-vol3	1795	39.1	riebecktite	fibrous <<riebecktite>> amosite fibrous cummingtonite grunerite	riebeckite
production-1985-vol3	1795	39.2	amosite	fibrous riebecktite <<amosite>> fibrous cummingtonite grunerite	amesite|amorite
production-1985-vol3	1838	39.3	dehvery	the mailing or <<dehvery>> of the request provide the owner of	devery
production-1985-vol3	1852	0.7	neaith	nonmedical practitioner includes state or county public <<neaith>>	neath|neith
production-1985-vol3	1866	32.11	prezoned	in what manner the territory shall be <<prezoned>>	prezone|rezoned
production-1985-vol3	1867	6.7	fincling	it is substantially developed or developing the <<fincling>>	findling
production-1985-vol3	1886	6.5	bilhon	despite this reduction more than <<bilhon>> im state and federal funds will be	bichon|bilion|billon|bilson|bilton
production-1985-vol3	1906	38.4	ecip	b to continue funding <<ecip>> when the program funding has not	acip|ceip|cip|ecap|eci|ecig
production-1985-vol3	1907	0.1	achon	community <<achon>> agencies thereby reducing the amount of money	aceon|achan|achen|achin|acho|achoo
production-1985-vol3	1909	1.0	balisok	<<balisok>> this claim s more appropriately paid from	aliso
production-1985-vol3	1933	34.0	taasd	<<taasd>>	taas
production-1985-vol3	1936	25.0	rereference	<<rereference>> to fiscal and rules committees	dereference|prereference
production-1985-vol3	1944	45.0	qeon	<<qeon>>	aeon|beon|deon|eon|geon|heon
production-1985-vol3	1949	20.8	raclio	or news associations requiring daily telegraphic or <<raclio>>	racio
production-1985-vol3	1957	42.3	toenter	committees are authorized <<toenter>> into such contracts with the joint	tenter
production-1985-vol3	1990	26.2	sacramentans	whereas over <<sacramentans>> pledged in a period of less	sacramentals
production-1985-vol3	1999	43.0	nourn	<<nourn>>	bourn|journ|mourn|norn|noun|nour
production-1985-vol3	2023	40.0	hrren	<<hrren>>	arren|haren|harren|herein|heren|herren
production-1985-vol3	2027	34.4	baluki	the famous hospital in <<baluki>> istanbul which treats all members of	balki|basuki|saluki
production-1985-vol3	2063	26.8	crirne	school staff are unnecessarily jeopardized by disruption <<crirne>>	crime|crine
production-1985-vol3	2096	42.1	qerrr	soe <<qerrr>>	errr
production-1985-vol3	2098	43.2	qeorn	e eq <<qeorn>>	beorn|quorn
production-1985-vol3	2107	36.6	autagne	this resolution to george and betty <<autagne>> stephen curtis and the	aubagne
production-1985-vol3	2117	22.1	reregistering	to <<reregistering>> to vote now therefore be it	preregistering
production-1985-vol3	2121	35.6	essas	benjamin bogomolny dr victor brailovsky ilya <<essas>> grigory and	assas|elsas|esas|essa|essad|essai
production-1985-vol3	2121	37.0	khassin	<<khassin>> yuli kosharovsky prof alexander lerner arkady and	chassis|hassin|kassin|khamsin
production-1985-vol3	2122	12.2	essas	whereas ilya <<essas>> is the son of a couple who	assas|elsas|esas|essa|essad|essai
production-1985-vol3	2123	26.2	slepak	whereas vladimir <<slepak>> one of the most prominent leaders	lepak|sepak|slezak
production-1985-vol3	2123	40.2	essas	brailovsky ilya <<essas>> semyon frumkin grigory and isai goldshtein	assas|elsas|esas|essa|essad|essai
production-1985-vol3	2123	41.8	khassin	aleksandr and rosa ioffe gennady and natalia <<khassin>> yuli	chassis|hassin|kassin|khamsin
production-1985-vol3	2123	44.4	slepak	and lev shapiro vladimir <<slepak>> and aleksandr yampolsky to	lepak|sepak|slezak
production-1985-vol3	2133	17.0	pollenization	<<pollenization>> to a wide variety of agricultural crops	pollinization
production-1985-vol3	2133	31.9	pollenization	s bee industry due to their inefficient <<pollenization>> and	pollinization
production-1983-vol1-chapters	6	13.1	sutoly	d <<sutoly>> essssevscrevevsesesssvonevevnevtvassonevseesreesseasneesesees	supply
production-1983-vol1-chapters	9	9.0	landfarm	<<landfarm>> as defined in subdivision g of section	landform
production-1983-vol1-chapters	11	6.0	landfarm	<<landfarm>> means a waste management technique	landform
production-1983-vol1-chapters	11	20.0	codisposal	<<codisposal>>	disposal
production-1983-vol1-chapters	35	0.0	agepositor	<<agepositor>>	depositor
production-1983-vol1-chapters	90	30.0	nejedly	<<nejedly>> hart state urban and coastal park	needly|needy
production-1983-vol1-chapters	103	13.0	egree	<<egree>>	agree|degree|egret|gree|legree
production-1983-vol1-chapters	147	29.3	cossc	signed s sss <<cossc>> cssc tte	cosac|cosc|cosec|cosic|coss|cossa
production-1983-vol1-chapters	203	11.6	hmited	equivalent degrees include but are not <<hmited>> to the master s	smited
production-1983-vol1-chapters	222	45.0	yead	<<yead>>	bead|dead|ead|eyad|fead|head
production-1983-vol1-chapters	236	22.0	pyrolidine	<<pyrolidine>>	pyrrolidine
production-1983-vol1-chapters	236	25.0	morpoline	<<morpoline>>	morpholine
production-1983-vol1-chapters	248	8.7	lodginghouses	ventilation and maintenance of all hotels motels <<lodginghouses>>	lodginghouse
production-1983-vol1-chapters	273	11.5	frorn	payment shall discharge the association <<frorn>> liability with respect to	forn|fron|fror|frore|frory|frown
production-1983-vol1-chapters	314	4.5	aquaculturists	shall consider bids only from <<aquaculturists>> registered pursuant to	aquaculturist
production-1983-vol1-chapters	326	41.0	remaindermen	<<remaindermen>> of a trust which was created by	remainderman
production-1983-vol1-chapters	327	11.0	remaindermen	<<remaindermen>> following the death of the trustor this	remainderman
production-1983-vol1-chapters	338	0.5	aquues	to perform nis or her <<aquues>>	abuses
production-1983-vol1-chapters	422	40.1	carnpus	university <<carnpus>> of the california state university or private	carapus|carnous|carpus
production-1983-vol1-chapters	458	0.2	mequiues	measures where <<mequiues>> exist	requires
production-1983-vol1-chapters	496	17.2	clonate	agency may <<clonate>> and grant to the regents of the	colonate
production-1983-vol1-chapters	512	8.4	cinchers	door handles hinges cable <<cinchers>> chain binders and	cincher|cinches|clinchers|inchers|inches|pinchers
production-1983-vol1-chapters	557	20.4	scos	date s signed oo <<scos>> css cs	acos|bcos|ccos|cos|csos|dcos
production-1983-vol1-chapters	611	17.1	thesum	sec <<thesum>> of ninety six thousand dollars is hereby	theasum|theseum|thesium|thesun
production-1983-vol1-chapters	619	2.2	triparte	implement a <<triparte>> agreement to assist displaced workers due to	tripart|triparted
production-1983-vol1-chapters	666	0.0	comnservatee	<<comnservatee>> nas dcc mussig	conservatee
production-1983-vol1-chapters	755	15.7	iigation	sec section of the harbors and na <<iigation>> code is	ligation|rigation
production-1983-vol1-chapters	776	0.0	connecnon	<<connecnon>> tmmerewith	connection
production-1983-vol1-chapters	776	0.1	tmmerewith	connecnon <<tmmerewith>>	therewith
production-1983-vol1-chapters	792	17.1	crossarms	platforms <<crossarms>> braces transformers insulators cutouts	crossarm
production-1983-vol1-chapters	863	0.0	arucie	<<arucie>>	brucie
production-1983-vol1-chapters	893	0.0	amenaing	<<amenaing>> ali existing ordiman ice	amending
production-1983-vol1-chapters	915	12.4	ittlle	signature s c cst <<ittlle>> ss	ittle|title
production-1983-vol1-chapters	917	4.4	offsale	transfer of any retail <<offsale>> beer and wine license to any person	offal
production-1983-vol1-chapters	949	0.0	cadq	<<cadq>>	cad|cada|cadc|cadd|cade|cadi
production-1983-vol1-chapters	959	11.1	systern	cogeneration <<systern>>	sistern|systen|syster
production-1983-vol1-chapters	979	20.11	hcensing	shall be required prior to the initial <<hcensing>>	censing
production-1983-vol1-chapters	985	18.2	incoine	households by <<incoine>> level purchasing the units and the number	incline
production-1983-vol1-chapters	1064	8.0	tyamsportation	<<tyamsportation>> cscesessessceecesersessceneessesererssvasecerseteseensesens	transportation
production-1983-vol1-chapters	1112	10.2	examimng	a podiatry <<examimng>> committee from to	examing
production-1983-vol1-chapters	1120	42.8	hght	for the squid fuel conservation research traffic <<hght>> synchronization	ght|heght|hgh|hghts|hgst|hgt
production-1983-vol1-chapters	1137	30.3	permatal	federal funds for <<permatal>> programs i also eliminate the following language	permata
production-1983-vol1-chapters	1139	2.5	recluce	eliminates positions and this will <<recluce>> one position for affirmative	recluse
production-1983-vol1-chapters	1139	13.8	hmited	am reducing this item by given the <<hmited>> amount of capital outlay	smited
production-1983-vol1-chapters	1140	4.8	umform	i believe that a more aggressive and <<umform>> enforcement by counties of	unform
production-1983-vol1-chapters	1143	28.11	ngher	by by increas ng salary savings and <<ngher>>	gher|neher|nger|nghe|nigher
production-1983-vol1-chapters	1144	8.9	mcreased	department will realize as a result of <<mcreased>> efficiencies	creased
production-1983-vol1-chapters	1144	44.5	hcensing	to reflect a transfer of <<hcensing>> activities to the department of social services	censing
production-1983-vol1-chapters	1145	21.0	prionty	<<prionty>> education programs	printy
production-1983-vol1-chapters	1147	25.12	hmited	provision educational services includes but s not <<hmited>>	smited
production-1983-vol1-chapters	1147	37.2	pubhc	the certified <<pubhc>> accounting firm in excess of material amount	pubic
production-1983-vol1-chapters	1148	4.8	pubhe	item provides imtual funding for a new <<pubhe>> library foundation program	dubhe|pube|puhe
production-1983-vol1-chapters	1149	48.8	meciical	by the dean of charles r drew <<meciical>> school of persons having	mecical
production-1983-vol1-chapters	1151	26.6	resmbursements	campus presidents the in current rental <<resmbursements>> represents only	reimbursements
production-1983-vol1-chapters	1153	5.9	urmts	fee for students carrying six or more <<urmts>> per semester for those	umts|urmas
production-1983-vol1-chapters	1154	32.9	planmng	support of the office of criminal justice <<planmng>> i am	planing|planung
production-1983-vol1-chapters	1155	36.5	califorme	item for local assistance the <<califorme>> arts council i reduce this	coliform
production-1983-vol1-chapters	1159	34.6	utht	item for support of the public <<utht>> es commission i reduce this	tht|uht|usht|uth|utha|uthe
production-1983-vol1-chapters	1162	25.6	mtrudes	the language of this section unconstitutionally <<mtrudes>> on the powers of the	trades
production-1983-vol1-chapters	1163	0.2	romows	number as <<romows>>	romos|rooms
production-1983-vol1-chapters	1173	42.1	commillees	soty <<commillees>> cs eeescsersnsecsesssteessseeenevssevevsarseees	committees
production-1983-vol1-chapters	1177	0.0	equipmenle	<<equipmenle>> ceeeserereerererrecrerees	equipment
production-1983-vol1-chapters	1178	27.6	equaliza	for support of state board of <<equaliza>>	equalize
production-1983-vol1-chapters	1182	42.0	umiots	<<umiots>> ceecscessevsescessseesescvenersenscersesseneeses	units
production-1983-vol1-chapters	1183	1.0	examimnets	<<examimnets>> scccesssssscesrecsescessevev serene	examiners
production-1983-vol1-chapters	1190	1.0	imnone	<<imnone>> esccsssersevsecessessesererseescesscsessscenevscssessecssssreerereereererent	impone|inone|ionone
production-1983-vol1-chapters	1201	5.5	revolv	from the cooperative personnel services <<revolv>>	evolv|resolv|revol|revolt|revolu|revolve
production-1983-vol1-chapters	1202	2.0	setve	<<setve>> fun cessscsssserecessssessecseussessserssressecesentesesesenseess	seave|selve|serve|setae|sete|sethe
production-1983-vol1-chapters	1208	1.0	inena	<<inena>> cccscssessserseessesnesensevsasonsevsenensons	ilena|inna|intent|irena|nena
production-1983-vol1-chapters	1216	16.0	ifincreased	<<ifincreased>> lease costs are less than the	increased
production-1983-vol1-chapters	1227	9.5	frorn	effective if funds were transferred <<frorn>> item	forn|fron|fror|frore|frory|frown
production-1983-vol1-chapters	1235	10.1	ctrpa	agency <<ctrpa>> for each month the ctrpa	carpa
production-1983-vol1-chapters	1235	10.6	ctrpa	agency ctrpa for each month the <<ctrpa>>	carpa
production-1983-vol1-chapters	1235	12.6	ctrpa	ance with permits previously issued by <<ctrpa>>	carpa
production-1983-vol1-chapters	1237	27.0	eqquipmeent	<<eqquipmeent>> screen	equipment
production-1983-vol1-chapters	1238	39.0	btam	<<btam>> eeeeseersererserereeerererrerererees	atam|baam|bam|batam|bcam|beam
production-1983-vol1-chapters	1238	42.1	eects	ctly <<eects>>	ects|eecs|eets|ejects|elects|erects
production-1983-vol1-chapters	1241	21.2	screenees	equipme nt <<screenees>>	screeners|screenies
production-1983-vol1-chapters	1243	21.0	plotectio	<<plotectio>> ny cccc ceesseceseseseesseverscen	protection
production-1983-vol1-chapters	1243	24.0	tiotl	<<tiotl>> ooo ceeseeesttereterersrttsersretersteerernes	tiote|titl
production-1983-vol1-chapters	1245	24.1	airtanker	s <<airtanker>> for the air attack fleet	airtasker
production-1983-vol1-chapters	1246	45.0	spomsidility	<<spomsidility>> cere	sponsibility
production-1983-vol1-chapters	1252	39.0	eyvalion	<<eyvalion>> fung l cccsccssceescessvsccsevsevsccsevasceceesreveesenevaseeve	evasion
production-1983-vol1-chapters	1255	18.0	coumly	<<coumly>> oc ee csesesetsescssereeresesenserseesasens	comly|county
production-1983-vol1-chapters	1257	10.0	nejedly	<<nejedly>> hart state urban and coastal park	needly|needy
production-1983-vol1-chapters	1257	40.0	imlission	<<imlission>> cesssesesccssesevevsvsescesorovnenenevecsevavecsonevsesnesseevaseres	immission
production-1983-vol1-chapters	1262	33.0	rectealion	<<rectealion>> seeseeeseeeeeeteerereesserereterereseereeerereenes	recreation
production-1983-vol1-chapters	1263	38.6	revolv	payable from the harbors and watercraft <<revolv>>	evolv|resolv|revol|revolt|revolu|revolve
production-1983-vol1-chapters	1267	8.1	amberton	field <<amberton>>	abberton|alberton|amberson|emberton|lamberton
production-1983-vol1-chapters	1268	39.0	semnite	<<semnite>> eeeceeeeees	samnite|semite|sennite
production-1983-vol1-chapters	1271	40.1	audito	wheeler <<audito>>	ardito|audino|audio|audit|audite|auditor
production-1983-vol1-chapters	1272	19.1	healdsberg	berg <<healdsberg>>	healdsburg
production-1983-vol1-chapters	1273	35.0	nejedly	<<nejedly>> hart state urban and coastal park bond	needly|needy
production-1983-vol1-chapters	1274	1.3	cseee	a project review <<cseee>> verre	seee
production-1983-vol1-chapters	1277	34.0	suliom	<<suliom>> s cseseceseesesensessereeoseseneverscenenses	sullom
production-1983-vol1-chapters	1279	17.0	tofit	<<tofit>> eeeeeeee	ofit|tobit|tofig|toft|toit|torit
production-1983-vol1-chapters	1279	25.0	imenl	<<imenl>> cesses eeeeessceesrsenenseserensecsnsseerenes	imen|imeni
production-1983-vol1-chapters	1282	0.0	nejedly	<<nejedly>> hart state urban and coastal park	needly|needy
production-1983-vol1-chapters	1283	27.1	rowher	angeles <<rowher>> flats off highway vehicle	cowher|rocher|rohwer|rother|rower
production-1983-vol1-chapters	1295	20.0	comsservancy	<<comsservancy>> csccssecessesecessssesseesseessneese cesesecstesnneessesaes	conservancy
production-1983-vol1-chapters	1305	6.3	ccecee	d special projects <<ccecee>>	ceecee
production-1983-vol1-chapters	1316	37.0	trationn	<<trationn>> ee eescesteserreeeeeeereees	tration
production-1983-vol1-chapters	1324	30.0	clalion	<<clalion>> ceeseesereeeseesteerteerterereeeere	calion|clarion
production-1983-vol1-chapters	1327	34.0	itern	<<itern>> eeeeeeeerseee	intern|isern|iten|iter|stern|tern
production-1983-vol1-chapters	1328	30.6	ghpp	in excess of and b by <<ghpp>> in ex	gapp|gepp|ghp|ghrp|gipp|gpp
production-1983-vol1-chapters	1335	10.0	btam	<<btam>> veeceeeecsssseseseesesiisnsseniinee	atam|baam|bam|batam|bcam|beam
production-1983-vol1-chapters	1337	35.0	setuction	<<setuction>> esseeeeseecessceeerserneeeeees	seduction
production-1983-vol1-chapters	1343	23.0	qiams	<<qiams>> ee eeeeeeeesteeeeercesestersreeress	iams|liams|niams
production-1983-vol1-chapters	1346	0.5	adamh	ize advance payments of federal <<adamh>> block	adah|adam|adama|adamah|adame|adami
production-1983-vol1-chapters	1346	6.3	adamh	provisions the federal <<adamh>> block grant	adah|adam|adama|adamah|adame|adami
production-1983-vol1-chapters	1349	3.0	isttalion	<<isttalion>> oo eee cece eee crete ereteeeeee oe	battalion
production-1983-vol1-chapters	1352	16.0	paymens	<<paymens>> csreeresteeeerereereerserees	paymen|payment|payments
production-1983-vol1-chapters	1353	23.0	biaims	<<biaims>> eeteeeeeecteerssesneressesreeerteerteereee	claims
production-1983-vol1-chapters	1371	33.2	ocss	social services <<ocss>> program which shall include	acss|bcss|ccss|coss|css|dcss
production-1983-vol1-chapters	1371	42.6	ocss	basis as well as for allocating <<ocss>> funds to the	acss|bcss|ccss|coss|css|dcss
production-1983-vol1-chapters	1372	1.2	ocss	cial services <<ocss>> funds to the chairpersons	acss|bcss|ccss|coss|css|dcss
production-1983-vol1-chapters	1372	8.3	ocss	s intent that <<ocss>> funds shall be allocated	acss|bcss|ccss|coss|css|dcss
production-1983-vol1-chapters	1373	4.3	ocss	county social services <<ocss>> program which	acss|bcss|ccss|coss|css|dcss
production-1983-vol1-chapters	1376	34.0	inctcase	<<inctcase>> oeeeeee ce ceeeseees cereereeee eeeeeee	increase
production-1983-vol1-chapters	1376	38.0	ctease	<<ctease>> woe eeseeereseeteetetretereeereees	cease|crease|tease
production-1983-vol1-chapters	1378	21.0	inctcase	<<inctcase>> ou eeeeseeseesssecseveeeenseeseseneeees	increase
production-1983-vol1-chapters	1379	11.0	qtam	<<qtam>> ooo cee eeeretereteseeseereresereenee	atam|etam|itam|qam|qta|qtum
production-1983-vol1-chapters	1419	20.6	rneets	lish a schedule for audits which <<rneets>> fed	neets
production-1983-vol1-chapters	1427	23.0	vonce	<<vonce>> oo e eeeseresesesteeetettresteerttertteereeeree	bonce|conce|fonce|monce|nonce|once
production-1983-vol1-chapters	1431	11.5	unallot	requirement then the director shall <<unallot>>	ballot|unallow
production-1983-vol1-chapters	1431	19.4	cseree	count state transportation fund <<cseree>>	cheree|serve
production-1983-vol1-chapters	1432	36.0	bimecting	<<bimecting>> unit joo ceceveerereeeceees	bisecting
production-1983-vol1-chapters	1438	19.0	acauomy	<<acauomy>> oo eeccssesessessesessescesesreseserssenceseesenseseesssessease soeees	academy
production-1983-vol1-chapters	1440	23.4	reenees	improvement cesses eeere ree <<reenees>>	revenues
production-1983-vol1-chapters	1444	0.0	trict	<<trict>> merritt college	strict|tract|triact|tric|trica|trice
production-1983-vol1-chapters	1446	21.1	medanos	los <<medanos>> college	means|medano
production-1983-vol1-chapters	1454	7.0	gisctetion	<<gisctetion>> ceccccsesssssssenerseeeneseeensssssseresseserevevsvansesssaee	discretion
production-1983-vol1-chapters	1459	41.3	eects	a support tt <<eects>> cseerceeteteeeereteeees	ects|eecs|eets|ejects|elects|erects
production-1983-vol1-chapters	1460	15.0	wotkets	<<wotkets>> ccscesssscssescssescssesscecsecseesenssssessatsesscssensseeacersensnes	workers
production-1983-vol1-chapters	1471	1.1	sctvices	inz <<sctvices>> cssccesecssesseceeereeneeverseses	services
production-1983-vol1-chapters	1475	25.1	mdso	aa <<mdso>> recommit	adso|dmso|dso|maso|mcso|mdo
production-1983-vol1-chapters	1475	40.0	baming	<<baming>> essere	aming|baaing|bading|baking|baling|baring
production-1983-vol1-chapters	1476	4.0	coguies	<<coguies>> esesssssesesessseeeeerevecererseseeseenes	copies
production-1983-vol1-chapters	1476	12.0	ctogie	<<ctogie>> oo ceeescseereeeesseessertserseerersereereee	stogie
production-1983-vol1-chapters	1478	13.0	pemsation	<<pemsation>> s ccsesesseevecneessrevevssssesssersestssscasrarernsaesereres	cessation
production-1983-vol1-chapters	1492	48.6	reappropriations	sec unless otherwise stated herein all <<reappropriations>>	reappropriation
production-1983-vol1-chapters	1496	5.9	unallot	the account the director of finance shall <<unallot>>	ballot|unallow
production-1983-vol1-chapters	1503	0.0	gqetermines	<<gqetermines>>	determines
production-1983-vol1-chapters	1507	12.0	coommmission	<<coommmission>> cscsesssseseeeenererseseseevecseseseeseeerssssssaeees	commission
production-1983-vol1-chapters	1507	34.0	puttm	<<puttm>> ss oo eeeee ceeseeseseneneeseesesseesevevscsesesessssneneese vaeeees	putt|putta|putte|putti|putto|putts
production-1983-vol1-chapters	1508	16.4	cceee	industrial relations department of <<cceee>>	aceee
production-1983-vol1-chapters	1512	15.1	reappropriations	safco <<reappropriations>> formerly	reappropriation
production-1983-vol1-chapters	1513	26.0	unforseeable	<<unforseeable>> or unexpected event however within days after	unforeseeable
production-1983-vol1-chapters	1569	13.1	contaimng	california <<contaimng>> flexible polyurethane foam shall be fire	containg
production-1986-vol3	76	46.0	insrno	<<insrno>>	insane|insano
production-1986-vol3	105	0.0	vahda	<<vahda>> unexpired ncense	nahda|vada|vahdat|vaida|vajda|valda
production-1986-vol3	105	0.2	ncense	vahda unexpired <<ncense>>	cense|incense
production-1986-vol3	148	48.0	ingnan	<<ingnan>>	indian|ingan|ingman|lingnan|pingnan
production-1986-vol3	172	41.0	torrod	<<torrod>>	tormod|torrid|torro
production-1986-vol3	177	47.0	yoso	<<yoso>> n	boso|coso|hoso|joso|koso|loso
production-1986-vol3	204	13.4	pumpout	access facilities restrooms vessel <<pumpout>> facilities utilities	purport
production-1986-vol3	204	38.11	pumpout	the waters of this state adequate vessel <<pumpout>>	purport
production-1986-vol3	205	33.3	pumpout	equipped with vessel <<pumpout>> facilities for the transfer and disposal	purport
production-1986-vol3	205	37.6	pumpout	whether there exists at other locations <<pumpout>> facilities that have	purport
production-1986-vol3	205	40.6	pumpout	regional board may require any vessel <<pumpout>> facility to be	purport
production-1986-vol3	205	42.2	pumpout	facility all <<pumpout>> facilities installed after the operative date of	purport
production-1986-vol3	206	9.1	pumpout	vessel <<pumpout>> facilities for the transfer and disposal of	purport
production-1986-vol3	206	22.5	pumpout	operation and maintenance of vessel <<pumpout>> facilities	purport
production-1986-vol3	207	17.6	pumpout	pursuant to section to provide vessel <<pumpout>> facilities shall be	purport
production-1986-vol3	207	34.0	pumpout	<<pumpout>> facility and a pro rata share of	purport
production-1986-vol3	207	40.4	pumpout	section to provide vessel <<pumpout>> facilities shall be required	purport
production-1986-vol3	208	2.3	pumpout	studied and appropriate <<pumpout>> facilities required the number of	purport
production-1986-vol3	229	7.4	nonsecure	the minor to a <<nonsecure>> facility or program where treatment can	insecure
production-1986-vol3	229	13.12	nonsecure	a finding by the court that no <<nonsecure>>	insecure
production-1986-vol3	235	12.1	anaction	a <<anaction>> may be brought for the purpose of	abaction|enaction|inaction|unaction
production-1986-vol3	322	45.0	ebtor	<<ebtor>>	betor|debtor|ebor|ector|etor
production-1986-vol3	380	3.0	meencocino	<<meencocino>> csceerssesseesserseeseensesereees	mendocino
production-1986-vol3	380	14.0	shhasta	<<shhasta>> sessesescssesessesesessersesseseeeseesensees	shasta
production-1986-vol3	380	18.0	suuleot	<<suuleot>> cccccsessccseenseeceessceseeeensersessnrenee	sublet
production-1986-vol3	412	44.3	nonpermit	the use of <<nonpermit>> hospitals shall take into account but not	nonmerit
production-1986-vol3	413	11.0	nonpermit	<<nonpermit>> hospital to treat patients requiring emergency medical	nonmerit
production-1986-vol3	420	26.6	wnme	name c s s sti co <<wnme>>	knme|nme|wame|wime|wme|wmme
production-1986-vol3	428	27.4	soeea	approved by governor ia <<soeea>> filed with	seea|soeda|solea
production-1986-vol3	437	0.1	rouow	the <<rouow>> ins areas	rogow
production-1986-vol3	462	16.7	storers	waste is located present or past generators <<storers>> treaters	scorers|snorers|starers|stokers|stoners|storer
production-1986-vol3	471	0.0	scientme	<<scientme>> me nit	science
production-1986-vol3	474	0.4	verined	in civil actions are <<verined>>	veined|verine
production-1986-vol3	489	0.7	ottered	programs to the amount of instructional time <<ottered>> when all pupils	othered|otterer|pottered|tottered|uttered
production-1986-vol3	530	3.1	areplicated	if <<areplicated>> tax payment is not returned to the	replicated
production-1986-vol3	531	45.0	toprrd	<<toprrd>>	toward
production-1986-vol3	533	43.1	nrran	j <<nrran>>	arran|naran|niran|nuran|orran
production-1986-vol3	629	5.5	copermittees	names of up to three <<copermittees>> each of whom shall satisfy all of	copermittee
production-1986-vol3	629	10.4	copermittees	and the copermittee or <<copermittees>> each individual in the	copermittee
production-1986-vol3	629	45.7	copermittees	operations without the principal permittee or other <<copermittees>>	copermittee
production-1986-vol3	658	32.0	lapprovee	<<lapprovee>> cratary of state september	approved
production-1986-vol3	668	31.0	rmpp	<<rmpp>>	mpp|rapp|repp|ripp|rmbp|rmnp
production-1986-vol3	699	39.0	ogaac	<<ogaac>>	isaac
production-1986-vol3	700	19.2	nonsecure	section be <<nonsecure>> the facilities provided to minors alleged	insecure
production-1986-vol3	700	29.1	nonsecure	term <<nonsecure>> facility means a facility that is not	insecure
production-1986-vol3	701	18.9	nonsecure	provided for in section or in a <<nonsecure>> facility	insecure
production-1986-vol3	703	24.1	nonsecure	temporary <<nonsecure>> custody within such a facility the peace	insecure
production-1986-vol3	704	0.0	nonsecure	<<nonsecure>> facilities located apart from an existing jail	insecure
production-1986-vol3	712	47.0	ogrrn	<<ogrrn>>	ogren|organ
production-1986-vol3	713	48.0	jobrel	<<jobrel>>	jorel
production-1986-vol3	753	26.1	bronzan	dills <<bronzan>> winegrowers joint commission act of	bronzen
production-1986-vol3	757	19.9	vinmer	a person or an employee representing a <<vinmer>> who has a	viner|vinger|vinter
production-1986-vol3	780	47.0	jorrs	<<jorrs>>	corrs|jords|jores|joris|jors|jorts
production-1986-vol3	804	0.0	recycung	<<recycung>> progralns	recycling
production-1986-vol3	804	0.1	progralns	recycung <<progralns>>	programs
production-1986-vol3	832	31.0	cioml	<<cioml>> oes ceeceseeseeseesesesseeseesensseenseneeeses	civil
production-1986-vol3	833	24.2	encinos	f los <<encinos>> shp	encinas|encino|engines
production-1986-vol3	834	42.0	liotl	<<liotl>> secseeeesseccssessesrcasensnesseessessonteerees	littl
production-1986-vol3	835	15.0	lotalion	<<lotalion>> ccecseescestscceessonsneesensrsnevees	location
production-1986-vol3	870	42.0	noninmate	<<noninmate>> assault with a deadly weapon by an	nominate
production-1986-vol3	945	0.0	msurance	<<msurance>> jouit powers agency composed or counties	esurance|insurance
production-1986-vol3	945	0.1	jouit	msurance <<jouit>> powers agency composed or counties	jouet|joust
production-1986-vol3	1022	38.6	pvea	amount of funds designated in my <<pvea>> expenditure plan for the same purposes and	avea|evea|paea|pdea|pea|plea
production-1986-vol3	1029	21.6	pvea	it provides petroleum violation escrow account <<pvea>> funds to school districts for	avea|evea|paea|pdea|pea|plea
production-1986-vol3	1029	32.4	pvea	funds designated in my <<pvea>> expenditure plan for the same purposes and	avea|evea|paea|pdea|pea|plea
production-1986-vol3	1029	33.9	pvea	funds are available for other igh nprionty <<pvea>> funded programs	avea|evea|paea|pdea|pea|plea
production-1986-vol3	1035	14.4	nonwork	also establish rules concerning <<nonwork>> trip use of the vanpool	network
production-1986-vol3	1039	18.8	pvea	designated in my petroleum violation escrow account <<pvea>> expenditure	avea|evea|paea|pdea|pea|plea
production-1986-vol3	1039	20.3	pvea	bi h priority <<pvea>> funded programs	avea|evea|paea|pdea|pea|plea
production-1986-vol3	1042	16.6	pvea	amount of funds designated in my <<pvea>> expenditure plan for the same purposes and	avea|evea|paea|pdea|pea|plea
production-1986-vol3	1042	17.9	prionty	adequate funds are available for other high <<prionty>> programs	printy
production-1986-vol3	1043	43.11	pvea	the amount of funds designated m my <<pvea>>	avea|evea|paea|pdea|pea|plea
production-1986-vol3	1043	45.4	pvea	for other high priority <<pvea>> funded programs	avea|evea|paea|pdea|pea|plea
production-1986-vol3	1045	21.4	pvea	funds designated in my <<pvea>> expenditure plan for the same purposes and	avea|evea|paea|pdea|pea|plea
production-1986-vol3	1058	0.2	semor	transportation services <<semor>> compamon programs respite care	emor|memor|sebor|secor|sedor|semar
production-1986-vol3	1058	0.3	compamon	transportation services semor <<compamon>> programs respite care	common
production-1986-vol3	1159	8.8	nonsecure	whether referral of the minor to a <<nonsecure>> facility or	insecure
production-1986-vol3	1159	15.8	nonsecure	a finding by the court that no <<nonsecure>> facility or program is	insecure
production-1986-vol3	1159	35.4	nonsecure	the minor to a <<nonsecure>> facility or program where treatment can	insecure
production-1986-vol3	1159	41.12	nonsecure	a finding by the court that no <<nonsecure>>	insecure
production-1986-vol3	1167	37.0	reperforate	<<reperforate>> any water well cathodic protection well or	perforate
production-1986-vol3	1246	39.1	jpotation	a <<jpotation>> thereof shall be mailed to the customer	jotation|potation
production-1986-vol3	1248	43.5	nonduplicative	advance written notice to present <<nonduplicative>> testimony on the	nonduplication
production-1986-vol3	1285	0.1	polmnt	de <<polmnt>> type j	polmont
production-1986-vol3	1291	0.7	eitectuated	effectiveness and cost of any advertising program <<eitectuated>>	effectuated
production-1986-vol3	1331	2.1	eects	accountant <<eects>> oig	ects|eecs|eets|ejects|elects|erects
production-1986-vol3	1332	39.1	eects	referee <<eects>> ed	ects|eecs|eets|ejects|elects|erects
production-1986-vol3	1333	8.2	eects	chan ooo <<eects>> d	ects|eecs|eets|ejects|elects|erects
production-1986-vol3	1344	41.0	accouneane	<<accouneane>> se eeeseersveseersceserrsesesersesaessessseneenserseeaverees g	accountant
production-1986-vol3	1345	19.3	ratot	computer equipment ope <<ratot>> s sere	gatot|rabot|ramot|rato|raton|ratt
production-1986-vol3	1345	21.3	opetatot	computer syst ems <<opetatot>> scscesecsessesseeeseetseens e	operator
production-1986-vol3	1346	29.1	offficed	personnel <<offficed>> oe eececesserseeesencersterescarerenenseseeeesenenens d	offfice
production-1986-vol3	1406	0.1	provabie	been <<provabie>>	provable
production-1986-vol3	1418	0.0	ariver	<<ariver>>	arive|arived|arriver|driver|iriver|priver
production-1986-vol3	1437	27.6	upgradient	made by collecting a soil sample <<upgradient>> from the impoundment	upgrading
production-1986-vol3	1449	20.1	reoccupancy	the <<reoccupancy>> of the school building where asbestos abatement	preoccupancy
production-1986-vol3	1462	36.8	nonaided	be applied to collections paid to a <<nonaided>> family non afdc	confided
production-1986-vol3	1463	3.10	nonaided	and percent for collections paid to a <<nonaided>>	confided
production-1986-vol3	1464	2.8	nonaided	afdc incentive for interstate collections paid to <<nonaided>>	confided
production-1986-vol3	1537	43.0	rorrd	<<rorrd>>	board
production-1986-vol3	1543	22.0	utlay	<<utlay>>	outlay|tulay|ulay|unlay|uplay|utla
production-1986-vol3	1555	7.0	nejedly	<<nejedly>> hart state urban and coastal park	needly|needy
production-1986-vol3	1556	8.3	seotenber	secretary of bate <<seotenber>>	september
production-1986-vol3	1556	31.5	beneht	marginal area where the greatest <<beneht>> will be nonrecreational purposes	benet|benett
production-1986-vol3	1557	18.0	nejedly	<<nejedly>> hart state urban and	needly|needy
production-1986-vol3	1593	39.0	consutuction	<<consutuction>> cerererereereerereerers	construction|constuction
production-1986-vol3	1596	21.0	sotves	<<sotves>> cececsesessseertereertersererereereeee	soaves|solves|stoves
production-1986-vol3	1616	41.0	onors	<<onors>>	conors|donors|honors|nors|odors|onor
production-1986-vol3	1684	25.0	wheelweights	<<wheelweights>> from the shredder feed and if the	wheelwrights
production-1986-vol3	1692	32.5	landfarm	into an injection well or <<landfarm>> as defined in subdivision g of	landform
production-1986-vol3	1709	0.0	thaterial	<<thaterial>>	material
production-1986-vol3	1709	39.2	leachability	bearing capacity <<leachability>> and permeability which minimize the	bleachability|reachability|teachability
production-1986-vol3	1772	34.0	menair	<<menair>> ellison s onizuka judith a resnik francis	denair|mcnair|menai|menhir|repair
production-1986-vol3	1789	22.4	jtpa	departments private industry councils <<jtpa>> service delivery areas	dtpa|japa|jpa|jta|jtp|mtpa
production-1986-vol3	1816	0.1	rurthner	vw <<rurthner>>	further
production-1986-vol3	1817	9.0	botchie	<<botchie>> santi memorial bridge	botchier|butchie
production-1986-vol3	1817	11.2	botchie	whereas silvio <<botchie>> santi immigrated to america from	botchier|butchie
production-1986-vol3	1817	17.3	botchie	whereas he started <<botchie>> s crab stand in fields landing	botchier|butchie
production-1986-vol3	1817	20.6	botchie	whereas he was affectionally known as <<botchie>> by	botchier|butchie
production-1986-vol3	1817	30.4	botchie	designated as the silvio <<botchie>> santi memorial bridge and be it	botchier|butchie
production-1986-vol3	1824	26.2	coowner	of any <<coowner>> s interest	cooner|crowner
production-1986-vol3	1846	33.8	morphou	the return of the famagusta varosha and <<morphou>>	morpho|morphon|morphos|morphous
production-1986-vol3	1848	10.6	polychloronated	whereas the dumping of ddt cyanide <<polychloronated>>	polychlorinated
production-1986-vol3	1859	0.0	vailette	<<vailette>> were traveling was struck trom behind by	ailette|valette|vallette
production-1986-vol3	1859	2.3	vailette	whereas mr david <<vailette>> suffered a broken neck in the	ailette|valette|vallette
production-1986-vol3	1861	2.0	momyer	<<momyer>> led the widely supported and extensive public	member|momper|moyer|moymer
production-1986-vol3	1861	17.0	momyer	<<momyer>> bypass and be it further	member|momper|moyer|moymer
production-1986-vol3	1861	32.2	farinias	chavez leslie <<farinias>> marci goorabian ruth knowlton debi	farinas|marinas
production-1986-vol3	1862	7.4	tamzia	already been made to <<tamzia>> l marple franchise tax board for	tamia|tammia|tamzin|tazia
production-1986-vol3	1863	15.1	farinias	leslie <<farinias>> one hundred thirty four dollars	farinas|marinas
production-1986-vol3	1863	24.0	tamzia	<<tamzia>> l marple six thousand seven hundred ninety	tamia|tammia|tamzin|tazia
production-1986-vol3	1870	16.7	grovsenor	pursuit of knowledge by its architect bertram <<grovsenor>> goodhue	grosvenor
production-1986-vol3	1872	5.1	nmsl	limit <<nmsl>> as originally enacted years ago was a	amsl|emsl|msl|nasl|ncsl|nisl
production-1986-vol3	1872	9.8	nmsl	minimum state compliance levels with the mph <<nmsl>>	amsl|emsl|msl|nasl|ncsl|nisl
production-1986-vol3	1872	11.8	nmsl	above percent for motorists exceeding the mph <<nmsl>>	amsl|emsl|msl|nasl|ncsl|nisl
production-1986-vol3	1872	18.4	nmsl	year if the mph <<nmsl>> noncompliance level rises above	amsl|emsl|msl|nasl|ncsl|nisl
production-1986-vol3	1872	21.9	nmsl	state s noncompliance level with the mph <<nmsl>>	amsl|emsl|msl|nasl|ncsl|nisl
production-1986-vol3	1872	26.3	nmsl	the federal mph <<nmsl>> compliance testing and reporting process	amsl|emsl|msl|nasl|ncsl|nisl
production-1986-vol3	1872	29.0	nmsl	<<nmsl>> in increasing numbers each year despite active	amsl|emsl|msl|nasl|ncsl|nisl
production-1986-vol3	1872	31.1	nmsl	mph <<nmsl>> issued per year and extensive public information	amsl|emsl|msl|nasl|ncsl|nisl
production-1986-vol3	1872	33.4	nmsl	complying with the mph <<nmsl>> and	amsl|emsl|msl|nasl|ncsl|nisl
production-1986-vol3	1872	38.4	nmsl	tolerance before the mph <<nmsl>> is enforced and	amsl|emsl|msl|nasl|ncsl|nisl
production-1986-vol3	1872	41.3	nmsl	exceeding the mph <<nmsl>> should be opposed because it would	amsl|emsl|msl|nasl|ncsl|nisl
production-1986-vol3	1872	42.7	nmsl	encourage motorists to consistently exceed the mph <<nmsl>>	amsl|emsl|msl|nasl|ncsl|nisl
production-1986-vol3	1875	0.4	erorts	institute to supplement ongoing <<erorts>> and to reduce overlapping	rorts
production-1986-vol3	1886	42.1	ossel	qo <<ossel>>	assel|dossel|essel|issel|kossel|mossel
production-1986-vol3	1911	0.0	itansportation	<<itansportation>>	transportation
production-1986-vol3	1913	13.1	ustta	whereas <<ustta>> provides state and city tourism agencies with	sutta|usta
production-1986-vol3	1913	19.2	ustta	funding for <<ustta>> and	sutta|usta
production-1986-vol3	1913	20.7	ustta	whereas the preservation of the profit generating <<ustta>>	sutta|usta
production-1986-vol3	1914	2.1	kmex	through <<kmex>> tv has provided spanish language broadcasts news	amex|imex|kex|kmax|kme|kmer
production-1986-vol3	1914	21.0	kmex	<<kmex>> tv now therefore be it	amex|imex|kex|kmax|kme|kmer
production-1986-vol3	1938	4.0	bverst	<<bverst>>	best|verst
production-1987-vol2	29	42.0	aqesh	<<aqesh>>	adesh
production-1987-vol2	38	2.7	billheads	make use of or circulate any letterheads <<billheads>> blank notes blank	billhead|bullheads
production-1987-vol2	38	23.0	itisa	<<itisa>> violation for any person subject to this	iisa|irisa|itia|itis|itsa|tisa
production-1987-vol2	50	48.0	aaibl	<<aaibl>>	aaib
production-1987-vol2	92	20.7	ifany	to pay the principal sinking fund payments <<ifany>> premiums	fany|ifan|ifans|imany|ivany|ofany
production-1987-vol2	94	49.0	asosl	<<asosl>>	asos
production-1987-vol2	96	41.0	abdsc	<<abdsc>>	abdc
production-1987-vol2	104	48.0	abbio	<<abbio>>	abbi|abbie|abbo
production-1987-vol2	106	49.0	abadn	<<abadn>>	abad|abada|abadan|abadi|abadon|aban
production-1987-vol2	108	48.0	arasl	<<arasl>>	aasl|aral|aras|arase|arash|arasu
production-1987-vol2	114	39.0	arlom	<<arlom>>	allom|alom|arcom|arlo|arlon|arlow
production-1987-vol2	115	42.0	abtad	<<abtad>>	abad|abbad|abiad|abta|abyad|batad
production-1987-vol2	120	42.0	aboi	<<aboi>>	abai|abbi|abdi|abhi|abi|abo
production-1987-vol2	121	21.0	seetvices	<<seetvices>>	services
production-1987-vol2	124	48.0	ainan	<<ainan>>	adnan|afnan|aian|aidan|aignan|aiman
production-1987-vol2	128	38.0	awtvc	<<awtvc>> o	attic
production-1987-vol2	129	44.0	atino	<<atino>>	aino|akino|altino|amino|arino|atin
production-1987-vol2	130	40.0	atibl	<<atibl>>	atiba|atill|still
production-1987-vol2	135	42.0	atato	<<atato>>	abato|amato|anato|arato|asato|atago
production-1987-vol2	136	48.0	ataqn	<<ataqn>>	atan
production-1987-vol2	147	47.0	atsoo	<<atsoo>>	also|atsuo
production-1987-vol2	148	48.0	atrw	<<atrw>>	arw|atr|atra|atre|atri|atro
production-1987-vol2	149	48.0	atrel	<<atrel>>	antrel|aprel|arel|artel|athel|atmel
production-1987-vol2	150	49.0	atasd	<<atasd>>	atas
production-1987-vol2	152	43.0	atotl	<<atotl>>	atol|atoll
production-1987-vol2	162	35.0	enforceably	<<enforceably>> restrict the use of the land for	enforceable
production-1987-vol2	169	41.0	arbrim	<<arbrim>>	abrim
production-1987-vol2	171	48.0	arbrd	<<arbrd>>	arbre
production-1987-vol2	172	48.0	arbrl	<<arbrl>>	arbel|arbil|arbol|arbre|arrl
production-1987-vol2	192	0.3	purihed	liter in the <<purihed>> water	punished
production-1987-vol2	196	16.0	nonspring	<<nonspring>> water source except that spring water may	conspiring|nonsparing
production-1987-vol2	196	24.10	nonwell	by blending it with water from a <<nonwell>> water source	conwell|norwell|nowell
production-1987-vol2	210	39.4	mazun	lowfat yogurt nonfat yogurt <<mazun>> or any names that may be	mamun|maun|mazan|mazen|mazin|mazon
production-1987-vol2	215	8.4	lactoglobulins	buttermilk whey lactose lactalbumins <<lactoglobulins>> and modified	lactoglobulin
production-1987-vol2	221	36.0	snekd	<<snekd>>	snead|sned|sneed|snek|sneyd
production-1987-vol2	244	47.0	sioic	<<sioic>>	simic|sinic|sioc|soic|stoic
production-1987-vol2	261	48.0	bpsan	<<bpsan>>	basan|besan|bisan|busan|plan
production-1987-vol2	278	0.0	lmnged	<<lmnged>> upon	longed|lunged
production-1987-vol2	286	47.0	boorl	<<boorl>>	bool|boor|boora|boord|boore|boorn
production-1987-vol2	296	0.0	satisned	<<satisned>>	satined|satisfied
production-1987-vol2	298	48.0	sorol	<<sorol>>	corol|korol|sarol|sobol|sokol|sool
production-1987-vol2	302	47.0	bomt	<<bomt>>	bmt|boat|boet|boit|bolt|bom
production-1987-vol2	305	40.4	étss	the amount of s <<étss>> séscsi dated hhherre after referred	atss|itss|ltss|mtss|rtss|stss
production-1987-vol2	306	47.0	ogrr	<<ogrr>>	gorr|grr|ogar|oger|ogor|ogr
production-1987-vol2	318	47.0	rarkl	<<rarkl>>	markl|rankl
production-1987-vol2	319	47.0	rarrh	<<rarrh>>	arrh|rarr
production-1987-vol2	321	47.0	erarqn	<<erarqn>>	earn
production-1987-vol2	330	47.0	brpol	<<brpol>>	brool
production-1987-vol2	342	48.0	sanrl	<<sanrl>>	sanel|sanfl|sanral|sarl|snarl
production-1987-vol2	344	32.1	onjuly	b <<onjuly>> of each year the department of corrections	ofjuly
production-1987-vol2	355	0.0	engmeering	<<engmeering>> surveymg primmcipies	engineering
production-1987-vol2	359	39.0	kabbd	<<kabbd>>	abbd|kabba|rabbi
production-1987-vol2	363	48.0	eardo	<<eardo>>	ardo|bardo|beardo|cardo|dardo|eado
production-1987-vol2	374	0.1	nsnhing	passenger <<nsnhing>> boat owners or operators who are operating	nothing
production-1987-vol2	376	47.0	sronr	<<sronr>>	srong
production-1987-vol2	381	47.0	rrroa	<<rrroa>>	error
production-1987-vol2	389	43.0	beeol	<<beeol>>	beel|beelol|been|byeol
production-1987-vol2	404	46.0	beoeo	<<beoeo>>	been
production-1987-vol2	412	48.0	brqi	<<brqi>>	baqi|brai|brei|bri
production-1987-vol2	414	48.0	reron	<<reron>>	aeron|beron|deron|eron|erron|feron
production-1987-vol2	416	49.0	seaer	<<seaer>>	saer|seager|sealer|seamer|sear|searer
production-1987-vol2	417	48.0	brarh	<<brarh>>	barh|brach|bragh|brah|brar|brash
production-1987-vol2	422	47.0	reerek	<<reerek>>	referee
production-1987-vol2	423	47.0	srer	<<srer>>	brer|erer|frer|rer|saer|seer
production-1987-vol2	467	8.6	misdealings	guilty of misrepresentation fraud or financial <<misdealings>>	misdealing
production-1987-vol2	468	48.0	eqnor	<<eqnor>>	ennor|minor
production-1987-vol2	470	48.0	eqac	<<eqac>>	eac|ebac|ecac|edac|elac|emac
production-1987-vol2	475	45.0	rernn	<<rernn>>	renn|reran|rerun
production-1987-vol2	479	48.0	sqaah	<<sqaah>>	saah
production-1987-vol2	484	49.0	rrrik	<<rrrik>>	rurik
production-1987-vol2	493	49.0	reagn	<<reagn>>	reagan|reagen|reagin|reagon|rean|regan
production-1987-vol2	495	47.0	ggon	<<ggon>>	agon|egon|gaon|geon|ggn|ggo
production-1987-vol2	513	48.0	oabn	<<oabn>>	abn|oab|oan|oann|oban|obn
production-1987-vol2	514	42.0	sobnl	<<sobnl>>	sobel|sobol
production-1987-vol2	528	38.0	sgorr	<<sgorr>>	gorr|sgurr|shorr|sorr|storr
production-1987-vol2	534	6.6	upgradient	made by collecting a soil sample <<upgradient>> from the impoundment	upgrading
production-1987-vol2	537	6.6	upgradient	made by collecting a soil sample <<upgradient>> from the impoundment	upgrading
production-1987-vol2	560	40.0	bnso	<<bnso>>	anso|baso|benso|beso|bno|bns
production-1987-vol2	568	0.0	chapterar	<<chapterar>>	chapter|chapteral
production-1987-vol2	582	47.0	bigsc	<<bigsc>>	bids|bigs|bisc
production-1987-vol2	643	42.0	ritso	<<ritso>>	itso|pitso|ratso|riso|risso|risto
production-1987-vol2	662	22.4	nonowned	of the use of <<nonowned>> motor vehicles or if the automobile liability	nonowner
production-1987-vol2	662	47.0	gaaic	<<gaaic>>	galic|gamic|ganic
production-1987-vol2	670	43.0	garac	<<garac>>	arac|barac|darac|gara|garad|garai
production-1987-vol2	672	32.0	gatok	<<gatok>>	atok|batok|gato|gator|gatos|gatot
production-1987-vol2	676	47.0	garal	<<garal>>	aaral|agral|aral|baral|caral|gaal
production-1987-vol2	679	49.0	gaqad	<<gaqad>>	gaad|galad|garad|gawad
production-1987-vol2	686	29.12	semors	and hearing care services to low income <<semors>>	senors
production-1987-vol2	692	10.1	milias	meyers <<milias>> brown act enters into a binding memorandum	ilias|lilias|milas|milia|milian|milis
production-1987-vol2	693	45.0	reatn	<<reatn>>	rean|reat|reata|reate|reath|retan
production-1987-vol2	700	47.0	brerr	<<brerr>>	berr|breer|brer|brera|brrr|brrrr
production-1987-vol2	711	48.0	beded	<<beded>>	beaded|bebed|bedad|bedd|bedded|bede
production-1987-vol2	712	47.0	bedoc	<<bedoc>>	bedo|bedog|bedok|bedot|medoc
production-1987-vol2	724	43.4	earmold	the techniques for taking <<earmold>> impressions	armold
production-1987-vol2	726	47.0	brrbi	<<brrbi>>	barbi|bribe
production-1987-vol2	729	44.0	bbeso	<<bbeso>>	beso|best
production-1987-vol2	732	20.6	canalboats	includes ships of all kinds steamboats <<canalboats>> barges and every	canalboat
production-1987-vol2	733	0.0	pecular	<<pecular>> anda appropriate meaning	peculiar|secular|specular
production-1987-vol2	740	47.0	grorl	<<grorl>>	gorl|groel|grohl|grol|groll|grool
production-1987-vol2	757	48.0	rvatn	<<rvatn>>	rate
production-1987-vol2	758	6.3	precomplaint	future pretrial or <<precomplaint>> diversion programs it is also the	precompliant|recomplaint
production-1987-vol2	760	48.0	litaqn	<<litaqn>>	litan
production-1987-vol2	766	48.0	riral	<<riral>>	giral|miral|rial|ribal|rigal|rijal
production-1987-vol2	771	48.0	cereor	<<cereor>>	cerer
production-1987-vol2	780	48.0	broic	<<broic>>	boric|bric|broc|broich|broil|broin
production-1987-vol2	788	34.0	relitigated	<<relitigated>> de novo on the basis of the	relitigate
production-1987-vol2	805	47.0	brbro	<<brbro>>	barbro
production-1987-vol2	807	0.0	mterest	<<mterest>>	interest|merest
production-1987-vol2	808	48.0	rtei	<<rtei>>	rei|reti|rhei|rte|rted|rter
production-1987-vol2	810	48.0	gbrric	<<gbrric>>	garlic
production-1987-vol2	820	34.2	crotany	approv ee <<crotany>> of state september	brotany
production-1987-vol2	842	47.0	rgoren	<<rgoren>>	goren
production-1987-vol2	843	46.0	egonn	<<egonn>>	egon|gonn
production-1987-vol2	901	0.1	caccca	not <<caccca>>	caccia
production-1987-vol2	933	39.12	permittees	for the payment of renewal fees for <<permittees>>	permittee
production-1987-vol2	938	47.0	frna	<<frna>>	arna|crna|erna|fana|fena|fina
production-1987-vol2	966	17.0	mobilenomes	<<mobilenomes>>	mobilehomes
production-1987-vol2	1000	47.0	taqre	<<taqre>>	taare|taire|tare|taure
production-1987-vol2	1003	47.0	aqkn	<<aqkn>>	akn
production-1987-vol2	1004	0.0	creairor	<<creairor>>	creditor
production-1987-vol2	1023	42.0	teeol	<<teeol>>	teel|tesol|theol
production-1987-vol2	1046	0.2	tuimea	neve occ <<tuimea>> ove	time|timea
production-1987-vol2	1055	49.0	wrlad	<<wrlad>>	read|wlad|wrld
production-1987-vol2	1106	34.0	ployez	<<ployez>> contribution rate in effect immediately	ployed
production-1987-vol2	1119	46.0	fqqan	<<fqqan>>	fran
production-1987-vol2	1128	34.0	inciuce	<<inciuce>> senior information and referral telephone numbers in	include
production-1987-vol2	1146	46.0	ogec	<<ogec>>	gec|oec|ogc|oge|ogee|ogen
production-1987-vol2	1149	0.0	cytate	<<cytate>>	cotate|cytase|state
production-1987-vol2	1160	42.0	snnen	<<snnen>>	annen|ennen|innen|onnen|senen|sennen
production-1987-vol2	1164	43.0	conservaitee	<<conservaitee>>	conservatee
production-1987-vol2	1165	47.0	roied	<<roied>>	ried|robed|roed|roid|roided|roie
production-1987-vol2	1168	0.4	accepang	c ino financial institution <<accepang>> deposit pursuant to	accepting
production-1987-vol2	1170	48.0	enesn	<<enesn>>	enen|enes|nesn
production-1987-vol2	1175	48.0	anaon	<<anaon>>	anan|anao|anaxon|ancon|andon|anion
production-1987-vol2	1176	7.3	gemend	a claim means <<gemend>> for payment for any of the	emend|remend
production-1987-vol2	1177	44.0	onsaan	<<onsaan>>	insaan
production-1987-vol2	1180	46.0	snsel	<<snsel>>	ansel|insel|nsel|sisel|snel
production-1987-vol2	1182	0.0	ansuralce	<<ansuralce>> woae	insurance
production-1987-vol2	1182	0.1	woae	ansuralce <<woae>>	koae|oae|wae|woa|woad|woah
production-1987-vol2	1182	32.9	distributees	less the public entity s claim against <<distributees>>	distributee|distributers|distributes
production-1987-vol2	1189	47.0	rnren	<<rnren>>	nren|renren
production-1987-vol2	1190	41.0	anren	<<anren>>	adren|agren|ahren|airen|anden|andren
production-1987-vol2	1196	45.0	ainar	<<ainar>>	acinar|agnar|aidar|aimar|aina|ainer
production-1987-vol2	1213	0.0	granong	<<granong>> or the oppor	ganong|ranong
production-1987-vol2	1247	0.0	aenvery	<<aenvery>>	every
production-1987-vol2	1254	24.0	debis	<<debis>>	debes|debi|debil|debir|debit|debits
production-1987-vol2	1254	32.0	assoon	<<assoon>> as the personal representative has sufficient funds	alsoon|aswoon|bassoon|cassoon|sassoon
production-1987-vol2	1256	30.8	distributees	from creditors who are paid or from <<distributees>>	distributee|distributers|distributes
production-1987-vol2	1257	46.0	robrd	<<robrd>>	board|robed|roberd
production-1987-vol2	1270	41.0	aanac	<<aanac>>	aana|aasac|anac
production-1987-vol2	1287	38.0	recompounding	<<recompounding>> includes	compounding|precompounding
production-1987-vol2	1287	47.0	rinon	<<rinon>>	inon|linon|minon|ninon|pinon|ranon
production-1987-vol2	1290	31.3	stringfel	contaminants from the <<stringfel>>	stringful
production-1987-vol2	1291	45.0	areeny	<<areeny>>	areen|arseny|freeny|greeny|reeny
production-1987-vol2	1298	40.0	puteter	<<puteter>>	putter
production-1987-vol2	1306	13.1	dichloroethene	dichlorobenzene <<dichloroethene>> dichloromethane	dichloroethane
production-1987-vol2	1318	43.0	rasol	<<rasol>>	gasol|raso|rasoi|rason|rasool|rasor
production-1987-vol2	1326	2.1	terrns	subordinate <<terrns>> for second and subsequent convictions of	terns|terrans|terras|terres|terris|terrys
production-1987-vol2	1346	42.0	qrnor	<<qrnor>>	arnor
production-1987-vol2	1356	49.0	excor	<<excor>>	ecor|emcor|exco|excom|exmor|exor
production-1987-vol2	1358	47.0	arerg	<<arerg>>	aberg|areg|areng
production-1987-vol2	1362	47.0	gever	<<gever>>	bever|dever|ever|fever|gaver|geber
production-1987-vol2	1363	0.2	donigs	or tae <<donigs>>	doings|dongs|donis
production-1987-vol2	1365	49.0	reren	<<reren>>	beren|ceren|deren|eren|geren|heren
production-1987-vol2	1368	40.0	reosi	<<reosi>>	reos|resi|rosi
production-1987-vol2	1369	48.0	rzorn	<<rzorn>>	zorn
production-1987-vol2	1378	48.0	geoor	<<geoor>>	geogr|geor|gloor|goor
production-1987-vol2	1387	43.0	arxan	<<arxan>>	aran|arban|arcan|ardan|arean|arfan
production-1987-vol2	1392	38.0	retol	<<retol>>	ketol|metol|reol|resol|retal|reto
production-1987-vol2	1397	35.0	rrokd	<<rrokd>>	road|rrod
production-1987-vol2	1432	31.10	stotza	net panels excluding the bridle towline or <<stotza>> and	stotra|stotz
production-1987-vol2	1433	27.2	corkline	a the <<corkline>> and any other line which may extend	coraline|corklike
production-1987-vol2	1433	30.9	corkline	breakaway device shall be used along the <<corkline>>	coraline|corklike
production-1987-vol2	1433	37.11	corkline	twine to connect the ends of each <<corkline>>	coraline|corklike
production-1987-vol2	1436	49.0	qrai	<<qrai>>	arai|brai|crai|drai|grai|krai
production-1987-vol2	1442	47.0	rrrar	<<rrrar>>	rrrr|rrrrr
production-1987-vol2	1448	46.0	aaver	<<aaver>>	aaker|aamer|aave|adver|alver|aver
production-1987-vol2	1452	47.0	geaen	<<geaen>>	eaen|gaen|gean|geben|geen|gefen
production-1987-vol2	1454	35.7	pumpout	dredging parking public access facilities restrooms vessel <<pumpout>>	purport
production-1987-vol2	1454	41.0	gronr	<<gronr>>	gron|grona|grond|groner|gronk
production-1987-vol2	1466	21.2	treemarking	such as <<treemarking>> surveying or roadflagging removal or harvest	treemaking
production-1987-vol2	1478	47.0	agsor	<<agsor>>	agbor|agnor|agor|also|asor
production-1987-vol2	1486	40.0	googn	<<googn>>	goign|goog|googe|googl|goon|goong
production-1987-vol2	1489	0.1	ommce	nonpartisan <<ommce>>	once
production-1987-vol2	1494	41.1	ofcandidate	ee <<ofcandidate>> tst s	candidate
production-1987-vol2	1496	49.0	opasn	<<opasn>>	opas
production-1987-vol2	1510	46.0	oorol	<<oorol>>	corol|korol|oool
production-1987-vol2	1512	36.0	onasr	<<onasr>>	nasr|onair|onas
production-1987-vol2	1517	21.3	iccal	supersede all conflicting <<iccal>> laws and shall apply in charter cities	ical|icca|iccat|ictal|incal
production-1987-vol2	1544	48.0	oensr	<<oensr>>	owner
production-1987-vol2	1547	7.11	prezoned	in what manner the territory shall be <<prezoned>>	prezone|rezoned
production-1987-vol2	1556	30.1	ifless	b <<ifless>> than a majority of the votes cast	illess
production-1987-vol2	1562	48.0	gossr	<<gossr>>	gosar|goss|gosse|gossi|gossy
production-1987-vol2	1572	48.0	geanc	<<geanc>>	geac|gean|geans|geant|genc
production-1987-vol2	1574	0.2	doara	a district <<doara>> may change the boundaries of a service	daara|dara|dhara|diara|doaa|doar
production-1987-vol2	1574	20.3	milias	a the meyers <<milias>> brown act chapter	ilias|lilias|milas|milia|milian|milis
production-1987-vol2	1592	0.0	hacn	<<hacn>> soca agency whose general plan includes areas	aacn|acn|bacn|haan|hac|haca
production-1987-vol2	1597	42.0	ornen	<<ornen>>	onen|onnen|orben|orden|oreen|oren
production-1987-vol2	1614	48.0	osnor	<<osnor>>	onor|osner|osnos|sonor
production-1987-vol2	1617	15.0	cocurricular	<<cocurricular>> activities in the subsequent grading period	curricular
production-1987-vol2	1634	0.0	gial	<<gial>> cxcnange	bial|cial|dial|fial|gaal|gail
production-1987-vol2	1634	0.1	cxcnange	gial <<cxcnange>>	exchange
production-1987-vol2	1637	48.0	oaenn	<<oaenn>>	oann|openn
production-1987-vol2	1644	47.0	osnor	<<osnor>>	onor|osner|osnos|sonor
production-1987-vol2	1654	48.0	gzoar	<<gzoar>>	goar|zoar
production-1987-vol2	1662	42.0	qreon	<<qreon>>	breon|creon|freon|kreon|preon|reon
production-1987-vol2	1664	48.0	orsrr	<<orsrr>>	order|orrr|orrrr|orser
production-1987-vol2	1672	47.0	oxrar	<<oxrar>>	oral|oxear
production-1987-vol2	1674	47.0	qmro	<<qmro>>	amro|imro|mro|omro|qdro|vmro
production-1987-vol2	1678	44.0	bnsc	<<bnsc>>	basc|bcsc|bisc|bnc|bns|bnsf
production-1987-vol2	1685	47.0	qrond	<<qrond>>	arond|frond|grond|rond|trond
production-1987-vol2	1694	48.0	osasn	<<osasn>>	osan|osas|ossan
production-1987-vol2	1696	44.0	orrsl	<<orrsl>>	oral|orral|orrel
production-1987-vol2	1698	40.0	osgon	<<osgon>>	orgon
production-1987-vol2	1705	42.0	obred	<<obred>>	bored|bred|oared|obed|obree|orbed
production-1987-vol2	1716	41.7	scaffoldings	e building standard does not include temporary <<scaffoldings>>	scaffolding
production-1987-vol2	1762	30.5	aquaculturists	d provide such advice to <<aquaculturists>> on project siting and	aquaculturist
production-1987-vol2	1769	42.0	orred	<<orred>>	erred|oared|orbed|orded|ored|orre
production-1987-vol2	1770	46.0	orror	<<orror>>	borror|error|horror|orrr|orrrr
production-1987-vol2	1797	49.0	ooken	<<ooken>>	boken|hoken|koken|loken|moken|oaken
production-1987-vol2	1798	48.0	qgsor	<<qgsor>>	visor
production-1987-vol2	1802	29.3	eente	app soe er <<eente>> coctanber a ist wit	bente|cente|dente|eenie|ente|gente
production-1987-vol2	1802	42.0	goror	<<goror>>	goor|gorer|goro|gorod|gorom|goron
production-1987-vol2	1819	0.5	nauciary	nas acted as agent or <<nauciary>>	naucrary
production-1987-vol2	1849	10.2	nonflagrant	infrequent and <<nonflagrant>> violations of the board s health and	conflagrant
production-1987-vol2	1856	0.2	cnls	pursuant to <<cnls>> subdivision	cals|ccls|cdls|cels|cfls|cils
production-1987-vol2	1865	5.2	raailed	section was <<raailed>> unless a declaration of opposition form	railed
production-1987-vol2	1875	0.0	taccuity	<<taccuity>>	acuity
production-1987-vol2	1885	38.0	ollows	<<ollows>>	allows|follows|hollows|ollow
production-1987-vol2	1890	0.0	cerapter	<<cerapter>>	chapter
production-1987-vol2	1904	46.0	thereio	<<thereio>>	therein|thereis|thereto
production-1987-vol2	1908	25.6	reentrants	or abandonments ii new entrants or <<reentrants>> to the work force	reentrant
production-1987-vol2	1942	18.0	exemptee	<<exemptee>> need not be present in the warehouse	exempted
production-1987-vol2	1954	43.0	yaylorsville	<<yaylorsville>> county service area	taylorsville
production-1987-vol2	1967	47.0	torded	<<torded>>	corded|forded|horded|lorded|orded|tarded
production-1987-vol2	1976	0.0	creaential	<<creaential>>	credential
production-1987-vol2	2016	35.4	quadraplegics	dollars annually to support <<quadraplegics>>	quadriplegic|quadriplegics
production-1987-vol2	2016	37.0	quadraplegia	<<quadraplegia>> will be greatly reduced	quadriplegia|quadriplegic
production-1984-vol1-chapters	15	12.0	scheuie	<<scheuie>> ceccssesserserseesseversesesreeree pl	schedule
production-1984-vol1-chapters	17	16.1	storrn	ture <<storrn>> damage	storen|storin|storn|storr|storrs|storry
production-1984-vol1-chapters	17	33.0	sacramer	<<sacramer>> to san joaquin delta	sacramen
production-1984-vol1-chapters	31	29.2	hycrologically	biologically and <<hycrologically>> associated upland habitat areas of	hydrologically
production-1984-vol1-chapters	51	0.3	completea	each day unhi <<completea>>	completa|complete|completed|completel|completer|completes
production-1984-vol1-chapters	107	19.0	prearraignment	<<prearraignment>> detainees arrested for infraction or misdemeanor	prearrangement
production-1984-vol1-chapters	116	29.6	nejedly	approvals pursuant to the z berg <<nejedly>> forest practice act of	needly|needy
production-1984-vol1-chapters	132	5.6	udag	development s urban development action grant <<udag>>	dag|idag|uag|uda|udah|udai
production-1984-vol1-chapters	187	23.4	forrn	than one in registered <<forrn>> which the taxpayer establishes will not	foran|foren|forn|forr|forro|forry
production-1984-vol1-chapters	192	0.1	dasis	einer <<dasis>>	asis|basis|casis|dais|dakis|dalis
production-1984-vol1-chapters	193	0.0	pilance	<<pilance>>	palance|plance
production-1984-vol1-chapters	223	0.0	boata	<<boata>>	bata|beata|boat|boate|boats|boaty
production-1984-vol1-chapters	264	22.1	forrn	opposition <<forrn>> within the time provided the department shall	foran|foren|forn|forr|forro|forry
production-1984-vol1-chapters	281	2.3	keybit	a picklock crow <<keybit>> crowbar screwdriver vice grip pliers	debit
production-1984-vol1-chapters	309	45.0	ceorce	<<ceorce>> dfeukmeiian governor	cerce|coerce
production-1984-vol1-chapters	321	6.1	onjuly	c <<onjuly>> one or more of the contiguous parcels	ofjuly
production-1984-vol1-chapters	321	11.1	onjuly	d <<onjuly>> one or more of the contiguous parcels	ofjuly
production-1984-vol1-chapters	329	45.1	cluly	partnership <<cluly>> certified by the secretary of state is	cluley|cluny|cully|culy|luly
production-1984-vol1-chapters	384	32.2	garning	a restricted <<garning>> license	arning|darning|earning|gaining|garbing|garding
production-1984-vol1-chapters	387	1.1	bocly	governing <<bocly>> may fill such vacancy for the unexpired	bochy|bocoy|boily|bolly|boly|booly
production-1984-vol1-chapters	387	28.1	bocly	governing <<bocly>> must agree to take action if at	bochy|bocoy|boily|bolly|boly|booly
production-1984-vol1-chapters	394	27.1	coumy	placer <<coumy>> cccccssssscsssssscssssscsesecsessssesesssesenesesessesssestevees	commy|conmy|coomy|coucy|couey|coum
production-1984-vol1-chapters	412	17.1	orcler	in <<orcler>> to achieve the stated objectives of any	oraler|orler
production-1984-vol1-chapters	419	13.3	becorne	this section shal <<becorne>> inoperative on july and as of	bicorne
production-1984-vol1-chapters	454	10.2	tesota	a olneya <<tesota>> desert ironwood	testa
production-1984-vol1-chapters	454	12.6	cercidium	c all species of the genus <<cercidium>> palos verdes	cecidium
production-1984-vol1-chapters	454	47.2	morvi	d castle <<morvi>> crucifixion thorn	marvi|molvi|morbi|more|mori|morni
production-1984-vol1-chapters	455	1.2	filifera	g washingtonia <<filifera>> fan palm	filigera
production-1984-vol1-chapters	455	7.9	nolinas	species of the family agavaceae century plants <<nolinas>>	bolinas|colinas|molinas|nolina|solinas
production-1984-vol1-chapters	455	15.6	cercidium	e all species of the genus <<cercidium>> palos verdes	cecidium
production-1984-vol1-chapters	455	19.2	tesota	i olneya <<tesota>> desert ironwood including both dead and live	testa
production-1984-vol1-chapters	459	7.11	nejedly	plants is subject to the z berg <<nejedly>> forest	needly|needy
production-1984-vol1-chapters	463	0.0	reaa	<<reaa>>	eaa|meaa|raa|raaa|raea|rea
production-1984-vol1-chapters	482	22.0	methamphetarnine	<<methamphetarnine>>	methamphetamine
production-1984-vol1-chapters	522	36.2	nontesting	to a <<nontesting>> civil service classification for the purpose of	contesting|nonvesting
production-1984-vol1-chapters	549	16.4	rnember	the performance of the <<rnember>> s duties	rember
production-1984-vol1-chapters	587	10.3	frorn	f the deductions <<frorn>> class sales authorized pursuant to this	forn|fron|fror|frore|frory|frown
production-1984-vol1-chapters	597	0.0	nejedly	<<nejedly>> z berg dills solid waste management and	needly|needy
production-1984-vol1-chapters	616	3.3	clemand	collected as a <<clemand>> for second installment under article	cleland
production-1984-vol1-chapters	634	0.0	itoin	<<itoin>> civh sefvicee	itin|ition|itkin|itoi|iton|toin
production-1984-vol1-chapters	634	0.1	civh	itoin <<civh>> sefvicee	cih|civ|civa|cive|civi|civs
production-1984-vol1-chapters	693	0.1	clebtor	the <<clebtor>> s aggregate interest not to exceed five	cleator
production-1984-vol1-chapters	715	4.0	augmentationis	<<augmentationis>>	augmentations
production-1984-vol1-chapters	776	10.5	ballgum	dispensing exclusively peanuts nuts popcorn <<ballgum>> or hard	ballium
production-1984-vol1-chapters	784	24.7	washwater	the velocity quantity and distribution of the <<washwater>> type and	wastwater
production-1984-vol1-chapters	784	43.6	undercounter	e all utensil washing equipment except <<undercounter>> dish	undercounted
production-1984-vol1-chapters	784	48.1	undercounter	an <<undercounter>> dish machine is used there shall be	undercounted
production-1984-vol1-chapters	793	29.0	snowcones	<<snowcones>>	snowcone
production-1984-vol1-chapters	821	43.8	duphcates	am eliminating this item because the commission <<duphcates>> functions performed	duplicates
production-1984-vol1-chapters	821	51.8	csbg	agencies and the community services block grant <<csbg>> program	cabg|cbg|cdbg|csb|csbs|csg
production-1984-vol1-chapters	823	0.3	funchon	notary public investigations <<funchon>> am also providing an augmentation of	fanchon|function|sunchon
production-1984-vol1-chapters	823	56.2	vavable	i amount <<vavable>> from the state school building aid fund	lavable|savable|wavable
production-1984-vol1-chapters	826	57.0	rermbursed	<<rermbursed>> training efforts	reimbursed
production-1984-vol1-chapters	827	32.1	frorn	department <<frorn>> redirecting existing positions to schedule a activities	forn|fron|fror|frore|frory|frown
production-1984-vol1-chapters	827	37.8	imtated	forestry and the department of finance have <<imtated>> a cooperative study to	imitated
production-1984-vol1-chapters	828	55.14	prionty	f it s found to be a <<prionty>>	printy
production-1984-vol1-chapters	830	37.10	tmbal	american village sites throughout the state the <<tmbal>> indian	tabal|tebal|timbal|tombal|tubal|tymbal
production-1984-vol1-chapters	832	12.0	hpcop	<<hpcop>> and the national health service corps program	prop
production-1984-vol1-chapters	835	17.7	dbcp	perchloroethylene pce and dibrom och loro propane <<dbcp>>	abcp|bcp|cbcp|dbc|dbp|dcp
production-1984-vol1-chapters	845	35.0	jtpa	<<jtpa>> clients i support the need for child	dtpa|japa|jpa|jta|jtp|mtpa
production-1984-vol1-chapters	847	40.6	ocss	in the other county social services <<ocss>> program chapter	acss|bcss|ccss|coss|css|dcss
production-1984-vol1-chapters	849	33.0	diege	<<diege>> geunty as authorized by section of the	dege|didge|dieg|diego|dieke|diene
production-1984-vol1-chapters	849	36.3	geunties	and sante griz <<geunties>> hf either ef these counties are unable	counties
production-1984-vol1-chapters	861	23.5	prograra	will provide the disabled students <<prograra>> an percent program	programa
production-1984-vol1-chapters	870	6.1	emeunt	an <<emeunt>> ef up te shall be deposited in	exeunt
production-1984-vol1-chapters	873	44.2	seeceee	c expenses <<seeceee>>	seeeee
production-1984-vol1-chapters	875	20.0	toau	<<toau>> ecscsssessssssssssssescesescasesenesessssesesnesessseesssesetsessesense seeverees	oau|tau|teau|thau|toa|toad
production-1984-vol1-chapters	875	36.0	suppottt	<<suppottt>> ceesseecseetees cesses seseeeeters	support
production-1984-vol1-chapters	880	10.0	abedcy	<<abedcy>> ssessccrcorecesresversvessseseseverseee	agency
production-1984-vol1-chapters	884	22.1	coritra	d <<coritra>> costa eeeeeeescereeeeneee	corita
production-1984-vol1-chapters	885	42.1	commilhees	soty <<commilhees>> cssesssesereesessscenenessscetersessenserenees	committees
production-1984-vol1-chapters	886	18.4	sseee	ning assessment special account <<sseee>>	seee|seeee
production-1984-vol1-chapters	892	45.2	rmera	account gi <<rmera>> frm roocoocoooococooooooooeoocoooeococcecocecesecees	amera|emera|mera|rera|riera|romera
production-1984-vol1-chapters	894	37.3	eeeser	b reimbursements se <<eeeser>>	leeser|neeser|reeser|veeser
production-1984-vol1-chapters	896	1.0	aboncies	<<aboncies>> ecsssssssversscerecnerersseree	agencies
production-1984-vol1-chapters	899	43.0	imiltoe	<<imiltoe>> ceecsecersesesencneserssessneesereeees	milton
production-1984-vol1-chapters	908	18.3	ssese	public building fund <<ssese>>	seese|sese|sses
production-1984-vol1-chapters	909	39.0	eqquipmenl	<<eqquipmenl>> cscsssesssereserseereeee	equipment
production-1984-vol1-chapters	913	4.0	voiving	<<voiving>> fung cccsessseeesseresseerseseessesvevessessensossescensenenes	voicing|voiding
production-1984-vol1-chapters	915	6.1	zalage	ing <<zalage>> eeserecrseesreeerernereee	lalage
production-1984-vol1-chapters	916	36.2	cceee	f reimbursements <<cceee>>	aceee
production-1984-vol1-chapters	917	32.5	revolv	from the cooperative personnel services <<revolv>>	evolv|resolv|revol|revolt|revolu|revolve
production-1984-vol1-chapters	918	32.0	setve	<<setve>> fun ssccrceececsrssserssssessesssesessearerssvessessessenseresnees	seave|selve|serve|setae|sete|sethe
production-1984-vol1-chapters	919	35.0	apfaits	<<apfaits>> scccccsssssessseesscesssossesrsneseseaterescecsssessenssessecrsererenses	affairs
production-1984-vol1-chapters	921	19.0	fottlia	<<fottlia>> os seseseressvseesevsnsanesereesessessessessssseeneseresterstesersseeseee	fotolia
production-1984-vol1-chapters	921	23.3	ceeere	b reimbursements c <<ceeere>>	cecere|cheere|cleere
production-1984-vol1-chapters	924	19.0	chotis	<<chotis>> ccccccecesseseereesscsreceteesessceresceseeeseeseensessecnsesnersesreesees	choti|clotis|dhotis
production-1984-vol1-chapters	933	0.0	undistributec	<<undistributec>> ad	undistributed
production-1984-vol1-chapters	943	1.4	mtdb	vehicle firehardening project and <<mtdb>>	mdb|medb|mtb|mtd|mtdc|tdb
production-1984-vol1-chapters	945	37.5	reroofing	none of the appropriated for <<reroofing>>	reproofing
production-1984-vol1-chapters	951	27.0	chotl	<<chotl>> cseeesorserecsesseneen sresssnssessserenesenestes	choel|choil|chol|chool|chot|chota
production-1984-vol1-chapters	952	23.0	azoncy	<<azoncy>> ssesssessevererssersessecnsssssnservessesenssesssensrsessesessessnenees	agency
production-1984-vol1-chapters	954	34.3	sereee	d reimbursements ss <<sereee>>	seeee|seeeee|sereen|serene
production-1984-vol1-chapters	969	29.0	gtawings	<<gtawings>> ecsesesvececereescerevensaserseres	drawings
production-1984-vol1-chapters	969	32.1	funnd	ctvation <<funnd>> cccesscsevssseessssssscesscesssesrsossrensseeaveverenees	fund|funn|funni|funns|funny
production-1984-vol1-chapters	969	48.0	countv	<<countv>>	count|counte|countr|counts|county
production-1984-vol1-chapters	971	0.0	ftovisions	<<ftovisions>>	provisions
production-1984-vol1-chapters	973	23.1	sesscee	slough <<sesscee>>	lessee
production-1984-vol1-chapters	976	22.0	aboncies	<<aboncies>> cecserseerereesevesseesessensenes	agencies
production-1984-vol1-chapters	980	2.0	itern	<<itern>> ree	intern|isern|iten|iter|stern|tern
production-1984-vol1-chapters	980	31.6	revolv	payable from the harbors and watercraft <<revolv>>	evolv|resolv|revol|revolt|revolu|revolve
production-1984-vol1-chapters	988	0.0	ztem	<<ztem>> aunount	atem|etem|item|ltem|stem|tem
production-1984-vol1-chapters	988	14.0	nejedly	<<nejedly>> hart state urban and coastal park bond	needly|needy
production-1984-vol1-chapters	989	27.0	thopie	<<thopie>> ceeceeeereees	those
production-1984-vol1-chapters	989	38.0	quusition	<<quusition>> eee eens ecneneeeeseeessenenees	question
production-1984-vol1-chapters	990	11.0	stounc	<<stounc>>	stoun|stound
production-1984-vol1-chapters	990	22.0	conetol	<<conetol>> stuay sscceseseseressssseseeerene	contol|control
production-1984-vol1-chapters	990	22.1	stuay	conetol <<stuay>> sscceseseseressssseseeerene	stay|stray|study|stuey|stuy|suay
production-1984-vol1-chapters	992	20.1	meent	develop <<meent>> cscseeeseee	meant|meen|meena|meens|meenu|meeny
production-1984-vol1-chapters	995	19.0	nejedly	<<nejedly>> hart state urban and coastal park	needly|needy
production-1984-vol1-chapters	1003	8.0	itern	<<itern>> cc budget act of	intern|isern|iten|iter|stern|tern
production-1984-vol1-chapters	1003	10.0	itern	<<itern>> nn budget act of	intern|isern|iten|iter|stern|tern
production-1984-vol1-chapters	1003	12.0	itern	<<itern>> zz budget act of	intern|isern|iten|iter|stern|tern
production-1984-vol1-chapters	1005	28.4	eppick	city of lemon grove <<eppick>> park	pick
production-1984-vol1-chapters	1005	37.0	tenneyson	<<tenneyson>> swim center	tennyson
production-1984-vol1-chapters	1006	6.3	deanga	city of ontario <<deanga>> park	danga|deana|deanda|deanna|deanza
production-1984-vol1-chapters	1006	24.0	comsservancy	<<comsservancy>> scssccecssesssesssseseecsenessecsssosscersersenvassenseneaves	conservancy
production-1984-vol1-chapters	1008	39.0	reimbursementts	<<reimbursementts>> seseseeeseees	reimbursements
production-1984-vol1-chapters	1011	11.0	gaatos	<<gaatos>> ccsccssesesesseseressscsesenesnsseceees	gatos
production-1984-vol1-chapters	1012	31.0	awris	<<awris>> project may be encumbered not sooner	acris|aeris|agris|airis|akris|aris
production-1984-vol1-chapters	1020	19.3	cececee	c special projects <<cececee>>	ceecee
production-1984-vol1-chapters	1025	38.0	solvices	<<solvices>> ccseccesesseesrecssessesenectersneserseeeereestestseeressessereres	services
production-1984-vol1-chapters	1027	24.6	dbcp	pce and dibrom och loro propane <<dbcp>>	abcp|bcp|cbcp|dbc|dbp|dcp
production-1984-vol1-chapters	1031	0.0	pensahon	<<pensahon>> would result in a percent in	pension
production-1984-vol1-chapters	1048	32.7	ghpp	ccs in excess of and b by <<ghpp>>	gapp|gepp|ghp|ghrp|gipp|gpp
production-1984-vol1-chapters	1060	2.4	eects	count for capital outlay <<eects>>	ects|eecs|eets|ejects|elects|erects
production-1984-vol1-chapters	1060	13.0	comstructon	<<comstructon>> ccccreeenee	construction
production-1984-vol1-chapters	1067	18.5	adamh	ize advance payments of federal <<adamh>> block	adah|adam|adama|adamah|adame|adami
production-1984-vol1-chapters	1067	24.3	adamh	provisions the federal <<adamh>> block grant	adah|adam|adama|adamah|adame|adami
production-1984-vol1-chapters	1070	10.0	paymens	<<paymens>> ssssesesssseteersseseeseeesees	paymen|payment|payments
production-1984-vol1-chapters	1071	32.0	paymens	<<paymens>> sscccesseseesseeesereee	paymen|payment|payments
production-1984-vol1-chapters	1072	23.0	paymemnis	<<paymemnis>> ecereeereerersereeesesees	payments
production-1984-vol1-chapters	1073	0.0	fyovisions	<<fyovisions>>	provisions
production-1984-vol1-chapters	1073	40.0	memnis	<<memnis>> ceseeeseeee e	means|menis|mennis
production-1984-vol1-chapters	1076	46.0	jowun	<<jowun>> activites	jotun
production-1984-vol1-chapters	1080	31.0	ptojocts	<<ptojocts>> cscecsseseesescneescnenserceserseees	projects
production-1984-vol1-chapters	1080	43.0	lalion	<<lalion>> coscsssrsercsscsrstserersssserserssesssesssssestsessssesessesessecesee	alion|calion|galion|lalin|lation|talion
production-1984-vol1-chapters	1081	46.0	interdenendence	<<interdenendence>>	interdependence
production-1984-vol1-chapters	1084	25.0	soetvices	<<soetvices>> cesceesessecreesesrerseeseeestessesseertessrseeerereesrereeeseee	services
production-1984-vol1-chapters	1106	30.0	chomis	<<chomis>> cscsssecsccsesteseveceerserseseesetseversessstesseersesesseteenssrssatesrese g	chemis|chomps|chromis|comis
production-1984-vol1-chapters	1106	34.0	biam	<<biam>> visser	baam|baim|bam|bcam|beam|bham
production-1984-vol1-chapters	1107	28.0	unallot	<<unallot>> funds equaling the increased reimburse	ballot|unallow
production-1984-vol1-chapters	1112	23.0	gunposts	<<gunposts>> preliminary plans	gunports
production-1984-vol1-chapters	1112	37.0	inena	<<inena>> csecceeseersccsertsenresnseessersnseesesnesns	ilena|inna|intent|irena|nena
production-1984-vol1-chapters	1114	9.0	tnene	<<tnene>> escsseseerserseversessserssevsssstreevervees	nene|tene|tenne|thene|tiene|trene
production-1984-vol1-chapters	1114	13.0	glawings	<<glawings>> seeesesteeeesssesesessereeeesees	clawings
production-1984-vol1-chapters	1114	21.0	gyawings	<<gyawings>> eesesesesesssceveseeneteeeenssenve	drawings|gaywings
production-1984-vol1-chapters	1117	28.0	ministlalion	<<ministlalion>> seeseseeseseeeeseereeeees	ministration
production-1984-vol1-chapters	1124	0.0	ftrovisions	<<ftrovisions>>	provisions
production-1984-vol1-chapters	1131	41.7	reesti	in the event that the may revision <<reesti>>	eesti|reest|reesty|resti
production-1984-vol1-chapters	1134	10.2	tvices	special s <<tvices>> secessserserereeeees	trices|vices
production-1984-vol1-chapters	1135	0.0	frovisior	<<frovisior>>	provision
production-1984-vol1-chapters	1140	0.1	vode	gon <<vode>>	bode|code|dode|fode|gode|hode
production-1984-vol1-chapters	1143	0.0	ytovisions	<<ytovisions>>	provisions
production-1984-vol1-chapters	1147	17.1	siculum	cur <<siculum>> services cccscseccssersveressscsseree	siculus|spiculum
production-1984-vol1-chapters	1153	0.0	ftovisions	<<ftovisions>>	provisions
production-1984-vol1-chapters	1161	0.0	frrovisions	<<frrovisions>>	provisions
production-1984-vol1-chapters	1165	0.0	ocnedule	<<ocnedule>>	schedule
production-1984-vol1-chapters	1178	17.1	ucmc	corrections <<ucmc>> secesseesens	ccmc|cmc|ecmc|hcmc|icmc|mcmc
production-1984-vol1-chapters	1178	20.1	ucimc	module <<ucimc>> ccceseneeee	ucdmc
production-1984-vol1-chapters	1179	6.1	elevalots	cles <<elevalots>> ceeccecssesersenserreves	elevators
production-1984-vol1-chapters	1183	15.1	ucimc	module <<ucimc>> csssecscssssssssssessersssscsesessersenesesesnenee	ucdmc
production-1984-vol1-chapters	1194	16.0	fachities	<<fachities>> eeessesesseescenentensassesesses	facilities
production-1984-vol1-chapters	1194	28.1	valots	c <<valots>> ccccssssssvecsscecosceserssscesersers	alots|valets|valois
production-1984-vol1-chapters	1195	16.0	gulion	<<gulion>> scesesesescsseneseseresseecenenenesecnens	galion|glion|guion|gulin|gullion|gurion
production-1984-vol1-chapters	1196	45.0	brarv	<<brarv>> addition ii	board|brar|brav
production-1984-vol1-chapters	1197	20.0	usttation	<<usttation>> ssssessesesseescesessnseseeseneoeeees	station
production-1984-vol1-chapters	1199	46.0	chons	<<chons>> ssssssesesceserseceseeresserseserseerereeess	chans|chens|chins|chns|choas|chocs
production-1984-vol1-chapters	1202	0.3	accountabu	assistance transportation program <<accountabu>>	accountant
production-1984-vol1-chapters	1213	34.0	tivission	<<tivission>> ssercsecsercoessesressessesteavessasssesessssasersersressertassesssees	division
production-1984-vol1-chapters	1220	0.0	frrovisions	<<frrovisions>>	provisions
production-1984-vol1-chapters	1225	45.0	adrninistration	<<adrninistration>> ccccsccsesssseseesssssserevecresevens	administration
production-1984-vol1-chapters	1227	16.0	wotkets	<<wotkets>> scsecsscssseseessesseveseseererenecessscsessseesesessesensaveveers	workers
production-1984-vol1-chapters	1227	47.0	osteopatttic	<<osteopatttic>> fxa mine rs zkereoocooooooooooooooooooooooo oes ono	osteopathic
production-1984-vol1-chapters	1228	0.0	frovislons	<<frovislons>>	provisions
production-1984-vol1-chapters	1228	10.4	scesee	corn mission special fung <<scesee>>	seesee
production-1984-vol1-chapters	1228	46.1	shidv	feasibility <<shidv>> report	shid|shida|shide|shido|shiv
production-1984-vol1-chapters	1233	11.2	ccsree	minor project <<ccsree>>	cree
production-1984-vol1-chapters	1233	14.0	ctawings	<<ctawings>> ecececsesesessssescseseseseetensnees	clawings
production-1984-vol1-chapters	1233	48.0	tivission	<<tivission>> ooeoooeo vee ccccccccecccccecececccceeee	division
production-1984-vol1-chapters	1236	21.0	niatice	<<niatice>> seesccssessssecseessenscsesncevsnsessceserssvscsenseesessensessesessesee	notice
production-1984-vol1-chapters	1238	7.2	jlbc	of the <<jlbc>> shall determine	jbc|jdbc|jlb|jlc|jtbc|lbc
production-1984-vol1-chapters	1238	15.0	jlbc	<<jlbc>> shall determine	jbc|jdbc|jlb|jlc|jtbc|lbc
production-1984-vol1-chapters	1238	23.5	jlbc	cal committees and to the <<jlbc>> a report on the	jbc|jdbc|jlb|jlc|jtbc|lbc
production-1984-vol1-chapters	1239	34.0	hhority	<<hhority>> ececeseesescseecesesececeesesseseneesenens	charity
production-1984-vol1-chapters	1245	7.0	tmione	<<tmione>> ceeesessssessessersstesvensessenesseneeesreets	thione|timone|tione
production-1984-vol1-chapters	1245	23.0	ctogie	<<ctogie>> oo eeeecssecseserseesrreereersreereeereere	stogie
production-1984-vol1-chapters	1246	10.1	mdso	z <<mdso>> recommit	adso|dmso|dso|maso|mcso|mdo
production-1984-vol1-chapters	1246	27.0	coguies	<<coguies>> sessserssseeseseesersssasesvorereneeses	copies
production-1984-vol1-chapters	1246	32.0	cocuies	<<cocuies>> cesescesessevsssseneseeneersnerernssnseees	copies
production-1984-vol1-chapters	1247	1.1	eserves	nsetvalotship <<eserves>>	deserves|eserve|reserves|serves
production-1984-vol1-chapters	1257	14.6	bedeter	funds within each bargaining unit shall <<bedeter>>	bedewer
production-1984-vol1-chapters	1259	8.0	cvume	<<cvume>> ese eeescesesesneeneestesesersersessctersessesseesneenceeerenetesrerseeses	crume|cume
production-1984-vol1-chapters	1262	47.0	fbduation	<<fbduation>> ooo roccccoccceoccececcccececeeeeeeecece cose oboe	abduction
production-1984-vol1-chapters	1269	47.6	reappropriations	sec unless otherwise stated herein all <<reappropriations>>	reappropriation
production-1984-vol1-chapters	1272	42.6	unallot	account the director of finance shall <<unallot>> sufficient funds to	ballot|unallow
production-1984-vol1-chapters	1273	5.9	unallot	the account the director of finance shall <<unallot>>	ballot|unallow
production-1984-vol1-chapters	1288	21.1	reappropriations	safco <<reappropriations>>	reappropriation
production-1984-vol1-chapters	1296	3.10	nonowned	liability arising out of the use of <<nonowned>> motor	nonowner
production-1984-vol1-chapters	1298	0.0	seftves	<<seftves>> primary cnuaren	serves
production-1984-vol1-chapters	1304	8.14	ormulary	included in the medi cal drug f <<ormulary>>	formulary
production-1984-vol1-chapters	1333	1.10	billrooms	including but not limited to press quarters <<billrooms>>	ballrooms
production-1984-vol1-chapters	1366	46.1	recluce	substantially <<recluce>> the energy needed for space heating and	recluse
production-1984-vol1-chapters	1435	48.9	anrium	which rates shall not exceed percent per <<anrium>>	agrium|antium|atrium
production-1984-vol1-chapters	1493	14.6	misdealings	guilty of misrepresentation fraud or financial <<misdealings>>	misdealing
production-1984-vol1-chapters	1536	4.4	liquity	national credit union central <<liquity>> facility u s c section	liquidy|liquify
production-1984-vol1-chapters	1537	48.3	cleemed	year shal be <<cleemed>> for all purposes as paid or credited	cleeked
production-1984-vol1-chapters	1573	46.12	rnost	of the higher class salary range which <<rnost>>	knost|nost|roost|rost
production-1984-vol1-chapters	1575	31.5	sseseee	assistant clerk admin officer sb <<sseseee>>	assessee
production-1984-vol1-chapters	1583	42.0	ifany	<<ifany>> labor trouble exists at the place of	fany|ifan|ifans|imany|ivany|ofany
production-1984-vol1-chapters	1609	7.1	rnade	shareholder <<rnade>> more than days after the close of	nade|rade|ranade|rande|reade|rhade
production-1984-vol1-chapters	1611	14.8	descramble	in whole or in part to decode <<descramble>> intercept or	bescramble|descrambler|desirable|rescramble
production-1984-vol1-chapters	1662	29.7	lampara	herring may be taken by ring net <<lampara>> net or bait net as	lampard
production-1984-vol1-chapters	1663	10.4	prolongated	line of said city <<prolongated>> thence s w along said	prolongate|prolonged
production-1984-vol1-chapters	1679	43.0	landfarm	<<landfarm>> means a waste management technique	landform
production-1984-vol1-chapters	1699	2.0	pumpback	<<pumpback>> recovery systems construction of small reservoirs within	humpback
production-1984-vol1-chapters	1741	3.6	nonstudents	appropriately engaged in by students and <<nonstudents>> in a campus	nonstudent
production-1984-vol1-chapters	1767	37.4	romoland	route from route near <<romoland>> to route near perris	dromoland|momoland
production-1984-vol1-chapters	1771	13.0	hegenberger	<<hegenberger>> road	helgenberger
production-1984-vol1-chapters	1814	0.0	aaaress	<<aaaress>>	address
production-1984-vol1-chapters	1826	13.1	servecl	appear <<servecl>> pursuant to section of the code of	servel
production-1984-vol1-chapters	1832	5.0	fyesio	<<fyesio>> ssereererrsereererres	fresno
production-1984-vol1-chapters	1833	5.0	otanze	<<otanze>> cress	orange|stanze
production-1984-vol1-chapters	1833	21.1	sccce	humboldt <<sccce>>	sccc|succe
production-1984-vol1-chapters	1833	24.0	mavipoa	<<mavipoa>> sccccserseeeee	mariposa
production-1984-vol1-chapters	1833	30.0	sictta	<<sictta>> seceeseesscesceneseees	sitta
production-1984-vol1-chapters	1871	0.2	rehrement	banking loaning <<rehrement>> and insurance organizations	recrement
production-1984-vol1-chapters	1877	44.0	reaqa	<<reaqa>>	raqa|reada|reata
production-1984-vol1-chapters	1886	0.3	pubue	represent the beneral <<pubue>>	pube
production-1984-vol1-chapters	1889	24.2	tertn	and long <<tertn>> job security in no case shall the	teran|teren|tern|teron|tert|terton
production-1984-vol1-chapters	1908	19.0	nocredit	<<nocredit>> union shall pay any commission or compensation	noncredit
production-1984-vol1-chapters	1909	0.0	creqait	<<creqait>> ulon	credit
production-1984-vol1-chapters	1910	22.0	acility	<<acility>>	ability|acidity|agility|anility|facility
production-1984-vol1-chapters	1917	11.7	scaffoldings	e building standard does not include temporary <<scaffoldings>>	scaffolding
production-1984-vol1-chapters	1919	35.5	reinspections	be original inspections and not <<reinspections>>	reinspection
production-1984-vol1-chapters	1925	12.6	offcenter	authorized signs have been erected designating <<offcenter>> traffic	offender
production-1984-vol1-chapters	1935	0.0	acaad	<<acaad>>	aaad|acaa|acad|accad|asaad|azaad
production-1984-vol1-chapters	1939	0.0	lumitead	<<lumitead>> parmmer	limited
production-1984-vol1-chapters	1939	0.1	parmmer	lumitead <<parmmer>>	parmer|partner
production-1984-vol1-chapters	1951	0.1	proceaur	tonowine <<proceaur>> res	procedure
production-1984-vol1-chapters	1973	3.3	clemand	to make the <<clemand>> may after affording the pupil his or	cleland
production-1987-vol3	40	44.0	ebtor	<<ebtor>>	betor|debtor|ebor|ector|etor
production-1987-vol3	57	0.0	tepeaied	<<tepeaied>>	repealed
production-1987-vol3	73	0.0	retums	<<retums>> regarding payments of toyalues	rectums
production-1987-vol3	80	46.0	jooaic	<<jooaic>>	mosaic
production-1987-vol3	141	0.0	tepeaied	<<tepeaied>>	repealed
production-1987-vol3	143	37.1	iffor	a <<iffor>> any income year a taxpayer has a	affor|effor|ffor|ifor|infor|offor
production-1987-vol3	195	0.0	fouow	<<fouow>> tne	folow|fouo
production-1987-vol3	227	0.0	vorporauion	<<vorporauion>>	corporation
production-1987-vol3	273	14.0	properidine	<<properidine>>	piperidine
production-1987-vol3	273	15.0	propiram	<<propiram>>	program
production-1987-vol3	273	17.0	tilidine	<<tilidine>>	tolidine
production-1987-vol3	273	20.2	piperidinyl	n phenethy <<piperidinyl>> acetanilide or a derivative thereof	piperidine
production-1987-vol3	273	22.6	piperidinyl	analog of acetylfentanyl n thienyl ethyl <<piperidinyl>>	piperidine
production-1987-vol3	273	24.6	mppp	methyl pheny prop ion oxy piperidine <<mppp>>	eppp|mapp|mopp|mpp|mpps|mppt
production-1987-vol3	273	25.5	pepap	phenethyl phenyl acetyl oxy piperidine <<pepap>>	peap|penal|pepa|pepp|peppa|ppap
production-1987-vol3	274	29.1	indolol	thylaminoethy <<indolol>> n n dimethylserolonin	indolyl|indoor
production-1987-vol3	274	35.4	pyrido	octahydro methoxy methane h <<pyrido>>	period
production-1987-vol3	275	0.0	psilocyn	<<psilocyn>>	psilocin|psilocybin
production-1987-vol3	275	1.0	tetrahydrocannabinols	<<tetrahydrocannabinols>> synthetic equivalents of the	tetrahydrocannabinol
production-1987-vol3	275	14.5	cyclohexamine	ethylamine n l phenylcyclohexyl ethylamine <<cyclohexamine>>	cyclohexanone
production-1987-vol3	275	17.3	pcpy	names phenylcyclohexyl pyrrolidine <<pcpy>> php	cpy|papy|pcp|pcps|pepy|pipy
production-1987-vol3	277	1.0	dipheny	<<dipheny>> l butane	diphenyl
production-1987-vol3	277	15.0	sufentanyl	<<sufentanyl>>	sufentanil
production-1987-vol3	278	4.0	ghutethimide	<<ghutethimide>>	glutethimide
production-1987-vol3	278	14.2	carbonitrile	b piperidinocyclohexane <<carbonitrile>> pcc	carbonitride
production-1987-vol3	347	0.0	oallis	<<oallis>>	allis|ballis|callis|dallis|fallis|gallis
production-1987-vol3	353	6.2	owris	person who <<owris>> or operates a publicly owned treatment works	ofris|oris|orris|owais
production-1987-vol3	371	17.7	bilhon	the budget enacted ip july appropriated nearly <<bilhon>> in state funds this	bichon|bilion|billon|bilson|bilton
production-1987-vol3	390	35.0	anaction	<<anaction>> for relief on the ground of fraud	abaction|enaction|inaction|unaction
production-1987-vol3	404	0.2	nouces	claim desires <<nouces>> to be sent	noces|nonces|nouses
production-1987-vol3	409	0.1	jomt	between <<jomt>> lortreasors	comt|domt|jmt|jolt|jom|joma
production-1987-vol3	409	0.2	lortreasors	between jomt <<lortreasors>>	tortfeasors
production-1987-vol3	460	47.0	jonrsd	<<jonrsd>>	jones
production-1987-vol3	489	48.0	jotseo	<<jotseo>>	jose
production-1987-vol3	496	0.1	caucation	connnhuing <<caucation>>	caudation|causation
production-1987-vol3	551	38.6	bilhon	budget enacted in july appropriated nearly <<bilhon>> m state funds this	bichon|bilion|billon|bilson|bilton
production-1987-vol3	585	25.1	reoccupancy	the <<reoccupancy>> of the school building where asbestos abatement	preoccupancy
production-1987-vol3	593	7.0	becarne	<<becarne>> law without governor s signature filed with	becarve
production-1987-vol3	627	36.0	yosq	<<yosq>> n	yos|yosa|yose|yosh|yosi|yost
production-1987-vol3	631	32.0	nonracing	<<nonracing>> fairs operating satellite wagering facilities meaningful	nonarcing|nonfacing
production-1987-vol3	637	37.2	rnixed	horse appaloosa <<rnixed>> breed or fair meetings percent shall be	nixed
production-1987-vol3	645	10.6	mulemen	the organization representing the horsemen or <<mulemen>> participat	muleman|mullen
production-1987-vol3	653	47.0	jobtd	<<jobtd>>	jobs
production-1987-vol3	656	0.0	oltsite	<<oltsite>> stabling facility	outside
production-1987-vol3	660	1.6	mulemen	the organization representing the horsemen or <<mulemen>> participat	muleman|mullen
production-1987-vol3	662	1.4	mulemen	ing the horsemen or <<mulemen>> participating in the meeting for fair	muleman|mullen
production-1987-vol3	663	36.8	mulemen	and the organization representing the horsemen or <<mulemen>>	muleman|mullen
production-1987-vol3	681	44.5	nonmanufacturer	manufacturer installed options but excluding <<nonmanufacturer>>	nonmanufacture|nonmanufactured
production-1987-vol3	701	28.2	facihty	care the <<facihty>> shall serve medically fragile persons who have	faciity
production-1987-vol3	731	9.3	clire	counties are in <<clire>> fiscal straits and more revenues are necessary	alire|caire|cire|claire|clare|clere
production-1987-vol3	733	18.3	dbcp	vision eeceereereeerene extract <<dbcp>> se groundwater	abcp|bcp|cbcp|dbc|dbp|dcp
production-1987-vol3	733	22.4	rehrg	area o cecueennee millerton <<rehrg>> extr proj	rear|rehg|reorg
production-1987-vol3	733	29.2	rehrg	district marks <<rehrg>> project krcd	rear|rehg|reorg
production-1987-vol3	733	35.5	rplemt	district ceeserereeeeeeeeee metering and line <<rplemt>>	relet
production-1987-vol3	734	1.5	imprv	laguna irrigation district three canal <<imprv>> project	impr|impro|improv
production-1987-vol3	734	25.4	overdrafted	state be conserved and <<overdrafted>> groundwater basins be	overdrifted
production-1987-vol3	754	26.0	meentive	<<meentive>> funding measures also this bill contains a	meantime
production-1987-vol3	754	29.6	bilhon	budget enacted in july appropriated nearly <<bilhon>> in state funds this	bichon|bilion|billon|bilson|bilton
production-1987-vol3	803	2.2	orcler	medicine in <<orcler>> to increase the participation of students from	oraler|orler
production-1987-vol3	810	37.0	itisin	<<itisin>> the state s public interest to have	irisin|raisin
production-1987-vol3	834	33.0	coassured	<<coassured>>	assured
production-1987-vol3	840	33.0	coassured	<<coassured>>	assured
production-1987-vol3	897	20.0	supv	<<supv>> detention	spv|sup|supa|supe|supp|supr
production-1987-vol3	927	0.1	andad	apparatus <<andad>> equipment	adad|anad|anda|andal|andam|andan
production-1987-vol3	953	0.1	agaress	mmmaumg <<agaress>>	address|aggress
production-1987-vol3	1013	6.3	uterme	of daily ambulatory <<uterme>> monitoring on medi cal beneficiaries this bill	terme
production-1987-vol3	1013	14.9	prionty	the need this year for funding top <<prionty>> programs and	printy
production-1987-vol3	1013	20.3	emsting	either new or <<emsting>> that have the most merit	easting|emoting|empting|esting
production-1987-vol3	1014	16.6	palpatation	prenatal care augmented by training in <<palpatation>> women	palpitation
production-1987-vol3	1047	14.7	preliteracy	cycle of illiteracy through coordinated literacy and <<preliteracy>>	preliterary
production-1987-vol3	1047	21.5	preliteracy	illiteracy through coordinated literacy and <<preliteracy>> services to	preliterary
production-1987-vol3	1092	35.0	lampara	<<lampara>> or round haul type net the mesh	lampard
production-1987-vol3	1093	10.0	lampara	<<lampara>> or round haul type net the mesh	lampard
production-1987-vol3	1123	38.0	jandfills	<<jandfills>> owners or operators of land treatment units	landfills
production-1987-vol3	1196	0.0	supppott	<<supppott>>	support|suppport
production-1987-vol3	1200	0.0	tewung	<<tewung>> to insurance	towing
production-1987-vol3	1239	26.8	unirrigable	amount which would exceed ten cents per <<unirrigable>>	irrigable|unirritable
production-1987-vol3	1259	19.3	hmited	including but not <<hmited>> to those segments of the state highway	smited
production-1987-vol3	1290	28.9	prionty	the need this year for funding top <<prionty>> programs and	printy
production-1987-vol3	1295	1.0	qtamus	<<qtamus>> oo ssececrsscsssssseeserersescsevenenavsesssssesssesrsevereeseseeeseenses	status|tamus
production-1987-vol3	1298	13.0	plojece	<<plojece>> oo ee eeesesseseensnenseeseressseesees	project
production-1987-vol3	1306	10.0	imptovemenes	<<imptovemenes>> ccereesrereeeeerenenes	improvements
production-1987-vol3	1307	22.1	beausoliel	c <<beausoliel>> proper	beausoleil
production-1987-vol3	1316	45.0	proiect	<<proiect>>	project|prosect|protect|provect|proyect
production-1987-vol3	1318	0.0	necnarge	<<necnarge>>	recharge
production-1987-vol3	1318	37.4	pplines	district ceeeeeeerees olive hill <<pplines>> and	splines
production-1987-vol3	1319	13.2	esesd	services district <<esesd>> storage pond imprv	eses|essed
production-1987-vol3	1319	13.5	imprv	services district esesd storage pond <<imprv>>	impr|impro|improv
production-1987-vol3	1319	42.0	ltice	<<ltice>> eeeeeseeetesteetertsereereereeeeeee carneros irr conv project	altice|lice|stice|tice
production-1987-vol3	1320	0.3	hiscsd	services district mission <<hiscsd>> desalin	discs
production-1987-vol3	1320	0.4	desalin	services district mission hiscsd <<desalin>>	dealin|decalin|desain
production-1987-vol3	1320	15.1	eects	ttice <<eects>> th st main replacement	ects|eecs|eets|ejects|elects|erects
