production-1939-vol1-chapters	195	0.8	ntne	as otherwise provided in this article neither <<ntne>>	nane|nene|nine|nne|none|nte
production-1939-vol1-chapters	195	32.7	beope	this article does not apply to primaries <<beope>> of	beode|beppe|bope|peope
production-1939-vol1-chapters	198	11.0	fibng	<<fibng>> after after an order by a superior	fing
production-1939-vol1-chapters	199	19.7	emzed	every statement of receipts and expenses required <<emzed>>	embed|emed
production-1939-vol1-chapters	201	4.0	hinitations	<<hinitations>>	limitations
production-1939-vol1-chapters	201	23.10	anaes	refrained from voting for any particular ing <<anaes>>	adaes|anaces|anacs|anae|anaee|anais
production-1939-vol1-chapters	202	28.0	mangett	<<mangett>> a person shall not directly or indirectly	margett
production-1939-vol1-chapters	203	0.10	csins	not directly or indirectly by himself ss <<csins>>	cains|chins|coins|csis|sins
production-1939-vol1-chapters	204	1.0	purnsting	<<purnsting>> every person is guilty of a misdemeanor	pursuing
production-1939-vol1-chapters	204	24.0	appoen	<<appoen>> every person s guilty of a misdemeanor	appen|appoint
production-1939-vol1-chapters	205	13.12	civing	such offices is guilty of a misdemeanor <<civing>>	caving|citing|coving|diving|fiving|giving
production-1939-vol1-chapters	205	28.7	assoration	every association as defined in section whether <<assoration>>	assocation|association
production-1939-vol1-chapters	207	0.6	contaming	general shall prepare a brief digest <<contaming>> the substance	containg
production-1939-vol1-chapters	207	29.0	lamations	<<lamations>> of elections proclama	lavations
production-1939-vol1-chapters	208	5.0	votane	<<votane>> the number of voting booths or compartments	votan
production-1939-vol1-chapters	208	18.0	fovae	<<fovae>> nothing contained in this chapter shall prevent	fovea|novae
production-1939-vol1-chapters	209	13.10	mdexes	the whole time of voting these copies <<mdexes>>	mexes
production-1939-vol1-chapters	212	9.0	preeme	<<preeme>> resided in the county or ninety days	preece|preem|preemie|preeze|preme
production-1939-vol1-chapters	213	0.9	fermmy	causes other than those specified in sec <<fermmy>>	femmy|fermoy
production-1939-vol1-chapters	213	17.9	comuts	of residence is computed by including the <<comuts>>	comets|comus|couts
production-1939-vol1-chapters	213	20.9	jraum	board in determining the place of resi <<jraum>>	braum|raum|traum
production-1939-vol1-chapters	214	21.0	fosene	<<fosene>> every voter shall on the day of	rosene
production-1939-vol1-chapters	214	35.0	ropetion	<<ropetion>> them if another election officer finds the	option
production-1939-vol1-chapters	215	16.11	thallenee	been made the right of a voter <<thallenee>>	challenge
production-1939-vol1-chapters	215	26.9	unauthorze	provided by law a voter shall not <<unauthorze>>	unauthorize
production-1939-vol1-chapters	215	37.10	orcupatiun	be occupied by more than one per <<orcupatiun>>	occupation
production-1939-vol1-chapters	215	44.0	hallot	<<hallot>>	allot|ballot|callot|challot|fallot|hallet
production-1939-vol1-chapters	216	5.0	wnten	<<wnten>> printed on the ballot by writing a	enten|inten|unten|weten|wnte|wten
production-1939-vol1-chapters	216	9.0	vorng	<<vorng>> for where two or more candidates for	horng|vong|vorn|worng
production-1939-vol1-chapters	216	31.0	pameee	<<pameee>> after his ballot is marked a voter	payee
production-1939-vol1-chapters	219	0.0	ofdl	<<ofdl>> an officer of election shall not disclose	fdl|gfdl|odl|ofd|ofda|ofdm
production-1939-vol1-chapters	219	2.10	questionme	ask another at a polling place for <<questionme>>	questione|questionee
production-1939-vol1-chapters	219	17.9	defscing	the closing of the polls and before <<defscing>>	defacing
production-1939-vol1-chapters	219	18.13	spodea	of the ballot boxes the ballot and <<spodea>>	spode|spodek|spodes
production-1939-vol1-chapters	219	26.10	pyacean	the envelope a majority of the election <<pyacean>>	placean
production-1939-vol1-chapters	223	22.0	marxep	<<marxep>> ballot incloseep to be opened only by	mareep
production-1939-vol1-chapters	224	36.10	distnet	within tbe united states or in the <<distnet>> of	distent
production-1939-vol1-chapters	225	2.10	atenpting	to aid or abet fraud in connection <<atenpting>>	attempting
production-1939-vol1-chapters	225	38.13	chapww	not be defeated by any informality gr <<chapww>>	chap
production-1939-vol1-chapters	226	7.0	dagam	<<dagam>> diagram means the sample ballot which is	agam|daam|daga|dagame|dagan|dagar
production-1939-vol1-chapters	226	20.0	boeater	<<boeater>> irregular ballot means the paper or other	beater|bleater|boater|boelter|bowater
production-1939-vol1-chapters	227	7.12	voung	office are the state commission on on <<voung>>	doung|joung|loung|moung|oung|toung
production-1939-vol1-chapters	227	38.11	macinne	change that does not impair its of <<macinne>>	macinnes
production-1939-vol1-chapters	229	27.10	weatee	machine is so constructed that a voter <<weatee>>	beatee|water
production-1939-vol1-chapters	230	11.0	durerent	<<durerent>> voting machines of different kinds may be	current
production-1939-vol1-chapters	232	13.0	inord	<<inord>> r machines corresponding with the sample ballots	fnord|iford|inor|inorb|inori|nord
production-1939-vol1-chapters	233	35.10	instuctw	ten days before each election the clerk <<instuctw>>	instruct
production-1939-vol1-chapters	234	0.1	guvine	for <<guvine>> for the purpose of giving instruction in	guine|iguvine
production-1939-vol1-chapters	234	1.0	instrueticns	<<instrueticns>> voting machines the clerk shall call any	instructions
production-1939-vol1-chapters	234	14.1	hevean	ar <<hevean>> not later than twelve hours before the	hevea|heven
production-1939-vol1-chapters	235	9.9	falement	counter is found not to register zero <<falement>>	fakement
production-1939-vol1-chapters	235	19.12	machme	be in plain view of the election <<machme>>	mache|machmer
production-1939-vol1-chapters	235	39.9	remamng	shall not remain within the voting machine <<remamng>>	remaing
production-1939-vol1-chapters	236	0.0	alsin	<<alsin>> where two or more persons are to	aisin|alain|albin|aldin|alfin|algin
production-1939-vol1-chapters	236	17.0	hhen	<<hhen>> mot with the exceptions provided in sections	chen|ehen|ghen|haen|heen|hen
production-1939-vol1-chapters	239	20.9	sapie	of penal laws and election laws relat <<sapie>>	aspie|sabie|sadie|sakie|salie|samie
production-1939-vol1-chapters	242	23.0	flecuon	<<flecuon>> served and returned with the other ballots	flection
production-1939-vol1-chapters	245	27.9	vamei	and supplies of election when received by <<vamei>> of	amei|kamei|vamsi
production-1939-vol1-chapters	246	11.0	jally	<<jally>> ust before the first monday after election	ally|bally|cally|dally|eally|fally
production-1939-vol1-chapters	246	23.0	slipervisors	<<slipervisors>>	supervisors
production-1939-vol1-chapters	249	1.9	qualtfiea	be employed to count tally and certify <<qualtfiea>>	qualified
production-1939-vol1-chapters	249	16.8	adttional	clerk or deputy may employ additional per <<adttional>>	additional|addtional|aditional
production-1939-vol1-chapters	250	8.1	ereets	tally <<ereets>> the tally sheets shali be provided and	erects|greets
production-1939-vol1-chapters	250	19.0	inspee	<<inspee>> in the precincts the other tally list	insee|inslee|inspec
production-1939-vol1-chapters	251	8.9	chavet	of supervisors may from time to time <<chavet>>	chalet|charet|charvet|chauvet|chave|chavel
production-1939-vol1-chapters	251	11.10	enbiy	or the office of the county clerk <<enbiy>>	enby
production-1939-vol1-chapters	252	7.0	hepor	<<hepor>> ek each person in charge of an	depor|hepar|repor|report|tepor
production-1939-vol1-chapters	253	33.12	vsot	of supervisors need not be in super <<vsot>>	asot|msot|sot|vdot|voot|vost
production-1939-vol1-chapters	253	36.9	pleuen	context otherwise requires as used in this <<pleuen>>	eleven|plauen|pleven
production-1939-vol1-chapters	254	4.0	denositint	<<denositint>> if a challenge is overruled the election	depositing
production-1939-vol1-chapters	255	0.8	catior	identification envelopes shall be preserved and fem <<catior>>	catio|cation|cator
production-1939-vol1-chapters	256	10.0	retums	<<retums>>	rectums
production-1939-vol1-chapters	260	0.0	reeuttae	<<reeuttae>> a copy of the results of any	rebuttal
production-1939-vol1-chapters	260	12.0	txep	<<txep>> for any office is elected thereto in	teep|tep|thep|trep
production-1939-vol1-chapters	260	22.1	wnered	ah <<wnered>> the county clerk immediately after declaring who	whered
production-1939-vol1-chapters	261	0.12	ppoks	of the vote of his county at <<ppoks>>	pooks|ppos
production-1939-vol1-chapters	261	11.8	retums	indorse it presidential election returns and by <<retums>>	rectums
production-1939-vol1-chapters	264	3.0	tassng	<<tassng>> canvassing the returns made errors sufficient to	tasing
production-1939-vol1-chapters	266	0.10	suopenas	party which shal be served as other <<suopenas>>	subpenas
production-1939-vol1-chapters	267	5.8	appition	two or more contested elections are joined <<appition>>	addition
production-1939-vol1-chapters	268	14.1	eatione	oer <<eatione>> ae this article applies only to contests	ratione
production-1939-vol1-chapters	269	15.9	emnt	court has heard the proofs and allegations <<emnt>>	cmnt|eant|emat|emet|emit|emn
production-1939-vol1-chapters	271	29.0	einets	<<einets>> which cach one of them will recount	eines
production-1939-vol1-chapters	273	29.12	entute	vote at a local special or who <<entute>>	entune
production-1939-vol1-chapters	274	3.0	preemet	<<preemet>> county clerk shall issue to him this	preempt
production-1939-vol1-chapters	275	7.6	mspector	election precinct to consist of one <<mspector>> two judges and three clerks	spector
production-1939-vol1-chapters	275	17.9	treeholders	appoint a precinct board for each election <<treeholders>>	freeholders
production-1939-vol1-chapters	275	42.1	frrta	in <<frrta>> anp stxta crass crrtes	forta|frita|fruta
production-1939-vol1-chapters	275	42.3	stxta	in frrta anp <<stxta>> crass crrtes	sexta|sixta|stata|state
production-1939-vol1-chapters	275	42.5	crrtes	in frrta anp stxta crass <<crrtes>>	cartes|certes|cortes|crates|crites
production-1939-vol1-chapters	276	0.1	yioi	mune <<yioi>> all municipal elections including elections to fill	ioi|yaoi|yii|yili|yimi|yio
production-1939-vol1-chapters	276	16.0	toapply	<<toapply>> accordance with the provisions of this code	apply|topply
production-1939-vol1-chapters	276	49.4	regwar	is consolidated with any <<regwar>> state or county election then the voting	regar|regear
production-1939-vol1-chapters	277	11.9	reguter	and shall maintain a register in substantially <<reguter>>	refuter|reuter
production-1939-vol1-chapters	277	17.2	stlion	may fix <<stlion>>	selion|stalion|stion
production-1939-vol1-chapters	277	26.7	facb	be given for ability and previous experience <<facb>> precinct election officer	acb|bacb|cacb|faab|fab|fabb
production-1939-vol1-chapters	279	11.8	famrle	ballots need not be printed or distributed <<famrle>>	famble|family
production-1939-vol1-chapters	281	0.2	urculation	one j <<urculation>>	circulation
production-1939-vol1-chapters	281	1.11	oigeation	office any person may circulate a nomi <<oigeation>>	migration
production-1939-vol1-chapters	281	14.2	botly	the governing <<botly>> is a separate office any person may	bitly|boatly|boily|bolly|boly|booly
production-1939-vol1-chapters	281	30.8	atidint	nomination paper shall have annexed an affi <<atidint>>	aiding
production-1939-vol1-chapters	282	15.8	cireu	duly sworn deposes and says that he <<cireu>>	circu|cire|cires|creu
production-1939-vol1-chapters	283	36.12	tcumbent	shall appear first upon the list of <<tcumbent>>	cumbent
production-1939-vol1-chapters	284	7.2	prmted	the candidates <<prmted>> thereon in a column three inches in	prated
production-1939-vol1-chapters	289	7.12	insts	votes are counted and the ballots sealed <<insts>>	inits|insas|insets|inss|inst|insta
production-1939-vol1-chapters	289	12.9	migset	adjourns the precinct board shall send in <<migset>>	mignet|misset
production-1939-vol1-chapters	291	0.0	uons	<<uons>> ol voters	bons|cons|dons|eons|fons|gons
production-1939-vol1-chapters	291	5.10	svnatures	be signed by not less than seventy <<svnatures>>	signatures
production-1939-vol1-chapters	291	8.13	verfeation	two of the signers that of their <<verfeation>>	perfection
production-1939-vol1-chapters	292	6.0	flectioa	<<flectioa>> except that the returns shall be returned	flection
production-1939-vol1-chapters	293	27.10	reprecinct	for the purpose of the election only <<reprecinct>>	precinct
production-1939-vol1-chapters	295	6.10	crtifcates	day after the election or as soon <<crtifcates>>	certificates
production-1939-vol1-chapters	295	27.11	pertos	in each leap year or at such <<pertos>>	pentos|peros|perros|perto|perton|petros
production-1939-vol1-chapters	296	0.0	sacantes	<<sacantes>> in case of the death or absence	vacates
production-1939-vol1-chapters	297	43.9	paamna	days after the filing of the petition <<paamna>>	aamna|pamana|panama
production-1939-vol1-chapters	299	1.2	orricers	chapter stare <<orricers>>	officers
production-1939-vol1-chapters	299	16.8	dstt	used in this chapter district means super <<dstt>>	datt|dett|distt|ditt|dott|dst
production-1939-vol1-chapters	299	17.0	visorial	<<visorial>> district	mistrial|risorial
production-1939-vol1-chapters	299	41.0	joeation	<<joeation>> to be readily ascertained each separate paper	jobation|jotation
production-1939-vol1-chapters	299	41.9	amavt	be readily ascertained each separate paper shall <<amavt>>	amant|amart|amat|amavi|apart
production-1939-vol1-chapters	300	9.0	semte	<<semte>> county or township shall indicate the date	seate|seite|seme|semite|semtex|sente
production-1939-vol1-chapters	300	27.0	pubhe	<<pubhe>> shall be taken thereon the petition shall	dubhe|pube|puhe
production-1939-vol1-chapters	301	15.9	simsmen	sample ballot there shall be printed in <<simsmen>> s	simmen
production-1939-vol1-chapters	302	7.0	foroon	<<foroon>> the holder of any elective office of	floroon|forson|forton
production-1939-vol1-chapters	305	34.3	omfee	the following question <<omfee>>	offee|offer
production-1939-vol1-chapters	306	21.0	appomt	<<appomt>> at a special election if a special	apport
production-1939-vol1-chapters	307	6.8	yuters	or recalled at any time by the <<yuters>> qualified to vote for his	outers|suters|yters
production-1939-vol1-chapters	307	16.9	insumuency	of form or substance in the state <<insumuency>>	incumbency
production-1939-vol1-chapters	308	7.0	assistar	<<assistar>> ts if necessary the city council shall	assista|assistan|assister|assistir|assistor
production-1939-vol1-chapters	308	26.0	momee	<<momee>> tion is filed the election shall nevertheless	comee|mome|momen|momey|momme|momoe
production-1939-vol1-chapters	309	28.8	cunass	canvassers shall canvass all votes for candidates <<cunass>>	class|cunas
production-1939-vol1-chapters	311	34.10	mfuencing	guilty of a felony who by force <<mfuencing>>	fencing
production-1939-vol1-chapters	312	7.0	freeeve	<<freeeve>> cise every person or corporation is guilty	freeee|freeeee|freeze
production-1939-vol1-chapters	312	21.0	twiope	<<twiope>> person is guilty of a misdemeanor who	twice
production-1939-vol1-chapters	313	6.12	reeen	any of the bodies in this section <<reeen>> mg	beeen|recen|redeen|reden|reeden|reee
production-1939-vol1-chapters	313	20.9	decewng	is guilty of a felony who furnishes <<decewng>>	decent
production-1939-vol1-chapters	314	33.0	misrepresen	<<misrepresen>> every person is punishable by imprisonment in	misrepresent
production-1939-vol1-chapters	317	27.0	irhb	<<irhb>> fx sess	ihb|irb|irh|irib|rhb
production-1939-vol1-chapters	320	22.1	kaeh	resoomtil <<kaeh>> deputy county clerk or registration clerk shall	aeh|kach|kae|kaech|kael|kaen
production-1939-vol1-chapters	323	9.0	menecing	<<menecing>> with number one and so on to	menacing
production-1939-vol1-chapters	324	46.0	beregis	<<beregis>> his surname he may reregister under his	regis
production-1939-vol1-chapters	325	46.9	presenatio	original affidavits of registration shall be pre <<presenatio>>	presentation
production-1939-vol1-chapters	326	8.0	exncell	<<exncell>> tion	encell|excell
production-1939-vol1-chapters	329	36.9	pefmtions	tense includes the past and future tenses <<pefmtions>>	petitions
production-1939-vol1-chapters	330	14.0	stateboard	<<stateboard>> there is in the department of professional	skateboard
production-1939-vol1-chapters	331	11.7	exemm	in theory of accounts practical accounting auditing <<exemm>>	exempt
production-1939-vol1-chapters	331	17.10	toutants	expert of accounts and no other person <<toutants>>	toutant
production-1939-vol1-chapters	333	39.5	hehway	highway includes roads streets boulevards <<hehway>>	highway
production-1939-vol1-chapters	335	17.11	buume	by this chapter the fee is payable <<buume>>	baume|blume|brume
production-1939-vol1-chapters	336	32.0	hutieng	<<hutieng>> copy thereon without obtaining any additional permit	hunting
production-1939-vol1-chapters	338	23.0	hrombated	<<hrombated>> no person shall display or cause or	probated
production-1939-vol1-chapters	340	21.0	enemeer	<<enemeer>> fo a registered civil engineer who has	enemies
production-1939-vol1-chapters	340	27.0	exammers	<<exammers>> tural examiners which consists of ten members	examiners
production-1939-vol1-chapters	343	1.11	archecture	more than five hundred dollars or by <<archecture>>	architecture
production-1939-vol1-chapters	346	33.0	triet	<<triet>> fund	griet|priet|riet|thiet|tiet|tiret
production-1939-vol1-chapters	353	28.9	giuay	a law school accredited by the examin <<giuay>>	giay|giray|giuly|guay
production-1939-vol1-chapters	357	39.10	dishar	not an attorney constitutes a cause for <<dishar>>	disbar|disha|disher|dispar
production-1939-vol1-chapters	358	19.0	eltation	<<eltation>> ars	deltation|elation|peltation
production-1939-vol1-chapters	359	12.0	vietion	<<vietion>> judgment shall be rendered disbarring the attorney	viation
production-1939-vol1-chapters	360	5.0	rimmal	<<rimmal>> every attorney is guilty of a misdemeanor	gimmal|rimal|rimmel
production-1939-vol1-chapters	361	47.1	ebaga	od <<ebaga>>	abaga|baga|eaga|ebara
production-1939-vol1-chapters	365	18.0	septies	<<septies>> massaging and manipulating the muscles of scalp	septier
production-1939-vol1-chapters	367	45.9	aprenice	upon payment of the required fee shal <<aprenice>>	apprentice
production-1939-vol1-chapters	369	22.6	refacne	any investigations inquiry or hearing authorized <<refacne>>	reface
production-1939-vol1-chapters	369	34.7	preaes	continued practice by a person knowingly having <<preaes>>	prease|preces|prees|preses
production-1939-vol1-chapters	370	4.0	torbar	<<torbar>> also used for residential or business purposes	forbar|tobar|torba|torbay|towbar
production-1939-vol1-chapters	370	30.0	herng	<<herng>> sale of hair tonics lotions creams cutlery	heang|heng|heong|herg|hering|hern
production-1939-vol1-chapters	376	3.0	surreyois	<<surreyois>> this chapter does not affect chapter of	surveyors
production-1939-vol1-chapters	376	46.0	ofhcers	<<ofhcers>> oe	officers
production-1939-vol1-chapters	377	0.0	isngineer	<<isngineer>>	engineer
production-1939-vol1-chapters	377	22.10	leanen	or real estate salesman when making i <<leanen>>	leaden|leafen|leane|leaned|leaner|leaney
production-1939-vol1-chapters	377	38.9	expenence	shall have had experience as a snb <<expenence>>	experence|experience|exponence
production-1939-vol1-chapters	378	0.0	examk	<<examk>> food examinations for registration shall be held	exam|exami|examp|exams
production-1939-vol1-chapters	379	8.6	prenaratin	all civil engineering plans specifications reports <<prenaratin>>	preparation
production-1939-vol1-chapters	379	41.10	hearmes	designate a time and place for a <<hearmes>>	harmes|hearnes|hearses|heaumes|hermes
production-1939-vol1-chapters	381	37.0	incluswe	<<incluswe>> to division iii and to add section	incluse
production-1939-vol1-chapters	381	38.1	xaax	sion <<xaax>> of the business and professions code relating	aax|laax|xaa|xanax|xmax
production-1939-vol1-chapters	383	37.7	aulpment	the board may procure equipment and records <<aulpment>>	augment
production-1939-vol1-chapters	385	7.10	omieers	acting within the scope of their office <<omieers>>	miners
production-1939-vol1-chapters	385	42.9	pistnet	does not apply to any construction or <<pistnet>>	postnet
production-1939-vol1-chapters	386	1.0	classifes	<<classifes>> for the purposes of classification the contracting	classifies
production-1939-vol1-chapters	386	28.0	elusses	<<elusses>>	plusses
production-1939-vol1-chapters	388	24.0	weenses	<<weenses>> concerning the character and integrity of an	weeness|weenies
production-1939-vol1-chapters	389	38.9	tnvestiga	may upon his own motion and shall <<tnvestiga>>	investiga
production-1939-vol1-chapters	391	19.9	rehearmes	may within twenty days after the serv <<rehearmes>>	rehearses
production-1939-vol1-chapters	392	31.0	punered	<<punered>> grounds set forth in this article the	hundred
production-1939-vol1-chapters	393	23.7	avman	abandonment without legal excuse of any construc <<avman>>	adman|ahman|aiman|ajman|akman|alman
production-1939-vol1-chapters	393	27.8	stsuse	of funds or property received for prosecution <<stsuse>>	spouse
production-1939-vol1-chapters	394	2.0	sentaton	<<sentaton>> cant in obtaining a license constitutes a	senator
production-1939-vol1-chapters	394	4.0	violat	<<violat>> on of failure in a material respect	viola|violal|violas|violate|violati|violet
production-1939-vol1-chapters	394	37.0	wathvolding	<<wathvolding>> willful or deliberate failure by any licensee	withholding
production-1939-vol1-chapters	396	13.0	cuaptter	<<cuaptter>> cosmmetoloogy	chapter
production-1939-vol1-chapters	396	13.1	cosmmetoloogy	cuaptter <<cosmmetoloogy>>	cosmetology
production-1939-vol1-chapters	397	7.9	omcers	of the board shall annually elect a <<omcers>>	omers
production-1939-vol1-chapters	397	43.6	inestiga	any investigation inquiry hearing or proceeding <<inestiga>>	investiga
production-1939-vol1-chapters	398	33.0	aoss	<<aoss>> fix their compensation which compensation and all	aass|abss|acoss|acss|adss|amoss
production-1939-vol1-chapters	399	15.10	aitof	cosmetology includes any and all and any <<aitof>> cos	aito|aiton|aitor
production-1939-vol1-chapters	399	16.5	metology	combination of the following practices <<metology>>	cetology|emetology|menology|mesology|metrology
production-1939-vol1-chapters	399	39.12	tauon	emergency nor does it prohibit the domes <<tauon>>	tacon|talon|tanon|taon|taron|taton
production-1939-vol1-chapters	400	0.0	pubhe	<<pubhe>> health service when engaged in the actual	dubhe|pube|puhe
production-1939-vol1-chapters	400	43.1	aitg	we <<aitg>> every person applying to the board for	actg|aig|aing|ait|aita|aite
production-1939-vol1-chapters	401	25.8	tramne	training of five hundred hours extending over <<tramne>>	traine|trame|trane
production-1939-vol1-chapters	401	33.9	jumor	applying to the beard for a license <<jumor>> elce	dumor|humor|jamor|jumo|junor|juror
production-1939-vol1-chapters	402	6.2	ieuring	jam at <<ieuring>> in a licensed cosmetological establishment under a	inuring
production-1939-vol1-chapters	402	33.0	laeenses	<<laeenses>> ing the fee required by this chapter	licenses
production-1939-vol1-chapters	403	28.10	jumor	size by inches and paying the fee <<jumor>>	dumor|humor|jamor|jumo|junor|juror
production-1939-vol1-chapters	407	31.9	pxplay	shall display the license in a conspicuous <<pxplay>>	play
production-1939-vol1-chapters	409	41.8	mstevre	obtaining practice m cosmetology or any branch <<mstevre>>	steve
production-1939-vol1-chapters	410	10.1	metologist	vueenses <<metologist>> every licensed electrologist every licensed manicurist	cetologist|geologist|metrologist
production-1939-vol1-chapters	410	40.0	queney	<<queney>> fee	queeny|quiney
production-1939-vol1-chapters	411	45.9	nepeai	entitled an act to regulate the occupations <<nepeai>>	nepean|repeal
production-1939-vol1-chapters	412	24.0	halmers	<<halmers>> law may be cited as the funeral	balmers|chalmers|halers|halters|halvers|hamers
production-1939-vol1-chapters	413	16.8	tulrs	board may adopt and enforce reasonable rules <<tulrs>> und	tlrs|tuers|tules|tulis|tulls|tuls
production-1939-vol1-chapters	417	17.10	venses	funeral director may be given a special <<venses>>	avenses|censes|genses|lenses|menses|senses
production-1939-vol1-chapters	419	2.9	termof	of apprenticeship shall be two years an <<termof>>	termo|termon|termor
production-1939-vol1-chapters	419	3.10	spprentiee	entitled to two weeks vacation each year <<spprentiee>>	apprentice
production-1939-vol1-chapters	420	34.0	diseiphinary	<<diseiphinary>> been found guilty by the board of	disciplinary
production-1939-vol1-chapters	420	36.0	cnme	<<cnme>> conviction of a crime involving moral turpitude	came|ccme|ceme|cime|cme|cname
production-1939-vol1-chapters	421	22.12	jmmer	relatives of a deceased whose body has <<jmmer>>	ammer|emmer|immer|jamer|jammer|jimmer
production-1939-vol1-chapters	421	42.9	retamng	surrender promptly the custody of a dead <<retamng>>	retain
production-1939-vol1-chapters	421	44.8	diseip	to its custody constitutes a ground for <<diseip>> mary	dislip
production-1939-vol1-chapters	425	7.9	membersmup	shal be composed of five members three <<membersmup>>	membership
production-1939-vol1-chapters	425	34.9	reestrar	approval of the director the board shal <<reestrar>>	registrar
production-1939-vol1-chapters	426	7.0	teense	<<teense>> it is unlawful for any person to	teenie|teens|teensy|teese|tense
production-1939-vol1-chapters	427	25.9	semiteo	the citation upon the licensee is fully <<semiteo>>	semite|semites
production-1939-vol1-chapters	427	36.11	disere	the cause which the board at its <<disere>>	desere|diseme|isere|lisere|misere
production-1939-vol1-chapters	429	11.12	mnfestation	in pest control work of any type <<mnfestation>>	infestation
production-1939-vol1-chapters	430	32.0	revors	<<revors>> act constitutes the chapter on land survivors	recors|revers|revore|trevors
production-1939-vol1-chapters	432	25.0	veving	<<veving>> within the meaning of this chapter	beving|leving|reving|veling|vening|vering
production-1939-vol1-chapters	436	7.0	busnation	<<busnation>> survey or within such additional time as	bination
production-1939-vol1-chapters	439	25.10	sefned	others and for a compensation sells or <<sefned>>	seined
production-1939-vol1-chapters	439	40.12	sefned	is self propelled or is propelled by <<sefned>>	seined
production-1939-vol1-chapters	440	48.0	wocht	<<wocht>> and shin brokers commissioner state of califor	focht|nocht|ocht|socht|wacht|wcht
production-1939-vol1-chapters	441	42.10	vcenses	licenses shall be made in writ for <<vcenses>>	censes
production-1939-vol1-chapters	443	26.8	fautunal	commissioner may suspend or revoke the license <<fautunal>>	factual
production-1939-vol1-chapters	445	16.1	wnsee	note <<wnsee>> note tv statutes chapter	insee|unsee|waste
production-1939-vol1-chapters	449	38.10	seealso	of any city may appoint a city <<seealso>>	seals
production-1939-vol1-chapters	450	21.0	andtests	<<andtests>> instruments or mechanical devices for weighing or	attests
production-1939-vol1-chapters	450	29.0	wepshing	<<wepshing>> lach sealer shall from time to time	welshing
production-1939-vol1-chapters	450	50.0	wntten	<<wntten>> elected to perform the duties of his	watten|wetten|witten|written
production-1939-vol1-chapters	451	8.10	heanng	upon which such charge and accusation has <<heanng>>	heang
production-1939-vol1-chapters	454	6.9	seruple	part of the apothecary s ounce the <<seruple>> is	scruple
production-1939-vol1-chapters	454	8.8	seruple	is equal to one twentieth of the <<seruple>>	scruple
production-1939-vol1-chapters	454	14.1	dupois	woes <<dupois>> weight the seller shall give to the	depois|dubois|dunois|dupuis
production-1939-vol1-chapters	454	36.0	agreuiig	<<agreuiig>> wheat or oats are suld by the	agreeing
production-1939-vol1-chapters	458	0.0	aalz	<<aalz>> b ie bs is is	aal|aala|aale|aali|aall|aals
production-1939-vol1-chapters	460	0.2	waelbe	ses b <<waelbe>> geb seelbe ap wee be a ise	waele
production-1939-vol1-chapters	460	0.4	seelbe	ses b waelbe geb <<seelbe>> ap wee be a ise	feeble|seele|seelie|seelye
production-1939-vol1-chapters	461	11.9	pomtor	purpose of computation all logs shall be <<pomtor>>	portor
production-1939-vol1-chapters	461	13.9	alesance	be made for rot shake or other <<alesance>>	alliance
production-1939-vol1-chapters	462	39.0	ncorret	<<ncorret>> wey be shown by the year only	correct
production-1939-vol1-chapters	463	6.8	remspec	any weight measure or weighing or measur <<remspec>>	respec|respect
production-1939-vol1-chapters	463	39.12	weuht	buy takes or offers to take or <<weuht>> or	wecht|weht
production-1939-vol1-chapters	464	19.0	emnptions	<<emnptions>>	emptions
production-1939-vol1-chapters	465	7.0	dupois	<<dupois>> pounds and ounces and designation by liquid	depois|dubois|dunois|dupuis
production-1939-vol1-chapters	465	39.10	emissibt	in a container is sold and there <<emissibt>>	emission
production-1939-vol1-chapters	466	8.0	strta	<<strta>> any person engaged in the business of	serta|sorta|srta|starta|stata|stra
production-1939-vol1-chapters	467	6.0	urings	<<urings>> these records shall at all times be	brings|frings|krings|rings|urgings|urines
production-1939-vol1-chapters	467	43.8	rariion	amounts lots shipments or consignments of s <<rariion>>	ration
production-1939-vol1-chapters	468	7.0	ponstruz	<<ponstruz>> none of the provisions of this chapter	construe
production-1939-vol1-chapters	472	9.0	industnal	<<industnal>> wage and hour division and the children	industrial
production-1939-vol1-chapters	472	36.0	nembly	<<nembly>> otherwise appropriated and in addition to any	embly|nimbly|numbly|wembly
production-1939-vol1-chapters	473	11.9	uustiee	for expenses of returning fugitives from fom <<uustiee>>	justice
production-1939-vol1-chapters	473	29.8	veteles	administration department of motor vehicles for the <<veteles>>	veteres
production-1939-vol1-chapters	474	0.0	ipat	<<ipat>> corporations declaring the urgency thereof and pro	apat|cpat|dpat|iapt|iat|icat
production-1939-vol1-chapters	474	7.1	ehenge	when <<ehenge>> whenever the boundaries of any city in	elenge|henge
production-1939-vol1-chapters	475	1.10	legista	for the fifty third session of the <<legista>>	legist|regista
production-1939-vol1-chapters	477	6.11	bentiency	in the state treasury not otherwise appro <<bentiency>>	sentiency
production-1939-vol1-chapters	481	10.0	trict	<<trict>> retirement shall be adopted as here provided	strict|tract|triact|tric|trica|trice
production-1939-vol1-chapters	481	28.8	sernce	any district retirement plan heretofore or here <<sernce>> in	seance|sence|servce
production-1939-vol1-chapters	482	10.1	twoor	for <<twoor>> instance where two or more school districts	toor|twoo|woor
production-1939-vol1-chapters	482	11.0	tnets	<<tnets>> gos retirement plan has been or may	nets|teets|tenets|tents|tets
production-1939-vol1-chapters	486	7.0	acunites	<<acunites>> of the board shall vigilantly observe sanitary	aconites
production-1939-vol1-chapters	487	1.8	exammation	of public domestic water and ice supply <<exammation>>	examination
production-1939-vol1-chapters	487	18.0	abutement	<<abutement>>	abatement|abutment
production-1939-vol1-chapters	487	19.9	aamce	advise all local health authorities and when <<aamce>>	aace|aamc|aamco|aame
production-1939-vol1-chapters	487	28.12	evamation	the use of intoxicating liquor as a <<evamation>>	evagation
production-1939-vol1-chapters	488	15.0	cutneate	<<cutneate>> child ig either wholly or partly unable	cuneate
production-1939-vol1-chapters	489	0.0	iugg	<<iugg>>	bugg|dugg|fugg|hugg|igg|iug
production-1939-vol1-chapters	489	28.9	muvdian	responsible for the care of handicapped children <<muvdian>>	median
production-1939-vol1-chapters	490	4.0	andothr	<<andothr>> necessary employees to assist in carrying out	another
production-1939-vol1-chapters	491	27.9	aduee	the bureau shall advise all public offi <<aduee>>	adee
production-1939-vol1-chapters	492	28.0	ventoria	<<ventoria>> farm colonies and other public or private	ventura|venturia
production-1939-vol1-chapters	495	35.9	prouny	schools of the county for the performance <<prouny>>	prony|pround|prouty|pruny
production-1939-vol1-chapters	497	29.0	cuaprer	<<cuaprer>> pusitic health nurses	chapter
production-1939-vol1-chapters	497	29.1	pusitic	cuaprer <<pusitic>> health nurses	politic
production-1939-vol1-chapters	497	34.9	dutre	health nurse shall attend to such matters <<dutre>>	autre|detre|ducre|dupre|dure|dutee
production-1939-vol1-chapters	497	39.12	eunties	nurses each of whom shall be a <<eunties>>	aunties|unties
production-1939-vol1-chapters	498	5.3	denral	chapter dentists anp <<denral>> hycienists	dendral|denial|dental|denzal|deral|dernal
production-1939-vol1-chapters	498	5.4	hycienists	chapter dentists anp denral <<hycienists>>	hygienists
production-1939-vol1-chapters	499	29.4	sarery	chapter local heauttit and <<sarery>> regulations	sarely|sarry|savery
production-1939-vol1-chapters	501	16.10	postme	situated in the proposed district any city <<postme>>	poste|postie|postle|postma|postmen
production-1939-vol1-chapters	505	21.9	plovees	office facilities for the district health officer <<plovees>> et	plovers
production-1939-vol1-chapters	505	36.8	appomt	district officers deputies and assistants other than <<appomt>>	apport
production-1939-vol1-chapters	507	23.10	certmea	the certificate the secretary of state shall <<certmea>>	cerumen
production-1939-vol1-chapters	507	24.9	anneat	certificate of annexation reciting that the terri <<anneat>>	annat|annea|anneal|annear|annet|annett
production-1939-vol1-chapters	507	30.10	ffect	the date of the certificate of annexa <<ffect>>	affect|efect|effect|fect
production-1939-vol1-chapters	508	28.6	ineets	and employ only technical personnel that <<ineets>> with the	inlets|insets|neets
production-1939-vol1-chapters	508	35.0	ceaprer	<<ceaprer>> curnics anp dispensaries	chapter
production-1939-vol1-chapters	508	38.0	nensary	<<nensary>>	mentary
production-1939-vol1-chapters	509	38.9	empiou	s clinic is a clinic operated without <<empiou>>	employ
production-1939-vol1-chapters	512	8.0	yermt	<<yermt>> a the name and address of the	yerma|yermo
production-1939-vol1-chapters	514	3.0	offunds	<<offunds>> paid into the state treasury and shall	offends
production-1939-vol1-chapters	515	13.0	cuhaptter	<<cuhaptter>> brouocics	chapter
production-1939-vol1-chapters	515	15.8	dsinb	used in this chapter distribute includes sale <<dsinb>>	sinb
production-1939-vol1-chapters	515	18.8	blologies	used in this chapter biologics includes serum <<blologies>>	biologies
production-1939-vol1-chapters	516	37.0	seribed	<<seribed>> minimum standards shall be thereby entitled to	scribed|serifed
production-1939-vol1-chapters	518	15.1	rattway	chapter <<rattway>> inspection	railway|rattay|rattray
production-1939-vol1-chapters	520	39.0	juaran	<<juaran>> quarantine as used in this article means	guaran|jaran|juara|jubran|juran|quaran
production-1939-vol1-chapters	521	18.9	suforcement	officers and boards of health shall carry <<suforcement>>	enforcement
production-1939-vol1-chapters	527	23.12	fromelty	resident of that portion of the city <<fromelty>>	fromenty
production-1939-vol1-chapters	531	0.7	taxto	any mosquito abatement district organized on or <<taxto>>	taito|tanto|tato|tatto|taxco|tayto
production-1939-vol1-chapters	533	13.8	pehon	district board upon receiving a written petition <<pehon>>	dehon|peho|pelon|penon|peon|peron
production-1939-vol1-chapters	533	19.10	publicatwn	the petition for hearing it shall give <<publicatwn>>	publication
production-1939-vol1-chapters	534	15.0	annesalion	<<annesalion>> aries of the annexed territory and that	annexation
production-1939-vol1-chapters	534	42.0	consoh	<<consoh>> two or more contiguous mosquito abatement dis	conso|consob|consol
production-1939-vol1-chapters	535	6.9	consitera	board of each of the other districts <<consitera>>	considera
production-1939-vol1-chapters	536	27.0	reaure	<<reaure>> vote of two thirds of the qualified	reaume|recure
production-1939-vol1-chapters	537	4.10	preverty	at the time of dissolution was situated <<preverty>>	prevert|property
production-1939-vol1-chapters	538	18.0	spreadof	<<spreadof>> reason to believe that any case of	spread
production-1939-vol1-chapters	538	34.0	marantine	<<marantine>> department shall establish and maintain places of	quarantine
production-1939-vol1-chapters	541	1.11	rrpoits	local epidemic of disease the health offi <<rrpoits>>	reports
production-1939-vol1-chapters	543	3.9	distnet	used in this chapter means any pest <<distnet>>	distent
production-1939-vol1-chapters	545	45.1	enagg	qe <<enagg>>	enact|enage|engag|engg
production-1939-vol1-chapters	546	2.0	offunds	<<offunds>> order a temporary transfer of money from	offends
production-1939-vol1-chapters	551	10.0	pubhe	<<pubhe>> hall pubhe or private school church hospital	dubhe|pube|puhe
production-1939-vol1-chapters	551	10.2	pubhe	pubhe hall <<pubhe>> or private school church hospital club	dubhe|pube|puhe
production-1939-vol1-chapters	552	1.0	pelthy	<<pelthy>> for the purpose of this chapter the	peltry
production-1939-vol1-chapters	552	3.0	rchne	<<rchne>> all of the following	rahne
production-1939-vol1-chapters	552	10.0	dismfection	<<dismfection>> unsanitary packing materia shall not be used	disinfection
production-1939-vol1-chapters	553	0.0	cuaprer	<<cuaprer>> wiping kaas	chapter
production-1939-vol1-chapters	553	12.9	stenl	shall supply or furnish to his employees <<stenl>>	steal|steel|steil|stel|stell|sten
production-1939-vol1-chapters	554	19.0	crarter	<<crarter>> laundering of infected clothing	carter|charter|crafter|craster|crater
production-1939-vol1-chapters	555	33.0	cuaprer	<<cuaprer>> garpaace disposal disttrricts	chapter
production-1939-vol1-chapters	555	35.9	dsiriet	used in this chapter means a dis <<dsiriet>>	dairies
production-1939-vol1-chapters	555	36.0	trict	<<trict>> formed pursuant to this chapter or pursuant	strict|tract|triact|tric|trica|trice
production-1939-vol1-chapters	556	29.0	heamng	<<heamng>> tract at the time and place fixed	heang
production-1939-vol1-chapters	556	37.0	msow	<<msow>> visors shall either adopt an order abandoning	meow|mhow|mow|mpow|mso|msoe
production-1939-vol1-chapters	559	35.8	mearlne	person interested may appear at the hearing <<mearlne>>	marine
production-1939-vol1-chapters	560	29.0	punds	<<punds>> remains the property of the county any	bunds|funds|gunds|hunds|lunds|munds
production-1939-vol1-chapters	561	28.3	rromm	chapter fumes escaping <<rromm>> burning garpaae	fromm|romm
production-1939-vol1-chapters	561	34.9	comamna	crematory shall be operated in this state <<comamna>>	command
production-1939-vol1-chapters	561	35.11	uiere	manner as will prevent the propagation of <<uiere>>	biere|fiere|niere|piere|quiere|siere
production-1939-vol1-chapters	562	1.0	inenerator	<<inenerator>> destroy the carcass of any dead animal	generator
production-1939-vol1-chapters	562	10.0	cuaprer	<<cuaprer>> potitutticn or waters and public places	chapter
production-1939-vol1-chapters	562	26.0	mveable	<<mveable>> garbage in or upon the navigable waters	meable|moveable
production-1939-vol1-chapters	565	3.0	trict	<<trict>> formed pursuant to this chapter or pursuant	strict|tract|triact|tric|trica|trice
production-1939-vol1-chapters	567	25.9	electun	particulars not recited in the ordinance the <<electun>>	electus
production-1939-vol1-chapters	567	34.10	pubticatio	be published once a day for five <<pubticatio>>	publication
production-1939-vol1-chapters	569	4.9	formot	offered shall be accompanied by a check <<formot>> ind	forgot|format|formol|formost
production-1939-vol1-chapters	571	46.12	heanng	the hearing or any day to which <<heanng>>	heang
production-1939-vol1-chapters	573	13.8	pstret	as used in this chapter means any <<pstret>>	stret
production-1939-vol1-chapters	577	22.12	eftiuent	may be necessary to conserve and put <<eftiuent>>	effluent
production-1939-vol1-chapters	578	23.0	hermg	<<hermg>> tract as the district board may direct	herg|herm|herma|hermo|herms|hermy
production-1939-vol1-chapters	580	25.0	wsessment	<<wsessment>> vay engineer refuses to issue a permit	assessment
production-1939-vol1-chapters	583	33.7	fonstruetion	the construction fund shall be applied exclusively <<fonstruetion>>	construction
production-1939-vol1-chapters	585	33.11	tilec	collected at the same time and in <<tilec>>	ilec|tile|tiled|tiler|tiles|tiley
production-1939-vol1-chapters	589	14.10	vacuneies	of the city results in less than <<vacuneies>>	vacancies
production-1939-vol1-chapters	591	14.8	ktetion	district having no bonded indebtedness may be <<ktetion>>	station
production-1939-vol1-chapters	591	17.9	indebtea	all legal indebtedness of the district shall <<indebtea>>	indebted
production-1939-vol1-chapters	593	14.12	heanng	fixed for the hearing or at any <<heanng>>	heang
production-1939-vol1-chapters	595	12.0	ewlated	<<ewlated>> in the district and another in the	elated
production-1939-vol1-chapters	595	24.8	feruten	of another district upon the annexation becoming <<feruten>>	cerumen
production-1939-vol1-chapters	597	6.12	heanng	the hearing of the petition which shall <<heanng>>	heang
production-1939-vol1-chapters	597	21.12	svutes	cities either by reason of annexation or <<svutes>>	scutes|shutes|sutes
production-1939-vol1-chapters	598	1.1	eveass	i <<eveass>> corporation proceedings the district continues in existence	events
production-1939-vol1-chapters	602	5.0	denoml	<<denoml>> hach bond except those of the last	denom
production-1939-vol1-chapters	602	28.11	disere	bonds retired each year will in the <<disere>>	desere|diseme|isere|lisere|misere
production-1939-vol1-chapters	604	36.0	eseu	<<eseu>> ine body having jurisdiction over that community	eaeu|eeu|eheu|esau|ese|esea
production-1939-vol1-chapters	605	42.9	fatnu	shall at the time of entering into <<fatnu>>	fanu|fatou|fatu
production-1939-vol1-chapters	609	16.10	fyension	any class of users or property served <<fyension>>	pension
production-1939-vol1-chapters	610	8.0	ofvorks	<<ofvorks>> tract with one or more other cities	forks
production-1939-vol1-chapters	610	17.0	yeased	<<yeased>> nance establish change and adjust rates for	ceased|eased|leased|teased|yeaned|yeasted
production-1939-vol1-chapters	612	20.0	prny	<<prny>> saut no person without a permit shall	arny|erny|orny|pany|piny|pirny
production-1939-vol1-chapters	612	20.9	exea	no person without a permit shall construct <<exea>>	edea|eea|egea|elea|emea|enea
production-1939-vol1-chapters	613	35.7	beaured	the state department may order any necessary <<beaured>>	beared
production-1939-vol1-chapters	614	37.0	enjuining	<<enjuining>> violation of this article may he enjoined	enjoining
production-1939-vol1-chapters	615	35.3	nolittion	and distinct offense <<nolittion>>	nolition
production-1939-vol1-chapters	615	36.1	errecr	chapter <<errecr>> on previous laws	erreca|erreur
production-1939-vol1-chapters	619	27.4	specihe	to be assessed against <<specihe>> property the board shall pass a resolution	specie
production-1939-vol1-chapters	621	15.1	bonps	cuarrter <<bonps>>	bonas|bonds|bones|bongs|bonis|bonks
production-1939-vol1-chapters	624	33.8	colleeter	the provisions of this part the tax <<colleeter>> shall file with the	colleter
production-1939-vol1-chapters	625	24.3	distmet	fund of sanitary <<distmet>> naming t	distant
production-1939-vol1-chapters	625	55.0	linhle	<<linhle>> for the due performance of the duties	lingle|linkle
production-1939-vol1-chapters	629	16.0	nitde	<<nitde>> is conclusive evidence that the publication or	nide|ninde|nite|nited|nitre|nitze
production-1939-vol1-chapters	630	17.0	ormed	<<ormed>>	armed|formed|gormed|normed|orbed|orded
production-1939-vol1-chapters	632	20.5	weuly	the district pot less than <<weuly>> days before the election and by pub	welly|wetly
production-1939-vol1-chapters	633	0.1	venerauy	article <<venerauy>>	veneral
production-1939-vol1-chapters	634	50.4	ievv	the board shall annually <<ievv>> a tax upon the taxable property	evv|iev|ieva|ieve|ivv
production-1939-vol1-chapters	637	22.0	numig	<<numig>> it the treasurer shall keep the money	nuig|numi|numis
production-1939-vol1-chapters	637	30.11	jevsed	treasurer shall place and keep the money <<jevsed>>	jessed
production-1939-vol1-chapters	637	46.4	remams	entirely fulfilled any balance <<remams>> m the sewer constrachon fund	reams|remans|remaps|remass
production-1939-vol1-chapters	637	60.7	distnet	called the sewer construction fund of salary <<distnet>> namimgyg	distent
production-1939-vol1-chapters	637	64.13	miiented	shall be used only for the purpose <<miiented>>	oriented
production-1939-vol1-chapters	638	10.4	wechs	posting for four successive <<wechs>> prior to the election in three public	echs|mechs|sechs|techs|wachs|wchs
production-1939-vol1-chapters	638	22.0	yenient	<<yenient>> after the election	lenient
production-1939-vol1-chapters	639	51.1	inmits	corporate <<inmits>> of a city and in ail other	inits|inuits
production-1939-vol1-chapters	640	17.0	gubige	<<gubige>> garbage as used in this part shall	guide|guige
production-1939-vol1-chapters	643	23.10	stasgered	the board elected at the election as <<stasgered>>	staggered
production-1939-vol1-chapters	645	7.3	rpunsel	for any purpose <<rpunsel>>	counsel
production-1939-vol1-chapters	647	25.9	fonune	body having jurisdiction of the territory within <<fonune>> lots	found
production-1939-vol1-chapters	647	35.3	srvis	as amended by <<srvis>> cr	arvis|orvis|sarvis|servis|sevis|sris
production-1939-vol1-chapters	649	19.10	portne	elections the board shall select one and <<portne>>	porte|porten|portner
production-1939-vol1-chapters	651	2.9	evammation	petition is presented for filing the secretary <<evammation>>	evaluation
production-1939-vol1-chapters	651	11.10	duurs	perform the duties of the secretary concern <<duurs>>	dukurs|durus|duur
production-1939-vol1-chapters	655	13.10	jnsia	shall be payable as nearly as prac <<jnsia>>	nsia
production-1939-vol1-chapters	655	14.0	ticable	<<ticable>> at the same time as the installments	timable
production-1939-vol1-chapters	655	23.9	cancelta	exchange the old bonds shall be canceled <<cancelta>>	cancela
production-1939-vol1-chapters	656	13.0	mayonity	<<mayonity>> only a majority vote shall be required	majority
production-1939-vol1-chapters	658	11.1	otuon	bo <<otuon>> annually on the first monday of july	othon|otkon|oton|otton|tuon
production-1939-vol1-chapters	658	21.0	cualize	<<cualize>> when the assessment roll is returned by	coalize|dualize
production-1939-vol1-chapters	659	3.12	taxhen	then is a lien on the property <<taxhen>>	taxmen
production-1939-vol1-chapters	659	20.12	aprheable	laws of the state as to the <<aprheable>>	agreeable
production-1939-vol1-chapters	659	24.10	lpction	direct the district attorney of the po <<lpction>>	lection
production-1939-vol1-chapters	659	32.9	remutlance	collected for district purposes by the dis <<remutlance>>	remittance
production-1939-vol1-chapters	660	24.5	eleeis	until the board by resolution <<eleeis>> otherwise all assessments shall	elaeis|elemis
production-1939-vol1-chapters	661	47.0	trict	<<trict>> naming it the treasurer shall keep the	strict|tract|triact|tric|trica|trice
production-1939-vol1-chapters	663	34.9	pinanes	board of supervisors finds upon the final <<pinanes>>	pinaces|pinales|pinones
production-1939-vol1-chapters	670	4.0	crematel	<<crematel>> cremated remains means human remains after	cremate|cremated|cremates
production-1939-vol1-chapters	670	28.0	wcremtory	<<wcremtory>> crematory and columbarium means a building	crematory
production-1939-vol1-chapters	670	36.3	inurnment	remains by cremation <<inurnment>> eutumbment or burial	increment|inurement
production-1939-vol1-chapters	670	41.3	piaeing	an urn and <<piaeing>> it in a niche	pieing
production-1939-vol1-chapters	671	11.11	unere	or intended to be used to entomb <<unere>>	nere|unece|uner|uneye|unre|unsere
production-1939-vol1-chapters	671	19.5	comelen	cemetery authority includes cemetery association <<comelen>>	comelec|complex
production-1939-vol1-chapters	671	26.5	innds	person owning or controlling cemetery <<innds>> or property	inds|innes|innis|inns|ninds
production-1939-vol1-chapters	673	3.13	vemae	a cemetery is guilty of a mis <<vemae>>	vema|venae
production-1939-vol1-chapters	673	10.9	omvh	who for himself or for another person <<omvh>>	mvh|omh|omv|ovh
production-1939-vol1-chapters	675	23.8	inqrest	is held and if there is nu <<inqrest>> t devolves upon the person	increst|inquest|intrest
production-1939-vol1-chapters	675	27.10	competian	vested with the duty of interment fails <<competian>>	competion|completion
production-1939-vol1-chapters	677	19.0	cuaptrr	<<cuaptrr>> disposal of unclarmmeed dmap	chapter
production-1939-vol1-chapters	677	41.10	pstmen	in accordance with the instructions of the <<pstmen>>	ostmen|pitmen|postmen|potmen
production-1939-vol1-chapters	680	12.0	causedby	<<causedby>> scarlet fever scarlatina scarlet rash erysipelas glanders	caused
production-1939-vol1-chapters	680	53.0	tacious	<<tacious>> or infectious disease not enumerated in sections	tacitus|tavious|various
production-1939-vol1-chapters	681	15.5	sinfecting	cavity injection with an approved <<sinfecting>> fluid and by washing the	infecting
production-1939-vol1-chapters	683	1.12	vanuy	county it specifies as the place of <<vanuy>>	vancy|vandy|vaney|vanny|vanu|vanua
production-1939-vol1-chapters	686	23.0	transportae	<<transportae>> in or from tkis state if the	transportal|transporte|transportee
production-1939-vol1-chapters	686	24.0	honsand	<<honsand>> them is first received and is retained	thousand
production-1939-vol1-chapters	689	31.9	afidnt	desiring to cause the removal shall prior <<afidnt>>	affiant
production-1939-vol1-chapters	691	5.8	macenen	remains of each person reinterred shal be <<macenen>>	macewen
production-1939-vol1-chapters	691	10.7	authorny	whenever human remains have been ordered removed <<authorny>>	authority|authorly
production-1939-vol1-chapters	692	0.0	aeciaration	<<aeciaration>>	declaration
production-1939-vol1-chapters	693	41.6	rewmburse	after making provision for perpetual maintenance <<rewmburse>>	reimburse
production-1939-vol1-chapters	694	40.5	reinterments	plots ete ing to make <<reinterments>>	reinterment
production-1939-vol1-chapters	695	19.12	pubue	be kept on file in the office <<pubue>>	pube
production-1939-vol1-chapters	696	36.5	mjures	c destroys cuts breaks or <<mjures>> any building statuary orna	maures|mures
production-1939-vol1-chapters	696	38.0	cwil	<<cwil>> any person violating any provision of this	cail|ceil|cgil|chil|cil|clil
production-1939-vol1-chapters	697	2.1	reecorps	carter <<reecorps>>	records
production-1939-vol1-chapters	699	16.7	chureb	a corporation sole udimunistering temporalities of uny <<chureb>> or	churel
production-1939-vol1-chapters	701	21.4	obtap	particulars can be conveniently <<obtap>> ed and the plot in which	obtain|ontap|ostap
production-1939-vol1-chapters	701	48.2	jnterred	mar he <<jnterred>>	interred
production-1939-vol1-chapters	702	32.0	omtce	<<omtce>> permits action contrary to this article immediately	once
production-1939-vol1-chapters	703	3.7	haecution	a cemetery authority may execute a declaration <<haecution>>	execution
production-1939-vol1-chapters	704	0.0	remams	<<remams>> o any aecedsea person	reams|remans|remaps|remass
production-1939-vol1-chapters	704	5.0	indeung	<<indeung>> plat is filed shall number file and	indexing
production-1939-vol1-chapters	704	13.0	pifect	<<pifect>> of after property is dedicated to cemetery	pefect
production-1939-vol1-chapters	704	28.0	suuctures	<<suuctures>> jong as the property remains dedicated to	structures
production-1939-vol1-chapters	706	32.0	divesiment	<<divesiment>> no conveyance or other action of the	divestment
production-1939-vol1-chapters	707	9.13	biniy	the death of the owner and the <<biniy>> he	binay|bindy|biney|bingy|bini|binky
production-1939-vol1-chapters	707	41.10	coowner	upon the request or direction of any <<coowner>> of	cooner|crowner
production-1939-vol1-chapters	709	11.3	replatted	or altered and <<replatted>> into plots which may be sold for	replanted|replotted
production-1939-vol1-chapters	711	26.9	prindpal	of all funds for perpetual care shall <<prindpal>>	principal
production-1939-vol1-chapters	713	28.9	nonper	care cemetery is one that does not <<nonper>>	nonpar
production-1939-vol1-chapters	713	33.9	pemcteries	designated a perpetual care cemetery even though <<pemcteries>>	cemeteries
production-1939-vol1-chapters	715	13.9	imestment	shall be invested and reinvested and kept <<imestment>>	investment
production-1939-vol1-chapters	716	36.0	cuaptter	<<cuaptter>> reincorporation of cemetery associations	chapter
production-1939-vol1-chapters	718	6.0	pstnet	<<pstnet>> district as used in this part means	patent|postnet
production-1939-vol1-chapters	719	6.10	petermi	fixed for hearing the board of super <<petermi>>	determi
production-1939-vol1-chapters	719	12.9	adoum	may be adjourned from time to time <<adoum>>	adium|adom|adour|adum|doum
production-1939-vol1-chapters	719	25.9	suficiency	board of supervisors determines that the petitioners <<suficiency>>	sufficiency
production-1939-vol1-chapters	719	26.11	nouce	part and that the notice has and <<nouce>>	douce|nauce|noce|noice|nonce|noue
production-1939-vol1-chapters	720	33.0	unfavotable	<<unfavotable>> ifa majority of the votes are cast	unfavorable
production-1939-vol1-chapters	723	22.9	pemetual	may upon a two thirds vote establish <<pemetual>>	perpetual
production-1939-vol1-chapters	725	35.0	cuaprer	<<cuaprer>> errecr on previous laws	chapter
production-1939-vol1-chapters	725	35.1	errecr	cuaprer <<errecr>> on previous laws	erreca|erreur
production-1939-vol1-chapters	726	3.5	uncremated	used for the interment of <<uncremated>> auman remains	uncreated
production-1939-vol1-chapters	726	19.0	bulang	<<bulang>> county shall enforce the provisions of this	balang|belang|bilang|blang|buang|bujang
production-1939-vol1-chapters	726	40.0	ehties	<<ehties>> the enforcement of ordinances or laws regulating	etties
production-1939-vol1-chapters	728	31.0	iieate	<<iieate>> be inspected and shall issue a certificate	ideate
production-1939-vol1-chapters	728	37.0	materialand	<<materialand>> no building or structure intended to be	materialman
production-1939-vol1-chapters	732	17.0	ronding	<<ronding>> all exterior veneering work shall be bonded	bonding|ponding|randing|rending|roading|rodding
production-1939-vol1-chapters	733	4.9	uniawtul	or operator of a mausoleum or colum <<uniawtul>>	unlawful
production-1939-vol1-chapters	735	28.7	examma	he shall carefully examine the certificates received <<examma>>	exam
production-1939-vol1-chapters	736	2.1	subregistrars	and <<subregistrars>> so tha all of the requirements of	subregistrar
production-1939-vol1-chapters	736	25.0	astreis	<<astreis>> thousand inhabitants according to the next preceding	asteris|stress
production-1939-vol1-chapters	738	10.0	resstrar	<<resstrar>> marriages performed anywhere in the county	registrar
production-1939-vol1-chapters	743	4.8	amdavit	a child becomes legitimate by the subsequent <<amdavit>>	davit
production-1939-vol1-chapters	743	8.9	fulne	shall be filed with the original record <<fulne>>	fulbe|fule|fulke|fulle|fune
production-1939-vol1-chapters	744	0.1	ncates	t <<ncates>>	cates|nates|ncate|scates
production-1939-vol1-chapters	744	2.0	depuf	<<depuf>> birth found or obtained the fact shall	depue|deputy|depuy
production-1939-vol1-chapters	744	13.0	autred	<<autred>> not required for a child that has	autre|autres|autrey
production-1939-vol1-chapters	746	40.0	trtbutory	<<trtbutory>> secondary cause of complication if any and	tributary
production-1939-vol1-chapters	747	32.11	hotence	be carefully defined and if from vio <<hotence>>	potence
production-1939-vol1-chapters	748	34.0	cjal	<<cjal>> either directly or as directed by the	cajal|cal|ceal|chal|cial|cja
production-1939-vol1-chapters	751	1.0	cuaprer	<<cuaprer>> cerrtiriep corres or records	chapter
production-1939-vol1-chapters	751	12.9	amavit	facts are not correctly stated in any <<amavit>>	amavi
production-1939-vol1-chapters	751	33.0	cuarter	<<cuarter>> proceedings to establish record	carter|charter|cuartel|curter|quarter
production-1939-vol1-chapters	752	1.0	esurt	<<esurt>> of the county in which it is	escrt|esure|surt
production-1939-vol1-chapters	753	16.11	certife	making and certification of a cer fortified <<certife>>	certie|certif|certifi|certify
production-1939-vol1-chapters	753	28.9	drsposttion	registrar shall keep a true and correct <<drsposttion>>	disposition
production-1939-vol1-chapters	753	32.12	remstrar	county or city treasury as the case <<remstrar>>	registrar
production-1939-vol1-chapters	754	29.2	teetly	furnish ion <<teetly>> any information in his possession or furnishes	meetly|teethy|teety|weekly
production-1939-vol1-chapters	755	0.0	mmeanor	<<mmeanor>>	meanor
production-1939-vol1-chapters	756	7.0	chicl	<<chicl>> chief as used in this division means	chcl|chic|chica|chich|chick|chicle
production-1939-vol1-chapters	756	11.0	preserip	<<preserip>> prescription as used in this division means	preserve
production-1939-vol1-chapters	757	11.10	emplosces	subject to the approval of the de <<emplosces>>	employees
production-1939-vol1-chapters	758	1.0	nspes	<<nspes>> ion the board of pharmacy from inspecting	napes|nopes|npes|nspe|nsps|spes
production-1939-vol1-chapters	758	12.0	crinarian	<<crinarian>> shall write a prescription	riparian
production-1939-vol1-chapters	759	5.13	tseued	furnished by the division to the same <<tseued>>	issued
production-1939-vol1-chapters	759	24.8	preserp	prescriptions on the official blanks shall be <<preserp>>	preserv
production-1939-vol1-chapters	760	7.0	panug	<<panug>> no person shall antedate or postdate a	panag|pang|pangu|panmug|panu|panum
production-1939-vol1-chapters	761	11.1	opii	ture <<opii>> camphorata commonly known as paregoric which	apii|copii|jpii|oii|oiii|onii
production-1939-vol1-chapters	761	11.2	camphorata	ture opii <<camphorata>> commonly known as paregoric which	camphorate
production-1939-vol1-chapters	761	24.6	opii	this article does not except tincture <<opii>> eamphorata parcgonc	apii|copii|jpii|oii|oiii|onii
production-1939-vol1-chapters	762	17.0	presersptions	<<presersptions>> a physician may prescribe for furnish to	prescriptions
production-1939-vol1-chapters	762	18.0	fatlents	<<fatlents>> ister narcotics to his patient when the	patients
production-1939-vol1-chapters	762	33.0	aamm	<<aamm>> addiction shall be administered by a physician	aaam|aacm|aam|aama|aamc|aamd
production-1939-vol1-chapters	765	34.8	pemly	person who possesses an opium pipe is <<pemly>>	emly|pamly|pebly|peely|pelly
production-1939-vol1-chapters	765	36.0	cuaprer	<<cuaprer>> saute wirnovur prescription	chapter
production-1939-vol1-chapters	769	18.10	umpins	seized under the provisions of this q <<umpins>>	umping|unpins
production-1939-vol1-chapters	769	26.8	pebrey	narcotics that have been seized under this <<pebrey>>	pembrey|perey|perrey
production-1939-vol1-chapters	770	12.0	attomy	<<attomy>> violation of this division is committed shall	anatomy|atomy
production-1939-vol1-chapters	771	12.11	mabality	transmit the fines or forfeitures imposed by <<mabality>>	ability
production-1939-vol1-chapters	771	38.8	pransrort	person convicted under this division for trans <<pransrort>>	transport
production-1939-vol1-chapters	772	36.0	ofsentence	<<ofsentence>> ing sections or of committing any	sentence
production-1939-vol1-chapters	772	42.0	enalts	<<enalts>> division except one for which a penalty	enacts|exalts
production-1939-vol1-chapters	774	5.0	pempora	<<pempora>> if the existence of the nuisance is	tempora
production-1939-vol1-chapters	775	26.10	fatane	of the sale of the movable property <<fatane>>	fatale|fatone|matane
production-1939-vol1-chapters	776	20.0	eaplosve	<<eaplosve>> exclusive manufacturing plant as used in this	explosive
production-1939-vol1-chapters	777	22.11	puoast	any person to sell give away or <<puoast>>	poast
production-1939-vol1-chapters	778	12.0	forfeure	<<forfeure>> ue pursuant to this chapter shall not	forfeiture
production-1939-vol1-chapters	784	27.0	rainot	<<rainot>> lawful possession of an explosive as used	cannot|rainout
production-1939-vol1-chapters	785	10.11	bssemblage	prison for not less than one year <<bssemblage>>	assemblage
production-1939-vol1-chapters	785	29.7	distharee	every person who wilfully discharges any firearm <<distharee>>	discharge
production-1939-vol1-chapters	786	23.0	erackit	<<erackit>> sticks and automatic torpedoes which contain arsenic	bracket
production-1939-vol1-chapters	786	37.0	hquid	<<hquid>> includes any liquid whose flash point is	equid|quid|squid
production-1939-vol1-chapters	788	10.0	msutance	<<msutance>> time of application furnish proof that he	stance
production-1939-vol1-chapters	788	36.0	transpol	<<transpol>> no person shall transport convey or deliver	transpo|transpor|transport
production-1939-vol1-chapters	789	5.0	cuhaprer	<<cuhaprer>> liapiuiry in relation to fires	chapter
production-1939-vol1-chapters	790	14.0	panerd	<<panerd>> all equipment for fire protective purposes pur	paned|paner|panera|panero
production-1939-vol1-chapters	790	35.0	pemlty	<<pemlty>> fittings is guilty of a misdemeanor punishable	penalty
production-1939-vol1-chapters	794	11.0	sohent	<<sohent>> product or substance having the capacity to	soient|solent
production-1939-vol1-chapters	795	23.7	spuune	spotting and sponging room means any build <<spuune>>	spouse
production-1939-vol1-chapters	795	25.7	serubbing	tion other than by a process of <<serubbing>> or brushing in	scrubbing
production-1939-vol1-chapters	795	37.0	tnined	<<tnined>> kept or operated any appliance machinery vr	tained|tined|tinned|twined
production-1939-vol1-chapters	796	25.0	iertly	<<iertly>> operating condition which is as free as	inertly|pertly
production-1939-vol1-chapters	797	23.9	distian	or reconstruct au existing clothes cleaning establish <<distian>>	distain|distin
production-1939-vol1-chapters	803	30.7	rartimons	partitions or other similar interior construction in <<rartimons>>	rations
production-1939-vol1-chapters	805	27.9	evinus	driven fan exhaust system of ventilation fan <<evinus>>	evins
production-1939-vol1-chapters	807	28.6	firees	approved chemical fire extinguishers shall be <<firees>>	firers|fires|firies|frees
production-1939-vol1-chapters	808	16.1	seodor	ann <<seodor>> in section of this code no person	feodor|sedor|seldor|sodor|teodor
production-1939-vol1-chapters	810	21.0	spongng	<<spongng>> including an establishment commonly known to the	sponging
production-1939-vol1-chapters	812	10.0	rinct	<<rinct>> specified in this chapter shall be filed	cinct|rinat|rinc|rince|rinch|rinco
production-1939-vol1-chapters	813	40.9	pheation	s eligibility for registration and a license <<pheation>>	creation
production-1939-vol1-chapters	814	45.9	heense	to the person entitled to the certificate <<heense>> or	heene|heese|hense
production-1939-vol1-chapters	817	9.9	personin	shall operate a cleaning and dyeing shop <<personin>>	personen
production-1939-vol1-chapters	817	11.10	oyene	department of a clothes cleaning establishment ane <<oyene>>	okene|oyee|oyen|syene|tyene
production-1939-vol1-chapters	818	37.1	ieaeal	ae <<ieaeal>> spotting sponging or pressing establishment or a	repeal
production-1939-vol1-chapters	818	46.0	rolvents	<<rolvents>> premises of a cleaning ard dyeing shop	solvents
production-1939-vol1-chapters	821	15.8	pistnet	board as used in this chapter means <<pistnet>>	postnet
production-1939-vol1-chapters	825	7.12	nelne	of election in three of the pi <<nelne>>	nele|nelle|nelnet|nene
production-1939-vol1-chapters	825	36.0	eharee	<<eharee>> against the district	sharee
production-1939-vol1-chapters	830	4.0	postmg	<<postmg>> the notice shall also be posted in	postma
production-1939-vol1-chapters	831	11.0	einets	<<einets>> within the district and shall designate a	eines
production-1939-vol1-chapters	832	6.0	offunds	<<offunds>> shall be divided between any city and	offends
production-1939-vol1-chapters	833	8.10	povers	this chapter with all the powers conferred <<povers>>	covers|dovers|govers|hovers|lovers|movers
production-1939-vol1-chapters	833	13.8	mueto	reorganization shall not affect or impair the <<mueto>>	aueto|cueto|dueto|meto|muero|muerto
production-1939-vol1-chapters	833	22.8	ordnanecs	shall not operate to repeal or affect <<ordnanecs>>	ordinances|ordnances
production-1939-vol1-chapters	833	31.8	teeanty	legality or existence of a district reorganized <<teeanty>> of	teenty
production-1939-vol1-chapters	833	37.0	cuarter	<<cuarter>> la merropouiran fire protection districts	carter|charter|cuartel|curter|quarter
production-1939-vol1-chapters	834	21.0	titiating	<<titiating>> initiating body means the legislative body with	titivating|titrating|vitiating
production-1939-vol1-chapters	834	27.0	distnet	<<distnet>> district means a district organized pursuant to	distent
production-1939-vol1-chapters	838	19.0	evetion	<<evetion>> of the initiating body be postponed not	evection
production-1939-vol1-chapters	840	18.0	outcontract	<<outcontract>> lg any act or work itself in	subcontract
production-1939-vol1-chapters	847	17.11	heanng	giving notice and warning and shall pro <<heanng>>	heang
production-1939-vol1-chapters	847	27.10	peesty	the written request of any county board <<peesty>>	pesty|reesty
production-1939-vol1-chapters	849	35.8	sateor	property or equipment of the district not <<sateor>>	sater|sator
production-1939-vol1-chapters	850	40.1	egunty	s <<egunty>> fire protection district stating the names of	gunty
production-1939-vol1-chapters	851	31.7	hestana	the resolution shall designate the exterior boun <<hestana>>	pestana
production-1939-vol1-chapters	851	38.10	vstine	shall be posted in three public places <<vstine>>	stine
production-1939-vol1-chapters	853	12.9	yestng	withdrawal of any territory from a dis <<yestng>> ot	testing|yesung
production-1939-vol1-chapters	857	24.0	ticable	<<ticable>> in accordance with the general laws of	timable
production-1939-vol1-chapters	858	3.0	onmr	<<onmr>> by the clerk of the board to	nmr|omr|oner|onm|onor|onr
production-1939-vol1-chapters	860	13.0	eutions	<<eutions>> under this chapter	elutions
production-1939-vol1-chapters	862	28.0	heanng	<<heanng>> the directors at the time and place	heang
production-1939-vol1-chapters	863	12.9	bulots	cast at the election shall contain the <<bulots>>	blots|bulot
production-1939-vol1-chapters	865	0.0	trict	<<trict>> whose names appear upon the last preceding	strict|tract|triact|tric|trica|trice
production-1939-vol1-chapters	866	37.0	nanees	<<nanees>>	anees|manees|nafees|nanes|nannes|nantes
production-1939-vol1-chapters	867	11.10	antuns	exempt firemen are entitled to the mo <<antuns>>	ants|antun|antunes|antung
production-1939-vol1-chapters	867	29.9	violatwn	of a fire company who wilfully issues <<violatwn>>	violation
production-1939-vol1-chapters	868	4.0	pubhe	<<pubhe>> weeds may be declared a public nuisance	dubhe|pube|puhe
production-1939-vol1-chapters	870	6.0	deersion	<<deersion>> upon the conclusion of the hearing the	demersion|detersion
production-1939-vol1-chapters	871	1.8	remmal	property owner may have weeds removed at <<remmal>> by	remmel
production-1939-vol1-chapters	873	1.11	oceu	or any portion of any such structure <<oceu>>	ceu|dceu|occu|oce|ocea|oced
production-1939-vol1-chapters	873	15.7	bulang	building means an apartment house hotel or <<bulang>>	balang|belang|bilang|blang|buang|bujang
production-1939-vol1-chapters	873	17.6	bulang	building department means the officer depart <<bulang>>	balang|belang|bilang|blang|buang|bujang
production-1939-vol1-chapters	874	34.0	houune	<<houune>> housing department means the officer depart	house
production-1939-vol1-chapters	874	37.0	nanee	<<nanee>> sanitation ventilation use or occupancy of buildings	anee|annee|danee|janee|lanee|manee
production-1939-vol1-chapters	875	25.1	overerowding	c <<overerowding>> a room with occupants	overcrowding
production-1939-vol1-chapters	875	32.8	scupied	space means all the space covered by <<scupied>>	occupied
production-1939-vol1-chapters	875	43.6	pyri	public hallway means a hallway corridor <<pyri>>	gyri|pari|peri|piri|pori|pri
production-1939-vol1-chapters	877	8.9	mnents	a building may be replaced in kind <<mnents>>	ments
production-1939-vol1-chapters	877	23.9	reconstruc	is reconstructed any building which has been <<reconstruc>>	reconstruct|reconstrue
production-1939-vol1-chapters	877	27.9	fompnation	building erected as or altered or converted <<fompnation>>	nomination
production-1939-vol1-chapters	879	12.10	mdgnent	to this article may by verified com <<mdgnent>>	manent
production-1939-vol1-chapters	880	17.0	ueseription	<<ueseription>> control of an apartment house or hotel	description
production-1939-vol1-chapters	881	17.7	fitittg	no person shall erect construct reconstruct move <<fitittg>>	fitting
production-1939-vol1-chapters	885	14.11	unoc	the percentage of lot to be left <<unoc>>	anoc|cnoc|enoc|knoc|noc|nuoc
production-1939-vol1-chapters	886	1.1	strueted	ae <<strueted>> of open metal work and fire escapes	strutted
production-1939-vol1-chapters	887	30.8	puiment	building erected as or altered or converted <<puiment>>	payment
production-1939-vol1-chapters	890	36.4	jeneth	side for its entire <<jeneth>> by a lot jine shall have a	janeth|keneth
production-1939-vol1-chapters	892	40.1	jivery	drain <<jivery>> inner court intake shall be drained and	ivery|jiver|jivey|livery|rivery
production-1939-vol1-chapters	894	13.2	miniminn	than the <<miniminn>> width specified in this part for the	minimize
production-1939-vol1-chapters	894	15.0	cuaprer	<<cuaprer>> lower floor air space	chapter
production-1939-vol1-chapters	895	23.13	avanment	hotel shall have a ceiling height of <<avanment>>	averment
production-1939-vol1-chapters	895	37.2	fimshed	from the <<fimshed>> floor to the finished ceiling	finshed|fished
production-1939-vol1-chapters	895	38.10	pvelling	a dwelling or in an apartment house <<pvelling>>	pelling
production-1939-vol1-chapters	896	23.0	rompart	<<rompart>>	compart|rampart
production-1939-vol1-chapters	896	25.0	rellng	<<rellng>> every water closet bath or slop sink	relling
production-1939-vol1-chapters	897	19.13	strhent	floor of the building it may be <<strhent>>	strent
production-1939-vol1-chapters	900	31.1	poreh	porn <<poreh>> except a roofed porch through which a	moreh|porch|pore|porec|pored|poree
production-1939-vol1-chapters	901	27.10	shlisht	house two or more stories in height <<shlisht>>	slight
production-1939-vol1-chapters	903	2.9	epien	apartment house or hotel shall have j <<epien>>	eien|elien|epipen|erien|pien
production-1939-vol1-chapters	904	9.0	pareay	<<pareay>> in every apartment house or hotel three	paray|parey|parlay|partay
production-1939-vol1-chapters	904	14.0	hastiue	<<hastiue>> each stairway required in an apartment house	hastie
production-1939-vol1-chapters	906	2.0	aeroot	<<aeroot>> if the building is a fireproof apartment	alroot|reroot|seroot
production-1939-vol1-chapters	907	37.9	fastenm	of a fire escape balcony to a <<fastenm>>	fasten|fastens
production-1939-vol1-chapters	910	2.3	baleonies	that it has <<baleonies>> made of reinforced concrete or fireproofed	balconies
production-1939-vol1-chapters	911	27.9	vestmies	an outside balcony at each floor there <<vestmies>>	vestries
production-1939-vol1-chapters	911	33.8	ficor	vestibule floor shall be of masonry construc <<ficor>>	ficar|fico|fior|licor|nicor
production-1939-vol1-chapters	912	1.0	vaunte	<<vaunte>> every fire escape in or on an	daunte|vaunt|vaunted|vaunter|vaunts|vaunty
production-1939-vol1-chapters	912	5.0	cuaprer	<<cuaprer>> comprnep stairway and fire escape	chapter
production-1939-vol1-chapters	913	27.8	semfre	shaft in a semifireproof or wooden apartment <<semfre>>	sempre
production-1939-vol1-chapters	913	28.12	sonden	inclosed hy the same kind of walls <<sonden>>	londen|sanden|senden|sinden|sodden|soden
production-1939-vol1-chapters	913	30.5	firestops	constructed of wood studs with <<firestops>> between the studs	firestop
production-1939-vol1-chapters	915	8.10	paravet	rail at least thirty inches im height <<paravet>>	parapet|paravel|paravent
production-1939-vol1-chapters	917	5.10	celngs	either have two ceilings with a space <<celngs>>	cents
production-1939-vol1-chapters	920	0.1	afed	im <<afed>>	abed|aced|aded|aed|afad|afd
production-1939-vol1-chapters	921	10.8	pandss	mechanical exhaust shall be drawn from a <<pandss>>	pandas|pands
production-1939-vol1-chapters	921	20.6	jeromimo	no dormitory shall contain sleeping accommodations <<jeromimo>>	jeronimo
production-1939-vol1-chapters	922	16.0	cuaprer	<<cuaprer>> burpine construction generally	chapter
production-1939-vol1-chapters	922	16.1	burpine	cuaprer <<burpine>> construction generally	burdine|burping
production-1939-vol1-chapters	922	41.0	rerlions	<<rerlions>> girders columns and all other bearing portions	regions
production-1939-vol1-chapters	923	8.7	weognts	schedules of weights of materials safe allowable <<weognts>> an	weights
production-1939-vol1-chapters	924	11.0	noueng	<<noueng>> ment house or hotel shall be cut	young
production-1939-vol1-chapters	925	19.9	rinur	otherwise permitted by this part in the <<rinur>>	ainur|riner|rinus
production-1939-vol1-chapters	927	4.3	redipped	metal lath or <<redipped>> or galvanized wire mesh of not less	redipper
production-1939-vol1-chapters	927	16.8	nonmstal	enforcement agency shall in every case deter <<nonmstal>>	nonfatal|nonmetal
production-1939-vol1-chapters	928	4.0	cesep	<<cesep>> ot if it is impracticable to connect	ceep|cegep|cesp
production-1939-vol1-chapters	928	20.0	termration	<<termration>> plumbing vent pipes installed in any building	termination
production-1939-vol1-chapters	928	24.0	cleanouts	<<cleanouts>> suitable ecleanouts shall be placed at convenient	cleanout
production-1939-vol1-chapters	928	26.0	caand	<<caand>> every gas and water service connection shall	aaand|aand|caad|caan|canad|cand
production-1939-vol1-chapters	929	6.5	atiele	buildings erected prior to august <<atiele>>	ariele|tiele
production-1939-vol1-chapters	929	26.7	esmption	the housing department may exempt any apart <<esmption>>	emption
production-1939-vol1-chapters	932	0.1	haliway	lic <<haliway>>	halfway|haliday|hallway
production-1939-vol1-chapters	932	28.0	faueets	<<faueets>> faucets with running water sufficient in number	faucets
production-1939-vol1-chapters	932	31.0	cuaprer	<<cuaprer>> prouisrrep buitptna or room usses	chapter
production-1939-vol1-chapters	933	38.0	cuarrer	<<cuarrer>> maintenance sanitation and	carrer|currer
production-1939-vol1-chapters	935	11.6	samtator	each room hallway passageway stairway wall <<samtator>>	saltator
production-1939-vol1-chapters	935	19.10	levosit	do or permit or cause another per <<levosit>>	deposit
production-1939-vol1-chapters	935	37.10	tovels	public towel shall be kept or main <<tovels>>	hovels|novels|tovell|toves|towels
production-1939-vol1-chapters	936	16.0	aetaker	<<aetaker>> a janitor housekeeper or other responsible person	retaker
production-1939-vol1-chapters	937	31.3	enaches	users of trailer <<enaches>> for the purpose of securing their trade	naches
production-1939-vol1-chapters	937	42.1	troag	t <<troag>>	toag|trag|troad|troas|troat|trog
production-1939-vol1-chapters	938	1.0	uneleanliness	<<uneleanliness>>	uncleanliness
production-1939-vol1-chapters	938	5.5	pienie	park public camp ground or <<pienie>> ground owned operated	piene|pirnie|wienie
production-1939-vol1-chapters	938	43.0	reanred	<<reanred>> lowing unless he first makes application in	reared
production-1939-vol1-chapters	939	0.0	tyereror	<<tyereror>>	therefor
production-1939-vol1-chapters	939	16.7	ealsting	camp the application shall be accompanied by <<ealsting>>	easting
production-1939-vol1-chapters	939	27.7	tssunce	within ten days after the application descriptions <<tssunce>>	issuance
production-1939-vol1-chapters	940	18.0	hevgnt	<<hevgnt>> tent in an auto camp shall have	event
production-1939-vol1-chapters	940	39.0	aniange	<<aniange>> windows required by this article shall be	arrange
production-1939-vol1-chapters	945	22.8	beope	provision in this part which is inconsistent <<beope>> of	beode|beppe|bope|peope
production-1939-vol1-chapters	946	21.0	horvontal	<<horvontal>> every building subject to this chapter shall	horizontal
production-1939-vol1-chapters	947	10.2	brepping	cuaprrer toren <<brepping>> and sanitation	prepping|repping
production-1939-vol1-chapters	947	17.6	meludes	bedding as used in this chapter <<meludes>> bed beddug	deludes|eludes
production-1939-vol1-chapters	947	17.8	beddug	as used in this chapter meludes bed <<beddug>>	bedbug|bedding|bedrug
production-1939-vol1-chapters	947	18.1	bedcovering	clothes <<bedcovering>> mattresses quilts blankets sheets pil	recovering
production-1939-vol1-chapters	947	21.8	entoree	state department of public health and the <<entoree>>	entree
production-1939-vol1-chapters	947	33.10	samtation	in any hotel shall be kept clean <<samtation>>	saltation
production-1939-vol1-chapters	947	36.9	eniang	shall not be nsed in anv hotel <<eniang>>	ening|niang
production-1939-vol1-chapters	948	8.0	fumgation	<<fumgation>> any room in any hotel whiea is	fumigation|fungation
production-1939-vol1-chapters	949	9.8	ditnet	board as used in this chapter means <<ditnet>>	bitnet|dinet|dotnet
production-1939-vol1-chapters	949	16.9	enors	levied assessed or collected and no elec <<enors>> et	enorm|enos|nors|senors|tenors
production-1939-vol1-chapters	949	21.7	areaor	any unincorporated town may pursuant to this <<areaor>>	arear
production-1939-vol1-chapters	951	31.7	immedute	the immediate successors of the first commissioners <<immedute>>	immediate
production-1939-vol1-chapters	952	32.0	pohce	<<pohce>> for the purpose of housing its police	poche|pohle|poice|polce|ponce|pouce
production-1939-vol1-chapters	952	37.0	tovoters	<<tovoters>> station the district board may submit to	tooters|voters
production-1939-vol1-chapters	955	22.10	olutur	be dissolved by the board pur pr <<olutur>>	outer
production-1939-vol1-chapters	955	33.9	xtre	shall publish a notice of the hearing <<xtre>>	atre|etre|extre|stre|tre|xte
production-1939-vol1-chapters	957	7.9	tseor	and funds reverting to a county pur <<tseor>>	their|theor
production-1939-vol1-chapters	958	21.0	inrectors	<<inrectors>> the members of the board are ex	injectors
production-1939-vol1-chapters	959	1.0	cuaprer	<<cuaprer>> tlzautrh and safety of bathers	chapter
production-1939-vol1-chapters	959	10.9	equpmeni	shall be fully equipped with oars oar <<equpmeni>>	equipment
production-1939-vol1-chapters	960	1.0	ponalt	<<ponalt>> every person who violates any provision of	ponant
production-1939-vol1-chapters	960	11.0	guistions	<<guistions>> rules and regulations pertaining to public swimming	questions
production-1939-vol1-chapters	961	22.0	cuapterr	<<cuapterr>> tanks and boilers	chapter
production-1939-vol1-chapters	963	15.9	dirations	dangerous condition the commission or a commissioner <<dirations>>	dilations|durations
production-1939-vol1-chapters	964	36.0	dneration	<<dneration>> except during the time that a request	deration
production-1939-vol1-chapters	965	11.8	gucive	person having charge of any steam boiler <<gucive>>	give
production-1939-vol1-chapters	965	31.0	valescent	<<valescent>> colony or receive contributions from any source	calescent|ovalescent
production-1939-vol1-chapters	966	0.0	kammation	<<kammation>> before accepting tne conveyance of the land	gammation
production-1939-vol1-chapters	966	1.0	oftive	<<oftive>> department of finance shall have the title	oftime|optive|ortive
production-1939-vol1-chapters	966	33.0	unoceuned	<<unoceuned>> the board of supervisors shall order securely	unopened
production-1939-vol1-chapters	967	6.0	cuaptcr	<<cuaptcr>> drvuas	chapter
production-1939-vol1-chapters	967	6.1	drvuas	cuaptcr <<drvuas>>	drugs
production-1939-vol1-chapters	967	38.6	immedat	immediate container does not include package <<immedat>>	immediat|immediate
production-1939-vol1-chapters	968	24.0	antiseptie	<<antiseptie>> advertisement as an antiseptic shall be considered	antiseptic|antiseptize
production-1939-vol1-chapters	969	8.7	npederal	federal act means the federal food drug <<npederal>>	federal
production-1939-vol1-chapters	972	5.1	sulfant	or <<sulfant>> a drug sold at retail for use	suant
production-1939-vol1-chapters	973	35.7	labiny	no publisher radio broadcast licensee or agency <<labiny>>	labine
production-1939-vol1-chapters	973	36.9	srrete	for the dissemination of an advertisement except <<srrete>>	arrete|strete|surete
production-1939-vol1-chapters	975	13.7	sabons	with the board an application setting forth <<sabons>>	sabins|sabon|sabonis|sabots|salons|saxons
production-1939-vol1-chapters	987	9.10	dasnlay	be deemed to be mislabeled or mis <<dasnlay>>	display
production-1939-vol1-chapters	988	29.7	aveney	liability no publisher radio broadcast licensee or <<aveney>>	adeney|aveley|avene|avenel|avener|averey
production-1939-vol1-chapters	989	43.5	lusements	any food is hereby prohibited <<lusements>>	easements
production-1939-vol1-chapters	990	38.0	guarany	<<guarany>> dition or restriction all of the products	guaran|guarana|guarani|guaranty
production-1939-vol1-chapters	991	43.8	teentty	any definition and standard of identity prescribed <<teentty>>	teenty
production-1939-vol1-chapters	992	5.0	opuonal	<<opuonal>> n f in prescribing a definition and	optional
production-1939-vol1-chapters	993	12.9	shenfs	of the respective counties of the state <<shenfs>>	shelfs
production-1939-vol1-chapters	996	6.6	concirsion	found shall be made until the <<concirsion>> of the hearing	concision|concursion
production-1939-vol1-chapters	999	2.8	bxomt	a local food protection and enforcement division <<bxomt>>	boat
production-1939-vol1-chapters	1003	0.0	frepeaied	<<frepeaied>>	repealed
production-1939-vol1-chapters	1004	37.0	facention	<<facention>> person firm or corporation from driving herding	faction
production-1939-vol1-chapters	1006	13.0	besiebe	<<besiebe>> approved by governor aprt ort with secretary	believe|besiege
production-1939-vol1-chapters	1007	5.1	paened	april <<paened>>	pained|paned|panned|pawned|peened
production-1939-vol1-chapters	1007	14.3	taao	april j i <<taao>>	aao|taa|taac|taag|taako|taal
production-1939-vol1-chapters	1007	24.10	mabuiy	not limit the liability for negligent opera <<mabuiy>> for	mabury
production-1939-vol1-chapters	1008	19.0	cuaprer	<<cuaprer>> desert torroises	chapter
production-1939-vol1-chapters	1008	21.0	gopherus	<<gopherus>> aggassizii	gophers
production-1939-vol1-chapters	1011	1.7	comty	bernardino county flood control district and dividing <<comty>>	cmty|coaty|comay|comby|comey|comfy
production-1939-vol1-chapters	1012	33.0	tmuing	<<tmuing>> easterly along the north line of the	truing
production-1939-vol1-chapters	1026	24.0	proubitions	<<proubitions>> se of water in the district provided	prohibitions
production-1939-vol1-chapters	1029	13.7	forord	all ordinances resolutions and other legislative acts <<forord>>	foord|forword
production-1939-vol1-chapters	1029	17.0	nanees	<<nanees>> resolutions or other legislative acts for the	anees|manees|nafees|nanes|nannes|nantes
production-1939-vol1-chapters	1031	11.8	papeait	for said purposes provided however that no <<papeait>>	pageant
production-1939-vol1-chapters	1031	12.10	iures	thereof derived in any of the several <<iures>>	aures|bures|cures|dures|eures|ihres
production-1939-vol1-chapters	1031	24.10	orels	by any two contiguous zones for financing <<orels>>	morels|orals|oreas|orel|orell|orelse
production-1939-vol1-chapters	1033	3.0	einets	<<einets>> by consolidating the precincts established for general	eines
production-1939-vol1-chapters	1033	19.11	putneation	be published five times which need not <<putneation>>	putation
production-1939-vol1-chapters	1033	35.10	pualle	semiannually each and every year on a <<pualle>>	palle|phalle|pulle
production-1939-vol1-chapters	1033	48.11	xecu	bonds shall be signed by the chair <<xecu>>	becu|ecu|excu|execu|secu|xenu
production-1939-vol1-chapters	1035	10.9	bondsas	bonds of said san bernardino county flood <<bondsas>>	bonds
production-1939-vol1-chapters	1036	37.1	ongmal	of <<ongmal>> at such election to incur the indebtedness	onymal
production-1939-vol1-chapters	1042	17.0	heeping	<<heeping>> attendance upon schools of elementary and second	beeping|cheeping|deeping|heaping|heeding|heeling
production-1939-vol1-chapters	1043	33.5	tavlorsville	of district and the susanville <<tavlorsville>> road	taylorsville
production-1939-vol1-chapters	1045	47.9	encum	owners of their equity over and above <<encum>>	encom|encup|engum|enum
production-1939-vol1-chapters	1049	45.9	purense	real property under any contract of purchase <<purense>>	ourense|purpose
production-1939-vol1-chapters	1054	10.0	stenty	<<stenty>> turd day of april ad frank c	stent|stento|stents|stentz|steny|stinty
production-1939-vol1-chapters	1055	34.9	pennitions	this act unless the context otherwise requires <<pennitions>>	petitions
production-1939-vol1-chapters	1057	16.10	elesion	may present to the board of supervisors <<elesion>>	eleison|elision|elusion|elysion|lesion
production-1939-vol1-chapters	1057	43.10	mqusen	shall exclude from the district any of <<mqusen>>	musen
production-1939-vol1-chapters	1059	39.2	growme	und fruit <<growme>> thereon	groome|growe|growse
production-1939-vol1-chapters	1059	44.11	tultual	located shall upon request of the board <<tultual>>	cultual
production-1939-vol1-chapters	1061	11.7	certifeation	by the county agricultural commissioner upon completing <<certifeation>>	certification
production-1939-vol1-chapters	1062	0.0	applieat	<<applieat>> ow sec the general provisions of the	applicat
production-1939-vol1-chapters	1062	26.0	paesron	<<paesron>> src upon the written petition of any	person
production-1939-vol1-chapters	1063	27.9	recoidine	board of supervisors shall cause a certified <<recoidine>>	recording
production-1939-vol1-chapters	1064	30.0	struea	<<struea>> to invalidate or affect the collection or	strea|strue|struma
production-1939-vol1-chapters	1065	27.7	wilfthy	every person not the owner thereof who <<wilfthy>> pestraeion	filthy
production-1939-vol1-chapters	1065	28.10	arcieo	or destroys any object or thing of <<arcieo>>	archeo|arciero
production-1939-vol1-chapters	1065	40.8	lumtation	incorporated fire and marine insurer shall never <<lumtation>>	limitation|luctation|lutation
production-1939-vol1-chapters	1069	16.9	dveetor	natural resources the director shall be appointed <<dveetor>>	debtor
production-1939-vol1-chapters	1070	22.10	vharve	of oi and gas shall be in <<vharve>> of a	harve|varve|wharve
production-1939-vol1-chapters	1071	12.7	fapenditures	the department of natural resources may expend <<fapenditures>>	expenditures
production-1939-vol1-chapters	1072	15.0	plovees	<<plovees>> when necessary in the execution of the	plovers
production-1939-vol1-chapters	1073	23.11	iinhons	any mine of whatever kind or character <<iinhons>>	siphons
production-1939-vol1-chapters	1074	30.0	qualifea	<<qualifea>> association unless such person and the members	qualifed
production-1939-vol1-chapters	1076	0.1	cnapler	ums <<cnapler>>	chapter
production-1939-vol1-chapters	1077	6.0	alogist	<<alogist>> shall collect from the person ordering it	algist|alogism|alquist|ologist
production-1939-vol1-chapters	1078	28.0	eseheat	<<eseheat>> delivered to the owner thereof they shall	escheat
production-1939-vol1-chapters	1078	48.0	escteated	<<escteated>> after the state mineralogist may sell the	escheated
production-1939-vol1-chapters	1081	43.0	evbic	<<evbic>> wards of material	ebic|evic
production-1939-vol1-chapters	1082	7.0	meertan	<<meertan>> otherwise validly located or relocated since the	meerman
production-1939-vol1-chapters	1083	29.11	fequres	hold possession of a mining claim shall <<fequres>>	requires
production-1939-vol1-chapters	1084	20.0	mubveation	<<mubveation>> newspaper there shall be attached to a	subvention
production-1939-vol1-chapters	1085	4.10	acknos	contribution the eo owner or co owners <<acknos>>	acknow
production-1939-vol1-chapters	1086	0.0	umec	<<umec>> sary share the profits and losses of	amec|emec|imec|mec|uec|umac
production-1939-vol1-chapters	1086	18.1	disseved	nut <<disseved>> convey his interest in the mine and	dissever|dissolved
production-1939-vol1-chapters	1087	14.9	witharay	the petition may be withdrawn at any <<witharay>>	withdraw
production-1939-vol1-chapters	1088	13.0	orior	<<orior>> reason of clerical error in the published	orio|oriol|orion|prior|trior
production-1939-vol1-chapters	1088	17.0	noliee	<<noliee>> notice given has been defective in any	nolie|nolife
production-1939-vol1-chapters	1088	38.0	ehgible	<<ehgible>> all the land proposed to be included	eligible
production-1939-vol1-chapters	1091	21.10	cedines	of supervisors finally determines that the dis <<cedines>>	cedine
production-1939-vol1-chapters	1091	41.12	bmion	is filed with the board of super <<bmion>>	bion|brion|mion
production-1939-vol1-chapters	1094	22.0	ofvole	<<ofvole>> held under this chapter shall be the	vole
production-1939-vol1-chapters	1095	12.9	resolun	of directors of the district shall thirty <<resolun>>	resogun|resolu
production-1939-vol1-chapters	1096	28.0	eessors	<<eessors>> at the first general election after the	lessors
production-1939-vol1-chapters	1098	14.0	situatedin	<<situatedin>> next ensuing fiscal year ratably among the	situated
production-1939-vol1-chapters	1100	28.0	oettet	<<oettet>> tract shall have no power to incur	bettet|pettet
production-1939-vol1-chapters	1105	17.10	pemne	be opened at the time and place <<pemne>>	peine|pembe|pene|penne|peone|perne
production-1939-vol1-chapters	1105	35.9	construetior	may construct any of its work across <<construetior>>	construction
production-1939-vol1-chapters	1105	37.9	pubue	canal ditch boom or other property subject <<pubue>> us	pube
production-1939-vol1-chapters	1106	22.0	stieinds	<<stieinds>> set apart to locate construct and maintain	stipends
production-1939-vol1-chapters	1107	33.0	trict	<<trict>> voting at an election at which the	strict|tract|triact|tric|trica|trice
production-1939-vol1-chapters	1108	21.0	prvorution	<<prvorution>> said board of supervisors is hereby constituted	proration
production-1939-vol1-chapters	1108	29.0	slulee	<<slulee>> boses sluice boxes flumes hose pipes railway	sludge
production-1939-vol1-chapters	1109	30.6	grubstate	all grubstake contracts and prospecting agreements <<grubstate>>	grubstake
production-1939-vol1-chapters	1109	31.11	pottine	which may in any way affect the <<pottine>>	bottine|pettine|pittine|pontine|pottie|potting
production-1939-vol1-chapters	1112	30.12	joeation	water in the oi sands and the <<joeation>> and	jobation|jotation
production-1939-vol1-chapters	1114	41.0	prosies	<<prosies>> each of those entitled to vote may	posies|proses|prosier|prosiest|prosise|proxies
production-1939-vol1-chapters	1116	0.0	seretey	<<seretey>> dod hach board of district commissioners may	surety
production-1939-vol1-chapters	1117	42.8	voutsat	all recall elections qualifications of voters and <<voutsat>>	outset
production-1939-vol1-chapters	1119	24.3	redrilled	each well drilled <<redrilled>> or deepened the bond shall be	redpilled
production-1939-vol1-chapters	1120	6.6	redrilled	bond for each well being drilled <<redrilled>> or deepened by	redpilled
production-1939-vol1-chapters	1122	0.0	inencement	<<inencement>> oi the work of drilling any well	inducement
production-1939-vol1-chapters	1124	0.0	trict	<<trict>> deputy shall within five days alter receipt	strict|tract|triact|tric|trica|trice
production-1939-vol1-chapters	1125	9.9	rmnn	any additional information that he may request <<rmnn>>	mnn|rann|renn|rinn|rman|rmn
production-1939-vol1-chapters	1125	24.10	fmurot	or the district deputy fails to give <<fmurot>>	faurot
production-1939-vol1-chapters	1129	48.0	ehpg	<<ehpg>>	ehg|ehp|epg|hpg|shpg
production-1939-vol1-chapters	1130	9.1	cudnee	as <<cudnee>> set aside or modified by the board	cudney
production-1939-vol1-chapters	1131	18.10	joucet	from the taking of the appeal five <<joucet>>	doucet|jouet|jouvet
production-1939-vol1-chapters	1131	24.8	derlsion	district board after hearing shall affirm set <<derlsion>>	decision|derision
production-1939-vol1-chapters	1133	39.11	jened	of the police power of the state <<jened>>	ened|jene|jenes|jered|jewed|vened
production-1939-vol1-chapters	1135	1.11	talure	the department within the time prescribed on <<talure>>	alure|taure
production-1939-vol1-chapters	1139	4.10	delunguent	following the delinquency of any charge bring <<delunguent>>	delinquent
production-1939-vol1-chapters	1140	1.0	treasuer	<<treasuer>> visions of section a copy of the	treaster|treasur|treasure|treasurer
production-1939-vol1-chapters	1140	16.0	cuaprer	<<cuaprer>> wasttina or natural gas	chapter
production-1939-vol1-chapters	1140	18.0	probited	<<probited>> prohibited from wilfully permitting natural gas wastefully	probated|profited
production-1939-vol1-chapters	1140	38.0	onenses	<<onenses>> allowed wastefully or unnecessarily to escape into	oneness
production-1939-vol1-chapters	1141	27.10	applceton	this chapter do not apply to any <<applceton>>	appleton
production-1939-vol1-chapters	1141	32.10	jhorest	this article forest fire means a fire <<jhorest>>	forest
production-1939-vol1-chapters	1142	4.0	pereianl	<<pereianl>> fre the district fire rangers shall under	persian
production-1939-vol1-chapters	1142	44.0	eurred	<<eurred>> under such agreements shall be paid from	burred|erred|furred|purred
production-1939-vol1-chapters	1143	32.9	wanant	foresters district fire rangers special fire rangers <<wanant>> fo	anant|wanat|winant|wynant
production-1939-vol1-chapters	1144	44.0	certam	<<certam>> cases shall then provide such patrol except	ceram|certa|certai
production-1939-vol1-chapters	1145	41.14	heann	all sums due to the state and <<heann>>	ceann|deann|eann|hann|hean|heang
production-1939-vol1-chapters	1147	17.10	rnin	at least one newspaper of general circulation <<rnin>>	anin|enin|hnin|inin|knin|nin
production-1939-vol1-chapters	1148	2.0	durmz	<<durmz>> ber fallows slash or grass brush or	durm|durmaz
production-1939-vol1-chapters	1148	24.0	ackfire	<<ackfire>> ee os	backfire
production-1939-vol1-chapters	1151	46.5	udement	resources thereof when in his <<udement>> it is advantageous to	dement|rudement
production-1939-vol1-chapters	1153	38.10	imect	such insect pests on lands owned by <<imect>> pets	imec|imet
production-1939-vol1-chapters	1154	42.0	fnrorcement	<<fnrorcement>> tf the charges and expenses are not	enforcement
production-1939-vol1-chapters	1155	7.7	passoh	whenever the state board of forestry determines <<passoh>> ine	passo|passon|passos|passow
production-1939-vol1-chapters	1155	17.8	gyarton	engages in the destruction control and eradication <<gyarton>>	garton
production-1939-vol1-chapters	1155	42.7	piiend	no shareholder of any corporation formed under <<piiend>> of	piend
production-1939-vol1-chapters	1157	12.10	pispostion	of the lumber does not within three <<pispostion>>	disposition
production-1939-vol1-chapters	1159	2.0	cuaprer	<<cuaprer>> srare parks anp monxumentts	chapter
production-1939-vol1-chapters	1159	2.1	srare	cuaprer <<srare>> parks anp monxumentts	crare|rare|saare|sare|sarre|scare
production-1939-vol1-chapters	1159	2.4	monxumentts	cuaprer srare parks anp <<monxumentts>>	monuments
production-1939-vol1-chapters	1159	5.10	syirm	commission has control of the state park <<syirm>>	yirm
production-1939-vol1-chapters	1159	42.9	acguisitum	park commission with the consent of the <<acguisitum>>	acquisitum
production-1939-vol1-chapters	1162	21.0	veeaty	<<veeaty>> bay state park all privately or publicly	treaty
production-1939-vol1-chapters	1164	41.0	masonity	<<masonity>> city the notices shall state specifically the	majority|masonite
production-1939-vol1-chapters	1169	4.10	tivestment	at any time exceed the sums necessary <<tivestment>>	divestment
production-1939-vol1-chapters	1169	31.11	quaifics	board shall be a freeholder and a <<quaifics>>	qualifies
production-1939-vol1-chapters	1170	21.0	incontracte	<<incontracte>> oy indirectly in any contract or work	incontracted
production-1939-vol1-chapters	1172	22.1	jglative	acquired <<jglative>> acts are enacted by it determine what	relative
production-1939-vol1-chapters	1173	43.12	analable	and a sum sufficient for the pur <<analable>>	available|avalable
production-1939-vol1-chapters	1174	1.7	specifving	bonds with interest having the highest numbers <<specifving>>	specifying
production-1939-vol1-chapters	1174	10.0	rebonls	<<rebonls>> provisions of this article may by ordinance	reboils
production-1939-vol1-chapters	1174	28.0	msinet	<<msinet>> district as used in this article means	minet
production-1939-vol1-chapters	1174	39.0	coenenty	<<coenenty>> as used in this article includes city	conerty
production-1939-vol1-chapters	1176	14.0	fecten	<<fecten>> establishment of the district an election shall	felten|festen|pecten
production-1939-vol1-chapters	1178	30.0	meverty	<<meverty>> with districts havig no board of directors	severty
production-1939-vol1-chapters	1180	9.5	jorut	two or more munrerpabties no <<jorut>> resolution has been passed by the	borut|jort|jorum
production-1939-vol1-chapters	1181	8.11	fomrye	the district the title to which is <<fomrye>>	force
production-1939-vol1-chapters	1181	9.12	astnet	which the district lies shall remain the <<astnet>>	artnet|aspnet|fastnet
production-1939-vol1-chapters	1181	22.12	uncolleeted	the order of the board of super <<uncolleeted>>	uncollected
production-1939-vol1-chapters	1181	30.0	trict	<<trict>> its governing body determines that certain territory	strict|tract|triact|tric|trica|trice
production-1939-vol1-chapters	1182	38.0	tmeand	<<tmeand>> tract the board shall fix a time	meand
production-1939-vol1-chapters	1182	39.0	pacetor	<<pacetor>> petition and protests of interested persons not	factor
production-1939-vol1-chapters	1184	50.0	distnet	<<distnet>> bonds may be issued by a district	distent
production-1939-vol1-chapters	1185	36.9	matunt	to mature in each issue shall mature <<matunt>>	amount
production-1939-vol1-chapters	1186	2.0	onbois	<<onbois>> officer and attested by the secretary of	onions
production-1939-vol1-chapters	1187	24.9	beanng	who objects to the statement may appear <<beanng>> on	beaning
production-1939-vol1-chapters	1187	48.8	pisnet	as used in this article means any <<pisnet>>	pinet|pinnet|posnet
production-1939-vol1-chapters	1188	3.0	fitact	<<fitact>> municipalities and any parcel or parcels of	fact
production-1939-vol1-chapters	1189	26.0	intion	<<intion>> fix a time and place for a	inion|inton|intron|ition
production-1939-vol1-chapters	1190	17.0	ereated	<<ereated>>	created|erected|greated|treated
production-1939-vol1-chapters	1191	38.12	furectors	elector of the district as finally deter <<furectors>>	directors
production-1939-vol1-chapters	1192	15.0	remburse	<<remburse>> jf a special election is held exclusively	reimburse
production-1939-vol1-chapters	1192	25.0	timefor	<<timefor>> of any district and anv proceedings in	timeform
production-1939-vol1-chapters	1194	28.0	subdistricis	<<subdistricis>> nance fix the boundaries of the wards	subdistrict|subdistricts
production-1939-vol1-chapters	1195	8.10	lemetative	directors is the legislative body of the <<lemetative>>	vegetative
production-1939-vol1-chapters	1197	25.0	nanees	<<nanees>> shall be published once within thirty days	anees|manees|nafees|nanes|nannes|nantes
production-1939-vol1-chapters	1197	39.7	distnet	the district manager has the following administra <<distnet>>	distent
production-1939-vol1-chapters	1199	21.8	surerision	board shall superintend control and make avail <<surerision>>	supervision
production-1939-vol1-chapters	1200	15.0	omeers	<<omeers>> have within the distr et for which	ameers|meers|omers
production-1939-vol1-chapters	1202	39.0	aaeme	<<aaeme>> year the county auditor of each county	aame
production-1939-vol1-chapters	1202	47.0	eountyv	<<eountyv>>	county
production-1939-vol1-chapters	1203	1.11	iimied	of each year cause to be prepared <<iimied>>	limited
production-1939-vol1-chapters	1204	19.0	forntory	<<forntory>> annex territory has incurred or authorized the	oratory
production-1939-vol1-chapters	1204	22.0	debtedness	<<debtedness>> petition and notice of hearing may specify	indebtedness
production-1939-vol1-chapters	1206	6.0	dalots	<<dalots>> square after the printed word yes his	alots|dalits|dalot
production-1939-vol1-chapters	1207	21.12	feuten	value and use as bonds issued by <<feuten>>	felten|festen
production-1939-vol1-chapters	1207	32.8	ewmable	for constructing any building structure or improvement <<ewmable>>	enable
production-1939-vol1-chapters	1207	41.8	constmetion	article shall be liberally construed to promote <<constmetion>>	consumption
production-1939-vol1-chapters	1209	40.9	resoltinr	determines that the district should be estab <<resoltinr>>	resulting
production-1939-vol1-chapters	1210	22.0	orginza	<<orginza>> the election are in favor of the	organza
production-1939-vol1-chapters	1213	18.10	dotiet	by the county auditor of an order <<dotiet>>	dotnet|duties
production-1939-vol1-chapters	1216	1.1	bibe	bisa <<bibe>>	babe|bbe|bebe|bib|biba|bibb
production-1939-vol1-chapters	1217	8.9	eect	governor april with secretary of state dn <<eect>>	bect|cect|dect|ect|eec|eech
production-1939-vol1-chapters	1217	33.1	epad	ut <<epad>>	dpad|ead|ecad|edad|egad|eiad
production-1939-vol1-chapters	1224	37.0	ancraft	<<ancraft>> provisions of this act and from the	adcraft
production-1939-vol1-chapters	1226	0.0	muniei	<<muniei>> al sec a the clerk of the	munie|munier
production-1939-vol1-chapters	1226	1.0	cteser	<<cteser>> first and one half class shall appoint	caeser|cheser
production-1939-vol1-chapters	1226	10.3	enief	one deputy clerk <<enief>> clerk criminal department three	enie|enif|enlief
production-1939-vol1-chapters	1227	25.10	savoried	enter into any contract for the rendering <<savoried>>	savored|savorier|savories
production-1939-vol1-chapters	1228	32.0	cpenses	<<cpenses>> otherwise appropriated for contingent expenses of the	censes
production-1939-vol1-chapters	1228	40.0	atelv	<<atelv>>	atelo
production-1939-vol1-chapters	1229	13.11	ameamt	his affidavit to each of his published <<ameamt>>	meat
production-1939-vol1-chapters	1230	22.0	barher	<<barher>>	bacher|baher|barber|barer|barger|barker
production-1939-vol1-chapters	1231	15.9	premets	furniture equipment tools utensils floors walls and <<premets>>	premeds|presets
production-1939-vol1-chapters	1231	22.9	cusprdors	cleaned daily and a disinfectant solution left <<cusprdors>>	cuspidors
production-1939-vol1-chapters	1231	26.12	rcceptacies	a shop or college to have at <<rcceptacies>>	receptacles
production-1939-vol1-chapters	1232	15.0	veyance	<<veyance>> of a mortgage or cause partial reconveyance	voyance
production-1939-vol1-chapters	1233	22.10	staphs	specific street address or location devoted exclu <<staphs>>	stapes|staph|stephs
production-1939-vol1-chapters	1236	40.0	compieint	<<compieint>> plaint signed and verified by the complainant	complaint
production-1939-vol1-chapters	1237	21.7	psopine	the board may discipline every accused licensee <<psopine>>	propane|propine|psocine
production-1939-vol1-chapters	1237	32.11	sermce	the disciplinary order of the board pro <<sermce>>	servce
production-1939-vol1-chapters	1239	41.9	fonsiners	restaurant soda fountain or other place of <<fonsiners>>	considers
production-1939-vol1-chapters	1240	6.0	marlang	<<marlang>> ce every private or common carrier before	malang|marang|marlan|marland|marling
production-1939-vol1-chapters	1246	15.0	dughier	<<dughier>> s maintain as plaintiff an action for	daughter|doughier
production-1939-vol1-chapters	1247	9.9	sitreman	priest or religious practitioner of an estab <<sitreman>>	fireman|siteman
production-1939-vol1-chapters	1248	24.0	dsabity	<<dsabity>> employees on account of disability after fifteen	sanity
production-1939-vol1-chapters	1249	3.9	epaception	to take fur bearing mammals provided however <<epaception>>	exception
production-1939-vol1-chapters	1251	28.7	subsutute	position requiring certification qualifications for one complete <<subsutute>>	subsitute|substitute
production-1939-vol1-chapters	1254	6.0	lificated	<<lificated>> employees of school districts which are formed	litigated
production-1939-vol1-chapters	1261	29.10	evtor	acting by and through its city council <<evtor>>	ector|etor
production-1939-vol1-chapters	1266	25.0	palainte	<<palainte>> at the rate of per cent per	palaite|palante|plainte
production-1939-vol1-chapters	1267	10.0	nussioners	<<nussioners>>	missioners
production-1939-vol1-chapters	1269	8.11	heanng	said district thereupon the said board of <<heanng>>	heang
production-1939-vol1-chapters	1269	46.9	cotection	made in pursuance hereof shall be filed <<cotection>> ut	colection|conection|contection
production-1939-vol1-chapters	1270	6.0	disbuse	<<disbuse>> fund of such district and be paid	disabuse|disburse|diseuse|disuse
production-1939-vol1-chapters	1270	41.0	newlist	<<newlist>> to prepare a new assessment list such	nellist|netlist
production-1939-vol1-chapters	1271	44.11	ommem	to be exercised at anv time sub <<ommem>>	ommen
production-1939-vol1-chapters	1273	50.8	monevs	substantial sums in july and august before <<monevs>>	mones|monets|monev|moneys
production-1939-vol1-chapters	1275	3.8	fendns	action or proceeding commenced before this code <<fendns>>	fends|fenns
production-1939-vol1-chapters	1275	10.9	dnss	chapter article and section headings do h <<dnss>>	cnss|dass|dcss|ddss|dess|dhss
production-1939-vol1-chapters	1275	13.11	friomer	granted to or a duty imposed on <<friomer>>	fromer
production-1939-vol1-chapters	1277	18.5	posseseor	possessory interests means the following <<posseseor>>	possessor
production-1939-vol1-chapters	1277	42.11	iutany	exempt from taxation and any interest therein <<iutany>>	lutany
production-1939-vol1-chapters	1278	22.0	mcenp	<<mcenp>> on redemption officer means the county auditor	cenp|mcnp
production-1939-vol1-chapters	1284	6.0	coneee	<<coneee>> en the affidavit for the college exemption	coneen|congee|conlee|connee|contee
production-1939-vol1-chapters	1284	46.0	cuaprer	<<cuaprer>> leaau description or lands ror assessment	chapter
production-1939-vol1-chapters	1287	0.0	ulime	<<ulime>>	clime|glime|lime|slime|ulice|uline
production-1939-vol1-chapters	1287	7.8	versonalty	property statement shall also show a description <<versonalty>>	personalty
production-1939-vol1-chapters	1287	24.10	armrent	of the assessor to demand or secure <<armrent>>	arment|armrest|arrent|arrest
production-1939-vol1-chapters	1288	16.0	honand	<<honand>> fer if the assessor has not received	holand|honan
production-1939-vol1-chapters	1289	26.9	fuluto	demand by the assessor if any person <<fuluto>>	fulton
production-1939-vol1-chapters	1292	43.0	cempt	<<cempt>> land shall be shown like other real	cemp|cept|coempt|compt|empt|kempt
production-1939-vol1-chapters	1294	0.10	durmg	of the assessor ave at all times <<durmg>>	durag|durg|durig|durm|durng
production-1939-vol1-chapters	1296	0.0	conclt	<<conclt>> sive if the property statement s not	concat|concl|conclu
production-1939-vol1-chapters	1297	10.9	tpeny	litigation in possession of a county treasurer <<tpeny>>	teeny|teny
production-1939-vol1-chapters	1297	34.9	rexdence	in this article residence of the owner <<rexdence>>	residence
production-1939-vol1-chapters	1299	20.8	fnei	between fixed termini or over a regular <<fnei>>	bnei|fei|feni|fne|fni|frei
production-1939-vol1-chapters	1300	18.3	orrice	chapter assessor s <<orrice>> equipment	morrice|orrick|orrie
production-1939-vol1-chapters	1303	29.10	aftdavit	as clerk of the board of equalization <<aftdavit>>	affidavit
production-1939-vol1-chapters	1305	13.9	spprasals	by the county board during its author <<spprasals>>	appraisals
production-1939-vol1-chapters	1307	17.0	cuaptter	<<cuaptter>> errecr or tax	chapter
production-1939-vol1-chapters	1307	17.1	errecr	cuaptter <<errecr>> or tax	erreca|erreur
production-1939-vol1-chapters	1308	35.0	disere	<<disere>> the assessor tax collector or treasurer for	desere|diseme|isere|lisere|misere
production-1939-vol1-chapters	1310	16.0	leeted	<<leeted>> by the tax collector is placed on	fleeted|leered|leete|sleeted|yeeted
production-1939-vol1-chapters	1314	3.0	tndee	<<tndee>> redemption officer showing unpaid taxes against any	andee|endee|indee
production-1939-vol1-chapters	1315	22.7	transms	the officer receiving the application shall forthwith <<transms>>	transm|transoms
production-1939-vol1-chapters	1316	27.0	sevounting	<<sevounting>> time and in the manner prescribed by	recounting
production-1939-vol1-chapters	1317	8.9	syvur	on the unsecured roll may be collected <<syvur>>	savur|your
production-1939-vol1-chapters	1318	22.0	balinquent	<<balinquent>> regardless of when the property is discovered	delinquent
production-1939-vol1-chapters	1320	36.0	puvien	<<puvien>> sae sold property which was sold to	purview
production-1939-vol1-chapters	1322	23.0	polation	<<polation>> general circulation published in the county seat	colation|eolation|palation|polution|potation|prolation
production-1939-vol1-chapters	1322	42.0	heation	<<heation>> paper or if there is rone a	heatin|heaton|hiation|section
production-1939-vol1-chapters	1324	8.0	timeand	<<timeand>> first publication of the published delinquent list	tideland
production-1939-vol1-chapters	1324	43.2	jouw	current roll <<jouw>> the tax collector shall furnish the auditor	bouw|douw|gouw|jou|joud|joue
production-1939-vol1-chapters	1331	1.9	interloeu	necessary steps ordered by the court have <<interloeu>>	interlock
production-1939-vol1-chapters	1332	28.0	detaner	<<detaner>> general or to the district attorney of	deaner|detainer|detner|detzner
production-1939-vol1-chapters	1339	0.10	encum	title to the purchaser free of all <<encum>> title	encom|encup|engum|enum
production-1939-vol1-chapters	1339	1.9	onreyed	any kind existing before the sale except <<onreyed>>	conveyed
production-1939-vol1-chapters	1343	43.14	walver	copy of the notice to any party <<walver>>	alver|calver|halver|salver|waiver|walber
production-1939-vol1-chapters	1344	37.0	distrby	<<distrby>> distributed under this division among the county	destroy
production-1939-vol1-chapters	1345	7.10	betvreen	whether decided to the state or not <<betvreen>>	between
production-1939-vol1-chapters	1345	42.1	vengd	rr <<vengd>>	vend|vened|veng|venga|venge|vengo
production-1939-vol1-chapters	1346	10.4	operts	for which the p <<operts>> would have been sold to the state	operas|operis|opers
production-1939-vol1-chapters	1348	13.0	nolaton	<<nolaton>> fact and date of redemption and the	nolton
production-1939-vol1-chapters	1350	6.0	meymen	<<meymen>> s article there shall not be	medmen|mermen|meyen
production-1939-vol1-chapters	1352	30.0	eects	<<eects>> during the time payments are mace under	ects|eecs|eets|ejects|elects|erects
production-1939-vol1-chapters	1353	14.11	derautt	not made on or before the dates <<derautt>>	default
production-1939-vol1-chapters	1353	42.7	contmua	every person who started payment of delinquent <<contmua>>	contra
production-1939-vol1-chapters	1356	23.0	orietall	<<orietall>> taxes under any provision of law providing	oriental
production-1939-vol1-chapters	1356	37.0	uonally	<<uonally>> unconstitutional	bonally|tonally|zonally
production-1939-vol1-chapters	1358	27.2	eetor	francisco co <<eetor>> is the redemption officer the rest of	betor|detor|ector|etor|fetor
production-1939-vol1-chapters	1359	19.9	forfcits	forfeited by bidders for failure to com <<forfcits>>	forfeits
production-1939-vol1-chapters	1360	43.0	cuaprer	<<cuaprer>> intangibles	chapter
production-1939-vol1-chapters	1360	45.0	taxdis	<<taxdis>> tributed as prescribed in this chapter	tardis|taxis
production-1939-vol1-chapters	1363	39.10	wteaton	he made in the same manner as <<wteaton>>	weapon|wheaton
production-1939-vol1-chapters	1364	27.0	caneella	<<caneella>> the property owner shall sign and file	canella|cannella
production-1939-vol1-chapters	1367	33.11	etfore	has paid all the taxes on an <<etfore>>	before|efore|ettore
production-1939-vol1-chapters	1370	28.0	forclaims	<<forclaims>> notwithstanding the provisions of section a verified	proclaims
production-1939-vol1-chapters	1370	35.0	galitv	<<galitv>> of the tax levy as indicated in	galit
production-1939-vol1-chapters	1372	17.0	labity	<<labity>> for any revenue district shall be refunded	laity|laxity
production-1939-vol1-chapters	1374	6.0	byis	<<byis>>	bais|bayis|bcis|beis|bis|blis
production-1939-vol1-chapters	1374	9.0	btdo	<<btdo>>	bado|bbdo|bdo|bedo|bido|bodo
production-1939-vol1-chapters	1374	19.0	itla	<<itla>> b t	atla|ctla|dtla|ibla|icla|iela
production-1939-vol1-chapters	1377	32.11	atectire	act takes effect only if a revenue <<atectire>>	attire
production-1939-vol1-chapters	1381	31.0	tiands	<<tiands>> commission shall give to such person a	tiandi|viands
production-1939-vol1-chapters	1384	25.0	vevors	<<vevors>> respectively in like cases	vevers
production-1939-vol1-chapters	1390	8.0	saeof	<<saeof>> ng a after the lapse of one	self
production-1939-vol1-chapters	1390	47.3	jevv	proceedings for the <<jevv>> and collection of the delinquent	evv|jeev|jev
production-1939-vol1-chapters	1391	5.10	pistts	has been sold for a delinquent assessment <<pistts>> in	piatts|pistes|pistis|pitts
production-1939-vol1-chapters	1393	37.11	petieg	possession or under his control the depart <<petieg>>	petie
production-1939-vol1-chapters	1394	0.1	diesley	and <<diesley>> owner to sign and display registration card	desley|disley
