production-1965-vol1-65chapters	927	8.0	salertion	<<salertion>> ler the e iew ther candidate vernp	selection
production-1965-vol1-65chapters	927	8.7	vernp	salertion ler the e iew ther candidate <<vernp>> cross i the voting perpees te vety	vern|verna|verne|verno
production-1965-vol1-65chapters	927	8.17	meemere	the voting perpees te vety an ary <<meemere>> hamp oper le thee	meeker
production-1965-vol1-65chapters	927	10.4	eergeat	slee tact te vaste <<eergeat>> toe hr gry whertendcls yoy he alvrarty	sergeant
production-1965-vol1-65chapters	927	11.8	riemp	district court of appel berend appetite selection <<riemp>> won i voring lawere ne nvicheng marks	riem
production-1965-vol1-65chapters	927	11.12	lawere	berend appetite selection riemp won i voring <<lawere>> ne nvicheng marks or erasures ore forbidden	lamere|lavere|lawer|lawers
production-1965-vol1-65chapters	927	13.3	dinme	kepeclicca agri sra <<dinme>> prce nevi ew ened be aa cere	diame|dime|dine|dinge|disme|finme
production-1965-vol1-65chapters	927	13.4	prce	kepeclicca agri sra dinme <<prce>> nevi ew ened be aa cere seen	arce|orce|pace|parce|pce|pcre
production-1965-vol1-65chapters	927	14.0	prmeaay	<<prmeaay>> tesi met cae homes tn pss enpagrar	prepay
production-1965-vol1-65chapters	927	14.8	iwme	tesi met cae homes tn pss enpagrar <<iwme>> tae conn stam mmadrwney sate guabue mre	iame|icme|ihme|ime|imme|isme
production-1965-vol1-65chapters	927	14.14	guabue	enpagrar iwme tae conn stam mmadrwney sate <<guabue>> mre bon nat stoop	guaque
production-1965-vol1-65chapters	927	15.1	tiews	we <<tiews>> tatas toe rem th lowe binns ae	tews|thews|tiegs|tiens|tiers|ties
production-1965-vol1-65chapters	927	15.9	emaier	tatas toe rem th lowe binns ae <<emaier>> chem yer cone we oweoerieemend wepeaal	emailer|emier|maier
production-1965-vol1-65chapters	927	15.15	wepeaal	ae emaier chem yer cone we oweoerieemend <<wepeaal>>	repeal
production-1965-vol1-65chapters	927	18.0	rteaams	<<rteaams>> bosd aut of in sen otmest asd	teams
production-1965-vol1-65chapters	927	18.1	bosd	rteaams <<bosd>> aut of in sen otmest asd eorvs	bisd|boad|bod|bods|boed|boid
production-1965-vol1-65chapters	927	18.6	otmest	rteaams bosd aut of in sen <<otmest>> asd eorvs funds traucls fare	test
production-1965-vol1-65chapters	927	18.8	eorvs	bosd aut of in sen otmest asd <<eorvs>> funds traucls fare	ervs
production-1965-vol1-65chapters	927	20.9	coraen	foes se ce marien batadeis be ewes <<coraen>> sates be	coran|corben|corden|corean|coreen|coren
production-1965-vol1-65chapters	927	21.3	emset	ne halve alates <<emset>> cesta etiatay ecm neta	emet|emmet|emser|enset|eset|esset
production-1965-vol1-65chapters	927	23.1	oammet	en <<oammet>> fa vathlary dswd at of ime ve	hammet|mammet|tammet
production-1965-vol1-65chapters	927	26.2	eieat	a sees <<eieat>> vee fu abe end evans whe ay	eilat|einat|exeat
production-1965-vol1-65chapters	927	34.3	epgne	raced lo conte <<epgne>> a hae pret wt ee wu treen	eigne
production-1965-vol1-65chapters	927	38.3	aveain	ar eee ows <<aveain>> y o hf	avenin|averin
production-1965-vol1-65chapters	927	49.0	ruarer	<<ruarer>> ler acne ites te he op eps	rarer|rearer|roarer
production-1965-vol1-65chapters	927	54.8	rerae	w es aco ra cre be meee <<rerae>> ioe pererne te ty ee ie eh	ferae|lerae|renae|rera|rerake|reran
production-1965-vol1-65chapters	927	54.10	pererne	aco ra cre be meee rerae ioe <<pererne>> te ty ee ie eh	perenne|serene
production-1965-vol1-65chapters	927	65.11	irisoe	bon bm crt ree vicpaas cosy canvas <<irisoe>>	prison
production-1965-vol1-65chapters	927	70.7	pverm	rh en wi ee di and tes <<pverm>> wl ous means by	perm|verm
production-1965-vol1-65chapters	927	72.0	panchee	<<panchee>> een easoiea bene renee or ee	panchen
production-1965-vol1-65chapters	927	72.2	easoiea	panchee een <<easoiea>> bene renee or ee	easier
production-1965-vol1-65chapters	927	76.8	sedpre	se tte ye z ad goh cane <<sedpre>>	sempre
production-1965-vol1-65chapters	927	98.1	aerem	wtrictich <<aerem>> ly oraey witend imend ere nd a	aere|aerea|aeree|aereo|herem|jerem
production-1965-vol1-65chapters	927	98.3	oraey	wtrictich aerem ly <<oraey>> witend imend ere nd a a er	oracy|orary|orey|orley|orrey
production-1965-vol1-65chapters	927	98.4	witend	wtrictich aerem ly oraey <<witend>> imend ere nd a a er de	witzend
production-1965-vol1-65chapters	927	98.5	imend	wtrictich aerem ly oraey witend <<imend>> ere nd a a er de	amend|emend|imed|imen|imeni|impend
production-1965-vol1-65chapters	927	113.2	potpats	be ani <<potpats>> cbele ed	potato
production-1965-vol1-65chapters	927	113.3	cbele	be ani potpats <<cbele>> ed	abele|bele|cele|chele|cybele|ebele
production-1965-vol1-65chapters	928	3.0	neeeges	<<neeeges>>	needles
production-1965-vol1-65chapters	928	11.8	omeg	fad merge srigrneery eh ery ne rg <<omeg>> oy tegen ag oe ae ne aren	meg|oeg|oleg|ome|omega|omei
production-1965-vol1-65chapters	928	14.3	pases	ce ey dt <<pases>>	apses|ases|bases|cases|eases|gases
production-1965-vol1-65chapters	928	32.3	wariie	y ee pi <<wariie>> bivuas	warnie
production-1965-vol1-65chapters	928	32.4	bivuas	y ee pi wariie <<bivuas>>	bias
production-1965-vol1-65chapters	928	34.0	sftw	<<sftw>> dateett wofte of oa seperer tant i	ftw|sft|sftp|sfts|sfty|sfw
production-1965-vol1-65chapters	928	34.5	seperer	sftw dateett wofte of oa <<seperer>> tant i	severe|severer
production-1965-vol1-65chapters	928	35.4	vtice	if puse wet g <<vtice>> bo treaty td w we a a	stice|tice|vice|voice
production-1965-vol1-65chapters	929	12.1	uppecrs	rome <<uppecrs>> on the ballet word yes or ofter	uppers
production-1965-vol1-65chapters	929	21.1	viomp	measure <<viomp>> cress in dr pencil	viola
production-1965-vol1-65chapters	929	30.2	snarlen	q fom <<snarlen>> cone	snarled|snarler
production-1965-vol1-65chapters	929	31.0	tedgo	<<tedgo>> of ihe sap a glenn anderson rf	tedge|tego|tengo
production-1965-vol1-65chapters	929	35.0	wakuld	<<wakuld>> darby	would
production-1965-vol1-65chapters	929	37.2	scere	aes lee <<scere>>	cere|scare|scee|scene|scerne|scire
production-1965-vol1-65chapters	929	39.8	exers	ha face vote fos bas in before <<exers>> ve	ebers|eers|elers|evers|ewers|execs
production-1965-vol1-65chapters	929	44.0	charey	<<charey>> cpm hanson	carey|chaney|chardy|chare|charen|charer
production-1965-vol1-65chapters	929	46.0	tubgo	<<tubgo>> ot superior coast	tubo|tungo
production-1965-vol1-65chapters	929	50.0	thlabi	<<thlabi>> es b bacco	thai
production-1965-vol1-65chapters	929	51.0	ncrpal	<<ncrpal>> oar	normal
production-1965-vol1-65chapters	929	55.0	bourer	<<bourer>>	bohrer|borer|bouer|bourder|boure|bouser
production-1965-vol1-65chapters	929	56.0	todqo	<<todqo>> of fav iaperies cams	todo
production-1965-vol1-65chapters	929	56.3	iaperies	todqo of fav <<iaperies>> cams	aperies|naperies
production-1965-vol1-65chapters	929	62.1	mecot	phubuie <<mecot>> i	mcot|meco|mecom|mecon
production-1965-vol1-65chapters	929	66.2	banben	victor b <<banben>>	banen|banken|bannen|banten|benben
production-1965-vol1-65chapters	929	67.0	drlge	<<drlge>> ol fhe superior court	drage|droge
production-1965-vol1-65chapters	929	70.3	saperer	aw of tke <<saperer>> count	caperer|naperer|paperer|sapere|taperer
production-1966-vol1-chapters	11	0.4	tutil	practice as a contractor <<tutil>> his license is reinstated	dutil|sutil|tuti|tutin|tutul|util
production-1966-vol1-chapters	40	0.0	mecuue	<<mecuue>>	secure
production-1966-vol1-chapters	42	0.5	pubhe	be compelled to labor on <<pubhe>> works	dubhe|pube|puhe
production-1966-vol1-chapters	54	9.0	poimtive	<<poimtive>> officers and employees who shall be included	positive
production-1966-vol1-chapters	58	0.0	inaiter	<<inaiter>> expressly provided every contract involving an expenditure	inciter|inditer|inter|inviter
production-1966-vol1-chapters	61	22.6	pubhe	who receive control handle or disburse <<pubhe>> funds and of	dubhe|pube|puhe
production-1966-vol1-chapters	67	38.7	regwar	before the fifth calendar day of the <<regwar>> session including	regar|regear
production-1966-vol1-chapters	71	0.9	deien	cases where relief s sought against different <<deien>>	deben|deen|defen|degen|deign|dein
production-1965-vol2	10	42.0	seriber	<<seriber>> whose premium deposit is due and unpaid	scriber|seiber|serber
production-1965-vol2	11	17.0	seriber	<<seriber>>	scriber|seiber|serber
production-1965-vol2	16	6.1	permittees	and <<permittees>>	permittee
production-1965-vol2	42	50.0	noupublie	<<noupublie>> person corporation or association the considera	nonpublic
production-1965-vol2	75	15.3	esula	leafy spurge euphorbia <<esula>>	csula|eula|sula
production-1965-vol2	75	23.4	cardaria	whitetop or hoary cress <<cardaria>> spp including heart	carnaria
production-1965-vol2	75	24.3	cardaria	podded hoary cress <<cardaria>> draba lens podded hoary cress	carnaria
production-1965-vol2	75	25.0	cardaria	<<cardaria>> chalepensis and globe podded hoary cress car	carnaria
production-1965-vol2	75	39.3	tenuiflorus	italian thistle carduus <<tenuiflorus>>	tenuiflorous
production-1965-vol2	75	44.3	aethiopis	mediterranean sage salvia <<aethiopis>>	aethiops
production-1965-vol2	85	43.8	voccu	meets the requirements for rental units including <<voccu>>	occu|occur
production-1965-vol2	137	18.8	coutain	reports also do not apply to preparations <<coutain>>	contain|costain|coutin|moutain
production-1965-vol2	140	37.4	sueli	gain or loss ou <<sueli>> sale	saeli|seli|sheli|suebi|suel|suela
production-1965-vol2	162	28.1	merement	the <<merement>> is sought	cerement
production-1965-vol2	182	8.0	cobey	<<cobey>> work furlough law	cobby|cobe|coben|cober|cobley|coby
production-1965-vol2	238	30.7	ereden	the state board of education may issue <<ereden>>	eeden|erden|reden|reeden
production-1965-vol2	256	30.7	paicines	a route near hollister to route near <<paicines>>	vaccines
production-1965-vol2	257	7.3	romoland	b route near <<romoland>> to route near perris	dromoland|momoland
production-1965-vol2	266	0.0	trict	<<trict>> agricultural associations the funds available lor such	strict|tract|triact|tric|trica|trice
production-1965-vol2	266	19.0	eulating	<<eulating>> the original apportionment if the recalculated apportionment	elating|emulating
production-1965-vol2	277	0.1	jiul	u <<jiul>> es ww v iu aus ei u	iul|jil|jill|jiu|jul|juul
production-1965-vol2	294	18.0	geney	<<geney>> standards shall be established which tend to	deney|eney|ganey|gedney|gene|genea
production-1965-vol2	309	24.6	poliev	group of employees under a group <<poliev>> issued to his employer	polie|polier
production-1965-vol2	314	7.3	aluminization	viewing screen used <<aluminization>> used internal conductive	albuminization
production-1965-vol2	341	23.0	eusable	<<eusable>> neglect makes an underpayment of the amount	ausable|dusable|reusable|usable
production-1965-vol2	369	14.3	enwp	projects and h <<enwp>> office building san bernardino	endp|enfp|enp|entp|enw|ewp
production-1965-vol2	396	1.0	imerease	<<imerease>>	increase
production-1965-vol2	454	43.3	sowh	les state building <<sowh>>	owh|soch|soh|solh|soph|sosh
production-1965-vol2	467	18.3	eleec	b construct emergency <<eleec>>	elec|elee
production-1965-vol2	478	45.0	ellities	<<ellities>> sti ialloov d	entities
production-1965-vol2	478	45.2	ialloov	ellities sti <<ialloov>> d	balloon
production-1965-vol2	487	9.0	eility	<<eility>>	bility|exility|vility
production-1965-vol2	494	0.0	senedule	<<senedule>>	schedule
production-1965-vol2	517	11.0	suice	<<suice>> school contracts are generally renewed at the	guice|juice|shice|sice|skice|slice
production-1965-vol2	523	44.10	oceupa	education of such pupils in the regional <<oceupa>>	occupy
production-1965-vol2	548	16.3	mstallment	relating to retail <<mstallment>> sales	stallment
production-1965-vol2	558	49.0	coowners	<<coowners>>	owners
production-1965-vol2	562	29.0	ciiapter	<<ciiapter>>	chapter
production-1965-vol2	585	11.0	nauties	<<nauties>>	nasties|nautics
production-1965-vol2	586	8.0	cuapterr	<<cuapterr>> dirlomas	chapter
production-1965-vol2	586	8.1	dirlomas	cuapterr <<dirlomas>>	diplomas
production-1965-vol2	590	3.0	citapter	<<citapter>>	chapter
production-1965-vol2	597	6.5	gumor	to refund of fees at <<gumor>> colleges	dumor|gumo|humor|rumor|tumor
production-1965-vol2	618	41.0	eeeding	<<eeeding>> feet in width which is primarily used	deeding|feeding|geeding|heeding|needing|reeding
production-1965-vol2	634	0.0	citapter	<<citapter>>	chapter
production-1965-vol2	636	40.0	gvstem	<<gvstem>>	system
production-1965-vol2	647	38.2	dimout	b any <<dimout>> or air raid lamp fender turning lamp	dimou
production-1965-vol2	661	41.0	alress	<<alress>> of the driver and of the owner	adress|aless|alness|apress
production-1965-vol2	675	37.0	ertv	<<ertv>> wherein livestock or poultry are confined may	crtv|drtv|edtv|erev|ert|erta
production-1965-vol2	682	43.8	coowner	to be held in joint tenancy each <<coowner>> shall be	cooner|crowner
production-1965-vol2	682	46.4	coowner	the death of a <<coowner>> the interest of the decedent shall pnas	cooner|crowner
production-1965-vol2	683	6.8	coowner	tenancy in common shall grant to each <<coowner>> the absolute	cooner|crowner
production-1965-vol2	683	12.1	coowner	each <<coowner>> or his personal representative to transfer title	cooner|crowner
production-1965-vol2	683	14.6	coowner	joint tenancy the signature of each <<coowner>> or his personal	cooner|crowner
production-1965-vol2	683	16.6	coowner	owners and upon death of a <<coowner>> title shall pass to the	cooner|crowner
production-1965-vol2	683	17.1	coowner	surviving <<coowner>>	cooner|crowner
production-1965-vol2	683	31.8	coowner	to be held in joint tenancy each <<coowner>> shall be	cooner|crowner
production-1965-vol2	683	43.0	coowner	<<coowner>> the absolute power to transfer the title	cooner|crowner
production-1965-vol2	683	48.0	coowner	<<coowner>> or his personal representative to transfer title	cooner|crowner
production-1965-vol2	683	50.5	coowner	tenancy the signature of each <<coowner>> or his personal repre	cooner|crowner
production-1965-vol2	684	0.6	coowner	owners and upon death of a <<coowner>> title shall pass to the	cooner|crowner
production-1965-vol2	684	1.1	coowner	surviving <<coowner>>	cooner|crowner
production-1965-vol2	697	11.0	ciiapter	<<ciiapter>>	chapter
production-1965-vol2	737	0.5	ofneer	tion communicated to a peace <<ofneer>> by a confidential inform	ofner
production-1965-vol2	778	23.10	acyuir	be operated by the housing authority so <<acyuir>>	acquire
production-1965-vol2	786	31.0	petitionmg	<<petitionmg>> producers and not less than three representative	petition
production-1965-vol2	789	33.9	deserib	mix must be accompanied by a statement <<deserib>>	deseri
production-1965-vol2	800	0.0	bursements	<<bursements>> irom such escrow as work is completed	basements
production-1965-vol2	807	4.4	jicy	article declaration of pc <<jicy>>	icy|jacy|jic|jica|jick|jimy
production-1965-vol2	810	0.8	hnanec	department of the interior may participate in <<hnanec>>	nance
production-1965-vol2	830	43.1	eveles	driven <<eveles>>	eeles|eveless|veles
production-1965-vol2	832	28.0	eensee	<<eensee>> holding more than one type of license	pensee
production-1965-vol2	841	48.0	heense	<<heense>> which shall not be reinstated until a	heene|heese|hense
production-1965-vol2	843	2.10	distine	left turn lanes shall be designated by <<distine>>	destine|dietine|distin|distune|sistine
production-1965-vol2	843	6.8	distine	governing length width and positioning of the <<distine>>	destine|dietine|distin|distune|sistine
production-1965-vol2	876	28.0	minediately	<<minediately>>	immediately
production-1965-vol2	905	26.0	inined	<<inined>> to the extent that the power is	inlined
production-1965-vol2	947	6.5	lurida	beds of native oysters ostrea <<lurida>> on state	lerida|lucida|luria|lurid
production-1965-vol2	953	35.8	depredating	the fish and game code relating to <<depredating>> game	deprecating
production-1965-vol2	961	0.0	vcuicle	<<vcuicle>>	vehicle
production-1965-vol2	969	16.0	coowners	<<coowners>>	owners
production-1965-vol2	1016	40.0	porester	<<porester>>	forester|prester
production-1965-vol2	1029	1.1	pubhe	with <<pubhe>> works utility or other industrial projects where	dubhe|pube|puhe
production-1965-vol2	1031	25.4	tarpots	ing equipment cutting torches <<tarpots>> or grinding devices	tarots|tarpons|tarpot
production-1965-vol2	1036	9.0	cuapterr	<<cuapterr>> bugrnnine or lands	chapter
production-1965-vol2	1042	0.0	pubhe	<<pubhe>> and all persons shall be permitted to	dubhe|pube|puhe
production-1965-vol2	1050	43.6	precutting	production which may be acquired under <<precutting>> agree	recutting
production-1965-vol2	1060	14.0	cuapterr	<<cuapterr>> range anp forage lands	chapter
production-1965-vol2	1083	0.0	celve	<<celve>> a salary as specified in range	belve|calve|cele|celie|celje|celle
production-1965-vol2	1092	45.11	reserverl	a basis for his opinion the rent <<reserverl>>	reserver|reservery
production-1965-vol2	1097	31.0	terin	<<terin>> mean any person who is the bearer	aerin|berin|cerin|derin|erin|gerin
production-1965-vol2	1110	1.7	chacyes	scribe and collect rentals fees and other <<chacyes>> in connection	chayes
production-1965-vol2	1118	28.8	subrental	year and authorize the corporation to fix <<subrental>> fees	submental
production-1965-vol2	1132	33.3	hmited	ing but not <<hmited>> to the following one assistant executive	smited
production-1965-vol2	1134	34.0	cuaptter	<<cuaptter>> sprcran compensatory educational	chapter
production-1965-vol2	1143	1.0	cuaprer	<<cuaprer>> frprral acts	chapter
production-1965-vol2	1146	2.7	ereden	ministration credential the applicant holds the basic <<ereden>>	eeden|erden|reden|reeden
production-1965-vol2	1164	24.11	disere	or subsequent charge the court in its <<disere>>	desere|diseme|isere|lisere|misere
production-1965-vol2	1170	0.3	oralnances	pursuant to cal <<oralnances>>	ordinances
production-1965-vol2	1175	0.8	imitl	county upon mutually agreeable terms to thereafter <<imitl>>	imita
production-1965-vol2	1177	3.6	snecession	a did not impose a legacy <<snecession>> or death tax of any	secession
production-1965-vol2	1181	4.4	tuot	earnable by him at <<tuot>> time together with interest on such	huot|quot|tcot|tdot|thot|thuot
production-1965-vol2	1228	23.6	froin	the governor has power to remove <<froin>> office at	broin|foin|frain|frein|frin|froid
production-1965-vol2	1241	45.1	floodflow	streamflow <<floodflow>> and drilling or prospecting of site un	bloodflow
production-1965-vol2	1248	46.9	applli	for approval of their dams or reservoirs <<applli>>	appli|apply
production-1965-vol2	1253	41.0	vietion	<<vietion>> of a felony is dissatisfied with the	viation
production-1965-vol2	1270	13.3	jomt	the lake tahoe <<jomt>> study committee	comt|domt|jmt|jolt|jom|joma
production-1965-vol2	1281	43.0	eoneurrent	<<eoneurrent>> work in mastering the rudiments of the	concurrent
production-1965-vol2	1288	3.2	multiphed	fitty cents <<multiphed>> by the number of pupils	multiped
production-1965-vol2	1311	22.0	seribe	<<seribe>> all modifications of curriculum requirements which may	scribe|seribu|serie|serine
production-1965-vol2	1376	26.9	medzik	the southwesterly corner of the c j <<medzik>>	media
production-1965-vol2	1377	13.3	pltf	states of america <<pltf>> vs acres of land more or less	ltf|plf|plt|plts|pltw|ptf
production-1965-vol2	1382	10.11	heensce	of alcoholic beverages by an on sale <<heensce>>	hence
production-1965-vol2	1384	48.0	ehanpter	<<ehanpter>>	chapter
production-1965-vol2	1416	0.6	councell	commission or any other committee or <<councell>> appointed pur	councel|councill|counsell
production-1965-vol2	1448	14.5	impleaded	to such notices to be <<impleaded>> in said action to the end that	impleader
production-1965-vol2	1451	0.1	tancisco	pf <<tancisco>>	fancisco
production-1965-vol2	1452	37.3	ravendale	d route near <<ravendale>> to the oregon state line	ravensdale
production-1965-vol2	1453	49.0	ijnited	<<ijnited>> states of america	ignited
production-1965-vol2	1455	14.6	paicines	b route to route passing near <<paicines>>	vaccines
production-1965-vol2	1459	39.6	paicines	b route to route passing near <<paicines>>	vaccines
production-1965-vol2	1460	8.3	ravendale	d route near <<ravendale>> to the oregon state line	ravensdale
production-1965-vol2	1462	13.3	glennville	near isabella via <<glennville>>	glenville
production-1965-vol2	1463	43.5	longvale	route is from route near <<longvale>> to route	longdale
production-1965-vol2	1465	8.0	meneing	<<meneing>> september if the certificate is renewed more	memeing|mending|mening|menning|mensing|menting
production-1965-vol2	1473	49.2	revests	of acceptance <<revests>> title to the goods in the seller	retests|reverts|revest
production-1965-vol2	1475	14.0	dicia	<<dicia>> district at least five days before the	dacia|dica|dicha|dici|dicta|dimia
production-1965-vol2	1485	19.0	eeive	<<eeive>> the assistance to which they are entitled	etive|reive
production-1965-vol2	1488	49.0	eurred	<<eurred>> during the period of four years immediately	burred|erred|furred|purred
production-1965-vol2	1494	36.3	lueal	allocation to a <<lueal>> agency unless the state receives a clear	leal|lual|luel|lugal|lural|luteal
production-1965-vol2	1495	0.1	anocation	state <<anocation>> board by april under which it agrees	avocation
production-1965-vol2	1504	35.5	longvale	route is from route near <<longvale>> to route	longdale
production-1965-vol2	1506	2.0	lutmg	<<lutmg>> to placer county salaries	lump
production-1965-vol2	1522	4.2	medivitt	from edith <<medivitt>> et al to the state of california	mcdivitt
production-1965-vol2	1522	42.10	prolon	east feet of said lot or southerly <<prolon>>	procon|prolan|prolog|prolong|proton|rolon
production-1965-vol2	1524	0.0	toliows	<<toliows>>	follows
production-1965-vol2	1525	1.0	terline	<<terline>>	berline|tenline|tercine|termine|terpine|terrine
production-1965-vol2	1529	31.0	ninistrative	<<ninistrative>> direction to the project staff the project	ministrative
production-1965-vol2	1542	37.5	ebasco	and future requirements published by <<ebasco>> services incorporated	basco|ebsco
production-1965-vol2	1573	7.4	condemnors	ever as applied to <<condemnors>> whose determination of neces	condemners|condemnor
production-1965-vol2	1589	21.0	torranve	<<torranve>> st helena	torrance
production-1965-vol2	1590	1.5	continuec	riverside continued san luis obispo <<continuec>>	continue|continued|continuer|continues
production-1965-vol2	1590	49.2	lovalton	county percentage <<lovalton>>	loyalton
production-1965-vol2	1606	0.0	trict	<<trict>> review committee inay inspect a licensed general	strict|tract|triact|tric|trica|trice
production-1965-vol2	1622	4.8	ereden	grade in any school district the special <<ereden>>	eeden|erden|reden|reeden
production-1965-vol2	1630	45.0	ehanter	<<ehanter>>	chanter|shanter
production-1965-vol2	1642	22.4	redrilled	for each well drilled <<redrilled>> or deepened the bond shall	redpilled
production-1965-vol2	1643	3.0	redrilled	<<redrilled>> or deepened by him the bond shall	redpilled
production-1965-vol2	1645	9.1	froin	stances <<froin>> strata containing water suitable for irrigation or	broin|foin|frain|frein|frin|froid
production-1965-vol2	1654	34.0	prevement	<<prevement>> security shall not in the aggregate exceed	prevent
production-1965-vol2	1656	35.6	cowneil	code relating to the state advisory <<cowneil>>	corneil
production-1965-vol2	1661	0.3	leense	the four year <<leense>> may be renewed upon filing the required	leese|lense
production-1965-vol2	1662	0.1	hereror	ination <<hereror>>	herefor|herero
production-1965-vol2	1663	19.0	tronie	<<tronie>> or electromechanical devices as authorized by chapter	tonie|toonie|troie|trone|tronic|tronix
production-1965-vol2	1669	0.7	pubhe	favor of the proposition and excluding each <<pubhe>> agency or	dubhe|pube|puhe
production-1965-vol2	1677	26.5	pubhe	the governing body of each <<pubhe>> agency adopting	dubhe|pube|puhe
production-1965-vol2	1693	18.0	eurred	<<eurred>>	burred|erred|furred|purred
production-1965-vol2	1698	36.1	lticounty	mv <<lticounty>> authorities	multicounty
production-1965-vol2	1740	0.1	tnereaiter	gays <<tnereaiter>>	thereafter
production-1965-vol2	1753	50.0	eidents	<<eidents>>	eident|idents
production-1965-vol2	1807	10.2	inelv	a employee <<inelv>> des an officer employee or servant	inel
production-1965-vol2	1858	2.5	deument	has heretofore granted a certification <<deument>> that the same	dement
production-1965-vol2	1903	21.0	cuarter	<<cuarter>> parkways	carter|charter|cuartel|curter|quarter
production-1965-vol2	1907	17.1	parkkways	cuarteer <<parkkways>>	parkways
production-1965-vol2	1921	19.0	plovees	<<plovees>> persons on leave of absence and persons	plovers
production-1965-vol2	1942	30.0	uarv	<<uarv>>	arv|carv|garv|harv|marv|parv
production-1965-vol2	1959	32.0	regwar	<<regwar>> hours and in the course of his	regar|regear
production-1965-vol2	1971	4.0	commniission	<<commniission>>	commission
production-1965-vol2	1973	21.3	sublessees	of tenants lessees <<sublessees>> subtenants or vendees in the	sublessee
production-1963-vol2-chapters	0	19.1	forryy	su <<forryy>>	forry|forty
production-1963-vol2-chapters	20	0.0	tacture	<<tacture>> ol building or paving brick drainage and	acture|facture
production-1963-vol2-chapters	52	46.0	situtes	<<situtes>> more than one half of the total	situates
production-1963-vol2-chapters	57	9.2	cleanouts	owners of <<cleanouts>> and backflow protective devices	cleanout
production-1963-vol2-chapters	62	40.7	cireu	fine and imprisonment who willfully and knowingly <<cireu>>	circu|cire|cires|creu
production-1963-vol2-chapters	66	35.0	ravily	<<ravily>> suspend or refuse to renew the license	racily|rakily|ravil|wavily
production-1963-vol2-chapters	84	23.0	eancy	<<eancy>> exists for days the governor shall fill	ancy|dancy|fancy|lancy|mancy|nancy
production-1963-vol2-chapters	86	38.0	ertv	<<ertv>> will be sold at public auction to	crtv|drtv|edtv|erev|ert|erta
production-1963-vol2-chapters	89	6.9	setoffs	him under the contract or mortgage above <<setoffs>>	setoff
production-1963-vol2-chapters	97	0.3	appomt	lhe clerk may <<appomt>>	apport
production-1963-vol2-chapters	99	3.0	plovee	<<plovee>> would otherwise be entitled under the schedules	lovee|plover
production-1963-vol2-chapters	106	22.5	rtname	of governing board in in <<rtname>> unified school district	rename
production-1963-vol2-chapters	106	35.5	jeval	and shall have the same <<jeval>> effect as if such action had been	deval|eval|javal|jeal|jebal|jemal
production-1963-vol2-chapters	110	0.4	contaming	thereof or any book <<contaming>> any abstract or particulars	containg
production-1963-vol2-chapters	117	25.0	ereases	<<ereases>> having the effect of two separate augmentations	creases|erases|greases
production-1963-vol2-chapters	131	44.0	geney	<<geney>> caused by drought or other threatened or	deney|eney|ganey|gedney|gene|genea
production-1963-vol2-chapters	143	24.0	reaa	<<reaa>>	eaa|meaa|raa|raaa|raea|rea
production-1963-vol2-chapters	205	45.4	éiit	assistant clerk si wi <<éiit>> wwon t éwzig u u hcucgorcocg y	hiit|iiit|iit|kiit|liit|miit
production-1963-vol2-chapters	210	48.6	vrovect	included as a component of a <<vrovect>>	provect
production-1963-vol2-chapters	231	31.0	reaa	<<reaa>>	eaa|meaa|raa|raaa|raea|rea
production-1963-vol2-chapters	250	0.1	uslion	conc <<uslion>> was maude	ustion
production-1963-vol2-chapters	258	37.2	hancred	million five <<hancred>> thousand dollars for the	hanced|tancred
production-1963-vol2-chapters	264	38.0	cuaptter	<<cuaptter>> merpicau correctional institution	chapter
production-1963-vol2-chapters	285	37.5	contaming	in san benito county california <<contaming>> acres	containg
production-1963-vol2-chapters	289	16.0	itit	<<itit>>	atit|icit|idit|ifit|ihit|iiit
production-1963-vol2-chapters	295	12.0	eurities	<<eurities>> other than corporation shares whether or not	purities
production-1963-vol2-chapters	298	2.2	ingerson	ter avenue <<ingerson>> avenue jamestown avenue key avye	anderson|ingersol
production-1963-vol2-chapters	298	2.7	avye	ter avenue ingerson avenue jamestown avenue key <<avye>>	aaye|adye|ahye|aiye|anye|arye
production-1963-vol2-chapters	300	11.0	cuaptter	<<cuaptter>> septic tanks chemical toilets	chapter
production-1963-vol2-chapters	320	0.0	chaptht	<<chaptht>>	chapter
production-1963-vol2-chapters	323	44.0	yead	<<yead>>	bead|dead|ead|eyad|fead|head
production-1963-vol2-chapters	337	10.5	prmted	and if printed shall be <<prmted>> in type no smaller than six	prated
production-1963-vol2-chapters	344	13.0	eumstances	<<eumstances>> beyond the person s control and occurred	substances
production-1963-vol2-chapters	352	47.1	linuit	bag <<linuit>> imposed by the state for the taking	inuit|minuit
production-1963-vol2-chapters	356	12.0	eode	<<eode>>	beode|bode|code|dode|eade|edde
production-1963-vol2-chapters	363	35.8	aequisi	assessee whose property would be subject to <<aequisi>>	alquist
production-1963-vol2-chapters	383	3.0	cadp	<<cadp>> rovseonctary of state fuly	acdp|adp|caap|cad|cada|cadc
production-1963-vol2-chapters	390	37.0	nussion	<<nussion>> and the authorized representative of the commission	jussion
production-1963-vol2-chapters	392	9.9	bosx	or participates in any sham or collusive <<bosx>>	boix|bos|bosa|bosc|bose|bosh
production-1963-vol2-chapters	393	0.9	guuty	such sporting event contest or exhibition s <<guuty>>	gouty|guity|gunty|gusty|gutty
production-1963-vol2-chapters	412	26.0	eutions	<<eutions>> for violations of the provisions of this	elutions
production-1963-vol2-chapters	419	18.0	teetion	<<teetion>> district and who normally wears such glasses	tention
production-1963-vol2-chapters	445	32.1	offsale	no <<offsale>> licensee shall deliver any alcoholic	offal
production-1963-vol2-chapters	463	19.0	eode	<<eode>>	beode|bode|code|dode|eade|edde
production-1963-vol2-chapters	478	40.5	exelu	involves interchange with operations conducted <<exelu>>	exclu|execu|exel|exell
production-1963-vol2-chapters	483	10.0	peuses	<<peuses>> reasonably incurred in the administration of this	pauses|perses|peruses|pluses|reuses
production-1963-vol2-chapters	499	0.0	maiary	<<maiary>>	madary|magary|maiar|makary|salary
production-1963-vol2-chapters	503	47.0	elaimers	<<elaimers>> or consents as may be appropriate	claimers
production-1963-vol2-chapters	512	25.5	tarpots	equipment welding equipment cutting torches <<tarpots>> or	tarots|tarpons|tarpot
production-1963-vol2-chapters	514	49.10	veveta	cleared and kept clear of all inammable <<veveta>>	vegeta|veneta
production-1963-vol2-chapters	536	7.0	latigants	<<latigants>>	litigants
production-1963-vol2-chapters	536	26.3	relitigates	against him repeatedly <<relitigates>> or attempts to relitigate	relitigate
production-1963-vol2-chapters	541	0.5	havmg	the county superintendent of schools <<havmg>> jurisdiction over	havig
production-1963-vol2-chapters	546	4.0	eftevt	<<eftevt>> in each such district curing the school	eftest
production-1963-vol2-chapters	547	16.10	reoganiza	in the location of schools or the <<reoganiza>>	reorganize
production-1963-vol2-chapters	551	18.6	culiforma	lhe people of the state ef <<culiforma>> do enact as follows	coliform
production-1963-vol2-chapters	551	39.8	ercck	magnetic to the mouth of the unnamed <<ercck>> at	ercc|erick|erock
production-1963-vol2-chapters	554	33.10	ecompen	date on or after october any higher <<ecompen>>	compel
production-1963-vol2-chapters	574	18.6	rvull	sons listed on the california indian <<rvull>> whose indian ances	rull
production-1963-vol2-chapters	574	26.3	boatmaking	as making baskets <<boatmaking>> stone working woodworking	boltmaking|bookmaking|bootmaking
production-1963-vol2-chapters	584	46.6	hmited	successors may grant franchises thereon for <<hmited>> periods	smited
production-1963-vol2-chapters	592	42.0	eonnty	<<eonnty>>	county
production-1963-vol2-chapters	612	11.0	eessors	<<eessors>> administrators or executors	lessors
production-1963-vol2-chapters	615	0.0	scneaule	<<scneaule>>	schedule
production-1963-vol2-chapters	619	1.0	einct	<<einct>> covered by the change of address and	cinct|einat|einst|tinct
production-1963-vol2-chapters	627	40.0	insutannce	<<insutannce>>	insurance
production-1963-vol2-chapters	633	13.3	heense	for a duplicate <<heense>> the fee is four dollars	heene|heese|hense
production-1963-vol2-chapters	642	32.3	alcoholte	code relating to <<alcoholte>> beverages	alcoholate
production-1963-vol2-chapters	652	49.0	oecir	<<oecir>>	decir
production-1963-vol2-chapters	683	17.0	eurities	<<eurities>> commission	purities
production-1963-vol2-chapters	684	48.0	eovv	<<eovv>> in the office of the secretary	evv
production-1963-vol2-chapters	685	28.0	comniission	<<comniission>>	commission
production-1963-vol2-chapters	700	10.2	dizmar	khalili persian <<dizmar>> ribier delight perlette and	ditmar
production-1963-vol2-chapters	700	10.5	perlette	khalili persian dizmar ribier delight <<perlette>> and	merlette|perrette
production-1963-vol2-chapters	719	0.0	dtecorder	<<dtecorder>>	recorder
production-1963-vol2-chapters	721	9.0	volying	<<volying>> an expenditure in excess of two thousand	volling
production-1963-vol2-chapters	725	11.0	peuses	<<peuses>> for each meeting of the board of	pauses|perses|peruses|pluses|reuses
production-1963-vol2-chapters	726	23.0	celving	<<celving>> wages less than his weekly benefit amount	calving|celing|celling|delving|elving
production-1963-vol2-chapters	728	32.0	trict	<<trict>> zone be created and established in con	strict|tract|triact|tric|trica|trice
production-1963-vol2-chapters	740	50.0	tnsatruction	<<tnsatruction>>	instruction
production-1963-vol2-chapters	761	50.1	slungshots	blackjacks <<slungshots>> billies sandclubs sand	slingshots|slungshot
production-1963-vol2-chapters	761	50.3	sandclubs	blackjacks slungshots billies <<sandclubs>> sand	sandclub
production-1963-vol2-chapters	762	28.0	peuses	<<peuses>>	pauses|perses|peruses|pluses|reuses
production-1963-vol2-chapters	791	40.10	disere	of the vehicle code or in the <<disere>>	desere|diseme|isere|lisere|misere
production-1963-vol2-chapters	817	49.6	recren	conditional or unconditional for park conservation <<recren>>	recen|recre|recreo|recrew|renren
production-1963-vol2-chapters	824	39.4	ravendale	from johnstonville to near <<ravendale>> in lassen county	ravensdale
production-1963-vol2-chapters	825	16.3	woodfords	b route near <<woodfords>> to the nevada state line	woodford|woodforde
production-1963-vol2-chapters	831	12.3	ravendale	d route near <<ravendale>> to the oregon state line	ravensdale
production-1963-vol2-chapters	832	11.3	woodfords	c route near <<woodfords>> to the nevada state line	woodford|woodforde
production-1963-vol2-chapters	834	8.3	glennville	near isabella via <<glennville>>	glenville
production-1963-vol2-chapters	834	13.3	glennville	near isabella via <<glennville>>	glenville
production-1963-vol2-chapters	849	18.8	purpvuses	treatment shall be carried out for nonpunitive <<purpvuses>>	purposes
production-1963-vol2-chapters	849	48.0	eoties	<<eoties>> are in imminent danger of becoming addicted	etties
production-1963-vol2-chapters	857	0.0	mitvted	<<mitvted>>	mitted
production-1963-vol2-chapters	863	49.0	trict	<<trict>> agricultural association for the purpose of paying	strict|tract|triact|tric|trica|trice
production-1963-vol2-chapters	875	26.0	durmg	<<durmg>> all of the time specified in section	durag|durg|durig|durm|durng
production-1963-vol2-chapters	879	50.4	agencev	personnel board the state <<agencev>> in presenting the claim of	agence
production-1963-vol2-chapters	880	9.0	cuapteer	<<cuapteer>> claarms procedures established by agreement	chapter
production-1963-vol2-chapters	887	4.0	cuarrer	<<cuarrer>> payment or tort judgments against	carrer|currer
production-1963-vol2-chapters	895	44.0	menecing	<<menecing>> with section and part commencing with sec	menacing
production-1963-vol2-chapters	913	50.0	yead	<<yead>>	bead|dead|ead|eyad|fead|head
production-1963-vol2-chapters	915	50.0	eountyv	<<eountyv>>	county
production-1963-vol2-chapters	922	24.0	erued	<<erued>> prior to the effective date of this	ered|erred|rued|trued
production-1963-vol2-chapters	933	50.8	undocn	registration or transfer of registration of an <<undocn>>	undoc|undock|undon|union
production-1963-vol2-chapters	937	22.8	cvompensa	one captain who shall receive the monthly <<cvompensa>>	compense
production-1963-vol2-chapters	966	0.0	pubhe	<<pubhe>> and all persons shall be permitted to	dubhe|pube|puhe
production-1963-vol2-chapters	972	42.0	niated	<<niated>> revenues and proposed expenditures from all sources	nated|nited
production-1963-vol2-chapters	991	43.7	nonowned	bility arising out of the use of <<nonowned>> motor vehicles	nonowner
production-1963-vol2-chapters	998	0.0	triee	<<triee>>	tiree|tree|tribe|trice|trie|tried
production-1963-vol2-chapters	1057	39.9	comtions	the district the board of directors under <<comtions>>	coitions
production-1963-vol2-chapters	1057	47.7	raterf	as practicable shall fix such rate or <<raterf>> r water as will	rater|raters
production-1963-vol2-chapters	1058	30.0	becti	<<becti>> y j section is added to the	beati|becci|becki|bect|bectu|berti
production-1963-vol2-chapters	1076	0.1	buudings	hew <<buudings>> bas provided a saving for the taxpayers	buddings|buildings
production-1963-vol2-chapters	1082	34.5	allowables	pared and reconciled with manpower <<allowables>>	allowable
production-1963-vol2-chapters	1101	42.0	centinella	<<centinella>>	centinela
production-1963-vol2-chapters	1103	18.3	romoland	b route near <<romoland>> to route near perris	dromoland|momoland
production-1963-vol2-chapters	1105	50.0	wrichtwood	<<wrichtwood>>	wrightwood
production-1963-vol2-chapters	1109	3.7	paicines	a route near hollister to route near <<paicines>>	vaccines
production-1963-vol2-chapters	1109	30.3	romoland	b route near <<romoland>> to route near perris	dromoland|momoland
production-1963-vol2-chapters	1111	0.1	oleps	range <<oleps>>	leps|oleds|olens|oles
production-1963-vol2-chapters	1112	34.0	citapter	<<citapter>>	chapter
production-1963-vol2-chapters	1139	0.0	scneaule	<<scneaule>>	schedule
production-1963-vol2-chapters	1151	35.10	fihng	period of days from the date of <<fihng>>	fing
production-1963-vol2-chapters	1184	1.0	cuaprer	<<cuaprer>> orher entities undertaking or	chapter
production-1963-vol2-chapters	1188	36.0	tectuate	<<tectuate>> the purposes of this part the establishment	testate
production-1963-vol2-chapters	1197	47.3	sublessees	of tenants lessees <<sublessees>> subtenants or vendees in the	sublessee
production-1963-vol2-chapters	1225	11.0	plovee	<<plovee>> other than his true name together with	lovee|plover
production-1963-vol2-chapters	1228	36.0	vensees	<<vensees>> using identical or substantially similar names in	vendees
production-1963-vol2-chapters	1229	28.0	eopartuership	<<eopartuership>>	copartnership
production-1963-vol2-chapters	1257	2.4	contams	if such new lease <<contams>> terms more favorable to the	contam|contas
production-1963-vol2-chapters	1257	28.0	cuappter	<<cuappter>> marriacr fawsty anp child counselors	chapter
production-1963-vol2-chapters	1257	28.1	marriacr	cuappter <<marriacr>> fawsty anp child counselors	marriage
production-1963-vol2-chapters	1257	28.2	fawsty	cuappter marriacr <<fawsty>> anp child counselors	fawlty
production-1963-vol2-chapters	1265	3.7	reerea	jor the promotion and accommodation of public <<reerea>>	referee
production-1963-vol2-chapters	1294	31.4	repressured	such field was adequately <<repressured>> in said case the united	pressured|repressure
production-1963-vol2-chapters	1295	4.7	iliti	except by extensive complicated prolonged and costly <<iliti>>	iiti|ilit|initi|liti|militia
production-1963-vol2-chapters	1300	44.3	repressured	zones are adequately <<repressured>> at the time production there	pressured|repressure
production-1963-vol2-chapters	1302	0.2	oifce	the state <<oifce>> building and garage in the city of	offce|ofice|oice
production-1963-vol2-chapters	1320	46.1	unrnh	collier <<unrnh>> local transportation development act	unruh
production-1963-vol2-chapters	1327	15.0	chuaprer	<<chuaprer>> miisceellaneous	chapter
production-1963-vol2-chapters	1327	15.1	miisceellaneous	chuaprer <<miisceellaneous>>	miscellaneous
production-1963-vol2-chapters	1345	36.5	contaming	there appears the wage bracket <<contaming>> the amount of	containg
production-1963-vol2-chapters	1345	43.7	wootc	o si a éiéaé éo rn nco <<wootc>> nn scoqvu	woot|wootz|wotc
production-1963-vol2-chapters	1371	18.1	clovig	amador <<clovig>>	clovis|colvig
production-1963-vol2-chapters	1371	32.0	angelg	<<angelg>> selma	angel|angela|angele|angeli|angell|angelo
production-1963-vol2-chapters	1375	6.0	sebastopo	<<sebastopo>> visalia	sebastopol
production-1963-vol2-chapters	1390	25.0	menecing	<<menecing>> on the first day of the month	menacing
production-1963-vol2-chapters	1392	19.0	geney	<<geney>> thereof to take effect immediately	deney|eney|ganey|gedney|gene|genea
production-1963-vol2-chapters	1392	20.3	juhby	approved by governor <<juhby>> filed with	juby|jumby
production-1963-vol2-chapters	1416	43.1	pubhe	a <<pubhe>> social services means those activities and	dubhe|pube|puhe
production-1963-vol2-chapters	1420	20.8	renuin	section of said code is amended and <<renuin>>	genuin|renin|renkin|renmin|rennin|requin
production-1963-vol2-chapters	1445	44.1	bupcer	chapter <<bupcer>> requirements and budget	bucer
production-1963-vol2-chapters	1447	0.0	trict	<<trict>> courts of appeal shall be open ior	strict|tract|triact|tric|trica|trice
production-1963-vol2-chapters	1452	36.0	cormmmissioner	<<cormmmissioner>> hag satisfactory verification by a like officer	commissioner
production-1963-vol2-chapters	1468	0.2	cohect	nx and <<cohect>> rates of tolls and charges for the	conect|corect
production-1963-vol2-chapters	1471	3.0	leeted	<<leeted>> from the other levies shall be placed	fleeted|leered|leete|sleeted|yeeted
production-1963-vol2-chapters	1472	0.4	couected	county taxes and when <<couected>> to pay said taxes into the	conected
production-1963-vol2-chapters	1482	23.0	evllege	<<evllege>>	college
production-1963-vol2-chapters	1492	1.9	walers	control and conservation of flood and term <<walers>>	alers|balers|halers|salers|talers|waders
production-1963-vol2-chapters	1522	41.1	hvoscine	pine <<hvoscine>> hyuseyamine codeine arsenic digitalis digitalis	hyoscine
production-1963-vol2-chapters	1534	11.9	econsti	each level of learning or language ability <<econsti>>	consti
production-1963-vol2-chapters	1546	17.4	ebasco	future requirements published by <<ebasco>> services incorporated	basco|ebsco
production-1963-vol2-chapters	1556	7.0	stailment	<<stailment>> including the final installment shall be greater	stallment
production-1963-vol2-chapters	1570	43.9	eonvic	this section within seven vears of prior <<eonvic>>	convict
production-1963-vol2-chapters	1574	24.4	sightsecing	fare basis for a <<sightsecing>> trip in california on a route for	sightseeing
production-1963-vol2-chapters	1576	36.0	cuaprer	<<cuaprer>> ponrrical activities or public employees	chapter
production-1963-vol2-chapters	1589	21.10	iubri	or label is used in connection with <<iubri>>	ibri|iuri
production-1963-vol2-chapters	1602	0.2	contaming	nected thereto <<contaming>> any petroleum product which is	containg
production-1963-vol2-chapters	1605	4.0	seevet	<<seevet>> ry of state july	seevee|seever|servet
production-1963-vol2-chapters	1645	32.7	engineeringly	forms to the california water plan is <<engineeringly>> feasible	engineering
production-1963-vol2-chapters	1649	0.6	pubhe	others in the payment to the <<pubhe>> agency of taxes assess	dubhe|pube|puhe
production-1963-vol2-chapters	1660	44.0	pership	<<pership>> any rights contractual or otherwise to payment	hership|peership|penship|preship
production-1963-vol2-chapters	1661	14.0	erued	<<erued>> during the taxable year by an employee	ered|erred|rued|trued
production-1963-vol2-chapters	1693	7.0	nelways	<<nelways>> in any such zone and the cost	neways
production-1963-vol2-chapters	1712	5.0	triet	<<triet>> municipality flood control district or other district	griet|priet|riet|thiet|tiet|tiret
production-1963-vol2-chapters	1729	41.4	iccal	where there is substantial <<iccal>> interest and support the legislative	ical|icca|iccat|ictal|incal
production-1963-vol2-chapters	1739	24.3	disaffirms	the event he <<disaffirms>> cancel his insurance contract or con	disaffirm
production-1963-vol2-chapters	1741	32.0	msured	<<msured>>	sured
production-1963-vol2-chapters	1770	36.5	forcien	of the state law that <<forcien>> language instruction	forcier
production-1963-vol2-chapters	1770	42.0	cuave	<<cuave>> is used in daily life and that	cave|chave|clave|crave|cuase|cuate
production-1963-vol2-chapters	1772	30.9	ereden	no person shall be issued a special <<ereden>>	eeden|erden|reden|reeden
production-1963-vol2-chapters	1797	0.6	waicn	b insurer means any insurance company <<waicn>> is	waic|wain|wicn
production-1963-vol2-chapters	1810	0.0	wolate	<<wolate>>	colate|folate|molate|solate|wollte
production-1963-vol2-chapters	1827	0.6	intorma	b promise or guarantee employment utilizing <<intorma>>	informa
production-1963-vol2-chapters	1836	27.5	crealect	agency or any zone thereof <<crealect>> for such purpose from	reflect
production-1963-vol2-chapters	1838	45.0	elared	<<elared>> that a general law cannot be made	blared|eared|elated|eldred|flared|glared
production-1963-vol2-chapters	1842	39.0	tolore	<<tolore>> served by a public utility of like	colore|dolore
production-1963-vol2-chapters	1846	23.0	vanization	<<vanization>> for which the money or property is	danization|nanization
production-1963-vol2-chapters	1850	11.6	declication	limited to any easement created by <<declication>> to the city or	declination
production-1963-vol2-chapters	1851	36.0	menecing	<<menecing>> with section apply to and are incorporated	menacing
production-1963-vol2-chapters	1863	8.0	seribed	<<seribed>> purchases of securities from the list and	scribed|serifed
production-1963-vol2-chapters	1869	0.0	chaptia	<<chaptia>>	chapter
production-1963-vol2-chapters	1893	40.9	uutried	pending in any other party state any <<uutried>>	untried
production-1963-vol2-chapters	1898	1.0	fuetively	<<fuetively>> the terms and provisions of this agreement	furtively
production-1963-vol2-chapters	1906	11.6	watergates	basins drains canals excavations sluices pipes <<watergates>>	watergate
production-1963-vol2-chapters	1906	21.5	watergates	drains canals excavations sluices pipes <<watergates>> pumping	watergate
production-1963-vol2-chapters	1910	0.0	pbered	<<pbered>> to read	peered|ubered
production-1963-vol2-chapters	1911	12.8	subbids	in his written or published request for <<subbids>>	subbias|subbies
production-1963-vol2-chapters	1913	0.3	multiphed	a three dollars <<multiphed>> by the sum of the	multiped
production-1963-vol2-chapters	1917	32.1	portionment	rea <<portionment>> commission	apportionment
production-1963-vol2-chapters	1919	0.5	conitorm	that the obligor will faithfully <<conitorm>> to and abide by the	coniform
production-1963-vol2-chapters	1927	26.0	ficlary	<<ficlary>> from or to a trust described in	ficary
production-1963-vol2-chapters	1932	0.0	oolq	<<oolq>> there is in the department of professional	ool|oola|oole
production-1963-vol2-chapters	1940	46.0	ovntion	<<ovntion>>	ovation
production-1963-vol2-chapters	1954	17.8	hogl	scripps and emma scripps to john c <<hogl>> june	hgl|hocl|hodl|hoel|hog|hoga
production-1963-vol2-chapters	1959	38.4	therealong	of said tract distant <<therealong>> feet northwesterly from the	thereamong
production-1963-vol2-chapters	1961	14.0	favturer	<<favturer>> one member shall be a stuffed padded	facture
production-1963-vol2-chapters	1962	0.2	heense	tacturer s <<heense>> bearing a registry number assigned or ap	heene|heese|hense
production-1963-vol2-chapters	1976	30.0	erosshauling	<<erosshauling>> of portland and similar cements which has	crosshauling
production-1963-vol2-chapters	1980	50.0	nealed	<<nealed>>	dealed|healed|naled|neale|neales|neaped
production-1963-vol2-chapters	1989	19.0	chapptter	<<chapptter>> drivers licenses	chapter
production-1963-vol2-chapters	1989	27.0	cuaptter	<<cuaptter>> sprep laws	chapter
production-1963-vol2-chapters	2003	8.11	consect	was formed in each of the nine <<consect>>	conect|confect|conject|connect|consec|conseco
production-1963-vol2-chapters	2017	24.0	rasd	<<rasd>> section by two hundred twenty four dollars	asd|dasd|fasd|lasd|nasd|raad
production-1963-vol2-chapters	2025	6.0	pubhe	<<pubhe>> instruction shall beginning with the fiscal year	dubhe|pube|puhe
production-1963-vol2-chapters	2028	49.8	appor	amount available to meet deficits in computed <<appor>>	apor|appar|apper|appo|apport|appr
production-1963-vol2-chapters	2046	9.0	eipient	<<eipient>>	recipient
production-1963-vol2-chapters	2050	10.7	exelu	a the total accumulated contributions of members <<exelu>>	exclu|execu|exel|exell
production-1963-vol2-chapters	2071	44.0	guapys	<<guapys>> h murrey	guapos
production-1963-vol2-chapters	2077	6.1	gailfus	li <<gailfus>> city clerk of said city and ex	gainful
production-1963-vol2-chapters	2077	9.6	gailfus	that the undersigned said rex e <<gailfus>> was at all the	gainful
production-1963-vol2-chapters	2081	11.4	administratis	contract for performance of <<administratis>>	administrates|administrati|administratif
production-1963-vol2-chapters	2094	48.8	annli	hereafter may be amended relating to prohibitions <<annli>>	anali|annai|annali|anneli|anni|annuli
production-1963-vol2-chapters	2096	0.3	unarter	sions of this <<unarter>>	unarted|ungarter
production-1963-vol2-chapters	2107	43.2	garlrus	rex e <<garlrus>>	garrus
production-1963-vol2-chapters	2109	2.4	schoeppe	fornia and jacqueline l <<schoeppe>> city clerk of said city	schoppe
production-1963-vol2-chapters	2117	5.2	schoeppe	jacqueline l <<schoeppe>>	schoppe
production-1963-vol2-chapters	2120	35.4	contaming	herein mentioned a city <<contaming>> a population of more than	containg
production-1963-vol2-chapters	2127	19.0	uritiry	<<uritiry>> departments and bureaus	unitary
production-1963-vol2-chapters	2127	37.1	iletch	the <<iletch>> hetchy project shall not be deemed completed	cletch|fletch|ilitch|letch
production-1963-vol2-chapters	2130	43.8	mcluded	their professional capacity to perform only duties <<mcluded>>	cluded
production-1963-vol2-chapters	2134	20.7	tamaras	this is to certify that we peter <<tamaras>> president of the	samaras|tamara|tamarac|tamarao|tamarau|tamaraus
production-1963-vol2-chapters	2134	36.1	tamaras	peter <<tamaras>>	samaras|tamara|tamarac|tamarao|tamarau|tamaraus
production-1963-vol2-chapters	2142	25.0	nanees	<<nanees>> governing it or which was procured by	anees|manees|nafees|nanes|nannes|nantes
production-1963-vol2-chapters	2152	26.3	ercuth	county proposition h <<ercuth>> proposed amendment to	truth
production-1963-vol2-chapters	2153	15.3	ninra	county proposition j <<ninra>> proposed amendment	finra|inra|nidra|nigra|nina|ninfa
production-1963-vol2-chapters	2155	22.1	grarr	de <<grarr>> austin	garr|gnarr|grrr|grrrr|rarr
production-1963-vol2-chapters	2158	22.0	degrarr	<<degrarr>> austin	degrade
production-1963-vol2-chapters	2164	19.5	maltester	we the undersigned jack d <<maltester>> mayor of the city	malteser|maltster|molester
production-1963-vol2-chapters	2166	40.2	maltester	jack d <<maltester>>	malteser|maltster|molester
production-1963-vol2-chapters	2171	9.5	altose	janet hoffman and mrs elaine <<altose>> his two sisters mrs	aldose|allose|aloose|alose|altos|altrose
production-1963-vol2-chapters	2176	48.0	visorial	<<visorial>> district	mistrial|risorial
production-1963-vol2-chapters	2178	0.0	unarter	<<unarter>> are true	unarted|ungarter
production-1963-vol2-chapters	2182	13.1	eavb	designate <<eavb>> such elective office by an appropriate descrip	avb|eab|eav|eave|eavy|evb
production-1963-vol2-chapters	2182	15.4	meumbent	tive office and no <<meumbent>> member of the council shall run	cumbent
production-1963-vol2-chapters	2185	18.2	unerowned	as the <<unerowned>> poet laureate of america and	unbrowned|uncrowned|undrowned
production-1963-vol2-chapters	2186	18.2	ravific	crrvivicaate op <<ravific>> tion by electors of the city of	pacific|rabific
production-1963-vol2-chapters	2190	16.5	lanne	princesses from neighboring communities namely <<lanne>> ditt	anne|banne|canne|danne|hanne|janne
production-1963-vol2-chapters	2190	26.0	lobition	<<lobition>> halls all arabian style buildings and flower	lobation
production-1963-vol2-chapters	2194	5.0	ommendation	<<ommendation>> before final action is taken thereon in	commendation
production-1963-vol2-chapters	2198	36.2	mavupin	donate g <<mavupin>>	maupin
production-1963-vol2-chapters	2199	1.0	sembiy	<<sembiy>> thereof concurring a majority of all the	semi
production-1963-vol2-chapters	2215	12.0	nittee	<<nittee>> inay appoint a secretary and adept and	mittee|nitter|sittee
production-1963-vol2-chapters	2219	37.8	ecompen	members of the committee shal serve without <<ecompen>>	compel
production-1963-vol2-chapters	2220	20.0	seenre	<<seenre>> and provide any information falling within the	seene|seenie
production-1963-vol2-chapters	2223	12.0	fiou	<<fiou>> report regarding injuries or death arising out	figu|fio|fiom|fion|fior|fios
production-1963-vol2-chapters	2227	5.0	fornu	<<fornu>> jointly that the congress of the united	bornu|cornu|forn|forna|forni|forno
production-1963-vol2-chapters	2228	27.0	chiminate	<<chiminate>> duplicative investigative procedures	chiminage|criminate
production-1963-vol2-chapters	2237	29.0	vieh	<<vieh>> clark l bradley hugh m burns ronald	lieh|nieh|pieh|sieh|tieh|vaeh
production-1963-vol2-chapters	2237	40.1	weingand	c <<weingand>> robert d williams assemblymen don a	weigand|weinland
production-1963-vol2-chapters	2238	8.3	milias	meyers george w <<milias>> james r mills robert t mona	ilias|lilias|milas|milia|milian|milis
production-1963-vol2-chapters	2240	22.8	aclver	in the official newspaper as aforesaid said <<aclver>>	alver|calver|maclver|mclver
production-1963-vol2-chapters	2241	16.1	guapys	attest <<guapys>> r wau in city clerk	guapos
production-1963-vol2-chapters	2244	0.6	lsabelta	clsscmbly concurrent resolution no relative to <<lsabelta>>	isabella
production-1963-vol2-chapters	2244	30.7	approsi	nation and the population of california increases <<approsi>>	approve
production-1963-vol2-chapters	2247	25.5	friutive	senate joint resolution no o <<friutive>> to the economic devel	fruitive
production-1963-vol2-chapters	2248	18.7	froin	of representatives to each senator and representative <<froin>>	broin|foin|frain|frein|frin|froid
production-1963-vol2-chapters	2250	15.0	lantie	<<lantie>> coast adjoining united states territory and	antie|lancie|lanie|lannie|lante|lantier
production-1963-vol2-chapters	2252	6.0	ciiapter	<<ciiapter>>	chapter
production-1963-vol2-chapters	2258	38.0	canism	<<canism>> have been au example and inspiration to	cadism|cainism|canim|canis|carnism|cynism
production-1963-vol2-chapters	2259	26.3	ornay	and george a <<ornay>> division of highways for a suggestion	mornay|orna|orny|orsay|ronay
production-1963-vol2-chapters	2260	10.5	gramith	wilbur h cox walter e <<gramith>> joseph hare george	graith
production-1963-vol2-chapters	2262	31.4	enlaryer	own time an optical <<enlaryer>> reducer machine utilized daily	enlarger
production-1963-vol2-chapters	2266	21.2	gramith	walter e <<gramith>> thirty nine dollars	graith
production-1963-vol2-chapters	2266	30.2	ornay	george a <<ornay>> four hundred seventy six dollars	mornay|orna|orny|orsay|ronay
production-1963-vol2-chapters	2267	28.5	naprove	the state printing office to <<naprove>> its efficiency and	aprove
production-1963-vol2-chapters	2275	3.0	ealises	<<ealises>> consequences events and personalities and	realises|valises
production-1963-vol2-chapters	2276	5.0	resulucd	<<resulucd>> that the chief clerk of the assembly	resulted
production-1963-vol2-chapters	2277	16.9	dubridge	a copy of this resolution to dr <<dubridge>>	bridge|durbridge
production-1963-vol2-chapters	2278	37.0	wuhenreas	<<wuhenreas>> ernie came to san francisco in to	whereas
production-1963-vol2-chapters	2279	9.0	scuate	<<scuate>> concurrent resolution no approving amendments	acuate|cuate|sclate|scutate|scute|state
production-1963-vol2-chapters	2287	23.0	ecive	<<ecive>> the additional amount of seventy five dollars	cive|ecize|ective|etive|recive
production-1963-vol2-chapters	2288	24.4	ruurs	section j crry council <<ruurs>> axp procedures the	ruus
production-1963-vol2-chapters	2291	16.11	exeen	be chosen un the basis of his <<exeen>>	exene|expen|exten
production-1963-vol2-chapters	2291	20.1	bupcer	section <<bupcer>> submission to the city council	bucer
production-1963-vol2-chapters	2293	48.0	eeeding	<<eeeding>> july where the total number of the	deeding|feeding|geeding|heeding|needing|reeding
production-1963-vol2-chapters	2302	40.0	ommendation	<<ommendation>> thereon with the council and should said	commendation
production-1963-vol2-chapters	2328	23.0	tronie	<<tronie>> or electro mechanical devices or other equipment	tonie|toonie|troie|trone|tronic|tronix
production-1963-vol2-chapters	2328	43.0	rocrr	<<rocrr>> arnebergh city attorney	rock|rocor
production-1963-vol2-chapters	2332	0.8	byuality	as that now pending betore congress reading <<byuality>>	quality
production-1963-vol2-chapters	2332	8.7	soropti	professional women s clubs american federation of <<soropti>>	soroti
production-1963-vol2-chapters	2336	3.2	percrs	winttian howard <<percrs>>	percs|percys
production-1963-vol2-chapters	2339	29.0	nuitce	<<nuitce>>	notice
production-1963-vol2-chapters	2342	47.0	agoene	<<agoene>> wres	agone
production-1963-vol2-chapters	2351	47.4	aveney	recreation and the resources <<aveney>>	adeney|aveley|avene|avenel|avener|averey
production-1963-vol2-chapters	2353	2.7	orpr	passed and adopted ordinance no entitled an <<orpr>>	opr|orp|orr|orrr|rpr
production-1963-vol2-chapters	2355	28.2	systein	section tax <<systein>>	oystein|systen
production-1963-vol2-chapters	2356	44.6	vireina	of riverside state of california and <<vireina>> j strohecker	virgina
production-1963-vol2-chapters	2363	9.2	gailfus	rex e <<gailfus>> city clerk of the city of modesto	gainful
production-1963-vol2-chapters	2365	31.4	gailfus	said and rex e <<gailfus>> city clerk as aforesaid have here	gainful
production-1963-vol2-chapters	2365	38.2	gattrus	rex eb <<gattrus>>	gators
production-1963-vol2-chapters	2369	48.0	tinited	<<tinited>> states civil war centennial commission	tincted|tinted
production-1963-vol2-chapters	2372	13.0	eonstmed	<<eonstmed>> renders the determination of their place of	consumed
production-1963-vol2-chapters	2374	21.0	perienving	<<perienving>> a sudden and substantial increase in school	perceiving
production-1963-vol2-chapters	2374	27.0	wuerc	<<wuerc>> as because of its strategic geographic location	werc|wuerl|wuerz
production-1963-vol2-chapters	2378	16.6	etsinger	we the undersigned jack e t <<etsinger>> president of the	eisinger|ettinger|letsinger
production-1963-vol2-chapters	2381	0.0	terville	<<terville>> s in words and figures as follows	derville|erville|merville|serville|treville|turville
production-1963-vol2-chapters	2382	23.0	nanee	<<nanee>>	anee|annee|danee|janee|lanee|manee
production-1963-vol2-chapters	2406	16.0	geney	<<geney>> with educational housing and other benefits and	deney|eney|ganey|gedney|gene|genea
production-1963-vol2-chapters	2411	31.5	engineeringly	contemplated expansion of facilities is <<engineeringly>> feasible	engineering
production-1963-vol2-chapters	2415	0.0	chaptior	<<chaptior>>	chapter
production-1963-vol2-chapters	2415	40.2	sentero	sented to <<sentero>> juniperiano petra mallorca dr bauza	entero|santero|sendero|senter|sestero
production-1963-vol2-chapters	2417	11.0	prmted	<<prmted>> in convenient pamphlet form in type of	prated
production-1963-vol2-chapters	2422	16.10	cathohe	of the various diocese of the roman <<cathohe>>	cathode|cathole
production-1963-vol2-chapters	2426	2.11	pubhe	or posted for five days in three <<pubhe>>	dubhe|pube|puhe
production-1963-vol2-chapters	2426	23.3	hercinabove	manner as specified <<hercinabove>> except for the aforesaid	hereinabove
production-1963-vol2-chapters	2430	28.0	wituiam	<<wituiam>> ff lone ey	william
production-1963-vol2-chapters	2433	8.0	jfouse	<<jfouse>> of representatives to each senator and representative	fouse|jouse
production-1963-vol2-chapters	2434	35.0	seareity	<<seareity>> problems presented by these areas and to	severity
production-1963-vol2-chapters	2443	0.4	terheyden	we the undersigned henry <<terheyden>> mayor of the city	verheyden
production-1963-vol2-chapters	2446	14.0	tlenry	<<tlenry>> termeyden	twenty
production-1963-vol2-chapters	2447	10.7	merease	united states government make every effort to <<merease>> and	terease
production-1963-vol2-chapters	2449	44.0	elasses	<<elasses>> individual help and language laboratories for teaching	classes|elapses|glasses|lasses
production-1963-vol2-chapters	2450	19.0	umicd	<<umicd>> airlines service to merced	mind|umich|umid
production-1963-vol2-chapters	2454	24.0	wauereas	<<wauereas>> accompanying this spectacular growth in popula	whereas
production-1963-vol2-chapters	2456	17.0	wueereas	<<wueereas>> decomposed granite covers more than a mile	whereas
production-1963-vol2-chapters	2459	7.0	watereas	<<watereas>> the vehicular traffic m san pedro is	waterers
production-1963-vol2-chapters	2469	4.4	otologists	utilization of professional audiologists <<otologists>> hearing aid	otologist
production-1963-vol2-chapters	2471	44.1	trapshoots	sponsoring <<trapshoots>> at its local club grounds and	trapshoot
production-1963-vol2-chapters	2486	25.0	ifouse	<<ifouse>> of representatives to the chairman and members	fouse
production-1965-vol3-chapters	25	0.0	chaptigr	<<chaptigr>>	chapter
production-1965-vol3-chapters	27	30.2	stepc	stepa stepb <<stepc>> stepd stepe	stec|step|stepa|steph|stepo|stepp
production-1965-vol3-chapters	27	30.3	stepd	stepa stepb stepc <<stepd>> stepe	stead|sted|steed|steid|stend|step
production-1965-vol3-chapters	27	30.4	stepe	stepa stepb stepc stepd <<stepe>>	sepe|slepe|stape|stede|stee|steep
production-1965-vol3-chapters	60	0.1	nscal	succeeding <<nscal>> yvedl	nocal|nsca|nscaa|nucal|scal
production-1965-vol3-chapters	60	0.2	yvedl	succeeding nscal <<yvedl>>	yield
production-1965-vol3-chapters	86	45.4	aveney	vided that the local <<aveney>> or governing board makes a con	adeney|aveley|avene|avenel|avener|averey
production-1965-vol3-chapters	106	34.0	ehised	<<ehised>> under the constitution or by a certificate	erised
production-1965-vol3-chapters	114	8.0	cuarrer	<<cuarrer>> employee awards	carrer|currer
production-1965-vol3-chapters	125	20.0	vicipal	<<vicipal>> and justice courts superseded by consolidation of	vicinal
production-1965-vol3-chapters	128	0.0	avange	<<avange>> step step step step step	avance|avante|avenge|vange
production-1965-vol3-chapters	133	46.0	eedures	<<eedures>> to be complied with in obtaining the	endures
production-1965-vol3-chapters	154	0.0	clalization	<<clalization>> n pupil personnel services standard designated	realization
production-1965-vol3-chapters	177	32.7	hunself	sets sufficient to meet the needs of <<hunself>> or his family accord	unself
production-1965-vol3-chapters	180	0.0	supphed	<<supphed>> with sufficient identification cards as required by	supped
production-1965-vol3-chapters	186	15.0	cuarter	<<cuarter>> amp to families with dependent children	carter|charter|cuartel|curter|quarter
production-1965-vol3-chapters	187	28.0	euss	<<euss>> parental responsibility with the applicant	buss|cuss|duss|ecss|eiss|elss
production-1965-vol3-chapters	187	50.0	mandead	<<mandead>>	mandean|manhead
production-1965-vol3-chapters	189	8.0	plovment	<<plovment>>	ployment
production-1965-vol3-chapters	200	42.8	frandu	or representation or by impersonation or other <<frandu>>	frand|frands
production-1965-vol3-chapters	216	0.0	impursement	<<impursement>>	imbursement
production-1965-vol3-chapters	216	39.3	incoine	has not sufficient <<incoine>> of his own to maintain himself as	incline
production-1965-vol3-chapters	221	35.1	reeviving	person <<reeviving>> aid under this chapter to determine whether	reviving
production-1965-vol3-chapters	276	0.0	qlured	<<qlured>> by law	alured|lured
production-1965-vol3-chapters	282	1.0	celving	<<celving>> such notice they shall meet and organize	calving|celing|celling|delving|elving
production-1965-vol3-chapters	288	25.0	cuaprer	<<cuaprer>> rrvier law or	chapter
production-1965-vol3-chapters	288	25.1	rrvier	cuaprer <<rrvier>> law or	ravier|revier|rivier
production-1965-vol3-chapters	293	0.1	nonrelief	for <<nonrelief>> employment on work programs	nonbelief
production-1965-vol3-chapters	323	9.9	puble	acre more or less within the adjoining <<puble>> way	buble|dpuble|duble|pable|poble|pubble
production-1965-vol3-chapters	328	8.0	maluing	<<maluing>> unclaimed in the custody or possession of	maling|malling|malting|mauling|valuing
production-1965-vol3-chapters	341	2.5	eustudy	may take such person into <<eustudy>> within five years after the	austudy
production-1965-vol3-chapters	358	34.0	wirhou	<<wirhou>> t power or eminent domain	withou|without
production-1965-vol3-chapters	370	0.0	reaa	<<reaa>>	eaa|meaa|raa|raaa|raea|rea
production-1965-vol3-chapters	374	35.1	coinsureds	insureds <<coinsureds>> adjusters and independent contractors	coinsured|coinsures
production-1965-vol3-chapters	378	41.0	srerion	<<srerion>> section is added to the vehicle code	region
production-1965-vol3-chapters	382	1.0	cifie	<<cifie>> this declaration of intent	cirie|citie|fifie|wifie
production-1965-vol3-chapters	389	4.0	tivery	<<tivery>> certificate license permit registration or ex	ivery|livery|rivery|tigery|tilery|tively
production-1965-vol3-chapters	400	0.3	vestecl	the responsibilities now <<vestecl>> by law in various state agencies	vestel
production-1965-vol3-chapters	402	4.6	scaffoldings	building standard does not include temporary <<scaffoldings>>	scaffolding
production-1965-vol3-chapters	421	7.0	eurities	<<eurities>> acquired by the district	purities
production-1965-vol3-chapters	433	20.0	cuaprer	<<cuaprer>> boonps	chapter
production-1965-vol3-chapters	433	20.1	boonps	cuaprer <<boonps>>	bonds|boones|boons|boops
production-1965-vol3-chapters	451	48.0	ecrements	<<ecrements>> in the manner provided in this article	cerements|decrements|excrements
production-1965-vol3-chapters	455	39.0	pavable	<<pavable>>	lavable|pacable|papable|parable|payable|savable
production-1965-vol3-chapters	464	3.0	misstoners	<<misstoners>>	missioners
production-1965-vol3-chapters	480	48.8	betterments	it except that in the event improvements <<betterments>>	betterment
production-1965-vol3-chapters	487	0.7	tetall	keting area for distributors therein and minimum <<tetall>> prices	metall|teall|totall
production-1965-vol3-chapters	515	41.2	samtation	the capitola <<samtation>> district recorded july in	saltation
production-1965-vol3-chapters	520	31.0	celving	<<celving>> its or their comments thereon the provisions	calving|celing|celling|delving|elving
production-1965-vol3-chapters	529	41.2	prezoning	c in <<prezoning>> if the matter is before a city	prozoning|rezoning
production-1965-vol3-chapters	529	44.4	prezoned	the area to be <<prezoned>> or if there is none it shall	prezone|rezoned
production-1965-vol3-chapters	529	45.11	prezoned	public places in the area to be <<prezoned>>	prezone|rezoned
production-1965-vol3-chapters	549	42.0	plovees	<<plovees>>	plovers
production-1965-vol3-chapters	557	3.0	ormore	<<ormore>>	formore|more|ogmore
production-1965-vol3-chapters	598	0.0	hieation	<<hieation>> proposal may be reviewed no more than	hiation|hidation|hiemation|himation
production-1965-vol3-chapters	598	7.8	reeommen	district make a review and submit its <<reeommen>>	recommen|recommend
production-1965-vol3-chapters	600	51.0	einct	<<einct>> during that period	cinct|einat|einst|tinct
production-1965-vol3-chapters	647	0.2	myvo	tne property <<myvo>> veu	mavo|mevo|movo|mvo|myco|mylo
production-1965-vol3-chapters	656	13.0	szorion	<<szorion>> the chapter heading of chapter commencing	xzorion
production-1965-vol3-chapters	660	11.0	alvses	<<alvses>> which will permit accurate and regular evaluations	alves
production-1965-vol3-chapters	732	39.5	betterments	transportation landing or storage improvements <<betterments>>	betterment
production-1965-vol3-chapters	733	3.8	betterments	it except that in the event improvements <<betterments>>	betterment
production-1965-vol3-chapters	763	11.8	aveney	each of the seven divisions of the <<aveney>> as in see	adeney|aveley|avene|avenel|avener|averey
production-1965-vol3-chapters	793	48.4	anpiv	of this code shall <<anpiv>>	aniv|anniv
production-1965-vol3-chapters	822	49.3	vavable	notes shall be <<vavable>> from the tax levy from the then	lavable|savable|wavable
production-1965-vol3-chapters	840	14.0	jowing	<<jowing>>	bowing|cowing|gowing|jawing|joing|joking
production-1965-vol3-chapters	851	0.5	unapier	of part division sections and <<unapier>>	napier
production-1965-vol3-chapters	855	51.0	vanization	<<vanization>>	danization|nanization
production-1965-vol3-chapters	861	0.4	deannexa	detachment means the detachment <<deannexa>>	annexa
production-1965-vol3-chapters	861	15.0	trict	<<trict>>	strict|tract|triact|tric|trica|trice
production-1965-vol3-chapters	868	10.8	desiz	therein as insert the distinctive short form <<desiz>>	deliz|deniz|desi|desig|desio|desir
production-1965-vol3-chapters	868	16.8	desiy	therein as insert the distinctive short form <<desiy>>	desi|desig|desio|desir|desis|dessy
production-1965-vol3-chapters	883	0.0	appomt	<<appomt>> one or more members not to exceed	apport
production-1965-vol3-chapters	890	10.0	cuapteer	<<cuapteer>> annexations and detachments	chapter
production-1965-vol3-chapters	904	38.0	sillered	<<sillered>> by it	silvered
production-1965-vol3-chapters	905	50.0	vanization	<<vanization>> subject to confirmation of the voters the	danization|nanization
production-1965-vol3-chapters	938	0.2	wittharawn	t n <<wittharawn>>	withdrawn
production-1965-vol3-chapters	968	32.8	unplaceable	to relinquishment has been found to be <<unplaceable>>	unpeaceable|unplacable
production-1965-vol3-chapters	977	1.6	pubhe	conservator in such proper cases the <<pubhe>> guardian may take	dubhe|pube|puhe
production-1965-vol3-chapters	989	21.0	phiet	<<phiet>>	phaet|phet|phiel|phit|piet|priet
production-1965-vol3-chapters	1001	0.0	uhartler	<<uhartler>>	charter
production-1965-vol3-chapters	1001	16.3	orricers	article iv buective <<orricers>>	officers
production-1965-vol3-chapters	1033	23.0	eedural	<<eedural>> ordinance the method of and procedure for	federal
production-1965-vol3-chapters	1039	34.8	ferdon	is to certify that we john jay <<ferdon>> president of	fardon|feldon|feron|ferron|ferson|fredon
production-1965-vol3-chapters	1040	1.2	ferdon	john jay <<ferdon>>	fardon|feldon|feron|ferron|ferson|fredon
production-1965-vol3-chapters	1068	33.4	beeoine	such an interest shall <<beeoine>> void at the election of the city	beeline
production-1965-vol3-chapters	1089	0.0	sianager	<<sianager>>	manager
production-1965-vol3-chapters	1091	0.0	hhyarocarbon	<<hhyarocarbon>> ssudstances	hydrocarbon
production-1965-vol3-chapters	1091	0.1	ssudstances	hhyarocarbon <<ssudstances>>	substances
production-1965-vol3-chapters	1097	45.0	riehfield	<<riehfield>> oil corporation parcel a dated march	richfield
production-1965-vol3-chapters	1105	2.0	plovees	<<plovees>>	plovers
production-1965-vol3-chapters	1110	21.0	peuses	<<peuses>> incurred in official duty or such reasonable	pauses|perses|peruses|pluses|reuses
production-1965-vol3-chapters	1122	48.7	anvnointed	boards of education shal be elected or <<anvnointed>> their	annointed
production-1965-vol3-chapters	1135	31.2	gumam	section eminent <<gumam>> no franchise grant shall	guam|gulam|guma|gumm|gumma|humam
production-1965-vol3-chapters	1135	34.4	exerei	purchase or through the <<exerei>> e of the rrzht vf eminent do	hexerei
production-1965-vol3-chapters	1138	11.0	certam	<<certam>> proposal for the amendment of the charter	ceram|certa|certai
production-1965-vol3-chapters	1150	1.9	assegs	the county of san diego any political <<assegs>>	asses|assess|assets
production-1965-vol3-chapters	1150	46.0	suynervisors	<<suynervisors>>	supervisors
production-1965-vol3-chapters	1151	19.0	roserr	<<roserr>> c denr	roser|rosero|rosery
production-1965-vol3-chapters	1154	28.0	roserr	<<roserr>> c dent	roser|rosero|rosery
production-1965-vol3-chapters	1162	3.0	eiplined	<<eiplined>> only upon signed written charges that are	explained
production-1965-vol3-chapters	1164	40.7	parhament	great britain for over vears serving in <<parhament>> since	parament|parlament
production-1965-vol3-chapters	1169	48.2	conneil	vacancies in <<conneil>>	connel|connell|conseil|corneil
production-1965-vol3-chapters	1172	6.0	nanees	<<nanees>> if said other questions and ordinances are	anees|manees|nafees|nanes|nannes|nantes
production-1965-vol3-chapters	1185	13.9	wameling	under the able direction of charles j <<wameling>>	nameling|wakeling|wambling
production-1965-vol3-chapters	1185	39.1	wameling	j <<wameling>> queen betty hendrickson and princesses bar	nameling|wakeling|wambling
production-1965-vol3-chapters	1189	1.0	poitment	<<poitment>> their tenure and the duties which they	pointment|portment
production-1965-vol3-chapters	1190	0.0	sslale	<<sslale>> ana	sale
production-1965-vol3-chapters	1192	0.0	jiouse	<<jiouse>> of representatives and to each senator and	jouse
production-1965-vol3-chapters	1197	0.0	vacaill	<<vacaill>>	vacaville
production-1965-vol3-chapters	1214	22.2	coakuey	j f <<coakuey>> district attorney	coakley
production-1965-vol3-chapters	1253	10.0	ciiapter	<<ciiapter>>	chapter
production-1965-vol3-chapters	1256	15.2	jomt	provided in <<jomt>> rule for amendments to bills he shall	comt|domt|jmt|jolt|jom|joma
production-1965-vol3-chapters	1283	8.5	ohnimus	the death of arthur a <<ohnimus>>	omnibus
production-1965-vol3-chapters	1283	11.10	ohnimus	learned of the death of arthur a <<ohnimus>>	omnibus
production-1965-vol3-chapters	1283	38.9	necasion	death of this great californian is an <<necasion>>	decision
production-1965-vol3-chapters	1284	3.2	ohnimus	widow bernice <<ohnimus>>	omnibus
production-1965-vol3-chapters	1288	22.7	actmg	other officer or employee of the city <<actmg>> in violation of this	actg
production-1965-vol3-chapters	1293	39.3	sueceding	calendar month next <<sueceding>> such filing no contributions	seceding
production-1965-vol3-chapters	1300	42.5	pubhe	v to acquire and construct <<pubhe>> parking lots garages	dubhe|pube|puhe
production-1965-vol3-chapters	1300	46.0	faeities	<<faeities>>	families
production-1965-vol3-chapters	1301	11.3	berlake	l e tin <<berlake>>	berake|berlage|brake
production-1965-vol3-chapters	1312	20.0	eancy	<<eancy>> occurs within the ninety days immediately preceding	ancy|dancy|fancy|lancy|mancy|nancy
production-1965-vol3-chapters	1315	27.7	froin	shall he required to vote unless disqualified <<froin>> doing so by	broin|foin|frain|frein|frin|froid
production-1965-vol3-chapters	1334	33.0	yram	<<yram>> contents after the commencement of each fiscal	aram|bram|byram|cram|dram|eram
production-1965-vol3-chapters	1341	42.11	disere	all bids the council may in its <<disere>>	desere|diseme|isere|lisere|misere
production-1965-vol3-chapters	1350	31.0	plovees	<<plovees>> to eight for the city the foregoing	plovers
production-1965-vol3-chapters	1359	0.0	cyisls	<<cyisls>> alla	crisis
production-1965-vol3-chapters	1361	2.4	jumor	mending john l compton <<jumor>> high school james a	dumor|humor|jamor|jumo|junor|juror
production-1965-vol3-chapters	1361	11.5	wingland	school standard elementary school and <<wingland>> elemen	ringland|wineland
production-1965-vol3-chapters	1362	27.3	cavaleade	assembly entitled the <<cavaleade>> of america in which	cavalcade
production-1965-vol3-chapters	1362	43.1	wingland	whereas <<wingland>> elementary school embarked upon an	ringland|wineland
production-1965-vol3-chapters	1362	47.1	wingland	whereas <<wingland>> elementary school in implementing	ringland|wineland
production-1965-vol3-chapters	1363	7.5	wingland	school standard elementary school and <<wingland>> elemen	ringland|wineland
production-1965-vol3-chapters	1363	15.5	wingland	school standard elementary school and <<wingland>> elemen	ringland|wineland
production-1965-vol3-chapters	1365	34.8	effee	since november of the center has been <<effee>>	effe|effec|effed|effen|effer|effet
production-1965-vol3-chapters	1369	2.0	dauuas	<<dauuas>> m williams	daumas
production-1965-vol3-chapters	1373	15.1	mcciernan	henry <<mcciernan>> city attorney	mckiernan|mctiernan
production-1965-vol3-chapters	1374	38.3	svenie	threatens the outstanding <<svenie>> qualities of this world famous	seenie|senie|venie
production-1965-vol3-chapters	1375	13.0	reation	<<reation>> advisory council now therefore be it	creation|eration|ration|reaction|reaktion|rection
production-1965-vol3-chapters	1379	2.2	caranvo	felix f <<caranvo>>	carano
production-1965-vol3-chapters	1379	4.0	guapys	<<guapys>> h murrhy	guapos
production-1965-vol3-chapters	1388	33.0	elared	<<elared>> elected for the unexpired term of the	blared|eared|elated|eldred|flared|glared
production-1965-vol3-chapters	1403	31.2	baipa	robert h <<baipa>>	aipa|baia|baiba|baida|baila|baita
production-1965-vol3-chapters	1416	1.0	revarded	<<revarded>> educational leave as a special privilege rather	regarded|retarded|rewarded
production-1965-vol3-chapters	1423	41.0	wauereas	<<wauereas>> accomplishments of the western rice research	whereas
production-1965-vol3-chapters	1424	0.0	miiling	<<miiling>> yields and tempering conditions during drying prac	mailing|meiling|miiking|miling|milling|moiling
production-1965-vol3-chapters	1424	12.5	undermilled	of microorganisms from brown and <<undermilled>> rices develop	undermiller
production-1965-vol3-chapters	1424	26.3	melude	the albany laboratory <<melude>> at the specific request of the	delude|elude
production-1965-vol3-chapters	1424	32.6	undermilled	color and flavor from brown and <<undermilled>> as well as paddy	undermiller
production-1965-vol3-chapters	1433	1.6	affihation	relative to endorsing a sister state <<affihation>> with	affidation|affination|affixation
production-1965-vol3-chapters	1438	6.2	hopar	john j <<hopar>>	hepar|hoar|hogar|hopa|hoper|howar
production-1965-vol3-chapters	1442	0.0	supphed	<<supphed>> or distributed to any person or corporation	supped
production-1965-vol3-chapters	1449	43.0	elared	<<elared>> by the board of water and power	blared|eared|elated|eldred|flared|glared
production-1965-vol3-chapters	1450	25.2	clrivers	laborers including <<clrivers>> persons employed on the con	clivers
production-1965-vol3-chapters	1450	42.1	aderue	to <<aderue>> seniority credit the same as though serving	adrue
production-1965-vol3-chapters	1450	51.0	tibrarv	<<tibrarv>>	library
production-1965-vol3-chapters	1465	20.0	einets	<<einets>> for such special county election designated the	eines
production-1965-vol3-chapters	1467	37.3	teilh	fornia and paul <<teilh>> county clerk of the county of santa	teich|teil|teith
production-1965-vol3-chapters	1492	5.0	eedures	<<eedures>> which will assure that the trustees charged	endures
production-1965-vol3-chapters	1494	8.0	nuttee	<<nuttee>> established by chapter statutes of	nutted|nutten|nutter|puttee|ruttee|suttee
production-1965-vol3-chapters	1497	46.8	levisla	thereof concurring that the members of the <<levisla>>	levisa
production-1965-vol3-chapters	1510	33.7	cyclamates	sweetening agents especially by the so called <<cyclamates>> and	cyclamate
production-1965-vol3-chapters	1510	34.4	cyclamates	by mixtures of the <<cyclamates>> and saccharin and	cyclamate
production-1965-vol3-chapters	1526	22.2	sebreck	orval l <<sebreck>> two thousand three hundred thirteen dol	secrecy
production-1965-vol3-chapters	1527	50.0	nonlevislative	<<nonlevislative>> shall be paid from the monev allocated	nonlegislative
production-1965-vol3-chapters	1533	40.6	execlud	dollars for the construction or imprcvement <<execlud>>	exclude
production-1965-vol3-chapters	1545	48.0	counei	<<counei>> mav amend or supplement the budget by	counci
production-1965-vol3-chapters	1548	0.5	dainages	every claim for money or <<dainages>> against the city or any	drainages
production-1965-vol3-chapters	1553	1.1	souety	american <<souety>> and	suety
production-1965-vol3-chapters	1562	9.0	bereafter	<<bereafter>>	hereafter
production-1965-vol3-chapters	1563	0.0	ubarter	<<ubarter>> are true	barter
production-1965-vol3-chapters	1563	9.0	wituam	<<wituam>> f lonciey	witham
production-1965-vol3-chapters	1569	34.6	prequalifies	whereas the department of general services <<prequalifies>>	prequalified
production-1965-vol3-chapters	1569	44.0	inerely	<<inerely>> indicate the kinds of information the department	inertly|merely
production-1965-vol3-chapters	1595	38.0	plovees	<<plovees>> provided further that in no event shall	plovers
production-1965-vol3-chapters	1613	6.0	eoutracts	<<eoutracts>> builds annually many millions of dollars worth	contracts
production-1965-vol3-chapters	1615	28.0	upeoast	<<upeoast>> from the golden gate bridge and the	upcoast
production-1965-vol3-chapters	1617	0.5	mnately	whereas there s nothing which <<mnately>> makes at least	mately|nately
production-1961-vol2-chapters	5	31.1	ppiration	suspended <<ppiration>> and shall be renewed as provided in	spiration
production-1961-vol2-chapters	5	47.1	heense	new <<heense>> a license which is not renewed within	heene|heese|hense
production-1961-vol2-chapters	10	46.8	explratio	issued under this chapter and the pocket <<explratio>>	expiration
production-1961-vol2-chapters	14	26.8	neates	of registration as a professional engi nem <<neates>>	enates|keates|nates|neales|neate|neaten
production-1961-vol2-chapters	15	0.0	scnedaule	<<scnedaule>>	schedule
production-1961-vol2-chapters	16	10.8	rratte	this act shall become operative on october <<rratte>>	pratte|rate|ratte
production-1961-vol2-chapters	20	29.5	hheense	sale furniture dealer s license <<hheense>>	cheese
production-1961-vol2-chapters	20	31.5	fornture	every upholstered furniture manufacturer shal <<fornture>>	furniture
production-1961-vol2-chapters	20	33.7	heense	number assigned or approved by the bureau <<heense>>	heene|heese|hense
production-1961-vol2-chapters	20	41.10	teense	shall hold a bedding renovator s li <<teense>>	teenie|teens|teensy|teese|tense
production-1961-vol2-chapters	20	46.1	heense	license <<heense>>	heene|heese|hense
production-1961-vol2-chapters	21	25.3	heense	bedding renovator s <<heense>>	heene|heese|hense
production-1961-vol2-chapters	22	34.9	monext	shall establish or operate any clothes clean <<monext>>	monent|monet|monett|monex
production-1961-vol2-chapters	26	32.9	heense	the waiver or refund of the initial <<heense>> fee where	heene|heese|hense
production-1961-vol2-chapters	32	30.7	certfcate	certificates to practice architecture remain in ful <<certfcate>>	certificate
production-1961-vol2-chapters	36	30.4	alstrict	revenue and taxation code <<alstrict>>	astrict
production-1961-vol2-chapters	41	29.7	deeins	knowledge and manual skill which the commission <<deeins>> are	deens|devins
production-1961-vol2-chapters	43	25.0	rallonage	<<rallonage>> any distributor or broker who acquires motor	gallonage
production-1961-vol2-chapters	44	26.10	deprawns	shall be allocated to or made avail <<deprawns>>	prawns
production-1961-vol2-chapters	46	14.9	omcers	investigators of the department shall have the <<omcers>>	omers
production-1961-vol2-chapters	48	18.9	reeulatlon	state fire marshal shall adopt in accord <<reeulatlon>>	regulation
production-1961-vol2-chapters	55	42.0	prration	<<prration>> ete at section apply to the issuance	proration
production-1961-vol2-chapters	56	9.7	physt	business and professions code relating to registered <<physt>>	phys|physa|physi|physx
production-1961-vol2-chapters	62	30.8	ennet	people of the state of california do <<ennet>> as follows	annet|bennet|dennet|enet|enne|ennen
production-1961-vol2-chapters	62	40.0	oetivities	<<oetivities>>	activities
production-1961-vol2-chapters	67	44.0	canforns	<<canforns>> head of cattle originating in other states	conforms
production-1961-vol2-chapters	70	40.10	ewul	for the governing board or personnel com <<ewul>>	elul|eul|ewal|ewl|ewu|wul
production-1961-vol2-chapters	71	8.1	trict	employee <<trict>> superintendent or his agent from discussing with	strict|tract|triact|tric|trica|trice
production-1961-vol2-chapters	72	1.3	packout	c the term <<packout>> basis means that payment for the packout	backout
production-1961-vol2-chapters	72	1.10	packout	packout basis means that payment for the <<packout>>	backout
production-1961-vol2-chapters	72	46.8	pierlons	conviction of a felony previous bankruptcy voluntary <<pierlons>>	persons
production-1961-vol2-chapters	75	13.0	packout	<<packout>> basis	backout
production-1961-vol2-chapters	75	15.3	packout	thereof on a <<packout>> basis shall promptly upon completion of	backout
production-1961-vol2-chapters	75	21.0	packout	<<packout>> basis contract between producer and the processor	backout
production-1961-vol2-chapters	75	28.7	packout	the purchase of farm products on a <<packout>> basis shall in	backout
production-1961-vol2-chapters	77	23.0	tuspart	<<tuspart>> levy collection and enforcement of assessments and	subpart
production-1961-vol2-chapters	77	44.1	elanns	other <<elanns>> and expenses of the district said estimate	elands|elanna|elanus
production-1961-vol2-chapters	84	10.5	warchousemen	ang of vital records by <<warchousemen>>	warehousemen
production-1961-vol2-chapters	84	16.8	defaition	this article unless the context or subject <<defaition>>	definition
production-1961-vol2-chapters	86	9.11	fiif	of the petition and of the time <<fiif>>	feif|fief|fif|fifi|fii|fiio
production-1961-vol2-chapters	88	2.8	prdence	as provided in section the board shal <<prdence>> ol	prudence
production-1961-vol2-chapters	89	9.0	ruptey	<<ruptey>> ete confirmation of any other proceeding under	ruptly
production-1961-vol2-chapters	89	10.0	feuike	<<feuike>> ruptey law including a composition arrangement or	felipe
production-1961-vol2-chapters	89	10.1	ruptey	feuike <<ruptey>> law including a composition arrangement or reorganization	ruptly
production-1961-vol2-chapters	96	10.8	froposea	by an augmented county committee the commit <<froposea>>	proposed
production-1961-vol2-chapters	96	11.11	mstriet	provision for the authorization of a maxi <<mstriet>>	street
production-1961-vol2-chapters	98	21.0	cuaptrr	<<cuaptrr>> doing business in this state	chapter
production-1961-vol2-chapters	100	19.8	qualifca	foreign lending institution solely by reason of <<qualifca>>	qualify
production-1961-vol2-chapters	100	21.8	pxsertions	to inclusive of section shall be required <<pxsertions>>	insertions
production-1961-vol2-chapters	106	1.11	salestex	of any sales and use tax ordi <<salestex>>	salesmen
production-1961-vol2-chapters	112	23.13	nueht	of duty which commences after p m <<nueht>> shift	next
production-1961-vol2-chapters	118	3.10	hleeton	that an election should be held the <<hleeton>>	leeton
production-1961-vol2-chapters	118	21.2	mazun	dietetic yogurt <<mazun>> or such names as may be characteristic	mamun|maun|mazan|mazen|mazin|mazon
production-1961-vol2-chapters	122	27.6	sonstrue	construction includes construction of new build <<sonstrue>>	construe
production-1961-vol2-chapters	125	29.0	brred	<<brred>> milk dried milk is the product resulting	bared|barred|birred|bored|bred|breed
production-1961-vol2-chapters	126	17.0	mdex	<<mdex>> not more than ml ml	adex|dex|idex|mde|mdee|mdeq
production-1961-vol2-chapters	138	14.9	rclat	to amend section of the government crile <<rclat>>	clat|eclat|relat
production-1961-vol2-chapters	141	6.0	comader	<<comader>> commission should consider from the standpoint of	comadre|comaker|comander
production-1961-vol2-chapters	141	43.0	omenand	<<omenand>> vision of highways there shall be included	homeland|menand
production-1961-vol2-chapters	146	7.8	avccation	of the money expended pursuant to section <<avccation>>	avocation
production-1961-vol2-chapters	148	36.7	revoca	card number notice of such suspension termination <<revoca>>	revoke
production-1961-vol2-chapters	150	36.9	byeshades	or trolley coach shall be equipped with <<byeshades>>	eyeshades
production-1961-vol2-chapters	170	10.9	nonrecewt	notice of a meeting for the nomination <<nonrecewt>>	nonreceipt|nonrecent
production-1961-vol2-chapters	170	14.11	sjucers	the commission shall compile and main a <<sjucers>>	saucers
production-1961-vol2-chapters	171	3.0	peeretion	<<peeretion>> ments levied under the authority of this	secretion
production-1961-vol2-chapters	174	48.0	ketine	<<ketine>> season theretofore held an immediate hearing in	keine|ketene|ketone
production-1961-vol2-chapters	175	33.0	mnmum	<<mnmum>> qualified producer voters in any district producing	minimum|mnium
production-1961-vol2-chapters	178	1.11	smpped	regulation require file with the commission a <<smpped>>	sapped|sipped|sopped|supped
production-1961-vol2-chapters	178	9.8	aemenls	information obtained by the commission from s <<aemenls>>	amends
production-1961-vol2-chapters	179	0.0	speciie	<<speciie>> performance or any obligation imposed by this	specie
production-1961-vol2-chapters	179	24.0	admunistra	<<admunistra>>	administra
production-1961-vol2-chapters	181	14.0	faeinating	<<faeinating>> commission shall be returned upon a pro	facinating
production-1961-vol2-chapters	181	35.0	conomon	<<conomon>>	common
production-1961-vol2-chapters	181	51.0	eeeding	<<eeeding>>	deeding|feeding|geeding|heeding|needing|reeding
production-1961-vol2-chapters	182	23.9	termmation	of this chapter shall not be effective <<termmation>>	termination
production-1961-vol2-chapters	189	10.0	pohey	<<pohey>> their institutional facilities and provide programs of	ohey|poey|pogey|poher|pokey|poley
production-1961-vol2-chapters	189	27.0	heceing	<<heceing>> c receiving state means a state party	hecking
production-1961-vol2-chapters	189	37.0	arricits	<<arricits>> iti	apricots
production-1961-vol2-chapters	191	27.0	ofnmates	<<ofnmates>> suant to the provisions of this compact	inmates
production-1961-vol2-chapters	192	36.11	extraditis	escapes from an institution in which he <<extraditis>>	extradites|extradition
production-1961-vol2-chapters	193	34.0	inmmation	<<inmmation>> upon a party state until it shall	inflation
production-1961-vol2-chapters	194	45.7	hemmss	authorized representative is hereby authorized and directed <<hemmss>>	hemmes
production-1961-vol2-chapters	196	26.0	imers	<<imers>>	aimers|amers|dimers|ibmers|icers|iers
production-1961-vol2-chapters	198	46.8	promubited	following acts and the causing thereof within <<promubited>>	prohibited
production-1961-vol2-chapters	202	28.8	frctin	newly formed unified school districts and junior <<frctin>>	fraction
production-1961-vol2-chapters	209	39.0	fhonographic	<<fhonographic>> in each county having a population of	phonographic
production-1961-vol2-chapters	212	5.4	peatire	secretary of state july <<peatire>>	peatier|pentire
production-1961-vol2-chapters	213	44.0	clopter	<<clopter>> wide persons whose dependency results from disability	clopper|closter|clotter|clouter|copter
production-1961-vol2-chapters	214	44.0	chanvter	<<chanvter>>	chanter
production-1961-vol2-chapters	223	14.0	pusal	<<pusal>> only sewage disposal purposes only be annexed	kusal|musal|pausal|posal|psal|pubal
production-1961-vol2-chapters	226	0.7	simisim	supervising authority as used in this chapter <<simisim>>	simsim
production-1961-vol2-chapters	226	21.6	amdants	any district previously organized or reorganized <<amdants>>	amants|amounts
production-1961-vol2-chapters	230	5.12	vetunds	official custody of the treasurer is pre <<vetunds>>	refunds
production-1961-vol2-chapters	237	38.0	grectors	<<grectors>> visions of the agency by the first	erectors|rectors
production-1961-vol2-chapters	241	11.0	timpen	<<timpen>> agency as follows each of the members	impen|time|timken|timpe
production-1961-vol2-chapters	241	24.0	asastants	<<asastants>> src the board of directors shall at	assistants
production-1961-vol2-chapters	247	45.0	eulation	<<eulation>> printed and published in the agency inviting	elation|emulation|eolation|epulation
production-1961-vol2-chapters	272	10.10	teniry	from such agency pursuant to the provisions <<teniry>>	entry|tenery
production-1961-vol2-chapters	275	31.0	tieable	<<tieable>> within seven days after the date of	timable|timeable
production-1961-vol2-chapters	277	27.0	tnformality	<<tnformality>> sec no informality in any proceeding or	informality|unformality
production-1961-vol2-chapters	278	12.11	countles	one county and this agency may annex <<countles>>	counties|countless
production-1961-vol2-chapters	283	43.0	agenaes	<<agenaes>> the state has advanced pursuant to this	agentes
production-1961-vol2-chapters	287	21.0	jontation	<<jontation>> for the notice inviting bids shall set	jotation
production-1961-vol2-chapters	289	10.0	cuarrer	<<cuarrer>> commmunity services for older	carrer|currer
production-1961-vol2-chapters	289	19.0	availubality	<<availubality>> funds appropriated by the legislature or otherwise	availability
production-1961-vol2-chapters	294	13.0	citapter	<<citapter>>	chapter
production-1961-vol2-chapters	295	10.0	vreblem	<<vreblem>>	problem
production-1961-vol2-chapters	295	20.0	iversin	<<iversin>> that no person corporation or public or	iversen|iverson
production-1961-vol2-chapters	298	1.7	ppesrance	at the hearing any person interested including <<ppesrance>>	appearance
production-1961-vol2-chapters	307	43.0	monthliv	<<monthliv>>	monthly
production-1961-vol2-chapters	313	36.0	srerion	<<srerion>> section of the welfare and institutions	region
production-1961-vol2-chapters	314	13.7	pemlty	any person who knowingly and maliciously attempts <<pemlty>>	penalty
production-1961-vol2-chapters	330	30.8	satuty	brought pursuant to chapter commencing with section <<satuty>>	sauty
production-1961-vol2-chapters	339	50.11	navable	the case may be must be made <<navable>> in	lavable|namable|navale|savable|wavable
production-1961-vol2-chapters	343	5.1	cfreet	in <<cfreet>> approved by governo july filed with	afreet|freet
production-1961-vol2-chapters	350	0.9	piood	to amend section of the mendocino county <<piood>>	pood
production-1961-vol2-chapters	353	16.0	vahdaty	<<vahdaty>> levy or a contract may be brought	vahdat
production-1961-vol2-chapters	354	29.7	sataty	brought pursuant to chapter commencing with section <<sataty>>	satay
production-1961-vol2-chapters	355	15.0	vidty	<<vidty>> brought pursuant to chapter commencing with section	viddy|vidry
production-1961-vol2-chapters	357	18.0	tobng	<<tobng>> action authorized by this chapter shall not	toing|tong|toung
production-1961-vol2-chapters	358	12.0	cuaprer	<<cuaprer>> vatipattine proceepines	chapter
production-1961-vol2-chapters	358	12.2	proceepines	cuaprer vatipattine <<proceepines>>	proceedings
production-1961-vol2-chapters	358	13.8	reassessmen	the reassessment has been confirmed it shal <<reassessmen>>	reassessment
production-1961-vol2-chapters	358	31.11	tandity	refunding bonds issued or to be issued <<tandity>>	sanity
production-1961-vol2-chapters	363	1.0	peratlons	<<peratlons>>	operations
production-1961-vol2-chapters	364	32.8	juement	judgment shall refer to the assessment apportioned <<juement>>	judgment|jugement|jument
production-1961-vol2-chapters	365	3.0	appirtion	<<appirtion>> made by the judgment are conclusive evidence	apportion
production-1961-vol2-chapters	365	17.0	mentite	<<mentite>> certified by the secretary or assistant secretary	pentite
production-1961-vol2-chapters	365	34.0	yaubty	<<yaubty>> brought pursuant to chapter commencing with section	faulty
production-1961-vol2-chapters	372	2.7	sauaty	brought pursuant to chapter commencing with section <<sauaty>>	sauty
production-1961-vol2-chapters	372	20.10	anaiy	may be brought pursuant to chapter commencing <<anaiy>>	anai|anais|analy|anay
production-1961-vol2-chapters	379	6.0	detemper	<<detemper>> secretary of state july	december|retemper
production-1961-vol2-chapters	387	21.0	bmect	<<bmect>> sec section of this act shall become	bect|bmet
production-1961-vol2-chapters	389	2.0	progranis	<<progranis>>	programs
production-1961-vol2-chapters	389	12.0	iecie	<<iecie>> the state department of social welfare shal	icie|ieice
production-1961-vol2-chapters	404	16.0	comruission	<<comruission>>	commission
production-1961-vol2-chapters	408	30.11	iuta	section of the government code and referer <<iuta>>	auta|buta|duta|futa|guta|huta
production-1961-vol2-chapters	412	29.8	destn	the death before retirement of a member <<destn>>	dest|desta|deste|desti|destin|desto
production-1961-vol2-chapters	414	1.9	mldren	death of a member prior to retirement <<mldren>>	mildren|modern
production-1961-vol2-chapters	415	40.0	eleetlon	<<eleetlon>> benefits provided for by this article may	election
production-1961-vol2-chapters	420	35.13	gnare	at the time he signs the petition <<gnare>>	gare|glare|gnar|gnarl|gnarr|guare
production-1961-vol2-chapters	430	0.8	carbu	every motorboat shall have the carburetor or <<carbu>> flame	barbu|cabu|carb|carbo|carbs|carby
production-1961-vol2-chapters	434	34.10	mattvis	or referee must hear such legal testi <<mattvis>>	matteis|matters|matthis|mattis
production-1961-vol2-chapters	439	19.0	ofmoney	<<ofmoney>> ay provided in section the party whose	money
production-1961-vol2-chapters	440	0.0	aepositea	<<aepositea>>	deposited
production-1961-vol2-chapters	442	5.8	condemua	acquired therein and the purposes of such <<condemua>>	condemn
production-1961-vol2-chapters	445	18.0	phanee	<<phanee>> with an order of possession the plaintiff	phane|phanes
production-1961-vol2-chapters	448	30.12	ilense	a temporary driver s license a temporary <<ilense>>	flense|ilene|lense
production-1961-vol2-chapters	452	6.10	cancelia	reference to a driver s license cancellation <<cancelia>>	cancela
production-1961-vol2-chapters	452	44.9	ofstreet	person shall operate a motor vehicle within <<ofstreet>>	offstreet|street
production-1961-vol2-chapters	453	8.0	unlivensed	<<unlivensed>>	unlicensed
production-1961-vol2-chapters	457	2.0	meneing	<<meneing>> days thereafter such jail or lockup shall	memeing|mending|mening|menning|mensing|menting
production-1961-vol2-chapters	457	15.0	pehuons	<<pehuons>> chapter nor shall any fees be charged	persons
production-1961-vol2-chapters	458	29.8	regunal	lieu of county juvenile justice commissions the <<regunal>>	reginal|regnal
production-1961-vol2-chapters	459	28.1	iatee	a <<iatee>> a juvenile justice commission shall annually inspect	iaee|iate|iatse|katee|patee
production-1961-vol2-chapters	460	22.8	temsot	members of the probation committee shall hold <<temsot>>	test
production-1961-vol2-chapters	464	31.0	eode	<<eode>>	beode|bode|code|dode|eade|edde
production-1961-vol2-chapters	465	21.0	ebild	<<ebild>> of the juvenile court or a person	bild|ebid|ebird
production-1961-vol2-chapters	466	1.9	inestiga	officer shall upon order of any court <<inestiga>>	investiga
production-1961-vol2-chapters	466	35.9	peisuns	under the age of years who comes <<peisuns>>	persons
production-1961-vol2-chapters	467	45.0	eusatory	<<eusatory>> pleading and it appears to the satisfaction	eupatory
production-1961-vol2-chapters	469	0.0	svquent	<<svquent>> plo an officer who takes a minor	sequent
production-1961-vol2-chapters	470	11.8	petemn	sooner released a minor taken into custody <<petemn>>	peteman|peten
production-1961-vol2-chapters	471	11.0	rehearmg	<<rehearmg>> when a hearing is held under the	rehearing
production-1961-vol2-chapters	472	32.9	procceaings	proceedings in the juvenile court such applica <<procceaings>>	proceedings
production-1961-vol2-chapters	475	6.0	arestof	<<arestof>> court alleging that a minor comes within	preston
production-1961-vol2-chapters	477	29.0	contmuace	<<contmuace>> made of the minor prior to doing	contumacy
production-1961-vol2-chapters	480	12.10	feiontes	during a hearing upon a petition alleging <<feiontes>>	felonies
production-1961-vol2-chapters	481	49.0	pevrodic	<<pevrodic>> every order adjudging a minor a dependent	periodic
production-1961-vol2-chapters	482	36.9	matlable	to this article it shall be ascertained <<matlable>>	mailable|maltable
production-1961-vol2-chapters	483	41.0	mners	<<mners>> probation under the provisions of section or	maners|meers|mers|mfers|miers|miners
production-1961-vol2-chapters	486	23.12	wodiication	court in the case of any person <<wodiication>>	modification
production-1961-vol2-chapters	489	17.0	sverecy	<<sverecy>> of a petition filed in any juvenile	severely
production-1961-vol2-chapters	490	5.0	peuses	<<peuses>> for the operation of the juvenile hall	pauses|perses|peruses|pluses|reuses
production-1961-vol2-chapters	491	7.0	jont	<<jont>> ye juvenile hall	bont|cont|dont|font|gont|hont
production-1961-vol2-chapters	501	0.0	aprearanee	<<aprearanee>> ed the father or mother of such	appearance
production-1961-vol2-chapters	503	0.0	vode	<<vode>>	bode|code|dode|fode|gode|hode
production-1961-vol2-chapters	503	38.0	uilcer	<<uilcer>> and tion officers are hereby created the	ulcer
production-1961-vol2-chapters	514	2.7	ponmes	the department shall formulate policies to effectuate <<ponmes>> and	poemes|pomes|pommes|ponces|pones|ponies
production-1961-vol2-chapters	514	33.7	apprenniee	the age limitations of the apprenticeship programs <<apprenniee>>	apprentice
production-1961-vol2-chapters	522	5.11	gummne	be granted by ordinance of the board <<gummne>>	gummie|humane
production-1961-vol2-chapters	523	12.0	terntory	<<terntory>> lope valley east kern water agency may	teritory|territory
production-1961-vol2-chapters	525	26.0	annact	<<annact>> ty amend nection of the vehicle code	annat|enact
production-1961-vol2-chapters	526	30.0	eestsi	<<eestsi>> itstesescg boo	eesti
production-1961-vol2-chapters	528	13.4	shingletown	route from redding to <<shingletown>>	shingleton
production-1961-vol2-chapters	535	23.1	orllen	title <<orllen>> no agreement in connection with a conditional	orlen|rollen
production-1961-vol2-chapters	539	4.2	majorny	represents a <<majorny>> of employees or whether the proposed	majorly
production-1961-vol2-chapters	541	0.0	fmanent	<<fmanent>> see the authority may exercise the right	manent
production-1961-vol2-chapters	543	13.9	exelud	a publicly or privately owned public utility <<exelud>>	exclude
production-1961-vol2-chapters	547	24.4	asval	highest bidder including a <<asval>> agent or adviser or other	arval|asal|assal|astal|asvab|aval
production-1961-vol2-chapters	557	5.0	geney	<<geney>> standards shall be established which tend to	deney|eney|ganey|gedney|gene|genea
production-1961-vol2-chapters	558	46.8	teanon	interest to permit hunting fishing swimming trails <<teanon>> aren	eanon|tanon|teann|tenon|thanon
production-1961-vol2-chapters	563	45.0	heense	<<heense>> vided in this article but it may	heene|heese|hense
production-1961-vol2-chapters	563	50.11	revoca	any accrued at the time of its <<revoca>>	revoke
production-1961-vol2-chapters	564	25.10	cosmetoiosy	for renewal of a certificate shall be <<cosmetoiosy>>	cosmetology
production-1961-vol2-chapters	566	28.9	certitcate	for a license as a cosmetologist sat <<certitcate>>	certificate
production-1961-vol2-chapters	566	46.9	plectrolysts	therefor shall receive from the board a <<plectrolysts>>	electrolysis
production-1961-vol2-chapters	569	21.0	remstate	<<remstate>> after suspension of the license upon any	redstate|restate
production-1961-vol2-chapters	569	43.4	bankruptev	bankiuptes the adjudication of <<bankruptev>> of a licensee or the	bankrupted
production-1961-vol2-chapters	569	45.0	ruptey	<<ruptey>> law including a composition arrangement or reorganization	ruptly
production-1961-vol2-chapters	571	39.0	heense	<<heense>> a person who by reason of the	heene|heese|hense
production-1961-vol2-chapters	572	3.8	peratve	this act shall become operative on october <<peratve>>	peratae
production-1961-vol2-chapters	573	2.6	previd	bureau of criminal identification and investigation <<previd>>	prebid|presid|previ|previa|previde|previn
production-1961-vol2-chapters	575	21.0	masmen	<<masmen>> wrecker in accordance with this code for	gasmen|madmen|mamen|mammen|masden|masen
production-1961-vol2-chapters	575	49.1	leense	jesue <<leense>> certificate to an applicant when it determines	leese|lense
production-1961-vol2-chapters	577	44.0	fheense	<<fheense>> sued hereunder shall expire at midnight on	cheese
production-1961-vol2-chapters	579	3.0	penand	<<penand>> for a upon refusal cf the department	menand|penan|penang|penland
production-1961-vol2-chapters	580	4.11	reburldig	vehicle is rebuilt and to be restored <<reburldig>>	rebuilding
production-1961-vol2-chapters	580	5.11	torstion	shall not be licensed for operation tc <<torstion>>	portion|torsion
production-1961-vol2-chapters	586	49.8	pewss	county superintendent of schools in each county <<pewss>>	newss|pess|pewds|pews
production-1961-vol2-chapters	587	35.0	fertim	<<fertim>> first lien on real property or a	fertig|fertil
production-1961-vol2-chapters	587	36.0	ouyety	<<ouyety>> lease which does not expire or which	surety
production-1961-vol2-chapters	592	24.12	dasstricts	to those districts which at the time <<dasstricts>>	districts
production-1961-vol2-chapters	595	0.8	thereoil	along the easterly line and the extension <<thereoil>> to	thereoid
production-1961-vol2-chapters	599	0.0	chafter	<<chafter>>	chafer|chaffer|chafted|chanter|chapter|charter
production-1961-vol2-chapters	599	33.0	celve	<<celve>> a minimum salary of two hundred seventy	belve|calve|cele|celie|celje|celle
production-1961-vol2-chapters	605	44.0	commumty	<<commumty>> src community recreation and public recrea	commuity|community|communty
production-1961-vol2-chapters	605	46.1	pubhe	and <<pubhe>> tion mean such recreation as may be	dubhe|pube|puhe
production-1961-vol2-chapters	606	10.12	tatire	serve as such by the board of <<tatire>>	attire|satire|taire|tatie
production-1961-vol2-chapters	606	15.10	distnet	board is the governing body of the <<distnet>>	distent
production-1961-vol2-chapters	608	35.0	plovees	<<plovees>> and interests	plovers
production-1961-vol2-chapters	609	8.0	freveres	<<freveres>> sec members of the district board may	reveres|reverse
production-1961-vol2-chapters	612	34.11	hmfective	an increased tax rate of the dis <<hmfective>>	effective
production-1961-vol2-chapters	612	40.10	llms	for money or damages against the dis <<llms>>	alms|blms|elms|glms|lams|lcms
production-1961-vol2-chapters	614	43.12	susof	sold by or on behalf of the <<susof>>	suso|susor|yusof
production-1961-vol2-chapters	617	14.0	popaty	<<popaty>> tract and incorporated as a city or	popat
production-1961-vol2-chapters	621	18.6	scarifiers	motor graders paving mixers road rollers <<scarifiers>> earth	scarifier|scarifies
production-1961-vol2-chapters	621	32.0	xclusions	<<xclusions>>	exclusions
production-1961-vol2-chapters	632	41.8	constructic	contained in this chapter shall be construed <<constructic>>	constructio
production-1961-vol2-chapters	634	10.12	seallne	a person became a ward of the <<seallne>> ol	sealane|sealine
production-1961-vol2-chapters	638	28.10	disabisty	contract for health or dance studio services <<disabisty>>	disability|disabilty
production-1961-vol2-chapters	649	22.0	slaums	<<slaums>> each such claim which can safely be	slams|slaum|slums
production-1961-vol2-chapters	651	11.0	uadelverable	<<uadelverable>> if payment mailed to any claimant at	undeliverable
production-1961-vol2-chapters	657	42.1	heense	eral <<heense>> beer or wine and fo sell state	heene|heese|hense
production-1961-vol2-chapters	658	41.10	unest	finance may from time to time othe <<unest>>	anest|funest|nest|onest|unes|unet
production-1961-vol2-chapters	661	10.0	premum	<<premum>> de state controller shail transfer to the	precum|premam|premium|primum
production-1961-vol2-chapters	663	42.0	mfect	<<mfect>> stats sec section of this bill shall	efect|fect
production-1961-vol2-chapters	667	19.0	plovees	<<plovees>> retirement system or a retirement system established	plovers
production-1961-vol2-chapters	669	16.0	luwanee	<<luwanee>> a member who has attained age shall	suwanee
production-1961-vol2-chapters	669	35.0	reanee	<<reanee>> ability a safety member who has attained	ranee|reaney|reanne|renaee|renee|rennee
production-1961-vol2-chapters	674	25.6	eiecker	approweecrclary of state july bly en <<eiecker>>	wrecker
production-1961-vol2-chapters	674	37.0	eode	<<eode>>	beode|bode|code|dode|eade|edde
production-1961-vol2-chapters	676	13.10	liihe	intent of the legislature in enacting this <<liihe>>	liche|liike|lithe
production-1961-vol2-chapters	677	37.0	qualization	<<qualization>>	dualization|equalization
production-1961-vol2-chapters	678	7.11	tnbaton	be distributed as prescribed in this chapter <<tnbaton>>	baton
production-1961-vol2-chapters	679	23.0	incieation	<<incieation>> or description of any areas normally subject	incitation
production-1961-vol2-chapters	681	38.0	musdemean	<<musdemean>> a violation of any regulation adopted by	misdemean
production-1961-vol2-chapters	681	43.0	tuleies	<<tuleies>> any explosive substance or poisonous gases or	tallies
production-1961-vol2-chapters	682	30.7	tansporte	transportation of radioactive materials shall be in <<tansporte>>	transporte
production-1961-vol2-chapters	682	32.8	tertals	division of the health and safety code <<tertals>>	tertials
