production-1969-vol2-chapters	259	13.0	cumbranees	<<cumbranees>> to which any such lease franchise permit	cumbrance
production-1969-vol2-chapters	322	6.3	dcsci	sd h is <<dcsci>> d dta s	csci|disci
production-1969-vol2-chapters	323	8.3	followmg	of the month <<followmg>> months continuous service in a	followme
production-1969-vol2-chapters	343	0.1	oleps	tange <<oleps>>	leps|oleds|olens|oles
production-1969-vol2-chapters	350	11.5	sittmg	signed and the place temporarily <<sittmg>> each judge shall be	sittig
production-1969-vol2-chapters	381	0.0	procecdaing	<<procecdaing>> commmencea	proceeding
production-1969-vol2-chapters	408	23.2	coownership	proprietary interest <<coownership>> landlord tenant relation	ownership
production-1969-vol2-chapters	429	16.8	imsol	unearned premiums nor any obligations of the <<imsol>>	imso|isol
production-1969-vol2-chapters	446	17.10	nonowned	liability arising out of the use of <<nonowned>>	nonowner
production-1969-vol2-chapters	450	47.8	nonowned	liability arising out of the use of <<nonowned>> motor	nonowner
production-1969-vol2-chapters	455	30.8	nonowned	liability arising out of the use of <<nonowned>> motor	nonowner
production-1969-vol2-chapters	460	17.8	nonowned	liability arising out of the use of <<nonowned>> motor	nonowner
production-1969-vol2-chapters	489	13.0	draymen	<<draymen>> and all persons and laborers of every	daymen|drammen|drayden|drayman|drymen|raymen
production-1969-vol2-chapters	496	2.0	cuaprer	<<cuaprer>> stop novices ror private	chapter
production-1969-vol2-chapters	499	11.4	impleaded	stop notices to be <<impleaded>> in one action to the end that	impleader
production-1969-vol2-chapters	503	48.3	impleaded	notices to be <<impleaded>> in one action to the end that	impleader
production-1969-vol2-chapters	507	44.0	manhber	<<manhber>> as a conveyance of land all notices	manber
production-1969-vol2-chapters	510	6.9	disere	commencement thereof the court may in its <<disere>>	desere|diseme|isere|lisere|misere
production-1969-vol2-chapters	542	2.6	noncontracted	only if there is no proximate <<noncontracted>> land suit	noncontract
production-1969-vol2-chapters	547	0.0	fareel	<<fareel>> a	areel|fardel|fareed|farel|farell|farfel
production-1969-vol2-chapters	547	13.7	parepa	drona manzanita teutonia oro fresno shasta yolo <<parepa>>	arepa|pareja|prepa
production-1969-vol2-chapters	558	0.0	amenaead	<<amenaead>> tl reaa	amended
production-1969-vol2-chapters	558	0.2	reaa	amenaead tl <<reaa>>	eaa|meaa|raa|raaa|raea|rea
production-1969-vol2-chapters	558	23.1	lampara	a <<lampara>> or round haul type net the mesh	lampard
production-1969-vol2-chapters	558	42.9	fishfood	b for taking fish for use as <<fishfood>> in state	fishhood|fishwood
production-1969-vol2-chapters	562	42.7	indoment	a defendant in whose favor a final <<indoment>> is rendered in	indolent|indument
production-1969-vol2-chapters	626	0.1	heensed	very <<heensed>> pesticide dealer who changes his	censed
production-1969-vol2-chapters	657	39.3	srupent	chapter rules or <<srupent>> conpucrt	stupent
production-1969-vol2-chapters	657	39.4	conpucrt	chapter rules or srupent <<conpucrt>>	conduct
production-1969-vol2-chapters	664	40.0	pliovment	<<pliovment>>	ployment
production-1969-vol2-chapters	681	29.0	ficcd	<<ficcd>> control projects authorized and adopted in sections	ficc|ficci
production-1969-vol2-chapters	686	30.0	eupied	<<eupied>> openly and notoriously by persons claiming title	espied|expired
production-1969-vol2-chapters	696	0.0	pubhe	<<pubhe>> hearing or hearings on the proposal and	dubhe|pube|puhe
production-1969-vol2-chapters	702	8.3	mstruction	wheel practice driving <<mstruction>>	struction
production-1969-vol2-chapters	711	26.3	crepir	chapter spzcrau tax <<crepir>>	crepis
production-1969-vol2-chapters	723	0.3	heense	on sale general <<heense>> for airplanes per year	heene|heese|hense
production-1969-vol2-chapters	741	0.1	scnoois	dc <<scnoois>>	schools
production-1969-vol2-chapters	779	6.0	obtsi	<<obtsi>> b onto bcgb	obasi|obtain|outsi
production-1969-vol2-chapters	779	6.3	bcgb	obtsi b onto <<bcgb>>	bcb|bcbg|bcg|bgb|cbgb|cgb
production-1969-vol2-chapters	779	13.1	ocbe	b <<ocbe>> scs s b e c é ooll	cbe|cobe|obe|ocb|ocbc|ocbd
production-1969-vol2-chapters	779	13.8	ooll	ocbe scs s b e c é <<ooll>>	boll|coll|doll|foll|goll|holl
production-1969-vol2-chapters	779	15.2	tobec	boat s <<tobec>> éico sc é éi yl	tobe|tobel|toben|tober|tobes|tobey
production-1969-vol2-chapters	779	15.3	éico	boat s tobec <<éico>> sc é éi yl	bico|cico|dico|fico|hico|ico
production-1969-vol2-chapters	781	12.0	cuarter	<<cuarter>> innovative schools	carter|charter|cuartel|curter|quarter
production-1969-vol2-chapters	818	47.0	vestivation	<<vestivation>> of the department of professional and vocational	aestivation|estivation
production-1969-vol2-chapters	843	1.3	reumr	chapter property tax <<reumr>> funp	reum
production-1969-vol2-chapters	843	1.4	funp	chapter property tax reumr <<funp>>	fnp|fulp|fun|funa|func|fund
production-1969-vol2-chapters	866	0.2	khoom	streets oor <<khoom>>	choom|dhoom|ghoom|hoom|jhoom|khoo
production-1969-vol2-chapters	871	0.3	faciuli	california health science <<faciuli>>	facili
production-1969-vol2-chapters	873	33.0	metnbers	<<metnbers>> representation and appointment shall be as follows	members
production-1969-vol2-chapters	880	7.0	cuaprer	<<cuaprer>> sohoon testing	chapter
production-1969-vol2-chapters	880	7.1	sohoon	cuaprer <<sohoon>> testing	cohoon|schoon|shoon
production-1969-vol2-chapters	880	48.0	vaneed	<<vaneed>> mathematics and science	vanced|vaned|vanee|vanned
production-1969-vol2-chapters	898	18.9	relli	c z and owned and operated by <<relli>>	belli|celli|delli|elli|felli|gelli
production-1969-vol2-chapters	898	35.3	finpines	cuaprter leq isuative <<finpines>>	findings
production-1969-vol2-chapters	938	0.0	pensatory	<<pensatory>> education with approval of the state board	sensatory
production-1969-vol2-chapters	954	17.0	cuaptter	<<cuaptter>> aircrartt jer furn tax	chapter
production-1969-vol2-chapters	954	17.1	aircrartt	cuaptter <<aircrartt>> jer furn tax	aircraft
production-1969-vol2-chapters	962	0.9	keorganiza	a local agency has been proposed by <<keorganiza>>	reorganize
production-1969-vol2-chapters	999	50.0	evarded	<<evarded>>	evaded
production-1969-vol2-chapters	1011	0.8	multiphed	c and as limited by subdivision d <<multiphed>>	multiped
production-1969-vol2-chapters	1049	7.3	margiaae	chapter j vom <<margiaae>>	marriage
production-1969-vol2-chapters	1050	17.0	nonaged	<<nonaged>> male or female at any time before	nonage|nonages
production-1969-vol2-chapters	1057	31.0	cuaprer	<<cuaprer>> residence requirements	chapter
production-1969-vol2-chapters	1061	49.0	erued	<<erued>> prior to the date of the filing	ered|erred|rued|trued
production-1969-vol2-chapters	1062	50.8	acauir	have been community property had the spouse <<acauir>>	acquire
production-1969-vol2-chapters	1089	50.0	pnealed	<<pnealed>>	pealed
production-1969-vol2-chapters	1093	8.0	cuapreer	<<cuapreer>> service of summons	career
production-1969-vol2-chapters	1136	42.0	feeted	<<feeted>> by the provisions of reorganization plan no	felted|feted|fleeted|yeeted
production-1969-vol2-chapters	1150	12.2	mccau	william m <<mccau>>	macau|mcca|mccan|mccaul|mccaw|mccay
production-1969-vol2-chapters	1151	8.0	jerdys	<<jerdys>> weir city clerk of the city of	jerrys
production-1969-vol2-chapters	1153	5.0	luoyp	<<luoyp>> eb gummere	lump
production-1969-vol2-chapters	1153	9.0	jerdys	<<jerdys>> weir	jerrys
production-1969-vol2-chapters	1160	34.2	soroptimists	whereas all <<soroptimists>> in the western united states the	soroptimist
production-1969-vol2-chapters	1163	43.7	meluding	hold any elective office in the city <<meluding>> mayor city	deluding|eluding|melding
production-1969-vol2-chapters	1169	43.0	elared	<<elared>> by the council if a councilman resigns	blared|eared|elated|eldred|flared|glared
production-1969-vol2-chapters	1193	48.2	reatlires	context otherwise <<reatlires>> a used in this charter	retires
production-1969-vol2-chapters	1203	33.0	eurred	<<eurred>> shall also be exempt from the limitations	burred|erred|furred|purred
production-1969-vol2-chapters	1217	0.0	lowanee	<<lowanee>> of any member retiring prior to attaining	loaned|loanee
production-1969-vol2-chapters	1218	14.1	attament	until <<attament>> by him of age sixty but such	atrament
production-1969-vol2-chapters	1234	46.8	ertola	is to certify that we john a <<ertola>> president of the	bertola
production-1969-vol2-chapters	1235	13.2	ertola	john a <<ertola>>	bertola
production-1969-vol2-chapters	1243	19.0	eurring	<<eurring>> in this office shall be filled by	burring|durring|earring|erring|furring|purring
production-1969-vol2-chapters	1255	41.0	lesuiz	<<lesuiz>> be woop	leslie
production-1969-vol2-chapters	1278	22.4	betterments	fifth for necessary additions <<betterments>> improve	betterment
production-1969-vol2-chapters	1283	26.3	betterments	revenues from additions <<betterments>> improvements and ex	betterment
production-1969-vol2-chapters	1300	30.0	guapys	<<guapys>> h murphy	guapos
production-1969-vol2-chapters	1309	45.3	sttiner	by vivian b <<sttiner>>	stainer|steiner|stiner
production-1969-vol2-chapters	1311	7.9	biasea	copy of this resolution to mrs mary <<biasea>>	biasa|biase|biased|biases
production-1969-vol2-chapters	1311	29.5	jelavich	we the undersigned william r <<jelavich>> mayor of the	jelavic
production-1969-vol2-chapters	1333	2.5	holex	of zero defects programs is <<holex>> incorporated which	bolex|hole|holed|holek|holen|holer
production-1969-vol2-chapters	1333	7.9	holex	award is based on the fact that <<holex>> has	bolex|hole|holed|holek|holen|holer
production-1969-vol2-chapters	1333	16.5	holex	copy of this resolution to <<holex>> incorporated	bolex|hole|holed|holek|holen|holer
production-1969-vol2-chapters	1339	29.0	wueereas	<<wueereas>> circle k international a collegiate service organization	whereas
production-1969-vol2-chapters	1342	32.3	mckellep	b markley dean <<mckellep>> dan mcteague edmund mer	mckellen
production-1969-vol2-chapters	1342	35.3	tarabini	ert stroughter mario <<tarabini>> dr chester mason allen	carabini
production-1969-vol2-chapters	1344	1.0	wuerzas	<<wuerzas>> borman received his master s degree in	fuerzas|whereas
production-1969-vol2-chapters	1345	14.0	ienges	<<ienges>> and explore the unattained heights and whose	henges|menges
production-1969-vol2-chapters	1349	27.6	matuca	a member of e campus vitus <<matuca>> chapter and	macuca|maruca|matica|matua|matula|matura
production-1969-vol2-chapters	1351	42.2	bvans	whereas jimmy <<bvans>> will be sorely missed by his	bans|beans|bevans|brans|evans|ivans
production-1969-vol2-chapters	1356	34.5	amusu	ture industry by operating the <<amusu>> theatre in fitzgerald	amsu|amus|amusa|amuse|ausu|musu
production-1969-vol2-chapters	1360	42.4	portold	whereas in that year <<portold>> also led an expedition in	ported|portola
production-1969-vol2-chapters	1361	40.3	sarmento	have elected almirante <<sarmento>> rodrigues an honorary di	sacramento|sargento|sarment|sarmenta|sarmiento
production-1969-vol2-chapters	1362	0.7	sarmento	tugal be acknowledged as conferred upon almirante <<sarmento>>	sacramento|sargento|sarment|sarmenta|sarmiento
production-1969-vol2-chapters	1362	4.4	sarmento	state and that almirante <<sarmento>> rodrigues be extended all	sacramento|sargento|sarment|sarmenta|sarmiento
production-1969-vol2-chapters	1393	0.5	sorcrity	which chapters of this great <<sorcrity>> are located and	sorority
production-1969-vol2-chapters	1406	37.7	krsak	america and to its president mrs margaret <<krsak>> koesen to	break|korsak|kraak|krak
production-1969-vol2-chapters	1406	37.8	koesen	and to its president mrs margaret krsak <<koesen>> to	boesen|hoesen|koenen|kosen|kossen|kroesen
production-1969-vol2-chapters	1408	6.2	prefire	dwelling inspections <<prefire>> planning and inspection of com	prefere|prefine|pretire|prewire|refire
production-1969-vol2-chapters	1408	25.0	wuerzas	<<wuerzas>> raisins are one of the most important	fuerzas|whereas
production-1969-vol2-chapters	1412	18.0	wuerzas	<<wuerzas>> country and western music has made tremendous	fuerzas|whereas
production-1969-vol2-chapters	1422	49.7	gutv	may return the retired member to active <<gutv>> onlv in or to a	gmtv|gotv|gtv|gut|guta|gute
production-1969-vol2-chapters	1446	40.0	waereeas	<<waereeas>> generous with his time and leadership in	whereas
production-1969-vol2-chapters	1449	44.5	neutraliza	by forever distinguishing themselves by <<neutraliza>>	neutralize
production-1969-vol2-chapters	1454	38.0	measors	<<measors>> f amendment of charter	meadors
production-1969-vol2-chapters	1455	0.0	lolliows	<<lolliows>>	follows
production-1969-vol2-chapters	1459	0.9	trienas	as he was known by his many <<trienas>>	triens
production-1969-vol2-chapters	1467	0.0	inined	<<inined>> dy the canvass of the returns thereotr	inlined
production-1969-vol2-chapters	1467	33.1	uace	wa <<uace>> j s johnson	aace|ace|auce|bace|cace|dace
production-1969-vol2-chapters	1469	13.0	wuerzas	<<wuerzas>> activated as a troopship on march while	fuerzas|whereas
production-1969-vol2-chapters	1470	25.0	wuerzas	<<wuerzas>> notable success has been achieved in california	fuerzas|whereas
production-1969-vol2-chapters	1470	32.0	wuerzas	<<wuerzas>> continuance of the family as the basic	fuerzas|whereas
production-1969-vol2-chapters	1472	41.1	crry	revised <<crry>> charter	arry|carry|cary|cery|chry|corry
production-1969-vol2-chapters	1491	32.2	grarron	earl d <<grarron>>	garron
production-1969-vol2-chapters	1497	30.7	benias	when mrs pat antonelli and mrs john <<benias>> visualized the	banias|benis|tenias
production-1969-vol2-chapters	1518	49.10	auali	paid to the surviving wife had she <<auali>>	aali|akali|amali|anali|auli|awali
production-1969-vol2-chapters	1532	29.0	strophie	<<strophie>> effects and determine what can be done	strophe|strophic
production-1969-vol2-chapters	1533	0.2	magimation	with vigor <<magimation>> and great distinction and	maximation
production-1969-vol2-chapters	1533	2.8	montelair	and received his high school education at <<montelair>>	montclair
production-1969-vol2-chapters	1553	10.0	eurred	<<eurred>> on behalf of the city for any	burred|erred|furred|purred
production-1969-vol2-chapters	1575	39.7	raragn	by electors of the city or san <<raragn>>	garage
production-1969-vol2-chapters	1576	33.1	rafac	sen <<rafac>> charter amendment	rafa|rafah|rafal|rafat|rafic
production-1969-vol2-chapters	1580	0.0	craitsmen	<<craitsmen>> with california members observes printing	craftsmen
production-1969-vol2-chapters	1598	0.8	followmg	of the whole council upon the day <<followmg>> its	followme
production-1969-vol2-chapters	1598	14.1	grgson	john <<grgson>> jr	gragson|gregson|grigson|grison|prison
production-1969-vol2-chapters	1601	18.0	gzorer	<<gzorer>> w haven	gorer|grower
production-1969-vol2-chapters	1615	27.6	gnestion	on the recall ballot under each <<gnestion>> there shall be	gestion
production-1969-vol2-chapters	1615	47.0	epwarp	<<epwarp>> arnold	upwarp
production-1969-vol2-chapters	1622	15.0	affirraative	<<affirraative>> voles whenever in the opinion of the	affirmative
production-1969-vol2-chapters	1622	23.0	frmative	<<frmative>> votes oc the eeneurrenee of four members	formative
production-1969-vol2-chapters	1624	6.3	crncotta	by eleanor a <<crncotta>>	cincotta
production-1969-vol2-chapters	1626	5.8	paddiug	design windows popping out on impact interior <<paddiug>>	padding
production-1969-vol2-chapters	1628	23.9	leén	we may never know why ponce de <<leén>>	lean|leen|lehn|lein|lemn|len
production-1969-vol2-chapters	1638	42.3	pohey	and in his <<pohey>> toward foreigners and	ohey|poey|pogey|poher|pokey|poley
production-1969-vol2-chapters	1650	11.3	nommsen	petaluma and lillian <<nommsen>> city clerk of the city of	mommsen
production-1969-vol2-chapters	1652	5.1	lintian	attest <<lintian>> nommsen	indian|lantian
production-1969-vol2-chapters	1652	5.2	nommsen	attest lintian <<nommsen>>	mommsen
production-1969-vol2-chapters	1652	6.1	nommsen	lillian <<nommsen>>	mommsen
production-1969-vol2-chapters	1670	36.0	woodfords	<<woodfords>> alpine county california are living in an	woodford|woodforde
production-1969-vol2-chapters	1675	22.0	memortalhizing	<<memortalhizing>> leroy v brant	memorializing
production-1969-vol2-chapters	1676	39.5	cauirornia	the carry or san joss <<cauirornia>>	california
production-1969-vol2-chapters	1679	31.7	wenter	samuel leask may layne davis and nita <<wenter>> members	center|denter|enter|fenter|genter|henter
production-1969-vol2-chapters	1679	42.0	nejedly	<<nejedly>> nicholas petris h l richardson albert s	needly|needy
production-1969-vol2-chapters	1680	1.0	wedworth	<<wedworth>> james e whetmore assemblymen henry arklin	bedworth|hedworth|tedworth
production-1969-vol2-chapters	1680	1.6	arklin	wedworth james e whetmore assemblymen henry <<arklin>>	acklin|arkin|arlin|marklin
production-1969-vol2-chapters	1680	16.0	milias	<<milias>> john j miller ernest n mobley bob	ilias|lilias|milas|milia|milian|milis
production-1969-vol2-chapters	1700	29.7	ereden	requirements and applicants who hold an internship <<ereden>>	eeden|erden|reden|reeden
production-1969-vol2-chapters	1705	49.0	nurlan	<<nurlan>> department of rehabilitation wayne livesay bruce	furlan|nuran|urban
production-1969-vol2-chapters	1711	19.2	orespi	fray juan <<orespi>> diarist and chaplain of the don gaspar	crespi|ores
production-1969-vol2-chapters	1714	5.4	containmg	whereas the original townsite <<containmg>> approximately	containg
production-1969-vol2-chapters	1734	50.0	stentive	<<stentive>> change	ostentive
production-1969-vol2-chapters	1743	29.0	wuheress	<<wuheress>> insufficient experience has been gained in the	whereas
production-1969-vol2-chapters	1806	0.0	esoiwed	<<esoiwed>> that the secretary of the senate transmit	soiled
production-1969-vol2-chapters	1811	0.2	melude	paredness shal <<melude>>	delude|elude
production-1969-vol2-chapters	1815	35.4	mutolo	judge m g del <<mutolo>>	cutolo
production-1969-vol2-chapters	1815	39.1	mutolo	del <<mutolo>> longtime jurist and former assemblyman and	cutolo
production-1969-vol2-chapters	1815	40.3	mutolo	whereas judge del <<mutolo>> was born in pisa italy and	cutolo
production-1969-vol2-chapters	1815	42.3	mutolo	whereas judge del <<mutolo>> finished grammar school in a	cutolo
production-1969-vol2-chapters	1816	7.3	mutolo	whereas judge del <<mutolo>> worked on behalf of numerous	cutolo
production-1969-vol2-chapters	1816	11.3	mutolo	whereas judge del <<mutolo>> was a member of the confer	cutolo
production-1969-vol2-chapters	1816	17.10	mutolo	the passing of judge m g del <<mutolo>> and ex	cutolo
production-1969-vol2-chapters	1816	22.1	mutolo	del <<mutolo>> and to his daughter mrs celia brown	cutolo
production-1969-vol2-chapters	1829	10.1	elete	correction <<elete>>	clete|delete|elate|elee|eleme|elene
production-1969-vol2-chapters	1829	42.1	sbui	os <<sbui>> r ab aa	bui|sbi|sbu|sbus|sbux|shui
production-1969-vol2-chapters	1829	63.1	fqra	n <<fqra>>	fara|fcra|fera|fira|fora|fra
production-1969-vol2-chapters	1834	25.0	byvid	<<byvid>> c evidence code	bovid
production-1969-vol2-chapters	1840	45.0	conmiputed	<<conmiputed>>	computed
production-1969-vol2-chapters	1844	5.2	wedworth	ch sb <<wedworth>> amends secs and gov c re	bedworth|hedworth|tedworth
production-1969-vol2-chapters	1849	8.2	milias	ch ab <<milias>> amends sec ch stats first ex sess	ilias|lilias|milas|milia|milian|milis
production-1969-vol2-chapters	1855	41.0	elared	<<elared>> by the governor to be in a	blared|eared|elated|eldred|flared|glared
production-1969-vol2-chapters	1856	32.9	fammables	belotti amends sec p r c re <<fammables>> around	flammables
production-1969-vol2-chapters	1860	21.5	bilec	ch sb schmitz amends sec <<bilec>> c re election campaigns	bilac|bile|bilek|bilel|biles|bilic
production-1969-vol2-chapters	1863	0.0	jutots	<<jutots>>	jurors
production-1969-vol2-chapters	1864	32.2	arklin	ch ab <<arklin>> amends sec pen c re destructive devices	acklin|arkin|arlin|marklin
production-1969-vol2-chapters	1866	52.8	eserow	ab beverly amends sec fin c re <<eserow>> regula	escrow|serow
production-1969-vol2-chapters	1868	0.0	catead	<<catead>>	cateau|cated|cathead
production-1969-vol2-chapters	1871	0.0	vional	<<vional>> bales contracts	final|tional|vinal|violal
production-1969-vol2-chapters	1880	24.0	jstration	<<jstration>> purposes	station
production-1969-vol2-chapters	1880	26.2	milias	ch ab <<milias>> adds sec h s c re physically	ilias|lilias|milas|milia|milian|milis
production-1969-vol2-chapters	1887	5.2	milias	ch ab <<milias>> adds sec repeals sec f g c	ilias|lilias|milas|milia|milian|milis
production-1969-vol2-chapters	1890	16.0	seribed	<<seribed>> distances of university grounds or campus a	scribed|serifed
production-1969-vol2-chapters	1894	29.2	arklin	ch ab <<arklin>> amends sec h c re state freeways	acklin|arkin|arlin|marklin
production-1969-vol2-chapters	1895	28.2	milias	ch ab <<milias>> amends secs elec c re political	ilias|lilias|milas|milia|milian|milis
production-1969-vol2-chapters	1895	42.2	milias	ch ab <<milias>> adds and amends various secs elec c	ilias|lilias|milas|milia|milian|milis
production-1969-vol2-chapters	1895	48.2	milias	ch ab <<milias>> amends sec and adds secs and	ilias|lilias|milas|milia|milian|milis
production-1969-vol2-chapters	1897	23.2	milias	ch ab <<milias>> amends secs elec c re county cen	ilias|lilias|milas|milia|milian|milis
production-1969-vol2-chapters	1911	34.9	pheagants	marler amends sec f g c re <<pheagants>>	pheasants
production-1969-vol2-chapters	1912	6.2	arklin	ch ab <<arklin>> adds sec h n c re vessel	acklin|arkin|arlin|marklin
production-1969-vol2-chapters	1913	0.0	dpenents	<<dpenents>>	dependents
production-1969-vol2-chapters	1917	21.2	milias	ch ab <<milias>> new act re school building aid	ilias|lilias|milas|milia|milian|milis
production-1969-vol2-chapters	1918	0.0	braue	<<braue>>	blaue|brace|brade|brae|brage|brahe
production-1969-vol2-chapters	1921	0.0	ganance	<<ganance>>	garance
production-1969-vol2-chapters	1921	13.2	wedworth	ch sb <<wedworth>> amends sec b p c re practice	bedworth|hedworth|tedworth
production-1969-vol2-chapters	1922	0.0	bucd	<<bucd>> idst tut on	bcd|buc|buca|bucc|buce|buch
production-1969-vol2-chapters	1935	0.3	laals	taxation ol air <<laals>>	aals|baals|laal|laali|laas|lalas
production-1969-vol2-chapters	1941	20.2	milias	ch ab <<milias>> amends various secs elec c re municipal	ilias|lilias|milas|milia|milian|milis
production-1969-vol2-chapters	1942	24.2	milias	h ab <<milias>> amends sec elec c re new parties	ilias|lilias|milas|milia|milian|milis
production-1969-vol2-chapters	1945	39.12	preseribes	a person gains placement on such listing <<preseribes>>	prescribes
production-1969-vol2-chapters	1946	9.2	arklin	ch ab <<arklin>> amends sec p u c re transportation	acklin|arkin|arlin|marklin
production-1969-vol2-chapters	1948	40.2	arklin	ch ab <<arklin>> amends secs and adds secs	acklin|arkin|arlin|marklin
production-1969-vol2-chapters	1948	54.2	arklin	ch ab <<arklin>> amends sec h n c re vessel	acklin|arkin|arlin|marklin
production-1969-vol2-chapters	1958	0.2	rauroads	corporate tax <<rauroads>>	railroads
production-1969-vol2-chapters	1960	41.2	milias	ch ab <<milias>> amends secs elec c	ilias|lilias|milas|milia|milian|milis
production-1969-vol2-chapters	1960	47.2	milias	ch ab <<milias>> amends sec elec c re election canvass	ilias|lilias|milas|milia|milian|milis
production-1969-vol2-chapters	1963	37.2	milias	ch ab <<milias>> amends sec ed c re pupils suspension	ilias|lilias|milas|milia|milian|milis
production-1969-vol2-chapters	1965	28.2	wedworth	ch sb <<wedworth>> adds sec pen c re criminal pen	bedworth|hedworth|tedworth
production-1969-vol2-chapters	1975	0.1	sanilavion	abor <<sanilavion>>	sanitation
production-1969-vol2-chapters	1980	50.9	traffle	deddeh amends sec veh c re schools <<traffle>>	raffle|taffle|truffle
production-1969-vol2-chapters	1988	6.2	milias	ch ab <<milias>> new act re shoreline regional park community	ilias|lilias|milas|milia|milian|milis
production-1969-vol2-chapters	1993	56.11	arraing	is misdemeanor unless defendant at time of <<arraing>>	arraign|arraying
production-1969-vol2-chapters	2000	0.1	omcers	vestigaling <<omcers>>	omers
production-1969-vol2-chapters	2002	22.2	nejedly	ch b <<nejedly>> adds sec h pen c re support	needly|needy
production-1969-vol2-chapters	2006	22.0	eumstances	<<eumstances>> establishes a differential allowance payable to homeowners	substances
production-1969-vol2-chapters	2015	39.2	milias	ch ab <<milias>> adds see gov c re public employees	ilias|lilias|milas|milia|milian|milis
production-1969-vol2-chapters	2018	32.2	milias	ch ab <<milias>> amends sec b p c re landscape	ilias|lilias|milas|milia|milian|milis
production-1969-vol2-chapters	2020	37.2	milias	ch ab <<milias>> amends secs and veh c re motor	ilias|lilias|milas|milia|milian|milis
production-1969-vol2-chapters	2025	7.2	arklin	ch ab <<arklin>> amends secs adds sec	acklin|arkin|arlin|marklin
production-1969-vol2-chapters	2026	39.2	milias	ch ab <<milias>> amends secs and adds	ilias|lilias|milas|milia|milian|milis
production-1969-vol2-chapters	2032	40.2	milias	ch ab <<milias>> amends sec m v c re military	ilias|lilias|milas|milia|milian|milis
production-1969-vol2-chapters	2033	44.2	milias	ch ab <<milias>> adds sec gov c re coroners	ilias|lilias|milas|milia|milian|milis
production-1969-vol2-chapters	2038	23.0	eentration	<<eentration>> of ethyl alcohol in blood	eventration
production-1969-vol2-chapters	2047	58.8	saltponds	act of establishes procedures also for restricting <<saltponds>> managed	saltpond
production-1969-vol2-chapters	2053	13.9	milias	shall not make specified provisions of meyers <<milias>> brown act re	ilias|lilias|milas|milia|milian|milis
production-1969-vol2-chapters	2053	34.2	milias	ch ab <<milias>> amends sec b pen c re defense	ilias|lilias|milas|milia|milian|milis
production-1969-vol2-chapters	2058	43.2	milias	ch ab <<milias>> adds sec gov c re public employ	ilias|lilias|milas|milia|milian|milis
production-1969-vol2-chapters	2060	50.2	milias	ch ab <<milias>> adds art commencing with section	ilias|lilias|milas|milia|milian|milis
production-1969-vol2-chapters	2063	24.2	milias	ch ab <<milias>> adds art commencing with section	ilias|lilias|milas|milia|milian|milis
production-1969-vol2-chapters	2064	3.2	milias	ch ab <<milias>> adds various secs f g c re	ilias|lilias|milas|milia|milian|milis
production-1969-vol2-chapters	2065	14.2	wedworth	h sb <<wedworth>> amends sec gov c re salary of	bedworth|hedworth|tedworth
production-1969-vol2-chapters	2075	7.3	milias	res ch acr <<milias>> industrial safety week	ilias|lilias|milas|milia|milian|milis
production-1969-vol2-chapters	2078	3.3	arklin	res ch acr <<arklin>> freedom season	acklin|arkin|arlin|marklin
production-1969-vol2-chapters	2078	21.6	sarmento	government of portugal conferred upon almirante <<sarmento>> rodrigues by the	sacramento|sargento|sarment|sarmenta|sarmiento
production-1969-vol2-chapters	2079	20.3	milias	res ch acr <<milias>> american legion anniversary month	ilias|lilias|milas|milia|milian|milis
production-1969-vol2-chapters	2080	33.3	milias	res ch acr <<milias>> beta sigma phi week	ilias|lilias|milas|milia|milian|milis
production-1969-vol2-chapters	2087	27.3	milias	res ch acr <<milias>> city charters	ilias|lilias|milas|milia|milian|milis
production-1969-vol2-chapters	2088	17.0	mewmorializes	<<mewmorializes>> former assemblyman stewart hinckley and bis wife	memorializes
production-1969-vol2-chapters	2089	0.0	commendas	<<commendas>> kay e williams upon his retirement	commendam|commends
production-1969-vol2-chapters	2091	42.3	steroty	res ch acr <<steroty>> rehabilitation workshops	sieroty
production-1969-vol2-chapters	2094	11.3	milias	res ch acr <<milias>> merit award payments	ilias|lilias|milas|milia|milian|milis
production-1969-vol2-chapters	2096	44.3	milias	res ch acr <<milias>> conservation education	ilias|lilias|milas|milia|milian|milis
production-1969-vol2-chapters	2096	55.0	unding	<<unding>>	anding|ending|funding|hunding|munding|nding
production-1969-vol2-chapters	2100	9.0	mnittee	<<mnittee>>	mittee
production-1969-vol2-chapters	2101	21.7	mutolo	res ch scr bradley m g del <<mutolo>>	cutolo
production-1969-vol2-chapters	2101	22.10	mutolo	the memory of judge m g del <<mutolo>>	cutolo
production-1969-vol2-chapters	2122	28.0	seeoe	<<seeoe>> a a nn ee sb ad	seee|seeee|seege|seele|seeme|seene
production-1969-vol2-chapters	2126	34.2	teogs	b ad <<teogs>> abs an	tegs|teos|togs|trogs
production-1969-vol2-chapters	2127	2.0	srbre	<<srbre>> rseseasss sense ber ssesesseeees f	arbre|sabre|sobre
production-1969-vol2-chapters	2127	22.0	sbrane	<<sbrane>> ph sss aun siar sse morass lene	brane|strane
production-1969-vol2-chapters	2127	24.5	rnnne	p ub b bb bbb <<rnnne>> o nrnnnpm rd pb g	renne|rinne|ronne|runne
production-1969-vol2-chapters	2127	27.0	reseak	<<reseak>> reresesrrnesss beeeseeae fz o	resea|reseal|reseam|resear|reseat|reseau
production-1969-vol2-chapters	2127	29.0	aysgae	<<aysgae>> s get gesreseans esceergre p s	algae
production-1969-vol2-chapters	2127	30.0	bsasz	<<bsasz>> reserressssssa rbbersesr s	base|bsas|zsasz
production-1969-vol2-chapters	2130	2.11	prewnanw	rt when dbd a rr wh neo <<prewnanw>> nars oro	pregnant
production-1969-vol2-chapters	2130	3.16	burunn	bb p b bub b b b <<burunn>>	brunn|burung
production-1969-vol2-chapters	2130	4.4	lcohes	a polevjevlesleoleoleslscleokes eslechesisslovlee esjeoloche <<lcohes>> mics mme mme ee mlo o fo	loches
production-1969-vol2-chapters	2130	5.8	rrrere	pennrnne urbunberrroo s b be b rerrberurr <<rrrere>> soy fe	revere
production-1969-vol2-chapters	2130	18.10	sndl	pro nnnurnedes sed cond seit wal nel <<sndl>> wed end sped aed ed send eed	andl|endl|ndl|nsdl|sdl|snd
production-1969-vol2-chapters	2130	19.5	bezzes	eelelelesessaaeagred bseecezerecs eee eececeee bae <<bezzes>> s	bees|benzes|buzzes|fezzes
production-1969-vol2-chapters	2130	20.4	eseerar	belornsh srr se bee <<eseerar>> rel bebes	esperar
production-1969-vol2-chapters	2138	1.9	esesee	q eee l eseseseese eee e ese <<esesee>> o eoe esoe eseessssssss i	seesee
production-1969-vol2-chapters	2138	1.12	esoe	eseseseese eee e ese esesee o eoe <<esoe>> eseessssssss i	eboe|eoe|ese|esee|eshe|eske
production-1969-vol2-chapters	2140	65.9	deserib	to seek tne m anti regul session <<deserib>> reparation	deseri
production-1969-vol2-chapters	2145	23.3	igsrt	ab r aam <<igsrt>> ab bee as	insert
production-1969-vol2-chapters	2145	35.0	ibsht	<<ibsht>> ab its boe ream en bigs se	bisht
production-1969-vol2-chapters	2145	41.0	igsar	<<igsar>> ab ad ieate ab trs adz	insar|isar
production-1969-vol2-chapters	2145	41.3	ieate	igsar ab ad <<ieate>> ab trs adz	beate|eate|iate|idate|ideate|igate
production-1969-vol2-chapters	2148	60.1	abiiae	wisp <<abiiae>> soe ags a be	abide
production-1969-vol2-chapters	2149	37.4	iypse	heading ab am rn <<iypse>> ab oe tf amey	ipse
production-1969-vol2-chapters	2157	51.1	uoctive	ze <<uoctive>> until oist day piter final adjournment of	active
production-1969-vol2-chapters	2158	2.0	sraaree	<<sraaree>> son n	saree
production-1969-vol2-chapters	2158	8.0	aerre	<<aerre>> we pri e ness sere bee i	aere|aeree|aerie|arre|berre|erre
production-1969-vol2-chapters	2158	19.1	steeume	b <<steeume>> ee es on oo op bor se	steele
production-1969-vol2-chapters	2158	21.7	scees	bs z os ee bese es seeees <<scees>> ied aa ze	cees|icees|ncees|scee|sceen|scenes
production-1969-vol2-chapters	2158	24.0	wasra	<<wasra>> hite i er ols rrs weowot	asra|basra|kasra|waara|wara|warra
production-1969-vol2-chapters	2158	28.9	wpwd	ab feed jad pd wwwy wwewo ao <<wpwd>>	cpwd|pwd|tpwd|wowd|wpd|wpw
production-1969-vol2-chapters	2158	31.2	zras	bae aos <<zras>> ssr sss seeks bbb borne ic	aras|bras|cras|dras|eras|fras
production-1969-vol2-chapters	2158	32.0	relts	<<relts>> ssrbrs eze eereceper pes guseree	belts|celts|delts|elts|felts|gelts
production-1969-vol2-chapters	2158	33.0	esese	<<esese>> pad oa b b b b b	elese|esee|esere|eses|esse|seese
production-1969-vol2-chapters	2158	39.1	ereeese	wr <<ereeese>> es	reese
production-1969-vol2-chapters	2158	53.7	prospl	s et a bb a bb pols <<prospl>> ass g	pronpl|prosp
production-1969-vol2-chapters	2158	56.4	berbb	lesfeshor be ow op <<berbb>> ss osebee rity saat do	bebb|berba|erbb
production-1969-vol2-chapters	2158	61.4	seseee	e f haa hr <<seseee>> eps ce cecceves ssh sbkesssseuyes g	seeee|seeeee|seesee
production-1969-vol2-chapters	2158	65.4	ntti	gg a bsshersssssesss pb <<ntti>> idee pms	antti|atti|etti|itti|nati|natti
production-1969-vol2-chapters	2158	68.2	alale	pf ad <<alale>> forgo r iron	aale|alade|alae|alake|alal|alala
production-1969-vol2-chapters	2158	71.0	pumfe	<<pumfe>> bee be bes e	pume
production-1969-vol2-chapters	2159	13.1	sbuis	sm <<sbuis>> r ad sb am	buis|sauis|sbus|sluis|suis
production-1969-vol2-chapters	2160	18.0	ibost	<<ibost>> ab amis ab ger aty su	bost|ibos|iost
production-1969-vol2-chapters	2166	46.0	abiit	<<abiit>> baad ab br	abilit|abit|abiut|aboit|absit|obiit
production-1969-vol2-chapters	2166	48.0	abiii	<<abiii>> am erm ab am	abide|abidi|abili|aiii|biii
production-1969-vol2-chapters	2167	0.2	ouene	sas pees <<ouene>> bovoeoepwnswee bee ee bes eee err ee	huene|okene|ouen
production-1969-vol2-chapters	2167	5.3	runrr	ppp purer pfrnrrurrnnrnrr <<runrr>> ndr nrr nr renrnrre pulls rw b	runar|runer
production-1969-vol2-chapters	2167	6.14	eobved	ko ew coey bd cated oo gd <<eobved>> abd gucobe cut cd sty boty ex	moved
production-1969-vol2-chapters	2167	6.24	oobw	cut cd sty boty ex be td <<oobw>> col or oo oy	obw|oob|oobe|ooby|ooow|oow
production-1969-vol2-chapters	2167	10.10	ctshe	io ese e eee ee seeese soca <<ctshe>> zi	cashe
production-1969-vol2-chapters	2167	29.4	eenene	ses s eens a <<eenene>> ty cosern orc b oro menn ase	venene
production-1969-vol2-chapters	2167	29.6	cosern	ses s eens a eenene ty <<cosern>> orc b oro menn ase soo rvipewrpy	casern|cosen|coser
production-1969-vol2-chapters	2167	33.5	osbe	brebebrsrrper eee hee ee bro <<osbe>> eb eo	isbe|nsbe|obe|obse|ogbe|ombe
production-1969-vol2-chapters	2168	42.4	gssal	o ab st ad <<gssal>> ab	assal|ossal
production-1969-vol2-chapters	2169	2.11	conraup	bobo ee it s for nor eres <<conraup>> wh ad fat	conrad
production-1969-vol2-chapters	2169	5.1	wssaa	bee <<wssaa>> ao wymwenvnin wp ssssss os roo os	ssaa|tssaa
production-1969-vol2-chapters	2169	7.14	aedeed	fe ok ek fk pad pt ed <<aedeed>> dara je fah fast fad bak fed	added|redeed
production-1969-vol2-chapters	2169	9.3	ssass	s s sea <<ssass>> nass eee esses sess resereseresrererereerers s	sass|spass|ssas|ssss|sssss|stass
production-1969-vol2-chapters	2169	12.5	ouua	pep order up b b <<ouua>> d eee d mdd d z	opua|oua|ouda|oula|ouma|oupa
production-1969-vol2-chapters	2169	25.5	pnud	ppl wyn nynnynh hehe hh <<pnud>> nnynnvnynynnnyeh	knud|nud|plud|pnd|pnu|prud
production-1969-vol2-chapters	2169	30.3	bseres	rr ur su <<bseres>> sess or ger ser er eset er	beres|seres
production-1969-vol2-chapters	2170	3.8	sopeses	epp reereee pere rer ere rear ee <<sopeses>> bs	spouses
production-1969-vol2-chapters	2170	15.3	etene	on s wee <<etene>> assp eness hooo dd die te ee	cetene|ctene|ebene|ectene|ekene|ektene
production-1969-vol2-chapters	2170	17.9	ssstus	hrsrgs afar aau sese s sss sss <<ssstus>> aaa ra rags	status
production-1969-vol2-chapters	2170	20.6	sagh	e gi cc eel coe eececeeeecceeecclel <<sagh>> s ne	aagh|agh|bagh|dagh|kagh|magh
production-1969-vol2-chapters	2170	22.2	nagaa	z na <<nagaa>> esses	naaa|naaaa|naga|nagai|nagal|nagan
production-1969-vol2-chapters	2170	25.4	seoceo	ke nan as fo <<seoceo>> oo ono on cod e	sence|seocho
production-1969-vol2-chapters	2170	27.4	sepan	a sllllosolllos lol row <<sepan>>	depan|sapan|sean|sedan|segan|seman
production-1969-vol2-chapters	2170	28.6	noeo	bs ah ss x nananaaaa po <<noeo>> ere eg agen eeeees	neo|noao|nobo|noco|nodo|noe
production-1969-vol2-chapters	2170	29.3	afaat	re aaas foofespsofaotstesfenteap <<afaat>> s ol ofna ddddddddddnn sese	afaa|aflat|faat
production-1969-vol2-chapters	2170	29.6	ofna	re aaas foofespsofaotstesfenteap afaat s ol <<ofna>> ddddddddddnn sese	fna|oana|ofa|ofan|ofda|offa
production-1969-vol2-chapters	2170	34.1	sesese	hosserrbsssrsnnss <<sesese>>	seese|semese|senese
production-1969-vol2-chapters	2173	0.3	napter	bill chapter bul <<napter>>	apter|naper|napier|napper|napster|nater
production-1969-vol2-chapters	2174	26.4	aduend	sb ams ljsies b <<aduend>>	addend
production-1969-vol2-chapters	2175	47.4	besbod	sb s i aq <<besbod>> sb ad	beshod
production-1969-vol2-chapters	2175	56.6	dlagnoste	we eit dy uncertified persons of <<dlagnoste>> on therapeutic eee on human beings unlawful	diagnose
production-1969-vol2-chapters	2176	45.2	zeisz	ab ad <<zeisz>> b sh ee	reisz|weisz|zeis|zeism|zeiss|zeist
production-1969-vol2-chapters	2177	31.1	abibty	brel <<abibty>> ag ch	ability|abilty
production-1969-vol2-chapters	2186	47.0	sierae	<<sierae>> sb ba igs ad sb ott r	serve|siera|siere|sierre
production-1969-vol2-chapters	2188	34.0	bisot	<<bisot>> ab d a ri aa	besot|bigot|bilot|biot|bisht|bison
production-1969-vol2-chapters	2190	5.2	prarrr	b crrrrarnnlnnnunnnarrrnnnnrn <<prarrr>> rand wru we	prayer
production-1969-vol2-chapters	2190	32.2	ellre	bbssssslssllsssrel sella <<ellre>> er er csesssssesessse	elle|eller|ellie
production-1969-vol2-chapters	2194	6.3	bistt	isi sb us <<bistt>> ab ann	bisht|bist|bista|bisti|bisto|bitt
production-1969-vol2-chapters	2194	10.2	aeeel	sb am <<aeeel>> sb am	abeel|adeel|akeel|aneel|aqeel|areel
production-1969-vol2-chapters	2194	20.0	iosot	<<iosot>> ab et ame fe bob	iost
production-1969-vol2-chapters	2196	0.1	chapterté	bl <<chapterté>> iysssss cobeschapter	chapter
production-1969-vol2-chapters	2196	40.7	eeag	ab r aa sey ab bot h <<eeag>>	beag|eag|eea|eeas|eeg|eega
production-1969-vol2-chapters	2196	51.0	prige	<<prige>> ab bee a ab r ad	krige|paige|pige|price|pride|prie
production-1969-vol2-chapters	2196	52.0	gito	<<gito>> b g g am ab r ad	agito|aito|bito|cito|dito|eito
production-1969-vol2-chapters	2198	30.2	aqus	diy ab <<aqus>>	abus|acus|adus|agus|ahus|alus
production-1969-vol2-chapters	2201	47.1	abaool	isnt <<abaool>> ology ri gin sb r asad	abdool
production-1969-vol2-chapters	2202	17.5	beebans	ey sobs tee meena enanetanesancanns <<beebans>> anna ye corea ere rerrrrrs e	beans
production-1969-vol2-chapters	2202	25.3	baehas	oo han hav <<baehas>> hue hashes has has habayhas has harvhanbashayhastastarshantantarhanbashashast	bahas|baths
production-1969-vol2-chapters	2202	32.5	mhios	mn wok whoonaan wie srnrmoman <<mhios>> anand ht ses	chios|mhos|mios|ohios|this
production-1969-vol2-chapters	2202	33.4	ititz	e z sesessssssssisssssasraansss sss <<ititz>> feb eelrer er eeeee ees	lititz|stitz|titz
production-1969-vol2-chapters	2202	33.6	eelrer	e z sesessssssssisssssasraansss sss ititz feb <<eelrer>> er eeeee ees	eeler|seller
production-1969-vol2-chapters	2206	68.2	jniy	operative on <<jniy>>	jnay|jni|juiy|niy|oniy
production-1969-vol2-chapters	2212	4.1	adtt	ab <<adtt>> sb ami	actt|adat|adet|adit|adot|adt
production-1969-vol2-chapters	2212	11.0	initla	<<initla>>	inital|initia|initial
production-1969-vol2-chapters	2212	15.4	ttfa	ab r adall ad <<ttfa>>	ctfa|tafa|tfa|tifa|tnfa|tofa
production-1969-vol2-chapters	2213	14.0	iternns	<<iternns>>	interns
production-1969-vol2-chapters	2213	54.2	reappropiiated	certain undistributed <<reappropiiated>> amounts revert to unappropriated balance of state	reappropriated
production-1969-vol2-chapters	2219	70.3	incorrizgibles	adult authority juvenile <<incorrizgibles>> powers and duties	incorrigible
production-1969-vol2-chapters	2220	10.0	prophylacties	<<prophylacties>>	prophylactics
production-1969-vol2-chapters	2241	21.7	conditic	conditional sales see motor vehicles sales sales <<conditic>>	conditi|conditio|condition
production-1969-vol2-chapters	2249	11.0	chieren	<<chieren>>	cheren|chidren|children
production-1969-vol2-chapters	2249	69.1	mutolo	del <<mutolo>> judge m g	cutolo
production-1969-vol2-chapters	2255	55.0	puncheard	<<puncheard>> systems	punchard|punchcard|punched
production-1969-vol2-chapters	2256	28.0	embaumers	<<embaumers>>	embalmers
production-1969-vol2-chapters	2271	3.7	patiex	unemployment disability hospitalization benefits notification to eligible <<patiex>>	patie|patien
production-1969-vol2-chapters	2273	25.0	prophylacties	<<prophylacties>>	prophylactics
production-1969-vol2-chapters	2279	47.0	éguipment	<<éguipment>>	equipment
production-1969-vol2-chapters	2283	6.0	eondominiums	<<eondominiums>>	condominiums
production-1969-vol2-chapters	2292	13.1	mutolo	del <<mutolo>> judge m g	cutolo
production-1969-vol2-chapters	2300	23.3	benebt	mojave water agency <<benebt>> zone establishment notice of intention	bedebt|benet|benett
production-1969-vol2-chapters	2300	41.7	lingation	records documents ete notice to produce civil <<lingation>>	ligation|lineation
production-1969-vol2-chapters	2300	47.3	ficod	santa clara county <<ficod>> control and water conservation district property sale	fico|ficoid
production-1969-vol2-chapters	2300	70.6	regelution	note citations are to chapter numbers <<regelution>> chapters are indicated in italics	rebelution|regelation
production-1969-vol2-chapters	2301	31.0	ereditation	<<ereditation>>	eradication|hereditation
production-1969-vol2-chapters	2304	67.11	italles	chapter numbers resolution chapters are indicated in <<italles>>	talles
production-1969-vol2-chapters	2307	6.1	incorrigibles	juvenile <<incorrigibles>>	incorrigible
production-1969-vol2-chapters	2308	16.0	ponerally	<<ponerally>>	generally
production-1969-vol2-chapters	2309	40.5	agencib	public entities see local governmental <<agencib>>	agencia
production-1969-vol2-chapters	2315	48.0	feediot	<<feediot>> operators	feedlot
production-1969-vol2-chapters	2320	10.2	sarmento	rodrigues almirante <<sarmento>>	sacramento|sargento|sarment|sarmenta|sarmiento
production-1969-vol2-chapters	2331	67.0	obgelete	<<obgelete>> donation	obselete|obsolete
production-1969-vol2-chapters	2335	28.0	trict	<<trict>>	strict|tract|triact|tric|trica|trice
production-1969-vol2-chapters	2346	0.0	employccs	<<employccs>>	employees
production-1969-vol2-chapters	2375	5.9	aleoholies	place within his family and his society <<aleoholies>> are	alcoholics
production-1969-vol2-chapters	2378	11.0	canatd	<<canatd>> agan	canad|canard
production-1969-vol2-chapters	2386	32.0	ereasing	<<ereasing>> its budget this will permit lowering the	creasing|erasing|greasing
production-1969-vol2-chapters	2400	11.0	cnnatel	<<cnnatel>> veagan	conatel
production-1969-vol2-chapters	2400	11.1	veagan	cnnatel <<veagan>>	deagan|eagan|keagan|meagan|reagan|teagan
production-1971-vol1-chapters	2	24.0	erystallization	<<erystallization>>	crystallization
production-1971-vol1-chapters	27	45.0	auirement	<<auirement>>	autrement
production-1971-vol1-chapters	70	30.8	imoper	effect before the general law provisions become <<imoper>>	imper|moper|proper
production-1971-vol1-chapters	90	33.0	ndio	<<ndio>>	adio|dio|idio|indio|naio|ndi
production-1971-vol1-chapters	105	49.0	recardine	<<recardine>> the recommendation to the admission com	renardine
production-1971-vol1-chapters	107	39.0	vaneed	<<vaneed>> mathematics and science	vanced|vaned|vanee|vanned
production-1971-vol1-chapters	133	27.9	selee	end the department shall select using scientific <<selee>>	belee|delee|elee|gelee|melee|pelee
production-1971-vol1-chapters	140	27.0	unereamed	<<unereamed>> cottage cheese or cottage cheese may be	undreamed|untreated
production-1971-vol1-chapters	140	43.1	unereamed	tf <<unereamed>> cottage cheese or cottage cheese is made	undreamed|untreated
production-1971-vol1-chapters	141	37.4	uncreamed	session any cheese except <<uncreamed>> cottage cheese partially	increased|uncreased|uncreated|undreamed
production-1971-vol1-chapters	158	1.10	repze	be diagrammed as follows with a y <<repze>>	repe|repke|repre
production-1971-vol1-chapters	197	24.6	paicines	b route to route passing near <<paicines>>	vaccines
production-1971-vol1-chapters	248	0.2	jiov	of section <<jiov>>	iov|jio|jion|jiv|jov
production-1971-vol1-chapters	281	3.5	watergates	drains canals excavations sluices pipes <<watergates>> pumping	watergate
production-1971-vol1-chapters	304	50.0	yead	<<yead>>	bead|dead|ead|eyad|fead|head
production-1971-vol1-chapters	333	6.4	acerne	to live could possibly <<acerne>> within four vears from the date	acerae|aherne|cerne|scerne
production-1971-vol1-chapters	353	0.0	mvolves	<<mvolves>> the entire area of the district and	evolves
production-1971-vol1-chapters	368	49.0	volying	<<volying>> fund to the motor vehicle fuel fund	volling
production-1971-vol1-chapters	377	0.0	ceaure	<<ceaure>> to read	claure
production-1971-vol1-chapters	377	39.2	demanpine	chapter pieapincs <<demanpine>> relief	demanding
production-1971-vol1-chapters	379	19.0	coplaintiffs	<<coplaintiffs>> alleges a cause of action against one	coplaintiff|plaintiffs
production-1971-vol1-chapters	382	36.0	cuarter	<<cuarter>> objections to pleadings	carter|charter|cuartel|curter|quarter
production-1971-vol1-chapters	384	47.0	gibly	<<gibly>> distinguished	gibby|gible|gilby|gilly|girly|giuly
production-1971-vol1-chapters	400	35.0	cuarter	<<cuarter>> locan pusitic employee	carter|charter|cuartel|curter|quarter
production-1971-vol1-chapters	400	35.2	pusitic	cuarter locan <<pusitic>> employee	politic
production-1971-vol1-chapters	402	3.1	milias	meyers <<milias>> brown act	ilias|lilias|milas|milia|milian|milis
production-1971-vol1-chapters	411	0.0	reaa	<<reaa>>	eaa|meaa|raa|raaa|raea|rea
production-1971-vol1-chapters	412	49.0	eljal	<<eljal>> code	eljay
production-1971-vol1-chapters	425	24.0	habiltation	<<habiltation>> s budget to fund a behavior program	habilitation|habitation
production-1971-vol1-chapters	426	37.3	facihty	chaplain at each <<facihty>>	faciity
production-1971-vol1-chapters	428	1.9	expendl	local property taxes the controller shall approve <<expendl>>	expend|expends
production-1971-vol1-chapters	428	59.5	hbrarnes	item for assistance to public <<hbrarnes>> division of libraries de	barnes
production-1971-vol1-chapters	430	8.9	eliml	capital outlay university of calfornia i hereby <<eliml>>	eliel|elim|elims
production-1971-vol1-chapters	466	29.0	triet	<<triet>>	griet|priet|riet|thiet|tiet|tiret
production-1971-vol1-chapters	470	0.0	hklements	<<hklements>>	elements|klements
production-1971-vol1-chapters	505	20.0	legeg	<<legeg>>	lege|legel|legem|legen|leger|leges
production-1971-vol1-chapters	511	33.0	enceg	<<enceg>>	ence|ences|erceg
production-1971-vol1-chapters	512	0.0	ellities	<<ellities>> elliott field station	entities
production-1971-vol1-chapters	520	43.0	eenter	<<eenter>> ti isi éi upn gbb	center|denter|enter|eventer|fenter|genter
production-1971-vol1-chapters	521	0.0	axjx	<<axjx>> construct student service	axx
production-1971-vol1-chapters	524	39.0	oxbb	<<oxbb>> working drawings for	obb
production-1971-vol1-chapters	524	41.0	oxece	<<oxece>> working drawings for	once|oxeye
production-1971-vol1-chapters	525	15.0	oxgg	<<oxgg>> working drawings for so	ogg|omgg
production-1971-vol1-chapters	525	21.0	oxhh	<<oxhh>> working drawings for	ohh|ohhh|oohh
production-1971-vol1-chapters	526	25.0	reation	<<reation>> district for devel	creation|eration|ration|reaction|reaktion|rection
production-1971-vol1-chapters	529	46.7	pihh	eal facilities fund we ti i éb <<pihh>> on gfnd	ihh|phh|piah|pich|pieh|pih
production-1971-vol1-chapters	529	46.9	gfnd	fund we ti i éb pihh on <<gfnd>>	fnd|gand|gend|gfd|gfn|gnd
production-1971-vol1-chapters	531	36.0	reappropriations	<<reappropriations>>	reappropriation
production-1971-vol1-chapters	545	18.8	revolv	the revenues of the harbors and watercraft <<revolv>>	evolv|resolv|revol|revolt|revolu|revolve
production-1971-vol1-chapters	563	5.0	icidcg	<<icidcg>> ta	icing
production-1971-vol1-chapters	564	0.0	scneaule	<<scneaule>>	schedule
production-1971-vol1-chapters	614	46.0	thereonn	<<thereonn>>	thereon
production-1971-vol1-chapters	617	0.0	tnerearter	<<tnerearter>>	thereafter
production-1971-vol1-chapters	632	51.0	rjct	<<rjct>>	jct|ract|rct|rect|rjc
production-1971-vol1-chapters	642	0.0	reaa	<<reaa>>	eaa|meaa|raa|raaa|raea|rea
production-1971-vol1-chapters	650	13.4	hmited	include but not be <<hmited>> to school districts	smited
production-1971-vol1-chapters	650	17.4	pubhe	fits to be provided <<pubhe>> school employees or from adopting	dubhe|pube|puhe
production-1971-vol1-chapters	662	19.3	juhby	approved by governor <<juhby>> filed with	juby|jumby
production-1971-vol1-chapters	687	21.5	lurida	beds of native oysters ostrea <<lurida>> on state tide	lerida|lucida|luria|lurid
production-1971-vol1-chapters	687	27.1	oysterbeds	commission <<oysterbeds>> so reserved shall not be allotted or	oysterbed
production-1971-vol1-chapters	687	29.1	ovsterseed	oysters <<ovsterseed>> or shell may be taken from such	oysterseed
production-1971-vol1-chapters	689	2.9	aceom	application by the commission for a transfer <<aceom>>	accom|acem|aceon|acom|aecom
production-1971-vol1-chapters	699	0.0	svange	<<svange>> otep salary salary tale	sange|shange|stange|svane|svante|vange
production-1971-vol1-chapters	701	0.0	dvange	<<dvange>> step salary salary rate	dange|drange|vange
production-1971-vol1-chapters	703	0.0	fivange	<<fivange>> otep salary salary rate	finance
production-1971-vol1-chapters	713	39.5	melude	utilities code and shall further <<melude>> those transportation	delude|elude
production-1971-vol1-chapters	727	47.1	dainages	enormous <<dainages>> not covered by insurance have recently	drainages
production-1971-vol1-chapters	729	45.0	mauy	<<mauy>> heroin addicts on the road to a	auy|maby|macy|mady|magy|mahy
production-1971-vol1-chapters	816	50.0	mediaries	<<mediaries>>	mediacies
production-1971-vol1-chapters	825	0.0	agenture	<<agenture>>	agentur|aventure
production-1971-vol1-chapters	826	44.0	icns	<<icns>> contained in any indenture	acns|cns|dcns|ecns|ians|icas
production-1971-vol1-chapters	832	5.3	pubhe	flood prevention act <<pubhe>> law chapter rd	dubhe|pube|puhe
production-1971-vol1-chapters	837	26.6	heense	within days following the home state <<heense>> plate s expiration	heene|heese|hense
production-1971-vol1-chapters	847	0.8	msurer	under all insurance policies of tue insolvent <<msurer>>	maurer|meurer|murer|surer|usurer
production-1971-vol1-chapters	862	31.0	comeide	<<comeide>> to the fullest extent possible consistent with	comedie
production-1971-vol1-chapters	880	21.0	ruptey	<<ruptey>>	ruptly
production-1971-vol1-chapters	889	30.4	pubhe	public health from any <<pubhe>> health hazard during any	dubhe|pube|puhe
production-1971-vol1-chapters	891	0.1	speciheally	parts <<speciheally>> require such application	specially
production-1971-vol1-chapters	900	8.0	plovees	<<plovees>> of the division who may be designated	plovers
production-1971-vol1-chapters	919	0.4	warwork	a engage m civilian <<warwork>> pursuant to mandatory	warworn|waxwork
production-1971-vol1-chapters	920	22.0	cuaprer	<<cuaprer>> mmirary service	chapter
production-1971-vol1-chapters	938	16.0	pubhe	<<pubhe>> health service	dubhe|pube|puhe
production-1971-vol1-chapters	958	38.2	jssion	the comm <<jssion>>	jussion
production-1971-vol1-chapters	963	0.0	tacturing	<<tacturing>> milk	maturing
production-1971-vol1-chapters	965	22.0	eurities	<<eurities>> held by it in such capacity to	purities
production-1971-vol1-chapters	972	37.2	tlness	article mental <<tlness>>	alness|ulness
production-1971-vol1-chapters	974	44.0	plovyers	<<plovyers>> attesting to his experience	plovers
production-1971-vol1-chapters	976	36.0	eonseeutive	<<eonseeutive>> courses north east feet	consecutive
production-1971-vol1-chapters	981	9.4	armual	be compensated at an <<armual>> salary of fifteen thousand two	arcual
production-1971-vol1-chapters	1020	16.3	inkprint	for the regular <<inkprint>> textbooks designed for nonhandicapped	imprint|pinkprint
production-1971-vol1-chapters	1062	11.0	meluding	<<meluding>> fund raising activities as may be approved	deluding|eluding|melding
production-1971-vol1-chapters	1093	40.0	noninsured	<<noninsured>> perils in the fund shall be placed	uninsured
production-1971-vol1-chapters	1098	0.5	pubhe	subject to taxation by such <<pubhe>> corporation provided	dubhe|pube|puhe
production-1971-vol1-chapters	1098	44.2	pubhe	by such <<pubhe>> corporation according to the last official equal	dubhe|pube|puhe
production-1971-vol1-chapters	1120	5.8	cireum	for a comparable service and under comparable <<cireum>>	circum|cream
production-1971-vol1-chapters	1121	0.4	prograra	ate the medi cal <<prograra>> within the limits of appropriated	programa
production-1971-vol1-chapters	1130	6.5	nonrisk	vided on a risk or <<nonrisk>> basis	norris
production-1971-vol1-chapters	1130	19.4	nonbid	be awarded on a <<nonbid>> basis	forbid|nonaid
production-1971-vol1-chapters	1131	0.0	uassen	<<uassen>>	assen|bassen|cassen|gassen|hassen|jassen
production-1971-vol1-chapters	1141	34.2	neludes	development program <<neludes>> but is not limited to	deludes|eludes
production-1971-vol1-chapters	1146	16.0	plovees	<<plovees>> of the state or of any political	plovers
production-1971-vol1-chapters	1157	9.6	prograra	local agencies for implementing this demonstration <<prograra>>	programa
production-1971-vol1-chapters	1179	2.7	nonowners	and the owners and not the resident <<nonowners>> are primarily	nonowner
production-1971-vol1-chapters	1226	2.8	comphed	provisions thereof when the board has fully <<comphed>>	comped|compher
production-1971-vol1-chapters	1231	2.2	hmited	but not <<hmited>> to section the provisions of this sub	smited
production-1971-vol1-chapters	1231	40.7	ednea	partment appointed pursuant to section of the <<ednea>>	edea|edna|edney|enea
production-1971-vol1-chapters	1250	0.6	busline	port employees of a railroad or <<busline>> an employee of a tele	busine|buslines|bustline
production-1971-vol1-chapters	1272	0.0	carbuncies	<<carbuncies>>	carbuncles
production-1971-vol1-chapters	1278	48.0	menecing	<<menecing>> with section of this code relating to	menacing
production-1971-vol1-chapters	1282	12.3	pubhe	city and counts <<pubhe>> district public authority public corporation	dubhe|pube|puhe
production-1971-vol1-chapters	1283	8.1	cominon	other <<cominon>> carrier public utility or public utility holding	comicon|comino
production-1971-vol1-chapters	1286	18.3	contaming	stat as amended <<contaming>> substantially	containg
production-1971-vol1-chapters	1290	21.0	qualhfivations	<<qualhfivations>>	qualifications
production-1971-vol1-chapters	1295	22.0	eiliation	<<eiliation>> of the division of conciliation department of	biliation|ciliation|filiation
production-1971-vol1-chapters	1297	0.5	supphed	name from the list so <<supphed>> and the ame remaining after	supped
production-1971-vol1-chapters	1310	41.0	continuanee	<<continuanee>>	continuance
production-1971-vol1-chapters	1316	46.4	obheation	in the state general <<obheation>> bund law chapter commencing	objection
production-1971-vol1-chapters	1319	25.0	pubhe	<<pubhe>> defender is conducting the defense and shall	dubhe|pube|puhe
production-1971-vol1-chapters	1319	34.3	pubhe	judgment of the <<pubhe>> defender the claim urged is valid and	dubhe|pube|puhe
production-1971-vol1-chapters	1320	11.0	sretion	<<sretion>> j section of the government cede is	cretion
production-1971-vol1-chapters	1320	23.0	pubhe	<<pubhe>> defender iw conducting the defense and shall	dubhe|pube|puhe
production-1971-vol1-chapters	1320	32.4	pubhe	the judgment of the <<pubhe>> defender the claim urged is valid	dubhe|pube|puhe
production-1971-vol1-chapters	1327	46.3	aurost	svoletary ot state <<aurost>> j	aurist
production-1971-vol1-chapters	1330	39.5	meetmg	ceed ten dollars fur each <<meetmg>> attended not exceed	meetme
production-1971-vol1-chapters	1345	13.4	nptly	each member shall pro <<nptly>> appoint a single proxy to rep	aptly
production-1971-vol1-chapters	1349	28.1	rmmediatcly	effcct <<rmmediatcly>>	immediately
production-1971-vol1-chapters	1361	45.0	indement	<<indement>> is entered	indecent|indepent|induement|indument
production-1971-vol1-chapters	1372	0.0	liceiise	<<liceiise>>	license
production-1971-vol1-chapters	1375	36.5	inotor	price of gasoline or other <<inotor>> vehicle fuel sold offered for	inator
production-1971-vol1-chapters	1385	14.2	lactometers	c for <<lactometers>> six dollars each	lactometer
production-1971-vol1-chapters	1412	46.0	censees	<<censees>> using identical or substantially similar names in	censers|censes
production-1971-vol1-chapters	1418	7.6	heense	electrology shall hold a current valid <<heense>> as an electrology	heene|heese|hense
production-1971-vol1-chapters	1439	23.4	parsx	be the protection of <<parsx>> property and preservation of the	pars|parsa|parse|parsi|parx
production-1971-vol1-chapters	1465	0.0	redda	<<redda>>	edda|fredda|gedda|hedda|jedda|ledda
production-1971-vol1-chapters	1478	37.7	appomt	b the judges of the court may <<appomt>> as many part	apport
production-1971-vol1-chapters	1491	28.6	systera	other state if it is a <<systera>> or mode that is recognized by this	systema|syster
production-1971-vol1-chapters	1501	0.6	fmally	to the pheasant until it s <<fmally>> prepared for consumption	fally|mally|smally
production-1971-vol1-chapters	1508	46.5	aveney	program fund to the resources <<aveney>> commencing	adeney|aveley|avene|avenel|avener|averey
production-1971-vol1-chapters	1523	0.4	pubhe	immediate preservation of the <<pubhe>> peace health or safety	dubhe|pube|puhe
production-1971-vol1-chapters	1559	43.0	seribed	<<seribed>> number of hours	scribed|serifed
production-1971-vol1-chapters	1589	12.2	tneze	sec a <<tneze>> is hereby included within the	treze
production-1971-vol1-chapters	1601	23.7	gilrr	corner thereof in the center of the <<gilrr>> ore road no	giler|girr
production-1971-vol1-chapters	1605	29.4	riore	range east southerly miles <<riore>> or less along the	biore|fiore|piore|priore|rione|rire
production-1971-vol1-chapters	1609	5.5	centerne	more or less along said <<centerne>> te the centerline of	centene
production-1971-vol1-chapters	1617	28.10	ficod	district now or hereafter used to control <<ficod>>	fico|ficoid
production-1971-vol1-chapters	1622	44.0	eommodation	<<eommodation>> or facilities means a building structure facil	commodation
production-1971-vol1-chapters	1655	4.7	arrend	before this bill and all three bills <<arrend>> section of the	arend|arren|arrent
production-1971-vol1-chapters	1659	3.9	immuri	means for the eventual achievement of total <<immuri>>	immure
production-1971-vol1-chapters	1677	0.0	loliows	<<loliows>>	follows
production-1971-vol1-chapters	1697	21.0	chapthe	<<chapthe>>	chapte|chapter
production-1971-vol1-chapters	1701	43.6	ijtural	added to division of the avgric <<ijtural>> code to read	natural
production-1971-vol1-chapters	1702	49.0	ehanter	<<ehanter>>	chanter|shanter
production-1971-vol1-chapters	1726	45.0	plovees	<<plovees>>	plovers
production-1971-vol1-chapters	1735	6.10	ecpy	such defendant or his attorney if the <<ecpy>>	cpy|ecp|ecpa|ecpr|ecps|empy
production-1971-vol1-chapters	1751	28.9	prepzy	in the ordinary course of business receive <<prepzy>>	prepay|preppy
production-1971-vol1-chapters	1755	0.0	trict	<<trict>> general tund until the report is received	strict|tract|triact|tric|trica|trice
production-1971-vol1-chapters	1761	2.3	wzeter	reclamation of waste <<wzeter>> must be cleaned in a coordinated	wheter
production-1971-vol1-chapters	1761	3.5	consezv	manner so as to protect <<consezv>> ard enhance the many	consent|conserv
production-1971-vol1-chapters	1761	25.3	subregiors	within the respective <<subregiors>>	subregions
production-1971-vol1-chapters	1763	12.3	raailing	publication posting o <<raailing>> shall contain all matters	railing
production-1971-vol1-chapters	1765	39.4	mendatio	making the first recor <<mendatio>> s for appointments to the	mentation
production-1971-vol1-chapters	1767	4.4	frorr	i one representat ve <<frorr>> tie county of sonoma	forr|fror|frore|frory
production-1971-vol1-chapters	1774	22.5	readvertised	notice inviting bids to be <<readvertised>>	readvertise
production-1971-vol1-chapters	1787	34.7	linoun	the shares of a mutual sayings and <<linoun>> association	linon|linous
production-1971-vol1-chapters	1787	42.2	jisition	chapter acq <<jisition>>	position
production-1971-vol1-chapters	1789	16.9	moncp	conspiracy to monopolize or to attempt to <<moncp>>	monce|monch|monck
production-1971-vol1-chapters	1789	20.4	zobable	public interest by the <<zobable>> effect cf the acquisition in	mobable
production-1971-vol1-chapters	1803	17.8	admitta	such dependent is otherwise qualifed to gain <<admitta>> ice	admitt
production-1971-vol1-chapters	1803	19.5	depet	as used in this section <<depet>> dent means the children	decet|deet|delet|demet|depe|deped
production-1971-vol1-chapters	1837	14.6	philets	used the distribution of ballot par <<philets>> in all respects shall	phileas|philes|philetus
production-1971-vol1-chapters	1841	20.1	mzey	branches <<mzey>> oe established in existing institutions of the	mazey|mey|mezey|moey|mzee|zey
production-1971-vol1-chapters	1876	10.0	plovees	<<plovees>> and employees of public schools of any	plovers
production-1971-vol1-chapters	1895	12.6	reconsideret	after the last day on which <<reconsideret>> on ean be ordered the	reconsidered
production-1971-vol1-chapters	1902	35.0	offeenter	<<offeenter>> traffic lanes as permitted under section	offender
production-1971-vol1-chapters	1921	31.4	tisce	a member receives full <<tisce>> service credit for a	pisce|tice|tisch|tisci|tisco|tise
production-1971-vol1-chapters	1929	9.0	citapter	<<citapter>>	chapter
production-1971-vol1-chapters	1939	1.0	cuaprer	<<cuaprer>> jeas	chapter
production-1971-vol1-chapters	1939	1.1	jeas	cuaprer <<jeas>>	beas|ceas|deas|eas|eeas|feas
production-1971-vol1-chapters	1939	47.0	ineubator	<<ineubator>> rejects means incubated eggs	incubator|intubator
production-1971-vol1-chapters	1953	14.7	cowity	year the board of supervisors of any <<cowity>> may by resolution	comity
production-1971-vol1-chapters	1955	15.8	fishlife	shall propose any measure necessary to protect <<fishlife>>	fishlike|fishline|fishwife
production-1971-vol1-chapters	1955	21.6	fishlife	determined that measures necessary to protect <<fishlife>> have	fishlike|fishline|fishwife
production-1971-vol1-chapters	1959	4.4	iasle	a cardholder is not <<iasle>> for any unauthorized	aisle|asle|basle|hasle|isle
production-1971-vol1-chapters	1983	7.2	evider	all instruments <<evider>> cing or supporting a claim of right	eider|evader|evide|eviler|vider
production-1971-vol1-chapters	1993	9.4	ncther	ness he shall designate <<ncther>> officer to perform his duties	nather|nether|nither|nother|nuther
production-1971-vol1-chapters	1993	13.3	prograra	shall designate a <<prograra>> director to perform his duties and	programa
production-1971-vol1-chapters	1995	3.0	cuaptter	<<cuaptter>> fixpines and declarations of policy	chapter
production-1971-vol1-chapters	1997	41.3	octojver	secretary o slate <<octojver>>	october
production-1971-vol1-chapters	2007	13.5	pencers	e upon recording of lis <<pencers>> the notice of lien shall	fencers|pences|penders|penners|pincers|spencers
production-1971-vol1-chapters	2021	0.0	hning	<<hning>> ana specifying the form snbdject matter and	aning|ening|haing|haning|hening|hing
production-1971-vol1-chapters	2030	37.5	betterments	transportation landing or storage improvements <<betterments>>	betterment
production-1971-vol1-chapters	2031	1.8	bettermerts	it except that in the event improvements <<bettermerts>>	betterment
production-1971-vol1-chapters	2031	5.1	bettermea	improvements <<bettermea>> s or structures taken or the damages	betterment
production-1971-vol1-chapters	2031	24.5	chapic	county of santa barbara by <<chapic>> of the statutes of	chadic|chapin
production-1971-vol1-chapters	2040	37.0	fucles	<<fucles>> approved by governor october filed with	fucales
production-1971-vol1-chapters	2043	32.3	esurt	one senior municipal <<esurt>> clerk who shall receive a monthly	escrt|esure|surt
production-1971-vol1-chapters	2047	19.0	eupied	<<eupied>> until such compensation equa s the sum	espied|expired
production-1971-vol1-chapters	2048	15.0	fivation	<<fivation>>	fication|fidation|fixation|nivation
production-1971-vol1-chapters	2049	19.5	departinen	water from the system the <<departinen>> may make loans from	departing
production-1971-vol1-chapters	2054	39.1	enliege	munity <<enliege>> district js made a part of a	enlarge
production-1971-vol1-chapters	2055	50.0	arvreement	<<arvreement>>	agreement
production-1971-vol1-chapters	2065	44.0	eotics	<<eotics>> bureau or criminal identification and investigation	erotics|exotics|notice
production-1971-vol1-chapters	2075	34.0	ciiapter	<<ciiapter>>	chapter
production-1971-vol1-chapters	2077	5.12	acered	long as only one such device is <<acered>>	acred|cered
production-1971-vol1-chapters	2080	40.11	leensed	period of time if it has been <<leensed>> to	lensed
production-1971-vol1-chapters	2082	26.0	feeted	<<feeted>>	felted|feted|fleeted|yeeted
production-1971-vol1-chapters	2083	5.2	ecrtificated	relating ta <<ecrtificated>> creployces	certificated
production-1971-vol1-chapters	2084	38.0	ranying	<<ranying>> directing or performing services in connection with	anying|randing|ranging|ranking|ranting|raying
production-1971-vol1-chapters	2088	22.1	scehon	add <<scehon>> to and to repeal section of the	schon|sehon
production-1971-vol1-chapters	2091	42.5	linuted	of organization including but not <<linuted>> to a jot venture	minuted
production-1971-vol1-chapters	2093	44.3	pubhe	d is a <<pubhe>> or other nonprofit institution	dubhe|pube|puhe
production-1971-vol1-chapters	2094	20.0	ploving	<<ploving>> unit under this section shall be in	gloving|loving|plowing|proving
production-1971-vol1-chapters	2096	39.2	roadsiding	to loading <<roadsiding>> banking stacking binning and piling	broadsiding
production-1971-vol1-chapters	2109	0.5	meluding	employment fund of the benefits <<meluding>> extended duration	deluding|eluding|melding
production-1971-vol1-chapters	2119	45.6	iluman	for support of the department of <<iluman>> resources develop	illman|luman|sluman
production-1971-vol1-chapters	2126	11.7	oceupa	of a regional occupational center or regional <<oceupa>>	occupy
production-1971-vol1-chapters	2127	27.5	rvisc	superintendent of schools skall sup <<rvisc>> establishment of the	risc
production-1971-vol1-chapters	2133	44.3	diseus	bodily and mental <<diseus>> nd injuries are based on ability	discus|diseas|diseur|diseuse|diskus|disqus
production-1971-vol1-chapters	2139	34.5	attendar	by the party requiring his <<attendar>> ce by the quickest and most	attender
production-1971-vol1-chapters	2145	5.0	facivivies	<<facivivies>>	facilities
production-1971-vol1-chapters	2149	4.1	arcew	g <<arcew>> duster	arce|arced|arcee|arcel
production-1971-vol1-chapters	2157	0.0	catllon	<<catllon>> purposes	callon|catalon
production-1971-vol1-chapters	2168	43.0	eredient	<<eredient>> of another food only if t comprises	expedient|redient
production-1971-vol1-chapters	2176	20.7	heense	of the velitele for which the new <<heense>> plates were issued of	heene|heese|hense
production-1971-vol1-chapters	2177	22.0	anacet	<<anacet>> toamcnd section of the government	anaces|enact
production-1971-vol1-chapters	2192	4.4	facsimi	reproduced by any other <<facsimi>> e method authorized by law	facsimile
production-1971-vol1-chapters	2193	1.2	rernoval	any suck <<rernoval>> flora office shall create a	removal
production-1971-vol1-chapters	2197	27.7	isferred	unless such written records are first re <<isferred>> to microfilm	inferred
production-1971-vol1-chapters	2197	33.2	yercs	platforms switches <<yercs>> terminals and any and ail other	ercs|mercs|percs|yeras|yers
production-1971-vol1-chapters	2197	34.4	venien	facilities necessary or cor <<venien>> fo transit service within or	venie|venier|venin
production-1971-vol1-chapters	2198	31.2	strearn	streets highways <<strearn>> watercourse or lands	stearn
production-1971-vol1-chapters	2199	34.5	icest	operating within the district at <<icest>> days prior to the	cest|ices|icesat|icess|icet|iciest
production-1971-vol1-chapters	2199	41.7	valess	the area served by the c strict <<valess>> a private charter pacts	aless|valens|vales|valets|valses|vaness
production-1971-vol1-chapters	2203	7.5	faitin	indebtedness secured by the full <<faitin>> and credit of the united	fantin|fartin|fatin|fitin|paitin|waitin
production-1971-vol1-chapters	2210	32.2	wpoz	proposition voted <<wpoz>> at ine prior election unless a petition	poz|woz|wpo|wpor|wwoz
production-1971-vol1-chapters	2213	16.5	zvestmen	status of the bonds as <<zvestmen>> s	vestment
production-1971-vol1-chapters	2219	23.5	metrc	residents in the bakersf eld <<metrc>> politan area and to finance	merc|metc|metic|metr|metra|metre
production-1971-vol1-chapters	2223	6.2	postaudits	conduct fiscal <<postaudits>> and management reviews with respec	postaudit
production-1971-vol1-chapters	2229	2.7	tezard	charged by law with any duty in <<tezard>> to the collections of	ezard|tetard|tizard
production-1971-vol1-chapters	2229	4.6	ionii	be necessary to collect such addi <<ionii>> sum	ioni|ionia|ionic|ioniq|ionis|onii
production-1971-vol1-chapters	2249	1.12	pencl	wat bl saa d pun and nek <<pencl>>	fencl|opencl|pecl|penal|penca|pence
production-1971-vol1-chapters	2249	3.5	senetonel	general ballot d congresnoncl th <<senetonel>> th assembly dastret	sentinel
production-1971-vol1-chapters	2249	4.26	parthipate	provident of omy perry met queidied ry <<parthipate>> i	participate
production-1971-vol1-chapters	2249	8.27	wpane	iit of tue olen do tor diane <<wpane>> et	pane|spane|wane
production-1971-vol1-chapters	2249	9.4	sertae	tee thee pter of <<sertae>> bivtrit court of ippeet joes torey ets	serta|setae
production-1971-vol1-chapters	2249	9.18	appari	ets party remy ue be the sguere <<appari>> s jer tet purpose te vere ep	alpari|appaji|appar|appare|appart
production-1971-vol1-chapters	2249	9.27	mearers	jer tet purpose te vere ep sey <<mearers>> pomp met it	bearers|fearers|hearers|meares|rearers|wearers
production-1971-vol1-chapters	2249	10.5	vieet	iprotene bet veins law womb <<vieet>> die vray jas lol cs taw pronctenten	veet|vient|viet|vineet|vinet|vleet
production-1971-vol1-chapters	2249	11.0	caowre	<<caowre>> her maa word tas bo mn tigh	care
production-1971-vol1-chapters	2249	11.27	apmpe	years oppor te the me am mark <<apmpe>> tan revs ere berbiaden an ge	ampe|appe
production-1971-vol1-chapters	2249	12.19	wrenees	ven pronebenbe vom nope ule mais br <<wrenees>> ore ha viben mad make ee	renee
production-1971-vol1-chapters	2249	12.22	viben	nope ule mais br wrenees ore ha <<viben>> mad make ee	eiben|iben|liben|vibe|vibed|viber
production-1971-vol1-chapters	2249	13.15	vlowters	io te ke dt cere alle te <<vlowters>> oh het party bet bo tate cect	voters
production-1971-vol1-chapters	2249	13.25	totsap	party bet bo tate cect yeu crenpoy <<totsap>> bar we eetone slr belie	total
production-1971-vol1-chapters	2249	13.28	eetone	tate cect yeu crenpoy totsap bar we <<eetone>> slr belie	betone|entone|ketone|petone
production-1971-vol1-chapters	2249	15.1	estacign	fier <<estacign>> dump wees lo the vaskag oacary ens	estacion
production-1971-vol1-chapters	2249	15.6	vaskag	fier estacign dump wees lo the <<vaskag>> oacary ens ip jireas theesehree te wate	vaska
production-1971-vol1-chapters	2249	15.7	oacary	fier estacign dump wees lo the vaskag <<oacary>> ens ip jireas theesehree te wate tar	bacary|salary
production-1971-vol1-chapters	2249	15.23	heltts	tae date few presiden org shares er <<heltts>> maorh e wrest wr pom wr pomel	helots
production-1971-vol1-chapters	2249	15.24	maorh	date few presiden org shares er heltts <<maorh>> e wrest wr pom wr pomel	maor|maori|maroh
production-1971-vol1-chapters	2249	15.30	pomel	heltts maorh e wrest wr pom wr <<pomel>>	comel|gomel|homel|pemel|poel|pome
production-1971-vol1-chapters	2249	17.15	losp	veen boud a of raw o dorr <<losp>> teiusel apeais smee one	aosp|gosp|hosp|lisp|loop|lop
production-1971-vol1-chapters	2249	17.17	apeais	a of raw o dorr losp teiusel <<apeais>> smee one	apears
production-1971-vol1-chapters	2249	20.3	mehte	wore veers neon <<mehte>>	kehte|mehne|mehta|meite|mente|mete
production-1971-vol1-chapters	2249	22.1	uezore	overtop <<uezore>> ad ca tan ermann nem tots ce	before
production-1971-vol1-chapters	2249	31.11	amoed	se we fete boce sans seas twine <<amoed>>	aloed|amed|ameed|amod|amoled|amond
production-1971-vol1-chapters	2249	34.1	eeasiey	was <<eeasiey>> oo fab eds oo row ft lt	easily
production-1971-vol1-chapters	2249	40.4	propgrtior	s ma shot word <<propgrtior>> tame fe	proportion
production-1971-vol1-chapters	2249	47.6	prepomtion	tt a tne ry cooney pow <<prepomtion>> bark te	proportion
production-1971-vol1-chapters	2249	48.8	derres	a ee rt oire slee space fmt <<derres>> funke	depres|deres|derrek|derrel|derren|derries
production-1971-vol1-chapters	2249	54.7	lotied	pm pw bv ate fay oe as <<lotied>>	lotted
production-1971-vol1-chapters	2249	57.1	lerten	amerie <<lerten>> yom baprewe rw pe seana tart teint	lenten|lernen|letten|letter|merten|perten
production-1971-vol1-chapters	2249	62.1	pruaing	aer <<pruaing>> baer lm epee my teoe	pruning
production-1971-vol1-chapters	2249	62.6	teoe	aer pruaing baer lm epee my <<teoe>>	eoe|tebe|tee|teee|tehe|teke
production-1971-vol1-chapters	2249	68.8	eanneey	naoeamy meets tone ss fasaiatiee seve iv <<eanneey>> baa ae were	cannery
production-1971-vol1-chapters	2249	71.3	avligt	rer wr foti <<avligt>> pikad bho ett of low soured	align
production-1971-vol1-chapters	2249	71.4	pikad	rer wr foti avligt <<pikad>> bho ett of low soured	pika|pikas|piked
production-1971-vol1-chapters	2249	72.2	detnew	er tenertete <<detnew>> comet of sep balla hsdiinad cesstes amepdeest	detner
production-1971-vol1-chapters	2249	72.8	cesstes	tenertete detnew comet of sep balla hsdiinad <<cesstes>> amepdeest oo we wl	cesses
production-1971-vol1-chapters	2249	74.3	tnnaze	ae mave gemtines <<tnnaze>> bs bt ave	tonnage
production-1971-vol1-chapters	2249	75.5	talagy	hon ert are ae ees <<talagy>> oy mator any feat te a	salary|talaga|talay
production-1971-vol1-chapters	2249	79.2	siels	seas hi <<siels>>	diels|niels|riels|seels|sels|shels
production-1971-vol1-chapters	2249	81.3	rcfe	s aoe abd <<rcfe>> se geet moe doen city of sports	cfe|rafe|rce|rcf|refe|rfe
production-1971-vol1-chapters	2249	85.8	setas	ii ilindliceiaans mle cy of oe ne <<setas>> toeerey	aetas|betas|estas|etas|metas|netas
production-1971-vol1-chapters	2249	99.11	tlbor	rar pp or beat ef pleas by <<tlbor>>	tabor|tibor|tobor
production-1971-vol1-chapters	2250	0.7	rjeser	tee mare cross om balot unet wh <<rjeser>> stamp onavip win pen of pence	reeser|refer|reser|rieser|roeser
production-1971-vol1-chapters	2250	1.2	wallcis	gee abmoctee <<wallcis>> war mailed wth iv and bek o	wallis
production-1971-vol1-chapters	2250	2.5	petersed	een i hed walt thn <<petersed>> law lee my ley merge tape	petered|petersen
production-1971-vol1-chapters	2250	3.0	cmcaene	<<cmcaene>> se eo	cocaine
production-1971-vol1-chapters	2250	4.5	senctonal	general ballot d congressional th <<senctonal>> th assembly distnct	sectional
production-1971-vol1-chapters	2250	5.1	reteler	ye <<reteler>> eran amp tree we thw cating egamre	reeler|retailer|rettler|reveler
production-1971-vol1-chapters	2250	5.8	egamre	reteler eran amp tree we thw cating <<egamre>> ster ee were vote fern poriae nat	game
production-1971-vol1-chapters	2250	5.14	poriae	cating egamre ster ee were vote fern <<poriae>> nat an tho beflet wrhe bs wrens	poria|porite
production-1971-vol1-chapters	2250	5.18	beflet	were vote fern poriae nat an tho <<beflet>> wrhe bs wrens	beflea|befret|bellet|reflect|reflet
production-1971-vol1-chapters	2250	5.19	wrhe	vote fern poriae nat an tho beflet <<wrhe>> bs wrens	rhe|trhe|wehe|whe|whre|wre
production-1971-vol1-chapters	2250	7.3	npahe	rehemten tor tae <<npahe>> tet wedldete samp we w the very	nahe
production-1971-vol1-chapters	2250	7.11	porpo	tet wedldete samp we w the very <<porpo>> to velo tn vay mewiore vamp wees	corpo|polpo|pompo|popo|poppo|porco
production-1971-vol1-chapters	2250	8.15	ceecs	ag ota evs eee ee te merete <<ceecs>> cop pone ther de sue tare tiny	cecs|ceec|cees|clecs|eecs
production-1971-vol1-chapters	2250	9.1	tevats	tatty <<tevats>> of tan beprena tow van wave ee	teats|tevas|tevets
production-1971-vol1-chapters	2250	10.1	aytin	thane <<aytin>> bua gaye apgoek treed repetrns loan eny	actin|altin|antin|artin|astin|atin
production-1971-vol1-chapters	2250	10.16	marha	s weenie uaa care same sre srugrahing <<marha>> wv eremty te raiders co mae	farha|macha|magha|maha|mahra|manha
production-1971-vol1-chapters	2250	10.18	eremty	uaa care same sre srugrahing marha wv <<eremty>> te raiders co mae	eremy
production-1971-vol1-chapters	2250	12.4	oinies	sieve hops tiny debris <<oinies>> idea tae cater eare neweaduter tory roe	tinies
production-1971-vol1-chapters	2250	12.19	oupester	eiimrvery we ee avid elt tenure nan <<oupester>> of tute nad rte	ouster
production-1971-vol1-chapters	2250	13.1	brantuy	cd <<brantuy>> hemect pravtr coe ot epee eae hpget	brandy|brantly
production-1971-vol1-chapters	2250	13.2	hemect	cd brantuy <<hemect>> pravtr coe ot epee eae hpget unap	hemet|humect
production-1971-vol1-chapters	2250	13.3	pravtr	cd brantuy hemect <<pravtr>> coe ot epee eae hpget unap aves	prayer
production-1971-vol1-chapters	2250	13.8	hpget	brantuy hemect pravtr coe ot epee eae <<hpget>> unap aves cowie mmmane ef eas momenéoors	huget|upget
production-1971-vol1-chapters	2250	13.12	mmmane	ot epee eae hpget unap aves cowie <<mmmane>> ef eas momenéoors hy sowtaar gr voneed	immane
production-1971-vol1-chapters	2250	14.17	esaes	ler win yee guy ie cam men <<esaes>> peal	eases|esas|eses|esses|estes|saes
production-1971-vol1-chapters	2250	17.1	owusun	men <<owusun>> nemes fe ee oeitrasr rene tov of	owusu
production-1971-vol1-chapters	2250	20.4	beaered	fe ord vey fot <<beaered>>	beared|beavered
production-1971-vol1-chapters	2250	22.5	wvewe	irate an oe toe wow <<wvewe>> ef up ameabiy brea mee homarueyt po	wewe
production-1971-vol1-chapters	2250	26.1	dipee	pantie <<dipee>> tree fie tobe bf so a ee	depee|dipe|diper|dupee|yipee
production-1971-vol1-chapters	2250	38.0	srarn	<<srarn>> maa ee bnet we cao eet er	sarn|scarn|sharn|skarn|starn
production-1971-vol1-chapters	2250	41.8	rretiot	tines as taree dance san tre come <<rretiot>> town ms wa eng pome	cretion
production-1971-vol1-chapters	2250	46.0	perme	<<perme>> weare meee ance fes bae tete	erme|ferme|parme|perce|perde|pere
production-1971-vol1-chapters	2250	47.4	repeairen	ha fed poor ed <<repeairen>> cvss lmcrriod of visixid tense o pere	repaired
production-1971-vol1-chapters	2250	47.5	cvss	ha fed poor ed repeairen <<cvss>> lmcrriod of visixid tense o pere met	cass|cbss|ccss|cdss|cess|chss
production-1971-vol1-chapters	2250	47.8	visixid	fed poor ed repeairen cvss lmcrriod of <<visixid>> tense o pere met bb mom re	visited
production-1971-vol1-chapters	2250	62.4	iertie	a b retter whe <<iertie>> they	bertie|certie|gertie|hertie|mertie
production-1971-vol1-chapters	2250	65.2	paatine	torn oe <<paatine>> ro e oe p seer wine el	palatine|patine|platine
production-1971-vol1-chapters	2250	71.3	praaiting	lk alae the <<praaiting>> ining tno ne sa et ae eee	profiting
production-1971-vol1-chapters	2250	72.6	ratrw	sorted ta td expat berets ott <<ratrw>> bee id a ae er et tee	ratri
production-1971-vol1-chapters	2250	74.3	canmr	le nae gael <<canmr>> nod fos bai ee a et	canar|caner|canmer|canr
production-1971-vol1-chapters	2250	78.1	appeoue	samad <<appeoue>> daten beans ome eee ly st ts	approve
production-1971-vol1-chapters	2250	88.4	soroaan	i i ee coe <<soroaan>> vovrvy caaivas aiiabig	soroban
production-1971-vol1-chapters	2250	88.6	caaivas	i i ee coe soroaan vovrvy <<caaivas>> aiiabig	canvas
production-1971-vol1-chapters	2250	93.1	yeorat	tiare <<yeorat>> oh we fe ree	yeat
production-1971-vol1-chapters	2250	94.1	areems	vibuttion <<areems>> cemetery anems ree ae	reems
production-1971-vol1-chapters	2250	94.3	anems	vibuttion areems cemetery <<anems>> ree ae	anees|anemos|anes|anims|nems
production-1971-vol1-chapters	2250	100.1	biante	wates <<biante>> of ct any ue re ae	bante|bhante|binate|diante|piante
production-1971-vol1-chapters	2250	101.2	anaonb	tatin wu <<anaonb>> b ae	anyone
production-1971-vol1-chapters	2252	21.0	unmistakenly	<<unmistakenly>> expressed with respect to motor vehicles exceed	unmistakedly
production-1971-vol1-chapters	2272	42.6	mdicate	be given to school districts which <<mdicate>> a comprehensive	medicate|micate
production-1971-vol1-chapters	2276	0.0	uvommission	<<uvommission>>	commission
production-1971-vol1-chapters	2291	46.8	investira	public defender or d e public defender <<investira>>	investiga
production-1971-vol1-chapters	2292	12.0	yead	<<yead>>	bead|dead|ead|eyad|fead|head
production-1971-vol1-chapters	2295	2.4	unloa	mercial vessels may possess <<unloa>> led firearms when traveling	ulloa|unload
production-1971-vol1-chapters	2295	26.4	arposes	educational or scientific p <<arposes>>	apposes|purposes
production-1971-vol1-chapters	2299	12.0	alpme	<<alpme>>	alme|alpe|alphe
production-1971-vol1-chapters	2299	15.1	contaming	counties <<contaming>> a population of and	containg
production-1971-vol1-chapters	2307	10.0	plovees	<<plovees>> of such county for each mile actually	plovers
production-1971-vol1-chapters	2309	33.4	ecurt	jurors in the superior <<ecurt>> shall receive three dollars for	curt
production-1971-vol1-chapters	2319	23.2	busdrivers	personnel and <<busdrivers>> any fee rental or other	busdriver
production-1971-vol1-chapters	2321	2.1	rustces	the <<rustces>> subject to such conditions as they may	rustles
production-1971-vol1-chapters	2325	0.1	reatters	the <<reatters>> required by th secord and third subdivisions	ratters
production-1971-vol1-chapters	2325	23.4	ozcer	cause the court may <<ozcer>> the parent or parents required to	oscer|ozer|ozier
production-1971-vol1-chapters	2330	50.7	enarges	those hands upon which there are unpaid <<enarges>> for water	enlarges|enrages|narges
production-1971-vol1-chapters	2335	0.3	peziment	d such other <<peziment>> deta as tie supervisor may re	pediment
production-1971-vol1-chapters	2336	18.4	redrilled	for each well drilled <<redrilled>> or deepened the bond shall	redpilled
production-1971-vol1-chapters	2337	1.4	zcver	five thousand dollars to <<zcver>> all his operations in	ziver
production-1971-vol1-chapters	2337	4.6	redrilled	bond for each well being drilled <<redrilled>> deep	redpilled
production-1971-vol1-chapters	2350	9.0	zead	<<zead>>	bead|dead|ead|fead|head|lead
production-1971-vol1-chapters	2350	17.0	concitionec	<<concitionec>> het t e applicant shall not practice	conditioned
production-1971-vol1-chapters	2351	47.5	derned	place of business as is <<derned>> in this code should the dealer	darned|durned|ferned|kerned
production-1971-vol1-chapters	2366	42.2	gistr	enc shell <<gistr>> bute such guidelines to every schoo district	distr|gist|gister|gists|istr
production-1971-vol1-chapters	2367	34.3	attendar	than average daily <<attendar>> e the county superintend	attender
production-1971-vol1-chapters	2378	9.0	pbursement	<<pbursement>> from their existing legislative funds	imbursement
production-1971-vol1-chapters	2380	5.0	permittees	<<permittees>> made by this act is sufficient to	permittee
production-1971-vol1-chapters	2381	0.5	stparat	tion or reconstruction of grade <<stparat>> ons of separation of	separat|separate
production-1971-vol1-chapters	2387	25.4	allovat	exceed the estimated costs <<allovat>> ons to specific projects by	allocate
production-1971-vol1-chapters	2393	37.0	announeers	<<announeers>> ten dollars the charge for a du	announcers
production-1971-vol1-chapters	2405	0.0	reaa	<<reaa>>	eaa|meaa|raa|raaa|raea|rea
production-1971-vol1-chapters	2405	3.5	implen	ents of schools to design <<implen>> ani evaluate innovative	impen|imple|implex
production-1971-vol1-chapters	2407	39.5	liecal	county and its communities the <<liecal>> agency formation com	lienal
production-1971-vol1-chapters	2409	6.6	speewl	to one vote fur each independent <<speewl>> district of which he is	speel|sprewl
production-1971-vol1-chapters	2415	20.0	ticlans	<<ticlans>> accountants inspectors consultants clerks and employees	clans
production-1971-vol1-chapters	2417	14.4	sovree	statement and statement of <<sovree>> and application of funds	soiree|soree
production-1971-vol1-chapters	2417	20.4	pubhe	the commission shall hold <<pubhe>> hearings on the	dubhe|pube|puhe
production-1971-vol1-chapters	2423	16.6	creafter	b for and every year t <<creafter>> the state depart	crafter|creater
production-1971-vol1-chapters	2425	0.0	ioliows	<<ioliows>>	follows
production-1971-vol1-chapters	2425	4.4	isionai	for departmental and d <<isionai>> overhead expense apportioned	isinai
production-1971-vol1-chapters	2429	3.3	agricv	such refunds for <<agricv>> tural off highway use pursuant to sec	agric
production-1971-vol1-chapters	2431	42.0	ertics	<<ertics>> rental und which is continued in existence	erics|erotics
production-1971-vol1-chapters	2437	47.6	advar	utilized for the right of way <<advar>> ced acquisition program	adar|adhar|adrar|adva|advair|advan
production-1971-vol1-chapters	2439	0.0	naautlics	<<naautlics>>	nautics
production-1971-vol1-chapters	2453	14.6	arnend	chaptered or as chaptered does nct <<arnend>> that section and	anend|arend
production-1971-vol1-chapters	2464	22.1	apuar	ce <<apuar>>	anuar|aouar|apar|apear|apgar|appar
production-1971-vol1-chapters	2472	22.0	ubapter	<<ubapter>>	chapter
production-1971-vol1-chapters	2477	26.8	classiti	are holding classifications to be replaced by <<classiti>>	classici|classify
production-1971-vol1-chapters	2479	23.3	promu	of this article <<promu>> yate rules and regulations requiring a	produ|prom|prome|promi|promo|proms
production-1971-vol1-chapters	2481	29.0	reappointments	<<reappointments>> each for a period of four years	reappointment
production-1971-vol1-chapters	2483	17.8	averas	to make a loen te the ca <<averas>> public utility district	avera|averag|averah|avers|aversa|averts
production-1971-vol1-chapters	2485	7.0	sifying	<<sifying>> a unit	ifying|sifting
production-1971-vol1-chapters	2487	41.6	commmi	a the nature of the crime <<commmi>> tec by the apprehended	commi
production-1971-vol1-chapters	2488	1.0	eurred	<<eurred>> personal injury or damage to property or	burred|erred|furred|purred
production-1971-vol1-chapters	2493	32.5	zscd	will however created of property <<zscd>> oy a tenant as his resi	ascd|scd
production-1971-vol1-chapters	2493	37.8	zdlord	is under tne control of the la <<zdlord>>	lord
production-1971-vol1-chapters	2495	6.5	vezsor	of an agricultural product a <<vezsor>> who merely repeats	versor
production-1971-vol1-chapters	2498	26.8	hcense	or suspension for a pest control adviser <<hcense>>	cense|hense
production-1971-vol1-chapters	2498	30.9	revoca	director may sustain reverse or modify such <<revoca>>	revoke
production-1971-vol1-chapters	2501	0.0	vpatioas	<<vpatioas>>	patios
production-1971-vol1-chapters	2501	2.6	istrial	e in coriplianee with the ind <<istrial>> safety orders of the	istria|istrian|mistrial|strial
production-1971-vol1-chapters	2501	25.5	rcots	b problems related to heteroge <<rcots>> planting of crops	cots|rcts|riots|roots|rots|scots
production-1971-vol1-chapters	2503	3.6	ermiies	herbicide whic he nds and le <<ermiies>> is injurious o any	ermines
production-1971-vol1-chapters	2508	8.1	subhauler	a <<subhauler>> to drive a class or class vehicle	subhaulers
production-1971-vol1-chapters	2511	0.5	niisdemeanor	violation of this section constitutes <<niisdemeanor>>	misdemeanor
production-1971-vol1-chapters	2512	0.0	cipcumsstances	<<cipcumsstances>>	circumstances
production-1971-vol1-chapters	2517	26.5	inture	or financing whether immediate cr <<inture>> five or more un	injure|insure|intere|intire|intube|intue
production-1971-vol1-chapters	2517	32.8	dicoc	related one to the ot er by <<dicoc>> cr x arriage	dicc|dico|dicom|dicot
production-1971-vol1-chapters	2519	6.6	failuz	b if he considers that she <<failuz>> is sufficient ground for	fairuz
production-1971-vol1-chapters	2525	0.5	warlan	permanent as the facts tay <<warlan>>	arlan|darlan|garlan|harlan|karlan|marlan
production-1971-vol1-chapters	2525	4.7	egnitv	its judgment is required by the r <<egnitv>> de of endeavor or	ignite
production-1971-vol1-chapters	2525	31.3	eccosts	to the cleanup <<eccosts>> frem the state water pollution	accosts
production-1971-vol1-chapters	2525	36.4	urdcr	by a regional board <<urdcr>> subdivision c of section	urdar
production-1971-vol1-chapters	2533	2.5	piaies	whose license and spec al <<piaies>> issued under the	pities|pixies
production-1971-vol1-chapters	2535	28.6	utura	added to division of the agric <<utura>> code to read	futura|tura|uhura|utara|utra|uturn
production-1971-vol1-chapters	2541	12.5	vioie	two or more offenses of <<vioie>> ing section	viole|visie|vivie|voie
production-1971-vol1-chapters	2541	24.8	wenile	each judge of a juvenile court ji <<wenile>> traffic hearing	penile|senile|wendle
production-1971-vol1-chapters	2541	48.4	derartmert	such findings to thre <<derartmert>>	department
production-1971-vol1-chapters	2549	2.6	alreac	which the agreement co s not <<alreac>> y apply may be excluded	alrea|alread|alreay
production-1971-vol1-chapters	2549	29.3	adazc	sec section is <<adazc>> ic tee government code	adac
production-1971-vol1-chapters	2549	38.0	putions	<<putions>> required of such persons wit respect to	potions|putins
production-1971-vol1-chapters	2549	44.3	tvas	whom the contribution <<tvas>> made by one cash payment or by	avas|evas|ivas|kvas|ovas|taas
production-1971-vol1-chapters	2550	42.7	svecifica	shall adhere to the american standards association <<svecifica>>	specific|specifica
production-1971-vol1-chapters	2553	11.0	cuarter	<<cuarter>> ofrr ce or administrative hearings	carter|charter|cuartel|curter|quarter
production-1971-vol1-chapters	2553	11.1	ofrr	cuarter <<ofrr>> ce or administrative hearings	forr|frr|ofcr|ofer|ofir|ofr
production-1971-vol1-chapters	2557	2.9	stiative	staff of the office of adr iu <<stiative>> searings	stative
production-1971-vol1-chapters	2557	2.10	searings	of the office of adr iu stiative <<searings>>	bearings|earings|hearings|sealings|searing|seatings
production-1971-vol1-chapters	2559	3.4	rescribec	computed at the rate <<rescribec>> in section upon the	rescribe
production-1971-vol1-chapters	2559	17.4	rescribec	computed at the rate <<rescribec>> in section upon the	rescribe
production-1971-vol1-chapters	2559	38.5	exacle	ber he tax for the <<exacle>> year during which the	exacly
production-1971-vol1-chapters	2567	21.6	ecntr	a members shall be required to <<ecntr>> bute a percentage of	centr|cntr|entr
production-1971-vol1-chapters	2573	15.3	excluc	of salary earned <<excluc>> ng salaries for overtime service	exclu|exclude
production-1971-vol1-chapters	2575	50.4	mzuv	thereto as the board <<mzuv>> require	muv
production-1971-vol1-chapters	2581	9.0	eurred	<<eurred>> prior tc july and provided under section	burred|erred|furred|purred
production-1971-vol1-chapters	2582	51.0	nealed	<<nealed>>	dealed|healed|naled|neale|neales|neaped
production-1971-vol1-chapters	2583	14.4	unuities	terminated disability allowance a <<unuities>> payable from the	unities
production-1971-vol1-chapters	2591	1.6	juviag	pupil in average dai y attendance <<juviag>> the preceding fiscal	juvia
production-1961-vol1-61chapters	1	7.4	immediz	secretary of state january <<immediz>>	immedi|immedia
production-1961-vol1-61chapters	7	20.2	inake	as will <<inake>> operative during the first and second quarters	imake|inaki|iname|inane|inate|ineke
production-1961-vol1-61chapters	13	11.9	defultions	this act unless the context otherwise requires <<defultions>>	deductions
production-1961-vol1-61chapters	15	36.9	inctusior	the receipt of a verified written petition <<inctusior>>	inclusion
production-1961-vol1-61chapters	16	34.0	paelusion	<<paelusion>> sec whenever any citrous trees have been	prelusion
production-1961-vol1-61chapters	24	13.0	fraches	<<fraches>> the governing board of any school district	frache
production-1961-vol1-61chapters	25	23.8	pubhe	trustees of the california state colleges in <<pubhe>>	dubhe|pube|puhe
production-1961-vol1-61chapters	25	47.9	nnshitution	a junior college school district who teaches <<nnshitution>>	institution
production-1961-vol1-61chapters	27	15.9	amentive	contained in this section shall be construed <<amentive>>	agentive|lamentive
production-1961-vol1-61chapters	27	36.8	oiderea	of each individual state college matters affecting <<oiderea>>	ordered
production-1961-vol1-61chapters	28	2.0	televisam	<<televisam>> enter into contracts either alone or in	televisa
production-1961-vol1-61chapters	32	28.0	petermna	<<petermna>> the residence of each student shall be	peterman
production-1961-vol1-61chapters	35	26.7	plystcal	in standardizing the courses of instruction offered <<plystcal>>	physical
production-1961-vol1-61chapters	35	39.10	hearmg	courses for the giving of adequate instruction <<hearmg>>	hearing
production-1961-vol1-61chapters	39	0.0	tacuily	<<tacuily>>	acuity|tackily
production-1961-vol1-61chapters	40	6.0	uwels	<<uwels>>	wels
production-1961-vol1-61chapters	44	49.0	jeces	<<jeces>> insofar as such laws are applicable to	eces|feces|jects|jedes|jees|jefes
production-1961-vol1-61chapters	47	45.10	aecu	and benefits at least equal to those <<aecu>> athe	accu|acu|aec|aecc|aecl|aeco
production-1961-vol1-61chapters	55	9.10	uawil	in this article defined it is unlawful <<uawil>>	tawil
production-1961-vol1-61chapters	58	21.1	distnet	d <<distnet>> none of the funds expended by the	distent
production-1961-vol1-61chapters	60	19.1	essting	pr <<essting>> stantially the same as existing statutory provisions	easting|essing|essling|esting
production-1961-vol1-61chapters	61	50.9	judr	means the office filled by any judicial <<judr>>	jdr|jud|juda|judd|jude|judg
production-1961-vol1-61chapters	62	19.0	naresan	<<naresan>> partisan office means an office for which	naresuan|natesan
production-1961-vol1-61chapters	62	21.0	patiean	<<patiean>> nonpartisan office means an office for which	patien|patient
production-1961-vol1-61chapters	62	26.0	recmnet	<<recmnet>> precinct board is the board consisting of	recent
production-1961-vol1-61chapters	63	15.10	vahulty	of this code or the application thereof <<vahulty>>	faculty|vaulty
production-1961-vol1-61chapters	66	1.7	yolers	county in connection with the registration of <<yolers>> and im order to pro	polers
production-1961-vol1-61chapters	66	21.0	cinets	<<cinets>> by the county clerk the election board	cines|civets
production-1961-vol1-61chapters	66	45.0	ertizen	<<ertizen>> production of his certificate of naturalization or	citizen
production-1961-vol1-61chapters	67	8.7	naturaliza	naturalization of his parent by his affidavit <<naturaliza>>	naturaleza|naturalia|naturalize|naturalized
production-1961-vol1-61chapters	67	23.10	naturaliza	is a citizen by virtue of the <<naturaliza>> fea	naturaleza|naturalia|naturalize|naturalized
production-1961-vol1-61chapters	67	28.10	ehsent	make an affidavit of registration which tw <<ehsent>>	essent
production-1961-vol1-61chapters	68	10.0	reestraion	<<reestraion>> chal be noted in the margin of	restrain
production-1961-vol1-61chapters	68	17.0	afidant	<<afidant>> ot no person shall register in one	affiant|aidant
production-1961-vol1-61chapters	69	40.9	amdavit	upon receipt of the affidavit of registration <<amdavit>>	davit
production-1961-vol1-61chapters	70	38.0	responsibul	<<responsibul>> each deputy county clerk or registration clerk	responsibil|responsible
production-1961-vol1-61chapters	70	39.0	afidants	<<afidants>> receipt to the county clerk for all	affiants
production-1961-vol1-61chapters	70	44.0	spolled	<<spolled>> inal affidavit if for any cause the	polled|spelled|spilled|spoiled|spooled
production-1961-vol1-61chapters	70	45.0	amiait	<<amiait>> course of execution or a mistake is	await
production-1961-vol1-61chapters	72	43.0	ronueal	<<ronueal>> at the time of registering and of	conceal
production-1961-vol1-61chapters	72	47.5	inclex	affidavit of registration and the <<inclex>>	inflex|nclex
production-1961-vol1-61chapters	73	5.10	pgutition	affiliation prior to the close of registra <<pgutition>>	petition
production-1961-vol1-61chapters	73	10.8	amdaut	affidavit required for change of political affilia <<amdaut>> for	adapt
production-1961-vol1-61chapters	74	4.3	necessiz	address it not <<necessiz>> y im either case tu repeat the	necessity
production-1961-vol1-61chapters	78	15.11	sbull	and the notice reguued by section st <<sbull>>	bull|scull|shull|skull|smull|stull
production-1961-vol1-61chapters	78	26.0	reeistrants	<<reeistrants>> jowing january the county clerk shall	registrants
production-1961-vol1-61chapters	80	43.2	eaeb	names ip <<eaeb>> preempt and bind them into books with	aeb|eab|eae|eaec|eaen|eaeu
production-1961-vol1-61chapters	82	42.0	amdavits	<<amdavits>> arranged alphabetically by precincts anc shall keep	davits
production-1961-vol1-61chapters	83	37.9	affihations	showing the number of voters by party <<affihations>> in the state	affixations
production-1961-vol1-61chapters	87	5.16	wotik	his office te be kept by him <<wotik>>	sotik|work|wotk|wotlk
production-1961-vol1-61chapters	87	33.9	apphieation	applies to all counties except the fol <<apphieation>>	application
production-1961-vol1-61chapters	88	0.0	dvara	<<dvara>> ol supervisors	avara|daara|dara|dhara|diara|dvora
production-1961-vol1-61chapters	88	14.0	einet	<<einet>> boundaries it shall by order change the	binet|dinet|einat|eine|einem|einen
production-1961-vol1-61chapters	88	28.0	cinets	<<cinets>> create new precincts or consolidate established pre	cines|civets
production-1961-vol1-61chapters	89	26.9	precinets	or by automatic mechanical or electrical de <<precinets>>	precincts
production-1961-vol1-61chapters	89	32.0	ortgival	<<ortgival>> bluiion j	original
production-1961-vol1-61chapters	89	32.1	bluiion	ortgival <<bluiion>> j	bullion
production-1961-vol1-61chapters	89	41.10	estration	of registration and place them in the <<estration>>	estruation
production-1961-vol1-61chapters	90	4.0	dustriet	<<dustriet>> trict ward precinct or other leval subdivision	district
production-1961-vol1-61chapters	90	4.1	trict	dustriet <<trict>> ward precinct or other leval subdivision of	strict|tract|triact|tric|trica|trice
production-1961-vol1-61chapters	90	11.0	cinets	<<cinets>> containing more than voters or to change	cines|civets
production-1961-vol1-61chapters	90	15.0	cuarter	<<cuarter>> precinct boards	carter|charter|cuartel|curter|quarter
production-1961-vol1-61chapters	91	10.12	faemins	and two judges who shall be ap <<faemins>>	farming
production-1961-vol1-61chapters	91	23.14	ofieers	appointed or a voter of a pre <<ofieers>>	officers
production-1961-vol1-61chapters	92	4.1	eneish	weap <<eneish>> no person who cannot read and write	engish|english|eyeish|neish
production-1961-vol1-61chapters	92	35.11	reeur	render a person employed on a temporary <<reeur>>	recur|reer|regur|retur
production-1961-vol1-61chapters	94	2.3	preeimet	the establishment of <<preeimet>> boards and polling places precinct hoards	preempt
production-1961-vol1-61chapters	94	53.0	committes	<<committes>>	committe|committed|committee|committees|committer|committers
production-1961-vol1-61chapters	95	43.10	lcatio	supervisors shall let the contracts for pub <<lcatio>>	catio|locatio
production-1961-vol1-61chapters	97	6.10	appototment	officers for any precinct have not been <<appototment>>	appointment
production-1961-vol1-61chapters	100	5.0	ofsummons	<<ofsummons>> fore any election board who willfully disobeys	summons
production-1961-vol1-61chapters	102	35.0	peliion	<<peliion>> offices any initiative or referendum petition shall	pelion
production-1961-vol1-61chapters	103	24.10	panot	ballot title may differ from the legislative <<panot>> uti	anot|canot|ganot|janot|manot|pajot
production-1961-vol1-61chapters	104	23.0	supmit	<<supmit>> son ure submitted to the voters by	submit|sumit|summit|sumpit
production-1961-vol1-61chapters	104	24.0	legslatne	<<legslatne>> filed by a member of the legislature	legislate
production-1961-vol1-61chapters	105	18.10	prionty	one argument for or more than one <<prionty>> of	printy
production-1961-vol1-61chapters	106	5.0	fistpal	<<fistpal>> separately paged the first part which shall	fiscal|fistral
production-1961-vol1-61chapters	107	19.10	bvtanes	to each public library and branch thereof <<bvtanes>>	batanes
production-1961-vol1-61chapters	107	34.13	resigenee	each signer shall add to his sig <<resigenee>>	resignee
production-1961-vol1-61chapters	108	32.0	nevaon	<<nevaon>> ew petition to the same effect if	nevada|nevon
production-1961-vol1-61chapters	108	39.4	eoutains	vote rial election and <<eoutains>> a request that the ordinance be sub	moutains
production-1961-vol1-61chapters	110	5.0	pireen	<<pireen>> at the same election conflict the ordinance	ireen|pirene|preen
production-1961-vol1-61chapters	110	29.0	ordmances	<<ordmances>> ow ng ordinances shall take effect immediately	ordinances|ordnances
production-1961-vol1-61chapters	110	44.0	vevtion	<<vevtion>> ordinance is presented to the board of	vection|vention
production-1961-vol1-61chapters	111	1.9	submussron	board of supervisors does not entirely repeal <<submussron>>	submission
production-1961-vol1-61chapters	111	25.10	astict	has no county counsel the county counsel <<astict>>	astint|astrict
production-1961-vol1-61chapters	113	26.12	davlt	file a copy of the notice accompanying <<davlt>>	dalt|davit
production-1961-vol1-61chapters	114	27.1	cereant	in <<cereant>> percent of the voters of the city	creant
production-1961-vol1-61chapters	114	35.0	bitfect	<<bitfect>> of in cities having a mayor or	infect
production-1961-vol1-61chapters	115	21.9	onfict	provisions of two or more ordinances adopted <<onfict>>	office
production-1961-vol1-61chapters	116	29.0	tovoters	<<tovoters>> ordinance against which the petition is filed	tooters|voters
production-1961-vol1-61chapters	121	10.9	confileting	provisions of two or more ordinances adopted <<confileting>>	conflicting
production-1961-vol1-61chapters	124	38.6	pbommee	ment of the candidate tor piesidentin <<pbommee>> for whom the members of	pommee
production-1961-vol1-61chapters	125	29.8	preemet	that he is a voter in the <<preemet>> im whieb he resides	preempt
production-1961-vol1-61chapters	125	29.10	whieb	is a voter in the preemet im <<whieb>> he resides	wheb|whie
production-1961-vol1-61chapters	126	30.0	trict	<<trict>> stute of california my election precinct is	strict|tract|triact|tric|trica|trice
production-1961-vol1-61chapters	127	42.8	nommation	nomination paper may be presented in sections <<nommation>>	commation
production-1961-vol1-61chapters	128	29.0	groupof	<<groupof>> shall be in substantially the following form	groupon
production-1961-vol1-61chapters	129	31.6	yioup	s the nomination paper fur a <<yioup>> of candidates shall be im	youp
production-1961-vol1-61chapters	130	7.5	yoeter	i the undersigned am a <<yoeter>> of the city or town of	yeter
production-1961-vol1-61chapters	130	11.1	nvunes	number <<nvunes>> city county	nunes
production-1961-vol1-61chapters	130	16.0	deptinal	<<deptinal>> primary to be held on the day	dentinal
production-1961-vol1-61chapters	130	20.0	nwnber	<<nwnber>> preemer signature residence date	nunber
production-1961-vol1-61chapters	130	20.1	preemer	nwnber <<preemer>> signature residence date	preener
production-1961-vol1-61chapters	131	34.10	qhaning	the group of candidates for whom they <<qhaning>>	chaning|haning
production-1961-vol1-61chapters	132	7.0	erfcation	<<erfcation>> ated it to the committee or to	education
production-1961-vol1-61chapters	132	19.0	piecincts	<<piecincts>>	precincts
production-1961-vol1-61chapters	135	27.0	hommation	<<hommation>> papers have been fled in my office	commation|formation
production-1961-vol1-61chapters	135	28.5	prinnuy	voted for ot the presidential <<prinnuy>> to be held on the dav of	prinny
production-1961-vol1-61chapters	135	30.5	hetemafter	party under which his name <<hetemafter>> appears t further certify that	hereafter
production-1961-vol1-61chapters	137	11.0	naameb	<<naameb>> and addresses of candidates for delegate	naameh
production-1961-vol1-61chapters	139	0.5	governmg	the provisions of this chapter <<governmg>> the nomination	governm|governme
production-1961-vol1-61chapters	139	9.11	vandation	been elected to the office of freeholder <<vandation>>	mandation|pandation
production-1961-vol1-61chapters	139	50.0	eanev	<<eanev>> on the ballot for a veneral election	eanes|ganev|kanev|tanev|yanev
production-1961-vol1-61chapters	140	2.0	nameson	<<nameson>> supreme court district courts of appeal or	jameson
production-1961-vol1-61chapters	143	9.7	affibation	date who declined to declare a party <<affibation>> was	affidation|affination|affixation
production-1961-vol1-61chapters	145	32.3	ivicay	names or po <<ivicay>> parties qualified to participate	ivica
production-1961-vol1-61chapters	155	33.9	ronpartisa	party candidacy or party affiliations from his <<ronpartisa>>	nonpartisan
production-1961-vol1-61chapters	155	37.11	ccertan	to before an officer authorized to ad <<ccertan>>	certain
production-1961-vol1-61chapters	156	32.0	todidate	<<todidate>> have his name signed to any other	solidate|todidae
production-1961-vol1-61chapters	157	46.12	freservatio	office for a period of four years <<freservatio>>	preservation
production-1961-vol1-61chapters	160	7.0	fomor	<<fomor>> yt o the certified list of candidates	fodor|fomer|fomo|foor|romor|tomor
production-1961-vol1-61chapters	160	29.0	pistrices	<<pistrices>> ss	districts
production-1961-vol1-61chapters	164	28.0	pimay	<<pimay>> office pursuant to section of article ii	imay|pima|piman|pimas|pinay|pisay
production-1961-vol1-61chapters	166	2.0	entdates	<<entdates>> cidates nominated at a primary election shall	estates
production-1961-vol1-61chapters	167	31.9	cenera	nominated at any primary election may frum <<cenera>>	celera|centra|cetera|genera|penera|tenera
production-1961-vol1-61chapters	168	3.0	nonfiling	<<nonfiling>> when as a result of any primary	confining
production-1961-vol1-61chapters	169	0.11	olices	filled may in the case of congressional <<olices>>	alices|olives|polices|slices
production-1961-vol1-61chapters	171	5.8	mavmum	nomination paper or sections of a nomina <<mavmum>>	maximum
production-1961-vol1-61chapters	176	36.0	pomanation	<<pomanation>> more than five hundred dollars or by	nomination
production-1961-vol1-61chapters	177	2.13	promugate	in this state for the purpose of <<promugate>>	profugate|promulgate
production-1961-vol1-61chapters	182	11.0	thanmen	<<thanmen>> the state convention on the day the	tianmen
production-1961-vol1-61chapters	182	30.0	adential	<<adential>> of president and vice president of the	advential|agential|cadential
production-1961-vol1-61chapters	183	18.8	eiamen	proceedings at the convention shall be governed <<eiamen>>	examen|xiamen
production-1961-vol1-61chapters	184	7.3	vuless	proxies permanent chairman <<vuless>> fled im the office of the secretary	euless|uless
production-1961-vol1-61chapters	185	6.8	gxecuthe	state central committee may select from its <<gxecuthe>>	execute
production-1961-vol1-61chapters	186	5.0	istrets	<<istrets>> than assembly districts the county central committee	streets
production-1961-vol1-61chapters	186	44.1	ontelo	ex <<ontelo>> in each courty the nominee of the	onto|otelo
production-1961-vol1-61chapters	187	13.11	faured	central committee shall appear upon the bal <<faured>>	faired|fared|faure
production-1961-vol1-61chapters	188	6.0	meniers	<<meniers>> fuses to call a meeting a meeting	deniers|meiers|meiners|members|menders|mengers
production-1961-vol1-61chapters	188	38.0	yacancles	<<yacancles>> soe	vacancies
production-1961-vol1-61chapters	189	21.12	paintion	member who during his term of membership <<paintion>>	paintin|painting
production-1961-vol1-61chapters	190	4.0	waermirk	<<waermirk>> any paper watermarked in imitation of ballot	watermark
production-1961-vol1-61chapters	191	6.9	ustn	time the county clerk prepares sample ballots <<ustn>>	austn|gstn|pstn|stn|usan|usen
production-1961-vol1-61chapters	192	41.0	preemct	<<preemct>> within any county the county clerk shall	preempt
production-1961-vol1-61chapters	193	6.6	preemet	at the polling place in each <<preemet>> yn which the election is tu be	preempt
production-1961-vol1-61chapters	193	20.10	mressengers	messengers to insure the safe and ex <<mressengers>>	messengers
production-1961-vol1-61chapters	193	21.0	peditious	<<peditious>> delivery of the ballots to the precinct	seditious
production-1961-vol1-61chapters	194	0.2	orcler	pet the <<orcler>> in which the list of offices shall	oraler|orler
production-1961-vol1-61chapters	194	1.0	afheers	<<afheers>> on the ballot as to state offices	adheres
production-1961-vol1-61chapters	194	4.0	tieable	<<tieable>> the same for all counties the order	timable|timeable
production-1961-vol1-61chapters	194	11.0	eumbent	<<eumbent>> is running the name of each of	cumbent
production-1961-vol1-61chapters	194	15.0	eeeding	<<eeeding>> assembly district in which the candidates are	deeding|feeding|geeding|heeding|needing|reeding
production-1961-vol1-61chapters	194	19.0	taghout	<<taghout>> if the office s an office the	tagout
production-1961-vol1-61chapters	195	11.0	blyman	<<blyman>> the order in which the names so	bayman|bryman|byman|clyman|flyman|lyman
production-1961-vol1-61chapters	196	7.0	bullot	<<bullot>> size a ballot shall not exceed inches	ballot|bellot|billot|bullet|bullit|bullom
production-1961-vol1-61chapters	197	34.12	mumbent	a candidate for the same office which <<mumbent>>	cumbent
production-1961-vol1-61chapters	200	1.8	jeaying	following fold ballot to this perforated line <<jeaying>> top margin	jiaying
production-1961-vol1-61chapters	200	9.8	puimt	printed in blackface capital type at least <<puimt>> in size enclosed in	puist
production-1961-vol1-61chapters	203	4.1	adneed	ee <<adneed>>	adnexed
production-1961-vol1-61chapters	203	6.6	malzed	i absentee ba lcts mat be <<malzed>> wim pen and int or fencl	malfed|malted|mazed
production-1961-vol1-61chapters	203	9.9	ofirw	ior wcendidets of your selection for the <<ofirw>> of aavecinte estlen of the supreme court	ofir
production-1961-vol1-61chapters	203	9.12	estlen	your selection for the ofirw of aavecinte <<estlen>> of the supreme court the five of	esalen|esten
production-1961-vol1-61chapters	203	10.10	sontin	i iicn ovens enter et pre cog <<sontin>> dvir cown of april braves appaileny dit	contain|contin|montin|pontin|sonin
production-1961-vol1-61chapters	203	10.27	sunron	orem too the fire ef uses ose <<sunron>> bum fer court of speck	sunrun|union
production-1961-vol1-61chapters	203	11.12	vetley	sloy fue samp o cas i nite <<vetley>> nyeore cher the word yes io ihn	betley|ketley|netley|petley|tetley|valley
production-1961-vol1-61chapters	203	11.13	nyeore	fue samp o cas i nite vetley <<nyeore>> cher the word yes io ihn might	yore
production-1961-vol1-61chapters	203	11.26	vandidare	ihn might of the nowe of tee <<vandidare>> yo vore epeios thes taoa	candidate
production-1961-vol1-61chapters	203	11.31	taoa	of tee vandidare yo vore epeios thes <<taoa>>	aoa|maoa|taa|taba|taca|tada
production-1961-vol1-61chapters	203	12.1	sernp	sere <<sernp>> n the vetioy severe ofr the werd	serap|sern|serna|serno|serp|snrnp
production-1961-vol1-61chapters	203	12.21	siker	wt rs candidate to roby ber eng <<siker>> vondldane your nnxiion hamp aerertig nib seting	biker|diker|hiker|iker|kiker|liker
production-1961-vol1-61chapters	203	12.29	imeare	vondldane your nnxiion hamp aerertig nib seting <<imeare>> eal the	meare
production-1961-vol1-61chapters	203	13.13	ofiv	fwe or murs conciéctes fer ths some <<ofiv>> ore te be elected stamp ocsos miler	ffiv|fiv|ofi|ofir|ofis|ofit
production-1961-vol1-61chapters	203	13.19	ocsos	some ofiv ore te be elected stamp <<ocsos>> miler the names el oll the ound	costs|csos|osos|pcsos
production-1961-vol1-61chapters	203	14.22	rqvere	electors cf a porty semper rib mthe <<rqvere>> sppesns tke mores of the dresizanslal era	revere|rovere
production-1961-vol1-61chapters	203	15.5	eacare	fez siew iy stamped tthe <<eacare>> errata te nome of party und iy	care|jacare
production-1961-vol1-61chapters	203	16.1	slestors	vites <<slestors>> whe hare pledged themselves be vote for	electors
production-1961-vol1-61chapters	203	16.25	etslen	w pasty aot quelled perticizote m thr <<etslen>> wre m she nomen wd perty ll	stolen
production-1961-vol1-61chapters	203	17.7	tpoca	end view presidential condhdatos in foe blank <<tpoca>> provided for thot purpose to vole ter	epoca|loca|poca|toca|troca
production-1961-vol1-61chapters	203	17.30	upous	unter she wl olan bm thy lenk <<upous>> lah for tho purpose vo vere	lupous|pous|ulous|upon
production-1961-vol1-61chapters	203	18.5	vetany	fe sryymectars rome wrens the <<vetany>> savora cer the word you or aes	tetany
production-1961-vol1-61chapters	203	18.6	savora	fe sryymectars rome wrens the vetany <<savora>> cer the word you or aes word	sabora|samora|savara|savoca|savoia|savola
production-1961-vol1-61chapters	203	19.15	laspec	joe this ballet senate it te the <<laspec>> or wh rlbrsson and ote m uncik	aspec
