production-1910-11	984	25.1	dorringtou	to <<dorringtou>> in said county thence easterly following what	dorrington
production-1910-11	984	31.1	iiope	in <<iiope>> valley connecting with the lake tahoe wagon	ibope|ihope
production-1910-11	986	1.0	citapter	<<citapter>>	chapter
production-1910-11	986	34.0	storron	<<storron>> section of the political code is hereby	sorrow|storrow
production-1910-11	987	35.0	pepses	<<pepses>> while in the field such compensation and	pepes|pepsis|perses|sepses
production-1910-11	988	6.4	acinal	constable shall receive his <<acinal>> and necessary expenses incurred	acinar|aclinal|actinal
production-1910-11	989	41.0	jurtlers	<<jurtlers>> of justices of the peace shall receive	furthers
production-1910-11	991	17.5	acinal	visor shall also receive his <<acinal>> and necessary traveling expenses	acinar|aclinal|actinal
production-1910-11	993	0.5	travelmg	twenty cents per mile for <<travelmg>> irom residence to county	travelog
production-1910-11	993	10.0	cilapter	<<cilapter>>	chapter
production-1910-11	994	19.0	ctlapter	<<ctlapter>>	chapter
production-1910-11	994	33.1	cleeted	when <<cleeted>> shall be disinissed only for insubordination or	cleated|cleeked|clefted|fleeted|sleeted
production-1910-11	995	1.0	itendent	<<itendent>> ours of education shall he elected for	intendent|tendent
production-1910-11	995	5.1	ewtes	cent <<ewtes>> are eligible to teach the special branches	estes|etes|ettes|ewes
production-1910-11	995	28.0	formaking	<<formaking>> within the state of california or any	formating|forsaking
production-1910-11	996	37.10	lftt	shall receive no commission for the collec <<lftt>>	ftt|latt|lbtt|lett|lft|lftr
production-1910-11	996	46.11	rensurer	shall receive and retain for his own <<rensurer>>	censurer|ensurer|reinsurer
production-1910-11	996	49.12	stsuey	employ a special attorney for the col <<stsuey>>	study|stuey
production-1910-11	997	1.8	wuinber	provided that in any county where the <<wuinber>> of	winber
production-1910-11	997	23.0	prieovers	<<prieovers>> orisons and lor conveying persons tv and	prisoners
production-1910-11	997	24.0	patitu	<<patitu>> asylums or other state institutions not otherwise	patito|pattu
production-1910-11	998	14.0	gfty	<<gfty>> tive hundred dollars for the purpose of	fty|gft|gfy|gifty|goty|gty
production-1910-11	998	14.10	chwo	dollars for the purpose of repairing altering <<chwo>>	chao|cheo|chgo|chio|chlo|cho
production-1910-11	998	31.9	salanes	of the twentieth class the county and <<salanes>> v	galanes|salines|sealanes|silanes|slanes
production-1910-11	999	49.0	leetor	<<leetor>> allowed him by law provided that in	lector|leeton|lektor|lentor|lestor
production-1910-11	1000	12.5	effiee	have for use in his <<effiee>> and under his supervision aud con	effie
production-1910-11	1000	26.8	dieruet	district attorney two thousand four hundred dollars <<dieruet>>	disrupt
production-1910-11	1000	30.10	wuinic	such fees as are now or may <<wuinic>>	clinic|quinic
production-1910-11	1000	31.5	irator	be hereafter allowed by law <<irator>>	erator|inator|orator
production-1910-11	1001	28.0	ronru	<<ronru>> ol mach member of the board of	rond
production-1910-11	1001	49.0	sioper	<<sioper>> his actual traveling expenses ihe total mileage	simper|siper|sipper|sloper|sooper|soper
production-1910-11	1002	34.0	cilapter	<<cilapter>>	chapter
production-1910-11	1004	11.10	gambing	has in his possession or under his <<gambing>>	gabbing|gambang|gambin|gambini|gambino|gambling
production-1910-11	1004	14.10	bibtted	inclosure or building owned leased ur occu <<bibtted>>	bitted
production-1910-11	1005	2.1	brakcmen	firemen <<brakcmen>> train dispatchers and telegraph opere	brakemen
production-1910-11	1005	13.0	dnetor	<<dnetor>> engineer fireman brakeman train dispatelier or tele	detor
production-1910-11	1006	5.9	farep	that the provisions of this act shal <<farep>>	fare|fared|farel|faren|farer|fares
production-1910-11	1006	36.12	mntoree	duty of the state board of health <<mntoree>>	entree
production-1910-11	1007	9.0	halasie	<<halasie>> of jn counties of the twenty first	kalasie
production-1910-11	1007	38.0	treemer	<<treemer>> the treasurer eighteen hundred dollars per annum	teemer
production-1910-11	1007	39.7	inindred	pa or the tax collector twenty four <<inindred>> dollars per an	kindred
production-1910-11	1008	17.11	curmur	as are now or may be hereafter <<curmur>>	murmur
production-1910-11	1008	19.10	avistate	such fees as are now or may <<avistate>>	aristate
production-1910-11	1009	25.5	elusses	jn the first and second <<elusses>> shall be allowed their actual office	plusses
production-1910-11	1010	17.0	jirat	<<jirat>> abluined and providing a penalty for the	firat|jira|jurat|oirat|pirat|sirat
production-1910-11	1010	24.0	sretion	<<sretion>> tt shall be unlawful for any person	cretion
production-1910-11	1011	11.0	nulsunce	<<nulsunce>> sec any such sign picture transparency advertise	nuisance
production-1910-11	1011	32.0	iesultet	<<iesultet>> holding funds of any bank at the	resulted
production-1910-11	1011	41.0	pitiim	<<pitiim>> o the final account of the receiver	pitirim
production-1910-11	1012	21.9	mivst	board of examiners must invest such moneys <<mivst>>	midst|mist
production-1910-11	1012	28.8	unsani	unhealthy animals or that are produced under <<unsani>>	unani|unsane
production-1910-11	1013	26.7	insvets	maintained properly screened to exclude flies and <<insvets>> for	insets
production-1910-11	1014	5.10	vinun	or apy factory of dairy products or <<vinun>>	ainun|minun|vinn|vinum
production-1910-11	1014	20.11	auwing	is so constructed as tu permit the <<auwing>> or	arwing|aswing|awing
production-1910-11	1014	48.7	contaming	qiiutity be based upon the liquid gallon <<contaming>> two bun	containg
production-1910-11	1015	6.0	pusteur	<<pusteur>> src no person or persons firm or	pasteur
production-1910-11	1015	7.0	veuer	<<veuer>> selves or their agents or employees shall	euer|feuer|heuer|leuer|neuer|veber
production-1910-11	1015	21.6	enuse	besoliby soll offer for sale or <<enuse>> or permit to he sold or offered	ense|ensue|enure|enus|exuse|neuse
production-1910-11	1016	16.8	toilk	compound other than that produced from pure <<toilk>> or	thilk|tilk|toil|toile|toils|tolk
production-1910-11	1016	23.3	ercam	pure milk or <<ercam>> from the same made in the semblance	arcam|ecam|eram|ercan|ircam
production-1910-11	1016	51.9	ceolora	consumer of its real character free from <<ceolora>>	color|colora
production-1910-11	1017	8.1	mauuer	durable <<mauuer>> in the english language the words oleo	mauer|mauger|mauler|maurer|mauser
production-1910-11	1018	22.0	exttle	<<exttle>> or any combination of such words and	ettle
production-1910-11	1018	38.10	moiutain	can be maintained on account of any <<moiutain>>	maintain|moutain
production-1910-11	1018	48.9	irusing	person shall efface erase cancel or remove <<irusing>>	crusing
production-1910-11	1019	0.0	chartabe	<<chartabe>> dvjkk or cream salt and harmless coloring	charitable
production-1910-11	1019	49.0	tatuer	<<tatuer>> furnishing renovated butter oleomargarine or any substance	tater|tatler|tatter|tauer|tauter
production-1910-11	1021	8.3	ercam	pure milk or <<ercam>> or any imitation cheese or imitation dairy	arcam|ecam|eram|ercan|ircam
production-1910-11	1021	47.0	plovec	<<plovec>> of any creamery eomdensary cheese factory av	plover
production-1910-11	1022	0.10	puiry	as to their accuracy or their adaptability <<puiry>>	guiry|purry|pury
production-1910-11	1022	1.9	purean	accurate results all glassware measures scales weights <<purean>>	perean|puran
production-1910-11	1022	8.9	pipetic	thao two tubes or bottles and one <<pipetic>> of the fo furuis	pietic|piperic
production-1910-11	1022	8.13	furuis	bottles and one pipetic of the fo <<furuis>>	furius
production-1910-11	1023	11.0	condemurd	<<condemurd>> other factory of dairy products or by	condemned
production-1910-11	1023	26.0	tubesto	<<tubesto>> label printed matter or advertising or descriptive	tubes
production-1910-11	1023	27.0	tvuton	<<tvuton>> appearing upon or in connection with any	teuton
production-1910-11	1023	38.2	ercam	tvntorm evaporated <<ercam>> cream butter cheese butter	arcam|ecam|eram|ercan|ircam
production-1910-11	1023	48.0	ndalia	<<ndalia>> of this act if it or they	adalia|dalia|idalia|nalia
production-1910-11	1024	25.4	ercam	evaporated cream or clotted <<ercam>> is cream from	arcam|ecam|eram|ercan|ircam
production-1910-11	1024	28.1	meissel	reichert <<meissel>> number not jess than twenty four and	beissel|meisel|meissen|messel|missel
production-1910-11	1024	32.0	ercam	<<ercam>> into a mass which also contains a	arcam|ecam|eram|ercan|ircam
production-1910-11	1025	18.0	tnlaw	<<tnlaw>> ful szc jt shall be unlawful for	inlaw|unlaw
production-1910-11	1025	31.3	ereain	tee to nt <<ereain>> butter ice cream buttermilk or ice milk	eremin
production-1910-11	1025	50.11	ercam	have on hand for sale any milk <<ercam>> or condensed	arcam|ecam|eram|ercan|ircam
production-1910-11	1026	7.11	uiuw	unlawful for any person firm or cor <<uiuw>> ul	uiu|uiuc|uiw
production-1910-11	1026	8.9	ninntaen	any frozen goods which do not con <<ninntaen>>	nineteen
production-1910-11	1026	23.2	receptavle	every tub <<receptavle>> ov packer in which there shall be	receptacle
production-1910-11	1026	32.11	marklug	goods are ive cream every wagon vehicle <<marklug>>	marking
production-1910-11	1027	14.0	tumieh	<<tumieh>> be procured from the state dairy bureau	tume
production-1910-11	1027	39.1	itomin	i <<itomin>> cheese manufactured in the state of california	istomin|itoman|tomin
production-1910-11	1027	48.0	woration	<<woration>> employed by any individual corporation company society	moration|noration|oration
production-1910-11	1028	40.9	venuity	shall violate any of the provisions of <<venuity>>	genuity|tenuity
production-1910-11	1028	41.10	fitine	inclusive of this act shall be deemed <<fitine>>	fitin
production-1910-11	1028	42.9	srlons	a misdemeanor and shall upon conviction thereof <<srlons>>	orlons|salons|solons
production-1910-11	1029	15.4	nindred	nor more thap one <<nindred>> days or by both such fine and	kindred
production-1910-11	1029	22.0	palry	<<palry>> sec it shall be the duty of	dalry|palay|paley|pally|palmy|palsy
production-1910-11	1029	33.0	intitry	<<intitry>> tive to the dairy industry and to	entity
production-1910-11	1029	43.0	buew	<<buew>> dred dollars a year and such inspectors	bew|blew|brew|bue|buea|buel
production-1910-11	1030	0.9	iepec	shall inspect the dairies dalry cattle cream <<iepec>>	epec|ieper|ipec|repec
production-1910-11	1030	45.10	bepented	an act entitled an act to prevent <<bepented>>	repented
production-1910-11	1031	11.0	tazgeo	<<tazgeo>> ecive and collect a benefit or percentage	target
production-1910-11	1031	34.0	yeaing	<<yeaing>> apy personal property broker which comes within	yeading|yealing|yeaning|yering
production-1910-11	1032	36.0	acensed	<<acensed>> resides out of the state or has	censed
production-1910-11	1033	13.0	ascevlaining	<<ascevlaining>> ure result at such elections and providing	ascertaining
production-1910-11	1033	28.0	punishinent	<<punishinent>> ofall violations of the provisions of this	punishment
production-1910-11	1035	40.5	hiuving	elections is not the board <<hiuving>> control of appropriations of	hiving
production-1910-11	1036	7.10	nisned	preceding the election eanse to be delivered <<nisned>> uot	nished
production-1910-11	1037	14.0	traur	<<traur>> of voters and such clerk or registrar	taur|traer|trau|traub|traum|traun
production-1910-11	1038	18.10	aatice	election shall before opening the polls open <<aatice>> to	altice|antice|artice|hatice|matice
production-1910-11	1038	42.0	preeinet	<<preeinet>> before the opening of the polls and	precinct
production-1910-11	1039	5.1	monber	namo <<monber>> i letter of pull ntinee teeelveds	manber|mobber|moner|monger|monier|monner
production-1910-11	1039	5.6	ntinee	namo monber i letter of pull <<ntinee>> teeelveds	nine
production-1910-11	1039	14.8	ngpector	ce renee eee ene oe nee j <<ngpector>>	inspector
production-1910-11	1039	20.0	inetrurting	<<inetrurting>> section after the opening of the polls	instructing
production-1910-11	1039	25.1	ulustrate	and <<ulustrate>> same upon the model of the machine	lustrate
production-1910-11	1042	10.0	tendeut	<<tendeut>> so appointed pursuant to tls act shall	tendent
production-1910-11	1043	17.0	beturo	<<beturo>> used voting or ballot machines under the	return
production-1910-11	1043	48.0	seritatives	<<seritatives>> shall immediately upon making such appointment	derivatives
production-1910-11	1044	37.10	gularies	the first class the county and town <<gularies>> ut	gularis|salaries
production-1910-11	1045	23.9	anonth	of one hundred and ten dollars per <<anonth>> oue deputy	amonth|ananth|anorth|anoth
production-1910-11	1046	5.8	snerut	sheriff four thousand dollars per annum provided <<snerut>>	serut
production-1910-11	1046	19.4	eminty	one cook at the <<eminty>> jail at a salary of seventy dollars	minty
production-1910-11	1046	31.9	stenug	under sheriff matron cook and all deputies <<stenug>>	steng|stenog
production-1910-11	1049	9.1	wnenth	in <<wnenth>> y installments ut the same time in	wenth
production-1910-11	1050	4.9	svho	twenty dollars cach per month two deputies <<svho>>	saho|scho|sho|soho|suho|svhs
production-1910-11	1051	37.0	trater	<<trater>> ann provided that in counties of this	crater|frater|grater|krater|prater|rater
production-1910-11	1052	50.0	coumy	<<coumy>> at the same time in the same	commy|conmy|coomy|coucy|couey|coum
production-1910-11	1055	51.0	califorvin	<<califorvin>> nre parties during the preceding month and	california
production-1910-11	1056	29.13	drsits	married woman or minor the same shal <<drsits>>	droits
production-1910-11	1056	30.11	svmeu	exclnsive right and benefit of such depositor <<svmeu>>	same
production-1910-11	1057	28.0	dveedent	<<dveedent>> felt on deposit in any and all	decedent
production-1910-11	1058	2.4	woless	by purchase or otherwise <<woless>> permission to hold said real ut	doless
production-1910-11	1058	14.0	inulion	<<inulion>> and united states mint certificates nf ascertained	inulin
production-1910-11	1058	17.0	dleuces	<<dleuces>> of indebtedness public or private except as	deuces|duces
production-1910-11	1058	33.7	cirenm	bonds of irrigation districts providing under what <<cirenm>>	cream
production-1910-11	1061	13.10	inust	the board of directors of a bank <<inust>> hold a	ijust|imust|indust|injust|inst|inuit
production-1910-11	1062	12.9	miede	firm company copartnership or officer of any <<miede>>	mede|midde|mide|miedo|miege|mieke
production-1910-11	1062	38.1	inoney	ful <<inoney>> reserve of any hank shall be less	inone
production-1910-11	1063	11.1	ofties	in <<ofties>> a in any city or town in	oftimes|outies|softies
production-1910-11	1063	29.0	inville	<<inville>> of in any city in which the	anville|linville
production-1910-11	1064	12.12	hortuny	as the partner or agent of others <<hortuny>>	fortuny
production-1910-11	1064	27.11	elfanort	bank shall directly or indirectly for his <<elfanort>>	eleanor
production-1910-11	1064	43.9	reent	knowingly overdraws his account with such bank <<reent>>	erent|recent|reen|reena|reene|reeny
production-1910-11	1064	46.1	aasky	second <<aasky>> or receives or consents or agrees to	ansky|hasky|lasky
production-1910-11	1065	21.0	assayinge	<<assayinge>> savings bank either directly or indirectly or	assaying
production-1910-11	1065	38.4	cyual	patient of such check <<cyual>> to the amount specified in such	cual
production-1910-11	1065	49.0	plovk	<<plovk>> ut have paid up in cash a	plock|plonk|plook|plouk|plov
production-1910-11	1067	4.0	comuer	<<comuer>> wy person company corporation ov firm to	comber|comer|commer|comper|couer
production-1910-11	1067	5.0	clatbank	<<clatbank>> ing one tenth part of the capital	claybank
production-1910-11	1069	8.5	withent	funds of any bank organized <<withent>> a capital stock bear to the	withen
production-1910-11	1069	25.0	hanksto	<<hanksto>> have reason to believe that the capital	hanks
production-1910-11	1069	35.0	parvame	<<parvame>> section the capital stock of any bank	parame
production-1910-11	1069	44.0	wemlses	<<wemlses>> the approval of the superintendent of banks	wemless
production-1910-11	1069	50.0	etbanks	<<etbanks>> of the superintendent of banks the superintendent	ebanks|embanks|eubanks
production-1910-11	1071	0.0	tlowar	<<tlowar>> experience either as an executive officer or	towar
production-1910-11	1071	1.0	vhlet	<<vhlet>> bank in this state in case of	valet|volet
production-1910-11	1071	16.0	exaniination	<<exaniination>>	examination
production-1910-11	1071	31.0	firevls	<<firevls>> opened or dedicated to public use shall	fires
production-1910-11	1072	17.9	oourre	concurrent jurisdiction of all proceedings under this <<oourre>>	fourre|tourre
production-1910-11	1072	23.12	saaver	section two of this act the said <<saaver>>	salver|sarver|sauver|saver|seaver|shaver
production-1910-11	1073	40.0	churgeuble	<<churgeuble>> benefit or whenever according to estimate to	chargeable
production-1910-11	1076	22.7	bowlot	instance all contractors contracting owners included shall <<bowlot>>	ballot
production-1910-11	1076	23.8	sircet	the time of executing any contract for <<sircet>> work execute	siret
production-1910-11	1077	35.2	matcrialmen	bond any <<matcrialmen>> person company or corporation fur	materialmen
production-1910-11	1079	21.0	workdow	<<workdow>> sub where any work mentioned in this	workday
production-1910-11	1079	30.0	arteriay	<<arteriay>> sub section one of chapter three hundred	arteria|arterial
production-1910-11	1079	42.0	iesulution	<<iesulution>> work already done upon the street to	resolution
production-1910-11	1079	46.0	fugineer	<<fugineer>> sub whenever the resolution of intention declares	engineer
production-1910-11	1082	26.11	tueten	agents can not conveniently be found or <<tueten>>	tuten
production-1910-11	1083	25.0	notheog	<<notheog>> council or board notice of the time	nothing
production-1910-11	1084	40.10	vremie	in which said suit shall be commenced <<vremie>>	premie|tremie|vreme
production-1910-11	1084	45.10	deerce	with the same power to adjndge and <<deerce>> a	deere
production-1910-11	1085	0.0	ettobe	<<ettobe>> governed and regulated by the provisions of	ettore|tobe
production-1910-11	1085	1.0	hberally	<<hberally>> when not in conflict herewith by the	liberally
production-1910-11	1087	21.0	proofof	<<proofof>> public places in such municipality proof of	proof
production-1910-11	1087	36.0	superiu	<<superiu>> sec the words superintendent of streets street	superia|superius|supersu
production-1910-11	1088	35.11	orerk	as used in this act is hereby <<orerk>>	oreck
production-1910-11	1090	33.12	proyistor	to apply to telephone telegraph or other <<proyistor>>	promisor
production-1910-11	1090	43.4	acrinl	pole nor to any <<acrinl>> cable as between such cable and any	acrinyl
production-1910-11	1092	26.7	crossarms	further provided that in such construction all <<crossarms>> shall	crossarm
production-1910-11	1092	28.10	crosarm	or maintain any wire or cable which <<crosarm>>	crossarm
production-1910-11	1092	39.9	crossarms	shall not be held to apply to <<crossarms>> to which	crossarm
production-1910-11	1093	23.0	bevea	<<bevea>> or other appliance on said pole which	berea|bevel|beven|bever|evea|hevea
production-1910-11	1095	44.0	streelvar	<<streelvar>> ally opening which is at the surface	streetcar
production-1910-11	1096	12.9	subwuys	maintain any subway manhole chamber or under <<subwuys>>	subways
production-1910-11	1096	25.9	violutiun	misdemeanor and shall be punishable upon convict <<violutiun>>	violation
production-1910-11	1097	43.0	mwyeo	<<mwyeo>> thousand five hundred dollars shall be avail	mateo
production-1910-11	1099	11.0	iienital	<<iienital>> to be used for the building equipping	genital
production-1910-11	1099	30.0	linnbing	<<linnbing>> thereof as may be necessary is hereby	linning
production-1910-11	1099	31.0	neteraus	<<neteraus>> moneys in the state treasury not otherwise	veterans
production-1910-11	1100	10.11	gtyunds	in the state treasury not otherwise appropriated <<gtyunds>>	grounds
production-1910-11	1100	26.11	tonirs	necessary is hereby appropriated out of any <<tonirs>>	toners|tonics|tonis
production-1910-11	1102	22.0	cilapter	<<cilapter>>	chapter
production-1910-11	1102	32.10	taburn	appropriated under this act shal be paid <<taburn>>	raburn|taborn|tabun|tyburn
production-1910-11	1103	10.0	luborn	<<luborn>> seo the state controller is hereby authorized	labor|suborn
production-1910-11	1103	25.0	pegos	<<pegos>> hereby directed to cause to be prosecuted	egos|legos|pagos|pecos|pedos|pegas
production-1910-11	1105	0.1	civem	may <<civem>> necessary and tor the paying of the	cive|civer|cives|civet
production-1910-11	1105	21.0	ctiapter	<<ctiapter>>	chapter
production-1910-11	1105	33.0	iyatse	<<iyatse>> those portions of the state not benefited	iatse
production-1910-11	1105	43.0	intuma	<<intuma>> called to their attention they shall also	inhuman|intima
production-1910-11	1106	36.9	appropris	sum of seven thousand dollars or s <<appropris>>	appropri
production-1910-11	1106	38.11	fpnem	in the state treasury not otherwise appropriated <<fpnem>>	finem
production-1910-11	1107	5.0	cilapter	<<cilapter>>	chapter
production-1910-11	1108	24.0	ctlapter	<<ctlapter>>	chapter
production-1910-11	1108	36.9	insutution	follows for the purpose of further developing <<insutution>>	institution
production-1910-11	1110	20.12	lnst	be of the character of such work <<lnst>>	cnst|inst|last|lest|list|lns
production-1910-11	1110	27.7	vnurr	sec the survey estimate plans and specifications <<vnurr>>	inure
production-1910-11	1110	28.11	iretion	be made under the direction of the <<iretion>>	cretion|iration|ireton
production-1910-11	1111	2.0	texpendi	<<texpendi>> stec whenever the parties benefited by the	expend
production-1910-11	1111	5.0	purtie	<<purtie>> pose of undertaking the said survey and	partie|parties|purdie
production-1910-11	1111	14.0	cilapter	<<cilapter>>	chapter
production-1910-11	1111	28.0	ctiapter	<<ctiapter>>	chapter
production-1910-11	1112	3.7	uernital	april consisting of two buildings for administra <<uernital>>	genital
production-1910-11	1112	21.0	citapter	<<citapter>>	chapter
production-1910-11	1113	21.0	citapter	<<citapter>>	chapter
production-1910-11	1115	21.3	mukiny	their equipment and <<mukiny>> an appropriation therefor	mutiny
production-1910-11	1115	25.0	arrienl	<<arrienl>> section the directors of the state agricultural	arrival
production-1910-11	1115	27.1	itairy	vet <<itairy>> arrangements cither by day s work or	dairy|stairy
production-1910-11	1116	9.9	approprue	is hereby appropriated out of any moneys <<approprue>>	appropre
production-1910-11	1116	12.9	tarbina	drives paths laying gas water and sewer <<tarbina>>	marina|tarina
production-1910-11	1117	20.3	raiscr	such resident hog <<raiscr>>	raisch|raiser
production-1910-11	1117	30.0	gsneer	<<gsneer>> shall have first furnished sufficient evidence that	sneer
production-1910-11	1118	20.11	pinnus	moneys in the state treasury not other <<pinnus>>	pannus|pignus|pincus|pindus|pinkus|pinnas
production-1910-11	1118	37.11	pmaus	be used by said board for neces <<pmaus>>	maus|paus|pmus
production-1910-11	1120	25.10	simeto	of california shall pay one half of <<simeto>>	timeto
production-1910-11	1120	31.12	switvun	the state treasury for the use thereof <<switvun>>	swithun
production-1910-11	1120	38.10	stoutmy	of fire commissioners of the city and <<stoutmy>>	stoutly|stouty
production-1910-11	1121	10.0	cilapter	<<cilapter>>	chapter
production-1910-11	1123	17.0	teehnie	<<teehnie>> for the purpose of making repairs and	technic|teenie
production-1910-11	1123	18.1	nildings	school <<nildings>> structures and equipment of the california poly	wildings
production-1910-11	1124	15.10	countim	other matter as said controller may deem <<countim>>	countin|countis
production-1910-11	1124	20.11	fumbh	to the controller in the time form <<fumbh>>	kumbh
production-1910-11	1124	29.11	thmeh	there is reason to believe that any <<thmeh>>	theh|thme
production-1910-11	1124	30.11	duyest	incorrect the controller shall appoint some to <<duyest>>	dryest
production-1910-11	1125	12.0	kucra	<<kucra>> otherwise appropriated to be expended by the	kcra|kubra|kucera|kucha|kucka|kufra
production-1910-11	1126	0.0	citapter	<<citapter>>	chapter
production-1910-11	1128	19.0	cilapter	<<cilapter>>	chapter
production-1910-11	1129	1.0	cilapter	<<cilapter>>	chapter
production-1910-11	1130	40.12	fehing	much thereof as may he necessary is <<fehing>>	behing|feeing|fehling|feting
production-1910-11	1130	41.11	dcvs	any moneys in the state treasury a <<dcvs>>	cvs|davs|dcas|dcfs|dcgs|dchs
production-1910-11	1133	0.0	citapter	<<citapter>>	chapter
production-1910-11	1133	10.0	gincering	<<gincering>>	gingering
production-1910-11	1134	3.8	comtrw	immediately upon obtaining possession of said site <<comtrw>>	contra
production-1910-11	1134	38.0	srorion	<<srorion>> section of the political code of the	erosion
production-1910-11	1136	30.8	supenn	superintendent of schools two thousand dollars per <<supenn>>	upenn
production-1910-11	1137	46.4	snech	one thousand square miles <<snech>> salary shall not be less	nech|sech|seech|sneck|sneech|sneh
production-1910-11	1138	7.9	towunp	fixing the compensation of township officers shall <<towunp>>	town
production-1910-11	1138	12.8	ssuver	supervisor one thousand dollars per annum and <<ssuver>>	sauver
production-1910-11	1140	9.9	uanfal	shall hereafter be unlawful for any organiza <<uanfal>>	anfal
production-1910-11	1140	16.10	rieute	such organizations societies or persons and w <<rieute>>	route
production-1910-11	1141	0.0	citapter	<<citapter>>	chapter
production-1910-11	1141	28.0	toange	<<toange>> and maintain said reformatory when ready for	tange|tonge|tounge
production-1910-11	1142	49.10	vmre	prisoner appearing to be incorrigible may be <<vmre>>	amre|emre|imre|mre|vare|vere
production-1910-11	1143	4.1	mrred	indy <<mrred>> the state prisons to said reformatory any	erred|mared|marred|mered|mired
production-1910-11	1143	14.1	uppll	luvs <<uppll>> jn relation to expenses of transportation of	uppal|uppull
production-1910-11	1143	16.0	rjots	<<rjots>> revolts mutinies or insurrections and the punishment	jots|riots|roots|rots
production-1910-11	1143	31.0	productv	<<productv>> sible be supplied for state county municipal	product|producta|producti|producto|products
production-1910-11	1143	40.0	pamaners	<<pamaners>> parole officer for all prisoners on parole	partners
production-1910-11	1143	44.0	larnings	<<larnings>> sec the board of prison directors may	darnings|earnings|learnings|warnings
production-1910-11	1145	2.0	itwerk	<<itwerk>> struction of said building they shall be	iter|twerk
production-1910-11	1146	18.0	cilapter	<<cilapter>>	chapter
production-1910-11	1146	27.9	mtue	association is hereby authorized and empowered real <<mtue>>	maue|moue|mtbe|mte|mthe|mtoe
production-1910-11	1147	21.0	ollows	<<ollows>>	allows|follows|hollows|ollow
production-1910-11	1147	25.1	heense	pay <<heense>> license taxes and penalties prescribed by section	heene|heese|hense
production-1910-11	1150	42.8	conves	in consideration of the county of sacramento <<conves>>	conces|condes|cones|conies|connes|contes
production-1910-11	1150	45.11	snera	following described real property to wit at <<snera>>	nera|onera|seera|sera|sfera|shera
production-1910-11	1150	46.10	uiincy	situated in the county of sacramento state <<uiincy>> te	quincy
production-1910-11	1152	7.10	cenietery	an act entitled an act to author <<cenietery>>	cemetery|cenetery
production-1910-11	1152	31.11	syagen	lines of such city or city and <<syagen>> s	sagen|skagen
production-1910-11	1152	37.0	cometeries	<<cometeries>>	cemeteries
production-1910-11	1153	4.0	ranains	<<ranains>> set forth be provided that no human	rankins
production-1910-11	1153	10.0	bemaine	<<bemaine>> seo if no person has filed the	betaine|demaine|jemaine|semaine
production-1910-11	1156	27.0	tofore	<<tofore>> sold for delinquent taxes to purchasers other	before
production-1910-11	1158	4.8	broprut	is hereby appropriated without reference to fiscal <<broprut>>	dropout
production-1910-11	1158	28.11	repeuled	an act to provide for the per <<repeuled>>	repealed|repelled
production-1910-11	1159	30.0	preserip	<<preserip>> description shall be permanently retained on file	preserve
production-1910-11	1159	43.10	jenst	jaw and shall he preserved for at <<jenst>> three years	jens|jent|jest
production-1910-11	1160	26.12	avif	of the same any cocaine opium mor <<avif>>	adif|afif|aif|akif|alif|arif
production-1910-11	1160	49.0	omnnee	<<omnnee>> svolrdupois onnee	nominee
production-1910-11	1160	49.1	svolrdupois	omnnee <<svolrdupois>> onnee	avoirdupois
production-1910-11	1160	49.2	onnee	omnnee svolrdupois <<onnee>>	annee|connee|onee|onne|onnen|onnes
production-1910-11	1161	4.0	milsde	<<milsde>> attachments thereto is hereby made a misdemeanor	milde|mile|milsie
production-1910-11	1161	10.0	hustroyed	<<hustroyed>> also all pipes used for smoking opium	destroyed
production-1910-11	1161	32.0	cilapter	<<cilapter>>	chapter
production-1910-11	1161	41.0	pobl	<<pobl>> duty to collect compile and publish annually	lobl|obl|pbl|pob|poble|pobol
production-1910-11	1163	14.0	pueition	<<pueition>> the state of california at the italian	punition
production-1910-11	1164	48.0	yenev	<<yenev>> by which the how of water in	penev|yanev
production-1910-11	1165	1.0	maepted	<<maepted>> works of said district caused by such	mated
production-1910-11	1165	19.0	tigu	<<tigu>> put three or more persons a majority	figu|igu|nigu|tegu|tgu|tibu
production-1910-11	1166	4.8	hilsh	substance whereby lite and limb are endangered <<hilsh>>	bilsh|hilch|hils|hilsa|hirsh|hish
production-1910-11	1167	12.0	qorpora	<<qorpora>> prior to the eighth day of march	corpora|porpora
production-1910-11	1167	19.0	cilapter	<<cilapter>>	chapter
production-1910-11	1167	25.0	muhing	<<muhing>> an appropriation therefor approved march	muling|mushing|musing|muting
production-1910-11	1167	43.0	fornted	<<fornted>> uicaniug of this act may by order	fonted|fronted
production-1910-11	1168	27.0	citapter	<<citapter>>	chapter
production-1910-11	1169	28.0	tlazz	<<tlazz>> each mile actually and necessarily traveled from	tazz
production-1910-11	1169	32.0	cilapter	<<cilapter>>	chapter
production-1910-11	1169	39.0	sularle	<<sularle>> ot section in counties of the fifty	tulare
production-1910-11	1169	42.0	clnee	<<clnee>> ries to wit	clee|clene
production-1910-11	1170	10.7	ohber	the auditor three hundred dollars per annum <<ohber>>	ober|oher|ohler|omber
production-1910-11	1170	42.12	jures	juror or a trial juror in crim <<jures>>	aures|bures|cures|dures|eures|jaures
production-1910-11	1171	0.0	citapter	<<citapter>>	chapter
production-1910-11	1173	0.0	annuin	<<annuin>> in the aggregate for all assistants so	alnuin|anduin|annin
production-1910-11	1173	22.0	eudent	<<eudent>> of	eident|pudent
production-1910-11	1175	12.0	ticth	<<ticth>> day of may fourth of july ninth	tich|tilth|titch|tith
production-1910-11	1176	0.0	citapter	<<citapter>>	chapter
production-1910-11	1176	13.9	gouuts	clerk two thousand two hundred dollars per <<gouuts>>	courts|gouts
production-1910-11	1179	43.0	peenaed	<<peenaed>>	peened|pended
production-1910-11	1180	13.11	terdento	senate and hold office at the pleasure <<terdento>>	tendent
production-1910-11	1182	30.9	entomolo	the insectary who shall be an expert <<entomolo>> prudent ot	entomol|entomology
production-1910-11	1183	2.0	hortenl	<<hortenl>> statistics and other information showing the actual	horten
production-1910-11	1183	17.0	statehor	<<statehor>> such commissioner shall be deemed to be	statehood
production-1910-11	1184	41.11	misetoners	of horticulture of such counties as are <<misetoners>>	missioners
production-1910-11	1185	3.0	mityer	<<mityer>> culture or any member thereof it shall	miter|mither|mitrer|mitter
production-1910-11	1185	26.0	tonotity	<<tonotity>> exercised the said commissioner shall at once	tonality
production-1910-11	1185	28.0	tinelines	<<tinelines>> suant to this chapter and if the	timelines
production-1910-11	1185	48.0	aumaal	<<aumaal>> it shall be the duty of the	amaal|aumail
production-1910-11	1187	25.0	ciiapter	<<ciiapter>>	chapter
production-1910-11	1189	0.0	caresin	<<caresin>> inviolate therefore a person can not be	ceresin
production-1910-11	1189	1.0	rbrh	<<rbrh>> wit in the following cases	brh|rbgh|rbh|rbr|rrh
production-1910-11	1194	29.10	acdmiui	such fees as are now or may <<acdmiui>>	cadmium
production-1910-11	1194	31.8	supcun	superintendent of schools twenty one hundred dol <<supcun>>	suisun
production-1910-11	1195	31.0	tuwnehips	<<tuwnehips>> shail be ascertained and determined by the	townships
production-1910-11	1198	36.11	coumy	counties of this class there shall be <<coumy>>	commy|conmy|coomy|coucy|couey|coum
production-1910-11	1201	40.0	kalener	<<kalener>> dred dollars to be paid at the	kalender
production-1910-11	1202	33.8	cwor	assessor five thousand five hundred dollars per <<cwor>>	chor|clor|coor|cor|ctor|cwo
production-1910-11	1203	30.7	oycr	justices of the place shall be turned <<oycr>> to the county treasurer	ocr|ofcr|oscr|oyer
production-1910-11	1205	6.0	wntet	<<wntet>> to the several road districts entitled thereto	intet|wnet|wnte
production-1910-11	1205	40.12	jexs	of any county that it will cost <<jexs>>	exs|jees|jegs|jems|jens|jeps
production-1910-11	1206	11.11	advertts	board of supervisors the board upon receipt <<advertts>>	advertis|advertise|adverts
production-1910-11	1206	17.9	formot	the clerk of the board of supervisors <<formot>>	forgot|format|formol|formost
production-1910-11	1207	29.0	ateteing	<<ateteing>> section j there is hereby withdrawn frum	abetting
production-1910-11	1207	37.0	watermay	<<watermay>> spc noa person firm or corporation shall	waterman|waterway
production-1910-11	1209	26.0	lintot	<<lintot>> terminate no lease shall rnn for more	into|linto|linton|lintott
production-1910-11	1209	28.11	icerns	period of twenty five years upon such <<icerns>>	icers
production-1910-11	1211	41.0	policecom	<<policecom>> jng that in any city of the	policedom
production-1910-11	1213	40.0	polmmee	<<polmmee>> second and one half class containing a	pommee
production-1910-11	1214	34.11	penutty	the violation of any rule or regu <<penutty>>	penalty
production-1910-11	1215	21.0	iuwuire	<<iuwuire>> shall have the power by proper proceedings	inquire
production-1910-11	1215	45.0	minends	<<minends>> investigation of the various propositions and constitutional	minuends
production-1910-11	1215	47.0	nrhet	<<nrhet>> to stimulate interest therein and study thereof	rhet
production-1910-11	1216	12.10	tneten	as he may deem sufficient to properly <<tneten>>	tenten
production-1910-11	1217	20.0	mayeon	<<mayeon>> public building for county purposes be erected	madeon|mayen|mayon|mayson|mayton|miyeon
production-1910-11	1217	22.0	publtg	<<publtg>> join with such incorporated town or city	public
production-1910-11	1218	9.0	annwin	<<annwin>>	angwin|annie|annin|annwn
production-1910-11	1218	47.3	stubles	allowed by law <<stubles>>	stables|stubbles|stubley|stumbles
production-1910-11	1219	25.0	gieers	<<gieers>> cers shall receive as compensation for the	geers|giers|givers|greers
production-1910-11	1219	29.0	unnum	<<unnum>>	annum|ungum|unum
production-1910-11	1219	43.0	roneral	<<roneral>> fund of said county	moneral
production-1910-11	1220	15.9	austicer	the peace shall receive the following monthly <<austicer>> of	justicer
production-1910-11	1222	30.11	curvner	as are now or may hereafter be <<curvner>>	curtner|curver|curvier
production-1910-11	1224	18.0	cilapter	<<cilapter>>	chapter
production-1910-11	1224	40.8	gevorder	recorder eight hundred dollars per annum rom <<gevorder>>	recorder
production-1910-11	1226	20.8	ropnin	board of supervisors shall determine the popula <<ropnin>>	ronin|ropin
production-1910-11	1226	32.9	samries	of the fifteenth class the county and <<samries>> of	sammies|sarries|sauries
production-1910-11	1227	35.0	mioue	<<mioue>> dred dollars per annunt and there shall	mizue|more|moue
production-1910-11	1227	35.4	annunt	mioue dred dollars per <<annunt>> and there shall he and there is	annuent
production-1910-11	1231	36.0	annoum	<<annoum>>	annorum|annou|annum|annuum
production-1910-11	1232	3.7	sunerin	the superintendent of schools fifteen hundred dollars <<sunerin>>	suberin
production-1910-11	1233	7.0	vwors	<<vwors>> twenty cents per mile traveling to county	vors|wors
production-1910-11	1233	33.0	ofiewrs	<<ofiewrs>> j cers shall receive as compensation for	offers
production-1910-11	1233	44.0	annun	<<annun>>	ainun|annan|annen|annin|annon|annu
production-1910-11	1234	2.4	cowily	be allowed as other <<cowily>> charges are allowed by law and	coily|cosily|cozily|dowily
production-1910-11	1234	10.8	rreamer	treasurer one thousand eight hundred dollars per <<rreamer>>	creamer|dreamer|greater|kreamer|reamer
production-1910-11	1234	11.0	anpum	<<anpum>>	anaum|anjum|annum|anprm|antum|anum
production-1910-11	1237	9.0	coneter	<<coneter>> nor cent on all licenses collected hy	conter|coveter|coxeter
production-1910-11	1239	4.0	vieors	<<vieors>> id	viers|vigors|visors|vizors
production-1910-11	1240	11.10	saturies	the ninth class the county and towne <<saturies>> of	sauries
production-1910-11	1240	21.0	anmun	<<anmun>> the sheriff shall also receive for his	amun|antun|namun|onmun
production-1910-11	1241	14.12	puay	services rendered by them in criminal cases <<puay>>	guay|huay|muay|pay|peay|phay
production-1910-11	1242	38.1	annubi	per <<annubi>>	annual|annuli
production-1910-11	1244	18.0	cilapter	<<cilapter>>	chapter
production-1910-11	1244	38.10	vroha	of publication of any notice required by <<vroha>>	aroha|iroha|roha
production-1910-11	1245	9.0	ciiapter	<<ciiapter>>	chapter
production-1910-11	1246	5.9	surotm	any assessment or assessment roll in proceed <<surotm>>	surety
production-1910-11	1246	6.10	hunur	taken under the street opening act of <<hunur>>	hunar|hundr|huner|huur|huzur
production-1910-11	1246	15.2	fifiv	assessment is <<fifiv>> dollars or over may at any time	ffiv|fifi|fifie
production-1910-11	1246	21.11	flertion	be made by sneh owner or his <<flertion>>	flection
production-1910-11	1247	10.0	ayrec	<<ayrec>> that in the case of default in	arec|ayre|ayres
production-1910-11	1247	35.0	tinprove	<<tinprove>> no	improve
production-1910-11	1250	12.11	saveay	person in possession of any real estate <<saveay>>	safety|savea|savely|savery
production-1910-11	1250	21.10	yweme	treasurer before the day of sale here <<yweme>>	were
production-1910-11	1251	8.0	raneny	<<raneny>> must file it and make an entry	raheny|ranen|raney|ranney|ranny
production-1910-11	1251	28.2	dvior	thirty days <<dvior>> fo the expiration of the time of	avior|dior|dvir|dvor
production-1910-11	1251	31.0	lificate	<<lificate>> of sale and upon the party occupying	litigate
production-1910-11	1252	2.11	iunty	of all things which the boud upon <<iunty>> vt	aunty|bunty|cunty|gunty|hunty|inty
production-1910-11	1252	8.0	cilapter	<<cilapter>>	chapter
production-1910-11	1253	0.0	subudt	<<subudt>> corporations proposed to be consolidated under the	submit|subud
production-1910-11	1254	28.0	ciiapter	<<ciiapter>>	chapter
production-1910-11	1255	2.0	torepre	<<torepre>> an even annual proportion of the principal	torture
production-1910-11	1255	6.8	yveor	of january and only respectively of each <<yveor>> at the	yvor
production-1910-11	1256	4.2	atrect	of certain <<atrect>> work warm ee ee eee eee ey	arrect
production-1910-11	1256	6.7	ninber	sume is move fully described in assessment <<ninber>>	nibber|niner|nunber|tinber|winber
production-1910-11	1257	37.0	pigveed	<<pigveed>> assessments unpaid to the amount of twenty	pigweed
production-1910-11	1258	0.1	nintil	thirty <<nintil>> session	intil|ninti
production-1910-11	1258	16.9	froin	such agents or assistants as he may <<froin>>	broin|foin|frain|frein|frin|froid
production-1910-11	1259	10.1	cumnent	of <<cumnent>> subject to the provisions of this title	cumbent
production-1910-11	1259	14.1	vulted	of <<vulted>> ary stations lighthouses range and beacon lights	ulted|vaulted|vultee
production-1910-11	1260	25.9	invor	light or heat mines quarries mills factories <<invor>>	incor|infor|inor|invar|inver|invo
production-1910-11	1260	42.10	vubh	firms or corporations heretofore now or here <<vubh>>	dubh|subh|vub|vuh
production-1910-11	1262	18.8	suwur	auditor two thousand four hundred dollars per <<suwur>>	sueur|sukur
production-1910-11	1262	26.9	rreane	two thousand dollars per annum and such <<rreane>>	create
production-1910-11	1262	42.8	cccsor	assessor four thousand two hundred dollars per <<cccsor>>	cessor
production-1910-11	1264	40.6	acinally	mile one way for all distances <<acinally>> traveled by him in the	actinally|mcinally
production-1910-11	1265	26.0	cuftrent	<<cuftrent>> maintained under this act where the land	current
production-1910-11	1266	9.4	conmty	newspaper published in each <<conmty>> in which any portion of ue	conaty|conmy|conty
production-1910-11	1266	27.11	ontevrs	section ten shall apply to the to <<ontevrs>>	enters
production-1910-11	1266	28.12	ouity	which any portion of such district is <<ouity>>	guity|oity|outy|suity
production-1910-11	1267	14.0	untirs	<<untirs>> ete tice suid clerk shall give a	unties|untire
production-1910-11	1268	29.11	swidie	justices of the peace of cities and <<swidie>>	swidge
production-1910-11	1270	27.9	sneritt	five thousand dollars per annum all mileage <<sneritt>>	steritt
production-1910-11	1276	14.7	sunerin	the superintendent of schools three thousand dollars <<sunerin>>	suberin
production-1910-11	1276	34.9	ygnt	of this class the township officers shall <<ygnt>>	gnt|gynt|yant|yent|yont|yunt
production-1910-11	1278	37.9	bherif	thirty five hundred dollars per annum pro <<bherif>>	cherif|sherif
production-1910-11	1279	36.0	feulent	<<feulent>> ot ber annum and actual traveling expenses	feculent
production-1910-11	1281	0.2	doara	of te <<doara>>	daara|dara|dhara|diara|doaa|doar
production-1910-11	1282	46.8	nptrict	district attorney two thousand four hundred dollars <<nptrict>>	strict
production-1910-11	1283	0.0	adminje	<<adminje>> ai the public administrator such fees as	amine
production-1910-11	1283	5.0	theveare	<<theveare>> hereafter allowed by law	thereare
production-1910-11	1283	13.0	vhore	<<vhore>> per month and mileage at the rate	chore|hore|shore|thore|vcore|vore
production-1910-11	1285	14.1	ocips	ee <<ocips>> tices of the peace and constables townships	cips|ocis|ocps
production-1910-11	1289	10.0	tocounty	<<tocounty>> heen increased since the first day of	county
production-1910-11	1289	27.0	cilapter	<<cilapter>>	chapter
production-1910-11	1292	3.8	superln	superintendent of schools for full services includ <<superln>>	super
production-1910-11	1293	0.3	nmcty	thousand and over <<nmcty>> dollars per month in townships	empty
production-1910-11	1293	33.0	gioners	<<gioners>> and actual traveling expenses not to exceed	ginners|goners|gooners
production-1910-11	1293	43.0	touiet	<<touiet>> ps this section be determined by the	toliet|toupet
production-1910-11	1294	0.0	cilapter	<<cilapter>>	chapter
production-1910-11	1294	26.7	blerid	the sheriff six thousand dollars per annum <<blerid>>	blerd|blerim|clerid
production-1910-11	1295	2.0	annuni	<<annuni>> assistant district attorney fifteen hundred dollars per	annual|annuli
production-1910-11	1296	15.10	feency	of any money in the state treasury <<feency>>	agency|feeney|feeny
production-1910-11	1296	33.2	elngs	to wit <<elngs>>	engs
production-1910-11	1296	35.0	apnun	<<apnun>>	ainun
production-1910-11	1297	23.0	thepeare	<<thepeare>> receive the following compensation justices of the	thereare
production-1910-11	1298	18.0	citapter	<<citapter>>	chapter
production-1910-11	1299	6.0	ihued	<<ihued>> repealing other existing law which provides other	hued|issued
production-1910-11	1299	11.0	cilapter	<<cilapter>>	chapter
production-1910-11	1300	8.10	rottaee	of any moneys in the state treasury <<rottaee>>	cottage
production-1910-11	1300	28.11	eenr	provide a suitable safe and furniture there <<eenr>>	denr|een|eena|eens|eeny|eer
production-1910-11	1300	32.13	spreia	of the funds paid into the state <<spreia>>	spread
production-1910-11	1300	36.8	kxpendi	s special fund all expenditures authorized in <<kxpendi>>	expend
production-1910-11	1300	37.11	wifca	audited by the board of examiners who <<wifca>>	wicca|wife
production-1910-11	1300	41.0	anissioner	<<anissioner>> oul of the said insurance commissioner s	missioner
production-1910-11	1301	33.0	artide	<<artide>> for deemed misbranded or adulterated within the	aride|armide|arride|artice|artie
production-1910-11	1302	41.11	rungi	atoms by lead that the term fungi <<rungi>>	fungi|lungi|pungi|rangi|rundi|rung
production-1910-11	1303	1.0	auoiter	<<auoiter>> in the case of lead arsenate first	quoiter
production-1910-11	1303	14.1	crcon	srelieldes <<crcon>> and lead urscnate first if its strength	arcon|creon|cron|croon|orcon
production-1910-11	1303	36.0	pramed	<<pramed>> fungicides first if it he an imitation	framed|praed|pramod|prated|prayed|premed
production-1910-11	1303	48.5	lnhel	is not stated ov the <<lnhel>> second if it contains arsenic	lehel
production-1910-11	1304	37.10	profcer	or association within the scope of his <<profcer>>	proffer
production-1910-11	1305	6.0	manutoe	<<manutoe>> sec the manufacturer importer agent of or	manute
production-1910-11	1305	8.0	secticidal	<<secticidal>> purposes the selling price of which to	septicidal
production-1910-11	1306	32.8	vunita	the director of the agricultural experiment sta <<vunita>>	lunita|sunita|unita|vanita|venita|vinita
production-1910-11	1307	34.0	bewed	<<bewed>> harbor and for the construction maintenance and	bebed|beed|bewes|bewet|bowed|brewed
production-1910-11	1308	0.11	termot	term not exceeding twenty five years and <<termot>>	dermot|termo|termon|termor
production-1910-11	1308	48.9	drrate	docks piers slips quays and other improvements <<drrate>>	derate|drate
production-1910-11	1309	17.0	culifom	<<culifom>> otherwise appropriated for the purpose of erecting	coliform
production-1910-11	1311	33.0	beused	<<beused>> of a harbor and for the construction	bemused|boused|bused|reused
production-1910-11	1312	16.11	perpk	right of convenient access o said waters <<perpk>>	perak|perek|perk|perp|perps
production-1910-11	1313	22.0	sveb	<<sveb>> high school or other high schools which	saeb|seb|seeb|sheb|sieb|sleb
production-1910-11	1315	0.0	cilapter	<<cilapter>>	chapter
production-1910-11	1316	45.0	annmn	<<annmn>> cullevtor	annan|annen|annin|annon|annwn
production-1910-11	1316	45.1	cullevtor	annmn <<cullevtor>>	collector
production-1910-11	1317	21.0	supenn	<<supenn>> the superintendent of public schools two thousand	upenn
production-1910-11	1317	39.0	tublrs	<<tublrs>> hereafter be allowed by law and in	tubers|tumblrs
production-1910-11	1318	25.13	onnte	been brought down to date and was <<onnte>>	konnte|onate|onne|onnie
production-1910-11	1318	32.1	diein	por <<diein>> provided that the provisions herein shall apply	daein|dein|dieing|dien|dinin|divin
production-1910-11	1318	35.8	peputic	deputies mentioned in this section are hereby <<peputic>>	peptic|septic
production-1910-11	1319	46.0	atterwy	<<atterwy>> per annuum also one deputy who shall	attery
production-1910-11	1320	36.9	bindred	twenty five hundred and more than six <<bindred>>	binded|kindred
production-1910-11	1320	46.8	vopun	the purpose of subdivisions thirteen and fourteen <<vopun>>	open|vodun|volun
production-1910-11	1321	11.0	nehool	<<nehool>>	school
production-1910-11	1321	35.0	heeume	<<heeume>> due and payable at least once in	heaume|resume
production-1910-11	1322	30.11	suanre	complying with all the provisions of the <<suanre>>	suanee
production-1910-11	1322	36.8	certifieat	said every such certificate of authority shall <<certifieat>>	certificat
production-1910-11	1323	26.8	eondi	and of the code of civil procedure <<eondi>>	bondi|condi|dondi|endi|eonni|fondi
production-1910-11	1325	17.0	citapter	<<citapter>>	chapter
production-1910-11	1326	31.12	swrend	be surrendered to the company at its <<swrend>>	shrend
production-1910-11	1326	35.9	antomatie	otherwise available for the purchase of he <<antomatie>>	automatic
production-1910-11	1327	22.0	citapter	<<citapter>>	chapter
production-1910-11	1327	30.0	camty	<<camty>> ical code of the state of california	caity|camay|camby|cammy|campy|camry
production-1910-11	1328	23.11	reastb	the board of supervisors in the months <<reastb>>	reasty
production-1910-11	1328	24.10	sneit	or september the board of supervisors may <<sneit>>	neit|seeit|seit|sheit|snet|snit
production-1910-11	1329	2.0	meteed	<<meteed>> census residing in each of said districts	meted|metered|methed
production-1910-11	1329	4.0	wetriete	<<wetriete>> county superintendent and by him presented to	retrieve
production-1910-11	1329	9.0	detrei	<<detrei>> supervisors shall sell or otherwise dispose of	detre|detri
production-1910-11	1329	41.0	violess	<<violess>> the order shal state tho monthly salary	violent|violets
production-1910-11	1330	21.11	yitte	examine each school in his county at <<yitte>>	bitte|ditte|fitte|gitte|itte|jitte
production-1910-11	1331	43.0	tmarehal	<<tmarehal>> tviet if the board of trustees or	marshal
production-1910-11	1332	7.6	fehaue	section individuals partnerships or corporations may <<fehaue>>	female
production-1910-11	1332	9.0	judemnity	<<judemnity>> among each other from fire loss or	indemnity
production-1910-11	1332	25.10	ertit	or title hy which said individuals partner <<ertit>>	erit
production-1910-11	1333	21.0	eior	<<eior>> ever and as often ns the same	dior|ebor|ecor|egor|eier|eio
production-1910-11	1333	41.0	tnoite	<<tnoite>> tracts or agreements fur any insurance or	noite|tonite
production-1910-11	1334	3.1	forins	upon <<forins>> be prepared by the insurance commissioner	florins|forint|forints|foris|fornis
production-1910-11	1334	7.7	txamina	sec the insurance commissioner whenever he deems <<txamina>>	examine|tamina
production-1910-11	1334	46.11	poruted	insurance who do not charge expenses of <<poruted>>	ported|pouted
production-1910-11	1334	47.0	compante	<<compante>>	companie
production-1910-11	1335	11.4	indenuity	california all contracts of <<indenuity>> upon risks located in	indentity|ingenuity
production-1910-11	1335	17.5	exehang	sro individuals partnerships and corporations <<exehang>>	exchang|exchange
production-1910-11	1336	25.6	froin	by him in his official capacity <<froin>> whatever source they may	broin|foin|frain|frein|frin|froid
production-1910-11	1336	29.8	sverit	sheriff four thousand dollars per annum provided <<sverit>>	everit
production-1910-11	1336	31.1	shoritt	under <<shoritt>> whose salary is hereby fixed at tue	short|shortt
production-1910-11	1336	32.0	iindred	<<iindred>> dollars per aunt also seven deputies who	kindred
production-1910-11	1337	9.9	mnnal	him by law in connection with the <<mnnal>> assess	annal|manal|menal|minal|monal
production-1910-11	1338	5.10	sressor	assessor thirty six hundred dollars per an <<sressor>>	pressor|slessor|stressor
production-1910-11	1339	13.0	vevor	<<vevor>> and all fees and compensation received or	bevor|devor|vevo
production-1910-11	1341	9.12	eompensa	of fifty dollars per month as full <<eompensa>>	compense
production-1910-11	1344	2.1	ventim	per <<ventim>> of the freeholders owners of real property	eventim|venti|ventil
production-1910-11	1344	44.0	amouvg	<<amouvg>> themselves shall hold office for two years	amoung|amount
production-1910-11	1345	30.5	oceupa	isatno street and that my <<oceupa>>	occupy
production-1910-11	1345	35.1	deing	veeeveeereeceeess <<deing>> dry sworn deposes and says that	being|daing|dding|deign|dein|deine
production-1910-11	1345	41.8	forins	petition of nomination of which this certificate <<forins>> a	florins|forint|forints|foris|fornis
production-1910-11	1346	34.9	deitin	of nomination consisting of not less than <<deitin>>	dentin|desitin|destin|detin
production-1910-11	1347	46.4	evecrion	general or sproat district <<evecrion>>	evection
production-1910-11	1348	2.11	baliow	be precisely on the same size ad <<baliow>>	baliol|ballow|balow
production-1910-11	1348	14.10	omirtea	who has not withdrawn his name as <<omirtea>>	omitted
production-1910-11	1349	4.10	niun	that sone other candidate received an equal <<niun>>	iun|neun|nian|nien|niin|nin
production-1910-11	1351	46.3	seenre	security sufficient to <<seenre>> the district against possible joss	seene|seenie
production-1910-11	1351	52.0	debtedness	<<debtedness>> hy resolution so declare and state the	indebtedness
production-1910-11	1352	26.10	tehed	newspaper published in cach municipality in such <<tehed>>	teched|teed|tehe|tered|thed|theed
production-1910-11	1352	28.0	siouers	<<siouers>> vf the water district or if there	souers
production-1910-11	1353	7.0	neross	<<neross>> said works may intersect or cross provided	neros
production-1910-11	1353	8.0	heets	<<heets>> constructed in sneh wanner as to afford	beets|deets|eets|feets|heats|heeds
production-1910-11	1354	33.10	eleetors	with the methods provided by the general <<eleetors>>	electors
production-1910-11	1355	12.0	sionors	<<sionors>> shall be regarded as a board of	signors
production-1910-11	1355	22.1	srorion	appropria <<srorion>> there is hereby appropriated out of any	erosion
production-1910-11	1357	10.1	sohoda	inchon <<sohoda>> indians all the right title and interest	shoda|sonoda|sonoma
production-1910-11	1360	0.9	nanied	presence of any one of the following <<nanied>> diseases	nanded|nannied
production-1910-11	1360	8.1	laryngeul	board <<laryngeul>> hemiplegia roaring or whistling pulmonary	laryngeal
production-1910-11	1360	10.1	crampiness	dance <<crampiness>> shivering stringhali bone spavin ring	campiness|crappiness
production-1910-11	1360	42.9	advertlee	each newspaper advertisement shall show the enrollment <<advertlee>>	advertise
production-1910-11	1360	44.9	hieate	cross bred non standard bred or mon <<hieate>>	hiate|hieatt|hirate
production-1910-11	1360	48.10	formot	certificate issued for a stallion or jack <<formot>>	forgot|format|formol|formost
production-1910-11	1360	49.13	tullioz	pure breeding and the pedigree of ot <<tullioz>>	bullion|tullio
production-1910-11	1361	30.5	sindbook	eligible for registration in any <<sindbook>> recognized and cer	handbook
production-1910-11	1362	2.0	bieed	<<bieed>>	beed|bided|bield|biked|biped|bleed
production-1910-11	1362	18.3	vetcrinarian	vee ceeeeervereeereees ce <<vetcrinarian>> aud is reported as free	veterinarian
production-1910-11	1363	35.0	duplvate	<<duplvate>> duplicate license certificate upon proof of tho	duplicate
production-1910-11	1364	13.14	uhatin	act shall be guilty of a mis <<uhatin>>	hatin|shatin
production-1910-11	1364	33.12	huanite	provisions of this act anc to make <<huanite>>	humanite
production-1910-11	1366	9.10	pulldink	to be used for the plumbing painting <<pulldink>>	pulling
production-1910-11	1366	11.8	tncostry	cottages at the preston school of industry <<tncostry>>	ancestry
production-1910-11	1366	33.0	draymen	<<draymen>> and all persons and laborers of every	daymen|drammen|drayden|drayman|drymen|raymen
production-1910-11	1368	21.12	hantity	s liability in all eases the meas <<hantity>>	hannity
production-1910-11	1368	32.8	sotieta	of the persons mentioned in the preceding <<sotieta>>	societa|society
production-1910-11	1369	3.9	beconic	contractor sufficient money due or that may <<beconic>>	baconic|biconic|meconic|peconic
production-1910-11	1370	23.12	juewo	than ninety days after the same has <<juewo>>	juego
production-1910-11	1370	34.9	eqniv	therein that no jien exists shall be <<eqniv>>	equip|equiv
production-1910-11	1370	44.0	inmished	<<inmished>> mentioned in any of said sections with	finished
production-1910-11	1371	25.10	dednet	the said owner shall be entitled to <<dednet>> from	decnet|dennet
production-1910-11	1371	48.0	foreclorare	<<foreclorare>> proceeds judgment for the deficiency may be	foreclosure
production-1910-11	1372	27.10	fortelt	shall wilfully give a false notice of <<fortelt>> of	fortlet
production-1910-11	1373	8.0	cilapter	<<cilapter>>	chapter
production-1910-11	1373	22.0	lodgo	<<lodgo>> sno any society having a supreme governing	lodg|lodge|lodo|logo|longo
production-1910-11	1375	4.0	murnber	<<murnber>> sec any society may admit to beneficial	munber
production-1910-11	1376	21.11	ptetrin	the laws of the society for pay <<ptetrin>>	petrin|pterin
production-1910-11	1376	29.12	souety	whom are citizens of this state who <<souety>>	suety
production-1910-11	1376	34.0	fiysi	<<fiysi>> the proposed corporate name of the society	fisi
production-1910-11	1376	51.1	certificaic	nent <<certificaic>>	certificate
production-1910-11	1377	2.0	wuranes	<<wuranes>> all proposed forms of benefit certificates applications	cranes
production-1910-11	1377	17.0	secureat	<<secureat>> purpose of completing its organization and shall	securest
production-1910-11	1378	12.8	cifert	to such society a certificate to that <<cifert>> such certificate	eifert
production-1910-11	1378	18.12	fifente	shall be valid after ounce year from <<fifente>> so	vicente
production-1910-11	1379	0.1	consuttition	tion <<consuttition>> oy laws	consultation
production-1910-11	1379	23.0	inissioner	<<inissioner>>	missioner
production-1910-11	1379	25.0	hveme	<<hveme>> business in this state may continue such	heme|hvem
production-1910-11	1380	40.8	jezal	true and lawful attorney upon whom all <<jezal>> process in any	jeal|jebal|jemal|jeral|jezail|jezel
production-1910-11	1381	14.11	inectings	valid in all respects as if such <<inectings>> were	injecting
production-1910-11	1381	40.0	mussiouer	<<mussiouer>> oonies of the constitution and jaws as	missioner
production-1910-11	1383	6.0	vieut	<<vieut>> tu pay all matured death and disability	lieut|veut|vient|viet|vieux
production-1910-11	1383	44.8	valna	is not shown by the succeeding triennial <<valna>>	alna|jalna|vala|valda|valea|valga
production-1910-11	1384	1.12	gomontie	have free access to all the books <<gomontie>>	gomontia
production-1910-11	1384	3.10	eomnis	and qualify as witness under oath and <<eomnis>>	omnis
production-1910-11	1384	12.11	requirea	contracts in good faith or is transacting <<requirea>>	require|required|requirer|requires
production-1910-11	1384	27.10	proceva	to those entitled thereto no such proceed <<proceva>>	procera
production-1910-11	1384	38.8	rramin	the insurance commissioner or any person whom <<rramin>>	gramin|ramin|remain|roamin
production-1910-11	1384	40.10	gveletics	admission to transact business in this state <<gveletics>>	genetics
production-1910-11	1385	18.0	revoca	<<revoca>> sec when the insurance commissioner on investiga	revoke
production-1910-11	1385	37.0	pocketies	<<pocketies>> ty affect or apply to grand or	societies
production-1910-11	1387	19.2	ercale	acl to <<ercale>> a slate board of charities and corrections	ercole|escale|percale
production-1910-11	1388	7.11	sceretory	appoint a secretary and such other em <<sceretory>>	secretory
production-1910-11	1388	12.11	xpende	appropriation for any year may be carried <<xpende>>	pende
production-1910-11	1390	10.11	dueating	tax shull be annually levied by the <<dueating>>	dueting|duetting
production-1910-11	1390	24.13	yeoly	year of educating a new pupil nut <<yeoly>>	yeol|yerly
production-1910-11	1391	21.0	kotity	<<kotity>> second before taking charge of a school	kotite
production-1910-11	1391	30.0	fntoree	<<fntoree>> third enforce the course of study the	entree
production-1910-11	1391	33.2	ilold	told fourth <<ilold>> pupils to a strict account for their	itold|lold
production-1910-11	1396	30.8	fopto	without subscribed capital or guarantee fund organ <<fopto>> mn	foto|opto
production-1910-11	1397	7.8	heovs	in cash and may in its by <<heovs>> tix the liability	heos|hevs
production-1910-11	1398	0.3	peliey	or determine any <<peliey>> by giving the insured five days writ	pelkey|pelley
production-1910-11	1398	2.4	premimo	rata of the unearned <<premimo>>	premio
production-1910-11	1398	17.0	stalcment	<<stalcment>> exhibiting its condition on the thirty first	stallment
production-1910-11	1398	30.8	sretions	the general provisions applicable to all corpora <<sretions>>	sections
production-1910-11	1399	9.0	cilapter	<<cilapter>>	chapter
production-1910-11	1399	20.0	elored	<<elored>> thereof in said city or city and	eldred|eloped|lored
production-1910-11	1400	0.9	deeila	and sufficient conveyances shall have been delivered <<deeila>> not	deila|delila|denial
production-1910-11	1400	6.0	citapter	<<citapter>>	chapter
production-1910-11	1400	13.10	classiften	political code is hereby amended as fol <<classiften>>	classified
production-1910-11	1400	41.8	aceiden	insurance and either sickness or health incur <<aceiden>>	accident
production-1910-11	1401	15.2	hecume	or to <<hecume>> indebted to the insured or to meet	heaume
production-1910-11	1401	30.0	luneous	<<luneous>> windstorm wud lightning insurance and any and	lungeous|luteous
production-1910-11	1401	34.0	rwwek	<<rwwek>> iy any of said first kind of	week
production-1910-11	1404	41.0	inust	<<inust>> accompany such certificates provided however when the	ijust|imust|indust|injust|inst|inuit
production-1910-11	1405	0.9	exeentive	affidavit must be made by the echicl <<exeentive>> ofheer	executive
production-1910-11	1405	0.10	ofheer	must be made by the echicl exeentive <<ofheer>>	ofher|other
production-1910-11	1405	19.0	deticienry	<<deticienry>> jars is hereby appropriated ont of any	deficiency
production-1910-11	1406	29.7	woion	district shall be liable therefor also a <<woion>> high school dis works	wion|woio|woon
production-1910-11	1406	35.11	ykree	or adjoining a high school district in <<ykree>>	kree
production-1910-11	1407	17.0	piyine	<<piyine>> been so annexed to consolidated and merged	paying|picine|pifine|piline
production-1910-11	1407	26.0	controlot	<<controlot>> ical code whenever a union high school	control
production-1910-11	1408	38.7	corolled	cities and counties each three hundred pupils <<corolled>> in such	carolled
production-1910-11	1409	36.0	alssion	<<alssion>> not his own without the permission of	alsion
production-1910-11	1410	17.13	wteut	bouer in or near avy forest brush <<wteut>>	teut
production-1910-11	1410	21.1	ashpans	smokestacks <<ashpans>> fireboxes or other parts und that he	ashcans|ashpan
production-1910-11	1410	31.2	policable	eae peart <<policable>>	plicable
production-1910-11	1411	16.1	lancis	thilo <<lancis>> section there is hereby granted and conveyed	jancis|lacis|lanais|lances|lanci|lancia
production-1910-11	1411	36.0	erreg	<<erreg>> shall ever be made by the city	erceg|erre|erred
production-1910-11	1411	48.1	peeding	wharves <<peeding>> fifteen years any wharves docks or piers	deeding|feeding|geeding|heeding|needing|peeing
production-1910-11	1412	18.12	merove	act exclusive of such time as said <<merove>>	merode|meroe|merope|merve
production-1910-11	1413	10.9	disere	thousand dollars o be expended in the <<disere>>	desere|diseme|isere|lisere|misere
production-1910-11	1414	2.10	omkm	district shall be presented to the super <<omkm>>	mkm|okm|omam|omim|omm
production-1910-11	1414	10.2	demiund	order or <<demiund>> does not exceed the income and revenue	demund
production-1910-11	1415	13.0	failureto	<<failureto>> office said interest shall be paid as	failure
production-1910-11	1416	4.9	xanaye	manage and control the school property within <<xanaye>>	manage
production-1910-11	1417	29.1	xelude	i <<xelude>> ninth to exclude from the school children	delude|elude
production-1910-11	1417	42.11	beyvin	school term shall be admitted at the <<beyvin>>	belvin|bervin|bevin
production-1910-11	1418	3.12	fntiree	the course of study and the use <<fntiree>>	entire
production-1910-11	1419	4.7	inectings	shall specify the purposes for which said <<inectings>> shall be	injecting
production-1910-11	1420	10.0	lieenty	<<lieenty>> fourth to provide for the transportation of	liberty
production-1910-11	1420	15.0	cilapter	<<cilapter>>	chapter
production-1910-11	1424	17.0	staic	<<staic>> stx thousand four hundred dollars	saic|stac|staci|stadic|stai|staia
production-1910-11	1427	20.0	renern	<<renern>> her salary of assistant attorney general eight	rener|renren
production-1910-11	1427	48.0	atiorneyv	<<atiorneyv>> veneral s office six thousand dollars	attorney
production-1910-11	1429	49.0	irary	<<irary>> dollars	crary|frary|iray|orary|rary
production-1910-11	1430	12.0	zincotypes	<<zincotypes>> and work of like character state printing	zincotype
production-1910-11	1431	11.0	sloners	<<sloners>> olla	cloners|loners|slopers|slovers|sooners|stoners
production-1910-11	1431	45.3	rnjing	for printing binding <<rnjing>> and all other work performed	anjing|rning
production-1910-11	1432	14.10	ovmmis	the commissioner for revision and reform of <<ovmmis>>	ovis
production-1910-11	1434	12.9	iunney	of state hospitals thirty seven thousand five <<iunney>>	bunney|lunney|nunney|tunney
production-1910-11	1434	19.2	innacy	commission in <<innacy>> five thousand five hundred dollars	ignacy
production-1910-11	1435	8.3	scilools	preston and whittier <<scilools>>	schools
production-1910-11	1436	22.4	uermal	kor support of state <<uermal>> school at chico seven thousand	dermal|ermal|germal|nermal
production-1910-11	1437	17.0	rastees	<<rastees>> california polytechnic schoo	rasters
production-1910-11	1438	37.2	houio	thousand dollars <<houio>>	horio
production-1910-11	1439	10.0	teverln	<<teverln>> yor salary of state veterinarian seven thousand	beverly
production-1910-11	1439	37.0	sloners	<<sloners>> gred dollars	cloners|loners|slopers|slovers|sooners|stoners
production-1910-11	1440	5.10	vured	for sale of the state highway bonds <<vured>>	cured|lured|pured|sured|tured|vered
production-1910-11	1440	49.9	statemem	itemized form accompanied by affidavit and voucher <<statemem>>	statemen|statement
production-1910-11	1441	30.0	turerin	<<turerin>> conunissions and institutions for whose benefit and	tuberin|turer
production-1910-11	1441	33.0	pldden	<<pldden>> to make any expenditure in excess of	padden
production-1910-11	1441	52.0	topuy	<<topuy>> fer to renew or pay for the	copy|toppy|topsy|topup|topy
production-1910-11	1442	4.0	exucurive	<<exucurive>> orrice sacramento	executive
production-1910-11	1442	4.1	orrice	exucurive <<orrice>> sacramento	morrice|orrick|orrie
production-1910-11	1442	17.5	enption	the item under the said <<enption>> state board of health ivor salary	emption|enation
production-1910-11	1442	40.8	sireams	counties of this stale to declare tinnavigable <<sireams>> high	screams|streams
production-1910-11	1443	27.0	tmperin	<<tmperin>> versity of california for the equipment support	tampering
production-1910-11	1446	11.0	eincts	<<eincts>> which compose the special election or consolidated	elects|tincts
production-1910-11	1446	12.0	cinet	<<cinet>> wherein he claims to he entitled vote	binet|canet|cient|cinct|cine|cinel
production-1910-11	1446	19.0	cthlapter	<<cthlapter>>	chapter
production-1910-11	1446	29.2	sucly	thirteen hundred <<sucly>> nine thirteen hundred seventy thir	suchy|sucky|sucy|sully|suly|suply
production-1910-11	1446	37.2	repentea	section sections <<repentea>>	repente|repented|repenter
production-1910-11	1448	28.13	zainsy	prior to the time of the meeting <<zainsy>>	rainsy
production-1910-11	1449	4.1	tlems	date <<tlems>> dollars cents	blems|clems|lems|teems|tems|thems
production-1910-11	1450	1.0	anuct	<<anuct>> lo amend section uf the political code	auct
production-1910-11	1451	12.0	pablus	<<pablus>> preceding the hearing thereof in some newspaper	nablus|pablos|pablum|pablums|palus|paulus
production-1910-11	1451	26.0	oriler	<<oriler>> tn be seo after the approval of	oiler|oraler|orler
production-1910-11	1452	22.11	reir	or supply the place of any absent <<reir>>	beir|deir|eir|feir|freir|geir
production-1910-11	1453	22.0	visom	<<visom>> hereof is situated forward to said board	isom|viso|vison|visor|visum
production-1910-11	1455	27.0	puichasrr	<<puichasrr>> enjoyed by original petitioners if he pays	purchaser
production-1910-11	1460	5.9	reeluma	or modifying the provision of the political <<reeluma>>	reclama
production-1910-11	1461	12.0	herewtth	<<herewtth>>	herewith
production-1910-11	1462	8.2	noder	all applications <<noder>> whatsoever act filed in the apmoya	boder|coder|foder|ioder|joder|loder
production-1910-11	1465	0.0	citapter	<<citapter>>	chapter
production-1910-11	1465	38.0	umther	<<umther>> o another shall file with the surveyor	muther|uther
production-1910-11	1466	1.11	ceatiied	indemnity or strip are sold as herein <<ceatiied>>	certified
production-1910-11	1470	16.3	beeone	lands shall again <<beeone>> subject to entry and sale in the	beene|begone|belone|betone
production-1910-11	1471	24.4	heenme	virtue whereof the state <<heenme>> a purchaser of the lands thus	heene
production-1910-11	1472	8.12	uppll	shall apply to land situated within not <<uppll>>	uppal|uppull
production-1910-11	1472	27.10	apropria	the excavation or construction of the works <<apropria>>	propria
production-1910-11	1473	23.0	vovlage	<<vovlage>> hage swill refuse cans bottles paper or	volage|vorlage
production-1910-11	1473	25.0	watersor	<<watersor>> pel or butcher shop or any trash	waters|waterson
production-1910-11	1473	33.1	vharve	in <<vharve>> of any seow barge float hulk or	harve|varve|wharve
production-1910-11	1473	42.0	sesute	<<sesute>> is guilty of a misdemeanor and no	sesuto
production-1910-11	1473	45.0	dnble	<<dnble>> mutter or the carcass of any dead	dable|dble|doble|duble|dyble
production-1910-11	1475	3.0	uponde	<<uponde>> tiff claims to be entitled the court	upon
production-1910-11	1477	19.1	tofore	jhe <<tofore>> annexed to incorporated in and included within	before
production-1910-11	1478	27.9	vetitin	petition for the formation of such boulevard <<vetitin>>	petition
production-1910-11	1480	7.10	pouly	of supervisors at least fifteen days prior <<pouly>>	mouly|pauly|polly|poly|pooly|poufy
production-1910-11	1481	11.0	suceessurs	<<suceessurs>> us provided hy this act the members	successors
production-1910-11	1482	34.8	comuis	the boulevard commission shall be the governing <<comuis>>	combis|comis|commis|comus
production-1910-11	1483	1.0	jeivea	<<jeivea>> vard as used herein is meant a	jive
production-1910-11	1485	26.4	innst	section then the auditor <<innst>> do so such tax shall be	innest|innet|innit|inns|inst
production-1910-11	1487	4.10	collev	all purposes excepting only the levy aud <<collev>>	colle|collec|collee|colleg|collen|coller
production-1910-11	1487	16.0	repeuled	<<repeuled>> ske that certain act entitled an act	repealed|repelled
production-1910-11	1488	0.3	alienmy	the selling mortgaging <<alienmy>> encumbermg or granting of	aliency
production-1910-11	1488	39.12	cvtion	office at the place where as set <<cvtion>>	cation|ction
production-1910-11	1489	12.0	kelur	<<kelur>> ete iand sold the date of sale	belur|kelr|keluar|keur|telur
production-1910-11	1490	30.11	ferued	thereof aud signed by the president and <<ferued>>	ferned|feued
production-1910-11	1491	9.0	opathy	<<opathy>> they shall be required fo file a	apathy|pathy
production-1910-11	1492	17.10	exauinn	the examination papers shall form a part <<exauinn>>	examine
production-1910-11	1492	41.0	ovment	<<ovment>> who shall sell or barter or offer	movment|opment|osment|ozment
production-1910-11	1492	47.9	pipwma	procure by barter any such diploma certificate <<pipwma>>	pima
production-1910-11	1493	1.0	pioma	<<pioma>> material regard any such diploma certificate or	ioma|phoma|pigma|pima|piola|pixma
production-1910-11	1493	8.0	asimmet	<<asimmet>> or any other system or mode of	asimmer
production-1910-11	1493	23.0	fulse	<<fulse>> afflicted or shall in an affidavit required	bulse|dulse|false|folse|fulbe|fule
production-1910-11	1493	26.1	phyot	di <<phyot>> engage in the practice of medicine surgery	payot|phot|phyo|phyto
production-1910-11	1495	30.11	echal	or may be placed upon a special <<echal>>	chal|ecal|echa|echad|echl|ectal
production-1910-11	1497	13.0	ofregis	<<ofregis>> shall be a registrar of voters the	regis
production-1910-11	1497	31.0	inepetors	<<inepetors>> administer all oaths required in the progress	inspectors
production-1910-11	1497	46.0	benled	<<benled>>	bebled|belled|bended
production-1910-11	1498	34.7	depnrt	section the department of engineering is hereby <<depnrt>>	depart|deport
production-1910-11	1499	30.0	approprin	<<approprin>> sno there is hereby appropriated the sum	appropri
production-1910-11	1501	3.1	ynay	money <<ynay>> voluntarily deposit any of their moneys with	anay|inay|jnay|nay|snay|unay
production-1910-11	1503	5.0	vacauries	<<vacauries>> next preceding their appointment all vacancies shall	vacancies
production-1910-11	1504	19.9	biudors	bidders shall be afforded opportunity to examine <<biudors>>	bidders
production-1910-11	1505	33.0	forcounty	<<forcounty>> for use of the county to purchase	noncounty
production-1910-11	1506	35.10	vunte	county except salaries of officers and such <<vunte>>	bunte|hunte|kunte|runte|vente|vinte
production-1910-11	1506	50.0	ipeur	<<ipeur>> a handed indebtedness for any of such	peur
production-1910-11	1509	32.0	lovy	<<lovy>> rond to levy a special road fund	covy|dovy|lavy|levy|livy|locy
production-1910-11	1511	45.6	jnjy	sic this act shall dake effect <<jnjy>>	jjy|jnay|jnj
production-1910-11	1512	45.11	guim	due such town or city said claim <<guim>>	duim|gaim|geim|ghim|gim|glim
production-1910-11	1513	25.0	cilapter	<<cilapter>>	chapter
production-1910-11	1513	34.0	iivation	<<iivation>> coupons issued by an irrigation district organized	nivation
production-1910-11	1514	39.10	tieuring	interested may at or before the time <<tieuring>>	tiering
production-1910-11	1515	0.0	deerce	<<deerce>> that they are surrencerd canceled discharged and	deere
production-1910-11	1515	31.0	betterments	<<betterments>> appurtenances dredging and filling necessary	betterment
production-1910-11	1515	43.1	tuxet	levy <<tuxet>> limits include or front upon any harbor	tuxen|tuxes|tuyet
production-1910-11	1516	2.5	betterments	railroad and spurs there along <<betterments>> appurtenances and	betterment
production-1910-11	1517	15.0	ingrond	<<ingrond>> road or the purchase of toll roads	inground
production-1910-11	1522	2.0	nonics	<<nonics>>	conics|ionics|neonics|nomics|nonic|nonis
production-1910-11	1523	33.6	mimbered	adding four new sections to be <<mimbered>> sections	limbered|membered|timbered
production-1910-11	1524	1.7	polltieal	charter amendment no entitled describing and setting <<polltieal>>	political
production-1910-11	1524	15.12	omecre	the qualified electors of the city and <<omecre>>	omere
production-1910-11	1524	40.7	repuring	charter amendment no entitled describing and set <<repuring>>	reparing|reputing
production-1910-11	1524	48.7	inprow	charter amendment no entitled describing and set <<inprow>>	ingrow
production-1910-11	1525	43.3	xtva	section of article <<xtva>> and adding three new sections	ktva|tva|xtra
production-1910-11	1526	18.0	offier	<<offier>> hours	iffier|offer|officer|offie|offner
production-1910-11	1526	26.7	penstonz	charlier amendment no entitled describing and set <<penstonz>>	penston
production-1910-11	1526	38.7	depat	charter amendment no entitled describing and sect <<depat>>	bepat|cepat|dapat|deat|debat|defat
production-1910-11	1527	48.0	drivee	<<drivee>> county of san francisco state of california	drive|drived|drivel|driven|driver|drives
production-1910-11	1529	9.0	crry	<<crry>> ano county or san francisco	arry|carry|cary|cery|chry|corry
production-1910-11	1530	5.0	ciiapter	<<ciiapter>>	chapter
production-1910-11	1530	9.12	tnunion	fonr hy the speaker of the assem <<tnunion>>	union
production-1910-11	1530	14.8	nler	joint resolution no relative to panama pacific <<nler>>	aler|cler|fler|hler|iler|inler
production-1910-11	1531	6.0	ctlapter	<<ctlapter>>	chapter
production-1910-11	1531	26.2	seenre	project to <<seenre>> the cooperation of the senators and representatives	seene|seenie
production-1910-11	1532	2.10	suvta	state of california which charter was duly <<suvta>>	suita|sukta|susta|suta|sutta|suva
production-1910-11	1532	8.0	wurress	<<wurress>> the city council of said city of	burress|duress
production-1910-11	1533	41.8	wpou	avenues alleys lanes and sidewalks and crosswalks <<wpou>>	pou|whou|wou|wpo|wpor|wpu
production-1910-11	1534	21.1	regmate	to <<regmate>> dispensaries hospitals markets and other pub	bregmate|regrate|remate
production-1910-11	1535	0.0	powersot	<<powersot>> regulate the running at large of any	powers|powerset|powershot
production-1910-11	1535	1.0	evunen	<<evunen>> pound to authorize the impounding of animals	even
production-1910-11	1539	50.0	dereember	<<dereember>>	december
production-1910-11	1540	27.5	heynn	america at the first session <<heynn>> and held in the city of wash	henn|heyn|heyne|heynen|heyns
production-1910-11	1541	29.0	ciiapter	<<ciiapter>>	chapter
production-1910-11	1542	1.2	butice	requires notice <<butice>>	butic|butine
production-1910-11	1542	14.10	goiut	shall be freated in all respects as <<goiut>>	goint|goit|gout
production-1910-11	1542	45.0	apit	<<apit>> r a bill itas bren passed by	abit|acit|adit|afit|agit|ahit
production-1910-11	1543	11.5	scpate	to eonenr in case the <<scpate>> amend and pass an assembly ill or	sclate|scopate|spate
production-1910-11	1543	13.0	inamend	<<inamend>> be a senate bill or the assembly	unamend
production-1910-11	1544	8.11	inimc	of the report if raised shall be <<inimc>>	iimc
production-1910-11	1544	12.11	vssaues	be sent from either house it shall <<vssaues>>	issues
production-1910-11	1544	15.6	nergeaut	by whom it may be scnt <<nergeaut>>	sergeant
production-1910-11	1544	18.13	eukry	of cach house may determine to to <<eukry>>	eury
production-1910-11	1544	27.10	riznature	engrossing and enrolling committee of the assem <<riznature>>	signature
production-1910-11	1544	33.10	moliiag	enrolled they shall be reexamined by the <<moliiag>>	molding
production-1910-11	1545	39.0	nenale	<<nenale>> joint resolution no relative to panama pacific	neale|penale
production-1910-11	1546	15.0	citapter	<<citapter>>	chapter
production-1910-11	1546	21.10	tncol	by the committee as hereinafter provided on <<tncol>>	ancol|oncol
production-1910-11	1546	39.0	wureas	<<wureas>> the city of modesto a municipal corporation	ureas
production-1910-11	1548	4.0	agriole	<<agriole>> j naune and rights of the city	agricole
production-1910-11	1548	13.5	xupplics	article x public work avd <<xupplics>>	supplies
production-1910-11	1548	21.1	nviit	anricie <<nviit>> bliseelaneuns	niit|visit
production-1910-11	1548	37.0	tovee	<<tovee>> until amended or repealed and all proceedings	bovee|lovee|novee|ovee|toee|topee
production-1910-11	1549	9.5	ercek	said center line of dry <<ercek>> intersects the center line of the	erceg|erek
production-1910-11	1549	20.0	titory	<<titory>> embraced therein may he added to or	titor|tutory
production-1910-11	1549	30.5	srecessivn	perpet ul to have perpetual <<srecessivn>>	recession
production-1910-11	1551	20.0	tohorrew	<<tohorrew>> to borrow money for any of the	tomorrow
production-1910-11	1552	0.1	unprove	to <<unprove>> the rivers streams units and channels lapmve	unproved|unproven|unrove
production-1910-11	1552	0.8	lapmve	unprove the rivers streams units and channels <<lapmve>>	lapse
production-1910-11	1552	22.10	veruilts	to use the streets or public property <<veruilts>> to	verdicts
production-1910-11	1552	35.0	vuisanecs	<<vuisanecs>>	nuisances
production-1910-11	1552	36.9	nuisnaces	what constitutes a nuisance and io provide <<nuisnaces>>	nuisances
production-1910-11	1553	14.4	chunneys	or unsafe buildings walls <<chunneys>> stacks or other structures	channels|chutneys
production-1910-11	1554	7.4	eveles	or propel bicycles motor <<eveles>> automobiles or other vehicles	eeles|eveless|veles
production-1910-11	1554	26.9	binboards	license or prohibit the construction and use <<binboards>>	inboards
production-1910-11	1554	29.10	duxs	prevent the running at large of dogs <<duxs>>	duas|dubs|ducs|duds|dues|dugs
production-1910-11	1555	13.0	cevs	<<cevs>> vegetables breadstuffs milk and other food products	bevs|cavs|ceas|cebs|cecs|ceds
production-1910-11	1555	34.0	urbage	<<urbage>> to provide for the treatment of and	burbage|urbane
production-1910-11	1556	6.10	frrone	repaying by the treasurer of any taxes <<frrone>>	ferrone|front
production-1910-11	1556	15.10	utinn	exceed the amount of judgment and costs <<utinn>>	tinn|uninn
production-1910-11	1556	17.10	saleot	the sale at public auction after advertising <<saleot>>	salet
production-1910-11	1556	39.11	pazdoned	ordinance to convey by deed such street <<pazdoned>>	pardoned
production-1910-11	1557	41.0	ofpipe	<<ofpipe>> pipes and all other pipes and conduits	office
production-1910-11	1558	26.2	cuact	und to <<cuact>> appropriate legislation and do and perform any	coact
production-1910-11	1558	41.9	pueet	voters of the city shall have power <<pueet>> te	peet|preet|puget|puneet|queet
production-1910-11	1559	24.0	pomae	<<pomae>> follows and shall contain the name of	omae|poma|pomace|pomade|pomak|pomane
production-1910-11	1559	33.0	etrom	<<etrom>> for the nomination of eeeee eee ee	eprom|etro|etrog|etron|petrom|strom
production-1910-11	1561	5.0	shmature	<<shmature>> hame from the senie by filing with	mature
production-1910-11	1562	10.2	batlol	requirements of <<batlol>>	batlon|batool
production-1910-11	1562	23.11	bvev	candidate who has been duly and regu <<bvev>>	bev|blev|brev|bve|vev
production-1910-11	1562	24.0	domncr	<<domncr>>	donor
production-1910-11	1565	36.8	cleeted	election and qualification of the two councilmen <<cleeted>> at	cleated|cleeked|clefted|fleeted|sleeted
production-1910-11	1566	0.8	comphed	not consistent with this charter shall be <<comphed>> with	comped|compher
production-1910-11	1566	14.11	bpem	adopted according to the provisions of this <<bpem>>	beem|bem|blem|boem|bpe|bpel
production-1910-11	1566	34.12	excentive	that all the ordinances thereof are duly <<excentive>>	exceptive
production-1910-11	1566	40.9	atayer	the temporary absence or disability o the <<atayer>> pro	stayer|tayer
production-1910-11	1567	48.1	eised	body <<eised>> bv a council to be designated the	eased|eise|eisel|eisen|eiser|erised
production-1910-11	1568	35.10	onnat	the affirmative votes of at least three <<onnat>>	annat|bonnat|nonnat|onat|onna|onnit
production-1910-11	1568	41.9	xuucting	clause of all ordinances adopted by the <<xuucting>>	ducting
production-1910-11	1568	42.12	unteot	of the city of modesto do ordain <<unteot>>	intent|untent
production-1910-11	1569	2.0	nonees	<<nonees>> other tine than at a reunlay meeting	donees|nonces|nones
production-1910-11	1569	11.0	meertam	<<meertam>> the appropriation or expenditure of any public	merriam
production-1910-11	1569	12.1	aosum	reer <<aosum>> jess than two hundred dollars for the	aksum|assum|assume|asum|osum
production-1910-11	1569	13.0	nequisition	<<nequisition>> sale or lease of public property tor	requisition
production-1910-11	1569	27.2	altesting	signing aud <<altesting>>	attesting
production-1910-11	1569	28.0	sycuang	<<sycuang>> all ordinances shall be signed by the	sycuan
production-1910-11	1569	32.1	aanen	am <<aanen>> hy reference to is title only but	aalen|aane|aasen|annen|banen|hanen
production-1910-11	1569	44.0	nanees	<<nanees>> such record copy with such certificate or	anees|manees|nafees|nanes|nannes|nantes
production-1910-11	1570	10.10	vueunt	in section of article null is ad <<vueunt>>	vent
production-1910-11	1570	20.3	departaients	executive and adillnistrative <<departaients>>	departments
production-1910-11	1570	35.0	ployvee	<<ployvee>> to perform duties in two or more	plover
production-1910-11	1571	19.1	antships	dloyeun <<antships>> boards and commissions and employments other than	antship
production-1910-11	1571	28.0	biuyecs	<<biuyecs>> receive no remuneration shall be by salary	buyers
production-1910-11	1571	43.0	pepub	<<pepub>> the annual reports of the mayor and	epub|repub
production-1910-11	1572	7.11	ofiecers	employee of the city shall be directly <<ofiecers>>	officers
production-1910-11	1572	25.12	fultous	be withheld by reason of any religious <<fultous>>	fulton|fultons|fulvous
production-1910-11	1573	4.0	uonual	<<uonual>> sions shall send to the commissioner of	annual
production-1910-11	1573	24.0	hudeet	<<hudeet>> dax levy and make a budget of	budget
production-1910-11	1573	32.0	equaliza	<<equaliza>> s	equalize
production-1910-11	1574	46.0	niabered	<<niabered>> avd dated the same as the demand	numbered
production-1910-11	1575	34.0	tuiform	<<tuiform>> sre the council shall prescribe uniform forms	suiform|triform|tubiform|uniform
production-1910-11	1576	0.9	progree	any contract may provide lor progressive puy <<progree>>	program|progrede|progres
production-1910-11	1576	13.11	doneby	in ajl street and sewer work and <<doneby>>	doney
production-1910-11	1576	15.7	overhow	embankments or other works lor protection against <<overhow>>	overbow|overcow|overhot|overlow|oversow
production-1910-11	1576	31.4	cusuing	official advertising for the <<cusuing>> been vear por this pur often	cushing|cussing
production-1910-11	1576	33.0	tinetly	<<tinetly>> and specifically the work contemplated to be	tinety
production-1910-11	1576	48.11	wuming	to pay for elvetrie jicht or anv <<wuming>>	cuming|fuming|luming|puming|wujing|wuling
production-1910-11	1577	8.0	colltiston	<<colltiston>> ske any officer of the city or	collision
production-1910-11	1577	9.0	bebler	<<bebler>> there who shall aid or assist a	bealer|bebber|beber|beblear|bebled|beeler
production-1910-11	1577	15.0	aceopt	<<aceopt>> materials ov supplies of a quality inferior	acept
production-1910-11	1577	20.8	froin	guilty of malfeasance and shall be removed <<froin>> office	broin|foin|frain|frein|frin|froid
production-1910-11	1577	33.0	theeity	<<theeity>> ine wharl property land ander water public	thecity
production-1910-11	1579	0.8	auntal	offering the highest percentage of the gross <<auntal>> receipts	antal|austal|buntal|puntal
production-1910-11	1580	21.7	seenre	all regulations which shall be necessary to <<seenre>> in the most nd print	seene|seenie
production-1910-11	1580	43.12	herume	of the period for which the franchise <<herume>>	heaume
production-1910-11	1581	22.0	franchhe	<<franchhe>> sent of the city and no dealings	franche|franchise
production-1910-11	1581	29.0	nircel	<<nircel>> sprinkling cleaning and paving	aircel|parcel
production-1910-11	1582	3.10	toperts	franchise granted under this article shall file <<toperts>> of	topers
production-1910-11	1582	11.10	immme	the city of modesto for the vear <<immme>>	imme
production-1910-11	1582	20.11	pueripty	the time of filing the annual report <<pueripty>>	purity
production-1910-11	1582	24.4	rueted	ing the works cons <<rueted>> under such franchise	rueter|runted|rusted|rutted
production-1910-11	1584	23.0	nwaber	<<nwaber>> and genuineness of signatures the clerk shall	naber|waber
production-1910-11	1584	35.10	ofteer	call for the election there shall he <<ofteer>> s	oftener|ofter
production-1910-11	1585	47.0	disquulif	<<disquulif>> no person recalled under the provisions of	disqualify
production-1910-11	1586	32.0	inined	<<inined>> and his occupation	inlined
production-1910-11	1588	25.1	wwless	operative <<wwless>> a majority of the qualified electors voting	awless
production-1910-11	1588	35.11	siesto	city shall have authority to enact the <<siesto>>	sesto|siento|siesta|sisto|tiesto
production-1910-11	1590	26.1	eoune	the <<eoune>> il may prescribe shall have control uf	doune|elune|eone|eune
production-1910-11	1590	39.9	rauen	school department of the city of modesto <<rauen>>	auen|bauen|frauen|nauen|raaen|raben
production-1910-11	1591	0.0	eduee	<<eduee>> schools provided that no school money shall	edee|educe|edule
production-1910-11	1592	26.0	bonmdaries	<<bonmdaries>> pupils must attend their respective buildings or	boundaries
production-1910-11	1593	0.0	eduea	<<eduea>> provided further that such sale or exchange	edea|educa
production-1910-11	1593	1.0	tlonul	<<tlonul>> debe ratified by a majority vote of	tonal
production-1910-11	1596	1.0	abiendments	<<abiendments>>	amendments
production-1910-11	1597	4.0	inforee	<<inforee>> consistent with the provisions thereof are hereby	inforce|informe
production-1910-11	1597	18.0	nanees	<<nanees>> may be prosecuted by the authorities of	anees|manees|nafees|nanes|nannes|nantes
production-1910-11	1598	27.2	smitit	b j <<smitit>>	smitt
production-1910-11	1598	35.3	urnta	state of cali <<urnta>>	uinta|unta|urata|urna
production-1910-11	1599	36.3	tuomppson	attest w o <<tuomppson>>	thompson
production-1910-11	1600	6.0	wuerres	<<wuerres>> the state of california at the cost	guerres
production-1910-11	1603	34.0	bemade	<<bemade>> into the contract hereinbefore mentioned nor to	bejade|bemad|remade
production-1910-11	1604	21.0	wurress	<<wurress>> at a special election duly held in	burress|duress
production-1910-11	1605	19.0	waenr	<<waenr>> s said charter as so ratified was	waen|waer|waner
production-1910-11	1610	3.10	filluy	original or the amended petition of nom <<filluy>> of	filley|filly
production-1910-11	1611	35.0	fpaces	<<fpaces>> tor of candidates for each office to	faces|paces|spaces
production-1910-11	1612	31.10	fegule	electors the manner of voting the duties <<fegule>>	ferule
production-1910-11	1615	11.0	tionto	<<tionto>> lated for signatures thereto an affidavit in	tinto|tonto|tronto
production-1910-11	1615	46.0	fornou	<<fornou>> wilfully fail or neglect to do or	forno|fornos|foryou
production-1910-11	1616	8.11	oftecr	more than two hundred words a state <<oftecr>> s	ofter
production-1910-11	1616	47.12	mhatco	he do not resign continue to per <<mhatco>>	matco|whatco
production-1910-11	1618	21.13	eteo	city shall be a mayor an tlw <<eteo>>	eeo|ete|etec|etel|etem|eten
production-1910-11	1619	11.0	oerey	<<oerey>> commissioner the person must be a citizen	nerey|orey|orrey|perey|serey|verey
production-1910-11	1619	16.0	fligtbility	<<fligtbility>> src to be eligible to the office	eligibility
production-1910-11	1620	34.7	omelal	src the mayor auditor treasurer each commissioner <<omelal>>	omelas
production-1910-11	1622	3.8	regwar	finance shall receive ten dollars for cach <<regwar>> meeting	regar|regear
production-1910-11	1623	9.0	precity	<<precity>> s pensation at the beginning of each	precita|precite|preity
production-1910-11	1624	7.8	fiye	the executive and administrative powers author rhe <<fiye>>	aiye|diye|faye|fibe|fice|fide
production-1910-11	1625	28.0	pinse	<<pinse>> sol all buildings belonging to or used	inse|linse|panse|pense|pince|pine
production-1910-11	1626	42.7	litizati	ite shall not settle or dismiss any <<litizati>> m for or against the	litigate
production-1910-11	1627	50.0	vevors	<<vevors>> and his official acts and all plats	vevers
production-1910-11	1628	13.10	pohce	police the chief of the fire department <<pohce>> und	poche|pohle|poice|polce|ponce|pouce
production-1910-11	1628	34.7	diteers	create consolidate and discontinue officers deputyships assist <<diteers>> an	dieters|dithers
production-1910-11	1628	35.0	antships	<<antships>> and employments other than those prescribed in	antship
production-1910-11	1629	8.0	honuated	<<honuated>> except a member of the police or	donated
production-1910-11	1630	13.12	oftver	of the city of oakland shall xo <<oftver>>	ofter
production-1910-11	1631	0.0	blvot	<<blvot>> ings pec at eleven o clock a	blot
production-1910-11	1631	28.0	blectings	<<blectings>> sec all sessions of the council whcther	electing
production-1910-11	1631	36.0	proveed	<<proveed>>	proceed|proved
production-1910-11	1632	13.9	knarting	clause of all ordinances passed by the <<knarting>>	karting
production-1910-11	1632	34.7	ordinnwe	no action providing for any specific improvements <<ordinnwe>>	ordinance
production-1910-11	1633	29.0	nabee	<<nabee>> shall be prima facie evidence of the	abee|babee|mabee|nabe|nabeel|nabel
production-1910-11	1633	38.0	viaeot	<<viaeot>> cerning the special department of any absent	video
production-1910-11	1634	38.0	terics	<<terics>> crematories garbage collection garbage disposal and	erics|sterics|terius|terms
production-1910-11	1636	7.13	publle	heat or power and all products br <<publle>>	pubble|public|pulle
production-1910-11	1636	11.10	leareot	persons firms or corporations for the pur <<leareot>>	nearest
production-1910-11	1636	38.12	srewal	courses and to provide for the construc <<srewal>>	grewal
production-1910-11	1637	31.0	tidede	<<tidede>> violation of any provision of this charter	tided|tidende|tiede
production-1910-11	1637	32.0	nanees	<<nanees>> but no penalty shall exceed sive hundred	anees|manees|nafees|nanes|nannes|nantes
production-1910-11	1637	38.0	tuiping	<<tuiping>> such nuisances or otherwise	taiping
production-1910-11	1638	5.8	faplosive	regulate or prohibit the manufacture keeping stor <<faplosive>>	explosive
production-1910-11	1638	10.7	muteriuls	oil and other inflammable and combustible materials <<muteriuls>>	materials
production-1910-11	1640	0.1	pubhe	what <<pubhe>> meetings gatherings parades or processions upon	dubhe|pube|puhe
production-1910-11	1640	35.9	bimoards	license or prohibit the construction and use <<bimoards>>	boards
production-1910-11	1641	12.0	patlone	<<patlone>> nature as to affect the public health	pallone|patrone
production-1910-11	1641	31.0	dairirs	<<dairirs>>	dairies
production-1910-11	1642	5.0	yinons	<<yinons>> or alcoholic minors in a saloon or	yinon
production-1910-11	1642	27.8	zublir	license regulate restrain or prohibit all exhibitions <<zublir>>	public|zubair
production-1910-11	1643	0.0	erione	<<erione>> to order the repaying hy the treasurer	erine|erion|eryone|rione
production-1910-11	1643	2.0	tasea	<<tasea>> fees	asea|casea|taea|takea|talea|tamea
production-1910-11	1643	6.0	bluyor	<<bluyor>> n to provide an urgent necessity fund	buyer
production-1910-11	1643	46.0	brades	<<brades>> lic place	abrades|blades|braces|brade|braden|brader
production-1910-11	1646	6.11	cffucet	two or more such street railroads using <<cffucet>>	faucet
production-1910-11	1647	7.0	ofpipes	<<ofpipes>> pipes gas pipes mains fire plugs and	offices
production-1910-11	1647	36.3	eaege	d ve eos <<eaege>>	eage
production-1910-11	1649	2.1	daties	oa <<daties>> recorded in the minutes with the ayes	baties|daries|dates|datis|datives|davies
production-1910-11	1651	10.0	uppeint	<<uppeint>> than three of whom shall be of	uppent|uppoint
production-1910-11	1652	39.9	nevounts	maintenance of children s play grounds an <<nevounts>>	recounts
production-1910-11	1652	40.0	nuilly	<<nuilly>> appropriate to the hoard of play ground	neilly|neuilly|nilly|quilly
production-1910-11	1656	4.9	bomova	cases of misconduct inability or wilful neglect <<bomova>>	bokova|pomona
production-1910-11	1656	17.0	beeonie	<<beeonie>> a matter of public record the council	beenie
production-1910-11	1657	0.0	xamina	<<xamina>> sec all apple ants for places in	amina|hamina|kamina|lamina|pamina|samina
production-1910-11	1657	11.0	poartof	<<poartof>> appointing power to the board of all	partof
production-1910-11	1657	21.0	penous	<<penous>> to he filled the board shall as	peneus|venous
production-1910-11	1659	0.0	appuuls	<<appuuls>> seo any person suspended fined or discharged	appeals
production-1910-11	1659	25.0	probibi	<<probibi>> src no civil service employee and no	prohibit
production-1910-11	1660	21.9	appomt	chief of police captain of inspectors cap <<appomt>>	apport
production-1910-11	1660	23.9	chittot	and all other officers and members shall <<chittot>>	chitto|chittor
production-1910-11	1660	42.11	peent	the captain of detectives shall be desig <<peent>>	peen|peens|peet|peint|penet|pent
production-1910-11	1661	9.0	bailiffgs	<<bailiffgs>>	bailiffs
production-1910-11	1664	41.11	quattea	become a member of the fire de <<quattea>>	quarter
production-1910-11	1666	32.2	ccasc	disability shall <<ccasc>> his pension shall cease and he shall	casc|ccac|ccas|ccsc
production-1910-11	1672	14.9	anonal	council shall meet annually prior to fixing <<anonal>>	agonal|anconal|annal|anodal|anona|anonol
production-1910-11	1672	19.5	dlewed	sun and the items thereof <<dlewed>> to each department office	clewed|flewed|slewed
production-1910-11	1674	14.10	dutle	shall be ex officio assessor as as <<dutle>>	duale|duble|duele|dule|duntle|duole
production-1910-11	1674	15.0	sessor	<<sessor>> he shall perform all the duties prescribed	cessor|essor|lessor|messor|seasor|sensor
production-1910-11	1675	0.0	andited	<<andited>> im the sane mmoner as if it	audited|indited
production-1910-11	1675	0.4	mmoner	andited im the sane <<mmoner>> as if it had not been rejected	moner|mooner
production-1910-11	1679	0.4	olliccr	thereof yy the proper <<olliccr>> department or board	ollice
production-1910-11	1680	20.0	linhle	<<linhle>> shall be paid for hy the city	lingle|linkle
production-1910-11	1680	23.1	letterhends	bills <<letterhends>> or other documents or printed matter required	letterheads
production-1910-11	1682	35.10	sidainy	of opening the scaled bids any responsible <<sidainy>>	siding
production-1910-11	1686	46.9	burect	grant of any franchise permit or privi <<burect>>	buret
production-1910-11	1691	5.0	rullroads	<<rullroads>> set forth that is to say	railroads
production-1910-11	1694	19.11	tonscn	or sufficient unless the same shall have <<tonscn>>	tons|tonson
production-1910-11	1696	18.8	obarter	the provisions of this article unless prohibited <<obarter>>	barter
production-1910-11	1697	0.0	roteren	<<roteren>> sec no ordinance or other measure passed	rotten
production-1910-11	1698	32.2	deing	vue eevenrelevccereeecseey <<deing>> guly sworn deposes and	being|daing|dding|deign|dein|deine
production-1910-11	1699	25.0	cwetion	<<cwetion>> less than ninety days prior o a	cretion
production-1910-11	1702	16.9	fermso	members of the council the members of <<fermso>>	fermo
production-1910-11	1703	9.0	preniam	<<preniam>> sec the premium or charge for all	premium
production-1910-11	1703	44.9	anthenti	be made in writing and in duplicate <<anthenti>>	authentic
production-1910-11	1704	3.13	mobarter	general laws of the state of cali <<mobarter>>	barter
production-1910-11	1704	5.14	tedor	oakland and the charter of sneh s <<tedor>>	fedor|sedor|tenor|teodor|tepor|todor
production-1910-11	1706	10.1	itogan	hugh <<itogan>>	itoman
production-1910-11	1706	16.3	enceln	attest harry a <<enceln>> secretary	encell
production-1910-11	1706	20.1	fsanx	i <<fsanx>> k mort mayor of the city of	fanx|fsanz
production-1910-11	1707	10.0	srau	<<srau>> frank k mott	arau|brau|drau|erau|frau|grau
production-1910-11	1708	9.9	songics	to urge upon congress the importance and <<songics>>	sonics
production-1910-11	1708	10.9	sveting	for immediate relief legislation at this session <<sveting>>	seting
production-1910-11	1708	42.12	fnacting	act passed by the legislature the enact <<fnacting>>	enacting|unacting
production-1910-11	1709	27.0	inatter	<<inatter>> provided if any law so petitioned for	gnatter|natter
production-1910-11	1709	35.11	ensn	for approval or rejection at the next <<ensn>>	enan|enen|enin|enn|enns|enon
production-1910-11	1709	41.0	referun	<<referun>> the second power reserved to the people	referen
production-1910-11	1712	28.9	initiutire	and referendum powers of the people are <<initiutire>>	initiative
production-1910-11	1712	31.0	smvli	<<smvli>> procedure as may be provided by law	small
production-1910-11	1714	20.5	volcd	l francisco sule of california <<volcd>> for and ratified by the	volc|volca|vold
production-1910-11	1715	3.1	exposil	for <<exposil>> said city and county by amending section	exposal|exposit
production-1910-11	1715	24.0	tpie	<<tpie>> forth a proposal to the qualified electors	opie|pie|qtpie|spie|tapie|thie
production-1910-11	1715	31.0	ometnl	<<ometnl>> ud charter amendment no entitled describing and	metal
production-1910-11	1715	38.0	ierer	<<ierer>> forth a proposal to the qualified electors	cerer|erer|herer|ieper|ihrer|lerer
production-1910-11	1716	30.12	ireets	the qualified electors of the city and <<ireets>>	greets
production-1910-11	1716	37.7	epalring	charter amendment no entitled describing and sct <<epalring>>	repairing
production-1910-11	1717	0.0	puvav	<<puvav>> ting forth a proposal to the qualified	puva
production-1910-11	1717	5.0	duscum	<<duscum>> ia charter amendment no entitled describing and	museum
production-1910-11	1717	19.0	raflvays	<<raflvays>> ting forth a proposal to the qualified	railways
production-1910-11	1717	39.4	xtva	ing section of article <<xtva>> and adding three new sections	ktva|tva|xtra
production-1910-11	1718	4.12	conml	the qualified electors of the city and <<conml>>	conal|concl|confl|conmy
production-1910-11	1718	19.5	conpty	charter of said cily and <<conpty>> by adding a new section to	conaty|conty
production-1910-11	1718	23.7	peuslons	charter amendment no entitled describing and set <<peuslons>>	persons
production-1910-11	1719	27.0	tdueation	<<tdueation>> ting forth a proposal to the qualified	education
production-1910-11	1719	37.0	jaborers	<<jaborers>> ting forth a proposal to the qualified	laborers
production-1910-11	1720	30.0	wurress	<<wurress>> at said special election so held on	burress|duress
production-1910-11	1721	49.3	iniown	pacific ocean and <<iniown>> as golden gate park also the land	inion|intown
production-1910-11	1722	47.6	ypositio	section tho panama pacific international exposition <<ypositio>>	positio|position
production-1910-11	1724	15.8	donics	forthwith unless and until said purported signer <<donics>>	conics|donic|donis|ionics|sonics|tonics
production-1910-11	1724	35.12	speeul	as many in number as ten per <<speeul>>	speel
production-1910-11	1724	46.13	letlon	if for any reason any measure pro <<letlon>>	leblon|letson|letton
production-1910-11	1725	8.0	hailott	<<hailott>> y measure shall contain a general statement	bailout
