production-1917-vol1-chapters	363	25.7	cxam	provided however that the governor may authorize <<cxam>>	caam|cam|ccam|cham|ciam|clam
production-1917-vol1-chapters	364	18.8	equsatio	the state board of equalization shall immediately <<equsatio>>	equation
production-1917-vol1-chapters	365	5.0	euualization	<<euualization>> township or district upon the franchises roadway	equalization
production-1917-vol1-chapters	365	29.0	asesments	<<asesments>> investigation that any county city or other	assesments
production-1917-vol1-chapters	366	43.10	nioney	shall out of the taxes collected by <<nioney>>	niney|nooney
production-1917-vol1-chapters	367	28.0	andtown	<<andtown>> city and town for the moneys due	anytown|sandtown
production-1917-vol1-chapters	367	29.0	weaners	<<weaners>> purposes mentioned in this section and when	beaners|leaners|weaner|wearers|weavers|weiners
production-1917-vol1-chapters	368	22.9	rapenses	provisions of section three thousand eight hun <<rapenses>>	expenses
production-1917-vol1-chapters	370	9.9	btats	act entitled an act prescribing the terms <<btats>>	bats|batts|beats|blats|boats|brats
production-1917-vol1-chapters	371	21.0	kepresenta	<<kepresenta>> every foreign corporation shall file with the	representa
production-1917-vol1-chapters	371	22.0	forelen	<<forelen>> s state a designation of some person	foreleg|foremen
production-1917-vol1-chapters	373	31.1	ortnes	tof <<ortnes>> sec the license hereby provided authorizes the	ornes|ortner
production-1917-vol1-chapters	373	39.0	tacense	<<tacense>> wx sec at the time any corporation	license
production-1917-vol1-chapters	373	51.0	venr	<<venr>>	denr|enr|henr|lenr|vear|veer
production-1917-vol1-chapters	374	9.9	curporatio	secretary of state state controller and mem <<curporatio>>	corporation
production-1917-vol1-chapters	375	0.6	leense	exemption ihe determination of such corporation <<leense>> tax	leese|lense
production-1917-vol1-chapters	377	25.0	multax	<<multax>> any decree of dissolution of any domestic	multa|multan|surtax
production-1917-vol1-chapters	381	39.0	eyele	<<eyele>> shall include all motor vehicles designed to	ebele|edele|eyelet|yele
production-1917-vol1-chapters	381	45.5	bahiin	fn nll h weeeewnmmwmn nf <<bahiin>> ea nnk md manitaad flarwthan thrnt	bahian|bahini|basin
production-1917-vol1-chapters	382	3.0	bandry	<<bandry>> temporarily drawn propelled or moved upon such	andry|badry|baldry|bandra|bandy|bantry
production-1917-vol1-chapters	382	8.3	intcuded	public private designed <<intcuded>> or used by or for the	intruded
production-1917-vol1-chapters	383	0.0	piuses	<<piuses>> of less than three months in the	pauses|pisses|pluses|priuses
production-1917-vol1-chapters	389	1.0	fumished	<<fumished>> shall be furnished by the department without	famished
production-1917-vol1-chapters	391	36.0	vusafe	<<vusafe>> tf the department shall determine at any	usafe
production-1917-vol1-chapters	394	44.12	reistratio	drive a motor vehicle on the public <<reistratio>>	registration
production-1917-vol1-chapters	396	13.9	lainps	pedestrian shall carry one or more lighted <<lainps>>	laines
production-1917-vol1-chapters	396	17.11	motorescle	and under the conditions in this section <<motorescle>>	motorcycle
production-1917-vol1-chapters	404	34.1	inotor	no <<inotor>> or other vehicle carrying a weight in	inator
production-1917-vol1-chapters	406	46.10	vvulid	until the certificate is so indorsed ijuicenses <<vvulid>>	valid
production-1917-vol1-chapters	408	9.0	ecalment	<<ecalment>> or misrepresenting the identity of said motor	calment
production-1917-vol1-chapters	408	12.11	mettect	operate or drive a motor vehicle or <<mettect>>	detect
production-1917-vol1-chapters	410	1.10	fiitay	conviction of any person for the viola <<fiitay>>	fifty
production-1917-vol1-chapters	410	49.0	sununen	<<sununen>> witnesses jn behalf of the state and	sunnen
production-1917-vol1-chapters	411	18.0	ketum	<<ketum>> of d upon the expiration of the	ketu|ketua|ketut|keum|kutum|tetum
production-1917-vol1-chapters	413	14.0	pieposition	<<pieposition>> sec a ail fines or forfeitures collected	preposition
production-1917-vol1-chapters	414	37.9	rrintea	shall be printed two hundred fifty thousand <<rrintea>>	printed
production-1917-vol1-chapters	416	8.0	hercof	<<hercof>>	hercog|hereof
production-1917-vol1-chapters	418	9.4	vavions	the dates of the <<vavions>> actions or things required to	avions
production-1917-vol1-chapters	418	38.7	smnexing	city whether heretofore or hereafter formed incorporated <<smnexing>>	annexing
production-1917-vol1-chapters	419	8.0	flectlon	<<flectlon>> part of said municipal corporation such question	flection
production-1917-vol1-chapters	419	14.0	notlee	<<notlee>> such question is prohibited by law and	notley
production-1917-vol1-chapters	421	40.0	wuittier	<<wuittier>> property of the school a department for	whittier|wittier
production-1917-vol1-chapters	422	11.9	cuntea	said department shall be under the direction <<cuntea>>	center|cuneta
production-1917-vol1-chapters	427	26.2	sectionized	have been <<sectionized>> by the united states government shal be	sectionize
production-1917-vol1-chapters	427	27.7	tuand	assessed by sections or fractions of sections <<tuand>> sold by	quand|tand|tuan|tuland|tund|turnd
production-1917-vol1-chapters	428	19.9	sectionized	six hundred forty acres which have been <<sectionized>>	sectionize
production-1917-vol1-chapters	428	48.11	gerics	a vessel traversing across any of the <<gerics>>	erics
production-1917-vol1-chapters	431	15.3	gizty	thousand eight hundred <<gizty>> one and three thousand eight	gifty|ginty|girty|gitty
production-1917-vol1-chapters	432	31.10	yentilatior	in any hotel used for sleeping pur <<yentilatior>>	ventilation
production-1917-vol1-chapters	432	49.1	bonra	ere <<bonra>>	bogra|bohra|bona|bonar|bonda|bondra
production-1917-vol1-chapters	433	4.0	vietion	<<vietion>> shall be fined not more than two	viation
production-1917-vol1-chapters	435	37.0	fumished	<<fumished>> to clerk shall furnish upon written or	famished
production-1917-vol1-chapters	438	21.11	btats	an act entitled an act to fix <<btats>>	bats|batts|beats|blats|boats|brats
production-1917-vol1-chapters	441	6.0	modeland	<<modeland>> five hundred eighty dollars is hereby appropriated	moreland
production-1917-vol1-chapters	441	7.0	tainz	<<tainz>> money in the state treasury not otherwise	ainz|gainz|kainz|mainz|sainz|tain
production-1917-vol1-chapters	445	7.0	gutem	<<gutem>> money in the state treasury not otherwise	autem|gotem|gute|guten|guter|gutes
production-1917-vol1-chapters	446	5.10	apmomns	of six thousand dollars or so much <<apmomns>>	aprons
production-1917-vol1-chapters	446	21.10	gmiasium	may be necessary is hereby appropriated out <<gmiasium>>	gymnasium
production-1917-vol1-chapters	447	6.0	sexerage	<<sexerage>> thereof as may be necessary is hereby	sewerage
production-1917-vol1-chapters	448	19.11	roairs	necessary is hereby appropriated out of any <<roairs>>	roars
production-1917-vol1-chapters	448	29.11	cottuze	necessary is hereby appropriated out of any <<cottuze>>	cottage
production-1917-vol1-chapters	450	18.11	mendorino	in the state treasury not otherwise appropriated <<mendorino>>	mendocino
production-1917-vol1-chapters	451	27.0	climot	<<climot>> thereof as may be necessary is hereby	climat|climo
production-1917-vol1-chapters	452	6.10	apopria	of forty thousand dollars or so much <<apopria>>	aporia
production-1917-vol1-chapters	455	17.0	botlting	<<botlting>> much thereof as may he necessary is	bolting|botting|bottling|boulting
production-1917-vol1-chapters	456	27.0	szorion	<<szorion>> the sum of nine hundred sixty dollars	xzorion
production-1917-vol1-chapters	457	18.0	ndustrlal	<<ndustrlal>> money in the state treasury not otherwise	industrial
production-1917-vol1-chapters	458	6.8	apropria	the sum of eight thousand seven hundred <<apropria>>	propria
production-1917-vol1-chapters	459	8.0	califorda	<<califorda>> ated to be used in accordance with	californa|california
production-1917-vol1-chapters	462	21.10	vremo	of california in connection with the con <<vremo>>	bremo|cremo|premo|remo|vreme
production-1917-vol1-chapters	462	33.9	designattor	schools of the state shall be designated <<designattor>>	designator
production-1917-vol1-chapters	464	17.0	citapter	<<citapter>>	chapter
production-1917-vol1-chapters	464	38.2	thiwnty	owm nf <<thiwnty>> thawsonn dallars fav tho tmnnawamnant ssmnnawt etc	thirty
production-1917-vol1-chapters	464	38.4	dallars	owm nf thiwnty thawsonn <<dallars>> fav tho tmnnawamnant ssmnnawt etc	dallara|dallas|dollars
production-1917-vol1-chapters	465	10.0	tunitu	<<tunitu>> printed to be used in accordance with	tunity
production-1917-vol1-chapters	466	26.12	tomtant	at salaries not to exceed for any <<tomtant>>	toutant
production-1917-vol1-chapters	466	43.9	pprnia	sum of eight hundred dollars is hereby <<pprnia>>	parnia
production-1917-vol1-chapters	466	45.11	smncy	used in the repair of the naval <<smncy>>	sancy|sency|since|soncy
production-1917-vol1-chapters	468	6.9	trureling	members of the commission shall serve without <<trureling>>	traveling
production-1917-vol1-chapters	468	11.9	peremt	is hereby appropriated out of the general <<peremt>>	perent|peret|permet
production-1917-vol1-chapters	468	23.0	ticth	<<ticth>> fiscal years of organizing controlling equipping	tich|tilth|titch|tith
production-1917-vol1-chapters	468	34.9	riiving	funds in the state treasury not otherwise <<riiving>>	riving
production-1917-vol1-chapters	469	10.0	fshand	<<fshand>> treasury not otherwise appropriated to reimburse the	shand
production-1917-vol1-chapters	469	35.0	mppot	<<mppot>> of year one thousand nine hundred seventeen	mppt
production-1917-vol1-chapters	471	22.0	funerty	<<funerty>> levied and collected on all property in	finerty|funeral
production-1917-vol1-chapters	471	33.0	citapter	<<citapter>>	chapter
production-1917-vol1-chapters	472	12.0	bercd	<<bercd>> three thousand seven hundred a relating to	berch|berck|bercy|berd|bernd
production-1917-vol1-chapters	473	3.0	tustess	<<tustess>> dent a vicc president and a secretary	trustees|tustes
production-1917-vol1-chapters	474	32.9	paldto	amount hereby appropriated shall be paid to <<paldto>>	palato
production-1917-vol1-chapters	477	8.0	womers	<<womers>> out of any money in the state	comers|domers|homers|omers|somers|womens
production-1917-vol1-chapters	477	17.1	sgorion	approvria <<sgorion>> the sum of six thousand dollars or	gordon
production-1917-vol1-chapters	477	20.0	hepltal	<<hepltal>> to be used in accordance with law	heptal
production-1917-vol1-chapters	477	28.0	cotteg	<<cotteg>> much thereof as may be necessary is	cotte|cotted|cottee|cotten|cotter
production-1917-vol1-chapters	478	8.13	huwite	with law for the purchase of a <<huwite>>	humite
production-1917-vol1-chapters	479	7.0	pepalrs	<<pepalrs>>	repairs
production-1917-vol1-chapters	479	9.0	nowat	<<nowat>> money in the state treasury not otherwise	howat|mowat|nowa|nowak|nowata|noway
production-1917-vol1-chapters	479	18.0	fopeniy	<<fopeniy>> section the sum of fourteen thousand eight	openly
production-1917-vol1-chapters	479	30.0	nouthem	<<nouthem>> thereof ay may be necessary is hereby	nouther
production-1917-vol1-chapters	479	31.0	suors	<<suors>> money in the state treasury not otherwise	shors|sors|sours|sudors|suor|suos
production-1917-vol1-chapters	480	4.0	hosmtal	<<hosmtal>>	hosptal|hostal
production-1917-vol1-chapters	480	32.10	routhem	state treasury not otherwise appropriated to be <<routhem>>	route
production-1917-vol1-chapters	482	21.11	howita	used in accordance with law for the <<howita>>	howitt
production-1917-vol1-chapters	482	32.7	sonitel	administration building at the norwalk state hospital <<sonitel>>	sofitel
production-1917-vol1-chapters	483	17.0	lemdy	<<lemdy>> thereof as may be necessary is hereby	leady|leddy|leedy|leidy|lemay|lemmy
production-1917-vol1-chapters	484	18.11	jernons	of california and graduates of the cali <<jernons>>	persons|vernons
production-1917-vol1-chapters	486	7.11	fxpoition	in the state treasury not otherwise appropri <<fxpoition>>	exposition
production-1917-vol1-chapters	486	17.10	wivttie	in the state treasury not otherwise appropri <<wivttie>>	wittie
production-1917-vol1-chapters	486	26.11	patiding	thereof as may be necessary is hereby <<patiding>>	aiding
production-1917-vol1-chapters	493	36.0	buperin	<<buperin>> for salary of superintendent of state printing	buterin
production-1917-vol1-chapters	495	37.0	btote	<<btote>> water lor salaries of three commissioners thirty	bhote|boote|bote|botte|tote
production-1917-vol1-chapters	503	6.0	veterl	<<veterl>> for salary of assistant state veterinarian six	veter|vetera|vetere
production-1917-vol1-chapters	503	30.0	mashai	<<mashai>> one thousand two hundred dollars	marshai|masai|masha|mashad|mashal|masham
production-1917-vol1-chapters	504	10.10	curtes	expenses state board of charities and corrections <<curtes>>	cartes|certes|cortes|courtes|curates|cures
production-1917-vol1-chapters	504	22.8	hewitay	support of stockton state hospital four hundred <<hewitay>>	hewitt
production-1917-vol1-chapters	506	15.8	epmir	the various sums herein appropriated for print <<epmir>>	elmir|emir|repair
production-1917-vol1-chapters	506	48.10	hateme	and the officers of all institutions under <<hateme>>	hatem
production-1917-vol1-chapters	507	0.0	biemial	<<biemial>> submit a detailed statement under oath of	biennial
production-1917-vol1-chapters	508	20.10	umency	inasmuch as it provides for an appropriation <<umency>>	mency
production-1917-vol1-chapters	509	19.0	savoma	<<savoma>> money in the state treasury not otherwise	sanoma|savoca|savoia|savola|savona
production-1917-vol1-chapters	509	32.0	forgirl	<<forgirl>> used in accordance with jaw for the	forgery
production-1917-vol1-chapters	510	7.10	tttares	state treasury not otherwise appropriated to be <<tttares>>	tares
production-1917-vol1-chapters	512	28.10	homita	in accordance with law for the purchase <<homita>>	homina|lomita|romita|tomita
production-1917-vol1-chapters	513	27.0	climof	<<climof>> cents is hereby appropriated out of any	climo
production-1917-vol1-chapters	514	3.3	sermce	clerks stenographers and <<sermce>> agent of the attorney	servce
production-1917-vol1-chapters	514	10.8	siisty	reporter one service agent and six stenographers <<siisty>>	sixty
production-1917-vol1-chapters	515	6.0	eletrie	<<eletrie>> thereof as may be necessary is hereby	electric|eletric
production-1917-vol1-chapters	517	27.1	dotian	c <<dotian>> grover c julian	dorian|dotan|dothan|motian
production-1917-vol1-chapters	518	25.2	muddox	ti c <<muddox>>	maddox|mudbox
production-1917-vol1-chapters	520	3.0	cilics	<<cilics>> during the sixty ninth and seventieth fiscal	cilic|cilice|civics|colics
production-1917-vol1-chapters	520	13.0	woermer	<<woermer>> against the state of california	woerner|wormer
production-1917-vol1-chapters	520	18.8	woermer	appropriated to pay the claim of mark <<woermer>> wome	woerner|wormer
production-1917-vol1-chapters	520	20.9	woermer	draw his warrant in favor of mark <<woermer>> for	woerner|wormer
production-1917-vol1-chapters	522	9.4	iiome	cows for the veterans <<iiome>>	biome|ihome|iniome
production-1917-vol1-chapters	522	17.10	inetriate	be necessary is hereby appropriated out of <<inetriate>>	inebriate
production-1917-vol1-chapters	525	9.0	cumty	<<cumty>> wis appropriated to pay the traveling expenses	cmty|culty|cumay|cummy|cunty|cutty
production-1917-vol1-chapters	525	10.0	eourns	<<eourns>> county treasurers in making settlements with the	bourns|mourns
production-1917-vol1-chapters	525	11.1	sinfy	the <<sinfy>> ninth and seventieth fiscal years	infy|sify|sinay|sindy|singy|sinify
production-1917-vol1-chapters	528	20.0	cilapter	<<cilapter>>	chapter
production-1917-vol1-chapters	528	41.7	appolntess	the attorney general may appoint one assistant <<appolntess>>	appointees
production-1917-vol1-chapters	529	37.0	citapter	<<citapter>>	chapter
production-1917-vol1-chapters	529	45.1	pjeo	property <<pjeo>> mansion trustees during the sixty ninth and	jeo|peo|pjo|pleo|preo
production-1917-vol1-chapters	531	23.0	bemardino	<<bemardino>> money in the state treasury not otherwise	berardino|bernardino
production-1917-vol1-chapters	534	28.12	setin	is hereby appropriated out of ady om <<setin>>	cetin|detin|estin|getin|metin|retin
production-1917-vol1-chapters	535	14.7	hakeri	of the mealy bugs pscudococeus cilrt p <<hakeri>> and p citro	bakeri|haeri|haker
production-1917-vol1-chapters	538	3.5	inlt	approved may in effect tuly <<inlt>>	ilt|inat|inet|init|inkt|inl
production-1917-vol1-chapters	539	21.0	treaswer	<<treaswer>> bookkeeper and one secretary stenographer all of	treaster
production-1917-vol1-chapters	544	6.10	omhan	dollars nineteen cents or much thereof as <<omhan>> ald	mohan|ohan|ohman|oman|omha|omran
production-1917-vol1-chapters	545	21.7	perfield	appropriated to pay the claim of frank <<perfield>> against	penfield
production-1917-vol1-chapters	545	23.9	perfield	his warrant in favor of frank b <<perfield>> for said sum	penfield
production-1917-vol1-chapters	546	24.9	appromis	sum of one thousand five hundred thirty <<appromis>>	approves
production-1917-vol1-chapters	547	33.0	comsd	<<comsd>> ont of any money in the state	comd|comed|comid|coms|cost
production-1917-vol1-chapters	549	6.0	cinim	<<cinim>> of eighty five hundredths dollars is hereby	canim|cini|conim|minim
production-1917-vol1-chapters	550	1.10	snvith	money to pay the claim of michael <<snvith>>	snaith
production-1917-vol1-chapters	551	19.0	clainef	<<clainef>> one and forty one hundredths dollars is	claimed
production-1917-vol1-chapters	551	33.0	ofwm	<<ofwm>> six hundredths dollars is hereby appropriated out	fwm|ofdm|ofm|ofw|ofws|owm
production-1917-vol1-chapters	551	34.0	bosrell	<<bosrell>> money in the state treasury not otherwise	borell|borrell|boswell
production-1917-vol1-chapters	552	5.10	approvrie	of seven hundred forty two and fifty <<approvrie>>	approve
production-1917-vol1-chapters	553	2.3	chulata	conceicao d abreu <<chulata>> against the state of california	chula
production-1917-vol1-chapters	553	9.0	tnaise	<<tnaise>> mathilde da conceicao d abreu chulata against	taise
production-1917-vol1-chapters	553	9.6	chulata	tnaise mathilde da conceicao d abreu <<chulata>> against the state of	chula
production-1917-vol1-chapters	553	11.9	chulata	favor of mathilde da conceicao d abreu <<chulata>>	chula
production-1917-vol1-chapters	554	6.10	claimur	ninety one one hundredths dollars is hereby <<claimur>>	claimer
production-1917-vol1-chapters	555	6.0	daimef	<<daimef>> five hundredths dollars is hereby appropriated out	daime|daimen
production-1917-vol1-chapters	557	6.0	climef	<<climef>> hereby appropriated out of any money in	clief|clime|climes
production-1917-vol1-chapters	557	18.0	cuiner	<<cuiner>> two and fifty one hundredths dollars is	ciner|coiner|corner|criner|cunner|ruiner
production-1917-vol1-chapters	557	31.1	szorion	apuropria <<szorion>> the sum of three hundred eighty five	xzorion
production-1917-vol1-chapters	558	13.0	cilapter	<<cilapter>>	chapter
production-1917-vol1-chapters	558	19.10	elaimo	dollars is hereby appropriated out of any <<elaimo>>	alaimo
production-1917-vol1-chapters	560	35.11	amomt	must be entered in detail the amounts <<amomt>>	amont|amort|amost|amot|amott|amount
production-1917-vol1-chapters	561	8.0	srents	<<srents>> carry out the provisions of this act	arents|brents|rents|scents|sents|stents
production-1917-vol1-chapters	562	15.10	apmis	of ten thousand dollars or so much <<apmis>>	amis|aphis|apis|apms|apsis|armis
production-1917-vol1-chapters	562	22.0	slale	<<slale>> nursery under the jurisdiction und management of	lale|saale|sale|salle|scale|seale
production-1917-vol1-chapters	563	24.0	forweot	<<forweot>> of three thousand five hundred dollars or	forwent
production-1917-vol1-chapters	564	37.11	tingot	hereby appropriated out of any money in <<tingot>>	ingot|tingo|tinpot
production-1917-vol1-chapters	565	25.0	mikund	<<mikund>> appropriated out of any money in the	mikuni|mind|mukund
production-1917-vol1-chapters	566	22.10	horlers	may be necessary is hereby appropriated ont <<horlers>>	hollers|horners|howlers|hurlers
production-1917-vol1-chapters	567	37.0	euiter	<<euiter>> ine the same and if he finds	buiter|eiter|guiter|quiter|ruiter|suiter
production-1917-vol1-chapters	568	17.10	reeom	the filing with it of such petition <<reeom>>	recom|reem
production-1917-vol1-chapters	569	9.0	fabvely	<<fabvely>> a any person who sells attempts to	falsely
production-1917-vol1-chapters	569	37.0	resttuution	<<resttuution>> california by quitclaim deed duly executed delivered	restitution
production-1917-vol1-chapters	571	1.5	asexualized	cause such person to he <<asexualized>> and such asexualization	asexualize|sexualized
production-1917-vol1-chapters	572	37.7	ercate	necessary and appropriate furniture and equipment to <<ercate>>	arcate|erate
production-1917-vol1-chapters	574	1.0	ciiapter	<<ciiapter>>	chapter
production-1917-vol1-chapters	574	12.12	deveanm	mortgage upon real estate sufficient to of <<deveanm>>	deviant
production-1917-vol1-chapters	576	9.8	rescr	within ihe exterior boundaries of a national <<rescr>> snvlemalty	descr|recr|resc|resch|resco|reser
production-1917-vol1-chapters	576	42.9	appropin	is hereby appropriated out of any moneys <<appropin>>	approving
production-1917-vol1-chapters	579	36.0	olomns	<<olomns>> conceals from the directors or trustees of	loans
production-1917-vol1-chapters	584	30.9	charees	for carriage by said passenger service shall <<charees>>	chares|charges|charies|charles|charmes|charnes
production-1917-vol1-chapters	586	18.11	putiet	district organized under the laws of the <<putiet>>	puniet
production-1917-vol1-chapters	589	24.0	kefunding	<<kefunding>> iii a refunding mortgage or deed of	defunding|refunding
production-1917-vol1-chapters	591	43.0	mevious	<<mevious>> ant to the provisions of this section	devious
production-1917-vol1-chapters	593	5.0	buperin	<<buperin>> sec le the superintendent of banks shall	buterin
production-1917-vol1-chapters	594	47.0	antces	<<antces>>	anaces|ances|antes|anthes
production-1917-vol1-chapters	597	17.0	ciiapter	<<ciiapter>>	chapter
production-1917-vol1-chapters	598	17.12	cupna	state the capital of any such foreign <<cupna>>	cuna|cupa|cuppa|cupra
production-1917-vol1-chapters	600	37.13	amdmt	filed in the office of the super <<amdmt>>	amdt
production-1917-vol1-chapters	601	47.0	ollows	<<ollows>>	allows|follows|hollows|ollow
production-1917-vol1-chapters	603	5.0	mnanes	<<mnanes>> corporation except an express company having contracts	manes|mannes|meanes|nanes
production-1917-vol1-chapters	603	15.0	rommerciel	<<rommerciel>> reserves against its aggregate deposits exclusive of	commercial
production-1917-vol1-chapters	604	34.5	incated	one hundred thousand dollars if <<incated>> elsewhere in the	incased|incited
production-1917-vol1-chapters	605	22.0	ofbak	<<ofbak>> signs and in advertising and on letterheads	offal
production-1917-vol1-chapters	605	26.0	beunen	<<beunen>> mercial if it conducts a commercial business	been|benen|beuren
production-1917-vol1-chapters	605	46.1	exholders	yy <<exholders>> solidation shall take effect until such agreement	holders
production-1917-vol1-chapters	606	10.6	ronsolida	consolidation must be prepared setting forth <<ronsolida>>	consolida
production-1917-vol1-chapters	607	39.0	rubtto	<<rubtto>> made the right of said new corporation	rubato
production-1917-vol1-chapters	607	40.0	werease	<<werease>> decrease its capital stock to change the	terease
production-1917-vol1-chapters	608	52.0	rostl	<<rostl>>	rosal|rosel|rosol|rost|rosta|rostel
production-1917-vol1-chapters	609	7.0	munenn	<<munenn>> authorizing such loan the corporate name of	manent|munene|muninn
production-1917-vol1-chapters	609	27.0	rererd	<<rererd>> of comply with all other provisions of	reread
production-1917-vol1-chapters	610	30.8	pepnsits	with any commercial bank or commercial depart <<pepnsits>>	deposits
production-1917-vol1-chapters	611	45.1	bilect	to <<bilect>> exchange or drafts with bills of lading	bisect
production-1917-vol1-chapters	613	32.0	vaiks	<<vaiks>> name of the director agent or employee	vaiko|vails|vains|vais|viks
production-1917-vol1-chapters	616	21.11	forlv	to act in this state as trustee <<forlv>>	forev|forli
production-1917-vol1-chapters	619	16.0	bpectal	<<bpectal>> ion whenever the board of directors of	special
production-1917-vol1-chapters	619	37.0	btals	<<btals>> sc section one hundred forty two of	baals|bals|beals|boals|btas|itals
production-1917-vol1-chapters	619	39.0	omesal	<<omesal>> see every official report made by the	mesal
production-1917-vol1-chapters	620	6.9	testments	subject to the penalties provided herein the <<testments>>	testaments|vestments
production-1917-vol1-chapters	620	31.9	fuperan	conduct the business of acting us executor <<fuperan>>	funeral
production-1917-vol1-chapters	620	32.7	fadent	administrator guardian of estates assignee receiver depos <<fadent>> of	adent|cadent|faden
production-1917-vol1-chapters	628	1.9	sqireks	the destruction of ground squirrels or applying <<sqireks>>	sires
production-1917-vol1-chapters	628	15.0	ecedings	<<ecedings>> commenced under the provisions of this act	ceding
production-1917-vol1-chapters	628	19.2	cfferts	furniture and <<cfferts>> for the proper discharge of the commissioner	offerts
production-1917-vol1-chapters	631	13.8	cygs	pests or any of them or their <<cygs>> or larve or that the	cags|ccgs|cgs|cigs|cmgs|cogs
production-1917-vol1-chapters	633	31.0	certincate	<<certincate>> uly qualified for engaging in such work	certificate
production-1917-vol1-chapters	633	40.0	revord	<<revord>> antl it is the duty of the	record|reford|rekord|remord|revore|reword
production-1917-vol1-chapters	635	29.0	tuterted	<<tuterted>> h when any shipment of nursery stock	uttered
production-1917-vol1-chapters	635	33.0	ineality	<<ineality>> within such state is found to be	ideality|inreality|lineality
production-1917-vol1-chapters	636	43.1	vardenr	vineyards <<vardenr>> fruit or nut hearing or ornamental trees	varden
production-1917-vol1-chapters	638	9.0	missiouer	<<missiouer>> filing with the secretary of state a	missioner
production-1917-vol1-chapters	638	17.5	offien	three divisions to wit executive <<offien>> quarantine division	offen|offie|offin
production-1917-vol1-chapters	638	24.10	aeities	salary of two thousand seven hundred dollars <<aeities>>	cities|deities
production-1917-vol1-chapters	638	28.4	fichl	and plant diseases said <<fichl>> deputies shall receive a salary rata	fical|fich|ficha|fiche|ficht|fichu
production-1917-vol1-chapters	639	13.0	insertary	<<insertary>> the state insectary located on the state	insectary
production-1917-vol1-chapters	639	36.0	smerot	<<smerot>> horticulture to promote and protect the plant	merit|sderot
production-1917-vol1-chapters	642	20.9	reiater	in the state of california who ships <<reiater>>	rebater|reinter|reiter|reitter|relater|rewater
production-1917-vol1-chapters	647	28.0	wites	<<wites>> lor the attendance of witnesses at such	bites|cites|dites|gites|hites|ites
production-1917-vol1-chapters	647	32.0	powersof	<<powersof>> whose request such witness is subpoenaed the	powers
production-1917-vol1-chapters	647	33.0	aunerie	<<aunerie>> in and for the county or city	aerie
production-1917-vol1-chapters	648	19.9	verosition	or its representatives or any party desig <<verosition>>	deposition
production-1917-vol1-chapters	648	27.10	revoeatin	person firm or corporation taking or har <<revoeatin>>	revocation
production-1917-vol1-chapters	649	4.1	leeted	fund <<leeted>> from the privilege tax under this act	fleeted|leered|leete|sleeted|yeeted
production-1917-vol1-chapters	649	34.0	imnting	<<imnting>> follows	inting|minting
production-1917-vol1-chapters	651	25.0	bagehen	<<bagehen>> his possession any grouse is guilty of	sagehen
production-1917-vol1-chapters	652	28.10	jeeue	any fur bearing mammals without first procure <<jeeue>>	jeene|jeese|jeeze|jesue
production-1917-vol1-chapters	652	36.5	mwnber	nia expires june with registration <<mwnber>>	manber|munber
production-1917-vol1-chapters	653	0.0	adarey	<<adarey>> sec every person applying for and procuring	aarey|adare|aware|darey
production-1917-vol1-chapters	653	30.0	preemation	<<preemation>> hereof shall he paid into the state	preemption
production-1917-vol1-chapters	656	39.4	eansed	those who may have <<eansed>> their dissent therefrom to be	eased
production-1917-vol1-chapters	659	42.0	ofdebt	<<ofdebt>> o of debt within the meaning of	debt
production-1917-vol1-chapters	660	11.9	esiyi	any company hereunder has violated or failed <<esiyi>>	simi
production-1917-vol1-chapters	660	24.10	prectees	manner direct the discontinuance of any such <<prectees>>	precedes
production-1917-vol1-chapters	661	22.5	numidt	birds of paradise goura and <<numidt>>	numida
production-1917-vol1-chapters	661	31.4	numidi	of paradise goura or <<numidi>> or the plume feathers quills	numida|numidia
production-1917-vol1-chapters	661	34.0	numidi	<<numidi>> shall be guilty of a misdemeanor	numida|numidia
production-1917-vol1-chapters	665	6.0	mmmun	<<mmmun>> prison to receive such person who shall	immun|immune|mamun
production-1917-vol1-chapters	665	11.12	sueli	the duty of the judge before whom <<sueli>> econ	saeli|seli|sheli|suebi|suel|suela
production-1917-vol1-chapters	665	12.2	victcd	vate oar <<victcd>> person was tried and of the district	victim
production-1917-vol1-chapters	666	20.0	etning	<<etning>> hody of the district deem such admission	ening|etling|etting
production-1917-vol1-chapters	667	14.8	cighta	act to amend section six hundred twenty <<cighta>> of the	mighta
production-1917-vol1-chapters	668	4.9	lamtt	guilty of a misdemeanor provided however that <<lamtt>>	lamet|lamott|lamut|latt
production-1917-vol1-chapters	668	26.3	corrugata	pink abalone haliotis <<corrugata>> or any black abalone	corrugate|corrugated
production-1917-vol1-chapters	668	27.0	haliolis	<<haliolis>> crackerodic or avy green abalone haliotis fulgens	haliotis
production-1917-vol1-chapters	668	33.8	corrugata	greatest diameter or any pink abalone haliotis <<corrugata>>	corrugate|corrugated
production-1917-vol1-chapters	669	19.10	tivela	any clam known as the pismo clam <<tivela>>	timely|tively
production-1917-vol1-chapters	675	44.0	pemitto	<<pemitto>> every permit shall recite in bold type	petitto
production-1917-vol1-chapters	677	29.0	onsaleo	<<onsaleo>> f gell securities shall thereafter at such	onsale
production-1917-vol1-chapters	683	20.0	approprinted	<<approprinted>> sec all moneys which shall be paid	appropriated
production-1917-vol1-chapters	683	21.0	coumls	<<coumls>> treasury and credited to the corporation commission	couls
production-1917-vol1-chapters	683	22.0	sloner	<<sloner>> are hereby appropriated to be used by	cloner|loner|slone|sloper|slover|slower
production-1917-vol1-chapters	686	6.11	controtier	designated by the fish and game com <<controtier>>	controller
production-1917-vol1-chapters	687	27.0	ciiapter	<<ciiapter>>	chapter
production-1917-vol1-chapters	689	7.0	prialion	<<prialion>> for the salaries and other expenses for	prillion
production-1917-vol1-chapters	689	39.5	ercale	act entitled an act to <<ercale>> the office of lake tahoe wagon	ercole|escale|percale
production-1917-vol1-chapters	691	24.0	expendl	<<expendl>> be acquired and constructed aj expenditures by	expend|expends
production-1917-vol1-chapters	694	7.8	bleunial	the state engineer shall prepare biennial reports <<bleunial>>	biennial
production-1917-vol1-chapters	694	22.0	porlation	<<porlation>> storage and selling of explosives and providing	prolation
production-1917-vol1-chapters	695	28.10	mazagine	is had kept or stored in any <<mazagine>> in	mazarine
production-1917-vol1-chapters	696	5.2	ballding	ooo ee <<ballding>> road highway	balding|baldling|balling|ballsing
production-1917-vol1-chapters	697	10.0	welude	<<welude>> roads constructed and maintained by private persons	delude|elude
production-1917-vol1-chapters	697	31.0	frorage	<<frorage>> in nothing in this section contained shall	forage|fromage
production-1917-vol1-chapters	699	12.0	comeof	<<comeof>> wise and necessary of the courses of	comeon|someof
production-1917-vol1-chapters	699	27.0	aimision	<<aimision>> dents entering the normal schools and the	division
production-1917-vol1-chapters	699	45.7	ceduea	ec one commissioner of industrial and vocational <<ceduea>>	cedula|ceduna
production-1917-vol1-chapters	700	38.9	redential	prescribe by general rule the credentials upon <<redential>>	credential|rodential
production-1917-vol1-chapters	701	16.1	peclul	for <<peclul>> the qualifications upon which county boards of	pell
production-1917-vol1-chapters	702	2.12	iplomas	life diplomas only to such persons as <<iplomas>>	diplomas
production-1917-vol1-chapters	706	12.10	oritor	term of school each teacher or prin <<oritor>> tor	orator|tritor
production-1917-vol1-chapters	706	35.12	intitutin	may be used to advantage for use <<intitutin>>	institution
production-1917-vol1-chapters	708	0.9	tidcland	seventy five degrees west one thousand seven <<tidcland>>	tideland
production-1917-vol1-chapters	709	44.1	tofsh	right <<tofsh>> there is hereby reserved in the people	toosh|tosh
production-1917-vol1-chapters	711	43.0	nuerin	<<nuerin>> within two or more counties jurisdiction over	guerin|neurin
production-1917-vol1-chapters	712	42.2	xerrn	asin wilowearnele <<xerrn>> anllann ooo nn	herrn
production-1917-vol1-chapters	712	42.3	anllann	asin wilowearnele xerrn <<anllann>> ooo nn	allan
production-1917-vol1-chapters	713	4.2	ifawkins	mary e <<ifawkins>> one dollar	hawkins
production-1917-vol1-chapters	713	5.2	togram	stella j <<togram>> seventy two dollars	fogram|ogram
production-1917-vol1-chapters	713	6.2	macluean	flora m <<macluean>> one hundred forty four	maclean|mclean
production-1917-vol1-chapters	713	15.2	sehnabel	may l <<sehnabel>> forty eight dollars	schnabel
production-1917-vol1-chapters	717	3.0	hurenu	<<hurenu>> uf section the state board of health	bureau
production-1917-vol1-chapters	717	45.0	disuets	<<disuets>> divided into registration districts as follows each	disputes
production-1917-vol1-chapters	721	24.0	wordingof	<<wordingof>> sec if the interment or other disposition	wording
production-1917-vol1-chapters	724	38.9	presenatio	registrar shall further arrange bind and permanently <<presenatio>>	presentation
production-1917-vol1-chapters	726	49.5	subregistrars	registrars deputy local registrars and <<subregistrars>> to the	subregistrar
production-1917-vol1-chapters	728	14.10	testhon	school board of cach and every high <<testhon>>	teston|testoon
production-1917-vol1-chapters	728	29.10	rumnted	of the high schools without charge when <<rumnted>>	rented|runted
production-1917-vol1-chapters	730	25.0	ehasers	<<ehasers>> within the state of california whenever reductions	chasers|erasers|phasers
production-1917-vol1-chapters	730	33.11	quanty	the state of california shall be equal <<quanty>>	quandy|quanity|quant|quanta|quanti|quanto
production-1917-vol1-chapters	732	9.11	puisher	lowest net wholesale price less the maxi <<puisher>>	phisher|punished|punisher|pusher
production-1917-vol1-chapters	733	11.0	citapter	<<citapter>>	chapter
production-1917-vol1-chapters	733	19.0	flectton	<<flectton>> first an election for school trustees must	flection|fletton
production-1917-vol1-chapters	733	23.0	rkumber	<<rkumber>> second the number of school trustees for	number
production-1917-vol1-chapters	733	38.0	amally	<<amally>> this section one trustee shall be elected	anally|mally|small|smally
production-1917-vol1-chapters	734	0.0	citapter	<<citapter>>	chapter
production-1917-vol1-chapters	734	13.0	lcena	<<lcena>> one thousand sit hundred seventeen b one	cena|leena|lena|liena|llena|lucena
production-1917-vol1-chapters	735	5.0	varaneies	<<varaneies>> first vacancies in the office of school	vacancies
production-1917-vol1-chapters	735	34.7	incmber	time of the meeting each aud every <<incmber>> of the board	incumber
production-1917-vol1-chapters	735	40.0	sectarjan	<<sectarjan>>	sectarian
production-1917-vol1-chapters	735	47.0	renurt	<<renurt>> uf fifth to make a report whenever	renart
production-1917-vol1-chapters	736	29.8	howres	or to purchase or sell school lots <<howres>>	hores|houres|howes|howies|howrey
production-1917-vol1-chapters	736	30.10	nrovene	in the name of the district conveyances <<nrovene>>	novene|proven
production-1917-vol1-chapters	738	28.0	mapoer	<<mapoer>> be admitted to the beginning classes of	mapper
production-1917-vol1-chapters	739	0.1	irefth	beth <<irefth>> to give diligent care to the health	breath
production-1917-vol1-chapters	739	29.0	notlees	<<notlees>> gaged or in regard to any affairs	notleys
production-1917-vol1-chapters	740	48.0	politienl	<<politienl>> conde is hereby amended to read as	political
production-1917-vol1-chapters	741	42.0	quities	<<quities>> ship the qualifications of such teachers shall	equities
production-1917-vol1-chapters	742	43.11	divcn	paid out if the average daily attend <<divcn>>	divan|diven|divin|given
production-1917-vol1-chapters	742	49.0	trict	<<trict>> maintains but one kindergarten should such kinder	strict|tract|triact|tric|trica|trice
production-1917-vol1-chapters	745	20.0	juytia	<<juytia>> therein adjudged and allowed upon the filing	justia
production-1917-vol1-chapters	748	38.12	sywet	act to transcribe in a hook kept <<sywet>>	swet
production-1917-vol1-chapters	749	27.0	mperin	<<mperin>> provided for in section one thousand five	merin|perin
production-1917-vol1-chapters	749	31.3	acinal	also receive their <<acinal>> and necessary traveling expenses while	acinar|aclinal|actinal
production-1917-vol1-chapters	750	0.0	chaptior	<<chaptior>>	chapter
production-1917-vol1-chapters	750	19.0	srevion	<<srevion>> section one of the act entitled an	region
production-1917-vol1-chapters	751	28.1	htiaa	err <<htiaa>> sec section two of said act is	hiaa|tiaa
production-1917-vol1-chapters	753	37.0	hewrin	<<hewrin>> of the state engineer shal not compel	hearin|hedrin|herin|herrin
production-1917-vol1-chapters	755	6.0	quum	<<quum>> specified in said order all meetings of	qaum|qtum|quam|quem|quim|qum
production-1917-vol1-chapters	756	23.11	liout	or lease of any waters or water <<liout>> on	lieut|liou|lout
production-1917-vol1-chapters	756	50.5	noder	rights of entrymen or purchasers <<noder>> any law of the united	boder|coder|foder|ioder|joder|loder
production-1917-vol1-chapters	757	24.0	comeyances	<<comeyances>> d mutnal water companies only the said	conveyances
production-1917-vol1-chapters	758	23.1	seenre	to <<seenre>> faithful performance of the lease by the	seene|seenie
production-1917-vol1-chapters	758	23.9	jessces	faithful performance of the lease by the <<jessces>>	jesses|jessies
production-1917-vol1-chapters	759	28.0	irict	<<irict>> organized under this title is appointed fiscal	irick|irit
production-1917-vol1-chapters	762	0.10	pvti	petitioned by not less than five hundred <<pvti>>	pati|peti|piti|poti|pti|puti
production-1917-vol1-chapters	762	38.12	tatuts	of the election at such election the <<tatuts>>	tatts|tatums|tatus
production-1917-vol1-chapters	765	12.0	neglectof	<<neglectof>> therefor in case of the neglect or	neglector
production-1917-vol1-chapters	766	27.11	avsesement	event any land within said district sub <<avsesement>>	assessment
production-1917-vol1-chapters	767	6.0	dopaid	<<dopaid>> toile see whenever any tolls and charges	paid
production-1917-vol1-chapters	767	33.0	nevcal	<<nevcal>> their judgment it may be deemed advisable	neval|newcal
production-1917-vol1-chapters	768	9.10	duerton	board of directors of irrigation districts may <<duerton>>	burton|duerson
production-1917-vol1-chapters	768	20.10	unexpenied	an object for which money has been <<unexpenied>>	unexpended
production-1917-vol1-chapters	769	29.0	eeeding	<<eeeding>> by personal service of citation or other	deeding|feeding|geeding|heeding|needing|reeding
production-1917-vol1-chapters	771	0.0	erorin	<<erorin>> quarter of section twenty nine in suid	errin
production-1917-vol1-chapters	773	12.1	scrion	joamepais <<scrion>> there is hereby organized created established	scion|scrin|sirion
production-1917-vol1-chapters	773	22.2	baulinas	rancho las <<baulinas>> until the said pole line crosses the	baulines|salinas
production-1917-vol1-chapters	774	31.10	omeen	of the board of trustees shall meet <<omeen>>	ameen|meen|moeen|odeen|omen|ommen
production-1917-vol1-chapters	775	24.0	rected	<<rected>> least fifteen days before the first day	erected|nected|reacted|recited|recked|recte
production-1917-vol1-chapters	776	37.6	anuexativn	sec any territory incorporated or unincorporated <<anuexativn>>	annexation
production-1917-vol1-chapters	777	24.0	ailded	<<ailded>> cate the territory named therein shall be	aided|ailed|gilded|wilded
production-1917-vol1-chapters	780	13.0	cilapter	<<cilapter>>	chapter
production-1917-vol1-chapters	781	40.0	disineorporated	<<disineorporated>> from the time of the forwarding of	disincorporated
production-1917-vol1-chapters	782	24.8	encum	other claims allowed and the liens or <<encum>>	encom|encup|engum|enum
production-1917-vol1-chapters	782	25.0	branees	<<branees>> on the homestead shall only be enforced	brandes|branes|ranees
production-1917-vol1-chapters	783	9.4	tifree	vhonn each of the <<tifree>> district courts of appeal may employ	tiree
production-1917-vol1-chapters	783	34.0	dirertrs	<<dirertrs>> religious society or order may elect directors	directors
production-1917-vol1-chapters	785	17.0	cilapter	<<cilapter>>	chapter
production-1917-vol1-chapters	785	24.0	liabity	<<liabity>> stockholders of corporations shall be liable for	liability
production-1917-vol1-chapters	786	46.3	inoney	installments or purchase <<inoney>> of stock or a membership	inone
production-1917-vol1-chapters	789	22.0	oreerto	<<oreerto>> there are any such claims said board	orderto
production-1917-vol1-chapters	789	23.0	eessment	<<eessment>> hereby authorized and empowered to make an	easement
production-1917-vol1-chapters	792	12.0	thercto	<<thercto>>	thereto
production-1917-vol1-chapters	792	43.10	omeers	of the board of trustees shall meet <<omeers>>	ameers|meers|omers
production-1917-vol1-chapters	794	12.9	kxpens	officer his deputies and assistants shall receive <<kxpens>>	expens
production-1917-vol1-chapters	794	41.4	exered	shall in no case <<exered>> the rate of fifteen cents on each	evered|exerted
production-1917-vol1-chapters	795	11.0	ecedings	<<ecedings>> being had and taken as in this	ceding
production-1917-vol1-chapters	797	8.0	eueu	<<eueu>> period than ninety nine years in which	eaeu|eeu|eeuu|eheu|eue|euer
production-1917-vol1-chapters	798	10.13	munined	upon or for or against any proposition <<munined>>	united
production-1917-vol1-chapters	798	22.11	amdus	made prior to the first day of <<amdus>> tt ol	abdus|adus|aldus|amds|amdur|amous
production-1917-vol1-chapters	800	14.1	cncuse	contain <<cncuse>> cover or conduct wires cables or appliances	cause|incuse
production-1917-vol1-chapters	801	26.0	veepare	<<veepare>>	prepare
production-1917-vol1-chapters	801	52.4	sccing	with the duty of <<sccing>> that all the provisions of this act	siccing
production-1917-vol1-chapters	802	11.3	cilics	and to empower <<cilics>> groups of cities counties and groups	cilic|cilice|civics|colics
production-1917-vol1-chapters	803	10.0	hepection	<<hepection>> ration to sell or exchange or offer	election
production-1917-vol1-chapters	805	49.0	unsrection	<<unsrection>> maintain a milk inspection service and laboratory	inspection
production-1917-vol1-chapters	806	25.9	datryman	any dairyman not operating under an inspect <<datryman>>	dairyman
production-1917-vol1-chapters	807	0.2	sooxe	army farm <<sooxe>> card of the united states bureau of	sooie|sooke|soone
production-1917-vol1-chapters	807	3.0	bcore	<<bcore>> keoro	biore|blore|bmore|boore|bore|core
production-1917-vol1-chapters	807	3.1	keoro	bcore <<keoro>>	kero|keroro|koro
production-1917-vol1-chapters	807	16.1	removert	and <<removert>> stable ole ae aaliking hine	remover|removers
production-1917-vol1-chapters	807	16.5	aaliking	and removert stable ole ae <<aaliking>> hine	walking
production-1917-vol1-chapters	807	40.3	liiders	sling windows other <<liiders>> cleaned with moist	linders
production-1917-vol1-chapters	807	55.1	nutking	clean <<nutking>> suite aaa stored below beene	nucking|nuking|nuthing|nutkin|nutting|outking
production-1917-vol1-chapters	807	57.5	liouse	milk room or mit k <<liouse>> transportation below re	louse
production-1917-vol1-chapters	808	19.1	cighta	lions <<cighta>> eight b cightc and eleven	mighta
production-1917-vol1-chapters	811	42.0	ordertor	<<ordertor>> to do signed by the owners of	orderto
production-1917-vol1-chapters	814	50.1	navable	he <<navable>> out of the hond fund of said	lavable|namable|navale|savable|wavable
production-1917-vol1-chapters	815	0.0	fomef	<<fomef>> district and the money for the redemption	fome|fomer|fomes
production-1917-vol1-chapters	815	21.0	bondstobe	<<bondstobe>> sec bonds issued under this act shall	bondstone
production-1917-vol1-chapters	816	42.11	txtion	issued by any municipality and shall be <<txtion>>	tation|tution
production-1917-vol1-chapters	817	45.0	forehen	<<forehen>> more than one county then said estimate	foremen
production-1917-vol1-chapters	819	32.0	ciiapter	<<ciiapter>>	chapter
production-1917-vol1-chapters	820	0.6	legislatwe	the granting of such franchises by <<legislatwe>> or other governing	legislate
production-1917-vol1-chapters	821	13.1	tiement	vu <<tiement>> the holder of such resettlement franchise shall	ticement
production-1917-vol1-chapters	821	16.0	amexed	<<amexed>> resettlement franchise provide that in case of	ameed|apexed
production-1917-vol1-chapters	822	3.9	cuby	be granted upon the express condition that <<cuby>>	auby|caby|cby|coby|cub|cuba
production-1917-vol1-chapters	823	22.0	citapter	<<citapter>>	chapter
production-1917-vol1-chapters	824	3.11	faethe	transaction of the business thereof and the <<faethe>>	fathe|faythe
production-1917-vol1-chapters	826	28.8	wnotis	other property acquired after marriage by either <<wnotis>>	notes|notis
production-1917-vol1-chapters	829	3.0	iwerty	<<iwerty>> dand holding the record title to community	qwerty|twenty
production-1917-vol1-chapters	831	10.2	ciqht	seven fifty <<ciqht>> fifty nine sizrly sixty one sixty twe	riqht
production-1917-vol1-chapters	831	31.1	pubbe	boeclal <<pubbe>> constitution of the state of california a	bubbe|jubbe|lubbe|pubbed|pubble|pube
production-1917-vol1-chapters	832	39.8	rnrases	phrase compensation provisions of this act means <<rnrases>>	phrases|rnases
production-1917-vol1-chapters	834	12.10	rmpluyer	term employee as used in section bix <<rmpluyer>>	employer
production-1917-vol1-chapters	835	9.0	watehmen	<<watehmen>> watehmen fer nonindustrial establishments paid by	watchmen|watermen
production-1917-vol1-chapters	835	9.1	watehmen	watehmen <<watehmen>> fer nonindustrial establishments paid by	watchmen|watermen
production-1917-vol1-chapters	835	28.9	asccr	the average weekly earnings are not otherwise <<asccr>>	accr|ascc|sccr
production-1917-vol1-chapters	836	32.11	reemer	disability lasts longer than ten days no <<reemer>>	beemer|deemer|reamer|reeber|reeder|reefer
production-1917-vol1-chapters	838	3.7	hormanent	the following permanent disabilities shall be conclu <<hormanent>>	permanent
production-1917-vol1-chapters	838	32.3	jujury	ec tf the <<jujury>> causes death cither with or without dis	jujuy
production-1917-vol1-chapters	838	52.0	sixiv	<<sixiv>> six events	pixiv
production-1917-vol1-chapters	839	3.0	mrialy	<<mrialy>> partially dependent therefor the said dependents shall	trial
production-1917-vol1-chapters	839	20.0	devendents	<<devendents>> non him for support the death benefit	defendents|dependents
production-1917-vol1-chapters	841	19.0	veatment	<<veatment>> so far as his disability is caused	vestment
production-1917-vol1-chapters	841	22.5	incdical	the commission based upon expert <<incdical>> or surgical advice	inimical
production-1917-vol1-chapters	843	25.0	whofy	<<whofy>> be wholly dependent for support upon a	wholy|woofy
production-1917-vol1-chapters	846	0.0	jomed	<<jomed>> in the same proceeding at any time	comed|domed|homed|joked|jome|jomes
production-1917-vol1-chapters	846	22.11	avitcation	fails to appear or answer no default <<avitcation>>	aviation
production-1917-vol1-chapters	850	45.11	assienabl	this provision shall not affect the sur <<assienabl>>	assignable
production-1917-vol1-chapters	853	39.0	uplyer	<<uplyer>> of action against such third person shall	plyer
production-1917-vol1-chapters	854	28.10	reteas	herein provided shall be the measure valid <<reteas>>	releas|reteam|retes
production-1917-vol1-chapters	854	30.11	sxrcement	may occur to employees in his employ <<sxrcement>>	forcement
production-1917-vol1-chapters	855	8.0	payablein	<<payablein>> time thereafter the commission on its own	payable
production-1917-vol1-chapters	856	38.7	seenre	j any employer shall fail so to <<seenre>> the payment of action	seene|seenie
production-1917-vol1-chapters	857	0.0	riehtto	<<riehtto>> they may he inconsistent with this act	rightto
production-1917-vol1-chapters	858	19.11	amamt	upon any amount which shall become owing <<amamt>>	amam|amama|amami|amant|amart|amat
production-1917-vol1-chapters	858	35.9	xmpioyer	the employer shall be insured against liability <<xmpioyer>>	employer
production-1917-vol1-chapters	859	0.0	fapiner	<<fapiner>> of compensation payable or that may become	fainer|rapiner
production-1917-vol1-chapters	859	36.0	linuted	<<linuted>> src a if any insurance policy shall	minuted
production-1917-vol1-chapters	860	35.9	orér	order shall mean and include any decision <<orér>>	orr|orrr
production-1917-vol1-chapters	860	48.10	onitr	or determination of any board of super <<onitr>>	onit|onita
production-1917-vol1-chapters	862	27.12	xwre	a time and place for the hold <<xwre>>	wre
production-1917-vol1-chapters	864	1.9	hysiere	which shall be exhibited safety devices safeguards <<hysiere>>	hygiene
production-1917-vol1-chapters	864	47.7	prosccu	src all fines imposed and collected under <<prosccu>> accident	prosecu
production-1917-vol1-chapters	865	18.0	ketimates	<<ketimates>> fund toward the support of its department	estimates
production-1917-vol1-chapters	866	23.7	tvestia	sec the commission shall investigate the cause <<tvestia>>	testa
production-1917-vol1-chapters	866	44.10	lstim	employer or insurance carrier or any other <<lstim>>	estim|lstm|stim
production-1917-vol1-chapters	867	28.0	werice	<<werice>> of sec a any notice order or	erice|merice
production-1917-vol1-chapters	868	3.1	practler	procedure <<practler>>	prattler
production-1917-vol1-chapters	868	7.11	appot	or guardian ad litem to appear for <<appot>>	appet|applot|appo|apport|appt
production-1917-vol1-chapters	868	8.10	wustee	such minor or incompetent upon such terms <<wustee>> ty	bustee|dustee|fustee|mustee
production-1917-vol1-chapters	871	16.0	coutte	<<coutte>> and county in which any inquiry investigation	boutte|cotte|couette|counte|courte|coutet
production-1917-vol1-chapters	873	51.0	nowerg	<<nowerg>>	nower
production-1917-vol1-chapters	874	2.10	overdins	docs not justify the findings of fact <<overdins>>	verdins
production-1917-vol1-chapters	874	21.8	unrca	the order decision rule or regulation is <<unrca>>	nrca|unca|uneca|unica|unrra|unrwa
production-1917-vol1-chapters	875	22.0	lmted	<<lmted>> state except the supreme court and the	lated|limted
production-1917-vol1-chapters	875	33.5	woless	the parties to such application <<woless>> otherwise ordered by	doless
production-1917-vol1-chapters	876	25.10	intemrtn	this act or any part or section <<intemrtn>>	intern
production-1917-vol1-chapters	876	30.7	conalitu	if any section subsection subdivision sentence clause <<conalitu>>	tonality
production-1917-vol1-chapters	880	32.7	comty	the words county treasurer and inheritance tax <<comty>>	cmty|coaty|comay|comby|comey|comfy
production-1917-vol1-chapters	882	14.11	cerdine	makes a bequest or devise of property <<cerdine>>	cedine|cedrine|cerine|cervine|verdine
production-1917-vol1-chapters	882	23.10	apiere	to any charge estate or interest deter <<apiere>>	apiece|piere
production-1917-vol1-chapters	882	24.11	asecr	of any person or at any period <<asecr>> retainable	asec|aseer|aser|secr
production-1917-vol1-chapters	883	46.0	oruwo	<<oruwo>> in subdivision one of section four exceeds	oluwo|orujo|oruro
production-1917-vol1-chapters	885	2.0	greeeds	<<greeeds>> x cbs	greeds
production-1917-vol1-chapters	885	20.11	henevo	or to be devoted to any charitable <<henevo>>	hereto
production-1917-vol1-chapters	886	30.10	tneum	value of any estate or interest in <<tneum>>	neum
production-1917-vol1-chapters	886	33.9	incnm	he made on account of anv contingent <<incnm>>	incom|income
production-1917-vol1-chapters	888	2.10	seeunty	five year period said bond shall immediately <<seeunty>> uot	seventy
production-1917-vol1-chapters	889	39.0	ewsurer	<<ewsurer>> s sec upon the payment to any	ensurer
production-1917-vol1-chapters	890	7.9	metwu	any debts shall be proved against the <<metwu>> of	metru|metsu|metu
production-1917-vol1-chapters	890	9.0	tributive	<<tributive>> share thereof from which any such tax	tribute
production-1917-vol1-chapters	890	29.11	mottfed	modified or reversed by the superior court <<mottfed>> or	mottled|mottoed
production-1917-vol1-chapters	892	6.12	utlo	his custody or under his control any <<utlo>>	tlo|tulo|ullo|ulo|utl|utla
production-1917-vol1-chapters	892	7.2	arrount	book record <<arrount>> paper or document of such firm institu	arround
production-1917-vol1-chapters	892	23.7	vowent	see no corporation organized or existing under <<vowent>> of	volent
production-1917-vol1-chapters	893	25.0	apprabers	<<apprabers>> pleasure remove ope or more persons in	appraisers
production-1917-vol1-chapters	894	22.7	appointmer	sec when any superior court having jurisdiction <<appointmer>>	appointer
production-1917-vol1-chapters	896	3.12	metance	persons familiar with the affairs of such <<metance>>	menance
production-1917-vol1-chapters	896	52.1	ronte	bt <<ronte>>	bonte|bronte|conte|donte|fonte|fronte
production-1917-vol1-chapters	898	14.0	thervot	<<thervot>> shall be made parties thereto and any	theriot
production-1917-vol1-chapters	900	21.10	pispositinn	levied and collected under this act up <<pispositinn>>	disposition
production-1917-vol1-chapters	901	43.0	eeeding	<<eeeding>> five dollars	deeding|feeding|geeding|heeding|needing|reeding
production-1917-vol1-chapters	904	1.0	citapter	<<citapter>>	chapter
production-1917-vol1-chapters	905	12.0	citapter	<<citapter>>	chapter
production-1917-vol1-chapters	905	18.0	impatim	<<impatim>> hy the board of supervisors of the	impair
production-1917-vol1-chapters	905	28.0	srerion	<<srerion>> section two hundred seventy six of the	region
production-1917-vol1-chapters	907	46.1	tofsh	right <<tofsh>> there is hereby reserved in the people	toosh|tosh
production-1917-vol1-chapters	908	12.7	frwils	ard for the packing of certain fresh <<frwils>> specified therein	fails
production-1917-vol1-chapters	909	1.0	efmed	<<efmed>> any tree vine or plant mentioned in	effed|emed
production-1917-vol1-chapters	909	35.0	taincrs	<<taincrs>> having perpendicular sides the container shall algo	trainers
production-1917-vol1-chapters	910	3.2	thereouv	weight stamped <<thereouv>>	thereout
production-1917-vol1-chapters	910	27.9	ieqular	containers of table grapes shall be irregular <<ieqular>>	regular
production-1917-vol1-chapters	911	16.1	ellrus	frozen <<ellrus>> sale ship or deliver for shipment any	elbrus|ellis
production-1917-vol1-chapters	913	19.0	jasectors	<<jasectors>> s sec c an inspector or deputy	sectors
production-1917-vol1-chapters	913	31.0	fastul	<<fastul>> to sec it shall be lawful for	fastus
production-1917-vol1-chapters	914	23.11	btats	of an act entitled an act grant <<btats>>	bats|batts|beats|blats|boats|brats
production-1917-vol1-chapters	915	5.0	coapthr	<<coapthr>>	chapter
production-1917-vol1-chapters	917	31.0	ballding	<<ballding>> ands see the administration of said bureau	balding|baldling|balling|ballsing
production-1917-vol1-chapters	920	11.10	pomies	a residence house dwelling or habitation or <<pomies>>	homies|pogies|pokies|pomes|pommes|pommies
production-1917-vol1-chapters	922	26.12	keamina	and its inspectors shall at any and <<keamina>>	kamina
production-1917-vol1-chapters	922	31.10	repmton	act is being violated whenever any petitioner <<repmton>>	repton
production-1917-vol1-chapters	923	4.0	puble	<<puble>> anything done maintained or suffered in violation	buble|dpuble|duble|pable|poble|pubble
production-1917-vol1-chapters	925	14.0	penties	<<penties>> one thousand nine hundred cleven for which	panties|pennies|petties
production-1917-vol1-chapters	925	27.0	cightcen	<<cightcen>>	eighteen
production-1917-vol1-chapters	925	28.0	litof	<<litof>> ans sec on or before the first	lito|liton|lotof
production-1917-vol1-chapters	927	1.5	oftive	cone of the state land <<oftive>> satisfactory evidence of his possessory	oftime|optive|ortive
production-1917-vol1-chapters	927	39.0	lecemler	<<lecemler>> tion two hereof the register shall add	december
production-1917-vol1-chapters	929	50.0	apnulling	<<apnulling>> anv or all of such certificates of	annulling
production-1917-vol1-chapters	931	0.0	citapter	<<citapter>>	chapter
production-1917-vol1-chapters	932	18.8	cuact	people of the state of california do <<cuact>> as follows	coact
production-1917-vol1-chapters	933	10.0	mdebted	<<mdebted>> manner to wit the hoard of supervisors	indebted
production-1917-vol1-chapters	933	37.5	enmty	to he derived by sneh <<enmty>> from the use of such lands by	enmity|enty
production-1917-vol1-chapters	935	25.0	meosment	<<meosment>> suc no public lands which were unentcred	moment
production-1917-vol1-chapters	935	42.0	blatement	<<blatement>> the auditor shall not draw his warrant	batement
production-1917-vol1-chapters	939	13.0	therchy	<<therchy>> be prevented from attaching or be obliged	thearchy
production-1917-vol1-chapters	939	20.7	eleim	has or have not any interest or <<eleim>> of any nature whatso	elem|elemi|elim|gleim
production-1917-vol1-chapters	939	24.0	reniev	<<reniev>> out several writs may be issued at	renie|renier
production-1917-vol1-chapters	939	25.0	vreount	<<vreount>> op constables of different counties provided that	recount
production-1917-vol1-chapters	939	32.0	citapter	<<citapter>>	chapter
production-1917-vol1-chapters	940	4.8	appiicatin	every citizen desiring to propagate and raise <<appiicatin>>	application
production-1917-vol1-chapters	940	19.9	nowtht	artificial bodies of water or private hatcheries <<nowtht>>	north
production-1917-vol1-chapters	941	10.0	domerty	<<domerty>> see domesticated trout or other domesticated fish	doherty|poverty
production-1917-vol1-chapters	941	42.0	parkure	<<parkure>> cated fish named in the aforesaid license	parture|parure
production-1917-vol1-chapters	945	0.0	fomor	<<fomor>> california standard form county fire insurance policy	fodor|fomer|fomo|foor|romor|tomor
production-1917-vol1-chapters	945	5.0	iiere	<<iiere>> insert name of company and place of	biere|fiere|isere|niere|piere|siere
production-1917-vol1-chapters	946	10.11	tonaitions	hills currency evidence of debt or owner <<tonaitions>>	conditions
production-1917-vol1-chapters	948	46.13	gmpy	part of the property for which insur <<gmpy>>	empy|gapy|gimpy|gmp|gmps|gmy
production-1917-vol1-chapters	950	7.8	detnitions	wherever in this policy the word insured <<detnitions>>	dentitions|detritions
production-1917-vol1-chapters	950	19.0	puliev	<<puliev>> is void in ease of any fraud	pulev
production-1917-vol1-chapters	953	11.0	tanmed	<<tanmed>> it inviolate therefore a person can not	anmed|tamed|tanged|tanked|tanned
production-1917-vol1-chapters	956	23.12	pollcles	death of the insured by accident shall <<pollcles>>	policies
production-1917-vol1-chapters	956	24.13	umance	person in this state until a copy <<umance>>	mance|usance
production-1917-vol1-chapters	956	41.11	polte	shall be so issued or delivered what <<polte>>	bolte|holte|nolte|plote|poate|poite
production-1917-vol1-chapters	956	42.9	tontamn	entire money and other considerations therefor are <<tontamn>>	contain
production-1917-vol1-chapters	957	38.0	fonn	<<fonn>> b this policy includes the indorsements and	bonn|conn|donn|fann|fenn|finn
production-1917-vol1-chapters	958	20.8	retnstat	standard provision relative to reinstatement of policy <<retnstat>>	reinstate
production-1917-vol1-chapters	958	21.11	patq	be in cither of the three following <<patq>>	atq|paq|pat|pata|patc|pate
production-1917-vol1-chapters	959	17.0	fieiary	<<fieiary>> as the case may be to the	dietary
production-1917-vol1-chapters	962	45.10	tmite	provision relative to the age limits aga <<tmite>>	amite|mite|smite|taite|tite|trite
production-1917-vol1-chapters	963	42.0	polietes	<<polietes>> sec the policies of insurance against accidental	policies|polistes|polites
production-1917-vol1-chapters	964	2.0	slanding	<<slanding>>	blanding|islanding|landing|sanding|slanging|slanting
production-1917-vol1-chapters	964	4.10	workuens	policy or liability of workmen s compensation <<workuens>>	workmens
production-1917-vol1-chapters	966	21.9	termot	the next election all the trustees whether <<termot>>	dermot|termo|termon|termor
production-1917-vol1-chapters	971	2.1	pradt	street <<pradt>> repair of any of the following avenues	bradt|praat|pract|prad|prada|prade
production-1917-vol1-chapters	972	3.10	ssoundaries	ordinance or resolution of intention and speci <<ssoundaries>>	boundaries
production-1917-vol1-chapters	972	4.12	trict	the district of land to be benefited <<trict>>	strict|tract|triact|tric|trica|trice
production-1917-vol1-chapters	974	19.7	imprne	the term improvement includes all work construction <<imprne>>	impane|impone|impune
production-1917-vol1-chapters	975	0.0	queney	<<queney>> the term delinquency as herein used shall	queeny|quiney
production-1917-vol1-chapters	975	13.0	vinmie	<<vinmie>> for the transaction of any kind of	vine|vinnie
production-1917-vol1-chapters	975	18.1	beods	u <<beods>> j bonds or interest bearing notes or	beads|beds|beeds|bends|beode|beos
production-1917-vol1-chapters	976	12.5	lonued	time shall the principal so <<lonued>> or the entire outstanding	longed
production-1917-vol1-chapters	977	13.0	youey	<<youey>> loans life insurance companies may also loan	couey|louey|youe|youy
production-1917-vol1-chapters	977	40.0	countlesor	<<countlesor>> in counties of the sixteenth class the	countless
production-1917-vol1-chapters	980	45.8	uperin	superintendent of schools three thousand two hun <<uperin>>	perin|uprein
production-1917-vol1-chapters	982	6.10	fubbe	such fees as are now or may <<fubbe>>	bubbe|fubby|fulbe|jubbe|lubbe|ubbe
production-1917-vol1-chapters	982	8.8	simeyer	surveyor three thousand two hundred fifty dol <<simeyer>>	meyer
production-1917-vol1-chapters	983	52.1	navable	county <<navable>> out of the general fund	lavable|namable|navale|savable|wavable
production-1917-vol1-chapters	984	39.8	treamer	treasurer two thousand five hundred dollars per <<treamer>>	creamer|dreamer|kreamer|reamer|streamer|teamer
production-1917-vol1-chapters	985	36.0	coumer	<<coumer>> the coroner such fees as are now	colmer|comer|commer|coomer|couer|couper
production-1917-vol1-chapters	986	17.7	comtabies	constables shall receive the following monthly salaries <<comtabies>>	companies
production-1917-vol1-chapters	987	11.0	bercd	<<bercd>> four thousand tivo hundred eighty one a	berch|berck|bercy|berd|bernd
production-1917-vol1-chapters	987	20.0	rmntiee	<<rmntiee>> ot and trial jurors in criminal eases	rentee
production-1917-vol1-chapters	988	0.0	ciiapter	<<ciiapter>>	chapter
production-1917-vol1-chapters	988	8.10	comties	the thirty third class the county offi <<comties>> or	comites|commies|comtes|cooties
production-1917-vol1-chapters	989	27.0	pablte	<<pablte>> the public administrator such fees as are	pable
production-1917-vol1-chapters	989	43.0	wwinhin	<<wwinhin>> justices of the peace and constables townships	within
production-1917-vol1-chapters	991	19.0	omeers	<<omeers>> of them by law or by virtue	ameers|meers|omers
production-1917-vol1-chapters	996	39.5	fraton	be hereafter allowed by law <<fraton>>	craton|frato|fratton|graton|kraton|raton
production-1917-vol1-chapters	996	40.8	bunerin	superintendent of schools for full services includ <<bunerin>>	buterin
production-1917-vol1-chapters	996	41.12	sthols	on the county board of education two <<sthols>>	stools
production-1917-vol1-chapters	998	0.10	constantes	in full compensation for all services rendered <<constantes>>	constables|constante|constants
production-1917-vol1-chapters	1002	1.0	cilapter	<<cilapter>>	chapter
production-1917-vol1-chapters	1004	22.8	suerin	superintendent of schools two thousand four hundred <<suerin>>	guerin|serin|sherin|sterin|suberin|surin
production-1917-vol1-chapters	1008	4.8	treaswe	treasurer one thousand five hundred dollars per <<treaswe>>	trease
production-1917-vol1-chapters	1010	33.11	aahips	population of the several judicial town ft <<aahips>>	ships
production-1917-vol1-chapters	1010	41.10	feesot	this class grand and trial jurors in <<feesot>>	feest
production-1917-vol1-chapters	1013	34.0	buperin	<<buperin>> the superintendent of schools two thousand one	buterin
production-1917-vol1-chapters	1014	1.14	suneyor	of the same fund as the sal <<suneyor>>	surveyor
production-1917-vol1-chapters	1015	40.0	comty	<<comty>> eek the county clerk three thousand dollars	cmty|coaty|comay|comby|comey|comfy
production-1917-vol1-chapters	1017	14.0	eéliector	<<eéliector>> annum in full compensation for all services	elector
production-1917-vol1-chapters	1017	43.0	bunerin	<<bunerin>> the superintendent of schools one thousand eight	buterin
production-1917-vol1-chapters	1021	37.1	srorion	bias <<srorion>> section nineteen e of the act entitled	erosion
production-1917-vol1-chapters	1022	35.5	elnase	thirteenth fifteenth seventeenth eighteenth nineteenth <<elnase>>	elease
production-1917-vol1-chapters	1023	43.0	trenty	<<trenty>> fist mm in each of the counties	teenty|tenty|treaty|trendy|trent|trenta
production-1917-vol1-chapters	1024	2.11	atth	the twenty fifth class there shal tweaty <<atth>>	acth|aeth|aith|alth|anth|arth
production-1917-vol1-chapters	1024	6.0	citapter	<<citapter>>	chapter
production-1917-vol1-chapters	1025	28.0	dustlers	<<dustlers>> of justices of the peace the following	dusters|dustless|hustlers|rustlers
production-1917-vol1-chapters	1026	1.11	comtables	thousand and iess than one thousand five <<comtables>>	constables
production-1917-vol1-chapters	1028	24.0	amdcd	<<amdcd>> hat in counties of this class there	adcd
production-1917-vol1-chapters	1028	42.3	anuuim	dred dollars per <<anuuim>> two assistants for a period of employ	anusim
production-1917-vol1-chapters	1031	16.0	suermors	<<suermors>> supervisors two thousand four hundred dollars per	superiors
production-1917-vol1-chapters	1034	30.9	mantuect	who in fish and game districts numbers <<mantuect>>	manteca
production-1917-vol1-chapters	1034	38.0	hefween	<<hefween>> fhe sixth day of june and the	between
production-1917-vol1-chapters	1035	1.0	threeand	<<threeand>> meanor provided that nothing in this act	thread
production-1917-vol1-chapters	1035	23.1	ustilet	ry <<ustilet>> every person who in fish and game	stilet
production-1917-vol1-chapters	1035	31.0	fangling	<<fangling>> fakes catches or kills any salmon or	angling|bangling|dangling|fanling|gangling|jangling
production-1917-vol1-chapters	1036	12.11	aperits	fish and game districts eight and mo <<aperits>>	aperies
production-1917-vol1-chapters	1037	41.0	omerrs	<<omerrs>> receive as compensation for the services required	omeros|omers
production-1917-vol1-chapters	1038	23.9	neeorder	two thousand dollars per annum and ix <<neeorder>>	recorder
production-1917-vol1-chapters	1039	0.0	amemor	<<amemor>> by law and provided that in counties	memor
production-1917-vol1-chapters	1043	35.7	lampara	nats also known as circle seines or <<lampara>> nets im fish and game	lampard
production-1917-vol1-chapters	1044	1.12	beorh	use beach nets also known as beach <<beorh>> new	beor|beorn|borh
production-1917-vol1-chapters	1045	10.1	netsand	set <<netsand>> any uet or line shall be considered	wetland
production-1917-vol1-chapters	1045	20.1	fivnt	wh <<fivnt>> oe	fient|fint
production-1917-vol1-chapters	1045	27.0	sestigution	<<sestigution>> oe	restitution
production-1917-vol1-chapters	1047	50.0	ervek	<<ervek>> crosses the national forest boundary in section	erek|erve|erven|erves|ervey|evek
production-1917-vol1-chapters	1049	12.3	ereck	dividing the salt <<ereck>> drainage arca from the nasoni creek	breck|dereck|dreck|eleck|erec|erect
production-1917-vol1-chapters	1049	12.8	nasoni	the salt ereck drainage arca from the <<nasoni>> creek	casoni|masoni|nason|nasons
production-1917-vol1-chapters	1049	14.11	ercek	area and the north fork of squaw <<ercek>>	erceg|erek
production-1917-vol1-chapters	1049	38.4	ercek	main channel of mill <<ercek>> to a point where the said creek	erceg|erek
production-1917-vol1-chapters	1050	16.2	inain	northeasterly up <<inain>> grouse check to its intersection with the	iain|inai|inan|indin|infin|ingin
production-1917-vol1-chapters	1050	39.0	anence	<<anence>> with the rubicon river thence westerly down	agence
production-1917-vol1-chapters	1053	38.0	ercek	<<ercek>> to its junction with the sisquoc river	erceg|erek
production-1917-vol1-chapters	1053	43.0	toeed	<<toeed>> sec fish and ganic district three d	moeed|teed|theed|toed|toee|toked
production-1917-vol1-chapters	1054	27.0	ercesses	<<ercesses>> the north line of township two north	excesses|recesses
production-1917-vol1-chapters	1054	33.2	holeom	creek to <<holeom>> valley thence easterly along the public road	hollom|holtom
production-1917-vol1-chapters	1054	46.1	ercek	mill <<ercek>> crosses the west line township one south	erceg|erek
production-1917-vol1-chapters	1058	7.10	teeher	game district twelve shall consist of and <<teeher>>	techer|teeger|teehee|teemer|teener|teerer
production-1917-vol1-chapters	1058	17.0	erecks	<<erecks>> bays rivers and overflowed areas not specifically	erects|recks|wrecks
production-1917-vol1-chapters	1058	20.9	midshipment	of the mouth of novato creek to <<midshipment>> point	midshipmen
production-1917-vol1-chapters	1059	10.8	ercek	its mouth and the mouth of mill <<ercek>>	erceg|erek
production-1917-vol1-chapters	1061	20.1	huvs	possession <<huvs>> sells or offers for sale any spiny	auvs|cuvs|guvs|havs|hevs|hgvs
production-1917-vol1-chapters	1061	39.0	ruptus	<<ruptus>> or erah cancer magister meat not in	raptus
production-1917-vol1-chapters	1062	16.0	citapter	<<citapter>>	chapter
production-1917-vol1-chapters	1065	40.0	dustlees	<<dustlees>> of the justices of the peace shall	dustless
production-1917-vol1-chapters	1066	7.7	comtabies	constables shall receive the following monthly salaries <<comtabies>>	companies
production-1917-vol1-chapters	1069	0.0	anonts	<<anonts>> payments where a conservation district has been	anoints|anons
production-1917-vol1-chapters	1072	17.12	dbtrict	a portion of the district is situ <<dbtrict>>	district
production-1917-vol1-chapters	1073	45.0	watergates	<<watergates>> embankments levees and pumping plants and to	watergate
production-1917-vol1-chapters	1074	29.10	convervati	irrigation board shall have power to consoli <<convervati>>	conservati
production-1917-vol1-chapters	1080	18.0	meneed	<<meneed>> within thirty days after said order has	mended|meneer
production-1917-vol1-chapters	1081	14.3	icased	water or power <<icased>> or sold hy the irrigation board as	cased|incased
production-1917-vol1-chapters	1081	49.0	qaav	<<qaav>> be determined from time to time by	aav|qaa
production-1917-vol1-chapters	1083	49.9	acerne	same according to the benefits which will <<acerne>> to	acerae|aherne|cerne|scerne
production-1917-vol1-chapters	1086	30.2	therchy	lands affected <<therchy>> as hereinbefore provided	thearchy
production-1917-vol1-chapters	1087	3.0	irieation	<<irieation>> any corporations individuals or other sources not	irisation
production-1917-vol1-chapters	1087	10.0	thercon	<<thercon>>	thereon|therion|theron|therron
production-1917-vol1-chapters	1088	29.11	aidence	all purposes of this act relating to <<aidence>> ut	aidance|idence|midence
production-1917-vol1-chapters	1089	44.0	camens	<<camens>> of at the close of the polls	amens|camels|camen|camenes|cameos|cames
production-1917-vol1-chapters	1090	7.10	hevlt	declaration of the result of said elec <<hevlt>>	healt|helt
production-1917-vol1-chapters	1090	40.10	peelsion	on the part of said irrigation board <<peelsion>>	pension
production-1917-vol1-chapters	1093	3.0	trewurer	<<trewurer>> paper of general circulation published in the	treasurer
production-1917-vol1-chapters	1094	23.6	scrics	provided that said second issue or <<scrics>> of bonds shall not be	scrims|scrips
production-1917-vol1-chapters	1096	15.10	apprinal	said irrigation board must make and enter <<apprinal>>	approval
production-1917-vol1-chapters	1096	40.8	asscas	within said irrigation district is situated such <<asscas>> jen	assas
production-1917-vol1-chapters	1097	33.0	aulito	<<aulito>> copy of that portion of said assessment	alito|julito
production-1917-vol1-chapters	1098	22.9	mmeys	received under contracts leases or other arrange <<mmeys>>	mameys|mmes
production-1917-vol1-chapters	1098	33.12	peimen	of the filing of such assessment roll <<peimen>>	penmen|pimen
production-1917-vol1-chapters	1099	43.0	eertion	<<eertion>> entered in its records order a special	exertion
production-1917-vol1-chapters	1100	7.0	trict	<<trict>> guardians executors administrators and other persons	strict|tract|triact|tric|trica|trice
production-1917-vol1-chapters	1106	10.10	comty	has adopted a charter pursuant to section <<comty>>	cmty|coaty|comay|comby|comey|comfy
production-1917-vol1-chapters	1107	16.0	buperin	<<buperin>> the superintendent of schools one thousand five	buterin
production-1917-vol1-chapters	1108	3.2	inectings	ing the <<inectings>> of the board three dollars per day	injecting
production-1917-vol1-chapters	1110	8.8	reanrer	treasurer one thousand five hundred dollars per <<reanrer>>	rearer
production-1917-vol1-chapters	1110	44.8	guperin	superintendent of schools one thousand eight hun <<guperin>>	guerin
production-1917-vol1-chapters	1113	26.7	enpied	him as copyists the number of folios <<enpied>> and the amount	envied|espied
production-1917-vol1-chapters	1114	20.8	aseswr	assessor two thousand four hundred dollars per <<aseswr>>	assur
production-1917-vol1-chapters	1114	43.8	mutrict	district attorney two thousand seven hundred dollars <<mutrict>>	strict
production-1917-vol1-chapters	1115	2.0	utemes	<<utemes>> sand two hundred dollars per annum each	temes|utees
production-1917-vol1-chapters	1116	13.2	druftsmen	be competent <<druftsmen>> to be appointed by the surveyor	draftsmen
production-1917-vol1-chapters	1118	9.9	sawie	shall receive as compensation for the services <<sawie>> of	dawie|sabie|sadie|sakie|salie|samie
production-1917-vol1-chapters	1120	12.8	trescry	county treasurer two thousand dollars per annum <<trescry>>	treasury
production-1917-vol1-chapters	1122	19.9	buneor	onc thousand dollars per annum for al <<buneor>>	buner
production-1917-vol1-chapters	1124	7.0	cilapter	<<cilapter>>	chapter
production-1917-vol1-chapters	1124	19.8	comty	county clerk two thousand eight hundred dollars <<comty>> cte	cmty|coaty|comay|comby|comey|comfy
production-1917-vol1-chapters	1130	35.0	ciiapter	<<ciiapter>>	chapter
production-1917-vol1-chapters	1134	0.8	uperin	superintendent of schools two thousand seven hun <<uperin>>	perin|uprein
production-1917-vol1-chapters	1134	5.8	sunevw	surveyor shall receive two thousand four hundred <<sunevw>>	sune
production-1917-vol1-chapters	1136	48.1	ennvs	o <<ennvs>>	ennes|ennis|enns
production-1917-vol1-chapters	1142	5.0	sioncrs	<<sioncrs>> provided that each supervisor shall receive ten	signers
production-1917-vol1-chapters	1143	33.0	umieers	<<umieers>> law or by virtue of their offices	miners
production-1917-vol1-chapters	1144	0.10	cowity	each and every even numbered year such <<cowity>> cle	comity
production-1917-vol1-chapters	1144	40.8	aviltor	auditor two thousand seven hundred dollars per <<aviltor>>	aviator
production-1917-vol1-chapters	1146	29.9	sumesor	two thousand dollars per annum up to <<sumesor>>	sumer
production-1917-vol1-chapters	1148	11.9	suyperso	shall receive each the sum of one <<suyperso>>	supers
production-1917-vol1-chapters	1149	0.0	comty	<<comty>> rluh shall he allowed a copyist who	cmty|coaty|comay|comby|comey|comfy
production-1917-vol1-chapters	1149	0.1	rluh	comty <<rluh>> shall he allowed a copyist who shall	bluh|luh|rauh|rlh|ruh
production-1917-vol1-chapters	1150	0.10	vubhe	such fees as are now or may <<vubhe>>	dubhe|tube
production-1917-vol1-chapters	1150	2.7	surrin	the superintendent of schools one thousand five <<surrin>>	currin|durrin|murrin|serrin|surfin|surin
production-1917-vol1-chapters	1150	9.10	suncvor	fees as are now or may hereafter <<suncvor>>	suncor
production-1917-vol1-chapters	1151	30.0	ciiapter	<<ciiapter>>	chapter
production-1917-vol1-chapters	1152	38.8	awesur	assessor four thousand five hundred dollars per <<awesur>>	assur
production-1917-vol1-chapters	1153	10.0	udminh	<<udminh>> be hereafter provided by law	uding
production-1917-vol1-chapters	1154	13.9	cumty	clerk two thousand five hundred dollars per <<cumty>> ete	cmty|culty|cumay|cummy|cunty|cutty
production-1917-vol1-chapters	1155	1.0	shenitt	<<shenitt>> june first and october first ench year	hewitt
production-1917-vol1-chapters	1156	31.8	suyerin	superintendent of schools two thousand dollars per <<suyerin>>	suberin
production-1917-vol1-chapters	1161	1.0	touwhis	<<touwhis>> xed or more shall belong to and	touches
production-1917-vol1-chapters	1164	21.10	fubhe	fees as are now or may be <<fubhe>>	dubhe
production-1917-vol1-chapters	1164	23.7	puverin	superintendent of schools one thousand two hundred <<puverin>>	pulverin
production-1917-vol1-chapters	1164	26.11	suncyor	as are pow or may be hereafter <<suncyor>>	suncor
production-1917-vol1-chapters	1165	3.0	bercd	<<bercd>> four thousand two hundred sixty one a	berch|berck|bercy|berd|bernd
production-1917-vol1-chapters	1165	11.0	arurs	<<arurs>>	arrs|arums|arus
production-1917-vol1-chapters	1166	1.10	bunun	portion of the fairfax and bolinas county <<bunun>>	bunbun|bunin|bunn|bunu
production-1917-vol1-chapters	1168	27.10	fumtsh	pursuant to written rules or instruc to <<fumtsh>>	fumes
production-1917-vol1-chapters	1169	7.0	judeer	<<judeer>> return to the judges the lists of	judder|judee|judger
production-1917-vol1-chapters	1170	48.9	justument	with the filing of the declaration pro <<justument>>	justment
production-1917-vol1-chapters	1170	52.0	seribers	<<seribers>> conditioned that upon the issuance of certificate	scribers
production-1917-vol1-chapters	1171	2.0	meoby	<<meoby>> the county in which the property or	melby|moby
production-1917-vol1-chapters	1171	41.0	seriber	<<seriber>> shall assume on any single risk an	scriber|seiber|serber
production-1917-vol1-chapters	1172	11.10	defeiency	subscribers agreement for expense if at i <<defeiency>>	deficiency
production-1917-vol1-chapters	1173	2.0	toenter	<<toenter>> into the laws of this state shall	tenter
production-1917-vol1-chapters	1173	45.0	fremlums	<<fremlums>> deposits collected from subscribers in this state	premiums
production-1917-vol1-chapters	1175	3.0	veriees	<<veriees>> claim application affidavit voucher or furnishing a	series
production-1917-vol1-chapters	1175	33.3	exensed	who may be <<exensed>> from such courses on account of physical	expensed
production-1917-vol1-chapters	1178	35.11	cmpens	used in this act shall relate to <<cmpens>>	compens
production-1917-vol1-chapters	1178	50.0	nnalloeated	<<nnalloeated>>	unallocated
production-1917-vol1-chapters	1180	7.0	cilapter	<<cilapter>>	chapter
production-1917-vol1-chapters	1181	35.0	ralots	<<ralots>> of election the ballots cast at such	alots|ranots
production-1917-vol1-chapters	1183	1.0	fomof	<<fomof>> holder hereof at the office of the	fomo|food|foof
production-1917-vol1-chapters	1184	7.12	katire	said bonds notice shall be given by <<katire>>	katie|satire
production-1917-vol1-chapters	1190	22.11	dutriet	tidelands or other lands subject to flood <<dutriet>>	duties
production-1917-vol1-chapters	1191	26.0	telitin	<<telitin>> upon the final hearing of said matter	gelatin
production-1917-vol1-chapters	1196	3.11	munen	board of supervisors of the county within <<munen>> ors	funen|manen|menen|monen|muen|mugen
production-1917-vol1-chapters	1196	14.2	unwatering	for the <<unwatering>> of lands in reclamation districts but shall	unwavering
production-1917-vol1-chapters	1196	18.8	reclee	sacramento and san joaquin drainage district three <<reclee>> ator	reflee
production-1917-vol1-chapters	1196	32.9	notlee	of said hearing before the said reclamation <<notlee>>	notley
production-1917-vol1-chapters	1197	21.9	sulfli	action shall be final and thereafter the <<sulfli>>	sulli
production-1917-vol1-chapters	1198	32.10	runate	work contemplated by the original or any <<runate>>	gunate|lunate|renate|rugate|ruinate|runite
production-1917-vol1-chapters	1199	2.0	saement	<<saement>> which list shall contain the following information	sarment
production-1917-vol1-chapters	1201	21.0	zioys	<<zioys>> tore	zions
production-1917-vol1-chapters	1202	15.13	vuttanding	shall on the demand of the holder <<vuttanding>>	outstanding
production-1917-vol1-chapters	1205	6.0	beenme	<<beenme>> lien taken action modifying or approving any	beene|beenie
production-1917-vol1-chapters	1205	36.0	asesments	<<asesments>> been authorized the treasurer must return the	assesments
production-1917-vol1-chapters	1208	2.0	ienee	<<ienee>> as in this chapter provided over roauls	denee|genee|ieee|iene|inee|lienee
production-1917-vol1-chapters	1209	51.0	fvok	<<fvok>> the work the county survivor must examine	fok|fook|fvck|vok
production-1917-vol1-chapters	1210	0.0	compicted	<<compicted>> in accordance with the specifications thereof he	compacted
production-1917-vol1-chapters	1210	14.11	ramty	to the public advantage and convenience of <<ramty>>	rafty|ramey|rammy|ramy|ramzy|ranty
production-1917-vol1-chapters	1212	44.10	batots	shall be by ballot which ballots must <<batots>>	batons|batts
production-1917-vol1-chapters	1213	0.0	certifeale	<<certifeale>> the highest number of legal votes if	certifiable
production-1917-vol1-chapters	1216	17.10	assvas	the treasurer of the county where the <<assvas>>	assas
production-1917-vol1-chapters	1217	12.0	refreted	<<refreted>> national forest and such selection has been	referred|regreted
production-1917-vol1-chapters	1217	21.5	resclection	the party applying for such <<resclection>> shall pay all of the	reselection
production-1917-vol1-chapters	1221	1.1	samatin	ot <<samatin>> dredths chains to the westerly boundary of	salatin|samarin
production-1917-vol1-chapters	1221	1.2	dredths	ot samatin <<dredths>> chains to the westerly boundary of a	deaths
production-1917-vol1-chapters	1222	1.10	amutio	the quarter section corner between sec of <<amutio>>	autio
production-1917-vol1-chapters	1222	2.7	shuic	tions thirteen and fourteen same township and <<shuic>>	shui
production-1917-vol1-chapters	1223	2.0	gutric	<<gutric>> feet to the right or westerly bank	guric|gutnic
production-1917-vol1-chapters	1227	11.10	cyual	shall be paid by such county in <<cyual>>	cual
production-1917-vol1-chapters	1227	41.8	dcepu	weeks provided further that the undersheriff all <<dcepu>>	cepu|dceu|deep|deepu
production-1917-vol1-chapters	1231	0.0	asscsur	<<asscsur>> same manner and out of the same	assur
production-1917-vol1-chapters	1236	6.0	calile	<<calile>> hides for brands and marks to provide	caille|cakile|calice|calicle|calil|calise
production-1917-vol1-chapters	1236	13.10	caue	be and is hereby created a cattle <<caue>>	aue|cabe|cace|cade|cae|cafe
production-1917-vol1-chapters	1236	14.11	pretetin	appointed hy the governor of the state <<pretetin>>	protein
production-1917-vol1-chapters	1236	32.10	catue	act as hereinafter provided shall be paid <<catue>>	casue|cate|cathe|catie|catte|catu
production-1917-vol1-chapters	1237	41.1	eattl	re <<eattl>> bred cattle which can be identified as	ettl
production-1917-vol1-chapters	1240	24.0	carmark	<<carmark>> and brand the names of shipper and	caremark|carmack|carpark|earmark
production-1917-vol1-chapters	1242	18.8	visuict	district attorney two thousand five hundred dollars <<visuict>>	visit
production-1917-vol1-chapters	1242	29.8	gunerin	superintendent of schools two thousand dollars per <<gunerin>>	generic|guerin
production-1917-vol1-chapters	1242	35.11	suncsor	as are now or may he hereafter <<suncsor>>	sensor|suncor
production-1917-vol1-chapters	1244	11.11	sntcers	virtue of their offices the following salaries <<sntcers>>	enters
production-1917-vol1-chapters	1244	29.8	ayawor	auditor one thousand five hundred dollars per <<ayawor>>	amador
production-1917-vol1-chapters	1244	35.0	anpim	<<anpim>> and the fees and commissions now or	anim|anprm|antim
production-1917-vol1-chapters	1245	2.0	auomey	<<auomey>> per annum assistant district attorney one thousand	abomey|tuomey
production-1917-vol1-chapters	1247	11.2	parkci	aor salveltnas <<parkci>> when taken in a legal manner and	parki
production-1917-vol1-chapters	1248	22.11	renauy	of a violation of any of the <<renauy>>	renaud|renaut|renay
production-1917-vol1-chapters	1248	42.9	comties	of the fifteenth class the county and <<comties>> or	comites|commies|comtes|cooties
production-1917-vol1-chapters	1254	30.9	comty	clerk two thousand dollars per annum except <<comty>> ric	cmty|coaty|comay|comby|comey|comfy
production-1917-vol1-chapters	1255	1.0	assevur	<<assevur>> the assessor two thousand six hundred dollars	assever|assur
production-1917-vol1-chapters	1257	22.6	rveorder	created the salary of such deputy <<rveorder>> is hereby fixed	reorder
production-1917-vol1-chapters	1258	5.10	pubhe	such fees as are now or may <<pubhe>>	dubhe|pube|puhe
production-1917-vol1-chapters	1258	8.4	aetnal	dollars per annum and <<aetnal>> traveling expenses when visiting tendent of	aetna
production-1917-vol1-chapters	1258	24.9	towships	following compensation for the purpose of fixing <<towships>>	townships
production-1917-vol1-chapters	1260	39.8	sherltt	sheriff four thousand dollars per annum provided <<sherltt>>	sherbet
production-1917-vol1-chapters	1260	46.9	tlalian	annum one of whom shall speak the <<tlalian>> lan	ltalian|talian|thalian
production-1917-vol1-chapters	1263	30.0	cohected	<<cohected>> by him shall be paid into the	conected
production-1917-vol1-chapters	1264	24.9	irden	annum and the actual and necessary expenses <<irden>>	arden|erden|iden|inden|ireen|iren
production-1917-vol1-chapters	1265	2.0	tevewe	<<tevewe>> hereinafter provided	tevere
production-1917-vol1-chapters	1267	15.4	scrics	numbered in one complete <<scrics>> and when completed	scrims|scrips
production-1917-vol1-chapters	1267	20.0	supensors	<<supensors>> hach supervisor two thousand four hundred dollars	sponsors|suspensors
production-1917-vol1-chapters	1268	0.0	ciiapter	<<ciiapter>>	chapter
production-1917-vol1-chapters	1268	11.13	ottcers	by virtue of their office the follow <<ottcers>>	otters
production-1917-vol1-chapters	1272	37.10	erstip	peace and constables townships in counties of <<erstip>>	erst
production-1917-vol1-chapters	1274	44.13	heewe	this state or are brought into thig <<heewe>>	heede|heee|heeee|heene|heere|heese
production-1917-vol1-chapters	1275	4.0	weenses	<<weenses>> sec the controller of state shall prepare	weeness|weenies
production-1917-vol1-chapters	1278	14.4	rowhoat	except a sailboat or <<rowhoat>> is guilty of a misdemeanor	rowboat
production-1917-vol1-chapters	1278	35.11	gyammation	than fifty years of age each applicant <<gyammation>>	gammation
production-1917-vol1-chapters	1278	40.2	aswemnt	ehall hn <<aswemnt>> peemwr glhrea mune nen nf al kk	assent
production-1917-vol1-chapters	1278	40.3	peemwr	ehall hn aswemnt <<peemwr>> glhrea mune nen nf al kk ll	peer
production-1917-vol1-chapters	1279	9.0	oftivers	<<oftivers>> constituted peace officers and invested with all	officers
production-1917-vol1-chapters	1279	16.0	gmemor	<<gmemor>> ex lusive control and direction of the	memor
production-1917-vol1-chapters	1279	43.1	onker	obey <<onker>> failing or refusing to obey any lawful	anker|bonker|conker|donker|honker|inker
production-1917-vol1-chapters	1279	45.0	vietion	<<vietion>> thereof shall be punished by imprisonment in	viation
production-1917-vol1-chapters	1280	5.10	umency	of war now existing between the united <<umency>>	mency
production-1917-vol1-chapters	1283	9.0	forthaith	<<forthaith>> number of jurors fail to appear such	forthwith
production-1917-vol1-chapters	1284	20.8	awntor	auditor one thousand two hundred dollars per <<awntor>>	antor
production-1917-vol1-chapters	1284	36.8	asroor	assessor one thousand eight hundred dollars per <<asroor>>	masroor
production-1917-vol1-chapters	1284	45.8	matict	district attorney one thousand five hundred dollars <<matict>>	matic|matica|matice|matico|matics
production-1917-vol1-chapters	1285	35.8	necounted	for services and said fers shall he <<necounted>> for to	recounted
production-1917-vol1-chapters	1285	49.0	weation	<<weation>>	section
production-1917-vol1-chapters	1286	33.0	cilapter	<<cilapter>>	chapter
production-1917-vol1-chapters	1287	22.0	appurtion	<<appurtion>> ec after a district has been suspended	apportion
production-1917-vol1-chapters	1287	43.0	ruspenled	<<ruspenled>> f a suspended district may be merged	suspended
production-1917-vol1-chapters	1288	35.8	cicht	amount necessary to maintain a school for <<cicht>>	cichy|dicht|ficht|licht|micht|nicht
production-1917-vol1-chapters	1296	5.6	ibrec	shall be paid not to exceed <<ibrec>> and a half dollars per diem	brec|ibec|ibrc|irec
production-1917-vol1-chapters	1297	47.0	impewa	<<impewa>> vided shall be in full for all	impede|impera
production-1917-vol1-chapters	1298	29.8	marnte	taxes lo pay for the acquisition construction <<marnte>>	mante|marne|marnie|marte
production-1917-vol1-chapters	1300	16.11	donhle	said board who shall cach qualify in <<donhle>>	done|dongle
production-1917-vol1-chapters	1301	47.0	geleet	<<geleet>> and appoint from among the qualified electors	gelee|gelert|gleet
production-1917-vol1-chapters	1303	9.0	vacanty	<<vacanty>> your prior to his election any vacancy	vacancy|vacant|vacante|vacanti|vacantly|vacantry
production-1917-vol1-chapters	1303	19.0	highvwy	<<highvwy>> cent in number of the number of	highway
production-1917-vol1-chapters	1303	41.0	nocom	<<nocom>> the commissioners shall receive no compensation whatever	cocom|noco|noncom|noom|norcom|socom
production-1917-vol1-chapters	1303	42.0	vewation	<<vewation>> either for genera or special services	velation|venation|vexation
production-1917-vol1-chapters	1306	16.0	vevor	<<vevor>> or county engineer as the case may	bevor|devor|vevo
production-1917-vol1-chapters	1306	43.7	incated	the county in which such district is <<incated>>	incased|incited
production-1917-vol1-chapters	1306	46.12	rolmg	to the day fixed for the election <<rolmg>>	rolm
production-1917-vol1-chapters	1307	4.8	comunis	commission with the election returns and said <<comunis>>	communis|comunes|comunist
production-1917-vol1-chapters	1307	46.0	falmite	<<falmite>> of see the commission must at or	palmite
production-1917-vol1-chapters	1312	18.0	cecding	<<cecding>> therefor in the superior court of the	ceding
production-1917-vol1-chapters	1313	21.0	cilapter	<<cilapter>>	chapter
production-1917-vol1-chapters	1316	6.3	acensed	furnished io the <<acensed>> at least ten days before the hearing	censed
production-1917-vol1-chapters	1316	48.9	sementar	school certificates to holders of the follow <<sementar>>	semester
production-1917-vol1-chapters	1317	48.0	afterfre	<<afterfre>> have taught successfully in the same county	aftercare
production-1917-vol1-chapters	1318	16.9	potaers	authorized in such certificate provided that the <<potaers>> ot	pothers|potters
production-1917-vol1-chapters	1318	32.12	mbeta	school unless such librarian holds a high <<mbeta>>	abeta|beta|mbete|mbeya|mbta|meeta
production-1917-vol1-chapters	1321	9.0	fuwilte	<<fuwilte>> par value thereof no distinction shall exist	futile
production-1917-vol1-chapters	1321	11.0	shurex	<<shurex>> shares or classes of shares cither as	shure|shuren|shures
production-1917-vol1-chapters	1321	46.0	dmdent	<<dmdent>> reduce the amount or actual value of	dident|ment
production-1917-vol1-chapters	1323	22.0	traurer	<<traurer>> mission for licenses collected by him provided	trauger|trauner|treasurer
production-1917-vol1-chapters	1323	46.0	preoners	<<preoners>> visors shall fix a reasonable price at	prisoners
production-1917-vol1-chapters	1324	1.10	conveyiny	conveying persons to and from the insane <<conveyiny>>	conveying
production-1917-vol1-chapters	1324	3.10	sstitutions	also all expenses necessarily incurred in conveying <<sstitutions>>	institutions
production-1917-vol1-chapters	1329	50.0	eorpora	<<eorpora>>	corpora|porpora
production-1917-vol1-chapters	1331	51.0	poratlon	<<poratlon>>	portion
production-1917-vol1-chapters	1333	0.0	pubue	<<pubue>> corporation or corporations municipality or other political	pube
production-1917-vol1-chapters	1333	1.0	mulity	<<mulity>> subdivision of the state which in turn	mulit|mulita|munity
production-1917-vol1-chapters	1333	7.0	cilapter	<<cilapter>>	chapter
production-1917-vol1-chapters	1335	2.0	andwit	<<andwit>> state of california	andit
production-1917-vol1-chapters	1336	1.13	didetes	a municipal office or for any of <<didetes>>	deletes
production-1917-vol1-chapters	1336	34.8	scerc	papers required to he filed with the <<scerc>> time for	cerc|scrc|serc
production-1917-vol1-chapters	1336	35.13	fuminatio	county clerk shall be filed not more <<fuminatio>>	fumigation
production-1917-vol1-chapters	1337	7.0	aniatin	<<aniatin>> subdivision no person shall be registered as	aviation
production-1917-vol1-chapters	1337	33.0	conctions	<<conctions>> sub no foreign born person shall be	coactions|condtions|fonctions
production-1917-vol1-chapters	1337	35.0	jreien	<<jreien>> s certificate of naturalization or upon the	freien
production-1917-vol1-chapters	1338	2.11	forrim	his or her parent naming such parent <<forrim>>	forhim|form|forrit
production-1917-vol1-chapters	1338	31.11	permtint	is inserted if the affidavit is lor <<permtint>>	permit
production-1917-vol1-chapters	1341	0.0	btats	<<btats>> president of the united states and providing	bats|batts|beats|blats|boats|brats
production-1917-vol1-chapters	1343	31.8	officca	writing designating all the offices except township <<officca>>	officia
production-1917-vol1-chapters	1344	46.1	rostl	rr <<rostl>>	rosal|rosel|rosol|rost|rosta|rostel
production-1917-vol1-chapters	1345	41.0	fomof	<<fomof>> state of california i	fomo|food|foof
production-1917-vol1-chapters	1349	37.0	camlidates	<<camlidates>> lad provided further that for all nominations	candidates
production-1917-vol1-chapters	1350	28.10	peruns	receive and file the same the verifi <<peruns>>	perins|persons|perun|perus|reruns
production-1917-vol1-chapters	1352	42.0	cighty	<<cighty>> right of the political code unless at	eighty|fighty|lighty|mighty|nighty|righty
production-1917-vol1-chapters	1354	13.11	cuvaw	the polls are finally closed the judges <<cuvaw>> of	cuva
production-1917-vol1-chapters	1355	22.0	relums	<<relums>> to the county clerk or registrar of	relume
production-1917-vol1-chapters	1357	49.1	inufter	caneutions <<inufter>> provided may be held in this state	inter
production-1917-vol1-chapters	1362	6.0	therchy	<<therchy>> created is filled hy a party committee	thearchy
production-1917-vol1-chapters	1363	17.0	timeand	<<timeand>> by the order of such court such	tideland
production-1917-vol1-chapters	1363	37.2	specd	additional venient <<specd>> tf the number of votes which are	spead|spec|speca|spece|speced|speci
production-1917-vol1-chapters	1366	30.10	notder	at any regular or special meeting and <<notder>>	nodder|noter|nother|notker|notter
production-1917-vol1-chapters	1367	39.1	sbwes	when <<sbwes>> sec for the purpose of determining the	sbes
production-1917-vol1-chapters	1368	24.3	quilers	holes bridges cesspools <<quilers>> tunnels curbing and	quiles|quilters|quivers|quoilers
production-1917-vol1-chapters	1372	26.12	netie	attested by the clerk of the board <<netie>> of	etie|neie|nete|neti|nette|nettie
production-1917-vol1-chapters	1372	31.14	iybio	clerk of said board until the con <<iybio>>	ibis
production-1917-vol1-chapters	1372	42.12	heting	supervisors for payment by him the costs <<heting>>	feting|geting|hating|heating|hefting|heling
production-1917-vol1-chapters	1375	32.0	pachers	<<pachers>> first before assuming charge of a school	cachers|pacers|packers|poachers
production-1917-vol1-chapters	1376	1.10	otity	charge of a school and one week <<otity>>	city|oity|otty|tity|toity
production-1917-vol1-chapters	1376	13.1	ilold	fourth <<ilold>> pupils to a strict account for their	itold|lold
production-1917-vol1-chapters	1377	25.0	cusranty	<<cusranty>> section every domestic corporation having a capital	guaranty
production-1917-vol1-chapters	1377	26.0	fudad	<<fudad>> stock issuing fire insurance policies may at	fuad|fuda|fudan|fudd
production-1917-vol1-chapters	1377	26.10	ercate	fire insurance policies may at its option <<ercate>>	arcate|erate
production-1917-vol1-chapters	1378	1.11	aniien	corporation shall not make declare or tf <<aniien>>	ancien
production-1917-vol1-chapters	1379	26.6	cyual	special reserve fund cach in amount <<cyual>> to one half of the	cual
production-1917-vol1-chapters	1379	28.3	msert	it may thereafter <<msert>> in any policy it muy thereafter issue	mert|sert
production-1917-vol1-chapters	1381	0.0	iguarnty	<<iguarnty>> interest payable under the provisions hereof to	guaranty
production-1917-vol1-chapters	1381	13.0	imarred	<<imarred>> accumulation of such special reserve fund it	marred
production-1917-vol1-chapters	1381	22.0	raticsu	<<raticsu>> doing business under this and the two	ratios
production-1917-vol1-chapters	1381	26.0	cilapter	<<cilapter>>	chapter
production-1917-vol1-chapters	1385	45.0	weving	<<weving>> keeping of attendance in all secondary schools	beving|leving|reving|waving|weaving|weeing
production-1917-vol1-chapters	1386	2.13	grakiny	or of the state board of health <<grakiny>>	grainy
production-1917-vol1-chapters	1386	35.0	citapter	<<citapter>>	chapter
production-1917-vol1-chapters	1387	2.0	verational	<<verational>> tional education to provide for cooperation with	venational
production-1917-vol1-chapters	1387	18.0	treauer	<<treauer>> ig hereby made custodian of all federal	treader|treater|treuer
production-1917-vol1-chapters	1387	26.0	eduent	<<eduent>> oi	eluent
production-1917-vol1-chapters	1388	1.0	citapter	<<citapter>>	chapter
production-1917-vol1-chapters	1388	10.9	itanee	shall maintain under his authority and tuer <<itanee>>	tanee
production-1917-vol1-chapters	1388	44.10	gateic	of said inheritance tax attorney shall be <<gateic>>	gathic
production-1917-vol1-chapters	1389	3.0	toartment	<<toartment>> added the salary of one assistant inheritance	apartment
production-1917-vol1-chapters	1389	23.0	cilapter	<<cilapter>>	chapter
production-1917-vol1-chapters	1391	52.0	voraied	<<voraied>> cities nnd towns therein to furnish to	varied
production-1917-vol1-chapters	1392	24.6	trifiing	or of persons arrested for other <<trifiing>> offenses it pay	trifling
production-1917-vol1-chapters	1392	39.10	salanes	of managers of this bureau shall serve <<salanes>>	galanes|salines|sealanes|silanes|slanes
production-1917-vol1-chapters	1395	8.1	cocino	betwen <<cocino>> and sonoma is hereby established and permuancutly	cochino|cocina|comino|corino|covino|tocino
production-1917-vol1-chapters	1395	9.0	mengocino	<<mengocino>> located as follows	mendocino
production-1917-vol1-chapters	1396	1.9	litseen	three township twelve north range eleven west <<litseen>>	listen
production-1917-vol1-chapters	1396	3.13	tonoms	or less to the northwest corner and <<tonoms>>	tonous|tooms
production-1917-vol1-chapters	1397	26.4	hurean	establish a legislative counsel <<hurean>> and making an appropriation	humean|hurban
production-1917-vol1-chapters	1397	38.3	connsc	uo a legislative <<connsc>> bureau and making an appropriation	connec|conns
production-1917-vol1-chapters	1398	30.2	enurt	the supreme <<enurt>> shall be filed with the clerk of	enrut|enure|snurt
production-1917-vol1-chapters	1399	3.1	tourge	not <<tourge>> rejection or approval or other action neither	courge|touge|tounge|toure|tourne|tourre
production-1917-vol1-chapters	1399	4.0	ieaviation	<<ieaviation>> gunsel nor any employee of the bureau	aviation
production-1917-vol1-chapters	1399	20.0	ramtol	<<ramtol>> all sessions of the legislature and his	ramon|ramtil
production-1917-vol1-chapters	1399	47.0	mailablet	<<mailablet>> tions of the state library shall be	bailable|mailable
production-1917-vol1-chapters	1402	22.9	uthona	purpose of determining whether an emergency or <<uthona>>	thon
production-1917-vol1-chapters	1403	25.0	prodwing	<<prodwing>> in the judgment of a governing body	prodding
production-1917-vol1-chapters	1403	28.3	therchy	tax levies made <<therchy>> in the year immediately preceding	thearchy
production-1917-vol1-chapters	1403	43.0	electim	<<electim>> decision of the state board of authorization	electi|electic
production-1917-vol1-chapters	1405	34.0	subkert	<<subkert>> to governing bodies thereof provided any city	subvert
production-1917-vol1-chapters	1405	46.0	aboishet	<<aboishet>> cal subdivision are permitted authorized or directed	abolished
production-1917-vol1-chapters	1406	1.0	citapter	<<citapter>>	chapter
production-1917-vol1-chapters	1406	11.11	renuredo	business transactions a journal of all meet <<renuredo>>	tenured
production-1917-vol1-chapters	1407	26.4	cownly	ihe supervision of one <<cownly>> board of supervisors to	conly|lownly|townly
production-1917-vol1-chapters	1413	18.0	wobatin	<<wobatin>> adult probation officer and the assistant adult	obtain
production-1917-vol1-chapters	1417	17.0	arkform	<<arkform>> charged with the administration of the laws	artform|reform
production-1917-vol1-chapters	1420	25.7	procecare	sec the ordinance prescribing such proceedure shal <<procecare>>	procedure
production-1917-vol1-chapters	1421	0.0	citapter	<<citapter>>	chapter
production-1917-vol1-chapters	1421	21.0	puslding	<<puslding>>	building
production-1917-vol1-chapters	1421	28.0	demuinent	<<demuinent>> there is no housing department the health	eminent
production-1917-vol1-chapters	1424	17.10	amawit	said application shall allege that the plans <<amawit>>	await
production-1917-vol1-chapters	1425	20.0	completin	<<completin>> incorporated city and county it shall be	completing|completion
production-1917-vol1-chapters	1428	4.9	fiepr	is a building wherein all the exterior <<fiepr>>	fier
production-1917-vol1-chapters	1428	14.3	conerctc	gypsum blocks brick <<conerctc>> reinforced concrete or of	conerty
production-1917-vol1-chapters	1432	9.9	ibrough	provided however that if the lot extends <<ibrough>>	brough
production-1917-vol1-chapters	1432	42.0	lrcopy	<<lrcopy>> ocecenceececeeeceeeeeeeeeeeeeneeeeeeeeeeel ft od ft tn	copy
production-1917-vol1-chapters	1432	44.1	btotlo	b <<btotlo>> oe eaten e ee eee eee at	bottle
production-1917-vol1-chapters	1433	25.0	mitories	<<mitories>> in the bulging measured upward from	minories
production-1917-vol1-chapters	1434	4.6	agrrenate	inner court ureas umber ot jet <<agrrenate>>	aggregate
production-1917-vol1-chapters	1437	8.0	purh	<<purh>> yard or an outer court except windows	burh|perh|prh|pruh|puch|puerh
production-1917-vol1-chapters	1437	48.0	yindos	<<yindos>> ava dow area in each room used	finds|indos|lindos
production-1917-vol1-chapters	1438	1.9	cxcecd	room which has a superficial floor arca <<cxcecd>>	exceed
production-1917-vol1-chapters	1438	47.10	yenilating	hotel two or more stories in height <<yenilating>>	ventilating
production-1917-vol1-chapters	1439	2.0	soleht	<<soleht>> at the ratio of six square fect	soleit|solent
production-1917-vol1-chapters	1440	34.10	euru	a connection with the sewer is possible <<euru>>	buru|duru|ebru|ecru|eluru|eru
production-1917-vol1-chapters	1441	43.6	tancets	courts and passageways may be washed <<tancets>> shall be of	lancets
production-1917-vol1-chapters	1442	10.11	rrvy	sanitary a privy or toilet other than <<rrvy>>	arvy|ervy|revy|rrv|rry
production-1917-vol1-chapters	1444	42.9	sraarway	under any wooden stairway but such space <<sraarway>>	stairway
production-1917-vol1-chapters	1444	51.8	starvay	in every hotel hereafter erected more than <<starvay>> to	starvy
production-1917-vol1-chapters	1447	3.0	enelowed	<<enelowed>> type any type of an enclosed approved	enclosed
production-1917-vol1-chapters	1448	9.9	starsay	any hotel hereafter erected in which there <<starsay>> ani	starsky
production-1917-vol1-chapters	1449	10.1	ltvery	ing <<ltvery>> such door or window opening shall be	lavery|livery
production-1917-vol1-chapters	1449	23.0	staudpipes	<<staudpipes>> suc on every hotel hereafter erected four	standpipes
production-1917-vol1-chapters	1450	7.6	firestops	constructed with wood studs with wood <<firestops>> the same size	firestop
production-1917-vol1-chapters	1451	16.1	firestops	wood <<firestops>> the same size as the studs cut	firestop
production-1917-vol1-chapters	1451	30.0	foreed	<<foreed>> conercte brick stone or terra cotta tile	fareed|forced|forded|foree|forend|forged
production-1917-vol1-chapters	1452	36.10	extau	hotel hereafter erected the water closet fun <<extau>>	exta
production-1917-vol1-chapters	1453	14.0	mantun	<<mantun>> fan exhaust ventilation as in this section	antun|manbun|manoun|mansun|mantan|manton
production-1917-vol1-chapters	1456	8.12	sereentn	the occupants of any hotel or for <<sereentn>>	sereen
production-1917-vol1-chapters	1456	10.0	joetal	<<joetal>> mosquito screening of at least sixteen mesh	foetal|total
production-1917-vol1-chapters	1461	12.0	departunents	<<departunents>> housing department in an incorporated town incorporated	departments
production-1917-vol1-chapters	1462	42.9	puriding	of this act in any incorporated town <<puriding>>	priding
production-1917-vol1-chapters	1464	50.0	reanirements	<<reanirements>>	requirements
production-1917-vol1-chapters	1465	36.4	dampproofed	a basement shall be <<dampproofed>> and waterproofed such	dampproofer
production-1917-vol1-chapters	1466	16.8	wmiow	in every dwelling hereafter created every room <<wmiow>>	widow
production-1917-vol1-chapters	1466	20.3	sircet	directly upon a <<sircet>> or upon unoccupied area not less than	siret
production-1917-vol1-chapters	1466	40.8	wintw	tn every dwelling hereafter erceied the total <<wintw>>	wint|with
production-1917-vol1-chapters	1467	43.0	karthenware	<<karthenware>> sanitary in every particular water closets hereafter	earthenware
production-1917-vol1-chapters	1468	20.7	parpans	number of persons over years of age <<parpans>> under superficial floor	pardons|tarpans
production-1917-vol1-chapters	1468	22.3	aquure	oot eee etna <<aquure>> fect	aquire
production-1917-vol1-chapters	1469	4.3	eviling	wet dean partition <<eviling>> floor skylight glass window door carpet	deviling|eiling|exiling|reviling|veiling
production-1917-vol1-chapters	1469	14.0	yimbing	<<yimbing>> improper substance in any water closet sink	limbing|yiming
production-1917-vol1-chapters	1469	30.0	niivance	<<niivance>> ig constructed altered converted or maintained in	nuisance
production-1917-vol1-chapters	1471	25.11	abrogat	this act contained shall be construed as <<abrogat>>	abrogate
production-1917-vol1-chapters	1472	46.10	avats	health department in an incorporated seh as <<avats>>	aats|adats|avais|avars|avas|avast
production-1917-vol1-chapters	1474	21.10	fenement	or altered for such use shall thereupon <<fenement>>	finement|tenement
production-1917-vol1-chapters	1474	30.9	bunding	be unlawful to reconstruct any tenement house <<bunding>>	banding|bending|binding|bonding|bounding|budding
production-1917-vol1-chapters	1478	50.8	fivery	a public alley is an outer court <<fivery>> court which is	fiery|finery|fiver|fiverr|fivers|ivery
production-1917-vol1-chapters	1479	18.0	eireproot	<<eireproot>> fireproof tenement house is a building wherein	fireproof
production-1917-vol1-chapters	1481	30.0	pacement	<<pacement>> tenement house is any house or building	pacemen|paiement|pavement|placement
production-1917-vol1-chapters	1483	19.0	percentof	<<percentof>> sec on every corner lot on which	percent
production-1917-vol1-chapters	1483	41.10	unoc	the percentage of jot to be left <<unoc>>	anoc|cnoc|enoc|knoc|noc|nuoc
production-1917-vol1-chapters	1483	42.0	cupicd	<<cupicd>>	cupich|cupid
production-1917-vol1-chapters	1485	31.0	excosated	<<excosated>> src every front yard which is excavated	excavated
production-1917-vol1-chapters	1486	4.6	muvmum	se the buliding measured upward trom <<muvmum>> maximum	museum
production-1917-vol1-chapters	1486	33.0	storfes	<<storfes>> fl in square feet	stores|stories
production-1917-vol1-chapters	1488	18.8	fentilatea	in every tenement house hereafter erected the <<fentilatea>>	ventilated
production-1917-vol1-chapters	1488	26.10	mmtus	in any such building the lowest floor <<mmtus>>	matus|metus|mmts|mmus|motus
production-1917-vol1-chapters	1491	7.0	wyotem	<<wyotem>> dows as in this section prescribed may	system
production-1917-vol1-chapters	1494	27.10	tenemen	tenement house erected prior to the tn <<tenemen>>	tenement
production-1917-vol1-chapters	1495	8.0	intenement	<<intenement>> sec tn every tenement house erected prior	intendment|internement|intonement
production-1917-vol1-chapters	1495	31.0	prhy	<<prhy>> pants of such building such facilities shall	phy|pray|prey|prh|pry|przy
production-1917-vol1-chapters	1496	1.12	feomes	slop sink wash tray or lavatory shall <<feomes>>	femmes|fomes
production-1917-vol1-chapters	1497	4.0	staireays	<<staireays>> be used as the basis for computing	stairways
production-1917-vol1-chapters	1497	5.0	remirel	<<remirel>> required in every tenement house hereafter erected	demirel
production-1917-vol1-chapters	1498	21.8	statrauy	in every tenement house hereafter erected more <<statrauy>> to	statuary
production-1917-vol1-chapters	1501	0.0	fireand	<<fireand>> feet above the roof of the building	firearm|firend
production-1917-vol1-chapters	1502	42.10	xeamy	escape in or on tenement houses herc <<xeamy>>	beamy|keamy|leamy|reamy|seamy
production-1917-vol1-chapters	1502	47.8	standpin	on every tenement house hereafter erected four <<standpin>>	standin|standing
production-1917-vol1-chapters	1503	18.0	heator	<<heator>> sec in every fireproof tenement house hereafter	heanor|heater|heaton|hector|heitor|hektor
production-1917-vol1-chapters	1503	29.9	firestops	be constructed with wood studs with wood <<firestops>>	firestop
production-1917-vol1-chapters	1504	0.10	sbaty	lined on the outside thereof weather vent <<sbaty>>	baty|saty|slaty|state
production-1917-vol1-chapters	1504	39.8	firestops	may be of wood studs with wood <<firestops>> the same sizes as	firestop
production-1917-vol1-chapters	1504	52.1	rontl	oxx <<rontl>>	ronal|ronel|ront|rotl
production-1917-vol1-chapters	1506	11.9	winims	room in a tenement house erected prior <<winims>>	minims
production-1917-vol1-chapters	1506	43.13	stceping	person to live or sleep or permit <<stceping>>	steeping
production-1917-vol1-chapters	1507	16.0	mentirng	<<mentirng>> of sue in every tenement house there	menting
production-1917-vol1-chapters	1508	10.10	sreenny	health of the occupants of any tenement <<sreenny>>	sweeney
production-1917-vol1-chapters	1508	25.6	koums	sec every room hallway passageway stairway <<koums>> etc	khoums|khums|koms|koum|koume|koumi
production-1917-vol1-chapters	1512	23.9	abrogat	this act contained shall be construed as <<abrogat>> posen of	abrogate
production-1917-vol1-chapters	1513	6.0	cilapter	<<cilapter>>	chapter
production-1917-vol1-chapters	1513	17.0	cilapter	<<cilapter>>	chapter
production-1917-vol1-chapters	1516	22.8	wiavn	saloon soda fountain store theater public hall <<wiavn>>	waive|wian
production-1917-vol1-chapters	1517	23.0	wiwiul	<<wiwiul>> operating having charge of or control of	wilful
production-1917-vol1-chapters	1519	28.0	cilapter	<<cilapter>>	chapter
production-1917-vol1-chapters	1519	36.0	wulty	<<wulty>> uons its service give to such employee	culty|nulty|welty|wilty
production-1917-vol1-chapters	1519	36.1	uons	wulty <<uons>> its service give to such employee a	bons|cons|dons|eons|fons|gons
production-1917-vol1-chapters	1520	36.2	oftaw	anwuntir tana <<oftaw>> tha nowmant af all anutotandainea tnenl	oflaw|often
production-1917-vol1-chapters	1520	36.8	tnenl	tana oftaw tha nowmant af all anutotandainea <<tnenl>>	then
production-1917-vol1-chapters	1521	7.0	petitim	<<petitim>> thereto in the following manner a petition	petiti|petitio|petition
production-1917-vol1-chapters	1523	2.3	fishways	code relating to <<fishways>>	fishway
production-1917-vol1-chapters	1523	7.0	fishways	<<fishways>> it shall be the duty of the	fishway
production-1917-vol1-chapters	1523	43.0	febpay	<<febpay>> im or other artificial obstruction or other	repay
production-1917-vol1-chapters	1524	2.11	famy	other equipment necessary to operate a hatchery <<famy>> iy	amy|camy|faby|facy|fady|fahmy
production-1917-vol1-chapters	1526	3.0	peenaed	<<peenaed>> attending at a hearing shall receive for	peened|pended
