production-1941-vol1-41chapters	2804	22.0	tmmiment	<<tmmiment>> believes the person charged is a drug	imminent
production-1941-vol1-41chapters	2807	21.9	taissu	rules and regulations for the examina aa <<taissu>> n	taissa|tissu
production-1941-vol1-41chapters	2809	37.0	ciiapter	<<ciiapter>>	chapter
production-1941-vol1-41chapters	2810	28.3	zency	of rest pro <<zency>> nor to work performed in the necessary	lency|mency|sency|tency|zenny|zeny
production-1941-vol1-41chapters	2811	2.0	citapter	<<citapter>>	chapter
production-1941-vol1-41chapters	2811	6.0	cedurc	<<cedurc>> for the disposition of exhibits filed with	cedar
production-1941-vol1-41chapters	2812	30.0	ineffecte	<<ineffecte>> approved by governor july filed with secretary	ineffective
production-1941-vol1-41chapters	2813	6.9	appropn	sum of two thousand five hundred dollars <<appropn>>	approp|approve
production-1941-vol1-41chapters	2816	7.0	cncuied	<<cncuied>> tion of camp sites on state lands	uncured
production-1941-vol1-41chapters	2816	23.0	misiment	<<misiment>> into such relinquishment is not required for	missment
production-1941-vol1-41chapters	2817	19.8	repeuls	sections and of the revenue and taz <<repeuls>>	repeals|repels
production-1941-vol1-41chapters	2819	9.4	ntvon	hereby appropriated as follows <<ntvon>>	navon|nevon|nton
production-1941-vol1-41chapters	2819	29.11	smensai	and to the powers and duties of <<smensai>>	sensai
production-1941-vol1-41chapters	2819	34.2	conimussion	state lands <<conimussion>>	concussion
production-1941-vol1-41chapters	2820	2.0	gttats	<<gttats>> bs a upon the enacting of the	stats
production-1941-vol1-41chapters	2820	34.0	ciiapter	<<ciiapter>>	chapter
production-1941-vol1-41chapters	2822	22.0	citapter	<<citapter>>	chapter
production-1941-vol1-41chapters	2823	6.0	citapter	<<citapter>>	chapter
production-1941-vol1-41chapters	2825	17.8	denmtion	used in this article proponent or proponents <<denmtion>>	dention
production-1941-vol1-41chapters	2826	1.4	tlently	sented purpose of fraud <<tlently>> inducing persuading or seek	twenty
production-1941-vol1-41chapters	2827	25.0	ciiapter	<<ciiapter>>	chapter
production-1941-vol1-41chapters	2828	27.0	citapter	<<citapter>>	chapter
production-1941-vol1-41chapters	2829	7.11	pindtes	the duties of any office in viola <<pindtes>>	minutes
production-1941-vol1-41chapters	2830	16.0	catapter	<<catapter>>	chapter
production-1941-vol1-41chapters	2835	50.0	drela	<<drela>> in the same class and grade and	dela|drea|drell|dreya|rela|trela
production-1941-vol1-41chapters	2841	18.0	disbursee	<<disbursee>> disbursement of retirement funds shall be made	disburse|disbursed|disburser|disburses
production-1941-vol1-41chapters	2845	25.0	afity	<<afity>> com section five city commissioners a city	afit|ality|amity|arity
production-1941-vol1-41chapters	2846	17.11	termot	shall hold office for a term of <<termot>>	dermot|termo|termon|termor
production-1941-vol1-41chapters	2848	9.12	roaumer	day of july following his election and <<roaumer>>	raumer|roamer
production-1941-vol1-41chapters	2848	21.7	ofhce	until his successor is elected and qualified <<ofhce>>	offce|ofice
production-1941-vol1-41chapters	2849	32.0	fivand	<<fivand>> whereas the city and county of san	find
production-1941-vol1-41chapters	2850	11.8	pubhe	all employees engaged in public utility work <<pubhe>>	dubhe|pube|puhe
production-1941-vol1-41chapters	2853	28.0	cityof	<<cityof>> ree whereas proceedings have been taken and	city
production-1941-vol1-41chapters	2861	4.0	chetot	<<chetot>> g the marshal shall also be known	chatot|chett
production-1941-vol1-41chapters	2861	5.0	folee	<<folee>> police and as such chief of police	colee|flee|fole|foles|foley|folge
production-1941-vol1-41chapters	2867	0.0	personsim	<<personsim>> leaves of absence shall be granted to	persons
production-1941-vol1-41chapters	2867	41.0	semce	<<semce>> employees or eligibles entering or being inducted	seace|semco|seme|sence|simce
production-1941-vol1-41chapters	2867	42.0	onuers	<<onuers>> service shall prior thereto file with the	nuers
production-1941-vol1-41chapters	2869	6.0	creditsfor	<<creditsfor>> fifteen per cent of the total credits	creditor
production-1941-vol1-41chapters	2876	17.8	vedet	the term medical care shall include the <<vedet>>	edet|ledet|vedat|vede|vedel|veet
production-1941-vol1-41chapters	2876	44.6	certincate	now therefore we the undersigned warren <<certincate>>	certificate
production-1941-vol1-41chapters	2882	26.9	joumals	printer shall print in such quantity a <<joumals>>	journals
production-1941-vol1-41chapters	2887	17.0	viulution	<<viulution>> rule if either house skall violate a	violation
production-1941-vol1-41chapters	2888	0.4	clocumentary	procure testimony oral ana <<clocumentary>>	documentary
production-1941-vol1-41chapters	2890	30.0	ciiapter	<<ciiapter>>	chapter
production-1941-vol1-41chapters	2900	21.8	appropn	that the sum of ten thousand dollars <<appropn>>	approp|approve
production-1941-vol1-41chapters	2900	44.0	mnarily	<<mnarily>> an obligation of the federal government and	marily
production-1941-vol1-41chapters	2903	25.0	changein	<<changein>> whereas it appears by section a of	changin|changmin
production-1941-vol1-41chapters	2905	42.0	aidto	<<aidto>> great whereas there is being presently waged	aido|aidoo|airto|aito|aiuto|andto
production-1941-vol1-41chapters	2916	33.0	szal	<<szal>>	azal|ozal|saal|sal|scal|seal
production-1941-vol1-41chapters	2917	9.0	arporton	<<arporton>> whereas at the present juncture of world	apportion
production-1941-vol1-41chapters	2918	30.5	addme	ter of said city by <<addme>> a new section thereto to be known	adame|addae|adde|addie|addle|addre
production-1941-vol1-41chapters	2926	0.2	durmg	to act <<durmg>> this session of the legislature including	durag|durg|durig|durm|durng
production-1941-vol1-41chapters	2926	35.9	evwense	the members of the committee shall serve <<evwense>>	expense
production-1941-vol1-41chapters	2931	27.0	powersand	<<powersand>> to select a chairman from its membership	powerband
production-1941-vol1-41chapters	2933	29.0	equaitya	<<equaitya>> whereas the california meat inspection law was	equity
production-1941-vol1-41chapters	2933	34.0	wueereas	<<wueereas>> inspection under the federal law in california	whereas
production-1941-vol1-41chapters	2934	38.8	whtay	world events today demonstrate that to survive <<whtay>>	htay|whay|whta
production-1941-vol1-41chapters	2937	33.0	ertv	<<ertv>> in the city unless a grant therefor	crtv|drtv|edtv|erev|ert|erta
production-1941-vol1-41chapters	2939	9.8	unsuecess	of such franchise all deposits made by <<unsuecess>>	unsuccess
production-1941-vol1-41chapters	2939	17.0	bondot	<<bondot>> section the grantee of any franchise shall	bondo|bondoc|bondor|bonnot|rondot
production-1941-vol1-41chapters	2939	35.0	tmefor	<<tmefor>> section construction work under any franchise	tenor|trefor
production-1941-vol1-41chapters	2941	40.0	gasand	<<gasand>> section the council may grant a franchise	gaand|galand|garand|gasan|gasana|gasland
production-1941-vol1-41chapters	2942	13.11	trananese	if before any ordinance granting a fran <<trananese>>	trapanese
production-1941-vol1-41chapters	2944	5.9	miern	marine hospital services since but have fu <<miern>>	mern|mien|mier|miera|miers|miren
production-1941-vol1-41chapters	2945	14.1	emest	m <<emest>> whereas the citizens of california are justly	eest|egest|emert|emes|emesa|emet
production-1941-vol1-41chapters	2948	8.9	underpriv	of the stamp plan so that the <<underpriv>>	underpaid
production-1941-vol1-41chapters	2948	21.0	outhned	<<outhned>>	outlined
production-1941-vol1-41chapters	2949	28.0	reeors	<<reeors>> state board of prison directors recently was	recors
production-1941-vol1-41chapters	2954	18.11	mbtan	of the united states during war or <<mbtan>>	matan|mban|mbta
production-1941-vol1-41chapters	2956	0.5	jomt	senate concurrent resolution no amending <<jomt>> kutle	comt|domt|jmt|jolt|jom|joma
production-1941-vol1-41chapters	2956	0.6	kutle	senate concurrent resolution no amending jomt <<kutle>>	kuhle|kule|kulle|kunle|kute|kutler
production-1941-vol1-41chapters	2957	0.9	elhs	the state of california to the honorable <<elhs>>	echs|ehs|elas|elcs|elds|eles
production-1941-vol1-41chapters	2957	28.1	mutolo	del <<mutolo>> earl d desmond randal f dickey ralph	cutolo
production-1941-vol1-41chapters	2957	32.5	hastain	william i gunlock harvey e <<hastain>> augustus f	chastain|hasnain
production-1941-vol1-41chapters	2957	37.7	massion	charles w lyon thomas a maloney jack <<massion>> richard	mansion|masson|mission|passion
production-1941-vol1-41chapters	2968	33.8	bouega	in this period of uncertainty in international <<bouega>> ba	bodega|boyega
production-1941-vol1-41chapters	2969	25.10	muntet	charter of the city of vallejo a <<muntet>>	montet|munter
production-1941-vol1-41chapters	2969	31.0	cizot	<<cizot>> whereas proceedings have been taken and had	pilot
production-1941-vol1-41chapters	2974	30.8	ezami	of applications for positions in the classi <<ezami>>	azami|egami|emami|enami|exam|exami
production-1941-vol1-41chapters	2974	38.10	atertising	manner as the civil service commission shal <<atertising>>	advertising
production-1941-vol1-41chapters	2976	8.11	punitw	hereby vested with the right to exercise <<punitw>>	punit
production-1941-vol1-41chapters	2976	9.7	reiens	the disciplinary and removal powers hereinafter provided <<reiens>>	regens|reigns|reines|reins|repens|reviens
production-1941-vol1-41chapters	2978	0.10	separabit	sub section sub division sentence clause or <<separabit>>	separable
production-1941-vol1-41chapters	2979	20.0	cuyor	<<cuyor>> whereas the city of bakersfield in the	cukor|cuyo
production-1941-vol1-41chapters	2980	30.11	ordinaniees	date of their passage except as otherwise <<ordinaniees>>	ordinances
production-1941-vol1-41chapters	2981	25.0	repealor	<<repealor>> section the council may submit an ordinance	repealer
production-1941-vol1-41chapters	2981	26.0	oemarre	<<oemarre>> of amend any such ordinance to the	demarre|remarry
production-1941-vol1-41chapters	2982	42.9	conmeune	any municipal election at which all quali <<conmeune>>	convene
production-1941-vol1-41chapters	2985	11.0	uuhties	<<uuhties>> registered electors equal in number to not	duties
production-1941-vol1-41chapters	2986	0.0	aleetings	<<aleetings>>	fleetings|meetings
production-1941-vol1-41chapters	2987	39.0	medeates	<<medeates>> when in the opinion of the appointive	mediates
production-1941-vol1-41chapters	2996	2.11	frivemen	trustees may on its own motion retire <<frivemen>>	firemen
production-1941-vol1-41chapters	2997	17.0	pensionion	<<pensionion>> ec the board of trustees shall out	pensioning
production-1941-vol1-41chapters	2997	18.0	nimls	<<nimls>> of police relief and pension fund provide	imls|niels|nils|nimes|nimis|nims
production-1941-vol1-41chapters	2997	19.0	pohee	<<pohee>> member of the department who may die	cohee|phee|poee|poher|pohle|pokee
production-1941-vol1-41chapters	2998	35.9	forteitur	receiving a pension from the police relief <<forteitur>>	forfeiture
production-1941-vol1-41chapters	2999	8.0	fuemen	<<fuemen>> this article retirement under section shall be	femen|foemen|fremen|fulmen
production-1941-vol1-41chapters	3001	13.2	gemora	below mmi <<gemora>> izing trade practices had been carried on	demora|femora|gamora|gelora|gemara|gomora
production-1941-vol1-41chapters	3009	17.0	landme	<<landme>> care whatever from federal or state agencies	lande|landee|landmen
production-1941-vol1-41chapters	3009	35.0	wauereas	<<wauereas>> dirt swept down the sacramento river has	whereas
production-1941-vol1-41chapters	3010	26.11	iamag	and four miles in width represent ot <<iamag>>	amag|damag|damage|iama|imag
production-1941-vol1-41chapters	3012	11.11	huitine	general area wherein is situate the sac <<huitine>>	hunting
production-1941-vol1-41chapters	3013	31.0	closngo	<<closngo>> whereas pursuant to the provisions of section	closing
production-1941-vol1-41chapters	3014	25.11	scoltan	scollan has this day been called to <<scoltan>>	coltan|scollan|soltan
production-1941-vol1-41chapters	3016	49.8	puble	state laws plenary control over all pri <<puble>> ul	buble|dpuble|duble|pable|poble|pubble
production-1941-vol1-41chapters	3017	40.1	ofsan	city <<ofsan>> whereas proceedings have been taken and had	ofan|ofman|ofsaa|osan|ossan
production-1941-vol1-41chapters	3020	2.12	piav	in the city of san luis park <<piav>>	iav|pav|pia|piaa|piaf|piah
production-1941-vol1-41chapters	3020	3.10	fretnon	to be known as the park playground <<fretnon>>	fresno
production-1941-vol1-41chapters	3026	14.7	rearma	whereas during the present period of intensive <<rearma>> development	rearm|rearms
production-1941-vol1-41chapters	3027	27.0	removalof	<<removalof>> whereas there now exists in the area	removal
production-1941-vol1-41chapters	3028	15.9	ciyor	have been taken and had for the <<ciyor>>	cifor
production-1941-vol1-41chapters	3028	24.5	benbough	we the undersigned percy j <<benbough>> mavor of the ceisheate	bengough|enough
production-1941-vol1-41chapters	3029	27.1	xnjt	proposition <<xnjt>> to be submitted to said qualified electors	njt
production-1941-vol1-41chapters	3030	42.5	nommation	section nominations nominations of candidates <<nommation>>	commation
production-1941-vol1-41chapters	3032	28.5	ctect	tions take effect emergency measures <<ctect>>	cect|ctec|tect
production-1941-vol1-41chapters	3033	2.0	referc	<<referc>> dum	refer|refere|refers
production-1941-vol1-41chapters	3035	41.0	mreclor	<<mreclor>> provisions of this charter shall appoint a	rector
production-1941-vol1-41chapters	3036	25.9	turland	harbor commission shall have authority to lease <<turland>>	burland|durland|kurland|tuland|upland
production-1941-vol1-41chapters	3041	45.5	forins	council may prescribe more detailed <<forins>> for the franchise	florins|forint|forints|foris|fornis
production-1941-vol1-41chapters	3044	20.11	emoble	of eligible lists upon which shall be <<emoble>> ist	embole|moble
production-1941-vol1-41chapters	3045	33.0	appomting	<<appomting>> ss that the appointing authority which appointing	appointing
production-1941-vol1-41chapters	3048	7.2	benbough	p j <<benbough>>	bengough|enough
production-1941-vol1-41chapters	3049	44.0	prwets	<<prwets>> jaw to remove from em loyment all	powers
production-1941-vol1-41chapters	3052	27.9	defnittons	as used in this section includes insurance <<defnittons>>	definitions
production-1941-vol1-41chapters	3053	23.0	prinapal	<<prinapal>> g the principal office deduction consists of	principal
production-1941-vol1-41chapters	3054	12.6	lunstations	the limitations hereinabove referred to are <<lunstations>>	substations
production-1941-vol1-41chapters	3054	33.10	weceptions	taxes and licenses state county and municipal <<weceptions>>	deceptions|receptions
production-1941-vol1-41chapters	3056	4.11	certites	l meyers m d mayor of the <<certites>>	ceratites|certifies
production-1941-vol1-41chapters	3057	33.3	vanyas	determined from a <<vanyas>> of the returns thereof which result	vandas|vanya|vayas
production-1941-vol1-41chapters	3059	35.0	parksand	<<parksand>> section the commission shall have the full	parkland
production-1941-vol1-41chapters	3064	17.9	canmng	conditions of employment of the workers employed <<canmng>>	caning
production-1941-vol1-41chapters	3066	29.7	eireu	a newspaper of general circulation published and <<eireu>>	eire
production-1941-vol1-41chapters	3067	27.0	omees	<<omees>> those established by this charter or by	mees|omens|omers|omes|omnes
production-1941-vol1-41chapters	3071	28.0	abotshment	<<abotshment>> sec abolishment of positions whenever in the	abolishment
production-1941-vol1-41chapters	3072	23.8	svuses	abuses and frauds prohibited no person shall <<svuses>> ana	souses
production-1941-vol1-41chapters	3076	38.9	guayute	rubber now grown in mexico and adja <<guayute>>	guayule
production-1941-vol1-41chapters	3076	40.9	reconditioner	national defense program is a good soil <<reconditioner>>	preconditioner|reconditioned
production-1941-vol1-41chapters	3078	23.1	neerl	in <<neerl>> thereof and	nearl|neel|neer|neera|neeru
production-1941-vol1-41chapters	3079	20.0	ciiapter	<<ciiapter>>	chapter
production-1941-vol1-41chapters	3079	28.0	ciyor	<<ciyor>> whereas proceedings have been taken and had	cifor
production-1941-vol1-41chapters	3081	26.2	appointmer	where such <<appointmer>> t is vested in any other body	appointer
production-1941-vol1-41chapters	3090	3.9	anryort	moneys in the airport revenue fund may <<anryort>> te	airport
production-1941-vol1-41chapters	3090	4.10	dinses	expended for any of the following pur <<dinses>>	danses|dieses|dines|dinges|dioses|disses
production-1941-vol1-41chapters	3092	18.8	fetrate	of the department hy an independent qualified <<fetrate>>	ferrate
production-1941-vol1-41chapters	3096	18.8	newiean	the board of city planning commissioners shall <<newiean>>	newman
production-1941-vol1-41chapters	3103	34.0	ciyor	<<ciyor>> whereas proceedings have been taken and had	cifor
production-1941-vol1-41chapters	3106	13.9	feeerat	the adoption of the declaration of independ <<feeerat>>	federal
production-1941-vol1-41chapters	3108	15.8	enomploy	the policy of the federal government whereby <<enomploy>>	employ
production-1941-vol1-41chapters	3109	6.0	kacus	<<kacus>> crest boulevard by the state and the	acus|cacus|dacus|kamus|kaus|lacus
production-1941-vol1-41chapters	3109	7.0	boulsard	<<boulsard>> sion in the state highway system and	boulard|boulevard
production-1941-vol1-41chapters	3109	17.2	panoramie	marin county <<panoramie>> highway to the summit of mount	panoramic|panoramio|panoramix
production-1941-vol1-41chapters	3110	40.0	xxyv	<<xxyv>> relating to the organization powers and duties	xxiv|xxv|xxxv|xxy
production-1941-vol1-41chapters	3113	4.0	iome	<<iome>> sunday june th having been set aside	aome|biome|bome|come|dome|fome
production-1941-vol1-41chapters	3113	6.2	ifome	reguacnt designated <<ifome>> folks day at which the regiment will	fome|ifone|ihome
production-1941-vol1-41chapters	3115	5.0	deathof	<<deathof>> whereas mrs emily c plays the mother	death
production-1941-vol1-41chapters	3116	6.2	stueco	filler walls <<stueco>> exterior tile and composition roofing miscellaneous	stucco
production-1941-vol1-41chapters	3118	25.6	changein	sec notwithstanding anything contained elsewhere in <<changein>>	changin|changmin
production-1941-vol1-41chapters	3118	26.10	ebhe	compensation for the services of the or <<ebhe>>	behe|bhe|ebbe|ebe|eble|eboe
production-1941-vol1-41chapters	3120	1.10	yretin	in such manner as it may determine <<yretin>>	cretin|retin
production-1941-vol1-41chapters	3123	13.1	hyans	hughes <<hyans>> hughes chief justice of the supreme court	fyans|hans|hyams|hyang|hymans|hymns
production-1941-vol1-41chapters	3123	17.0	brilant	<<brilant>> and distinguished careevy as a statesman and	briant|briliant|brillant
production-1941-vol1-41chapters	3123	17.3	careevy	brilant and distinguished <<careevy>> as a statesman and jurist	creevy
production-1941-vol1-41chapters	3125	0.4	eradling	dents in the early <<eradling>> of california history prefacing	cradling
production-1941-vol1-41chapters	3125	24.5	eivie	it will he sponsored by <<eivie>> patriotic and fraternal groups	elvie|envie|evie|evvie|ivie|livie
production-1941-vol1-41chapters	3128	15.11	tanvei	court of its own motion shall have <<tanvei>> of	tanvi
production-1941-vol1-41chapters	3129	6.0	sueror	<<sueror>> department to certify to the supreme court	suero|superior
production-1941-vol1-41chapters	3131	16.0	bilof	<<bilof>> whereas there has been introduced and is	bill|bilo|bilot
production-1941-vol1-41chapters	3137	0.0	aveis	<<aveis>> ance resolved that every department commission board	avais|avedis|avens|avers|aves|avis
production-1941-vol1-41chapters	3137	8.0	fapenses	<<fapenses>> resolved that the members of the committee	expenses
production-1941-vol1-41chapters	3140	4.12	ponuns	the varying rates of old age sy <<ponuns>>	ponens
production-1941-vol1-41chapters	3141	14.1	mudhens	snipe <<mudhens>> and other wildfowl in ever increasing numbers	mudhen
production-1941-vol1-41chapters	3144	8.0	tdria	<<tdria>> mine in san benito county	adria|dria|idria|taria|teria|toria
production-1941-vol1-41chapters	3144	10.8	poau	during the present period of intensive national <<poau>> trom	oau|pau|peau|pfau|piau|plau
production-1941-vol1-41chapters	3144	13.0	wuerras	<<wuerras>> mercury is indispensable in the form of	whereas
production-1941-vol1-41chapters	3144	45.0	vanacement	<<vanacement>>	management
production-1941-vol1-41chapters	3145	29.0	sebedule	<<sebedule>> fcr said purpose is automatically and forthwith	schedule
production-1941-vol1-41chapters	3146	44.2	understandines	a thorough <<understandines>> of the constitution of the united	understandings
production-1941-vol1-41chapters	3150	23.4	makime	eral census but in <<makime>> such adjustments no persons who	makie|makise|maxime
production-1941-vol1-41chapters	3153	12.0	suveyof	<<suveyof>> whereas the legislature under the terms of	surveyor
production-1943-vol1-chapters	1	38.9	remaul	employee or attache appointed or elected under <<remaul>>	bemaul|rehaul|remail
production-1943-vol1-chapters	3	21.11	rpeals	which the records on such appeals shal <<rpeals>>	peals|reals|repeals
production-1943-vol1-chapters	5	42.8	pispositior	any money received by the california polytech <<pispositior>>	disposition
production-1943-vol1-chapters	6	32.0	restity	<<restity>> restitutions fund here after called the fund	entity
production-1943-vol1-chapters	8	30.0	fisce	<<fisce>> year to pay to each state employee	fice|fisc|fisch|fische|fisco|fiscs
production-1943-vol1-chapters	9	15.9	sertur	is added to the agricultural code ex <<sertur>>	sertum|surtur
production-1943-vol1-chapters	11	10.11	afhdavits	paper in an action or special proceed <<afhdavits>>	affidavits
production-1943-vol1-chapters	13	3.10	precture	become effective upon a filing of a <<precture>>	precure
production-1943-vol1-chapters	17	6.12	appueation	a permit shall be file l by <<appueation>>	amputation
production-1943-vol1-chapters	17	26.11	ptment	other state board or agency whether or <<ptment>>	pament
production-1943-vol1-chapters	17	44.9	petgation	authority herein given to a state department <<petgation>>	petition
production-1943-vol1-chapters	18	42.0	vacaneles	<<vacaneles>> regardless of any other provision of law	vacancies
production-1943-vol1-chapters	25	39.9	cuni	educational public or other like work p <<cuni>>	auni|buni|cani|ceni|chuni|cini
production-1943-vol1-chapters	26	38.0	axerty	<<axerty>> ferred by a present decedent to any	azerty
production-1943-vol1-chapters	28	0.0	legrslat	<<legrslat>> sec the legislature hereby declares that the	legislate
production-1943-vol1-chapters	28	35.0	tonof	<<tonof>> on his part a person shall be	tono|tonon|toof
production-1943-vol1-chapters	29	44.2	oceg	fa jt <<oceg>>	ceg|oce|ocea|oced|ocee|ocel
production-1943-vol1-chapters	30	25.6	accordar	section shall be forthwith retired in <<accordar>> ee with the pro	accorder
production-1943-vol1-chapters	31	17.10	rieas	is hereby declared to be an urgency <<rieas>> lrgeney	reas|rheas|rias|ribas|ricas|riels
production-1943-vol1-chapters	31	17.11	lrgeney	hereby declared to be an urgency rieas <<lrgeney>>	urgency
production-1943-vol1-chapters	32	23.0	makiz	<<makiz>> sec whoever intentionally and maliciously makes or	maiz|maki|makie|makin|makio|makis
production-1943-vol1-chapters	35	16.10	cwil	or assistant officer or person appo nted <<cwil>> serstec	cail|ceil|cgil|chil|cil|clil
production-1943-vol1-chapters	36	5.0	fimaneial	<<fimaneial>> tae general manager snail within days from	financial
production-1943-vol1-chapters	39	10.8	zency	without examination which shall be termed emer <<zency>>	lency|mency|sency|tency|zenny|zeny
production-1943-vol1-chapters	39	14.10	zency	of the present world war no emer <<zency>>	lency|mency|sency|tency|zenny|zeny
production-1943-vol1-chapters	40	13.0	maceot	<<maceot>> such returns shall be in such form	maceo|mateo
production-1943-vol1-chapters	41	6.0	vietion	<<vietion>> thereof shall be subject to the penalties	viation
production-1943-vol1-chapters	41	36.10	dedetrons	net income there shall be allowed as <<dedetrons>>	deletions
production-1943-vol1-chapters	41	39.11	evenses	year in carrying on any trade or <<evenses>>	avenses|evensen
production-1943-vol1-chapters	43	27.7	evider	bonds debentures notes or certificates or other <<evider>> ces of	eider|evader|evide|eviler|vider
production-1943-vol1-chapters	44	4.1	camtal	of <<camtal>> this aet	camal|cantal|catal
production-1943-vol1-chapters	45	18.0	minits	<<minits>> or societies of anv such posts or	inits|minims|minis|minist|minit|minots
production-1943-vol1-chapters	45	44.7	ineorporat	butions or gifts to corporations or associations <<ineorporat>> d by	incorporate
production-1943-vol1-chapters	46	6.9	dedac	has not theretofore been allowable as a <<dedac>>	deac|deda|dedal|dedan|dedic|edac
production-1943-vol1-chapters	47	15.9	sehowl	for driving school bus during war emer <<sehowl>> ins	behowl|school
production-1943-vol1-chapters	47	19.11	puation	in effect until the ninety first day <<puation>>	pation|piation|pupation|putation
production-1943-vol1-chapters	48	23.0	iemenr	<<iemenr>> be made without the united states before	cement
production-1943-vol1-chapters	48	37.0	notarnal	<<notarnal>> united states on active duty in federal	notarial
production-1943-vol1-chapters	53	21.9	fiducianes	providing for substitution of fiduciaries during war <<fiducianes>>	fiduciaries
production-1943-vol1-chapters	54	1.1	setke	wa <<setke>> dq a fiduciary or consultant shall be	petke|seke|selke|setae|sete|sethe
production-1943-vol1-chapters	54	47.0	fidneiary	<<fidneiary>> ar	fiduciary
production-1943-vol1-chapters	54	48.0	appontmert	<<appontmert>> fiduciary for a fiduciary engaged in war	appointment
production-1943-vol1-chapters	55	46.11	evtrus	and for the county in which the <<evtrus>>	estrus
production-1943-vol1-chapters	56	5.0	fdas	<<fdas>> upon petition to the court and notice	adas|das|dfas|edas|faas|fads
production-1943-vol1-chapters	56	10.0	proite	<<proite>> not exist a in the case of	droite|poite|porite|prote
production-1943-vol1-chapters	56	25.0	respomi	<<respomi>> a fiduciary delegating as provided in this	respond
production-1943-vol1-chapters	59	13.2	fainily	family return <<fainily>>	fainly|faintly|fairily|family|rainily
production-1943-vol1-chapters	61	8.6	fainily	ine is over over family return <<fainily>>	fainly|faintly|fairily|family|rainily
production-1943-vol1-chapters	63	13.11	izeny	hereby declared to be an urgency meas <<izeny>>	deny|izen|zeny
production-1943-vol1-chapters	64	35.0	bassting	<<bassting>> ax occurs while this section is in	basting
production-1943-vol1-chapters	65	39.8	cluring	its political subdivisions as personal property taxes <<cluring>>	clueing|cluing|curing|luring
production-1943-vol1-chapters	67	40.9	recrgan	stock or securities in connection with a <<recrgan>>	reagan
production-1943-vol1-chapters	70	0.0	alareh	<<alareh>>	alares
production-1943-vol1-chapters	71	40.9	wortnre	ascertained to be worthless within the income <<wortnre>>	torture
production-1943-vol1-chapters	73	44.11	decuin	act upon the bank or corporation declar <<decuin>>	declin
production-1943-vol1-chapters	74	13.0	onmoney	<<onmoney>> able shares of such association but not	money
production-1943-vol1-chapters	75	24.12	assoetions	for any reason finally adjudged in alid <<assoetions>>	assertions
production-1943-vol1-chapters	77	25.7	inust	prepay the minimum tax hereunder which prepayment <<inust>>	ijust|imust|indust|injust|inst|inuit
production-1943-vol1-chapters	78	16.0	adaioted	<<adaioted>> e the adjusted tax as provided in	admitted
production-1943-vol1-chapters	79	15.11	diszlos	which the transfer occurs file a return <<diszlos>>	disclose
production-1943-vol1-chapters	79	32.13	vzation	or corporation of all or a sub <<vzation>>	ization|vation|viation
production-1943-vol1-chapters	79	46.11	olhed	corporation which is dissolved and any ps <<olhed>>	oled|oohed|other
production-1943-vol1-chapters	80	12.0	erreund	<<erreund>> further that the taxes levied under this	erred
production-1943-vol1-chapters	80	16.0	mumta	<<mumta>> any event each such corporation shall pay	mamta|mukta|multa|muma|mumba|mumia
production-1943-vol1-chapters	81	11.11	btats	of two or more corporations or banks <<btats>>	bats|batts|beats|blats|boats|brats
production-1943-vol1-chapters	82	15.0	ofreturn	<<ofreturn>> available information and may compute and levy	foreturn|return
production-1943-vol1-chapters	83	10.9	tnentory	determining income for the income year preceding <<tnentory>>	inventory
production-1943-vol1-chapters	83	18.9	dvrier	different method is authorized or the commissioner <<dvrier>>	drier
production-1943-vol1-chapters	86	16.10	ganiza	in pursuance of the plan of reo <<ganiza>>	gania|ganza|geniza
production-1943-vol1-chapters	87	22.10	conuy	enactment of this act described in subsection <<conuy>>	condy|coney|conky|conly|conmy|conny
production-1943-vol1-chapters	87	34.11	sumptor	exchange the taxpayer receives as part s <<sumptor>>	sumpter|sumption
production-1943-vol1-chapters	90	7.0	resui	<<resui>> ec ir the nondeductibility under section d	requi|resi|resmi|resti|resu|resub
production-1943-vol1-chapters	91	18.7	acinally	section bh and such gain or loss <<acinally>> was not taken	actinally|mcinally
production-1943-vol1-chapters	93	14.12	felure	such failure is due to reasonable cause <<felure>>	feltre|fleure|velure
production-1943-vol1-chapters	94	34.0	giton	<<giton>> ceauetion of an item in the computation	aiton|biton|gidon|gihon|gijon|gion
production-1943-vol1-chapters	95	0.9	jeoanh	if the commissioner finds that the assess <<jeoanh>>	joan
production-1943-vol1-chapters	95	47.10	sials	as practicable after the return is filed <<sials>>	dials|rials|sails|sals|seals|sial
production-1943-vol1-chapters	96	21.9	equaliza	the commissioner to the state board of <<equaliza>>	equalize
production-1943-vol1-chapters	98	10.1	beyinent	wid <<beyinent>> ot department of the state or any	eminent
production-1943-vol1-chapters	99	28.9	mosov	commissioner disallows any claim for refund he <<mosov>>	moov|moskov|moso|mosop
production-1943-vol1-chapters	100	25.0	lerred	<<lerred>> ee	erred|leered|lerret
production-1943-vol1-chapters	101	28.11	certites	dissolution shall be made and entered by <<certites>>	ceratites|certifies
production-1943-vol1-chapters	102	0.0	thasz	<<thasz>> co ec no injunction or writ of	thas|thass|thesz
production-1943-vol1-chapters	102	1.0	actonto	<<actonto>> ol equitable process shall issue in any	antonio
production-1943-vol1-chapters	103	18.10	siats	any tax or any portion thereof together <<siats>>	fiats|sats|scats|seats|shats|sias
production-1943-vol1-chapters	105	49.7	amendmer	effect immediately with the exception of the <<amendmer>> ts to annlicatac	amender
production-1943-vol1-chapters	106	4.0	tnterpre	<<tnterpre>> he effective cate of this act provisions	interpret
production-1943-vol1-chapters	106	24.0	ogst	<<ogst>> section this act shall be known and	agst|gost|gst|hgst|oast|obst
production-1943-vol1-chapters	111	44.8	peeanna	in computing net income the following deduc <<peeanna>>	leeanna
production-1943-vol1-chapters	112	0.1	nueci	coni <<nueci>> use or possession for business purposes oi	nucci|nuci
production-1943-vol1-chapters	115	8.11	retum	of a building and loan association organ <<retum>>	fretum|rectum|regum|rerum|resum|retam
production-1943-vol1-chapters	116	0.7	legisia	on propaganda or otherwise attempting to influence <<legisia>>	lewisia
production-1943-vol1-chapters	117	47.11	ecmmis	time and in such manner as the <<ecmmis>>	emmis
production-1943-vol1-chapters	118	0.7	proht	paragraph f mm inventorying to ascertain income <<proht>>	proft|prohd|prohm|promt|prost|prot
production-1943-vol1-chapters	118	36.0	ofuan	<<ofuan>> shall be recognized except as hereinafter provided	ofan|ofman
production-1943-vol1-chapters	121	2.12	uadis	excess of his ratable share of the <<uadis>>	adis|audis|gadis|hadis|jadis|kadis
production-1943-vol1-chapters	122	20.10	reecg	the extent to which gain shall be <<reecg>>	reece
production-1943-vol1-chapters	122	21.0	nizec	<<nizec>> in the ease of any of the	nidec|nize|nizer
production-1943-vol1-chapters	122	35.0	oiabity	<<oiabity>> of the consideration property which would be	opacity
production-1943-vol1-chapters	123	0.9	yrhere	the exchange in anv sunt or proceeding <<yrhere>> poor	rhere
production-1943-vol1-chapters	126	49.2	vvoss	from the <<vvoss>> income for the vear of such sale	voss
production-1943-vol1-chapters	127	12.8	rtiza	for exhaustion wear and tear obsolescence am <<rtiza>>	riza|tiza
production-1943-vol1-chapters	129	20.11	addton	date as extended by the commissioner then <<addton>>	addition|additon|addon|addtion|adyton
production-1943-vol1-chapters	129	22.13	retum	per centum of the tay shall me <<retum>>	fretum|rectum|regum|rerum|resum|retam
production-1943-vol1-chapters	129	28.9	ecmmis	taxpayer upon notice and demand by the <<ecmmis>>	emmis
production-1943-vol1-chapters	129	38.9	ermmis	requested in writing by the commissioner the <<ermmis>>	emmis
production-1943-vol1-chapters	130	49.7	navable	such tax shall be immediately due and <<navable>> whether or not	lavable|namable|navale|savable|wavable
production-1943-vol1-chapters	132	3.9	bqualiza	the commissioner to the state board of <<bqualiza>>	equalize
production-1943-vol1-chapters	133	12.11	crasae	as the case may be ther has <<crasae>>	case|crase|craske
production-1943-vol1-chapters	134	35.0	faasion	<<faasion>> if any taxpayer files a false or	fasion
production-1943-vol1-chapters	135	46.10	releaw	payment thereof provided however that the om <<releaw>>	relea|relead|releaf|releap|releas
production-1943-vol1-chapters	136	0.0	clently	<<clently>> secured by a hen on other property	clearly
production-1943-vol1-chapters	138	10.0	pulie	<<pulie>> action such property so seize or a	aulie|julie|paulie|plie|pluie|polie
production-1943-vol1-chapters	140	11.0	informatun	<<informatun>> y bank corporation or person including any	information|informaton
production-1943-vol1-chapters	141	40.10	amears	the business activities of the corporation as <<amears>>	ameers|amers|apears|mears|smears
production-1943-vol1-chapters	143	10.1	dmedately	february <<dmedately>>	mediately
production-1943-vol1-chapters	145	36.6	manufectur	designated the los angeles industrial workshop <<manufectur>> ae and	manufactur|manufacture
production-1943-vol1-chapters	146	1.3	manriacturing	iottion ef seid <<manriacturing>> func shall be returned to the	manufacturing
production-1943-vol1-chapters	146	7.1	aranufacturing	wovksheo <<aranufacturing>> und and is hereby increased to	manufacturing
production-1943-vol1-chapters	146	9.2	dundyed	of cne <<dundyed>> thousand dollars is hereby appro	undyed
production-1943-vol1-chapters	147	2.10	tetun	opinion of the director of finance any <<tetun>> tn	teton|tetuan|tetum|teun|ttun
production-1943-vol1-chapters	147	7.7	spmo	sec the san diego industrial workshop revolving <<spmo>>	dpmo|pmo|samo|semo|shmo|simo
production-1943-vol1-chapters	147	17.11	igenry	hereby declared to be an urgency neas <<igenry>>	agency
production-1943-vol1-chapters	149	25.9	proccume	performance of any such federally financed work <<proccume>>	procure
production-1943-vol1-chapters	150	6.0	reimburre	<<reimburre>> statutes of moneys received from the government	reimburse
production-1943-vol1-chapters	150	11.0	wriation	<<wriation>> hereby appropriated out of any moneys in	writation
production-1943-vol1-chapters	156	14.9	deduc	code relating to the personal income tax <<deduc>>	dedic|deduce|deduct|dedue|educ|leduc
production-1943-vol1-chapters	158	14.0	offunds	<<offunds>> unit of the state whose funds are	offends
production-1943-vol1-chapters	158	25.1	miblie	othe <<miblie>> sec any public agency not within the	millie|moblie
production-1943-vol1-chapters	162	8.0	cilapter	<<cilapter>>	chapter
production-1943-vol1-chapters	164	16.0	teenee	<<teenee>> time this section is in effect	teehee|teener|teenet|teenie|teepee|teevee
production-1943-vol1-chapters	165	7.7	augmen	treasury not otherwise appropriated to and in <<augmen>> ation m	augen|augment
production-1943-vol1-chapters	166	37.1	atuult	ater <<atuult>> tenant without the permission of his landlord	adult
production-1943-vol1-chapters	167	18.11	oczupa	if there is a subtenant in actual <<oczupa>>	occupy
production-1943-vol1-chapters	170	39.0	prations	<<prations>> repairs and equipment incurred in connection with	orations|rations
production-1943-vol1-chapters	171	40.7	sstor	item for support of california commis commi <<sstor>>	astor|jstor|sator|ssto|stor|sutor
production-1943-vol1-chapters	174	11.0	cialg	<<cialg>>	cial
production-1943-vol1-chapters	175	8.6	dabrary	library in the department of edu <<dabrary>>	library
production-1943-vol1-chapters	177	42.4	asporiation	exhibits department of finance <<asporiation>>	asportation|association
production-1943-vol1-chapters	178	0.0	epartmert	<<epartmert>> jem for support departmental admin	department
production-1943-vol1-chapters	178	5.0	immigratcn	<<immigratcn>> item or support of division of immigra	immigration
production-1943-vol1-chapters	178	11.0	industral	<<industral>> tem for support of division of indus	industrial
production-1943-vol1-chapters	179	24.7	stochion	item for support of stockton state ilfos <<stochion>>	stockton
production-1943-vol1-chapters	179	37.8	peoe	for support of the fred c nelles <<peoe>>	eoe|pece|pede|pee|peke|pekoe
production-1943-vol1-chapters	180	8.0	bulang	<<bulang>> item for support of division of building	balang|belang|bilang|blang|buang|bujang
production-1943-vol1-chapters	180	24.0	adutant	<<adutant>> item for support of the adjutant gen	adjutant|autant
production-1943-vol1-chapters	182	3.0	dictsion	<<dictsion>> item for support of division of beaches	diction
production-1943-vol1-chapters	182	33.0	didsio	<<didsio>> item for support of division of fish	didio
production-1943-vol1-chapters	183	18.6	penvlogy	item for support director of penology <<penvlogy>>	penology
production-1943-vol1-chapters	184	8.0	burewor	<<burewor>> item for support of bureau of parole	brewer
production-1943-vol1-chapters	184	14.0	srehitecture	<<srehitecture>> item f or support of state board	architecture
production-1943-vol1-chapters	184	43.0	medione	<<medione>> item for support of state board of	mediaone|medine|medion
production-1943-vol1-chapters	185	15.8	cluropractors	f or support of board of chiroprac <<cluropractors>>	chiropractors
production-1943-vol1-chapters	187	31.6	benent	benefits to state officers and top <<benent>>	bement|benen|benet|benett|bennet|berent
production-1943-vol1-chapters	187	33.6	smpowess	tribution out of the general fund <<smpowess>>	empowers
production-1943-vol1-chapters	187	46.4	rhho	anee therefor st i <<rhho>> n	hho|raho|rhh|rho|riho|roho
production-1943-vol1-chapters	189	41.10	ccord	each such officer or employee in é <<ccord>>	accord|acord|chord|coord|cord|mccord
production-1943-vol1-chapters	191	13.11	legutative	state of california the sums that are <<legutative>>	vegetative
production-1943-vol1-chapters	192	30.0	msealyer	<<msealyer>> drifted under this act for each office	sealer
production-1943-vol1-chapters	196	27.0	tmergenry	<<tmergenry>> dent of the united states of america	emergency
production-1943-vol1-chapters	199	9.10	riaxi	of this act is to achieve the <<riaxi>> purpose	riahi
production-1943-vol1-chapters	202	1.8	inainte	revising the law relating to the establishment <<inainte>>	infinte
production-1943-vol1-chapters	203	7.8	zires	the provisions or the context otherwise req <<zires>> cunstiuetin	aires|cires|fires|hires|ires|mires
production-1943-vol1-chapters	203	41.8	jnnt	union school district means a district com <<jnnt>>	jant|jent|jint|jnn|jnt|junt
production-1943-vol1-chapters	209	10.8	edueati	of the state board of education of <<edueati>>	educate|educati
production-1943-vol1-chapters	209	18.9	uests	the school or college gifts donations bec <<uests>>	bests|ests|fests|guests|jests|nests
production-1943-vol1-chapters	209	45.10	pivistons	the division of libraries and the divi <<pivistons>>	divisions
production-1943-vol1-chapters	209	46.9	fiduca	school house planning of the department of <<fiduca>>	fiducia
production-1943-vol1-chapters	210	13.0	subordiates	<<subordiates>> positions from a list submitted by the	subordinates
production-1943-vol1-chapters	211	1.1	qualu	eo <<qualu>> ying	qual|quala|quale|quali|quall|qualm
production-1943-vol1-chapters	211	25.8	quonm	members shall constitute a quorum for the <<quonm>>	quon|quong
production-1943-vol1-chapters	213	24.7	attaisnee	each county superintendent of schools shall annually <<attaisnee>>	attained
production-1943-vol1-chapters	213	35.7	finanent	each county superintendent of schools shall also <<finanent>>	finement
production-1943-vol1-chapters	213	41.7	sdamonal	each county superintendent of schools shall submit <<sdamonal>>	seasonal
production-1943-vol1-chapters	215	45.9	neparot	districts entitled to not more than two <<neparot>>	depart
production-1943-vol1-chapters	216	8.0	imfuencing	<<imfuencing>> tke governing board of any school district	influencing
production-1943-vol1-chapters	216	23.0	nonhability	<<nonhability>> no member of the governing board of	nonability|nonliability
production-1943-vol1-chapters	216	28.0	tirncu	<<tirncu>> district shall be held personally liable for	tinct
production-1943-vol1-chapters	216	36.0	todefend	<<todefend>> act or omission in the line of	defend
production-1943-vol1-chapters	217	21.2	poliev	under one <<poliev>> or contract of insurance and pay th	polie|polier
production-1943-vol1-chapters	218	17.1	doatd	wmectmonry <<doatd>> of education the clerk shall on the	doat|doated|doats|dotd
production-1943-vol1-chapters	219	0.9	notne	shall be called by posting three notices <<notne>>	none|nonne|noone|notbe|note|noten
production-1943-vol1-chapters	219	6.8	organzatio	district meeting shall be organized by choosing <<organzatio>>	organization
production-1943-vol1-chapters	219	48.9	thayso	county superintendent may hold a meeting as <<thayso>>	thays
production-1943-vol1-chapters	221	10.0	trict	<<trict>> having an average daily attendance of or	strict|tract|triact|tric|trica|trice
production-1943-vol1-chapters	222	0.0	trict	<<trict>> attended lor apportionment purposes	strict|tract|triact|tric|trica|trice
production-1943-vol1-chapters	222	34.0	aveeptance	<<aveeptance>> whenever the average daily attendance of any	acceptance
production-1943-vol1-chapters	223	0.10	conertion	of districts are conflicting or minor ectly <<conertion>>	conection|convertion
production-1943-vol1-chapters	223	32.11	unnent	elementary school district to one or a <<unnent>>	intent|unbent|unlent|unneat|unnest|unpent
production-1943-vol1-chapters	224	29.0	toriny	<<toriny>> tract may be annexed merged united or	torgny|torin|torino
production-1943-vol1-chapters	224	33.1	panaed	ior <<panaed>> the boundaries changed the liability to taxation	panade|paned|panned|panted
production-1943-vol1-chapters	228	35.1	triet	rexsstrati <<triet>> calls anv election the clerk or secretary	griet|priet|riet|thiet|tiet|tiret
production-1943-vol1-chapters	229	8.0	cinets	<<cinets>> the governing board shall number the precincts	cines|civets
production-1943-vol1-chapters	231	14.9	chateng	offering to vote may be challenged by <<chateng>>	chaeng|chating
production-1943-vol1-chapters	232	0.2	iszf	canvass ly <<iszf>> the officers of election shall publicly canvass	isaf|isef|isf|isof|ispf|issf
production-1943-vol1-chapters	233	44.11	appontmen	for the formation of a union school <<appontmen>>	appointment
production-1943-vol1-chapters	233	45.13	tonof	cast at the election in each of <<tonof>> unio	tono|tonon|toof
production-1943-vol1-chapters	234	2.0	dtrret	<<dtrret>> tion in each of the school districts	street
production-1943-vol1-chapters	234	15.0	ponone	<<ponone>> be elected at the regular school election	ionone|onone
production-1943-vol1-chapters	235	34.10	mumemal	the city and where elections either primary <<mumemal>>	mammal
production-1943-vol1-chapters	236	35.1	omices	ie <<omices>> suitable quarters for administrative offices for a	omics
production-1943-vol1-chapters	237	17.0	trict	<<trict>> having an average daily attendance of or	strict|tract|triact|tric|trica|trice
production-1943-vol1-chapters	239	26.10	azmex	board of supervisors of the county may <<azmex>> ily and	amex|apmex
production-1943-vol1-chapters	241	14.12	incities	article in the event of the consolidation <<incities>>	incites
production-1943-vol1-chapters	242	4.0	pubhe	<<pubhe>> instruction or upon appeal by the state	dubhe|pube|puhe
production-1943-vol1-chapters	242	17.0	ewsting	<<ewsting>> mentary school district a union elementary school	easting|esting|westing
production-1943-vol1-chapters	243	11.3	famhes	least heads of <<famhes>> who are citizens or who are eligible	fames
production-1943-vol1-chapters	244	1.0	uniumons	<<uniumons>> three union or joint union high school	unions
production-1943-vol1-chapters	245	30.11	oining	be merged with one or more ad <<oining>>	coining|dining|fining|foining|ining|jining
production-1943-vol1-chapters	245	36.13	geinet	attached by the board of super ip <<geinet>>	genet|geonet|gernet|reinet
production-1943-vol1-chapters	246	36.0	ushment	<<ushment>> ber th of any year the board	ashment|bushment|justment
production-1943-vol1-chapters	247	1.9	teserration	may be formed into an elementary school <<teserration>>	reservation
production-1943-vol1-chapters	247	14.0	cuaprer	<<cuaprer>> elescntary joint district organization	chapter
production-1943-vol1-chapters	248	39.10	chvol	same county and who have children attending <<chvol>> as shown	cheol|chol|chool
production-1943-vol1-chapters	250	12.0	roeice	<<roeice>> wating the number of teachers and the	reice
production-1943-vol1-chapters	254	20.0	leony	<<leony>> wholly situated in one county each of	leiny|lemony|lenny|leny|leon|leona
production-1943-vol1-chapters	258	15.0	speeral	<<speeral>> special meetings may be held at the	spheral
production-1943-vol1-chapters	259	9.11	tstret	high school established in the district prior <<tstret>> tare	stret
production-1943-vol1-chapters	259	36.7	conclusne	the certificate of the county superintendent relating <<conclusne>>	conclusive
production-1943-vol1-chapters	262	3.0	omrers	<<omrers>> appointed for that purpose in the manner	omers
production-1943-vol1-chapters	266	1.12	itendent	from the certificate filed by the superi <<itendent>>	intendent|tendent
production-1943-vol1-chapters	266	9.0	rondew	<<rondew>> ac under this article shall continue to	ronde|rondel
production-1943-vol1-chapters	268	13.0	debtedness	<<debtedness>> electing to withdraw from a high school	indebtedness
production-1943-vol1-chapters	270	5.16	ineluc	district and no part of which is <<ineluc>> ed	influx
production-1943-vol1-chapters	270	14.0	reerying	<<reerying>> the petition verify the signatures anc if	retrying
production-1943-vol1-chapters	270	17.0	eloetion	<<eloetion>>	election
production-1943-vol1-chapters	270	38.0	omeers	<<omeers>> appointed for that purpose in the manner	ameers|meers|omers
production-1943-vol1-chapters	273	19.11	ccnsoli	county a petition asking for the annexation <<ccnsoli>>	consoli
production-1943-vol1-chapters	273	24.0	sohdation	<<sohdation>> and merger avd setting furth the terms	sondation
production-1943-vol1-chapters	273	42.12	annexali	district of the city upon the terms <<annexali>>	annexa|annexal
production-1943-vol1-chapters	275	16.11	fmue	district become a part of the mame <<fmue>>	flue|fme|fmu|frue|fue|fume
production-1943-vol1-chapters	275	45.0	trict	<<trict>> contiguous to a high school district in	strict|tract|triact|tric|trica|trice
production-1943-vol1-chapters	277	44.7	unwn	whenever an elementary school district is annexed <<unwn>>	nwn|unan|unen|unin|unn|unown
production-1943-vol1-chapters	278	27.1	dituct	ioe <<dituct>> surrounded by territory included in a single	direct
production-1943-vol1-chapters	278	35.0	ingh	<<ingh>> choo supervisors of each county or city	engh|igh|inah|inch|ing|inga
production-1943-vol1-chapters	279	10.8	vetum	school district affected by this article may <<vetum>>	tetum|velum|venum|verum|vetus|votum
production-1943-vol1-chapters	279	12.11	rxls	residing in the district determine the dl <<rxls>>	rals|rels|rls|rmls|rsls|rtls
production-1943-vol1-chapters	279	40.0	trict	<<trict>> attending high school is governed by an	strict|tract|triact|tric|trica|trice
production-1943-vol1-chapters	280	13.0	danexation	<<danexation>>	annexation
production-1943-vol1-chapters	280	25.1	ticuous	agreement <<ticuous>> high school district the petition shall be	vicious
production-1943-vol1-chapters	281	21.7	emnex	for exclusion from high school district and <<emnex>> r nae	emnes
production-1943-vol1-chapters	282	40.0	dbtedness	<<dbtedness>> shall not be released from responsibility for	datedness
production-1943-vol1-chapters	283	12.0	trict	<<trict>> comprised within any high school district are	strict|tract|triact|tric|trica|trice
production-1943-vol1-chapters	283	16.9	contmam	new school district is formed from terri <<contmam>>	contam|contra
production-1943-vol1-chapters	283	36.11	retusl	held in consequence of two or more <<retusl>>	retusa|retuse
production-1943-vol1-chapters	283	45.11	inanthe	annexed or admitted to a union ele <<inanthe>>	ianthe
production-1943-vol1-chapters	285	29.9	balnts	shall have printed on them the words <<balnts>>	balts|bants
production-1943-vol1-chapters	286	10.0	inast	<<inast>> single high school district of any type	iast|inapt|inas|inasa|inat|incast
production-1943-vol1-chapters	286	43.0	pulmg	<<pulmg>> place the junior college board shall designate	pulm|pulmo
production-1943-vol1-chapters	291	19.9	assumptor	appears that the terms agreed upon by <<assumptor>>	assumption
production-1943-vol1-chapters	292	10.0	hearmg	<<hearmg>> tke sworn statement of the principal of	hearing
production-1943-vol1-chapters	295	8.9	hfert	college district formed to comprise a single <<hfert>> of	fert|hert|htert
production-1943-vol1-chapters	297	43.8	vacanei	occurring on the governing board of any <<vacanei>>	vacanti
production-1943-vol1-chapters	299	49.0	ealline	<<ealline>> the election	alline|earline|elline|galline|ralline
production-1943-vol1-chapters	302	2.0	permaner	<<permaner>> t every permanent employee of a school	permanent
production-1943-vol1-chapters	302	9.0	enaree	<<enaree>> every probationary employee of a schoo district	enarme|enfree|entree
production-1943-vol1-chapters	303	3.8	comat	each unified school district each elementary school <<comat>> ation	cmat|coat|cogat|coma|comac|comal
production-1943-vol1-chapters	303	36.8	unrter	governing board of any unified school district <<unrter>>	uniter|unter
production-1943-vol1-chapters	305	37.6	szere	and assistant superintendents of public instruction <<szere>> aie	sere|shere|siere|skere|stere|szerb
production-1943-vol1-chapters	307	6.0	leeted	<<leeted>> under the authority of city councils for	fleeted|leered|leete|sleeted|yeeted
production-1943-vol1-chapters	308	15.0	offunds	<<offunds>> now has or hereafter shall have funds	offends
production-1943-vol1-chapters	308	23.0	ehased	<<ehased>> this section shall not be construed as	chased|eased|erased|phased
production-1943-vol1-chapters	310	1.0	sunare	<<sunare>> dah stats ch subject to the flowing	lunare|snare|sunar|suncare|sundre
production-1943-vol1-chapters	311	29.9	xces	district and also per cent of any <<xces>>	aces|cces|ces|eces|ices|nces
production-1943-vol1-chapters	314	6.0	tnnen	<<tnnen>> tained the county superintendent of schools may	annen|ennen|innen|onnen|tanen|tannen
production-1943-vol1-chapters	315	9.8	attengan	county superintendent of schools of any county <<attengan>>	attendant
production-1943-vol1-chapters	316	48.12	appcr	that should be set aside to be <<appcr>>	apcr|appar|appc|apper|appr
production-1943-vol1-chapters	317	7.8	mmeor	controller shall draw warrants on the state <<mmeor>>	memor|meor
production-1943-vol1-chapters	318	30.2	sunor	touts s <<sunor>> college pupils attending junior college in another	aunor|junor|senor|sinor|sonor|sudor
production-1943-vol1-chapters	319	25.9	ecoper	in this article for the purpose of <<ecoper>> us	coper|ecover|eloper
production-1943-vol1-chapters	320	3.0	céravn	<<céravn>> by the controller and requisitioned by the	craven
production-1943-vol1-chapters	320	25.0	pration	<<pration>> lars is appropriated out of any monev	aration|bration|eration|gration|iration|oration
production-1943-vol1-chapters	321	19.9	ecluca	as requisitioned by the state board of <<ecluca>>	echuca
production-1943-vol1-chapters	325	2.10	gestab	the board the chief of the division <<gestab>>	bestab|estab|gesta|gestae
production-1943-vol1-chapters	330	0.10	witnn	the bon and approve or reject t <<witnn>>	winn|witan|witn
production-1943-vol1-chapters	330	10.0	recurils	<<recurils>> the auditor and the treasurer shall each	recruits
production-1943-vol1-chapters	330	16.0	funtts	<<funtts>> tract is presented to the county superintendent	funds
production-1943-vol1-chapters	333	10.8	eiluca	state junior college fund the state vocational <<eiluca>>	silica
production-1943-vol1-chapters	335	15.10	volatin	this article or a failure to comply <<volatin>>	volatic|volation|volutin
production-1943-vol1-chapters	335	32.8	mtnod	shall determine this amount by deducting from <<mtnod>> of	monod
production-1943-vol1-chapters	336	42.0	ernirg	<<ernirg>> board of the school district of its	earning
production-1943-vol1-chapters	337	35.11	nioney	of the school district the sum of <<nioney>>	niney|nooney
production-1943-vol1-chapters	338	3.0	unore	<<unore>> receiving the certificate of the assessor shall	nore|onore|snore|uncore|unode|unorn
production-1943-vol1-chapters	338	16.0	ofmeney	<<ofmeney>> treasury of the county whose superintendent of	oftener
production-1943-vol1-chapters	339	7.8	tuviey	the estimate has been presented the author <<tuviey>>	turkey
production-1943-vol1-chapters	340	2.0	weredr	<<weredr>> suted entered upon the tax roll and	werder|were
production-1943-vol1-chapters	340	2.1	suted	weredr <<suted>> entered upon the tax roll and collected	muted|outed|sated|sauted|sited|sted
production-1943-vol1-chapters	340	39.0	ofschools	<<ofschools>> she school money received from the state	schools
production-1943-vol1-chapters	340	39.10	appor	money received from the state and county <<appor>>	apor|appar|apper|appo|apport|appr
production-1943-vol1-chapters	341	3.10	flodi	in any year in consequence of fire <<flodi>> prevailing	flodin|floki|flori|flosi|lodi
production-1943-vol1-chapters	341	40.6	formecl	no school district except one newly <<formecl>> shall atamtenanee	formel
production-1943-vol1-chapters	342	38.0	sehouls	<<sehouls>> and	shouls
production-1943-vol1-chapters	343	27.10	sretion	because of an order as provided in <<sretion>>	cretion
production-1943-vol1-chapters	343	34.8	yiesn	of the superintendent of public instruction shall <<yiesn>>	yien
production-1943-vol1-chapters	343	43.0	funpbs	<<funpbs>>	funds
production-1943-vol1-chapters	343	46.4	jeneth	tract shall fix the <<jeneth>> of the echo dav for the s	janeth|keneth
production-1943-vol1-chapters	344	11.0	intermr	<<intermr>> the minimum school day s attendance shall	interm|interms
production-1943-vol1-chapters	345	11.10	vslon	of units of average daily attend ance <<vslon>> fund	slon|valon
production-1943-vol1-chapters	345	38.6	rtementary	the superintendent of public instruction shall <<rtementary>>	elementary
production-1943-vol1-chapters	346	0.0	preceaine	<<preceaine>> scnuoo year	preceding
production-1943-vol1-chapters	347	6.9	mantam	apportion from the state and county school <<mantam>>	bantam|manam|manta|mantal|mantan|mantar
production-1943-vol1-chapters	347	7.11	clementan	grades of his county to each school <<clementan>>	clementon
production-1943-vol1-chapters	350	3.0	dstrets	<<dstrets>> average daily attendance of pupils in high	streets
production-1943-vol1-chapters	350	43.0	daiiv	<<daiiv>> attendance and forty dollars for each unit	daii|diiv
production-1943-vol1-chapters	352	7.1	tngl	day <<tngl>> he shall allow for each high school	angl|engl|ngl|tgl|tng|tnl
production-1943-vol1-chapters	352	13.0	penschool	<<penschool>> sand dollars for each evening high school	preschool
production-1943-vol1-chapters	352	41.0	nayier	<<nayier>> he shall allow to the unapportioned county	namier|napier|navier|nayer|nayler
production-1943-vol1-chapters	353	25.10	mitwe	prescribed by the state board of edu <<mitwe>>	kitwe|mite|mitie|mitre|mitte
production-1943-vol1-chapters	353	38.4	datuy	chapter computation or average <<datuy>> attendance	datu|datuk|datum|datus
production-1943-vol1-chapters	354	30.0	melemen	<<melemen>> district which during the school year had	elemen|kelemen
production-1943-vol1-chapters	355	3.8	jumor	of average daily attendance in separate junior <<jumor>>	dumor|humor|jamor|jumo|junor|juror
production-1943-vol1-chapters	355	18.0	cuapterr	<<cuapterr>> bonps	chapter
production-1943-vol1-chapters	355	18.1	bonps	cuapterr <<bonps>>	bonas|bonds|bones|bongs|bonis|bonks
production-1943-vol1-chapters	356	17.0	eincts	<<eincts>> place or places of holding the election	elects|tincts
production-1943-vol1-chapters	357	43.10	penomna	each of the bonds shall tot be <<penomna>>	phenomena
production-1943-vol1-chapters	361	19.12	zhaser	delivery of the bonds to the pur <<zhaser>>	chaser|phaser|shaser
production-1943-vol1-chapters	361	47.9	autt	owner in person or by attorney duly <<autt>> orized istration	actt|aptt|att|auct|ault|aunt
production-1943-vol1-chapters	363	13.10	ceiv	the county treasury of each county r <<ceiv>> indian	cei|ceia|ceil|ceip|cerv|cev
production-1943-vol1-chapters	364	4.0	chaprter	<<chaprter>> schoon terms	chapiter|chapter|charter
production-1943-vol1-chapters	364	11.0	ofterm	<<ofterm>> city or a county board of health	ofter
production-1943-vol1-chapters	365	3.10	mintoum	term shall not be reduced to less <<mintoum>>	minimum
production-1943-vol1-chapters	366	13.0	aiortay	<<aiortay>> day of luther burbank is set apart	airway
production-1943-vol1-chapters	369	25.8	diseon	the average daily attendance in any kindergarten <<diseon>>	discon|dishon|dison|vision
production-1943-vol1-chapters	371	13.9	gualifes	of study shall be open to stu <<gualifes>>	qualifies
production-1943-vol1-chapters	371	22.12	sandmg	request give to the pupil a written <<sandmg>>	sand|sandag
production-1943-vol1-chapters	371	42.7	etahst	secondary schools may be established and maintained <<etahst>>	east
production-1943-vol1-chapters	375	27.10	qualifea	have completed the work of the sixth <<qualifea>>	qualifed
production-1943-vol1-chapters	376	0.5	algh	shall not pay to any <<algh>> school board for educating the	aagh|agh|alah|alch|aldh|aleh
production-1943-vol1-chapters	376	7.0	paymenty	<<paymenty>> pupil has completed two years of work	payment|payments
production-1943-vol1-chapters	377	13.8	astriets	an assessed valuation of five million dollars <<astriets>>	streets
production-1943-vol1-chapters	378	2.0	munses	<<munses>> o it the governing board of any	manses|menses|munsee|munsey|muses|musses
production-1943-vol1-chapters	378	32.0	dallewes	<<dallewes>> tnstruetion and the state board of education	alleges
production-1943-vol1-chapters	379	34.7	snmai	the state department of education shall annually <<snmai>>	nmai|semai
production-1943-vol1-chapters	381	0.8	pranspor	governing board of any high school astrict <<pranspor>>	transpor|transport
production-1943-vol1-chapters	382	24.0	piseon	<<piseon>> two hour period	pigeon|pishon|pison|piston
production-1943-vol1-chapters	384	1.0	vamer	<<vamer>> employ teachers known as home teachers not	aamer|amer|camer|damer|famer|gamer
production-1943-vol1-chapters	384	20.0	withact	<<withact>> congress referred to in section the people	without
production-1943-vol1-chapters	385	35.9	sdminis	the provisions of any act of congress <<sdminis>>	adminis|seminis
production-1943-vol1-chapters	389	45.8	eharve	education of a minors entrusted to its <<eharve>>	harve|wharve
production-1943-vol1-chapters	391	34.11	sinana	discharge of his duties make and file <<sinana>>	siana|sicana|sinaia|sinan|sinawa|sivana
production-1943-vol1-chapters	392	7.7	furniti	and he shall be furnished suitable quarters <<furniti>> re food	furnish
production-1943-vol1-chapters	392	25.0	resoeation	<<resoeation>> if at any time in the opinion	resonation
production-1943-vol1-chapters	393	29.8	coraing	faithful accounting of all money and property <<coraing>>	cording|coring|corking|corning
production-1943-vol1-chapters	396	26.0	ofminor	<<ofminor>> school the further detention of any minor	minor
production-1943-vol1-chapters	397	30.11	rnin	is necessary in order to provide elementary <<rnin>>	anin|enin|hnin|inin|knin|nin
production-1943-vol1-chapters	398	9.0	ubranes	<<ubranes>> maintaining one or more elementary emergency schools	branes
production-1943-vol1-chapters	399	0.7	mdividual	ties shall be considered a physically handicapped <<mdividual>>	dividual
production-1943-vol1-chapters	399	50.7	antriet	for pretuberculous tuberculous convalescent or other physi <<antriet>>	entries
production-1943-vol1-chapters	400	3.0	ivuic	<<ivuic>> mote and direct special instruction in the	civic
production-1943-vol1-chapters	403	5.9	yeean	of a vacancy on the curriculum commis <<yeean>> ie	yean|yeeah|yeen|yeeun|yeman|yenan
production-1943-vol1-chapters	403	11.12	mrrtine	the third saturday in june of each <<mrrtine>>	martine
production-1943-vol1-chapters	403	16.7	conpen	members of the state curriculum commission shal <<conpen>>	concen|coneen|conen|conmen|conten|conven
production-1943-vol1-chapters	406	48.0	eoular	<<eoular>> academic periods of the schoo	eular
production-1943-vol1-chapters	407	1.10	whives	be required to attend upon the courses <<whives>>	chives|hives|shives|waives|whiles|whines
production-1943-vol1-chapters	407	13.11	yradu	or a pupil enrolled as a post <<yradu>>	gradu|radu|yadu
production-1943-vol1-chapters	407	20.8	rmploymer	governing boards of two or more contiguous <<rmploymer>>	employer
production-1943-vol1-chapters	409	0.12	pjects	eight years respectively tur instruction in s <<pjects>>	ejects|jects
production-1943-vol1-chapters	410	7.0	sberts	<<sberts>> in elementary agriculture manual arts stenography and	berts|eberts
production-1943-vol1-chapters	412	0.0	eacien	<<eacien>> iuocl the governing board of each district	alien|hacien
production-1943-vol1-chapters	412	0.1	iuocl	eacien <<iuocl>> the governing board of each district maintaining	iocl
production-1943-vol1-chapters	413	7.8	eoforcemen	boards of education except in cities having <<eoforcemen>>	enforcement
production-1943-vol1-chapters	414	13.0	stuily	<<stuily>> and the state curriculum commission may also	studly
production-1943-vol1-chapters	417	13.10	enecine	for the uniform use of a textbook <<enecine>>	engine
production-1943-vol1-chapters	419	3.12	sudtnn	four years such textbooks as muy be <<sudtnn>>	sudden
production-1943-vol1-chapters	419	11.2	scnoon	carter hieu <<scnoon>> textsooxs	schoon|scoon
production-1943-vol1-chapters	419	11.3	textsooxs	carter hieu scnoon <<textsooxs>>	textbooks
production-1943-vol1-chapters	419	43.0	veare	<<veare>>	beare|deare|feare|heare|leare|meare
production-1943-vol1-chapters	420	3.1	sebwol	high <<sebwol>> the governing board of each high school	sewol
production-1943-vol1-chapters	421	33.7	detrine	in the state contained sectarian or denominational <<detrine>>	determine|petrine
production-1943-vol1-chapters	421	37.9	fatomt	exists sufficient evidence that a textbook listed <<fatomt>>	fathoms
production-1943-vol1-chapters	423	29.9	neceming	this article shall be construed t pre <<neceming>>	becoming
production-1943-vol1-chapters	426	4.0	eredentzals	<<eredentzals>>	credentials
production-1943-vol1-chapters	426	11.0	mistary	<<mistary>> dnt the state board of education may	miltary|mistery|mistry
production-1943-vol1-chapters	426	26.0	fullow	<<fullow>> mg provision	fallow|fellow|follow|fullom|fullon|furlow
production-1943-vol1-chapters	426	30.4	mecurs	now engaged whichever first <<mecurs>> while this act is in effect it	meurs|recurs
production-1943-vol1-chapters	426	44.0	sumior	<<sumior>> hgh the minimum standard for the general	sumio|sunior
production-1943-vol1-chapters	427	37.6	zreden	the minimum standard for an emergency <<zreden>> emergency	reden|zweden
production-1943-vol1-chapters	429	4.7	rtementary	the board may grant elementary school certificates <<rtementary>>	elementary
production-1943-vol1-chapters	432	1.0	pubhe	<<pubhe>> tion of the applicants or their authorized	dubhe|pube|puhe
production-1943-vol1-chapters	432	11.0	tieal	<<tieal>> utility with a view of ascertaining the	teal|tial|tical|tidal|tiel|tikal
production-1943-vol1-chapters	432	15.0	ammanen	<<ammanen>> having a board of education and in	ammann
production-1943-vol1-chapters	433	5.8	crantng	county board of education may on examination <<crantng>>	craning|granting
production-1943-vol1-chapters	433	8.6	gualfca	each candidate shall present satisfactory written <<gualfca>>	gualaca
production-1943-vol1-chapters	433	35.8	qutca	candidates for certificates shall comply with all <<qutca>>	quica|utca
production-1943-vol1-chapters	434	27.0	andkind	<<andkind>> certificates of the grade and kind designated	mankind
production-1943-vol1-chapters	436	21.1	andfee	term <<andfee>> no preliminary certificate shall be granted for	andee|andree
production-1943-vol1-chapters	436	28.0	dqatime	<<dqatime>> should any person employed by a school	daytime
production-1943-vol1-chapters	437	40.8	erzden	the conviction of the holder of any <<erzden>> conetion	erden
production-1943-vol1-chapters	437	40.9	conetion	conviction of the holder of any erzden <<conetion>>	conation|condtion|conection
production-1943-vol1-chapters	438	34.11	revcca	city and county board of education the <<revcca>>	recca
production-1943-vol1-chapters	438	38.0	oferime	<<oferime>> issued by a county board of education	overtime
production-1943-vol1-chapters	439	9.0	eredential	<<eredential>>	credential
production-1943-vol1-chapters	439	18.10	stns	of city or city and county certificates <<stns>> bv	etns|mtns|sans|sens|sins|smns
production-1943-vol1-chapters	439	41.8	emsting	certificates and diplomas now valid in cali <<emsting>>	easting|emoting|empting|esting
production-1943-vol1-chapters	441	12.9	accomy	possible and upon what it was issued <<accomy>> anied	accom|accomm|accomp|accord|accoy
production-1943-vol1-chapters	443	6.8	rehts	of any exchange position by an emplpvee <<rehts>>	rechts|reits|rents|rests|rets
production-1943-vol1-chapters	444	4.0	supersis	<<supersis>> ng whenever in their judgment it is	supersix|supervise
production-1943-vol1-chapters	444	5.0	princnl	<<princnl>> the board of trustees for any union	prince
production-1943-vol1-chapters	444	11.0	qualifea	<<qualifea>> ron no person shall be employed as	qualifed
production-1943-vol1-chapters	445	25.8	sennol	holder of a valid school administration certifi <<sennol>> ad	senior|senno
production-1943-vol1-chapters	445	37.10	sstering	issue certificates and credentials for the follow <<sstering>>	sistering
production-1943-vol1-chapters	446	35.0	hygenist	<<hygenist>> st shall be a certificate issued by	hygeist|hygienist
production-1943-vol1-chapters	447	2.0	trict	<<trict>> special lecturers well qualified in their subjects	strict|tract|triact|tric|trica|trice
production-1943-vol1-chapters	448	32.0	sehiouls	<<sehiouls>> the evening school who is already classified	serious
production-1943-vol1-chapters	448	42.0	tratneur	<<tratneur>> teaching position to an administrative or supervisory	trainer
production-1943-vol1-chapters	449	3.9	astnet	in whichever district he may select for <<astnet>>	artnet|aspnet|fastnet
production-1943-vol1-chapters	450	26.0	atedace	<<atedace>> ig any permanent employee classified as such	antedate
production-1943-vol1-chapters	450	46.12	attams	of the school year in which he <<attams>>	attam|attas
production-1943-vol1-chapters	452	4.0	arlv	<<arlv>> employed persons absent from service	alv|arav|argv|ariv|arl|arla
production-1943-vol1-chapters	452	6.0	emplnes	<<emplnes>> as temporary employees those persons requiring cer	emplanes
production-1943-vol1-chapters	452	23.0	cuaptzr	<<cuaptzr>> richrts anp duties or employees	chapter
production-1943-vol1-chapters	453	17.10	cluring	paid service of the american red cross <<cluring>>	clueing|cluing|curing|luring
production-1943-vol1-chapters	455	31.12	nisde	of a pupil is guilty of a <<nisde>>	nide|ninde|nisd|nise|nisse|nside
production-1943-vol1-chapters	456	0.0	supersa	<<supersa>> ing the principal of any high school	supera|superba|superga|superia|supers|supersu
production-1943-vol1-chapters	456	25.0	adueation	<<adueation>>	adulation|education
production-1943-vol1-chapters	460	6.0	computatwn	<<computatwn>> whenever the superintendent holds the combination	computation
production-1943-vol1-chapters	463	0.9	jmnr	of the referees shall be fixed by <<jmnr>>	fmnr|jinr|jmn|jmr|jnr|mnr
production-1943-vol1-chapters	464	7.2	orcler	report and <<orcler>> a new report from the same referees	oraler|orler
production-1943-vol1-chapters	464	40.0	tneom	<<tneom>> if the cause is incompetency due to	neom
production-1943-vol1-chapters	465	9.9	mmorat	employee is dismissed for immoral conduct or <<mmorat>>	morat
production-1943-vol1-chapters	466	27.0	pointmest	<<pointmest>> jee is reestablished within one year from	pointiest|pointment
production-1943-vol1-chapters	467	10.10	jrrant	leave of absence from duty and may <<jrrant>> ln	arrant|errant|jurant
production-1943-vol1-chapters	467	27.9	sabbateai	of absence shall be granted to any <<sabbateai>>	sabbatai|sabbatean
production-1943-vol1-chapters	470	41.0	ayeane	<<ayeane>> qualifications is absent from his duties on	ayane
production-1943-vol1-chapters	473	29.9	tengent	superintendent of public instruction who shall require <<tengent>>	tangent|tencent|tendent|tenent|tengen|tennent
production-1943-vol1-chapters	473	32.7	judement	the judgment of the superintendent of public <<judement>>	judgement|judgment|jugement|rudement
production-1943-vol1-chapters	476	2.0	reignatiors	<<reignatiors>> accept the resignation of any employee and	resignations
production-1943-vol1-chapters	476	42.0	qualt	<<qualt>> qualifications for membership on the commission	qual|quala|quale|quali|qualit|quall
production-1943-vol1-chapters	477	22.7	ortce	the governing board shall provide the commission <<ortce>> accom	orce|orte|orthe
production-1943-vol1-chapters	478	2.0	fruks	<<fruks>> followed by the governing board as they	frus|fuks|uruks
production-1943-vol1-chapters	478	37.0	ployecs	<<ployecs>> eae n oe	players
production-1943-vol1-chapters	479	12.6	combuatior	combinations of successive eligibility lists dur <<combuatior>>	combustion
production-1943-vol1-chapters	479	33.8	diserim	questions relating to political or religious opin <<diserim>>	discrim
production-1943-vol1-chapters	480	16.0	keemploy	<<keemploy>> persons laid off or suspended because of	reemploy
production-1943-vol1-chapters	480	21.0	cheible	<<cheible>> sts ot less than one year and	credible
production-1943-vol1-chapters	481	28.10	pohtical	is in the classified service or who <<pohtical>>	poetical|political|poltical|postical
production-1943-vol1-chapters	481	34.9	solesting	of the governing board in any district <<solesting>>	molesting
production-1943-vol1-chapters	482	20.0	aelary	<<aelary>> retirement salary an annuity a retirement allowance	alary|telary|velary
production-1943-vol1-chapters	482	29.0	deests	<<deests>> teachers annuity deposit fund at the rates	deets|deists|detests
production-1943-vol1-chapters	482	34.0	ttaleon	<<ttaleon>> total contributions means permanent fund	talion
production-1943-vol1-chapters	482	36.0	anmaty	<<anmaty>> annuity means payments for life derived from	almaty|inmate
production-1943-vol1-chapters	482	43.0	aliowanee	<<aliowanee>> annuity or any optional benefit payable in	allowance
production-1943-vol1-chapters	483	15.4	oupenn	county superintendent and superintendent <<oupenn>>	open|openn|upenn
production-1943-vol1-chapters	485	2.9	actuanal	shall keep in convenient form suck data <<actuanal>>	actual
production-1943-vol1-chapters	485	46.10	mmun	fix the minimum time per day per <<mmun>>	amun|immun|mamun|maun|mmn|mmu
production-1943-vol1-chapters	486	3.8	empioyiig	chapter and shall require reports from tie <<empioyiig>>	employing
production-1943-vol1-chapters	487	25.13	atering	the member was last employed before e <<atering>>	altering|catering|watering
production-1943-vol1-chapters	487	31.10	coneges	credit for time served in teé ching <<coneges>> snc	colleges
production-1943-vol1-chapters	487	41.9	jupportedh	schools supported by the united states gov <<jupportedh>>	supported
production-1943-vol1-chapters	489	15.7	revrrement	there is a retirement investment board consist <<revrrement>>	retirement
production-1943-vol1-chapters	492	2.0	menibe	<<menibe>> ship they shall be credited with service	menace|menie
production-1943-vol1-chapters	492	5.0	notlee	<<notlee>> of each county superintendent of schools shall	notley
production-1943-vol1-chapters	493	12.11	termma	or is retired or if he withdraws <<termma>>	terima|terma
production-1943-vol1-chapters	493	47.8	sernce	person to whom service rendered outside of <<sernce>> out	seance|sence|servce
production-1943-vol1-chapters	495	52.3	necount	of his individual <<necount>> because of service upon the basis of	recount
production-1943-vol1-chapters	496	15.0	deduet	<<deduet>> fon contributions required of a person to	deduct|dedue
production-1943-vol1-chapters	500	2.0	fonteaba	<<fonteaba>> each school district or other employing agency	fontana
production-1943-vol1-chapters	501	42.7	reenturs	if a person who has received payment <<reenturs>> a reentry	reenters
production-1943-vol1-chapters	503	27.10	fhyum	not be determined or if the hene <<fhyum>>	fayum|forum
production-1943-vol1-chapters	503	49.10	subiert	created under this chanter shall not be <<subiert>> to	subvert
production-1943-vol1-chapters	504	28.0	decrmi	<<decrmi>> application for rehearing shall be made within	decree|decrim
production-1943-vol1-chapters	506	21.0	semets	<<semets>> required for retirement within days after receipt	seets|semes|smeets|smets
production-1943-vol1-chapters	507	11.10	ailvis	proceeding as it may deem necessary or <<ailvis>>	alvis|silvis
production-1943-vol1-chapters	507	36.3	pubhe	ing capacity ina <<pubhe>> school or if any person is retired	dubhe|pube|puhe
production-1943-vol1-chapters	507	37.11	ijlow	for which he was retired his retirement <<ijlow>>	inlow
production-1943-vol1-chapters	510	1.0	raeut	<<raeut>> fund of such district or districts with	raut|reut
production-1943-vol1-chapters	513	20.10	disabinty	provide for the retirement of tee chers <<disabinty>>	disability|disabilty
production-1943-vol1-chapters	513	48.7	sermeein	any district retirement plan established by ai <<sermeein>>	sereen
production-1943-vol1-chapters	515	12.8	comrensa	than seven members who shall serve without <<comrensa>>	compense
production-1943-vol1-chapters	517	47.9	requrem	shall not be adopted or established until <<requrem>>	requiem
production-1943-vol1-chapters	523	1.9	rpul	constitute good cause for suspension or e <<rpul>>	pul|raul|reul|roul|rpl|rptl
production-1943-vol1-chapters	523	40.11	susens	california school for the blind and with <<susens>>	susans
production-1943-vol1-chapters	525	40.11	tamton	attending the schools of a dis rict <<tamton>>	talton|tambon|tampon|tamron|tamson|tanton
production-1943-vol1-chapters	531	15.6	certuicate	no physician oculist dentist dental hygienist <<certuicate>>	certificate
production-1943-vol1-chapters	533	14.13	ftards	deems best to the governing board of <<ftards>>	tards
production-1943-vol1-chapters	535	8.9	retum	assigned to a vocational course shall be <<retum>>	fretum|rectum|regum|rerum|resum|retam
production-1943-vol1-chapters	541	18.6	assutants	whenever a county superintendent of schools <<assutants>>	assistants
production-1943-vol1-chapters	542	8.0	dehvery	<<dehvery>> the arresting officer shall forthwith deliver the	devery
production-1943-vol1-chapters	546	0.0	inverti	<<inverti>> ii any controversy arise im any high	invert|invertin|inverts|investi
production-1943-vol1-chapters	547	22.9	mestatio	board of any high school district in <<mestatio>>	mentation
production-1943-vol1-chapters	550	0.0	resstraicn	<<resstraicn>> s the principal of the california school	restrain
production-1943-vol1-chapters	559	0.1	ptict	qis <<ptict>>	pict
production-1943-vol1-chapters	559	10.7	htimates	whenever an examination of the structural condi <<htimates>>	estimates
production-1943-vol1-chapters	561	41.8	dormton	governing board of any district maintaining a <<dormton>>	dorton
production-1943-vol1-chapters	562	0.0	pormitorles	<<pormitorles>> the governing board of any district maintaining	dormitories
production-1943-vol1-chapters	562	49.9	supecin	school district they shall notify the county <<supecin>>	specie
production-1943-vol1-chapters	564	0.10	yuimt	change of location of any union or <<yuimt>> union sc vol when	yuima|yuit
production-1943-vol1-chapters	564	28.4	dailot	ballot any form of <<dailot>> by which the voter signifies his	dalot
production-1943-vol1-chapters	567	49.10	cantornia	the school district to the state department <<cantornia>>	cantorna
production-1943-vol1-chapters	572	21.1	stitcting	bard <<stitcting>> the governing body of an elementary district	stitching
production-1943-vol1-chapters	574	1.9	zipment	they may purchase such supplies and eq <<zipment>>	shipment
production-1943-vol1-chapters	574	16.0	purere	<<purere>> county purchasing agent for the purchase of	puree|purer|purre|purree
production-1943-vol1-chapters	577	25.10	suyerin	by a school district to a county <<suyerin>>	suberin
production-1943-vol1-chapters	578	13.0	usivey	<<usivey>> preservation of the library and may assess	survey
production-1943-vol1-chapters	578	43.0	wthety	<<wthety>> managed by the city the governing board	they
production-1943-vol1-chapters	579	34.8	aypor	county superintendent of each county shall annually <<aypor>> tenment	apor|aylor|aynor|mayor
production-1943-vol1-chapters	581	23.8	cateterta	governing board of any school district may <<cateterta>>	cafeteria
production-1943-vol1-chapters	581	44.0	trict	<<trict>> having a cafeteria fund in the county	strict|tract|triact|tric|trica|trice
production-1943-vol1-chapters	582	27.0	interter	<<interter>> no use shall be inconsistent with the	inserter|interfer|interrer|intertek|inverter
production-1943-vol1-chapters	582	38.0	eaminatins	<<eaminatins>> orant the use of school buildings grounds	examinations
production-1943-vol1-chapters	582	44.0	usbment	<<usbment>> school building and grounds within the state	justment
production-1943-vol1-chapters	583	23.9	eivie	needful rules and regulations for conducting the <<eivie>> fing	elvie|envie|evie|evvie|ivie|livie
production-1943-vol1-chapters	584	4.0	cuaprer	<<cuaprer>> distursina schools	chapter
production-1943-vol1-chapters	584	9.1	cuhmp	chapter <<cuhmp>> care centers	chmp|chump|cump
production-1943-vol1-chapters	584	12.0	lowirg	<<lowirg>>	lowing
production-1943-vol1-chapters	584	39.0	ushment	<<ushment>> subject to the provisions of this chapter	ashment|bushment|justment
production-1943-vol1-chapters	586	22.3	supervisivy	and for proper <<supervisivy>> of child care centers so that parents	supervisive
production-1943-vol1-chapters	586	35.0	facities	<<facities>> buildings grounds existing administrative personnel and	facilties
production-1943-vol1-chapters	588	17.0	offunds	<<offunds>> hereby authorized to accept funds from the	offends
production-1943-vol1-chapters	588	27.0	unuance	<<unuance>> time at the discretion of the governing	nuance
production-1943-vol1-chapters	590	53.0	rcniversity	<<rcniversity>>	university
production-1943-vol1-chapters	591	2.5	examinatye	be made by the faculty <<examinatye>>	examinate
production-1943-vol1-chapters	591	3.8	guali	applicants for the examination shall be ona <<guali>>	duali|gali|ghali|guai|gual|guala
production-1943-vol1-chapters	593	29.10	prestaent	of the supreme court of the state <<prestaent>>	prestant
production-1943-vol1-chapters	594	13.0	appreprate	<<appreprate>> lege the sum of seven thousand dollars	appropriate
production-1943-vol1-chapters	597	18.9	ecluca	joint meeting of the state board of <<ecluca>> matters to	echuca
production-1943-vol1-chapters	598	1.0	venalor	<<venalor>> of a state college to a nonprofit	venator
production-1943-vol1-chapters	598	37.0	compensauon	<<compensauon>> eneaced to instruct in extension work evening	compensation
production-1943-vol1-chapters	598	37.1	eneaced	compensauon <<eneaced>> to instruct in extension work evening work	enlaced
production-1943-vol1-chapters	603	23.7	fxelusion	the director of education may on recommendation <<fxelusion>>	exclusion
production-1943-vol1-chapters	607	17.8	kutes	fresno state college may establish a summer <<kutes>>	butes|cutes|gutes|jutes|kates|kites
production-1943-vol1-chapters	609	21.5	asrtcultural	the california polytechnic school agricultural <<asrtcultural>>	agricultural
production-1943-vol1-chapters	609	22.10	vomng	in the sum of ten thousand dollars <<vomng>> tind	vong
production-1943-vol1-chapters	613	3.8	caurorma	is in berkeley alameda county the state <<caurorma>>	aurora
production-1943-vol1-chapters	613	11.9	admuns	is under the administration of the state <<admuns>>	admins
production-1943-vol1-chapters	614	15.0	expems	<<expems>> ig unable either himself or from the	expels|expens
production-1943-vol1-chapters	614	25.0	certifeate	<<certifeate>> resident if the court is satisfied that	certificate
production-1943-vol1-chapters	616	45.0	cteue	<<cteue>> without pay but each shall be allowed	ctene
production-1943-vol1-chapters	618	49.1	aindes	francisco <<aindes>> all of san francisco san pablo and	aides|andes|hindes|indes|kindes
production-1943-vol1-chapters	619	32.8	nonresidew	students may be admitted to the school <<nonresidew>>	nonresident
production-1943-vol1-chapters	620	3.0	erime	<<erime>>	crime|ehime|erice|erie|erim|erine
production-1943-vol1-chapters	623	12.10	witharanal	taken from the library by the mem <<witharanal>>	withdrawal
production-1943-vol1-chapters	623	21.7	pajure	the controller when notified by the department <<pajure>>	parure|pature
production-1943-vol1-chapters	624	8.0	ubranes	<<ubranes>> may establish and maintain within their respective	branes
production-1943-vol1-chapters	627	48.1	evrades	in <<evrades>> established bv the county librarian with the	evades
production-1943-vol1-chapters	629	14.8	ciims	claim against the county free library fund <<ciims>>	aiims|cims|crims|iims
production-1943-vol1-chapters	631	1.8	omcers	board of library trustees may prescribe the <<omcers>> and	omers
production-1943-vol1-chapters	631	48.8	jatay	revenue derived from the tax together with <<jatay>> fu	atay|hatay|jamay|janay|jata|jatayu
production-1943-vol1-chapters	632	37.0	eustence	<<eustence>> existed on june under the provisions of	existence
production-1943-vol1-chapters	635	1.8	omeers	board of library trustees shall prescribe the <<omeers>> anc	ameers|meers|omers
production-1943-vol1-chapters	635	21.9	fenerat	of library trustees shall do and perform <<fenerat>>	generat
production-1943-vol1-chapters	636	0.0	pubhe	<<pubhe>> hbrary	dubhe|pube|puhe
production-1943-vol1-chapters	636	0.1	hbrary	pubhe <<hbrary>>	harary|hbgary|horary|library
production-1943-vol1-chapters	641	34.10	omclo	the district is dissolved until the sx <<omclo>>	omco
production-1943-vol1-chapters	644	19.0	ompioves	<<ompioves>> duties and powers of the librarian secretary	improves
production-1943-vol1-chapters	651	28.9	veaness	any outstanding bonded indebtedness of the district <<veaness>>	deaness|vaness|veness
production-1943-vol1-chapters	653	2.0	ublie	<<ublie>>	oublie|public|unlie
production-1943-vol1-chapters	653	14.8	psimate	any library district formed under this chapter <<psimate>>	primate
production-1943-vol1-chapters	661	0.9	resensatior	grantor s married he may further provide <<resensatior>>	resensation
production-1943-vol1-chapters	662	0.10	yudl	subject to forced sale under execution or <<yudl>>	audl|hudl|udl|yud|yuda|yudi
production-1943-vol1-chapters	664	31.0	oferant	<<oferant>> and recorded in the manner provided by	operant
production-1943-vol1-chapters	664	41.0	tostate	<<tostate>> purposes mentioned in this article may at	costate|testate|tomtate
production-1943-vol1-chapters	666	1.0	caperior	<<caperior>> suant to articles and of this chapter	superior
production-1943-vol1-chapters	669	47.10	timom	of any course of instruction in medicine <<timom>>	timm|timo|timon|timor
production-1943-vol1-chapters	675	36.11	upirie	may be engaged in under direct con <<upirie>>	pirie
production-1943-vol1-chapters	675	45.8	poves	governing body of every public authority mey <<poves>>	boves|coves|doves|goves|loves|moves
production-1943-vol1-chapters	676	23.0	boardor	<<boardor>> board of recreation commissioners to exercise such	boarder
production-1943-vol1-chapters	678	4.0	sigmils	<<sigmils>> trolling or in charge of any public	sigils|signals
production-1943-vol1-chapters	678	42.0	feoptes	<<feoptes>> tion of higher learning with copies and	peoples
production-1943-vol1-chapters	685	1.8	ameniea	division and to add section to division <<ameniea>>	amended|amenia
production-1943-vol1-chapters	685	15.2	paguet	april j <<paguet>>	paget|pague|paquet|piguet
production-1943-vol1-chapters	690	41.1	uffieio	ea <<uffieio>> it shall be the duty of the	ufficio
production-1943-vol1-chapters	692	7.0	widant	<<widant>> on blank substantially in the following form	aidant|idant|vidant|winant
production-1943-vol1-chapters	695	30.9	befnition	in this article the substances and mixtures <<befnition>>	definition
production-1943-vol1-chapters	698	35.0	omcers	<<omcers>> municipal court constable of a township marshal	omers
production-1943-vol1-chapters	699	27.12	trsen	delivered to the warden of the t <<trsen>>	arsen|orsen|torsen|tosen|treen|tren
production-1943-vol1-chapters	700	49.0	eials	<<eials>> officers or employees or any jail or	dials|eias|emals|evals|rials|vials
production-1943-vol1-chapters	701	15.10	vvended	for the creation of revolving funds in <<vvended>>	vended
production-1943-vol1-chapters	705	36.12	mrued	and policemen and or all of its <<mrued>>	rued|trued
production-1943-vol1-chapters	706	1.0	pnended	<<pnended>> municipalities to declare nextous or dangerous weeds	pended|unended
production-1943-vol1-chapters	709	13.11	retum	the expenses of such person so employed <<retum>>	fretum|rectum|regum|rerum|resum|retam
production-1943-vol1-chapters	709	29.8	tempomn	to the provisions of this division except <<tempomn>>	tempo
production-1943-vol1-chapters	716	19.0	pnended	<<pnended>> code relating to the creation of a	pended|unended
production-1943-vol1-chapters	716	26.0	distnet	<<distnet>> district the following shall constitute fish and	distent
production-1943-vol1-chapters	719	39.11	remstate	any such leave of absence the per <<remstate>>	redstate|restate
production-1943-vol1-chapters	721	22.8	vatesman	a salesman under chapter of this part <<vatesman>>	salesman
production-1943-vol1-chapters	723	26.7	vorations	after qualifying as such neither the commissioner <<vorations>>	orations|vocations
production-1943-vol1-chapters	724	22.0	mnjunctions	<<mnjunctions>> satisfactory to him that any person has	injunctions
production-1943-vol1-chapters	727	9.10	pyaur	directing the witness to appear before the <<pyaur>>	paur|pyaar|pyar
production-1943-vol1-chapters	727	21.8	deposttions	commissioner may in any hearing before him <<deposttions>>	depositions
production-1943-vol1-chapters	730	8.2	ocetr	the violations <<ocetr>>	octr
production-1943-vol1-chapters	731	0.8	qualifca	addition to the proof of honesty truthfulness <<qualifca>>	qualify
production-1943-vol1-chapters	731	45.9	pronsional	of a provisional salesman s license may <<pronsional>>	provisional
production-1943-vol1-chapters	732	38.0	peguired	<<peguired>> maintain a definite place of business in	required
production-1943-vol1-chapters	734	0.0	iocan	<<iocan>> ol dy teal estate licensee who within	ican|incan|ioan|iowan|locan|pocan
production-1943-vol1-chapters	734	41.0	copartnersbip	<<copartnersbip>>	copartnership
production-1943-vol1-chapters	735	33.1	heense	dollars <<heense>> tee	heene|heese|hense
production-1943-vol1-chapters	736	20.0	poense	<<poense>> fe for reinstatement of a license within	pense|ponse
production-1943-vol1-chapters	741	22.11	cmce	one place of business within the jrerch <<cmce>>	cace|cce|ccme|cece|cice|cmc
production-1943-vol1-chapters	741	44.10	lmpe	chapter the license of any business opportunity <<lmpe>>	ampe|impe|lampe|lape|ldpe|lepe
production-1943-vol1-chapters	743	0.1	actmg	ber <<actmg>> under its business opportunity license without	actg
production-1943-vol1-chapters	743	15.11	demte	license issued to a person who did <<demte>>	dembe|deme|demet|demie|demme|demote
production-1943-vol1-chapters	743	47.1	heense	dollars <<heense>> fee	heene|heese|hense
production-1943-vol1-chapters	745	1.9	burul	has the meaning ascribed to it by <<burul>>	brul|bural|burel|burgul|burl|buru
production-1943-vol1-chapters	745	3.8	mauso	has the meaning ascribed to it by <<mauso>>	manso|maso|masso|masuo|mauro|maus
production-1943-vol1-chapters	746	9.0	punsuable	<<punsuable>> exceeding fifty dollars for each offense for	punishable|pursuable
production-1943-vol1-chapters	747	17.9	exarai	be accompanied by the cemetery salesman s <<exarai>>	extra
production-1943-vol1-chapters	747	24.8	proot	may deem advisable concerning the honesty truthfulness <<proot>>	croot|froot|groot|kroot|poot|proft
production-1943-vol1-chapters	750	0.0	salesioen	<<salesioen>>	salesmen
production-1943-vol1-chapters	751	15.12	ienms	person who did not have a cemetery <<ienms>>	iems
production-1943-vol1-chapters	752	14.0	omee	<<omee>> fee dollar	amee|comee|emee|imee|mee|obee
production-1943-vol1-chapters	752	23.0	heense	<<heense>> fee	heene|heese|hense
production-1943-vol1-chapters	753	36.12	lcensee	full force and effect for the period <<lcensee>>	licensee
production-1943-vol1-chapters	757	13.9	aueest	governor april led with secretary of state <<aueest>>	queest
production-1943-vol1-chapters	757	26.6	saaeoe	county surveyor includes county engineer if <<saaeoe>>	saree
production-1943-vol1-chapters	758	35.0	prosions	<<prosions>> divisions and the form and content of	erosions|plosions|provisions
production-1943-vol1-chapters	759	22.10	eaured	of final maps and record of survey <<eaured>>	eadred|eared|enured
production-1943-vol1-chapters	760	37.0	veyance	<<veyance>> be made by lot or block number	voyance
production-1943-vol1-chapters	761	23.9	compuance	there is a local ordinance the subdivider <<compuance>>	compliance
production-1943-vol1-chapters	762	15.0	seealso	<<seealso>> cause the subdivision or any part thereof	seals
production-1943-vol1-chapters	763	28.8	certifeates	following certificates shall appear on a record <<certifeates>>	certificates
production-1943-vol1-chapters	764	29.1	yuzested	ied <<yuzested>> consenting to the preparation and recordation of	quested
production-1943-vol1-chapters	768	12.0	satouny	<<satouny>> tne clerk of the governing body of	stony
production-1943-vol1-chapters	768	42.1	raidity	of <<raidity>> this chapter by the appropriate governing body	aridity|rabidity|rapidity
production-1943-vol1-chapters	768	48.0	pubhe	<<pubhe>> when any final map is presented to	dubhe|pube|puhe
production-1943-vol1-chapters	769	30.9	omcia	city town or subdivision of land is <<omcia>>	omnia|oncia|orcia
production-1943-vol1-chapters	771	1.10	ssended	laws relating to the tare on baled <<ssended>>	amended|scended|sended|spended
production-1943-vol1-chapters	771	26.6	fribs	make a specific deduction for tags <<fribs>> erutchings or other	cribs|dribs|fibs|frbs|frias|frib
production-1943-vol1-chapters	772	33.0	mtranit	<<mtranit>> bales and the bales become broken the	transit
production-1943-vol1-chapters	773	16.11	jneurance	policy of insurance is issued to him <<jneurance>>	insurance
production-1943-vol1-chapters	775	43.8	exammng	secretary of state may constitute and appoint <<exammng>>	examine|examing
production-1943-vol1-chapters	777	10.9	omeer	of this chapter occurring within his county <<omeer>>	ameer|emeer|meer|omber|omer|omere
production-1943-vol1-chapters	777	20.10	applicattor	license shall be made in writing tuo <<applicattor>>	applicator
production-1943-vol1-chapters	777	21.14	heense	as may be required by him for <<heense>>	heene|heese|hense
production-1943-vol1-chapters	778	26.0	andexam	<<andexam>> by the secretary of state unless the	annexa
production-1943-vol1-chapters	778	37.0	hontee	<<hontee>> fee to the secretary of state subject	contee|honte|montee|pontee
production-1943-vol1-chapters	779	39.10	reuary	at least days prior to the examination <<reuary>>	revary
production-1943-vol1-chapters	781	48.7	heense	a the name of the licensee tn <<heense>>	heene|heese|hense
production-1943-vol1-chapters	784	0.0	notlee	<<notlee>> of o cc whenever a person actively	notley
production-1943-vol1-chapters	784	14.1	iret	rest <<iret>> ion no person shall be in charge	aret|bret|cret|eret|fret|gret
production-1943-vol1-chapters	786	12.0	istorer	<<istorer>> court in and for the county in	storer
production-1943-vol1-chapters	787	6.9	tntar	of unfair methods of competition as defined <<tntar>>	antar|tatar|titar|untar
production-1943-vol1-chapters	787	23.10	mintary	a license at the time of entering <<mintary>>	mentary|miltary|minutary
production-1943-vol1-chapters	790	0.0	stath	<<stath>>	saath|sath|seath|slath|snath|spath
production-1943-vol1-chapters	790	12.0	arquisit	<<arquisit>> inn the legislature consents to the purchase	alquist
production-1943-vol1-chapters	790	42.1	aieton	fee <<aieton>> the state cedes to the united states	aiton|tieton
production-1943-vol1-chapters	790	45.1	mltary	fur <<mltary>> purposes or defense and over all jand	miltary
production-1943-vol1-chapters	791	11.13	cedea	granted by the state to the hands <<cedea>>	ceda|cede|ceded|ceder|cedes|cedex
production-1943-vol1-chapters	791	22.9	resenatin	not been ceded or granted the state <<resenatin>>	resenting
production-1943-vol1-chapters	791	31.10	mitary	united states and occupied for military pur <<mitary>>	miltary|mitry
production-1943-vol1-chapters	791	44.13	tmted	and within all of the territory of <<tmted>>	toted
production-1943-vol1-chapters	792	33.5	meludes	property as used herein property <<meludes>> real and per	deludes|eludes
production-1943-vol1-chapters	794	18.0	chaprter	<<chaprter>> great seal of the state	chapiter|chapter|charter
production-1943-vol1-chapters	795	11.0	cuaprer	<<cuaprer>> srare fraga snp emblems	chapter
production-1943-vol1-chapters	795	11.1	srare	cuaprer <<srare>> fraga snp emblems	crare|rare|saare|sare|sarre|scare
production-1943-vol1-chapters	795	25.5	ealifornica	the california valley quail lophortyx <<ealifornica>> omcral bird	california|californica
production-1943-vol1-chapters	797	3.0	pressional	<<pressional>> district	professional
production-1943-vol1-chapters	797	12.0	cuhaptter	<<cuhaptter>> senatorial districts	chapter
production-1943-vol1-chapters	798	18.5	chispo	the county of san luis <<chispo>> shall constitute the	chipo|chispa|chisso|crispo
production-1943-vol1-chapters	817	0.0	aitadena	<<aitadena>> lap no recorded in book pave o	altadena
production-1943-vol1-chapters	826	30.2	ecrner	last mentioned <<ecrner>> with the westerly terminus of the center	cerner|earner|erner
production-1943-vol1-chapters	830	1.0	cstriets	<<cstriets>> erly along the northeasterly boundary of said	streets
production-1943-vol1-chapters	838	45.0	wieler	<<wieler>> avenue thence southerly along the center line	bieler|kieler|weiler|wheler|wieber|wieder
production-1943-vol1-chapters	843	6.9	imtersec	center line of commercial street to its <<imtersec>>	intersect
production-1943-vol1-chapters	849	1.9	wnivme	being informed by affidavit that any officer <<wnivme>>	waive
production-1943-vol1-chapters	849	39.8	poduetions	and employees of public agencies may author <<poduetions>>	productions
production-1943-vol1-chapters	849	43.9	pfirers	treasurers and other disbursing officers of dy <<pfirers>>	firers
production-1943-vol1-chapters	850	0.7	deduc	deductions state officers and employees may authorize <<deduc>>	dedic|deduce|deduct|dedue|educ|leduc
production-1943-vol1-chapters	850	51.0	mercon	<<mercon>> jing the assignment or order for wages	marcon|mecon|mercan|merion|merlon|meron
production-1943-vol1-chapters	851	37.9	maveling	expenses are allowed by law to any <<maveling>>	aveling|marveling|raveling
production-1943-vol1-chapters	853	25.12	auall	such person has not complied st or <<auall>>	aall|atall|aull|quall
production-1943-vol1-chapters	854	42.0	appomtee	<<appomtee>> bond corresponding in substance and form with	appointee
production-1943-vol1-chapters	855	6.10	conformty	a bond given pursuant to this article <<conformty>>	conformity
production-1943-vol1-chapters	855	39.8	obteations	official bond executed by any officer pursuant <<obteations>>	objections
production-1943-vol1-chapters	857	12.9	contiution	is liable to contribution to his sureties <<contiution>>	contiuation
production-1943-vol1-chapters	857	15.10	pyarte	the whole penalty of the bond is <<pyarte>>	parte|pyare
production-1943-vol1-chapters	857	20.9	equitante	official bond does not contain the sub <<equitante>>	equitable|equitant
production-1943-vol1-chapters	857	30.10	amdaut	is commenced in any court in the <<amdaut>> re	adapt
production-1943-vol1-chapters	857	50.7	culteute	upon receiving the certificate the county recorder <<culteute>>	culture
production-1943-vol1-chapters	858	47.2	neinal	and approved <<neinal>> and sureties therein and subjects the officer	veinal
production-1943-vol1-chapters	859	1.10	oremal	is the original bond discharged or affected <<oremal>> bo	oreal|oreman|ormal
production-1943-vol1-chapters	859	25.12	vequred	law and the withdrawal or removal jit <<vequred>>	required
production-1943-vol1-chapters	859	37.11	onnew	liabilities incurred previous to the approval of <<onnew>> bond	ofnew|onew|onne|onnen|onnes|unnew
production-1943-vol1-chapters	860	44.0	remamng	<<remamng>> no surety is released from damages or	remaing
production-1943-vol1-chapters	861	3.8	weneres	article does not apply to notaries public <<weneres>>	generes|veneres
production-1943-vol1-chapters	861	22.0	cuaptrer	<<cuaptrer>> resignations and vacancies	chapter
production-1943-vol1-chapters	862	30.5	mcumbent	a the death of the <<mcumbent>>	cumbent
production-1943-vol1-chapters	863	9.13	sacoey	issue a writ of election to fu <<sacoey>>	sackey
production-1943-vol1-chapters	863	12.10	ginetc	and senate or in the legislature either <<ginetc>>	ninety
production-1943-vol1-chapters	863	32.11	appomtee	subject to all the liabilities duties and <<appomtee>>	appointee
production-1943-vol1-chapters	863	34.0	cuaprer	<<cuaprer>> obtaining possession of office	chapter
production-1943-vol1-chapters	863	38.8	rueht	any person including a former incumbent refuses <<rueht>> of	ruehl
production-1943-vol1-chapters	863	45.0	etermint	<<etermint>>	determine
production-1943-vol1-chapters	865	20.10	labuny	agent or employee of the state a <<labuny>>	albany
production-1943-vol1-chapters	867	41.12	astnet	state officer or employee with the consent <<astnet>>	artnet|aspnet|fastnet
production-1943-vol1-chapters	870	11.0	cimmal	<<cimmal>> impeachment is also the subject of an	gimmal|mammal
production-1943-vol1-chapters	872	1.0	combiew	<<combiew>> work the engineer shall prepare and file	combie|combien|combined
production-1943-vol1-chapters	874	33.0	eremares	<<eremares>> to be approved the contractor s bond	prepares
production-1943-vol1-chapters	874	38.1	acamst	sut <<acamst>> suit against the surety or sureties on	cast
production-1943-vol1-chapters	875	41.8	amerean	use shall contain provision that only unmanufac <<amerean>>	amercan|ameren|amerian|american|amerman
production-1943-vol1-chapters	879	31.12	esment	is made shall not accept nor be <<esment>>	esmen|essent|osment
production-1943-vol1-chapters	880	8.0	vestah	<<vestah>> for a newspaper to be established it	vesta|vestal|vestas
production-1943-vol1-chapters	881	28.7	pubteation	whenever any publication or notice by publication <<pubteation>>	putation
production-1943-vol1-chapters	881	30.14	detun	county or city officer by the u <<detun>>	defun|detin|detune|detur|dotun
production-1943-vol1-chapters	882	13.0	oeal	<<oeal>> alene neither the state nor any county	beal|ceal|deal|eal|feal|geal
production-1943-vol1-chapters	884	27.0	pubie	<<pubie>> as used in this chapter public corporation	aubie|cubie|dubie|eubie|hubie|jubie
production-1943-vol1-chapters	885	22.10	coveration	members and the chairman of this com <<coveration>>	coversation
production-1943-vol1-chapters	888	42.1	pubhe	nota <<pubhe>> a for drawing and copying every protest	dubhe|pube|puhe
production-1943-vol1-chapters	889	9.11	otsune	a notary public or another in connection <<otsune>>	tsune
production-1943-vol1-chapters	890	4.1	cretee	rei <<cretee>> public he and the sureties on his	crete
production-1943-vol1-chapters	890	17.0	ofenat	<<ofenat>> oaths the official oaths of commissioners of	feat
production-1943-vol1-chapters	891	42.11	fatry	oath taken by members of the legis <<fatry>> ot	atry|fabry|faery|fairy|fantry|farry
production-1943-vol1-chapters	892	41.0	omees	<<omees>> legislative offices for the use of the	mees|omens|omers|omes|omnes
production-1943-vol1-chapters	894	9.0	omeers	<<omeers>> ard or assembly except the president of	ameers|meers|omers
production-1943-vol1-chapters	895	41.10	niteage	the senate the chief clerk of he <<niteage>>	mileage
production-1943-vol1-chapters	898	6.0	enerossed	<<enerossed>> secretary of the senate or chief clerk	engrossed
production-1943-vol1-chapters	898	13.0	orenrolled	<<orenrolled>> ments and without delay engross or enroll	enrolled
production-1943-vol1-chapters	898	19.0	pheer	<<pheer>> enrolled copy of the bill or document	cheer|heer|kheer|peer|phear|phee
production-1943-vol1-chapters	899	33.11	returnor	the governor desires to return a bill <<returnor>>	returner
production-1943-vol1-chapters	899	36.12	adjournmen	may deliver the bill with his message <<adjournmen>>	adjournment
production-1943-vol1-chapters	902	20.0	qaod	<<qaod>>	aod|qad|qaid|qand|qod|qood
production-1943-vol1-chapters	906	4.0	mpec	<<mpec>>	apec|cpec|epec|ipec|mec|mepc
production-1943-vol1-chapters	911	13.0	ieyr	<<ieyr>> net	ier|iyer|weyr
production-1943-vol1-chapters	911	23.0	ieoy	<<ieoy>> ie	eoy|iboy|ieo
production-1943-vol1-chapters	911	34.0	ieoy	<<ieoy>> oor ree ny	eoy|iboy|ieo
production-1943-vol1-chapters	911	38.0	isey	<<isey>> igeg	icey|ikey|iley|iney|irey|isay
production-1943-vol1-chapters	911	38.1	igeg	isey <<igeg>>	geg|gieg|ieg|ige|igel|igem
production-1943-vol1-chapters	914	34.3	eedrdi	ex sess ls <<eedrdi>> oe	verdi
production-1943-vol1-chapters	914	38.2	ipoy	ex sess <<ipoy>>	dpoy|iboy|ipay|ipo|ipob|ipod
production-1943-vol1-chapters	918	8.0	lyis	<<lyis>>	lais|lcis|leis|liis|lis|lois
production-1943-vol1-chapters	918	10.1	lltbe	e <<lltbe>> tote bos dee	late
production-1943-vol1-chapters	922	12.2	anetno	weet tapas <<anetno>> pg	aneto
production-1943-vol1-chapters	925	41.1	augiet	april <<augiet>>	augie|augier|augite
production-1943-vol1-chapters	927	21.10	epoot	april filed with secretary of state jp <<epoot>>	epcot|epopt|poot|spoot
production-1943-vol1-chapters	929	36.11	purhates	public agencies of the state of cali <<purhates>>	purchases
production-1943-vol1-chapters	932	5.9	deduc	code relating to the personal income tax <<deduc>>	dedic|deduce|deduct|dedue|educ|leduc
production-1943-vol1-chapters	933	1.11	ortime	forces of the united states or any <<ortime>>	oftime|ontime|optime|ortive|ourtime
production-1943-vol1-chapters	937	27.9	mmors	all persons under years of age pro <<mmors>>	amors|mmogs|mmos|mmrs|moors|mors
production-1943-vol1-chapters	942	44.0	cuniulative	<<cuniulative>>	cumulative
production-1943-vol1-chapters	943	29.0	nunt	<<nunt>>	aunt|bunt|cunt|dunt|funt|gunt
production-1943-vol1-chapters	945	17.10	ormate	personal service of process against such domestic <<ormate>>	formate|orate|ormat|ornate|osmate
production-1943-vol1-chapters	945	45.10	omoration	head of the corporation a vice president <<omoration>>	moration|operation
production-1943-vol1-chapters	947	31.0	mportation	<<mportation>>	importation
production-1943-vol1-chapters	948	43.0	arking	<<arking>> end a	acking|aking|anking|arcing|arcking|aring
production-1943-vol1-chapters	948	44.0	permssie	<<permssie>> ssary make or cause to be made	permissive
production-1943-vol1-chapters	949	0.9	notwet	specified or the commissioner shail in writ <<notwet>>	notyet
production-1943-vol1-chapters	952	26.0	transae	<<transae>> words transaction of business as used herein	transac|transam|transat|transe|transue
production-1943-vol1-chapters	953	17.8	suppnt	cost of the organization equipment and maintenance <<suppnt>>	supprt
production-1943-vol1-chapters	955	0.13	raaads	the fish and game code relat hae <<raaads>>	roads
production-1943-vol1-chapters	955	23.7	ocrations	agricultural associations including associations described in a <<ocrations>>	orations
production-1943-vol1-chapters	960	34.0	cuarter	<<cuarter>> orreenses by prisoners	carter|charter|cuartel|curter|quarter
production-1943-vol1-chapters	961	11.11	stots	section of the probate code relating io <<stots>>	scots|shots|slots|snots|soots|sots
production-1943-vol1-chapters	961	12.7	pnended	bond on sale of contract to purchase <<pnended>>	pended|unended
production-1943-vol1-chapters	964	27.0	hlty	<<hlty>> modi public instruction may determine and specify	alty|hilty|hlt|hlth|hltv|hly
production-1943-vol1-chapters	967	11.10	prociure	courts over which such courts have juris <<prociure>>	procure
production-1943-vol1-chapters	975	33.11	teinent	to land owners shall be apportioned ratably <<teinent>>	tenent|tennent
production-1943-vol1-chapters	976	28.6	ghiled	aas approved by governor april s <<ghiled>> with secretary of state	whiled
production-1943-vol1-chapters	978	2.0	priee	<<priee>> pays for any farm or home	pree|price|pride|prie|priebe|pried
production-1943-vol1-chapters	978	4.0	prvee	<<prvee>> sells any farm or home	pree|preve|privee
production-1943-vol1-chapters	979	34.10	heense	the certificate or license upon his sworn <<heense>>	heene|heese|hense
production-1943-vol1-chapters	979	38.9	pertoa	license fee shall cover a license period <<pertoa>>	perto|perton
production-1943-vol1-chapters	980	32.0	thetean	<<thetean>> store establishment school or college subject to	thesean|thetan
production-1943-vol1-chapters	980	38.0	yoltn	<<yoltn>> operator of a cleaning and dyeing shop	coltn|yolan|yolen
production-1943-vol1-chapters	986	24.0	unmci	<<unmci>> ately april	unci|unmc|unmei|unmet
production-1943-vol1-chapters	991	47.11	pieventio	such petition and the recording and mail <<pieventio>>	prevention
production-1943-vol1-chapters	991	48.12	fvitue	the pendency thereof as provided in sec <<fvitue>>	virtue
production-1943-vol1-chapters	992	38.0	fonnena	<<fonnena>> or upon machinery and equipment attached to	fontana
production-1943-vol1-chapters	993	0.11	sernee	such petition shall be served upon the <<sernee>>	serene|vernee
production-1943-vol1-chapters	993	17.8	hearme	upon application of the petitioner after service <<hearme>>	heare|hearne|hearse|heaume
production-1943-vol1-chapters	994	38.0	moitgagor	<<moitgagor>> sym to be paid by the trustor	mortgagor
production-1943-vol1-chapters	995	25.10	rrombi	or action shall be commenced against the <<rrombi>>	rhombi
production-1943-vol1-chapters	997	1.9	voidatle	sale of property under a chattel mortgage <<voidatle>>	voidable
production-1943-vol1-chapters	997	14.8	recevers	until october or six months after termi <<recevers>>	receivers|recievers|recovers
production-1943-vol1-chapters	999	49.9	orér	the agreement if the court approves the <<orér>>	orr|orrr
production-1943-vol1-chapters	1003	1.8	tmened	relating to travel expenditures by the department <<tmened>>	omened
production-1943-vol1-chapters	1003	42.9	dpeseription	commencing on the northern boundary of what <<dpeseription>>	description
production-1943-vol1-chapters	1005	43.0	oratorv	<<oratorv>> shall be on a form to be	orator|oratore|orators|oratory
production-1943-vol1-chapters	1006	19.0	serelogical	<<serelogical>> laboratory shall be the laboratory of the	serological
production-1943-vol1-chapters	1006	29.0	potii	<<potii>> the california state department of public health	poti|potin|potti
production-1943-vol1-chapters	1014	40.3	econeu	judgment shall run <<econeu>> rently	econet
production-1943-vol1-chapters	1015	14.0	leeted	<<leeted>> from the owners of impounded animals and	fleeted|leered|leete|sleeted|yeeted
production-1943-vol1-chapters	1016	10.0	appomt	<<appomt>> the governor shall make the first appointments	apport
production-1943-vol1-chapters	1017	10.10	tianster	agriculture shall succeed to and have pos <<tianster>>	transfer
production-1943-vol1-chapters	1017	24.10	ymenaed	of members of armed forces on civil <<ymenaed>>	amended
production-1943-vol1-chapters	1019	28.10	cireularion	a proposed initiative measure shall be circulated <<cireularion>>	circulation
production-1943-vol1-chapters	1020	25.0	seeaso	<<seeaso>> ue the investment and reinvestment and dispositions	seaso|seeso
production-1943-vol1-chapters	1023	1.3	dimout	including blackout and <<dimout>> regulations declaring the	dimou
production-1943-vol1-chapters	1023	8.3	avace	lichnd within tha <<avace>> arcerthed herein and that inmination	aace|advace|aface|apace|arace|avac
production-1943-vol1-chapters	1023	8.8	inmination	within tha avace arcerthed herein and that <<inmination>>	invination
production-1943-vol1-chapters	1023	14.1	followmg	addendum <<followmg>> page of this volume	followme
production-1943-vol1-chapters	1024	27.7	ilumi	except as provided in section b hereof <<ilumi>>	ikumi|illumi|ilmi|ilum|isumi|izumi
production-1943-vol1-chapters	1025	14.7	naugation	d navigation and railroad lights authorized lights <<naugation>>	navigation
production-1943-vol1-chapters	1026	16.5	mumination	industrial d industrial and protective <<mumination>> light sources	lumination|nomination|rumination
production-1943-vol1-chapters	1027	47.8	extingus	immediately upon the commencement of a black <<extingus>>	extinguish
production-1943-vol1-chapters	1027	48.11	tyning	in control of lighting within an area <<tyning>>	tining|toning|tuning|tying|tyking|typing
production-1943-vol1-chapters	1028	0.0	pnattended	<<pnattended>> sec no person in control of hghting	unattended
production-1943-vol1-chapters	1028	37.1	netap	lar <<netap>> sec the provisions of this chapter shall	etap|neap|nelap|neta|netapp|netas
production-1943-vol1-chapters	1028	48.0	vencles	<<vencles>> valid written vehicle permit has been issued	vehicles|venules
production-1943-vol1-chapters	1031	12.8	proclams	any proclamation issued by the governor pur <<proclams>>	proclaims
production-1943-vol1-chapters	1032	45.1	watertor	or <<watertor>> along a boundary of the state and	waterton
production-1943-vol1-chapters	1033	19.7	amentled	the elections code relating to precinct boards <<amentled>>	amended
production-1943-vol1-chapters	1033	27.9	petrs	place and the voters appointed to serve <<petrs>>	pears|peers|pers|peters|petes|petr
production-1943-vol1-chapters	1034	42.0	mspector	<<mspector>> intention to faithfully discharge the duties of	spector
production-1943-vol1-chapters	1037	1.9	mensea	to add section to the insurance code <<mensea>>	mensa|mense|mensen|menser|menses|mersea
production-1943-vol1-chapters	1039	35.8	bmended	code relating to commitments to the youth <<bmended>>	amended|bended|blended|emended|mended
production-1943-vol1-chapters	1039	42.8	prerequsite	certification to the governor as provided in <<prerequsite>>	prerequisite
production-1943-vol1-chapters	1040	42.0	cleemed	<<cleemed>> to fill the vacancy so as to	cleeked
production-1943-vol1-chapters	1042	4.6	isiaa	august approved by governor ap bt <<isiaa>> with secretary of state	isaia|isia|isiac|isiah|israa|siaa
production-1943-vol1-chapters	1042	10.0	ymuary	<<ymuary>> tary service and persons in the military	mary
production-1943-vol1-chapters	1042	15.0	sucurge	<<sucurge>> cmters the military service of the united	secure
production-1943-vol1-chapters	1042	15.1	cmters	sucurge <<cmters>> the military service of the united states	caters
production-1943-vol1-chapters	1042	40.0	pioutstand	<<pioutstand>> be permitted to collect all outstanding loans	outstand
production-1943-vol1-chapters	1043	0.11	rétat	section to the fish and game code <<rétat>> stats	rata|état
production-1943-vol1-chapters	1043	2.3	avorn	approved by governor <<avorn>> ot with secretary of stu in eect	aborn|acorn|adorn|akorn|avon|avor
production-1943-vol1-chapters	1044	14.0	peution	<<peution>> aries of any proration zone filed by	petion|section
production-1943-vol1-chapters	1044	31.0	modfed	<<modfed>> modification of the boundaries of the zone	modded|moded|modred
production-1943-vol1-chapters	1044	45.0	proaeers	<<proaeers>> number of producing factors in the zone	proceeds
production-1943-vol1-chapters	1046	24.0	rommitee	<<rommitee>> minimizing the effect of surpluses or other	commitee|committee
production-1943-vol1-chapters	1051	9.10	fcates	to section shall be due and payable <<fcates>>	cates|fates|frates|scates
production-1943-vol1-chapters	1051	35.9	penndie	the event any marketing program in active <<penndie>>	pennie
production-1943-vol1-chapters	1053	5.9	uenirl	governor april filed with secretary of state <<uenirl>>	denial
production-1943-vol1-chapters	1054	30.9	coassured	is attached or the licensee is a <<coassured>>	assured
production-1943-vol1-chapters	1055	40.9	fontiacts	broker or broker may contract for collect <<fontiacts>>	contracts
production-1943-vol1-chapters	1059	7.7	disiret	district the following shall constitute fish and <<disiret>>	discret
production-1943-vol1-chapters	1063	3.0	geney	<<geney>> vehicles that such rules require additional demands	deney|eney|ganey|gedney|gene|genea
production-1943-vol1-chapters	1066	10.0	nudire	<<nudire>> written request therefor from the county clerk	nudie
production-1943-vol1-chapters	1066	20.1	ginet	boundaries <<ginet>> boundaries it shall by order change the	binet|dinet|finet|genet|gilet|gine
production-1943-vol1-chapters	1067	10.11	urseury	hereby declared to be an urgency meas <<urseury>>	nursery
production-1943-vol1-chapters	1067	28.9	prenied	to the safekeeping and examination of per <<prenied>>	preneed
production-1943-vol1-chapters	1067	36.11	brirror	of a judge of the superior court <<brirror>>	mirror
