production-1869-70	300	32.7	docem	nected with said library as they may <<docem>> necessary and	decem|doce|docum|vocem
production-1869-70	301	17.9	suaffi	rooms convenient and accessible tu the courts <<suaffi>>	saffi|staff|suffi
production-1869-70	301	28.0	rightem	<<rightem>> bc until the acceptance of this act	righted|righten|righter
production-1869-70	301	29.0	untifact	<<untifact>> cisco law library the rights of said	artifact
production-1869-70	301	49.1	necept	to <<necept>> the provisions of this act the same	recept
production-1869-70	302	37.10	appiicane	of an act in reference to library <<appiicane>>	applicant
production-1869-70	303	47.0	ojlars	<<ojlars>>	dollars
production-1869-70	304	7.0	dollara	<<dollara>>	dallara|dollar|dollard|dollars|pollara
production-1869-70	304	14.4	folluice	assembly do enact as <<folluice>>	ollice
production-1869-70	304	27.2	miuine	sec the <<miuine>> board hereby constituted shall organize organize	mimine
production-1869-70	305	0.9	suuors	applying for a license to keep o <<suuors>> hotel or boarding	jurors|sudors
production-1869-70	305	30.0	smigee	<<smigee>> every agent runner or employ of such	smigel
production-1869-70	306	19.9	dotet	licensed boarding house or hotel keeper shall <<dotet>> kee	doet|donet|dote|doted|dotel|doten
production-1869-70	306	52.9	viemion	any shipping master or other person licensed <<viemion>>	vision
production-1869-70	307	7.10	souman	at tho time of shipment of any <<souman>> or other	bouman|nouman|rouman|shuman|sluman|socman
production-1869-70	307	20.0	dererters	<<dererters>> sec jf any seaman alter shipping for	deserters
production-1869-70	307	47.0	recily	<<recily>> receive any gratuity or reward other than	cecily|racily|reily
production-1869-70	308	11.14	tenem	of the city and county of int <<tenem>>	enem|menem|teem|telem|tene|tenee
production-1869-70	308	20.8	provim	provide that all such parties holding unexpired <<provim>>	provi|provia|provid|provide|provin|provis
production-1869-70	308	25.0	inble	<<inble>> to revocation as herein provided	ible|inbe|inbee|ingle|inkle|inle
production-1869-70	308	43.11	ourporate	of suid town shall be as follows <<ourporate>>	corporate
production-1869-70	310	12.7	macalam	street said railroad company shall have planked <<macalam>>	macadam
production-1869-70	311	14.0	cilapter	<<cilapter>> clxxviti	chapter
production-1869-70	311	21.1	srorion	artin <<srorion>> he proposal of the vallejo city water	erosion
production-1869-70	312	7.0	srerion	<<srerion>> fees and salaries shall be allowed to	region
production-1869-70	312	41.4	filleen	for filing cach paper <<filleen>> cents	killeen
production-1869-70	314	6.2	lictters	for issuing <<lictters>> testamentary or of administration or of oterk	litters
production-1869-70	314	7.0	dianship	<<dianship>> fifty cents bate con	deanship|kinship
production-1869-70	314	37.3	reconler	folio twenty cents <<reconler>>	recoiler|reconfer
production-1869-70	316	19.9	ingnest	writ of possession or restitution to bold <<ingnest>>	inanest|ingest|innest
production-1869-70	317	34.5	vilicio	age allowed him as ex <<vilicio>> tnx collector for collecting property	vinicio
production-1869-70	318	0.0	mocline	<<mocline>> burn ncchsses	moline
production-1869-70	319	8.0	reawarer	<<reawarer>> ee bal	reaware|seawater
production-1869-70	319	36.3	vuflice	his successors in <<vuflice>> shall not be ex officio collector ot	suffice
production-1869-70	320	23.4	hftecn	in cases of misdemeanor <<hftecn>> dollars	often
production-1869-70	321	21.2	ingnest	which an <<ingnest>> has been held two dollars	inanest|ingest|innest
production-1869-70	322	15.2	subpeens	for issuing <<subpeens>> twenty five cents	subteens
production-1869-70	323	24.0	tarors	<<tarors>> sze in the county of siskiyou grand	tabors|taros|tarots
production-1869-70	323	49.5	siskivou	spo lyn the county ofl <<siskivou>> court commissioners shall	siskiyou
production-1869-70	325	24.1	nneted	ke <<nneted>> bec sections thirty four thirty five thirty	nineted
production-1869-70	325	25.8	turty	thirty eight thirty nino forty forty one <<turty>> two forty	burty|durty|hurty|murty|purty|tarty
production-1869-70	326	29.10	governmer	of said city shall be vested in <<governmer>>	governer|governme|governmen
production-1869-70	327	10.1	thogo	attend <<thogo>> attending with the electors assembled shall fill	shogo|thog|thogh|thoko|thoo|thoro
production-1869-70	327	22.8	inect	sec the mayor and common council shall <<inect>> within	inec|inept|inert|inet|inett|infect
production-1869-70	327	25.1	eynal	an <<eynal>> and highest number of votes the common	ernal|eyal|reynal
production-1869-70	327	26.2	cloction	decide the <<cloction>> by a plurality voto of their own	coction
production-1869-70	328	47.3	varrent	general fund for <<varrent>> expenses shall not exceed one half of	arrent|varient|varment|warrent
production-1869-70	330	47.0	venionce	<<venionce>> requires	venice
production-1869-70	331	0.0	renuwn	<<renuwn>> herein provided for to be done and	renown
production-1869-70	331	5.0	alrance	<<alrance>> wherein they shall state in what respect	aliance
production-1869-70	331	17.4	proofded	and it being further <<proofded>> that if at any time of the	proofed
production-1869-70	331	35.0	fobe	<<fobe>> tied each person s real estate if	afobe|bobe|cobe|dobe|fabe|fbe
production-1869-70	331	41.0	vpttion	<<vpttion>> tetion of such notice the common council	option
production-1869-70	331	42.0	ofwerk	<<ofwerk>> ordinance or resolution at what time said	ofwork
production-1869-70	332	29.9	facrane	any portions thereof becomes in condition be <<facrane>>	crane
production-1869-70	333	28.0	dearil	<<dearil>> of sec the common council or a	dearie|deasil|derail
production-1869-70	334	33.5	donnto	said owners shall fail to <<donnto>> said lands for such purposes failure to	donato|donno|donnot|downto
production-1869-70	334	52.9	boroin	appear and be heard before the commissioners <<boroin>>	bordin|borgin|borin|borlin|borodin|boron
production-1869-70	335	0.0	vewngor	<<vewngor>> src the said court or judge thereof	vendor
production-1869-70	335	6.0	veition	<<veition>> occupants of said tract or tracts of	vection|vention
production-1869-70	335	12.5	oanse	petition said city attorney shall <<oanse>> a notice stating the	anse|banse|danse|hanse|janse|lanse
production-1869-70	335	53.0	inities	<<inities>> of szc the said commissioners shall proceed	initis|unities
production-1869-70	337	47.0	minutesof	<<minutesof>> seo the minutes of the proceedings had	minutes
production-1869-70	337	48.1	todvo	proverdug <<todvo>> shall be entered by and clerk in	todo|toivo
production-1869-70	337	51.0	powersand	<<powersand>> sec the executive power of the corporation	powerband
production-1869-70	339	12.9	dnrties	the city marshal shall also perform the <<dnrties>> of	dirties
production-1869-70	339	15.11	heroaf	as are now in force or may <<heroaf>>	hereof
production-1869-70	339	45.9	eqnalization	the hands of the common council tor <<eqnalization>>	equalization
production-1869-70	340	24.9	datics	the clerk and shall perform such other <<datics>>	datis|latics|matics
production-1869-70	340	32.10	ofom	officers whether olectod by the people oath <<ofom>>	fom|foom|odom|ofcom|ofdm|ofm
production-1869-70	341	32.0	lucumbents	<<lucumbents>> seo the present officers of the town	incumbents
production-1869-70	341	41.10	sball	before the successor of the present iuenmbents <<sball>>	ball|bball|iball|sall|scall|shall
production-1869-70	341	47.0	vrorent	<<vrorent>> seo the present board of trustees of	violent
production-1869-70	342	4.2	borein	qualified as <<borein>> provided and he together with the other	bordin|borean|boreen|borei|boren|borgin
production-1869-70	343	2.10	cbnse	or bounds or other dogs to bunt <<cbnse>>	cbse|cense|conse
production-1869-70	343	7.5	offoct	sec this act shall tako <<offoct>> from and after its passage	offact
production-1869-70	343	33.2	srorron	office for <<srorron>> it shall bo tho duty of tho	sorrow
production-1869-70	345	38.0	anvunt	<<anvunt>> ia county treasurer of said county for	amount
production-1869-70	346	40.1	proefed	county <<proefed>> that if the demand be for the	proofed
production-1869-70	347	24.0	colluter	<<colluter>> of section the sheriffs of the counties	colleter|colluder|polluter
production-1869-70	347	28.0	ponety	<<ponety>> santa cruz shall bo ex officio collector	poneto|poney|ponty
production-1869-70	348	30.10	suert	dollars per annum and in addition thereto <<suert>>	sert|stert|suent|suer|suero|suerte
production-1869-70	348	43.9	poscn	the collection of taxes for school pan <<poscn>> the	posca|posch|posco|posen|posin
production-1869-70	349	23.0	trasorer	<<trasorer>> thousand dollars per annum and shall also	treasurer
production-1869-70	349	28.0	aseeswor	<<aseeswor>> tion not exceeding six dollars per diem	assessor
production-1869-70	349	41.0	yolge	<<yolge>> hundred dollars per annam	folge|molge|yonge
production-1869-70	350	20.9	mymt	in sierra county at the general election <<mymt>>	mgmt|mmt|mvmt|myat|mym|mynt
production-1869-70	350	21.11	aimiuts	duy of september eighteen hundred and sixty <<aimiuts>>	limits
production-1869-70	351	30.0	sewanty	<<sewanty>> addition to the several fund accounts of	seventy
production-1869-70	352	12.10	datics	by law applicable to their several official <<datics>>	datis|latics|matics
production-1869-70	352	13.10	sauriest	provided in this act for the sheriff <<sauriest>>	sauciest|sauries
production-1869-70	352	14.8	etnly	clerk county treasurer county judge district ve <<etnly>>	only
production-1869-70	352	35.11	iyners	any fees commissions or percentage for off <<iyners>>	inners|myners|owners
production-1869-70	354	2.9	cvorces	amend an act entitled an act concerning <<cvorces>> parsed	forces
production-1869-70	354	9.10	pivorve	bed and board or from the bonds <<pivorve>>	divorce
production-1869-70	354	11.2	impotonce	first for <<impotonce>> existing at the time of marriage linpotenee	impotence
production-1869-70	354	12.11	vaning	at the timo of the alleged marriage <<vaning>>	aning|caning|haning|laning|maning|vanina
production-1869-70	354	18.12	adutrery	adultery by cither of the parties buat <<adutrery>>	adultery
production-1869-70	354	25.9	kxtrem	extreme cruelty in cither party by inflicting <<kxtrem>>	extrem|extreme
production-1869-70	356	21.6	bandred	session in may one thousand eight <<bandred>> and seventy and	banded|bandied
production-1869-70	356	29.2	acurned	may have <<acurned>> prior to the first day of july	acorned
production-1869-70	357	2.1	rererl	keep <<rererl>> to keep wu correct record of all	rereel
production-1869-70	357	11.0	htowting	<<htowting>> in seo tho fand by this act	towing
production-1869-70	357	43.5	daylor	above the house of william <<daylor>> thence due south to dry	aylor|baylor|caylor|daylon|faylor|gaylor
production-1869-70	358	1.0	umoe	<<umoe>> river to its junction with the west	moe|ume|umme|umo
production-1869-70	358	28.13	permnd	case a delivery cannot be had and <<permnd>>	permed
production-1869-70	359	12.4	follra	assembly do enact ax <<follra>>	folla
production-1869-70	360	32.11	redemptis	the issuance of said bonds if there <<redemptis>>	redemption
production-1869-70	361	6.0	romty	<<romty>> are to hear interest thon the part	romay|romey|rommy|rompy|romy|rooty
production-1869-70	361	32.0	wnler	<<wnler>> have tho cans in which the milk	inler|waler|wnle|wyler
production-1869-70	362	7.1	cncvi	ctiiapter <<cncvi>>	cxcvi
production-1869-70	362	13.1	thesum	section <<thesum>> ol thirty one thousand dollars is hereby	theasum|theseum|thesium|thesun
production-1869-70	362	38.0	thited	<<thited>> states deputy survivor general for the state	thisted|whited
production-1869-70	363	37.9	compensu	employ an attorney and contract fur bis <<compensu>>	compens|compense
production-1869-70	363	49.0	aurela	<<aurela>> marshal two policemen for the first ward	area|aurea|aurel|aurelia|aureola
production-1869-70	364	6.5	clocted	seo an axgsesdor shall bo <<clocted>> for said city of san anu	clocked|clotted|clouted
production-1869-70	364	9.3	clocted	his sneversor is <<clocted>> and qualified whose duty it shall bo	clocked|clotted|clouted
production-1869-70	364	42.5	gussion	sonate and agaewbly being in <<gussion>> it hus bocums u law thia thirteenth	jussion
production-1869-70	364	42.8	bocums	and agaewbly being in gussion it hus <<bocums>> u law thia thirteenth day of	locums
production-1869-70	365	21.11	radroud	an act to provide jor a street <<radroud>> within the	radboud
production-1869-70	365	24.1	amendal	hereby <<amendal>> having been approved march thirtieth eighteen	amental|arendal
production-1869-70	365	32.0	extental	<<extental>> assignee of issue rowell j w road	ectental|extent
production-1869-70	365	44.0	atrect	<<atrect>> and from the intersection of chestnut and	arrect
production-1869-70	366	25.4	folloice	alesenthly jo cnac as <<folloice>>	ollice
production-1869-70	368	1.0	shoep	<<shoep>>	sheep|shep|shlep|shoe|shoed|shoei
production-1869-70	368	4.12	unocen	shall be so construed as to on <<unocen>>	uneven|unopen
production-1869-70	368	15.0	altios	<<altios>> of section two of tho original act	alios|altis|altius|altos|latios
production-1869-70	368	21.0	citapter	<<citapter>> ccill	chapter
production-1869-70	369	28.0	cpproted	<<cpproted>> aged eighteenth eighteen hundred and fifty nine	approved
production-1869-70	371	1.1	coviti	chapter <<coviti>>	covici|covite
production-1869-70	372	20.6	putrich	an act for the relief of <<putrich>> creiyhion james brennan and	petrich
production-1869-70	373	33.3	pasecd	after reconsideration having <<pasecd>> both houses by the constitutional majority it	pased
production-1869-70	375	22.0	premeers	<<premeers>> actually and necessarily employed in working on	premiers
production-1869-70	376	22.10	putics	overseers of the several road districts in <<putics>> of	putins
production-1869-70	376	34.12	nstert	in this act shall bo deemed guilty <<nstert>>	stert
production-1869-70	377	20.5	anditer	said board shall direct the <<anditer>> to draw his warrant on the	inditer
production-1869-70	377	27.0	pplicatle	<<pplicatle>> ve of an act entitled an act	applicable
production-1869-70	378	23.1	cuxili	chapter <<cuxili>>	chili
production-1869-70	378	29.10	ghert	of tho county of monterey and bis <<ghert>> uw	chert|geert|gert|gheit|ghent|gher
production-1869-70	379	1.0	cilapter	<<cilapter>> ccxiv	chapter
production-1869-70	379	14.0	mceda	<<mceda>> stanislaus merced fresno san joaquin and yolo	ceda|maceda|maeda|mcda|meda|uceda
production-1869-70	379	25.1	guphers	mul <<guphers>> oy persons in his or their employ	gophers|gushers
production-1869-70	379	44.0	ulnine	<<ulnine>> sec on presentation by the lawful holder	uline|unline
production-1869-70	379	51.0	anpon	<<anpon>> other fonda of the county and shall	ampon|ancon|andon|anion|annon|anon
production-1869-70	380	9.9	poaco	the same to ench justice of the <<poaco>> within tho mite	paco|poach|poco|polaco|porco|posco
production-1869-70	380	30.1	coxvl	chapter <<coxvl>>	coxal
production-1869-70	381	13.0	prorty	<<prorty>> pid under this act until all property	porty|prouty|rorty
production-1869-70	382	37.11	relemptlon	tho bonds issued under this act thoro <<relemptlon>>	redemption
production-1869-70	383	6.8	thercot	misdemeanor and the porson or persons convicted <<thercot>>	theriot
production-1869-70	383	14.1	tsaue	tv <<tsaue>> a certain bund	saue|tsue
production-1869-70	384	15.13	parble	on the first day of august bev <<parble>>	garble|jarble|marble|pabble|pable|parable
production-1869-70	384	36.2	aicth	march treoenty <<aicth>> eighteen hundred and sixty eight	acth|aich|aicte|airth|aitch|aith
production-1869-70	385	26.8	sccuritios	insurance commissioner of this state the requisite <<sccuritios>>	securities
production-1869-70	385	42.7	cuuscd	this state and said company shall bave <<cuuscd>> all its unexpired	caused
production-1869-70	386	21.0	gronter	<<gronter>> license fees charges impositions taxes deposit of	fronter|granter|grinter|groner|grouter|grunter
production-1869-70	386	22.0	secnritios	<<secnritios>> statements publications or certificates of authority	securities
production-1869-70	386	23.4	gronter	or shall inflict any <<gronter>> fines or penalties upon such com	fronter|granter|grinter|groner|grouter|grunter
production-1869-70	387	36.6	regniur	and may be levied ut any <<regniur>> or special meeting of said	regnier
production-1869-70	388	3.0	certale	<<certale>> caser	cereale|certain
production-1869-70	388	7.10	appotut	of the county courts of the coun <<appotut>>	appoint
production-1869-70	388	24.0	armuul	<<armuul>> the waters of lake merritt or peralta	armful|harmful
production-1869-70	391	34.0	cuscr	<<cuscr>>	cusco
production-1869-70	391	38.0	cnetedy	<<cnetedy>> of section the husband and father us	needy
production-1869-70	391	41.6	reparato	while such husband and wife live <<reparato>> and apart from	reparate
production-1869-70	392	12.8	roard	the governor shall appoint seven physicians grate <<roard>>	board|coard|foard|goard|hoard|road
production-1869-70	392	35.10	invexti	legislature inake a report of their doings <<invexti>>	invest|investi
production-1869-70	394	11.3	offoct	this act takes <<offoct>> tu bring or land from any ship	offact
production-1869-70	394	15.0	progonting	<<progonting>> to tho commiaszionor of immigration evidence suits	promoting
production-1869-70	394	28.7	heroinbofore	seo every individual person of the class <<heroinbofore>>	hereinbefore
production-1869-70	395	14.0	proamblo	<<proamblo>> witerkas criminals and malefactors ure being constantly	preamble
production-1869-70	395	16.0	ontai	<<ontai>> burdensome expense upon the administration of	contai|onta|ontal|ontap|ontari|onti
production-1869-70	395	24.1	szorron	mongutinn <<szorron>> t shall not be lawful from and	sorrow
production-1869-70	395	25.0	mamgration	<<mamgration>> when this act takes offoct to bring	migration
production-1869-70	395	25.5	offoct	mamgration when this act takes <<offoct>> to bring or to land from any	offact
production-1869-70	396	8.0	roventy	<<roventy>>	seventy
production-1869-70	397	22.2	arrcants	clerks and <<arrcants>> orphan and half orphan children under their	arrants
production-1869-70	397	23.5	toenly	care and tuition approved february <<toenly>> second eighteen hundred	townly
production-1869-70	398	11.0	cilapter	<<cilapter>> coxxxv	chapter
production-1869-70	398	32.10	nesorved	but every auch bond shall also contain <<nesorved>>	resolved
production-1869-70	399	0.1	bflicient	redemption <<bflicient>> pay such interest and at the time	efficient
production-1869-70	399	4.0	jevying	<<jevying>> raid taxes in the year eighteen hundred	levying
production-1869-70	399	51.2	furas	exclusively xo <<furas>> necessary to building or repairing a county	auras|buras|duras|faras|feras|firas
production-1869-70	400	22.2	ennet	assembly do <<ennet>> us follows	annet|bennet|dennet|enet|enne|ennen
production-1869-70	400	24.5	aiund	and required to set apart <<aiund>> to be known as the special	akund|amund|aound
production-1869-70	400	29.5	jovicd	authorized by law to be <<jovicd>> upon the real and personal prop	jovic|novice
production-1869-70	400	37.9	notil	bo made out of zaid general fund <<notil>> said sixty	noil|notal|noti|notic|notif|notin
production-1869-70	400	40.10	appies	fund hereby created shall be applied mow <<appies>>	appie|appius|apples|applies|aspies|happies
production-1869-70	401	16.1	retorl	keep <<retorl>> fund shall be kept by said treasurer	retool|retort
production-1869-70	402	13.11	ninsing	shall be bound ont under the pro <<ninsing>>	rinsing
production-1869-70	402	28.0	stxly	<<stxly>> three	sexly
production-1869-70	402	35.0	radod	<<radod>> planked or paved as provided in the	radd|rado|radom|radon|rados|radov
production-1869-70	403	0.5	kooping	by the street commissioner in <<kooping>> streets clean and in	booping|cooping|hooping|kooning|looping|pooping
production-1869-70	403	4.0	truatecs	<<truatecs>> new planking or pavement is required on	trustees
production-1869-70	403	10.0	compenm	<<compenm>> time after tho first dny of april	company|compend|compens
production-1869-70	404	23.0	straed	<<straed>> so as to deprive the roadmaster elect	stared|strad|strade|strae|strafed|strahd
production-1869-70	404	27.13	recetp	road poll tax the road poll tax <<recetp>>	recep|recept
production-1869-70	405	15.0	tracurer	<<tracurer>> ch road district tho amount of money	treasurer
production-1869-70	406	6.6	ninc	sec sections elevon thirteen sixteen cightocn <<ninc>> ropeniea	cinc|inc|linc|minc|nanc|ncnc
production-1869-70	407	1.1	coxli	chapter <<coxli>>	coeli|coli|colli
production-1869-70	407	17.4	solloice	assembly do enact as <<solloice>>	ollice
production-1869-70	407	18.1	srorion	warrants <<srorion>> all warrants drawn upon the county treasurer	erosion
production-1869-70	407	28.5	issacd	to whom cach warrant waa <<issacd>>	issac|issacs|issued
production-1869-70	407	33.4	pituta	an act to establish <<pituta>> and pilot requlationa for the ports of	pitta
production-1869-70	407	34.2	isluad	francisco mure <<isluad>> vallejo and benicia	issued
production-1869-70	407	38.2	srorron	pitot com <<srorron>> tt shall be the duty of the	sorrow
production-1869-70	408	0.0	pelent	<<pelent>> shipmastors or nautical men who shall bo	celent|pelant|pelet|perent|plent|relent
production-1869-70	409	2.1	kleam	to <<kleam>> tug pilot boats capable of towing and	cleam|fleam|gleam|keam|klam|klea
production-1869-70	409	8.0	qnalifiea	<<qnalifiea>> src no person shall be appointed a	qualified
production-1869-70	410	30.2	bureby	cisco is <<bureby>> unthorizod and empowered to arrest ivory por	burey
production-1869-70	410	39.13	pilutage	moneys received by him or by any <<pilutage>>	pilotage
production-1869-70	410	44.9	gonry	board shall havo power summarily to suspend <<gonry>> mn	conry|gondry|gony|gorry|gory|onry
production-1869-70	410	53.11	cuaves	be deprived of his license before the <<cuaves>>	caves|chaves|claves|craves|curves
production-1869-70	411	13.0	steth	<<steth>> for habitual or occasional intoxication whether the	seeth|seth|sheth|smeth|speth|stech
production-1869-70	411	38.11	revoca	the decisions of the bourd touching the <<revoca>>	revoke
production-1869-70	412	29.4	charso	ease be allowed to <<charso>> for pilotage or towage unless the ser	carso|charco|charlo|charo|charro|chars
production-1869-70	412	38.9	liavie	vessels their tackle apparel and furniture and <<liavie>> tor	lavie|livie|livvie
production-1869-70	412	42.10	licenw	boarding ao vessel shall at tho request <<licenw>> ts	licen|licens
production-1869-70	412	54.5	jslund	ports of san francisco mare <<jslund>> and benicia y approved	aslund
production-1869-70	413	33.0	rayatle	<<rayatle>> bo payable from the first day of	payable
production-1869-70	414	29.10	erdate	sales shall be finally confirmed the said <<erdate>>	erate|redate
production-1869-70	414	30.11	gneve	an account of all debts against suid <<gneve>>	geneve|greve|neve
production-1869-70	415	3.0	chapler	<<chapler>> ccxlvii	chanler|chaper|chaples|chaplet|chapper|chapter
production-1869-70	417	4.10	jiands	be referred to the committee on outside <<jiands>> tho	viands
production-1869-70	418	23.8	convoyanee	a conveyance executed and delivered in pursuance <<convoyanee>>	conveyance
production-1869-70	419	20.9	eotireties	delineated by metes and hounds and as <<eotireties>> upon	entireties
production-1869-70	419	42.0	munent	<<munent>> shares the tax collector is hereby authorized	manent|monent|munene
production-1869-70	420	53.1	appraisoments	particular <<appraisoments>> said tax collector shall not be obliged	appraisements
production-1869-70	421	44.0	tremurer	<<tremurer>> ty sec the treasurer of alpine county	treasurer
production-1869-70	424	12.6	moncys	said county treasurer to keep theo <<moncys>> xo collected in coach	moncks|moneys|montys
production-1869-70	425	16.0	srorron	<<srorron>> section five of said act is hereby	sorrow
production-1869-70	426	14.10	vaiture	notified as in this act provided failing <<vaiture>> to	voiture
production-1869-70	426	37.6	sutfor	the damages that any oue will <<sutfor>> by reason of the proposed	sutor|suttor
production-1869-70	427	32.0	jnoperative	<<jnoperative>> sec all acts and parts of acts	inoperative|unoperative
production-1869-70	428	50.9	yupey	that portion of the moneys hereafter belonging <<yupey>>	super|yuppy
production-1869-70	428	51.13	reculved	and arising from tho salo of licenses <<reculved>>	reculver|recurved
production-1869-70	429	2.1	cclyi	chapter <<cclyi>>	cali
production-1869-70	431	11.0	cunvese	<<cunvese>> ment shall bo canvassed in the same	convene
production-1869-70	431	45.0	weelvt	<<weelvt>> receive and receipt for all moneys paid	weet
production-1869-70	433	6.1	gunet	rly <<gunet>> srotron the city council of the city	genet|gulet|gunes|guney|gunst|gunt
production-1869-70	433	15.0	benomins	<<benomins>> src said bonds shall be in sums	becoming
production-1869-70	433	16.7	bandred	hon hundred dollars nor more than tive <<bandred>> dollars aud shall	banded|bandied
production-1869-70	433	39.0	proceode	<<proceode>> sxe the proceeds of tho sale of	procede
production-1869-70	434	12.10	rotemption	council may at their discretion in cach <<rotemption>>	redemption
production-1869-70	435	7.0	inened	<<inened>> ing the claims against the city of	ineed
production-1869-70	435	22.0	denominn	<<denominn>> seo the denomination of tho bonds herein	denoting
production-1869-70	435	34.0	cuimante	<<cuimante>> ske all persons having any claim against	climate
production-1869-70	436	54.13	binkiec	same falls due out of the wt <<binkiec>>	binkie|binkies
production-1869-70	437	29.0	suprview	<<suprview>> section the county of san diego shall	purview
production-1869-70	437	32.0	cinets	<<cinets>> of san luis rey temacula san jacinto	cines|civets
production-1869-70	438	3.4	cloction	sec at the general <<cloction>> for county officers for the general	coction
production-1869-70	438	25.8	disere	are hereby authorized and empowered in their <<disere>>	desere|diseme|isere|lisere|misere
production-1869-70	440	35.10	paymovt	of supervisors of the county of santa <<paymovt>>	payment
production-1869-70	441	1.11	depntion	for tho salary of ono of his <<depntion>>	dention
production-1869-70	443	24.13	mqualiza	they will meet as a board of <<mqualiza>>	equalize
production-1869-70	443	26.0	fquilization	<<fquilization>> sro for the purposes of equalizing the	equalization
production-1869-70	444	2.11	clork	repeal certain other acts in relation thereto <<clork>>	clark|clerk|cloak|clock|clonk|clor
production-1869-70	444	25.11	furnor	the same fees and compensation as are <<furnor>>	furner|furno|furor|juror|turnor
production-1869-70	445	3.6	bandred	his services the sum of one <<bandred>> and fifty dollars per month	banded|bandied
production-1869-70	445	23.0	citapter	<<citapter>> cclxxiv	chapter
production-1869-70	446	0.1	cclaxy	cilapther <<cclaxy>>	clay
production-1869-70	446	33.7	geologien	proceed and with allreasonable diligence complete the <<geologien>>	geologian|geologie|geologies
production-1869-70	447	35.1	windinss	hoso <<windinss>> derrick cars pumps tools implements and	findings|windiness|windings
production-1869-70	447	45.4	pedlor	cartman drayman trackman huckster <<pedlor>> hackman team	pedlar|pedler|pelor
production-1869-70	450	23.4	doneand	assessments therefor shall be <<doneand>> performed in all respects	donald
production-1869-70	450	34.0	szorion	<<szorion>> the treasurer of lassen county is hereby	xzorion
production-1869-70	450	47.11	nagsare	be in force from and after its <<nagsare>>	nagare
production-1869-70	451	23.0	fancation	<<fancation>> shall consist of a city superintendent of	falcation
production-1869-70	452	3.5	mombor	secretary who may be a <<mombor>> of the board the said secretary	mombo
production-1869-70	453	41.0	aduutter	<<aduutter>> sue the city superintendent of public schools	adjuster
production-1869-70	453	47.0	propomx	<<propomx>> bility to mechanics or laborers for expenditures	propose
production-1869-70	453	54.9	adeo	contract to the lowest bidder therefor offering <<adeo>>	adao|adco|addo|ade|adea|adec
production-1869-70	454	19.0	bsxo	<<bsxo>> it shall be the duty of the	bso|bsx
production-1869-70	456	14.10	cortif	the city of vallejo aro entitled tho <<cortif>>	certif|certify|corti|cortin
production-1869-70	457	14.0	wraca	<<wraca>> by the first section of this act	araca|braca|graca|praca|raca|waca
production-1869-70	460	4.0	ciiapter	<<ciiapter>> ccxc	chapter
production-1869-70	461	0.1	ccachi	chapter <<ccachi>>	chachi|coach
production-1869-70	461	24.6	aptposes	fornia for state county or other <<aptposes>> for tho fiscal year	apposes|opposes
production-1869-70	461	28.9	indescrip	assossod and no want of description or <<indescrip>>	indescript
production-1869-70	462	14.0	srorion	<<srorion>> whenever the treasurer shall have advertised gorronter	erosion
production-1869-70	463	0.0	cilapter	<<cilapter>> ccxcy	chapter
production-1869-70	463	0.1	ccxcy	cilapter <<ccxcy>>	coxcy
production-1869-70	468	24.10	provieo	of medical students provided no such deceased <<provieo>>	provino|proviso
production-1869-70	469	9.0	trasteon	<<trasteon>> section the government of said city shall	traction
production-1869-70	469	26.3	harricot	moyeeli real section <<harricot>> wilkins administratrix of the state of	haricot|harriot
production-1869-70	470	0.8	ddeing	lhe said administratrix upon any such sale <<ddeing>> deed of con	dding|dieing|dyeing
production-1869-70	470	27.10	melized	assigned of the rights franchises and privi <<melized>>	relized
production-1869-70	470	29.7	atrect	entitled an act to provide for a <<atrect>> railroad within the city	arrect
production-1869-70	471	28.0	cadora	<<cadora>> and bell school districts in such amounts	adora|cador|cadore|cadorna|canora|zadora
production-1869-70	472	18.0	szorion	<<szorion>> all deeds of conveyance or grants of	xzorion
production-1869-70	473	0.1	ccocai	chapter <<ccocai>>	coca
production-1869-70	473	26.8	guadlasca	valley near the corner of callequas and <<guadlasca>> grants	guadalasca
production-1869-70	474	41.12	gocona	found upon a canvass of the votes <<gocona>>	cocona|goona|nocona|socona
production-1869-70	475	34.0	coaaty	<<coaaty>> cated under tho provisions of this act	coaty|conaty|county
production-1869-70	477	4.7	segune	said reserved lot of land to brant <<segune>> henry r crosby	secure|segue|segun
production-1869-70	477	30.0	cieapter	<<cieapter>> cccxv	chapter
production-1869-70	477	33.0	sifty	<<sifty>> cight	fifty|gifty|lifty|nifty|rifty|safty
production-1869-70	477	33.1	cight	sifty <<cight>>	aight|bight|dight|eight|fight|hight
production-1869-70	478	4.3	ubste	to prevent anu <<ubste>> nuisances to suppress vagrancy and to	waste
production-1869-70	478	13.0	ulleys	<<ulleys>> at the expense of said town and	alleys|gulleys|pulleys
production-1869-70	479	11.0	nveea	<<nveea>> hereby is granted to a p overton	need
production-1869-70	481	0.0	jovy	<<jovy>> tux on the taxable property of sald	covy|dovy|javy|jivy|joby|jody
production-1869-70	481	23.13	spapor	notice to be published in some hew <<spapor>>	paper|sapor
production-1869-70	481	46.0	sonl	<<sonl>> nitixed but in no event shall the	onl|snl|soal|sohl|soil|sol
production-1869-70	481	46.1	nitixed	sonl <<nitixed>> but in no event shall the county	noticed
production-1869-70	482	4.10	dudleston	and allow the claim of joseph j <<dudleston>>	hudleston
production-1869-70	482	14.0	veods	<<veods>> of said tax shall be apportioned to	velds|vends|vods
production-1869-70	482	24.0	cilapter	<<cilapter>> cccxxil	chapter
production-1869-70	483	4.2	novor	ber shall <<novor>> exceed twenty four at any ono time	navor|noor|novar|nover|novo|novoa
production-1869-70	485	17.2	oventy	dred and <<oventy>> said tax shall be levied by said	ovenly
production-1869-70	485	52.8	pagsice	this act seal take effect op its <<pagsice>>	passive
production-1869-70	486	9.9	settiemen	treasurers of the respective counties shall at <<settiemen>>	settlement
production-1869-70	486	11.0	eysin	<<eysin>> their hands whenever required to do by	basin|elsin|eosin|ersin|esin|gysin
production-1869-70	486	14.0	whonever	<<whonever>> thoy deem it proper the treasurers of	whenever|whoever|whomever|whosever
production-1869-70	486	38.11	aniter	of state a report from the county <<aniter>>	anier|aniler|anite|anither|anixter|anter
production-1869-70	487	38.11	suporintend	shall be the duty of the directors <<suporintend>>	superintend
production-1869-70	488	40.2	cnuct	assembly do <<cnuct>> as follows	cnut
production-1869-70	489	14.0	bireet	<<bireet>> gua are hereby appointed to constitute a	birket
production-1869-70	490	7.9	bvie	and clearing of channels and other neces <<bvie>>	avie|baie|bie|boie|bovie|brie
production-1869-70	490	11.9	piarict	consisting of the levee district viz commencing <<piarict>>	piarist
production-1869-70	490	19.9	carothors	thence along the east line of said <<carothors>>	carothers
production-1869-70	490	49.9	rxponse	allowance for assessing and collecting the taxes <<rxponse>> of	reponse
production-1869-70	490	50.12	secwinu	not exceed the sum of fifty dollars <<secwinu>>	sewing
production-1869-70	491	5.5	unlawfally	euto any person who muy <<unlawfally>> injure any embankment	unlawfully
production-1869-70	491	9.0	iewaie	<<iewaie>> act shall have power to determine the	sewage
production-1869-70	491	15.0	ovnts	<<ovnts>> established or adopted plan of street improvements	cents
production-1869-70	491	28.0	ciiapter	<<ciiapter>> ccucxxix	chapter
production-1869-70	491	34.0	dopary	<<dopary>> section the surveyor general of the state	donary
production-1869-70	492	13.10	unici	office of marin county and the surveys <<unici>>	nici|unci|unic|unica|unice|unick
production-1869-70	493	18.0	veverty	<<veverty>> within thirty days after the passage of	severty
production-1869-70	493	31.0	transerof	<<transerof>> provided by law provided that the board	transferor
production-1869-70	494	25.9	renatty	public highways and any person obstructing injur <<renatty>>	penalty
production-1869-70	494	35.11	preentatio	regular meeting of the board of trus <<preentatio>>	presentation
production-1869-70	494	41.12	incainates	date of said notice and any claim <<incainates>>	incarnates
production-1869-70	495	8.0	actcom	<<actcom>> elective officers of the town or city	accom|action
production-1869-70	495	33.0	compenm	<<compenm>> visions of this act and provided that	company|compend|compens
production-1869-70	496	19.7	unbonided	redemption fund for the payment of said <<unbonided>> indebted	unbonded
production-1869-70	497	16.0	stapeted	<<stapeted>> e hundred and seventy one and on	stated
production-1869-70	497	22.10	outstund	more than sufficient to pay the warrants <<outstund>>	outsound|outstand|outstunt
production-1869-70	497	31.0	seoounts	<<seoounts>> under the heads of redemption fund salary	recounts
production-1869-70	497	43.9	thercat	fund shall be abolished and the taxes <<thercat>>	thereat
production-1869-70	498	32.0	plianco	<<plianco>> with any of the conditions of this	pliancy|polanco
production-1869-70	498	41.5	ieyal	during the course of any <<ieyal>> or judicial proceedings shall be skinned	eyal
production-1869-70	498	42.11	derty	which has been designated a herein paper <<derty>>	berty|certy|darty|deity|denty|deray
production-1869-70	500	20.3	pupor	for filing cach <<pupor>> twenty five cents	pupo|upor
production-1869-70	500	48.3	optering	other cases of <<optering>> judgment	ottering
production-1869-70	501	6.0	gomuty	<<gomuty>> filing all the papers sent on appeal	gomuti|gouty
production-1869-70	502	25.10	ovanty	assessor shall be allowed by the board <<ovanty>>	ovant
production-1869-70	502	27.6	hesball	to exceed five dollars per day <<hesball>> keep a correct account	heswall
production-1869-70	505	23.0	benovalor	<<benovalor>> sec upon canvassing the votes of said	renovator
production-1869-70	506	20.8	muacad	grado planked or replanked paved or repaved <<muacad>>	muscat
production-1869-70	507	44.7	bisown	contract may sue on such bond in <<bisown>> name it shall be	bison|disown
production-1869-70	508	1.1	maleing	person <<maleing>> such payment and shall also give a	makeing|maling|malling|malting
production-1869-70	509	1.2	mannoras	in such <<mannoras>> to them shall seem jast and require	manners
production-1869-70	509	40.8	favic	demand and non payment shal be prima <<favic>> evidence of	avic|favia|favio|flavic|lavic|mavic
production-1869-70	511	4.0	prewable	<<prewable>> whereas the treasurer of the city of	predable
production-1869-70	511	22.0	therctore	<<therctore>>	therefore
production-1869-70	511	36.0	neoner	<<neoner>> of josé are hereby authorized and empowered	neener|neuner|nooner
production-1869-70	512	18.10	gerviers	of said city for the services rendered <<gerviers>>	servers|verviers
production-1869-70	513	6.0	agrooment	<<agrooment>> they shal he en powered to call	agreement
production-1869-70	513	17.0	lenyo	<<lenyo>> of section that thomas i holt the	enyo|lenco|lenno|leno|lento|leny
production-1869-70	513	24.8	eryh	of napa city approved january twenty fourth <<eryh>>	elyh|erah|ergh|erh|eroh|ersh
production-1869-70	513	31.0	monere	<<monere>> ool section tho moneys collected in pursuance	monee|moner|monera|monero|montere|montre
production-1869-70	514	7.0	szorion	<<szorion>> the governor of the state is hereby	xzorion
production-1869-70	514	15.0	erwige	<<erwige>> appropriated to koep the stato burial grounds	edwige|ewige
production-1869-70	514	30.0	voyor	<<voyor>> general and ox officio register of the	voor|voyer
production-1869-70	515	31.0	vfregula	<<vfregula>> shall by ordinance or otherwise provide tor	regula
production-1869-70	515	44.0	cightoenth	<<cightoenth>> cig teen hundred and seventy	eighteenth
production-1869-70	516	8.12	shorift	twenty five dollars per month to be <<shorift>>	shrift
production-1869-70	516	14.10	payante	auditor of said county is hereby author <<payante>>	palante|payable|payant|zayante
production-1869-70	518	8.12	qnay	at the minimum price us provided in <<qnay>> pe	anay|inay|jnay|nay|qna|qnap
production-1869-70	518	25.9	senule	of the state of california represented in <<senule>> and	senile|setule|seule|venule
production-1869-70	518	27.10	pugment	of supervisors of the county of san <<pugment>>	augment|pigment
production-1869-70	520	11.10	rutite	roads in the county of placer are <<rutite>> rosd	ratite|runite|rutate|rutile|rutte|urtite
production-1869-70	520	11.11	rosd	in the county of placer are rutite <<rosd>>	osd|risd|rmsd|road|rod|rodd
production-1869-70	520	23.6	borein	first by condemnation and purchase as <<borein>> provided for	bordin|borean|boreen|borei|boren|borgin
production-1869-70	521	7.0	trvice	<<trvice>> of the posting and service of said	trice
production-1869-70	521	33.6	forservice	same time give such persons copics <<forservice>> the said clerk	nonservice
production-1869-70	521	40.0	mivtter	<<mivtter>>	matter|mitter
production-1869-70	522	50.10	ofoau	solemnly swear that i have no form <<ofoau>>	ofosu
production-1869-70	523	27.0	weneed	<<weneed>> the road passes or is altered shall	weened|wended|wenee
production-1869-70	523	35.1	vampn	no <<vampn>> seo neither tho viewers nor the appraisers	vaman|vamp|vamps|vampy
production-1869-70	523	49.0	naplle	<<naplle>> roads first your after his appointment muke	nalle
production-1869-70	524	35.0	sionor	<<sionor>> shall in tho month of november eighteen	signor|sinor|sonor|stonor
production-1869-70	525	2.6	ieust	notice src commissioners shall give at <<ieust>> two days notice	beust|iest|ijust|imust|iust
production-1869-70	525	44.0	compensan	<<compensan>> sro bach road commissioner shall be entitled	compensate
production-1869-70	527	0.9	oceupicd	petitioner and the final dedication of hands <<oceupicd>>	occupied
production-1869-70	527	44.4	forlb	or they shall set <<forlb>> the particular road referred to the	forb|forli
production-1869-70	528	39.10	jromion	not succeeding that at which the road <<jromion>>	erosion
production-1869-70	528	44.0	jewers	<<jewers>> on file and such evidence ns parties	ewers|hewers|jeers|jewels|jewess|jowers
production-1869-70	529	48.3	ifany	claimant for seo <<ifany>> porson or persons claiming damages on account	fany|ifan|ifans|imany|ivany|ofany
production-1869-70	531	14.0	offect	<<offect>>	affect|effect|offact
production-1869-70	532	1.9	indepon	overseer shall receive for his said services <<indepon>>	indepen
production-1869-70	532	9.10	oviracting	any public highway oithor by placing an <<oviracting>>	overacting
production-1869-70	532	32.11	tocon	suttor is hereby granted the right night <<tocon>>	ocon|socon|tacon|tecon|ticon|toco
production-1869-70	532	38.10	propoenls	of supervisors as soon as they havo <<propoenls>>	proposals
production-1869-70	533	3.0	vontis	<<vontis>> accordance with the contract and received by	montis|ontis|pontis
production-1869-70	533	21.9	ropaire	collected will bo sufficient to pay for <<ropaire>> said	repaire|rosaire
production-1869-70	533	24.0	levtor	<<levtor>> erson to collect and receive the toll	lector|lektor|lentor|lestor|levator
production-1869-70	534	30.10	hersit	hereby constituted a body corporate and poli <<hersit>>	herit|hermit|hersi|hersir|herst
production-1869-70	534	40.10	himlts	limits the north half of southwest quarter <<himlts>>	hilts
production-1869-70	535	0.0	omeers	<<omeers>> trustees three in number one of whom	ameers|meers|omers
production-1869-70	535	22.0	fruners	<<fruners>> shall compose the board of trustees for	pruners
production-1869-70	535	35.2	sxorron	south butt <<sxorron>> tho board of supervisors of the county	sorrow
production-1869-70	535	43.7	boiing	meridian the variation of tho magnetic needle <<boiing>> fifteen	boding|boeing|boiling|boing|boling|boning
production-1869-70	536	1.5	theneo	colusa and yuba city road <<theneo>> along said fence south	teneo|thene|thenew
production-1869-70	536	3.9	ftar	to a pont marked b thence south <<ftar>>	atar|faar|far|fbar|fear|ffar
production-1869-70	536	9.11	yoteg	four five six soon eight nine re <<yoteg>>	yote|yotel|yotes
production-1869-70	536	22.1	murob	approved <<murob>>	muro|muroc|muroi|muros
production-1869-70	538	26.10	unpat	of land on which said premiums remain <<unpat>> l in	unapt|unhat|uniat|unplat|unpot|unput
production-1869-70	538	30.0	cyuapter	<<cyuapter>> ccclyili	chapter
production-1869-70	539	42.0	worvey	<<worvey>> survey or either of a new road	worley
production-1869-70	540	3.13	orterud	or chango applied for is neces ha <<orterud>>	ordered|ortrud
production-1869-70	540	13.13	anwant	general fund of the county in fixing <<anwant>> of	anant|anwan
production-1869-70	540	31.13	pplers	u feet in width nor more than <<pplers>>	polers
production-1869-70	541	2.0	furerichs	<<furerichs>> sec any member of the board of	frerichs
production-1869-70	543	30.0	grarterly	<<grarterly>> they shal make quarterly reports to the	quarterly
production-1869-70	543	49.9	parposer	taxable property in suid county for road <<parposer>> at	purposer
production-1869-70	545	5.9	theroot	of the same street or any part <<theroot>> they shall	cheroot|theriot
production-1869-70	545	12.0	arectoy	<<arectoy>> macadamize as tbe board of supervisors of	rector
production-1869-70	545	26.12	obstrae	to permit the cars to pass without <<obstrae>>	observe
production-1869-70	546	17.9	cnso	such consent must in each and ivory <<cnso>> bo	anso|canso|caso|cbso|ccso|ciso
production-1869-70	546	51.8	atrect	more than three years upon any one <<atrect>> and it	arrect
production-1869-70	547	13.11	borein	cars thereon fur any of the purposes <<borein>>	bordin|borean|boreen|borei|boren|borgin
production-1869-70	547	28.0	srmuee	<<srmuee>> the city and county of san francisco	samuel
production-1869-70	548	13.0	strovt	<<strovt>> it shall have a uniform descent of	stroot|strout|strove
production-1869-70	548	38.6	botweon	sree the grade of powell atreot <<botweon>> union and or rowel	between
production-1869-70	549	19.10	estub	eastern line of montgomery street a above <<estub>>	estab|estus|stub
production-1869-70	549	26.0	vireet	<<vireet>> grade of pacific street between montgomery and	vineet|virent
production-1869-70	550	14.1	astrect	chestnut <<astrect>> between powell and jones streets is hereby	astrict
production-1869-70	550	15.0	chunyed	<<chunyed>> and shall be as follows from tho	chunked
production-1869-70	550	20.0	avonno	<<avonno>> and from the western line of said	avonne
production-1869-70	550	21.6	castorn	havo a uniform grade to the <<castorn>> line of jones street as the	caston|castor|castorin|castoro|castorp|castors
production-1869-70	550	22.11	fruncise	established by ordinance the grade of of <<fruncise>>	francise
production-1869-70	550	35.10	ornorm	tho grade of north point street between <<ornorm>>	norm
production-1869-70	551	17.0	mened	<<mened>> those upon which the cost of opening	ened|maned|meaned|meded|meed|memed
production-1869-70	551	19.5	piccos	assessed on all tho jots <<piccos>> and subdivisions of land included	picco|picos
production-1869-70	551	27.11	grovern	to the eastern line of the presidio <<grovern>>	govern|grover|grovers
production-1869-70	551	30.5	atrect	along said line of lewis <<atrect>> to its intersection with the	arrect
production-1869-70	551	50.0	strocts	<<strocts>> and running thence northerly at right anglos	structs
production-1869-70	552	23.0	kiyhth	<<kiyhth>> an the lots of land lying on	eighth
production-1869-70	553	20.8	ongino	use sites of school bouses and of <<ongino>> housos jails	bongino|longino|ogino
production-1869-70	555	30.0	veyod	<<veyod>> by deeds executed by the true owner	beyond
production-1869-70	556	22.0	essees	<<essees>> oucumbrancors or otherwise and the particulars of	essenes|essers|esses|lessees
production-1869-70	556	42.9	anbdi	oxbibiting in detail thereon ouch jot and <<anbdi>>	abdi|andi
production-1869-70	559	12.8	intercated	s seo any owner ot or person <<intercated>> in any lot or	interacted
production-1869-70	559	13.0	efjudgment	<<efjudgment>> egidivision of fand assessed in said report	judgment
production-1869-70	560	33.11	therenpon	described as part of said street und <<therenpon>>	thereupon
production-1869-70	560	35.9	possessionom	nature of a writ of habere facias <<possessionom>> command	possession
production-1869-70	560	50.1	shonid	damages <<shonid>> said board bo in doubt as to	shoni|shonin
production-1869-70	561	47.4	pueifie	leavenworth street jackson street <<pueifie>> street broadway	purified
production-1869-70	562	4.6	strocts	ings of montgomery avenue and other <<strocts>> to be properly	structs
production-1869-70	564	17.9	ntrued	liberally construed and the judgments and proceedings <<ntrued>>	trued
production-1869-70	566	4.12	ppim	seventy of this act referred to in <<ppim>>	cpim|paim|phim|pim|plim|ppi
production-1869-70	567	7.1	ornor	mveyane <<ornor>> of this state that levi hormance loring	arnor|hornor|onor|orner|orno|ornot
production-1869-70	567	36.10	upportion	authorize the treasurer of tuolumne county fo <<upportion>>	apportion
production-1869-70	569	2.9	aceru	years after their date and tho interest <<aceru>>	acer|acerb|acero|acers|aperu
production-1869-70	569	34.0	provete	<<provete>> and all gules that thay shall make	prevete
production-1869-70	569	41.0	nvere	<<nvere>> court or the judge thereof the said	avere|evere|nere|niere|nver|vere
production-1869-70	570	18.9	stipniations	said parties herein named shall within two <<stipniations>>	stipulations
production-1869-70	571	9.0	pisre	<<pisre>> mendocino humboldt klamath and del north are	piere|piore|pire|pisce|pise|piste
production-1869-70	571	25.1	aregate	inllunbolat <<aregate>> to the sum of five thousand dollars	fregate
production-1869-70	571	26.0	ganty	<<ganty>> supervisors of humboldt county shall submit to	anty|banty|canty|gandy|ganey|ganly
production-1869-70	571	30.0	oonaty	<<oonaty>> supervisors of klamath county shall submit to	conaty|donate
production-1869-70	573	24.0	neeats	<<neeats>> ot otherwise in any of the courts	neats|neets
production-1869-70	573	45.0	celve	<<celve>> copies per shall furnish two copies of	belve|calve|cele|celie|celje|celle
production-1869-70	574	18.6	jadyo	defendant is known tho court or <<jadyo>> shall also direct a copy	jado|jadoo|jady|jadyn|jayo|radyo
production-1869-70	574	38.0	srorion	<<srorion>> tho county clerk of the city and	erosion
production-1869-70	575	17.0	muteo	<<muteo>>	buteo|luteo|mateo|meteo|museo|mute
production-1869-70	576	4.10	vefneal	owner or party claiming sach animals shal <<vefneal>> w	veneral
production-1869-70	576	6.0	ebarges	<<ebarges>> estimated by the person impounding the same	barges
production-1869-70	576	48.11	pedemptior	redeem the same from the purchaser within <<pedemptior>>	redemption
production-1869-70	578	8.11	vrme	day of december eighteen hundred and sixty <<vrme>>	arme|erme|orme|rme|verme|vme
production-1869-70	581	5.0	preamblo	<<preamblo>> waxrkas on the second day of october	preamble
production-1869-70	581	14.0	greenborn	<<greenborn>> gulch then situated in tulare county a	greenhorn
production-1869-70	581	17.4	asliman	hundred dollars and said <<asliman>> delivered said harron at	asian|sliman
production-1869-70	584	0.11	leviod	tho samo manner as other taxes aro <<leviod>>	levied|levion
production-1869-70	584	2.12	becort	duty of the auditor and treasurer of <<becort>> of	becost|befort
production-1869-70	584	40.7	valno	at tho lowest percentage of their par <<valno>> provider that tho	vaino|valco|valdo|valeo|valko|vallo
production-1869-70	585	7.0	ouapter	<<ouapter>> ccoclxxix	chapter
production-1869-70	585	9.2	muliny	tage s <<muliny>> m j bolan courtland wood henry j	muling|mulino|mutiny
production-1869-70	586	16.0	itios	<<itios>> herein imposed und none other	etios|ilios|ities|ition|itis|itos
production-1869-70	586	46.11	tvestmen	of tho funds and deposits of such <<tvestmen>>	vestment
production-1869-70	588	34.0	szorton	<<szorton>> tho sheriff of the county of tuolumne	scorton
production-1869-70	590	47.10	completiv	made under tho authority of this act <<completiv>>	completive
production-1869-70	592	14.0	bandred	<<bandred>> and twenty five dollars per month and	banded|bandied
production-1869-70	592	17.11	sherit	the city and county of san francisco <<sherit>>	herit|sheeit|sheit|sheri|sheria|sheriat
production-1869-70	592	39.13	fenetin	county of san francisco for any felony <<fenetin>>	genetic
production-1869-70	593	46.0	rdoptione	<<rdoptione>> party adopting to the probate judge of	adoption
production-1869-70	594	23.2	ebild	seo a <<ebild>> born before wedlock shall to all intents	bild|ebid|ebird
production-1869-70	595	9.0	refveul	<<refveul>> expired or not after being notified by	reveal
production-1869-70	595	36.0	ofnotice	<<ofnotice>> san jongnin county to cause notice of	notice
production-1869-70	596	3.5	cloction	san joaquin county shall constitute <<cloction>> districts therein	coction
production-1869-70	598	16.0	continno	<<continno>> as thoy begun until the counting is	contino|continuo
production-1869-70	600	18.6	trustecr	ure hereby constituted a bourd of <<trustecr>> for the purpose of	truster
production-1869-70	606	1.5	olfoct	so this act shall take <<olfoct>> and bo in force from and	olfact
production-1869-70	606	9.9	approprin	snm of five hundred dollars per month <<approprin>>	appropri
production-1869-70	607	28.5	roliet	whether legal equitable or for <<roliet>> they may receive and	joliet|rolie|rollet|toliet
production-1869-70	607	43.0	preentel	<<preentel>> class mentioned in this act shall be	presented
production-1869-70	608	20.10	weelanl	be made and acknowledged in the form <<weelanl>>	wetland
production-1869-70	608	34.12	ratife	society and of said corporation and acts <<ratife>>	latife|ratify|ratine|ratite
production-1869-70	609	0.0	cilapter	<<cilapter>> cccxcii	chapter
production-1869-70	609	6.1	szorron	competitive <<szorron>> the regents of the university of the	sorrow
production-1869-70	610	51.8	woless	by the auditor as heroin required nor <<woless>> the fact of	doless
production-1869-70	611	4.0	inegal	<<inegal>> ov unauthorized warrant claim or demand upon	ilegal|legal
production-1869-70	614	19.0	ulare	<<ulare>>	blare|clare|flare|glare|klare|lare
production-1869-70	617	35.9	rosnit	a board of canvassers upon declaring the <<rosnit>>	ronit
production-1869-70	618	49.11	negintry	as the registry act and the act <<negintry>>	registry
production-1869-70	618	52.7	exprosaly	any proceedings therewith connected except as heroin <<exprosaly>>	expressly
production-1869-70	619	33.0	tuterest	<<tuterest>> sand dollars cuch said bonds shall bear	interest
production-1869-70	619	48.2	iasuc	of their <<iasuc>> or after ven and within twenty years	asuc|iacuc|iasc
production-1869-70	620	22.11	conditiv	of the issuance of the bonds pro <<conditiv>>	conditi|conditio|condition
production-1869-70	620	43.10	aforosaid	of said road from the water front <<aforosaid>>	aforesaid
production-1869-70	620	54.0	cbharro	<<cbharro>> or receive for transportation over said road	charro
production-1869-70	621	10.1	dellv	tobe <<dellv>> proyteos shall receive the written verified statement	deliv|dell|della|delle|delli|dello
production-1869-70	623	3.0	cancellot	<<cancellot>> sec whenever any bonds have been paid	chancellor
production-1869-70	625	21.7	monoya	salary is hereby appropriated out of any <<monoya>> in the general	monomya|monona|montoya
production-1869-70	625	30.0	szorron	<<szorron>> tho fire department of the city of	sorrow
production-1869-70	626	26.10	termsor	elected to succeed the said chief and <<termsor>>	termor
production-1869-70	627	42.0	egutes	<<egutes>>	elutes|gutes
production-1869-70	628	16.11	remny	served as an active fireman for tho <<remny>>	reany|reeny|remmy|remy|renny|reny
production-1869-70	628	54.12	reincor	or any portion of the act of <<reincor>>	reincur
production-1869-70	629	4.0	erartment	<<erartment>> custody of the secretary of the fire	department
production-1869-70	630	4.7	mombor	to defray the funeral expenses of any <<mombor>> of the depart	mombo
production-1869-70	630	34.0	committoo	<<committoo>> on finance of tho board of delegates	committor
production-1869-70	630	37.0	cilapter	<<cilapter>> cccci	chapter
production-1869-70	631	28.0	ofmoneys	<<ofmoneys>> ized and required to transfer any moneys	moneys
production-1869-70	632	6.10	rightor	or owners of mines or mining claims <<rightor>> wn	righter|righto|righton
production-1869-70	633	2.5	innds	petition of mining claims or <<innds>> to be affected by tho grant	inds|innes|innis|inns|ninds
production-1869-70	633	7.5	shonid	why such right or privilege <<shonid>> not be awarded or allowed	shoni|shonin
production-1869-70	633	18.7	prayou	of way privilege or place of deposit <<prayou>> for shall make an	prayor
production-1869-70	633	50.0	suapce	<<suapce>> thereof	space
production-1869-70	634	22.11	xponses	expenses shull be paid by the party <<xponses>>	expenses
production-1869-70	634	27.0	ciiapter	<<ciiapter>> ccccy	chapter
production-1869-70	634	33.9	seavo	f coronel treasurer of tho state of <<seavo>> of	savo|scavo|seago|seaso|seato|seave
production-1869-70	635	2.7	kneland	an act for the relief of john <<kneland>>	kaneland|kneeland|neland
production-1869-70	635	13.7	kneland	in which said action the said john <<kneland>> recovered a judg	kaneland|kneeland|neland
production-1869-70	635	24.0	ppointed	<<ppointed>> ig hereby director and authorized to appoint	appointed|pointed
production-1869-70	635	38.7	inhds	and as speedily as possible cause said <<inhds>> to bo liated to the	inds|inhis
production-1869-70	636	2.8	compenm	the agent when appointed shall immediately enter <<compenm>>	company|compend|compens
production-1869-70	636	23.10	pachasr	purchaser of inn from the state upon <<pachasr>>	pachas
production-1869-70	636	40.7	thovdore	eral fund not otherwise appropriated to pay <<thovdore>> snell	theodore
production-1869-70	639	38.1	jndicia	cunt <<jndicia>> district shall be held in the county	indicia
production-1869-70	640	12.5	sdety	ann domind eighteen hundred and <<sdety>> one	sdet|sety|suety
production-1869-70	640	15.4	jobows	assembly do enact us <<jobows>>	jobs
production-1869-70	641	5.0	termof	<<termof>> which he may be chosen the directors	termo|termon|termor
production-1869-70	641	11.0	forfetture	<<forfetture>> section such railroad company shall within two	forfeiture
production-1869-70	641	20.9	hwutred	santa cruz approved march thirty first eighteen <<hwutred>>	hatred
production-1869-70	641	24.2	cnuct	assembly do <<cnuct>> ax follows	cnut
production-1869-70	642	15.2	cnuct	assembly do <<cnuct>> as follows	cnut
production-1869-70	643	4.3	proeiled	and county and <<proeiled>> further that the sum so paid to	profiled
production-1869-70	643	11.0	cilapter	<<cilapter>> ccccxviil	chapter
production-1869-70	644	20.11	magla	to pay to the trustees of suid <<magla>>	agla|jagla|maga|magal|magala|magda
production-1869-70	644	27.0	sixly	<<sixly>> vix	sexly|sibly|silly|sily|sixty
production-1869-70	645	6.2	thesum	apprpria section <<thesum>> of vine hundred and sixteen dollars and	theasum|theseum|thesium|thesun
production-1869-70	646	29.11	omecrs	the city of marysville shall be ox <<omecrs>>	omers
production-1869-70	648	17.4	ailord	that such fence shall <<ailord>> protection against hogs	milord
production-1869-70	648	46.10	trankards	francisco is hereby empowered to commit any <<trankards>>	tankards
production-1869-70	651	43.1	gleamers	all <<gleamers>> vessels and boats the city collector and	gleaners
production-1869-70	654	13.10	meettogs	and councilmen of the city shall con <<meettogs>> ui	meetings
production-1869-70	654	14.11	sommen	who shall meet on the first mon <<sommen>>	commen|kommen|ommen|oommen|sammen|simmen
production-1869-70	654	50.2	melodeons	regulate theatres <<melodeons>> bulls concerta dances and all	melodeon
production-1869-70	656	1.10	dution	for the protection of the health cleanliness <<dution>>	dation|dition|duction|dupion|dustion|dutson
production-1869-70	657	1.12	uppro	thereto or provided by law and lo <<uppro>>	appro|upper|upprop
production-1869-70	658	38.11	iotere	debt tax shall be divided into ov <<iotere>>	intere|potere
production-1869-70	660	43.1	cloction	the <<cloction>> shall be conducted and returns made and	coction
production-1869-70	660	47.10	ordce	entered on the journal of their proceedings <<ordce>>	orce|orde|ordre
production-1869-70	661	8.0	thorefor	<<thorefor>>	therefor
production-1869-70	661	23.0	lettingof	<<lettingof>> so all contracts for work or material	letting
production-1869-70	661	37.1	anevor	thy <<anevor>> bhotweon tho first day of january and	never
production-1869-70	664	13.7	punid	second that taxes with costs have been <<punid>> since suit	pund|pundi|puni|punia|punic|punit
production-1869-70	664	24.11	prmoret	list for the fiscal year duly certified <<prmoret>>	armored
production-1869-70	665	35.0	compensn	<<compensn>> bec ht for services under this act	compens|compense
production-1869-70	665	49.0	complatot	<<complatot>> scribe by ordinance such other forms of	complaint
production-1869-70	666	44.11	assewme	the city of stockton who shall be <<assewme>>	assume
production-1869-70	667	33.0	gratingof	<<gratingof>> sec whenever tho common council shall deem	grating
production-1869-70	667	34.0	muarve	<<muarve>> ana dient to grade improve and ornament	marve
production-1869-70	667	37.3	sqnure	shall designate the <<sqnure>> to be graded ornamonted and	sqaure
production-1869-70	667	37.7	ornamonted	shall designate the sqnure to be graded <<ornamonted>> and	ornamented
production-1869-70	668	37.7	halfor	made and provided farther that when one <<halfor>> more in width	haldor|halfer|halfon|halford|halvor
production-1869-70	668	41.7	objoc	may order tho remainder improved notwithstanding tbe <<objoc>>	objc|objec|object
production-1869-70	669	27.2	soalod	soliciting separate <<soalod>> proposals to be directed to and filed	solod
production-1869-70	670	10.4	committoo	city council or a <<committoo>> thereof shall again publish notice	committor
production-1869-70	670	19.9	exomp	in said bond over and above statutory <<exomp>>	examp|exempt|exome
production-1869-70	671	13.0	amewed	<<amewed>> hig contract to the satisfaction of the	ameed|mewed
production-1869-70	671	36.0	hynalization	<<hynalization>> said assessment list shall be certified by	finalization
production-1869-70	674	11.13	cnsu	at the ond of the first year <<cnsu>>	ansu|casu|ccsu|cns|cnsa|cnsc
production-1869-70	674	13.12	annn	so that one half shall be chosen <<annn>>	anan|anin|ann|anna|annan|annd
production-1869-70	674	15.10	guperin	in cach year the superintendent shall be <<guperin>>	guerin
production-1869-70	676	6.0	sistont	<<sistont>> with the laws of the state as	distant
production-1869-70	676	40.0	verth	<<verth>> por the insurance of all school property	berth|erth|everth|gerth|herth|perth
production-1869-70	677	0.2	jivery	city treasury <<jivery>> demand shall havo indorsed upon it a	ivery|jiver|jivey|livery|rivery
production-1869-70	677	13.1	adcier	ee <<adcier>> mittee thereof for that purpose appointed may	acier|adviser|dacier
production-1869-70	678	18.11	pottce	is hereby established in the city of <<pottce>> court	pottie|pottle
production-1869-70	678	20.11	inige	monday in may anno domini high quite <<inige>>	einige|inge|inigo|nige
production-1869-70	679	22.1	tonct	ge <<tonct>> yg	tinct|tonet|tont
production-1869-70	679	44.0	coskes	<<coskes>> necessary to the ful and proper exercise	cokes|cookes|coshes|cosies|cosses|costes
production-1869-70	681	0.2	crvices	fees collect <<crvices>> rendered by him the same fees as	cervices|crevices
production-1869-70	681	19.0	offemters	<<offemters>> sec in all cases where the police	offenders
production-1869-70	682	2.11	intge	to the office of police judge potice <<intge>>	inge|intae|inte|integ|inthe|intue
production-1869-70	683	33.1	quntify	moms <<quntify>> powers and duties as are heroin prescribed	quantify
production-1869-70	683	40.1	dreated	poly <<dreated>> act is hereby substituted and sh ll	created|derated|dreaded|dreamed|greated|treated
production-1869-70	685	18.6	burtholomew	ralph bartholomew infant heirs of jacob <<burtholomew>> deceased	bartholomew
production-1869-70	685	32.0	jidee	<<jidee>> may shc any sale xo made shall	idee|jaidee|jide|jodee|judee
production-1869-70	685	34.0	retaside	<<retaside>> ehall examine confirm or set aside the	reside
production-1869-70	686	15.0	sxorron	<<sxorron>> the right is hereby granted to the	sorrow
production-1869-70	691	43.4	deerce	persons named in said <<deerce>> of confirmation as entitled to said	deere
production-1869-70	692	11.0	porals	<<porals>> fur the work of grading said market	corals|gorals|morals|orals|poral|portals
production-1869-70	692	27.9	fajure	hereinafter provided for and if said successful <<fajure>>	faure
production-1869-70	693	23.2	pomposes	for the <<pomposes>> of this act to bo included within	composes
production-1869-70	696	54.10	dassaro	shall take effect from and after its <<dassaro>>	massaro|passaro
production-1869-70	699	0.3	beandry	john griffin prudent <<beandry>> and solomon hazard on the	beanery|beaudry
production-1869-70	700	2.8	morringe	when any unmarried woman who shall have <<morringe>> tu	gorringe|marriage|morring
production-1869-70	700	9.12	ontliled	be granted to his or her guar <<ontliled>> to	outlined
production-1869-70	700	33.0	srorion	<<srorion>> section five hundred and thirty eight of	erosion
production-1869-70	702	30.0	donco	<<donco>> as either the petitioners or the persons	conco|danco|doco|donc|donck|dondo
production-1869-70	702	47.1	proofded	highway <<proofded>> thut when any proposed deviation from the	proofed
production-1869-70	703	3.1	ineation	and <<ineation>> of public roads provided that all damages	ideation|inertion|lineation
production-1869-70	703	29.9	abail	time occupied in collecting such rond tax <<abail>> not in	ababil|abai|abal|abil|aboil|abril
production-1869-70	704	18.10	overwer	overseer of the district shall be col <<overwer>> w	overwear|overweb|overwet
production-1869-70	704	23.4	avize	the road overseer may <<avize>> any and every species of personal pasmest	alize|avice|avie|avine|vize
production-1869-70	704	23.11	pasmest	avize any and every species of personal <<pasmest>>	payment
production-1869-70	706	31.10	oxpend	more than sufficient to meet the current <<oxpend>>	expend|opend|oxpen
production-1869-70	706	39.7	jeviod	property i provided that all property tax <<jeviod>> under this act	jeriod
production-1869-70	707	38.0	tunnlling	<<tunnlling>> seo if any road overseer shall have	tunneling|tunnelling
production-1869-70	708	19.8	herctoforo	interfere with any rights privileges or easements <<herctoforo>>	heretofore
production-1869-70	708	20.5	beandey	pranted und conceded to p <<beandey>> jobn griffin solomon	beaney
production-1869-70	708	24.3	étth	bo thrown any <<étth>> or matter detrimental to the public health	ftth|tth|wtth
production-1869-70	708	27.0	thercot	<<thercot>> shall bo fined in a sum not	theriot
production-1869-70	709	43.2	crankfort	city of <<crankfort>> on the main in germany such notice	frankfort
production-1869-70	710	29.3	jioun	to the said <<jioun>> commissioners be entitled to exchange thom	jibun|jieun|jion|jisun|jiyun
production-1869-70	710	33.9	bandred	nor for a fractional part of a <<bandred>> dollars but	banded|bandied
production-1869-70	710	53.11	redomp	draw interest but the money for the <<redomp>>	recoup
production-1869-70	711	34.0	burrenler	<<burrenler>> sxc whenever on the third day of	surrender
production-1869-70	712	13.11	patyor	state shall keep a full and par <<patyor>> sta	payor
production-1869-70	712	32.11	whonw	take effect sixty days after the next <<whonw>>	whon|whone|whow|wonw
production-1869-70	713	31.0	aicty	<<aicty>> rie	acty|aicte|icty
production-1869-70	715	41.0	dredths	<<dredths>> acres	deaths
production-1869-70	716	7.6	cinims	adjust and collect any and all <<cinims>> of the state of california	minims
production-1869-70	716	13.8	logul	all collections heretofore made are hereby declared <<logul>>	logue|mogul|vogul
production-1869-70	717	21.2	cnuct	assembly do <<cnuct>> as follows	cnut
production-1869-70	720	22.10	pouas	of the county of sutter shall prepare <<pouas>>	poas|posas|poufs|pours|pous|pouts
production-1869-70	721	1.1	isaned	whom <<isaned>>	isand
production-1869-70	722	22.10	kedemptios	of satter county shall on tho first <<kedemptios>>	redemption
production-1869-70	722	25.10	borein	of this act out of the fund <<borein>> provided	bordin|borean|boreen|borei|boren|borgin
production-1869-70	722	41.9	respoo	un extra compensation bave allowed to them <<respoo>>	espoo|respo|respon|respond|respot
production-1869-70	723	18.0	proceding	<<proceding>> acts to construct all reservoirs dams embankments	preceding|proceeding
production-1869-70	724	2.1	chambora	is <<chambora>> on a day therein named and show	chambord
production-1869-70	725	1.0	rondemna	<<rondemna>> report if no motion to vacate the	condemn
production-1869-70	725	17.0	compena	<<compena>> suc the commissioners appointed in pursuance of	comnena|company|compend|compens
production-1869-70	725	42.0	repenle	<<repenle>> act is hereby repealed	repente
production-1869-70	726	36.0	propoyation	<<propoyation>> and breeding of fish and who will	propogation
production-1869-70	727	18.0	deeraction	<<deeraction>> between tho first days of january and	detraction|retraction
production-1869-70	728	14.7	teidental	necessary expenses incidental to procuring and distributing <<teidental>>	tridental
production-1869-70	728	27.10	tntians	this act shall be construed to prohibit <<tntians>>	indians|titians
production-1869-70	731	43.0	reinvestel	<<reinvestel>> sec whenever tho principal of any of	reinvested
production-1869-70	733	0.0	teuc	<<teuc>> boul sec upon the payment into tho	beuc|etuc|euc|teac|tec|terc
production-1869-70	733	41.12	suporin	out of the same fund as the <<suporin>>	suvorin
production-1869-70	734	9.7	cristobel	angeles a b chapman james h landee <<cristobel>> aguilur	christobel|cristobal
production-1869-70	734	9.8	aguilur	a b chapman james h landee cristobel <<aguilur>>	aguilar
production-1869-70	734	35.1	proudnd	vided <<proudnd>> always thut said board of funding commissioners	pround
production-1869-70	735	51.8	wheroupon	take duc receipts therefor from said bondholder <<wheroupon>>	whereupon
production-1869-70	736	14.9	cialns	following ave specified aa the claima which <<cialns>> to be	cialis
production-1869-70	736	15.10	unean	and funded under this act viz all <<unean>>	dunean|nean|unan|unban|undean|unen
production-1869-70	737	22.1	courly	yor <<courly>> wilfully neglect or refuse to comply with	churly|corly|courcy|courtly|courty|coury
production-1869-70	738	26.10	vuldine	said county for sealed proposal for the <<vuldine>>	vulpine
production-1869-70	739	0.0	toonter	<<toonter>> into seo when the board shall havo	tooter
production-1869-70	740	12.9	saperin	board of supervisors may appoint some suitable <<saperin>>	saverin
production-1869-70	744	15.3	hampo	lands of john <<hampo>> excluding said lands thence along tho	campo|hambo|hamo|hamp|hampe|hampi
production-1869-70	744	19.4	sanusal	eron an intersection with <<sanusal>> check at tho southeast	sausal|sinusal
production-1869-70	744	27.2	nlony	thence easterly <<nlony>> the northerly lino of said cameron plot	nony
production-1869-70	744	28.5	ghiardelli	to the northwest corner of <<ghiardelli>> plot thence southerly	ghiradelli|ghirardelli
production-1869-70	745	26.0	powersand	<<powersand>> src tho board of tractors shall judge	powerband
production-1869-70	746	23.1	huages	occupations <<huages>> places amusements and exhibitions which	guages|huges|nuages
production-1869-70	746	45.0	ticel	<<ticel>> th to prevent the discharge of fire	icel|sicel|tical|tice|ticer|tickel
production-1869-70	746	49.2	pablie	highways or <<pablie>> grounds having a tendency to frighten	pable|paulie
production-1869-70	747	37.8	atrect	provided that no contract for lighting any <<atrect>> shall be	arrect
production-1869-70	748	20.10	menoy	the failure of officers to pay over <<menoy>> collected	benoy|meloy|mency|mendy|menny|meno
production-1869-70	749	46.0	onrd	<<onrd>>	gnrd|nord|nrd|ond|oned|onr
production-1869-70	751	46.10	ostute	cach of the persons owning the real <<ostute>>	astute|stute
production-1869-70	754	15.8	omeiat	the marshal assessor clerk and treasurer before <<omeiat>> oath	meat
production-1869-70	754	45.0	gicned	<<gicned>> by p olen	ginned
production-1869-70	755	22.10	unneves	his hands for that purpose without any <<unneves>>	unnerves
production-1869-70	757	4.0	organizatoen	<<organizatoen>> bro after the appointment of the raid	organization
production-1869-70	761	14.7	cisht	approver april eighth cigbtoen hundred and fifty <<cisht>>	bisht|cishet|cist|fisht|wisht
production-1869-70	761	31.0	hontorey	<<hontorey>> dollars and cleven cont in legal tender	monterey
production-1869-70	762	3.4	vigbt	teen dollars and ninety <<vigbt>> cents number four hun	igbt
production-1869-70	763	8.0	enlogical	<<enlogical>> section the state geologist or any officer	eulogical|unlogical
production-1869-70	763	26.0	tatell	<<tatell>> for services rendered and jabor performed in	attell|tarell|tatel|tavell
production-1869-70	764	44.0	szorron	<<szorron>> the manner of making assessments and collect	sorrow
production-1869-70	765	11.0	ecodings	<<ecodings>> at luw to enforce the collection of	codings|encodings
production-1869-70	765	17.0	tppointa	<<tppointa>> lish pound for the impounding of estray	appoint
production-1869-70	766	9.0	vosiding	<<vosiding>> within said city being the owners of	voiding
production-1869-70	766	18.9	omcers	officers holding and conducting the general munic <<omcers>> of	omers
production-1869-70	766	25.12	chattenges	to vote at such election may be <<chattenges>>	challenges
production-1869-70	767	6.10	fober	of district number two and f r <<fober>>	bober|cober|dober|faber|feber|fiber
production-1869-70	768	23.10	ewurt	government of overseers in tho employ aday <<ewurt>>	court|ewart|ewert
production-1869-70	768	34.2	avroe	commissioners cannot <<avroe>> upon the apportionment the mat	avre|avro|avrom|avron
production-1869-70	771	0.0	electim	<<electim>> road printed or written thereon said election	electi|electic
production-1869-70	772	28.11	petivers	shall then deliver the said bonds thus <<petivers>>	delivers
production-1869-70	773	22.0	eworn	<<eworn>> utntee sec b after the expiration of	beworn|sworn|worn
production-1869-70	774	8.0	srorion	<<srorion>> t the governor of the state of	erosion
production-1869-70	774	14.10	suporin	havo been issued or mado by the <<suporin>>	suvorin
production-1869-70	774	18.3	strecta	and paving the <<strecta>> of said city and county or tor	stretta|stricta
production-1869-70	776	27.0	filleen	<<filleen>> cents to the interest and sinking fund	killeen
production-1869-70	777	11.1	prociled	ified <<prociled>> however that the governor may at any	profiled
production-1869-70	777	14.0	onth	<<onth>> src tho members of suid board before	anth|enth|mnth|month|noth|nth
production-1869-70	777	28.0	sbull	<<sbull>> till the same by appointment	bull|scull|shull|skull|smull|stull
production-1869-70	777	30.7	mosnner	ar inquiry as to the mode and <<mosnner>> in which the assessors and	monner
production-1869-70	777	37.3	disebargo	refused to fully <<disebargo>> the duties of bis office the board	disembargo
production-1869-70	778	46.11	slpens	the attendance of witnesses or the pro <<slpens>>	spens
production-1869-70	778	50.11	sherins	any county in this state shall serve <<sherins>> to	serins|sherin|sherina|sherine
production-1869-70	780	5.10	omcers	of health shall appoint a county health <<omcers>> top	omers
production-1869-70	782	1.10	titout	uf more than ono hundred and fifty <<titout>>	fitout|without|witout
production-1869-70	782	2.12	perult	vessel of more than one hundred and <<perult>>	penult|perault|perula|perule
production-1869-70	782	13.11	cuttect	shall be collected by the health vees <<cuttect>>	cutter
production-1869-70	782	42.9	omcer	performing tho duties herein required by anchoring <<omcer>>	omber|omer|oscer
production-1869-70	782	46.5	sueb	neglect or refuse to render <<sueb>> assistance in carrying out the	saeb|seb|seeb|sheb|sieb|sleb
production-1869-70	782	50.0	dollara	<<dollara>>	dallara|dollar|dollard|dollars|pollara
production-1869-70	782	52.11	yeenting	dollar for ench and every person go <<yeenting>>	meeting|yeeting
production-1869-70	783	5.3	sancelito	at or near <<sancelito>> and furnish and supply the same	saucelito
production-1869-70	783	16.0	intermonts	<<intermonts>> sxe every sexton undertaker superintendent of a	interments|intermont
production-1869-70	783	42.0	twnier	<<twnier>> cause to be removed disinter or cause	owner|tanier|tawnier|tinier|tonier|twiner
production-1869-70	784	29.0	crecks	<<crecks>> navigable pussed february eighteenth eighteen hundred and	checks|cracks|creaks|creeks|cricks|crocks
production-1869-70	785	31.0	delingunt	<<delingunt>> sx on tho saturday not preceding the	delinquent
production-1869-70	786	28.8	pustured	have a lien on all live stock <<pustured>> kept or fed by them	pastured|postured|pustuled
production-1869-70	787	2.1	iutely	immed <<iutely>>	cutely|lutely|mutely
production-1869-70	788	10.10	annn	property within the state is hereby levied <<annn>>	anan|anin|ann|anna|annan|annd
production-1869-70	788	20.7	intoreat	above a sufficient amount to pay all <<intoreat>> duo or that may	intereat|intreat
production-1869-70	789	18.0	aoditon	<<aoditon>> st tors of the passage of this	additon
production-1869-70	789	32.1	szorion	may <<szorion>> any tribo of tho improved order of	xzorion
production-1869-70	790	29.10	bandred	his warrant for the sum of nine <<bandred>> and	banded|bandied
production-1869-70	791	2.5	fourtcon	county and to make out <<fourtcon>> certified copies of o	fourteen
production-1869-70	791	31.1	tosume	treasurer <<tosume>> to said thomas e hughes the county	tsume
production-1869-70	792	0.0	botwoen	<<botwoen>> maurin county and the city and county	between
production-1869-70	793	21.0	prolaon	<<prolaon>> ul for said board of t trustees	prolan|prolong
production-1869-70	795	24.3	herounder	surrender u d <<herounder>> tho county treasurer shall publish a notice	hereunder
production-1869-70	796	7.10	natnace	been redeemed and upon tho final reodomp <<natnace>>	nance
production-1869-70	797	5.8	proofded	dollars to be drawn at his discretion <<proofded>> that	proofed
production-1869-70	797	29.9	logisla	blank books light fuel ete for tho <<logisla>>	logical
production-1869-70	798	18.2	bandred	thirty six <<bandred>> dollars	banded|bandied
production-1869-70	799	0.0	appropra	<<appropra>> for salary of deputy state librarian thirty	appropre|appropri
production-1869-70	800	37.9	ssceretary	stationery hank books light and fuel required <<ssceretary>>	secretary
production-1869-70	800	41.8	blatement	furnish under oath to the legislature a <<blatement>> at the	batement
production-1869-70	801	1.0	oight	<<oight>>	aight|bight|dight|eight|fight|hight
production-1869-70	801	40.0	jistor	<<jistor>> street on the east by jones street	histor|jstor|pistor
production-1869-70	802	11.12	iiont	to lay out into lota and pe <<iiont>>	idont|iiot
production-1869-70	802	23.6	llayes	west along the northerly line of <<llayes>> street to the point of	llanes|llaves|playes
production-1869-70	804	15.8	appotut	said commissioners are hereby authorized and om <<appotut>>	appoint
production-1869-70	806	49.9	romuin	shall cease and determine and any moneys <<romuin>>	romain|rompin
production-1869-70	808	9.13	datic	of said board as soon as practi <<datic>>	atic|catic|dacic|danic|daric|dati
production-1869-70	809	0.0	componsa	<<componsa>> services rendered under the provisions of this	coupons
production-1869-70	809	23.0	countion	<<countion>> srorton i the several counties including the	counties|countin
production-1869-70	809	23.1	srorton	countion <<srorton>> i the several counties including the city	scorton
production-1869-70	809	29.0	limitativa	<<limitativa>> principal of said bonds provided that the	limitation|limitative
production-1869-70	813	27.6	irfany	the public as a public highway <<irfany>> vacancy occur among	infant|irfan
production-1869-70	814	5.11	aaverre	in case there are adverse or conflicting <<aaverre>>	adverse
production-1869-70	814	39.11	sompen	of supervisors shall pass an order of <<sompen>>	somen|sompne
production-1869-70	816	3.9	purane	publish for five days for bids and <<purane>> the stops	jurane|puran|purana|purani|purine
production-1869-70	816	29.0	atrect	<<atrect>> from its intersection with harrison street to	arrect
production-1869-70	817	6.0	honefited	<<honefited>> work intended by this act and its	benefited
production-1869-70	817	16.3	occusioned	thereby or otherwise <<occusioned>>	occasioned
production-1869-70	817	49.11	acerne	the benefits which shall be deemed to <<acerne>>	acerae|aherne|cerne|scerne
production-1869-70	819	0.0	amessment	<<amessment>> may be assessed and the slayer of	amassment
production-1869-70	819	23.2	innds	sell tho <<innds>> so assessed and with like effect as	inds|innes|innis|inns|ninds
production-1869-70	821	17.0	powore	<<powore>> of sree the assessor and tax collector	poore|sowore
production-1869-70	821	25.0	kessor	<<kessor>> lo assess at such time as they	cessor|essor|lessor|messor
production-1869-70	821	40.12	equaliza	district will sit as a board of <<equaliza>>	equalize
production-1869-70	821	51.0	omement	<<omement>> clerk shall note all alterations in valuation	onement
production-1869-70	823	6.1	gisy	reclamation <<gisy>> ax soon as practicable adopt a modo	aisy|giay|gipsy|giry|gis|gisa
production-1869-70	824	23.0	redecin	<<redecin>> one or more of the outstanding warrants	medecin|reducing
production-1869-70	825	20.0	sonfict	<<sonfict>> manner to impair interfere or conflict with	conflict
production-1869-70	825	24.0	cilapter	<<cilapter>> dxi	chapter
production-1869-70	825	34.0	wurrunts	<<wurrunts>>	warrants
production-1869-70	825	38.1	stenable	a <<stenable>> sec said warrants shall not be assignable	stewable|stonable|tenable
production-1869-70	826	24.6	needon	be satisfied that said improvements are <<needon>> and proper to be tee	needin|needn|neeson|weedon
production-1869-70	827	34.1	demaces	vid <<demaces>> county and not the whole of said	defaces
production-1869-70	829	3.0	ipys	<<ipys>> or in any determination to be made	ipas|ipcs|ipds|ipfs|ipis|ipms
production-1869-70	830	46.6	offoct	appeals in civil cases with like <<offoct>> and any portion of tho	offact
production-1869-70	830	51.10	erevet	such deposit shall suspend ail further gf <<erevet>>	brevet|revet|trevet
production-1869-70	831	0.0	eupremo	<<eupremo>> supreme court shall proceed to hear such	supremo
production-1869-70	831	20.3	jynds	fo be two <<jynds>> as aforesaid and assessment thereof shall be	hynds|lynds
production-1869-70	831	20.12	aycer	aforesaid and assessment thereof shall be finally <<aycer>>	acer|ancer|ayce|ayer|ayler|aymer
production-1869-70	831	38.0	sioncrs	<<sioncrs>>	signers
production-1869-70	833	12.0	riversend	<<riversend>> the county of santa clara to uppoint	riverbend
production-1869-70	833	23.0	compenm	<<compenm>> stream the board of supervisors shall tix	company|compend|compens
production-1869-70	834	9.0	sionors	<<sionors>> as provided fur in section twelve of	signors
production-1869-70	834	26.1	ciud	associates <<ciud>> assigns to improve the channel of the	chud|cid|cind|cipd|cisd|ciu
production-1869-70	834	37.1	floodgutes	erecting <<floodgutes>> at the outlet of tho lake and	floodgates
production-1869-70	835	18.9	trackce	or wood reaches the suid town of <<trackce>> said donner	trackie
production-1869-70	835	26.11	sufii	auction to the highest bidder for cash <<sufii>>	suffi|sufi|sufic|sufis
production-1869-70	835	45.0	wroctal	<<wroctal>> fish ladder so that fish can readily	proctal|rectal
production-1869-70	836	24.0	atrect	<<atrect>> lane alloy place or court or of	arrect
production-1869-70	838	1.8	uporation	and such as aro confined in their <<uporation>> to particular	sporation
production-1869-70	838	12.4	resnits	adopting and using the <<resnits>> of such labors as far as shall	resits
production-1869-70	838	16.4	aforesnid	hundred and sixty ciyht <<aforesnid>> shull deliver all documents	aforesaid
production-1869-70	838	23.13	adjonrn	every weok it shall in no case <<adjonrn>>	adjourn
production-1869-70	838	25.5	adjonenment	be no more than one <<adjonenment>> per month no member shall	adjournment
production-1869-70	838	47.12	synet	compensation at the rate of six thou <<synet>> com	senet|skynet|snet|sonet|syne|ynet
production-1869-70	838	51.6	proetled	tho district judges of this state <<proetled>> thut no member	propelled
production-1869-70	838	54.3	fuithfally	that he bas <<fuithfally>> attended the sittings and promoted the	faithfully
production-1869-70	839	19.3	hwete	an act lo <<hwete>> the county seat for the county of	hete|hwee|swete|wete|whete
production-1869-70	839	34.0	ietaro	<<ietaro>> of sere the officers of the election	eitaro
production-1869-70	839	38.8	certitying	provisions of law applicable to tho canvassing <<certitying>>	certifying
production-1869-70	840	5.0	cilapter	<<cilapter>> dxviit	chapter
production-1869-70	840	5.1	dxviit	cilapter <<dxviit>>	davit
production-1869-70	840	16.8	vonaity	every person who shall feloniously steal take <<vonaity>> wr	tonality
production-1869-70	840	23.0	ciiapter	<<ciiapter>> dxix	chapter
production-1869-70	840	31.6	cbarye	or state officer or officers having <<cbarye>> of the work and all	barye
production-1869-70	840	35.11	anteriay	be used on any of said public <<anteriay>>	anteriad|arterial
production-1869-70	841	15.12	cbari	california for the support of the several <<cbari>>	bari|cabri|cari|chari|clari|mbari
production-1869-70	843	37.0	tbhercof	<<tbhercof>>	thereof
production-1869-70	843	38.0	gompensa	<<gompensa>> sku the county recorder shall receive for	compense
production-1869-70	845	20.0	comprumiee	<<comprumiee>> serorron j tho said board of supervisors	compromise
production-1869-70	846	0.11	lnesand	on the south shall be wilh reference <<lnesand>>	leland
production-1869-70	846	22.4	funrteon	feet with g street <<funrteon>> feet with h street	function
production-1869-70	846	27.2	stroots	and f <<stroots>> twenty four feet with g street thirty	stroot
production-1869-70	846	30.4	bandred	north half and ono <<bandred>> and forty feet on tho south	banded|bandied
production-1869-70	846	54.5	strocts	feet with b and c <<strocts>> eighteen feet with d	structs
production-1869-70	847	1.0	gratewel	<<gratewel>> feet with g street one hundred and	grateful
production-1869-70	847	3.0	atrect	<<atrect>> two hundred feet on the north half	arrect
production-1869-70	847	9.6	stroots	feet with b c and d <<stroots>> fifteen feet with ib street	stroot
production-1869-70	848	0.9	lmesand	nineteenth avenue with f street four foot <<lmesand>>	leland
production-1869-70	848	2.0	atrect	<<atrect>> twenty feet with j street thirty feet	arrect
production-1869-70	848	11.10	atrect	with i street four fect with j <<atrect>>	arrect
production-1869-70	848	17.1	fiftoon	nue <<fiftoon>> foot seventy rix hundredths and sixteen feet	fifteen
production-1869-70	848	35.0	ticth	<<ticth>> avenue fifty nine feet one hundredth and	tich|tilth|titch|tith
production-1869-70	849	22.0	zolat	<<zolat>> use of freight thereon provide that whenever	polat|zola|zolak|zolt
production-1869-70	849	36.2	cnuct	assembly do <<cnuct>> as follows	cnut
production-1869-70	850	25.11	cognizauce	if the magistrate or district or county <<cognizauce>>	cognizance
production-1869-70	851	16.0	couverane	<<couverane>> josé are hereby authorized empowered and directed	coverage
production-1869-70	852	3.1	nedor	classes <<nedor>> tho supervision and direction of experienced	endor|fedor|nador|neder|nedir|nedo
production-1869-70	852	9.9	namvor	each annual mooting the board shall determine <<namvor>>	favor|namor|navor
production-1869-70	852	13.6	boldiny	in the legislature provided that teachers <<boldiny>> first or second	boldin|boldine|bolding|boldini
production-1869-70	852	15.9	competitty	superintendents and the county boards of examin <<competitty>>	competitor
production-1869-70	852	43.0	tendents	<<tendents>> thereof and the payment of ono hundred	pendents|tendent|tenents|tennents
production-1869-70	853	45.0	weeury	<<weeury>> kund not otherwise appropriated which said appropriation	weekly
production-1869-70	853	47.0	eapport	<<eapport>> the california state normal school and the	apport|rapport
production-1869-70	855	3.10	appraisoment	shall be bad for tho return und <<appraisoment>>	appraisement
production-1869-70	855	9.8	ingano	testator or the probate judge shall become <<ingano>> or otherwise	ingan|insano|zingano
production-1869-70	855	26.0	citapter	<<citapter>> dxxxi	chapter
production-1869-70	855	43.1	boreed	in <<boreed>> so there shall be annually three terms	boread|bored|boree|boreen|borked|borned
production-1869-70	858	47.0	thercto	<<thercto>>	thereto
production-1869-70	859	30.0	valno	<<valno>> of sec whether the death of tho	vaino|valco|valdo|valeo|valko|vallo
production-1869-70	859	31.0	boway	<<boway>> after the passage of this act the	bogway|bowa|bowar|bowey|bowly|bway
production-1869-70	860	14.11	rrimestes	has not been selected under tho yon <<rrimestes>>	trimester
production-1869-70	861	9.8	catato	and that all expenses for which the <<catato>> is not	catalo|catto
production-1869-70	862	11.0	cieapter	<<cieapter>> dxxxv	chapter
production-1869-70	863	36.7	ousterly	and sixty feet thence at right angles <<ousterly>> two bun	outerly
production-1869-70	864	22.5	northwosterly	fect thence at right anglos <<northwosterly>> eight hundred	northwesterly
production-1869-70	865	42.0	eppint	<<eppint>> authorized and directed within thirty days after	epping|eprint
production-1869-70	872	28.11	omeers	said town shall be vested in o <<omeers>>	ameers|meers|omers
production-1869-70	872	38.6	cloction	so two weeks notice of said <<cloction>> for trustees and notice of	coction
production-1869-70	872	49.5	sursiuy	vouchers of the treasurer onu <<sursiuy>> wu wy iw viewers st sew	subsidy
production-1869-70	872	56.10	saary	ordinances shall be pamberes io the eb <<saary>>	aary|saamy|saar|saara|saarc|saare
production-1869-70	873	1.2	vagh	officers shall <<vagh>> take and subscribe an oath to support	aagh|agh|bagh|dagh|kagh|magh
production-1869-70	873	30.9	deomed	the said real and personal property whon <<deomed>>	deemed|demoed|diomed|domed|doomed
production-1869-70	873	34.8	vraut	to the interest of said town to <<vraut>> the right of	braut|kraut|raut|traut|vaut|vrat
production-1869-70	874	3.11	stectings	trustees shall meet on tho first mon <<stectings>>	settings
production-1869-70	874	16.7	oxesed	imprisonment ur both suid fine not to <<oxesed>> twenty five dol	opened
production-1869-70	875	28.10	rousonably	for his services what thoy may bo <<rousonably>>	reasonably
production-1869-70	875	30.0	jnrisdictin	<<jnrisdictin>> sko tho several justices of the peace	jurisdiction
production-1869-70	875	33.0	foiture	<<foiture>> imposed by a breach of any ordinance	coiture|voiture
production-1869-70	876	2.1	belonyz	thing <<belonyz>> ing to said town or any work	belony
production-1869-70	876	29.0	rastees	<<rastees>> shall publish a notice for the first	rasters
production-1869-70	876	34.2	toluw	duties according <<toluw>> said inspector and judges shall within certificates	tolu|tolus
production-1869-70	876	50.7	cloction	the next succeeding regular meeting unless their <<cloction>> bo	coction
production-1869-70	880	47.12	atrect	said board shall opon all bids und <<atrect>>	arrect
production-1869-70	881	9.0	inewb	<<inewb>> security for the performance of the contract	inew|inews|newb
production-1869-70	882	10.12	ascor	the duty of the county treasurer to <<ascor>> beat	accor|acor|alcor|amcor|ancor|asco
production-1869-70	882	20.7	contractod	sec tho building horoby authorized to bo <<contractod>> court houx	contracted|contractor
production-1869-70	883	16.0	plechanics	<<plechanics>> years eighteen hundred and seventy and eighteen	mechanics
production-1869-70	883	35.0	bexept	<<bexept>> an pawnbroker or pledgee or of the	bewept|exept
production-1869-70	883	37.5	stationors	of the size known by <<stationors>> os six quarto extra cap in which	stationers
production-1869-70	884	0.0	fkighteenth	<<fkighteenth>> besbion	eighteenth
production-1869-70	884	0.1	besbion	fkighteenth <<besbion>>	session
production-1869-70	884	16.9	mayis	required by the order of any committing <<mayis>>	bayis|madis|magis|mais|makis|malis
production-1869-70	884	17.12	mayis	such order may be made by auch <<mayis>>	bayis|madis|magis|mais|makis|malis
production-1869-70	884	36.10	empio	of supervisors of yolo county are say <<empio>>	empeo|empi|emplo|employ|espio|tempio
production-1869-70	885	8.0	corpratioos	<<corpratioos>> mechanical or other lawful business or purpose	corporations
production-1869-70	886	10.11	falinre	make the reports required in the two <<falinre>>	failure|faline
production-1869-70	886	16.13	tovme	requirements of the law that the xer <<tovme>>	tome|tomme|toome|torme|tove
production-1869-70	886	40.4	follown	assembly do enact ate <<follown>>	follow|followe|followi|followin|follows
production-1869-70	886	41.0	szorton	<<szorton>> tho sum of five hundred and fifty	scorton
production-1869-70	887	27.0	clocted	<<clocted>> the elective members shall hold office for	clocked|clotted|clouted
production-1869-70	888	17.0	utior	<<utior>> at such special elections bo elected by	prior|utor
production-1869-70	890	24.12	molewy	of office deliver over on demand to <<molewy>>	moley
production-1869-70	890	46.12	mueya	deposit all school moneys paid into the <<mueya>>	mbeya|mulya|munya|mutya|muya
production-1869-70	891	0.10	vonch	county treasurer shall be the only valid <<vonch>>	bonch|conch|monch|ponch|vouch
production-1869-70	891	2.9	subserip	moneys provided that for the payment of <<subserip>>	subserve
production-1869-70	891	30.0	angast	<<angast>> a financial report for the last preceding	angas|angat|angst|nagast
production-1869-70	892	6.8	putics	the county superintendent shall have power and <<putics>>	putins
production-1869-70	893	28.0	oxpenees	<<oxpenees>> sufficient sum not exceeding one hundred dollars	expenses
production-1869-70	893	42.0	echoul	<<echoul>>	school
production-1869-70	894	37.10	saperin	to bo estimated by the board of <<saperin>>	saverin
production-1869-70	895	3.0	bohool	<<bohool>> sec each county or city or incorporated	bhool|bohol
production-1869-70	895	32.0	asrics	<<asrics>> in such now district and unless within	asdics|asics|aspics
production-1869-70	896	3.2	azreo	current vote <<azreo>> to establish a union grammar school for	aereo|areo|aureo
production-1869-70	897	50.0	mootings	<<mootings>> sc no district schoo meeting annual or	footings|lootings|moolings|moorings|mooting
production-1869-70	899	26.0	ticth	<<ticth>> day of july to the county superintendent	tich|tilth|titch|tith
production-1869-70	899	40.0	mentand	<<mentand>> county and the board of trnstees of	menand|mental|montand
production-1869-70	900	42.12	cltk	or as both of district taxes in <<cltk>> may	clik|clk|clt|clts|cltv|ctk
production-1869-70	900	49.3	penholders	supplies of pens <<penholders>> pencils crayons for blackboards grate	lienholders|penholder
production-1869-70	901	19.0	jolenet	<<jolenet>> the name of the district for any	jolene
production-1869-70	901	46.10	oligi	board of education no person shull be <<oligi>>	ligi|olig|oligo|olivi|origi|origin
production-1869-70	901	51.0	srade	<<srade>>	brade|erade|grade|irade|prade|rade
production-1869-70	902	18.11	bdaca	any board of truastcos or board of <<bdaca>>	baca|braca|daca
production-1869-70	902	24.12	icavie	shall apply to schools for colored sy <<icavie>>	cave|cavie
production-1869-70	902	26.9	secturian	books tracts papers catechisms or other publication <<secturian>>	sectarian
production-1869-70	903	26.0	orealery	<<orealery>> iendent or board of education or board	creamery
production-1869-70	903	50.0	defvition	<<defvition>> incorporated cities a school month shall be	definition
production-1869-70	904	12.10	disorterly	shall have power to hold every pupil <<disorterly>>	disorderly
production-1869-70	904	43.0	zonship	<<zonship>>	donship|sonship|township
production-1869-70	905	3.9	oxpend	procure a suitable library case and shull <<oxpend>>	expend|opend|oxpen
production-1869-70	905	26.0	mbrary	<<mbrary>> power to assess and collect all fines	library
production-1869-70	905	45.0	ottten	<<ottten>> por cont of the state school fund	often|otten|outten|totten
production-1869-70	907	3.1	gontificate	examination <<gontificate>> of the first or second grade shall	pontificate
production-1869-70	908	4.0	inution	<<inution>> or who shall havo bold for one	inustion
production-1869-70	908	22.0	eeoding	<<eeoding>> their respective appointments but no person shall	eroding
production-1869-70	909	42.0	anminn	<<anminn>> education the superintendent of public instruction shall	naming
production-1869-70	910	0.0	orof	<<orof>> examination shall have power to require or	grof|olof|oof|ooof|orf|orff
production-1869-70	910	2.4	sueb	except in cases where <<sueb>> teacher is an applicant for a school	saeb|seb|seeb|sheb|sieb|sleb
production-1869-70	910	29.0	fieates	<<fieates>> revoked the cause of their revocation and	creates|fixates
production-1869-70	911	38.4	fittoon	second thoy shall deduct <<fittoon>> por cent from the equal	fitton
production-1869-70	912	10.0	tinement	<<tinement>> therein once a weck for three weeks	finement|tenement|ticement
production-1869-70	913	3.0	fqnalization	<<fqnalization>> named in said posted notices and they	finalization
production-1869-70	913	29.0	appertion	<<appertion>> seg m all state school funds apportioned	apportion
production-1869-70	914	10.14	sayy	march in oach your furnish to tho <<sayy>> ce	ayy|hayy|rayy|saby|sacy|sady
production-1869-70	914	35.8	esompt	any school district whose taxable property docs <<esompt>>	exempt
production-1869-70	916	45.0	yrouso	<<yrouso>> shall be lawful at any time between	youso
production-1869-70	917	1.1	dlvit	chapter <<dlvit>>	davit
production-1869-70	917	2.2	tocnmend	an act <<tocnmend>> an act entitled an act to incorporate	townsend
production-1869-70	918	12.0	seeund	<<seeund>> to construct and keep in repair pumps	secund
production-1869-70	918	16.0	btrocts	<<btrocts>> sidewalks and alleys of tho town and	tracts
production-1869-70	920	24.8	atrect	of lots and lands fronting on any <<atrect>> between two	arrect
production-1869-70	921	33.1	apocial	a <<apocial>> election to be held for tho purpose	asocial
production-1869-70	923	14.1	biates	other <<biates>> ong of this act issued to any	bates|biases|bites
production-1869-70	923	39.2	tukon	they were <<tukon>> up and shall post notices containing a	tuko|tumon|tunon|tuon|turon|tuson
production-1869-70	924	5.12	eordr	the notice and fifty cents for serving <<eordr>>	order
production-1869-70	924	37.4	wilbin	person or persons shall <<wilbin>> one year thereafter prove to	widbin|wilbon|wildin|wilin|wilkin|willin
production-1869-70	924	52.9	provie	provided that nothing herein contained shall bo <<provie>>	probie|prove|provi|provia|provid|provide
production-1869-70	925	11.1	cogul	fake <<cogul>> pending in any of the courts of	cogue|coul|could|mogul|vogul
production-1869-70	925	37.0	forenert	<<forenert>> state are hereby required to report to	forever
production-1869-70	926	19.0	cilapter	<<cilapter>> dilxyv	chapter
production-1869-70	926	28.7	pawsonn	district number eighteen to the showing named <<pawsonn>> to	pawson
production-1869-70	932	4.10	clocted	two years and until his successor is <<clocted>> and	clocked|clotted|clouted
production-1869-70	934	4.12	iaseno	to be at large cause such person <<iaseno>>	maseno
production-1869-70	934	22.7	premoni	this state state last from previous habits <<premoni>> ury ym	fremont
production-1869-70	935	10.8	inanne	in advance for the maintenance of such <<inanne>> ward	inane|inanna|nanne
production-1869-70	936	13.1	insuno	so <<insuno>> persons not citizens of this state may	insano|insunk|itsuno
production-1869-70	938	38.2	jogal	is no <<jogal>> claim to the same other than bis	dogal|fogal|joga|jogan|johal|joyal
production-1869-70	939	49.0	rplied	<<rplied>> elected by him so far as necessary	plied|relied|replied
production-1869-70	940	24.0	versily	<<versily>> ns tho agent of the state to	verily|versify|versity
production-1869-70	940	52.9	taods	the swamp and overflowed salt marsh and <<taods>>	tads|taos|tards|toads|tods
production-1869-70	941	14.0	approprine	<<approprine>> sgotion thesum of eleven hundred and sixty	appropriate
production-1869-70	941	14.1	sgotion	approprine <<sgotion>> thesum of eleven hundred and sixty ono	section
production-1869-70	941	14.2	thesum	approprine sgotion <<thesum>> of eleven hundred and sixty ono dollars	theasum|theseum|thesium|thesun
production-1869-70	941	35.1	innds	parchwers <<innds>> belonging to the state whose settlement is	inds|innes|innis|inns|ninds
production-1869-70	942	43.5	gonora	next general election and ivory <<gonora>> election thereafter one	bonora|donora|gomora|gongora|honora|onora
production-1869-70	943	14.9	cloction	of los angeles and at any general <<cloction>> held in said	coction
production-1869-70	944	18.11	prsution	frederick b lewis his heirs and assigns <<prsution>>	position
production-1869-70	945	9.11	thercot	be deemed to he a valid service <<thercot>>	theriot
production-1869-70	945	10.0	wdesignee	<<wdesignee>> sec in all cases where such designation	designee
production-1869-70	946	8.11	ntof	states of america entitled an act grant <<ntof>>	nof|ntf|nto|nton|stof|tof
production-1869-70	947	28.0	countic	<<countic>> guch notice in the county wherein the	countin|countis
production-1869-70	947	52.9	pablie	printed on uv bulletin board exposed to <<pablie>> view	pable|paulie
production-1869-70	948	8.0	forfeiterl	<<forfeiterl>> the board of supervisors of the county	forfeiter
production-1869-70	948	25.12	bigh	a statement in writing signed by tov <<bigh>>	bagh|beigh|bgh|bich|big|biga
production-1869-70	949	52.7	juriadic	conviction thereof before any court of competent <<juriadic>>	juridic
production-1869-70	951	2.2	ueross	mavignblo lished <<ueross>> any navigable creek stream or slough under	ucross
production-1869-70	953	26.0	srorron	<<srorron>> section ono of said act approved april	sorrow
production-1869-70	953	41.1	stroots	said <<stroots>> when tho grade and width of said	stroot
production-1869-70	953	47.0	roeta	<<roeta>> may be hereafter officially established and all	oeta|poeta|reeta|reta|rocta|roets
production-1869-70	954	6.12	ltention	this act to be dono after notice <<ltention>>	atention|tention
production-1869-70	955	4.10	bedone	shall petition anew for the work to <<bedone>>	bedene|bedote|begone|belone|betone|redone
production-1869-70	955	5.0	pavingof	<<pavingof>> provided further that in all cases of	paving
production-1869-70	957	8.11	saperin	to take said contract then the said <<saperin>>	saverin
production-1869-70	959	17.0	whento	<<whento>> bball be the duty of said assistant	when|whenso|whent
production-1869-70	959	51.0	bondof	<<bondof>> francisco said assistant city and county attorney	bondo|bondoc|bondor
production-1869-70	960	21.0	hfch	<<hfch>> eighteen hundred and sixty three is hereby	fch|hach|hch|hech|hfc|hfcs
production-1869-70	961	6.0	amosmment	<<amosmment>> an appeal at tho expiration of suid	amusement
production-1869-70	962	17.2	becharged	sought to <<becharged>> with the assessments the amount assessed	becharmed|recharged
production-1869-70	962	48.0	regitations	<<regitations>> as said board shall adopt the sume	recitations
production-1869-70	963	14.11	strocts	an act to provide for paving the <<strocts>>	structs
production-1869-70	967	5.0	veeted	<<veeted>> bato courts and in justices of the	veered|vented|vested|vetted|yeeted
production-1869-70	967	7.8	incorpv	as the legislature may establish in any <<incorpv>>	incorp
production-1869-70	967	19.4	clocted	which they were severally <<clocted>> and thereafter one justice	clocked|clotted|clouted
production-1869-70	968	21.11	patiic	for the election of state officers who <<patiic>> in	pathic|patric
production-1869-70	973	23.3	ainong	tributed pro rata <<ainong>> tbe members of the legislature	anong
production-1869-70	974	4.12	freule	should be reserved for the benefit of <<freule>>	ferule|freude|reule
production-1869-70	974	23.0	thirtcon	<<thirtcon>> millions of acres are now owned or	thirteen
production-1869-70	975	1.8	acvo	railroads and other internal improvements is earnestly <<acvo>>	acco|acho|aco|acpo|acro|acto
production-1869-70	975	24.2	poveler	leaveof h <<poveler>> county clerk of dol north county is	hoveler|peveler|popeler
production-1869-70	976	22.11	shoviff	hereby is granted to james f burns <<shoviff>> leavoor	sheriff
production-1869-70	976	31.1	tonses	both <<tonses>> having deemed it necessary by a joint	tenses|tones|tonnes|tonuses|tosses
production-1869-70	976	31.11	smend	it necessary by a joint resolution sth <<smend>>	amend|emend|mend|scend|send|shend
production-1869-70	978	16.3	birnoy	ranch catons alto <<birnoy>> falls pitt river ferry burgett	binoy|birney|birny
production-1869-70	979	27.2	intereede	requested to <<intereede>> with the federal government to procure	intercede
production-1869-70	979	33.1	frouse	summit <<frouse>> in santa cruz county and the establishing	arouse|brouse|crouse|flouse|fouse|froese
production-1869-70	979	34.6	ltouse	post offices at saratoga and summit <<ltouse>>	louse|touse
production-1869-70	982	17.10	toech	whereon it is located for tho slightest <<toech>>	koech|tech|toch|torch|touch
