production-1931-vol1-chapters	76	22.0	contamed	<<contamed>> county water district to such utility district	conamed|contained
production-1931-vol1-chapters	77	12.1	valulating	and <<valulating>> the boundaries thereof confirming the	valuating
production-1931-vol1-chapters	77	16.9	telven	all acts and proceedings heretofore had or <<telven>>	elven|tellen|telvin
production-1931-vol1-chapters	77	27.12	aistriets	provisions of an act of the legislature <<aistriets>>	districts
production-1931-vol1-chapters	77	29.8	bturs	the incorporation and organization and management of <<bturs>>	beurs|blurs|bours|btus|burs
production-1931-vol1-chapters	80	43.0	prouibitet	<<prouibitet>> charged for crossing the same	prohibited
production-1931-vol1-chapters	82	8.0	ssgg	<<ssgg>> sec section of said act is hereby	sgg|sigg|ssg|ssgs|ssgt|sugg
production-1931-vol1-chapters	84	6.0	tofvre	<<tofvre>> sold and all such gets and proceedings	tore
production-1931-vol1-chapters	86	36.5	hoosear	entitled map of the van <<hoosear>> tract castro valley ala	hooser
production-1931-vol1-chapters	86	39.8	hoosear	the northerly boundary line of said van <<hoosear>> tract	hooser
production-1931-vol1-chapters	86	42.5	hoosear	ary lines of said van <<hoosear>> tract to an intersection with	hooser
production-1931-vol1-chapters	95	10.8	vunties	only revenue producing utilities shall be acquired <<vunties>>	aunties|unties
production-1931-vol1-chapters	95	48.9	auenst	on or before the first dav of <<auenst>> thereafter	anenst
production-1931-vol1-chapters	101	7.10	amdts	of the civil code is hereby ove <<amdts>>	adts|amds|amdt|amts
production-1931-vol1-chapters	101	18.10	amdts	the civil code is hereby amended code <<amdts>>	adts|amds|amdt|amts
production-1931-vol1-chapters	101	34.10	amdts	the code of civil procedure is code <<amdts>>	adts|amds|amdt|amts
production-1931-vol1-chapters	102	0.0	veyance	<<veyance>> of real property by the judgment creditor	voyance
production-1931-vol1-chapters	102	14.0	sehware	<<sehware>> authorized and directed to lay out and	seaware
production-1931-vol1-chapters	103	15.10	frarese	sealer and deputies the number of such <<frarese>>	farese
production-1931-vol1-chapters	106	22.0	venele	<<venele>> operated upon the highways of this state	venene|venere|venule
production-1931-vol1-chapters	109	21.10	ryment	herein required to be paid shall be <<ryment>>	dyment|rament|rayment
production-1931-vol1-chapters	110	12.0	wiended	<<wiended>> peen incurred on account of such seizure	amended|wended|wielded|winded
production-1931-vol1-chapters	112	39.0	aecement	<<aecement>> equalization shall on or before the twenty	arcement|recement
production-1931-vol1-chapters	116	42.1	orement	oad <<orement>> such amounts so paid to the several	onement
production-1931-vol1-chapters	123	42.11	precimets	each of said counties for the pur <<precimets>>	precincts
production-1931-vol1-chapters	123	45.9	omcers	the boundaries of the same election officers <<omcers>> and	omers
production-1931-vol1-chapters	124	9.0	informalittes	<<informalittes>> yes and no with voting space thereafter	informalities
production-1931-vol1-chapters	125	37.8	pahee	an act authorizing and empowering any city <<pahee>> ie	lahee|paree|patee|payee|phee
production-1931-vol1-chapters	133	29.9	aporo	sum of six hundred seven thousand three <<aporo>>	adoro|aparo|aphro|apoio|apolo|apor
production-1931-vol1-chapters	133	31.7	puigne	treasury not otherwise appropriated is hereby appropriated <<puigne>> tt	puisne
production-1931-vol1-chapters	135	33.11	eamath	in tidewater can not be sold at <<eamath>>	amath|hamath|kamath|namath
production-1931-vol1-chapters	136	13.0	pitnet	<<pitnet>> pet day may be taken	bitnet|pinet|pinnet|pitney
production-1931-vol1-chapters	140	5.0	buperin	<<buperin>> the superintendent of schools six hundred dollars	buterin
production-1931-vol1-chapters	141	19.10	demarke	or deals in a particular thing may <<demarke>>	demare|demaree|demark|demarre
production-1931-vol1-chapters	143	31.10	oaran	be two thousand one hundred dollars per <<oaran>>	aaran|aran|baran|caran|daran|faran
production-1931-vol1-chapters	145	38.0	tndigents	<<tndigents>>	indigents
production-1931-vol1-chapters	146	3.0	rendence	<<rendence>> see the term residence as used in	tendence
production-1931-vol1-chapters	149	7.10	retuc	birds and mammals there is hereby created <<retuc>>	etuc|reduc|retic|retu|retuck|retur
production-1931-vol1-chapters	149	43.10	msposition	collected for any violation of the pro <<msposition>>	misposition
production-1931-vol1-chapters	159	45.0	beeoine	<<beeoine>> the property of the county except that	beeline
production-1931-vol1-chapters	167	8.10	amrits	the penal code is amended to code <<amrits>>	ambits|amrit|amrita
production-1931-vol1-chapters	167	24.11	comty	upon conviction for a public offense in <<comty>>	cmty|coaty|comay|comby|comey|comfy
production-1931-vol1-chapters	169	40.13	reresl	acts in conflict with this act are <<reresl>>	rereel|reres
production-1931-vol1-chapters	170	6.1	amdts	code <<amdts>> section section of the penal code is	adts|amds|amdt|amts
production-1931-vol1-chapters	173	19.10	leenes	is hereby declared to be an urgency <<leenes>>	leeves|lenes|leones
production-1931-vol1-chapters	174	21.1	alsike	clover <<alsike>> clover white clover field peas cow peas	alike|alsine
production-1931-vol1-chapters	174	39.6	radicata	coast dandelion eat s ear hypochaeris <<radicata>>	eradicate|radiata|radicate|radicati
production-1931-vol1-chapters	174	40.3	pestifer	russian thistle salsola <<pestifer>>	pettifer
production-1931-vol1-chapters	175	27.6	alsike	crimson clover red clover white clover <<alsike>> clover sweet	alike|alsine
production-1931-vol1-chapters	176	30.0	xemp	<<xemp>>	cemp|emp|hemp|kemp|lemp|temp
production-1931-vol1-chapters	176	36.8	recleaning	when in store for the purpose of <<recleaning>> or not	precleaning
production-1931-vol1-chapters	177	47.10	vulito	person firm or corporation who appears to <<vulito>>	julito
production-1931-vol1-chapters	179	19.1	callmg	notice <<callmg>> for the bids for the doing of	callme
production-1931-vol1-chapters	181	23.10	nusance	shall have the power to declare what <<nusance>>	nuance|nuisance|usance
production-1931-vol1-chapters	182	0.0	ehta	<<ehta>> ot sec whenever it shall become necessary	eata|ecta|edta|efta|egta|eha
production-1931-vol1-chapters	187	8.13	sudee	shall be judge of the city ls <<sudee>>	judee|mudee|sadee|sude|sudeep|sudep
production-1931-vol1-chapters	193	50.0	grnbe	<<grnbe>>	grabe|grade|grebe|grobe|grube
production-1931-vol1-chapters	197	7.11	mentification	has in his possession a radio piano <<mentification>>	dentification|entification
production-1931-vol1-chapters	200	0.0	iohows	<<iohows>>	shows
production-1931-vol1-chapters	204	9.0	pacendiary	<<pacendiary>> sec in all cases where there is	incendiary
production-1931-vol1-chapters	205	0.9	reiut	to amend section of the political code <<reiut>>	rebut|recut|reist|reit|reut
production-1931-vol1-chapters	205	20.8	sierir	sheriff three thousand six hundred dollars per <<sierir>>	sierra
production-1931-vol1-chapters	207	15.10	repciter	this class the official reporter of the <<repciter>>	reciter
production-1931-vol1-chapters	211	15.9	bints	act relating to the advertising and publication <<bints>> bs	aints|bants|bents|binds|bines|bings
production-1931-vol1-chapters	214	44.0	propetts	<<propetts>>	property
production-1931-vol1-chapters	215	4.11	seetoo	is hereby added to the politica ne <<seetoo>>	seeto|seeton
production-1931-vol1-chapters	217	23.11	mvestment	fund at the time this act takes <<mvestment>>	vestment
production-1931-vol1-chapters	219	17.0	qnissioners	<<qnissioners>>	missioners
production-1931-vol1-chapters	220	31.0	offunds	<<offunds>> tract shall be presented to the superintendent	offends
production-1931-vol1-chapters	223	0.0	sisops	<<sisops>>	sysops
production-1931-vol1-chapters	225	10.10	lteme	shall receive ten per cent of all <<lteme>>	leme|letme|ltem|teme
production-1931-vol1-chapters	226	14.0	buperin	<<buperin>> the superintendent of schools three thousand dollars	buterin
production-1931-vol1-chapters	237	0.11	exclaston	hearing of any such petition no evi <<exclaston>>	exclusion
production-1931-vol1-chapters	237	31.11	fotsonous	unlawful for any person firm or corpo <<fotsonous>>	poisonous
production-1931-vol1-chapters	239	17.8	toniity	constitutionality of act if any section subsection <<toniity>>	tonicity
production-1931-vol1-chapters	243	43.7	zempora	miscellaneous prior to the preparation of definitive <<zempora>>	tempora
production-1931-vol1-chapters	247	0.10	renuen	relating to the acquiring of property ana <<renuen>>	renken|renren
production-1931-vol1-chapters	247	7.10	fmense	board of directors of irrigation districts may <<fmense>> ot	fense|flense|mense|offense
production-1931-vol1-chapters	247	24.10	yaity	the board of directors of an irrigation <<yaity>>	baity|caity|kaity|laity|maity|yanty
production-1931-vol1-chapters	289	48.4	straumer	southerly line of the <<straumer>> tract as shown on map recorded	staumer|strammer
production-1931-vol1-chapters	290	0.0	autras	<<autras>> casterly line of main street thence southerly	astras|atras|auras|autres|outras|sutras
production-1931-vol1-chapters	290	47.10	miseel	map recorded in book pages to of <<miseel>>	misael|mishel|missel
production-1931-vol1-chapters	292	0.0	iniee	<<iniee>> center line of said right of way	inbee|indee|inee|insee
production-1931-vol1-chapters	294	3.0	straumer	<<straumer>> tract as shown on map recorded in	staumer|strammer
production-1931-vol1-chapters	299	4.0	btats	<<btats>>	bats|batts|beats|blats|boats|brats
production-1931-vol1-chapters	300	44.0	epned	<<epned>> thereby	ened
production-1931-vol1-chapters	301	6.9	pubbe	appropriation is made herein for the con <<pubbe>>	bubbe|jubbe|lubbe|pubbed|pubble|pube
production-1931-vol1-chapters	301	7.8	pbalanees	improvement or repair of any building structure <<pbalanees>>	balances
production-1931-vol1-chapters	301	28.0	plovees	<<plovees>> of assembly thirty thousand dollars	plovers
production-1931-vol1-chapters	302	40.0	beardeon	<<beardeon>> sor support of state board of equalization	bearden|beardon
production-1931-vol1-chapters	303	15.5	constita	for printing constitutional amendments secretary <<constita>>	constit|constitu
production-1931-vol1-chapters	305	17.7	behool	two hundred twenty three thousand eight hun <<behool>>	befool|behoof|behoot|behowl|bhool
production-1931-vol1-chapters	307	14.6	homatal	million four hundred four thousand nine <<homatal>>	hematal
production-1931-vol1-chapters	307	47.7	boraton	for support of stockton state hospital one <<boraton>>	borton
production-1931-vol1-chapters	310	25.0	avigame	<<avigame>> department of natural resources two million	avigate|navigate
production-1931-vol1-chapters	310	42.0	indgas	<<indgas>> department of natural resources four hundred	indias
production-1931-vol1-chapters	311	38.6	deparumen	for support of department of penology <<deparumen>>	departmen|department
production-1931-vol1-chapters	312	34.6	eommis	crmecom kor support of california crime <<eommis>>	commis|emmis
production-1931-vol1-chapters	313	45.7	mreable	for support of department of public health <<mreable>>	meable
production-1931-vol1-chapters	314	21.0	vorss	<<vorss>> exclusive of the division of highways and	forss|morss|vores|voris|voros|vors
production-1931-vol1-chapters	315	10.0	logiea	<<logiea>> survey department of public works	logia|logica|logie|logier|logies
production-1931-vol1-chapters	317	13.6	sloners	missioners san francisco four million two <<sloners>>	cloners|loners|slopers|slovers|sooners|stoners
production-1931-vol1-chapters	317	22.6	eiseo	for construction and improvements of bam <<eiseo>>	eisco|eise|eisel|eisen|eiser|eliseo
production-1931-vol1-chapters	317	33.6	pnscel	for official advertising three thousand dol <<pnscel>>	parcel
production-1931-vol1-chapters	318	21.0	faments	<<faments>> sec the state controller is hereby expressly	aments|foments|laments
production-1931-vol1-chapters	321	40.1	rborr	i <<rborr>>	borr
production-1931-vol1-chapters	324	0.0	maeti	<<maeti>> sec a said institution may manufacture or	laeti|maati|maiti|malti|manti|marti
production-1931-vol1-chapters	325	33.10	wraens	he deems wise public spirited citizens to <<wraens>>	wrens
production-1931-vol1-chapters	327	9.3	watereore	internal breakdown visible <<watereore>> bruises except such	waterborne
production-1931-vol1-chapters	332	17.0	aels	<<aels>> load ship transport offer for sale or	aals|abels|acls|adls|aecs|aeds
production-1931-vol1-chapters	332	31.0	hntoree	<<hntoree>> sec the director of agriculture is hereby	entree
production-1931-vol1-chapters	333	28.11	smiations	the county city and county or city <<smiations>>	stations
production-1931-vol1-chapters	333	34.7	vllations	sec any apples delivered for shipment loaded <<vllations>>	illations
production-1931-vol1-chapters	336	31.0	dstets	<<dstets>> of this act shall have power to	stets
production-1931-vol1-chapters	338	0.10	utilrires	act to amend section of the public <<utilrires>> act relating	utilizes
production-1931-vol1-chapters	338	8.0	meriate	<<meriate>> when specifically so stated shall apply or	mediate|merite|muriate|seriate
production-1931-vol1-chapters	338	9.0	wioew	<<wioew>> apply to commerce with foreign nations or	wieew
production-1931-vol1-chapters	341	38.7	srivmn	sec every bank having different departments shall <<srivmn>>	driven
production-1931-vol1-chapters	342	23.0	bioeh	<<bioeh>> see no bank mentioned in this act	bireh|both
production-1931-vol1-chapters	342	24.0	habilits	<<habilits>> contract with any of its depositors whereby	habilis|hability
production-1931-vol1-chapters	346	17.0	uubty	<<uubty>> bond poration must be secured by a	duty
production-1931-vol1-chapters	346	21.8	contaming	a first mortgage or died of trust <<contaming>> provisions	containg
production-1931-vol1-chapters	349	17.11	paehase	necessary to prevent loss to any savings <<paehase>>	phase
production-1931-vol1-chapters	349	18.11	mestment	owned or on a debt previously contracted <<mestment>>	vestment
production-1931-vol1-chapters	351	19.13	prenaties	the neglect or failure of the secretary <<prenaties>>	penalties
production-1931-vol1-chapters	353	8.10	dnetor	such bank or on the endorsement surety <<dnetor>>	detor
production-1931-vol1-chapters	353	47.12	siiiy	any such bank may fix the total <<siiiy>>	siii|sixty
production-1931-vol1-chapters	355	41.11	timitation	of its paid up capital and surplus <<timitation>>	imitation|limitation
production-1931-vol1-chapters	357	11.0	ieluding	<<ieluding>> secured deposits of public moneys as shown	deluding|eluding
production-1931-vol1-chapters	361	40.11	qikerse	any bank or trust company doing busi <<qikerse>>	diverse
production-1931-vol1-chapters	364	15.0	famnent	<<famnent>> see the acquisition of land for the	manent
production-1931-vol1-chapters	365	13.11	seherules	shall engage or participate in the transpor <<seherules>>	schedules|spherules
production-1931-vol1-chapters	365	19.10	buuen	or less or different compensation for the <<buuen>>	bauen|bruen|buen|bulen|buren|buuren
production-1931-vol1-chapters	365	31.10	bdden	mmdirectly issue give or tender any free <<bdden>>	baden|beden|bidden|biden|bodden|boden
production-1931-vol1-chapters	365	33.10	evcertions	within this state except to its officers <<evcertions>>	exceptions
production-1931-vol1-chapters	366	28.0	famies	<<famies>> in the employment of any such earlier	amies|facies|fames|familes|famines|faries
production-1931-vol1-chapters	366	47.0	frement	<<frement>> papers and magazines and the members of	ferment|fremen|fremont|froment
production-1931-vol1-chapters	371	43.10	hnumee	of finance of the state of california <<hnumee>> t	hume
production-1931-vol1-chapters	378	5.0	amdts	<<amdts>> section section of the political code is	adts|amds|amdt|amts
production-1931-vol1-chapters	378	7.0	hsuanee	<<hsuanee>> the register must thereupon credit each purchaser	suanee
production-1931-vol1-chapters	381	3.10	psrosition	a patient is returned to the committing <<psrosition>>	position
production-1931-vol1-chapters	382	38.10	reeogniz	plants of the state of california by <<reeogniz>>	recognize
production-1931-vol1-chapters	383	1.9	rnoge	exclusive privilege shall be granted for a <<rnoge>>	roge|ronge
production-1931-vol1-chapters	385	13.10	bpecifi	or tent hereafter erected in an auto <<bpecifi>>	specifi
production-1931-vol1-chapters	385	28.10	pramace	building or tent hereafter erected in an <<pramace>>	pramac
production-1931-vol1-chapters	393	36.9	rudation	in any school district high school dis <<rudation>>	nudation|sudation
production-1931-vol1-chapters	395	23.10	tmprison	the defendant pay a fine may also <<tmprison>>	imprison
production-1931-vol1-chapters	395	35.9	amdts	of the penal code is hereby amended <<amdts>>	adts|amds|amdt|amts
production-1931-vol1-chapters	395	37.10	toprison	the defendant pay a fine may also <<toprison>>	prison
production-1931-vol1-chapters	398	42.0	pnended	<<pnended>> entitled an act authorizing the establishment of	pended|unended
production-1931-vol1-chapters	400	3.0	patoa	<<patoa>> section section of chapter statutes entitled	katoa|pahoa|pata|patao|patea|patha
production-1931-vol1-chapters	401	22.11	prean	of the canvass of the bal order <<prean>>	arean|brean|crean|frean|grean|orean
production-1931-vol1-chapters	406	29.1	asunst	suit <<asunst>> hereby authorized to bring suit against the	assist
production-1931-vol1-chapters	417	47.9	pubhe	administrator such fees as are now or <<pubhe>>	dubhe|pube|puhe
production-1931-vol1-chapters	419	27.9	jpstiees	the peace shall receive the following sal <<jpstiees>>	justices
production-1931-vol1-chapters	424	41.0	btansslaus	<<btansslaus>> sec x the sealer of weights and	stanislaus
production-1931-vol1-chapters	425	1.9	imenied	probation officers in counties of the nineteenth <<imenied>>	amended
production-1931-vol1-chapters	425	17.8	mnended	to the powers of water conservation districts <<mnended>>	mended|unended
production-1931-vol1-chapters	427	37.7	hichion	to establish abolish and change election precincts <<hichion>>	diction
production-1931-vol1-chapters	431	24.11	msposition	be enclosed the voted ballots only in <<msposition>>	misposition
production-1931-vol1-chapters	433	40.8	susitor	auditor three thousand dollars per annum provided <<susitor>>	suitor
production-1931-vol1-chapters	445	6.9	aerotey	of state for services performed in his <<aerotey>>	aerotek
production-1931-vol1-chapters	447	41.9	cutlon	proceeding is for an unlawful detainer after <<cutlon>>	cutton
production-1931-vol1-chapters	449	8.12	detnquents	and the court has made an order <<detnquents>>	delinquents
production-1931-vol1-chapters	453	38.0	ceffer	<<ceffer>> for sale exchange or delivery or to	coffer|cuffer|deffer|effer|feffer|heffer
production-1931-vol1-chapters	463	22.8	leense	or occupation of manufacturing selling dealing in <<leense>>	leese|lense
production-1931-vol1-chapters	467	2.10	comamers	hereby declared unlawful for any person firm <<comamers>>	comakers|commers
production-1931-vol1-chapters	469	0.8	gormen	a duties of department of agriculture it <<gormen>>	formen|garmen|germen|godmen|gomen|gorden
production-1931-vol1-chapters	470	18.0	inerterence	<<inerterence>> power of official representatives of department of	interference
production-1931-vol1-chapters	471	5.10	biats	amend sections and of the juvenile court <<biats>>	baits|bats|beats|bias|bits|bitts
production-1931-vol1-chapters	474	14.1	amdts	code <<amdts>> section section of the code of civil	adts|amds|amdt|amts
production-1931-vol1-chapters	477	33.10	organuzatio	organize as such board by choosing from <<organuzatio>>	organization
production-1931-vol1-chapters	480	24.0	thelbe	<<thelbe>> sec except as otherwise provided herein all	thebe|thele
production-1931-vol1-chapters	480	45.0	isability	<<isability>>	disability|inability|usability|visability
production-1931-vol1-chapters	486	0.0	eranen	<<eranen>> branch means any office or other place	branen|keranen|ranen
production-1931-vol1-chapters	488	7.0	notlee	<<notlee>> such association the commissioner however shall not	notley
production-1931-vol1-chapters	490	32.0	teserse	<<teserse>> ped	reserve
production-1931-vol1-chapters	490	42.0	franeh	<<franeh>> transacted at the principal office of a	franch|frane|franek|franey
production-1931-vol1-chapters	492	38.2	ofmm	and eri <<ofmm>> the periodical dues on shares in each	fmm|ofdm|ofm|ofmy|omm
production-1931-vol1-chapters	494	9.0	teestock	<<teestock>> stock shall be of one class shall	feedstock
production-1931-vol1-chapters	498	27.0	andtme	<<andtme>> upon the withdrawal of any sum evidenced	andthe
production-1931-vol1-chapters	499	28.13	foimate	or before the date fixed for such <<foimate>>	formate
production-1931-vol1-chapters	503	23.10	fefered	or not an association is on notice <<fefered>>	fevered|refered
production-1931-vol1-chapters	505	11.10	sastien	rata basis payment of such matured withdrawal <<sastien>>	bastien
production-1931-vol1-chapters	507	14.7	ummun	sec minimum amount of withdrawals at least <<ummun>>	immun
production-1931-vol1-chapters	510	29.0	hquidation	<<hquidation>> oe	liquidation
production-1931-vol1-chapters	513	41.10	aarrea	have power to issue shares and invest <<aarrea>>	area|barrea|larrea
production-1931-vol1-chapters	516	15.0	gertam	<<gertam>> sub school district in this state	gerta|gram
production-1931-vol1-chapters	516	16.0	imest	<<imest>> ments bonds other securities and bankers acceptances	iest|imes|imet|impest|imust|mest
production-1931-vol1-chapters	517	18.11	anurtize	this act an amortized loan shall he <<anurtize>>	amortize
production-1931-vol1-chapters	518	0.0	emotmed	<<emotmed>> o association at any one time shall	emoted
production-1931-vol1-chapters	519	40.11	ummprove	one time shall have invested in long <<ummprove>>	improve
production-1931-vol1-chapters	520	31.0	mnvesiment	<<mnvesiment>> loans secured by the pledge of free	investment
production-1931-vol1-chapters	520	32.0	certifleates	<<certifleates>> tificates may he made to the extent	certificates
production-1931-vol1-chapters	523	15.12	nypotheca	illegal as to the lender an associa <<nypotheca>>	hypotheca
production-1931-vol1-chapters	524	29.2	havmg	withholding fourth <<havmg>> the custody or control of its books	havig
production-1931-vol1-chapters	524	34.0	ehortion	<<ehortion>> sec apportionment of profits profits and losses	portion
production-1931-vol1-chapters	527	18.10	parliss	corporation and loans made by an association <<parliss>>	arliss|parlish|parties
production-1931-vol1-chapters	527	46.10	appoitme	and each salesman shall be appointed in <<appoitme>>	appointee
production-1931-vol1-chapters	528	45.0	nondor	<<nondor>> soof damages resulting from such injuries or	bondor|condor|gondor|kondor|mondor|nandor
production-1931-vol1-chapters	529	31.9	acents	principal office of the association involved an <<acents>>	accents|agents|aments|arents|ascents|cents
production-1931-vol1-chapters	529	37.9	teense	without charge and upon surrender of any <<teense>>	teenie|teens|teensy|teese|tense
production-1931-vol1-chapters	530	6.0	eenses	<<eenses>> surrendered to the commissioner if it shall	censes|genses|lenses|menses|senses|tenses
production-1931-vol1-chapters	531	23.7	bulims	src restrictions on name building and loan <<bulims>>	bulimus|bulimy
production-1931-vol1-chapters	533	20.8	kmtm	foreign association issuing any securities other than <<kmtm>>	kmm|kmt|kmtv|ktm|mtm|smtm
production-1931-vol1-chapters	533	40.6	adhertasing	sec restrictions on advertising no association <<adhertasing>>	advertising
production-1931-vol1-chapters	535	7.0	cleath	<<cleath>> does not exceed in the aggregate the	cleach|cleanth|cleat|cleats|cliath|leath
production-1931-vol1-chapters	536	46.0	motibited	<<motibited>> directly or indirectly in any association nor	motivated
production-1931-vol1-chapters	537	0.0	nhavion	<<nhavion>>	nation|navion
production-1931-vol1-chapters	537	30.13	uons	or more of his deputies or examiners <<uons>>	bons|cons|dons|eons|fons|gons
production-1931-vol1-chapters	541	11.8	disaf	within six months after taking such possession <<disaf>> disafirmanc	disa|disap|disas|isaf
production-1931-vol1-chapters	541	11.9	disafirmanc	six months after taking such possession disaf <<disafirmanc>>	disaffirmance
production-1931-vol1-chapters	541	18.9	cimms	assets of any association pursuant to section <<cimms>>	cims|cmms|comms|dimms|imms|mimms
production-1931-vol1-chapters	541	48.10	landation	association the commissioner shall have power to <<landation>>	laudation|mandation|pandation
production-1931-vol1-chapters	543	11.10	zresental	such actions shall be forever barred all <<zresental>>	presental
production-1931-vol1-chapters	545	0.7	cieced	sec disposition of moneys all moneys collected <<cieced>>	pieced
production-1931-vol1-chapters	546	0.0	seriping	<<seriping>> their duties powers and compensation providing for	striping
production-1931-vol1-chapters	547	40.10	continuatto	in continuation of prior law this act <<continuatto>>	continuation
production-1931-vol1-chapters	549	3.8	stucti	construction not affected by title or headings <<stucti>>	stucki|stuti
production-1931-vol1-chapters	549	8.11	tractsin	agreement or contract contrary to the provi <<tractsin>>	tracts
production-1931-vol1-chapters	550	39.0	certifeates	<<certifeates>> cues certificates shall be issued to each	certificates
production-1931-vol1-chapters	551	10.8	feprement	retiring free shares the directors may in <<feprement>>	represent
production-1931-vol1-chapters	552	7.0	velaben	<<velaben>> who on behalf of any such corporation	velamen
production-1931-vol1-chapters	553	4.10	forecio	may purchase at any sale public or <<forecio>>	forego
production-1931-vol1-chapters	554	1.0	sewureby	<<sewureby>> shall be made upon a ratable and	securely
production-1931-vol1-chapters	554	44.0	avaed	<<avaed>> fixing the price terms and conditions of	avard
production-1931-vol1-chapters	559	12.11	seetlon	to be numbered section is hereby ee <<seetlon>>	seeton
production-1931-vol1-chapters	559	23.9	applation	for such license shall be in writing <<applation>>	application
production-1931-vol1-chapters	562	46.0	rewling	<<rewling>> direction and the treasurer shall pay the	jewling|mewling|newling|rawling|reeling|refling
production-1931-vol1-chapters	569	1.7	fxempten	nothing herein contained shall prevent the continuance <<fxempten>>	exempted
production-1931-vol1-chapters	570	15.8	examima	their identity until after the post mortem <<examima>>	examine
production-1931-vol1-chapters	574	34.0	sellned	<<sellned>> to aid an insurance agent or broker	sellner
production-1931-vol1-chapters	577	0.11	wiitions	broker shall at the same time be <<wiitions>>	editions
production-1931-vol1-chapters	581	7.10	examunatio	be the duty of the insurance commissioner <<examunatio>>	examination
production-1931-vol1-chapters	584	35.0	laguid	<<laguid>> eggs section liquid eggs frozen eggs dried	languid
production-1931-vol1-chapters	588	28.0	fabidity	<<fabidity>> of no will made out of this	rabidity
production-1931-vol1-chapters	589	17.11	lettons	any institution belonging to the state or <<lettons>>	leptons|letton
production-1931-vol1-chapters	591	0.10	yyem	is not revoked by a subsequent will <<yyem>>	yem|ylem
production-1931-vol1-chapters	592	4.1	codictls	of <<codictls>> the revocation of a will revokes all	codicils
production-1931-vol1-chapters	594	10.0	survivorsimp	<<survivorsimp>> simply relate to the time of the	survivorship
production-1931-vol1-chapters	594	24.0	msposition	<<msposition>> a devise or bequest of all the	misposition
production-1931-vol1-chapters	594	25.12	denot	express terms or in any other terms <<denot>>	denat|deno|denom|denon|denos|denote
production-1931-vol1-chapters	595	12.6	leeacies	legacies are distinguished and designated according <<leeacies>>	legacies
production-1931-vol1-chapters	595	34.11	taiyers	chapter are in all cases to be <<taiyers>>	tailers|taivers
production-1931-vol1-chapters	596	21.0	eontrat	<<eontrat>> disposing of it by will is succeeded	contract|contrat
production-1931-vol1-chapters	596	25.0	sunasing	<<sunasing>> if the decedent leaves a surviving spouse	sensing
production-1931-vol1-chapters	597	5.9	suunne	decedent leaves neither issue spouse parent no <<suunne>>	sunne
production-1931-vol1-chapters	597	37.10	cesrd	came to the decedent from such spouse <<cesrd>>	cerd|cesr|esrd
production-1931-vol1-chapters	597	49.3	snecession	hereinabove provided for <<snecession>> by next of kin	secession
production-1931-vol1-chapters	598	41.0	guinit	<<guinit>> people who spring from a common ancestor	guinot|unit
production-1931-vol1-chapters	599	24.10	awpte	succeeds to the estate of one who <<awpte>>	apte|waste
production-1931-vol1-chapters	601	1.10	comtor	another person becomes judge of the court <<comtor>>	comfor
production-1931-vol1-chapters	602	5.0	nuneupative	<<nuneupative>> no proof shall be received of a	nuncupative
production-1931-vol1-chapters	603	31.10	surssion	minutes by the clerk with the notation <<surssion>>	session
production-1931-vol1-chapters	603	42.0	tinetly	<<tinetly>> proved by at least two credible witnesses	tinety
production-1931-vol1-chapters	604	22.0	umect	<<umect>> ot s in the case of an	humect
production-1931-vol1-chapters	604	35.0	iimne	<<iimne>> any person interested may contest the will	iine|imine|timne
production-1931-vol1-chapters	606	24.0	seqrient	<<seqrient>> probate of another will of the decedent	sequent
production-1931-vol1-chapters	606	29.0	ofletters	<<ofletters>> funeral charges and take necessary measures for	letters
production-1931-vol1-chapters	607	36.10	iycq	which executors named in the will would <<iycq>>	icq|iyc
production-1931-vol1-chapters	609	0.9	comenso	for letters of administration must be im <<comenso>>	colenso|comes
production-1931-vol1-chapters	610	21.0	appemt	<<appemt>> or of administration or when letters are	appelt|appert|appet
production-1931-vol1-chapters	610	34.0	eatte	<<eatte>> g the appointment preference must ordinarily be	atte|batte|catte|datte|easte|eate
production-1931-vol1-chapters	610	38.0	kttes	<<kttes>> except to a public administrator he must	ettes|kates|kites
production-1931-vol1-chapters	612	25.0	gurdin	<<gurdin>> the business of a trust company in	durdin|gardin|gordin|gourdin|gudin|gurden
production-1931-vol1-chapters	613	1.7	jinin	letters of administration or of special administra <<jinin>>	dinin|inin|janin|jenin|jilin|jimin
production-1931-vol1-chapters	613	34.9	inoapacty	the executors or administrators die or become <<inoapacty>>	incapacity
production-1931-vol1-chapters	614	13.0	andremy	<<andremy>> believe from his own knowledge or from	andrey
production-1931-vol1-chapters	615	6.2	oatus	cuaprerr vij <<oatus>> anp bonps	aotus|atus|catus|datus|latus|matus
production-1931-vol1-chapters	615	6.4	bonps	cuaprerr vij oatus anp <<bonps>>	bonas|bonds|bones|bongs|bonis|bonks
production-1931-vol1-chapters	615	33.11	prrerty	be necessary to make the total penalty <<prrerty>>	property
production-1931-vol1-chapters	616	26.0	bieees	<<bieees>> if the court or judge is satisfied	bienes
production-1931-vol1-chapters	617	17.8	peycation	the executor or administrator neglects or refuses <<peycation>>	peccation|plication
production-1931-vol1-chapters	620	6.0	eehy	<<eehy>> no executor or administrator may purchase any	eeh|eely|eeny|eery|eey|ehy
production-1931-vol1-chapters	620	11.0	imesiment	<<imesiment>> pending the settlement of an estate on	impediment
production-1931-vol1-chapters	620	19.0	eode	<<eode>>	beode|bode|code|dode|eade|edde
production-1931-vol1-chapters	621	3.10	evecutor	any just claim which the testator has <<evecutor>>	executor
production-1931-vol1-chapters	621	22.9	prssers	three disinterested persons one of whom must <<prssers>>	passers|pissers|pressers
production-1931-vol1-chapters	621	29.12	appruser	person related to the judge or to <<appruser>>	appraiser
production-1931-vol1-chapters	621	33.12	prake	estate is in a county other than <<prake>>	arake|brake|crake|drake|frake|krake
production-1931-vol1-chapters	621	43.10	itemved	and ability they must appraise the property <<itemved>>	itemized
production-1931-vol1-chapters	622	23.0	bezzler	<<bezzler>> etc administrator or other person interested in	bezzle
production-1931-vol1-chapters	622	39.0	minaton	<<minaton>> to an examination or to answer such	minato|minton
production-1931-vol1-chapters	624	3.0	partyen	<<partyen>> sufficient acquittance therefor and shall fully discharge	partyin
production-1931-vol1-chapters	624	21.0	mmnistration	<<mmnistration>> above all liens or encumbrances of record	ministration
production-1931-vol1-chapters	627	41.11	seemide	lifetime of the decedent is set apart <<seemide>>	seaside
production-1931-vol1-chapters	628	31.0	cuarter	<<cuarter>> xii presentation and payment of claims	carter|charter|cuartel|curter|quarter
production-1931-vol1-chapters	629	39.9	amadavit	which is due when filed or presented <<amadavit>>	amadavat
production-1931-vol1-chapters	630	2.0	fonnted	<<fonnted>> on if the claim is founded on	fonted
production-1931-vol1-chapters	630	14.0	untract	<<untract>>	contract|untrace
production-1931-vol1-chapters	632	11.0	ofecam	<<ofecam>> allow or approve a claim in part	fecal
production-1931-vol1-chapters	634	12.0	auntng	<<auntng>> that purpose or some memorandum or note	hunting
production-1931-vol1-chapters	634	45.0	chaaprer	<<chaaprer>> xiij sa gas	chapter
production-1931-vol1-chapters	634	45.1	xiij	chaaprer <<xiij>> sa gas	iij|xii|xiie|xiii
production-1931-vol1-chapters	634	48.0	ofdebts	<<ofdebts>> nates the estate to be appropriated for	debts
production-1931-vol1-chapters	635	10.5	negacies	legacies in the following order <<negacies>>	legacies
production-1931-vol1-chapters	635	20.9	fontrbution	given by will to persons other than <<fontrbution>>	contribution
production-1931-vol1-chapters	639	1.9	prasement	proceedings the notice of hearing hereinbefore provided <<prasement>>	erasement|pratement
production-1931-vol1-chapters	639	12.9	jwyue	hearing the court must examine into the <<jwyue>> or	joyce
production-1931-vol1-chapters	639	47.7	fuurem	if after the confirmation the purchaser neglects <<fuurem>>	future
production-1931-vol1-chapters	640	3.0	iolen	<<iolen>> mortgage or other lien which is a	bolen|colen|dolen|holen|iole|molen
production-1931-vol1-chapters	647	15.11	deseetion	or legatee for a higher compensation than <<deseetion>>	desertion
production-1931-vol1-chapters	648	15.0	aceountng	<<aceountng>> whenever required by the court or a	accounting
production-1931-vol1-chapters	650	5.0	vimary	<<vimary>> item of expenditure not exceeding twenty dollars	primary|vicary|vivary
production-1931-vol1-chapters	650	31.0	seealso	<<seealso>> tration and the charges against the estate	seals
production-1931-vol1-chapters	654	8.0	aniong	<<aniong>> the persons entitled thereto a statement of	andong|aning|anion|anions|anong
production-1931-vol1-chapters	655	22.4	ademptions	article v advancements and <<ademptions>>	ademption
production-1931-vol1-chapters	655	23.9	ademp	before death shall be considered as an <<ademp>> gitte bes	adeep|adem|adema
production-1931-vol1-chapters	655	41.10	vapety	of the property so advanced is expressed <<vapety>>	safety
production-1931-vol1-chapters	660	38.0	mimstrator	<<mimstrator>> immediate charge of the property within his	ministrator
production-1931-vol1-chapters	660	47.0	yudminister	<<yudminister>>	administer
production-1931-vol1-chapters	662	46.0	amdavit	<<amdavit>> one who is so interested and he	davit
production-1931-vol1-chapters	664	8.0	berv	<<berv>> ca on the clerk must set the	beav|ber|bera|berd|bere|berg
production-1931-vol1-chapters	665	20.10	pettbe	of a petition relating to the family <<pettbe>>	pette|pettee|pettie|pettle
production-1931-vol1-chapters	667	38.11	cotbed	at a place other than the county <<cotbed>>	cobbed|combed|cotted|hotbed
production-1931-vol1-chapters	669	28.12	suardiuns	the person or of the general estate <<suardiuns>>	guardians
production-1931-vol1-chapters	670	2.0	polntment	<<polntment>> insane or incompetent persons whenever necessary or	pointment
production-1931-vol1-chapters	672	16.0	cyarrer	<<cyarrer>> v appppointment of guardians for insane	carrer
production-1931-vol1-chapters	673	29.2	oatus	chapter vi <<oatus>> bonps ann letters	aotus|atus|catus|datus|latus|matus
production-1931-vol1-chapters	673	29.3	bonps	chapter vi oatus <<bonps>> ann letters	bonas|bonds|bones|bongs|bonis|bonks
production-1931-vol1-chapters	673	47.0	ianship	<<ianship>> shall issue to the person appointed substantially	inship|manship
production-1931-vol1-chapters	674	0.0	aoaton	<<aoaton>> before any sale of real property s	abaton
production-1931-vol1-chapters	675	9.8	reimbure	as hereinafter provided when a guardian has <<reimbure>>	reimburse
production-1931-vol1-chapters	675	26.11	hwing	sufficient for his support maintenance and father <<hwing>>	awing|ewing|haing|hawing|hewing|hing
production-1931-vol1-chapters	676	34.0	formnor	<<formnor>> litigation pending before it it may direct	former
production-1931-vol1-chapters	678	1.0	tilfr	<<tilfr>> ship confined in a state hospital for	tifr|tiler
production-1931-vol1-chapters	678	23.0	rterate	<<rterate>> promissory notes for money borrowed mortgages	iterate|rerate
production-1931-vol1-chapters	678	42.0	praisement	<<praisement>> cause may allow the guardian must file	appraisement
production-1931-vol1-chapters	679	8.10	fulwe	neglects or refuses to file the inven <<fulwe>>	fulbe|fule|fulke|fulle|fulwa
production-1931-vol1-chapters	680	21.1	jarchp	pi <<jarchp>> sons interested in such manner as deemed	march
production-1931-vol1-chapters	682	17.1	xiji	craprter <<xiji>> notices and procedure	biji|eiji|fiji|iji|jiji|kiji
production-1931-vol1-chapters	682	19.0	pecia	<<pecia>>	aecia|lecia|mecia|peca|pecha|pecial
production-1931-vol1-chapters	683	24.10	hewln	of the petition the court or judge <<hewln>>	held|hewn
production-1931-vol1-chapters	683	47.2	duasion	by him <<duasion>> sil	duration|suasion
production-1931-vol1-chapters	685	14.13	mneee	certificate of the director or his foe <<mneee>>	meee|meeee|mneme|neee
production-1931-vol1-chapters	686	8.1	neeount	file <<neeount>> moneys received by him from the bureau	recount
production-1931-vol1-chapters	696	11.1	misbrands	wilfully <<misbrands>> adulterates or otherwise misrepresents or	misbrand
production-1931-vol1-chapters	698	41.0	orfnal	<<orfnal>> determine and find that it would not	oral
production-1931-vol1-chapters	701	44.11	omcers	have all the rights powers and and <<omcers>>	omers
production-1931-vol1-chapters	705	8.10	proceedtr	suspend or revoke a certificate under the <<proceedtr>>	proceeder
production-1931-vol1-chapters	707	23.0	ctlapter	<<ctlapter>>	chapter
production-1931-vol1-chapters	709	33.2	nulure	ment the <<nulure>> of which is described hereinafter in and	nuture
production-1931-vol1-chapters	711	42.8	paillt	section of the political code is hereby <<paillt>>	aillt|paille|pilot
production-1931-vol1-chapters	715	3.10	tsurer	shall receive a salary of three thou <<tsurer>>	surer|tourer|turer|usurer
production-1931-vol1-chapters	715	38.5	ministrate	hereafter be allowed by law <<ministrate>>	magistrate
production-1931-vol1-chapters	720	1.0	teauance	<<teauance>> if it appear that two thirds of	tendance
production-1931-vol1-chapters	724	19.0	eution	<<eution>>	ection|edtion|elution|euton|lution|section
production-1931-vol1-chapters	725	17.11	peorttin	officer whose salary is hereby fixed at <<peorttin>>	pertain
production-1931-vol1-chapters	729	6.8	suenn	superintendent of schools two thousand two hun <<suenn>>	senn|suen|suena|sueno|suent|sunn
production-1931-vol1-chapters	731	17.6	beclamatior	section whenever proceedings have heretofore been <<beclamatior>>	reclamation
production-1931-vol1-chapters	731	43.1	inelu	hands <<inelu>> iine refunding bonds	inclu|inel|influ|nelu
production-1931-vol1-chapters	737	20.12	disere	in such manner as it in its <<disere>>	desere|diseme|isere|lisere|misere
production-1931-vol1-chapters	737	45.8	legilatwe	legislature hereby declares that said percentage are <<legilatwe>>	legislate
production-1931-vol1-chapters	737	46.11	pohey	has determined to be a relatively fair <<pohey>>	ohey|poey|pogey|poher|pokey|poley
production-1931-vol1-chapters	738	15.0	usapter	<<usapter>>	chapter
production-1931-vol1-chapters	738	31.0	pubhe	<<pubhe>> works find control work within the sacramento	dubhe|pube|puhe
production-1931-vol1-chapters	742	0.0	sudpt	<<sudpt>> da tipe	supt
production-1931-vol1-chapters	742	9.5	ashpans	fire or sparks from sinokestacks <<ashpans>> fire boxes or other	ashcans|ashpan
production-1931-vol1-chapters	742	24.0	guisher	<<guisher>> tractor engine machine or auto truck in	guiser|gusher
production-1931-vol1-chapters	743	34.0	cilapter	<<cilapter>>	chapter
production-1931-vol1-chapters	748	12.0	whereno	<<whereno>> if the board of appeal shall decide	whereon|whereso|whereto
production-1931-vol1-chapters	749	5.9	obves	same may be destroyed or under appropriate <<obves>>	boves|obes|oboes|obvs|over|oves
production-1931-vol1-chapters	756	3.0	appetin	<<appetin>> any person aggrieved by the decision of	appertain|appetit
production-1931-vol1-chapters	758	0.0	wihswer	<<wihswer>> said lists when completed shall be fied	widower
production-1931-vol1-chapters	758	16.0	thawee	<<thawee>> on of the entire assessment if the	thawed|thawer|thawne
production-1931-vol1-chapters	758	29.0	assessinent	<<assessinent>>	assessment
production-1931-vol1-chapters	758	49.0	repured	<<repured>> board of supervisors or allowed in any	reputed
production-1931-vol1-chapters	761	3.12	sileor	last publication of said notice and at <<sileor>>	sileo|siler
production-1931-vol1-chapters	767	1.10	mvestment	been investigated and certified by any officer <<mvestment>>	vestment
production-1931-vol1-chapters	767	44.11	nommation	order entered in its minutes upon request <<nommation>>	commation
production-1931-vol1-chapters	772	6.0	notlee	<<notlee>> of not less than once a week	notley
production-1931-vol1-chapters	773	14.11	kyter	portion of the bonds based on such <<kyter>>	kater|keter|kiter|kter|kyber|kyler
production-1931-vol1-chapters	773	34.11	yotre	and the time and place of holding <<yotre>>	notre|votre|yore|yote|youre
production-1931-vol1-chapters	776	38.0	appieation	<<appieation>> select nothing herein contained shall be held	application
production-1931-vol1-chapters	777	17.8	lamita	may be issued by such districts authorizing <<lamita>>	amita|damita|lalita|lamia|lamina|lamista
production-1931-vol1-chapters	779	26.9	matunty	or refunding bonds the maturity or maturi <<matunty>>	maturity
production-1931-vol1-chapters	782	28.0	natureof	<<natureof>> obligation specified in such resolution such allocation	nature
production-1931-vol1-chapters	782	45.0	forbond	<<forbond>> designate any bank or trust company or	forbid
production-1931-vol1-chapters	785	12.0	thercover	<<thercover>> fees of county officers the assessment fixing	thereover
production-1931-vol1-chapters	785	15.1	mmcurrence	moneys <<mmcurrence>> payment and discharge of debts and	occurrence
production-1931-vol1-chapters	791	0.7	prgi	sec section of chapter statutes s hereby <<prgi>> ty	argi|pagi|pegi|pergi|pgi|pigi
production-1931-vol1-chapters	791	21.10	salanes	board of directors until such time as <<salanes>>	galanes|salines|sealanes|silanes|slanes
production-1931-vol1-chapters	797	21.11	peremins	thereof they shall be of the denomination <<peremins>>	permits
production-1931-vol1-chapters	799	39.0	trict	<<trict>> treasurer any unsold bonds of the district	strict|tract|triact|tric|trica|trice
production-1931-vol1-chapters	800	31.0	twofunds	<<twofunds>> the said treasurer shall establish for the	wounds
production-1931-vol1-chapters	801	50.0	geoke	<<geoke>>	geake|geode|geoje|geok|geore|gerke
production-1931-vol1-chapters	802	36.0	plowies	<<plowies>> board of election shall be final and	blowies
production-1931-vol1-chapters	806	8.0	sprited	<<sprited>> liles the same when any elector is	spirited|spirted|spited|spried|sprinted|sprite
production-1931-vol1-chapters	812	18.0	qualifea	<<qualifea>> all persons shall be entitled to vote	qualifed
production-1931-vol1-chapters	813	3.10	tertan	at the elections provided for in section <<tertan>>	tartan|teetan|teran|terian|terman|ternan
production-1931-vol1-chapters	821	45.11	matunty	be determined by the board of directors <<matunty>>	maturity
production-1931-vol1-chapters	824	37.1	tieable	taxes <<tieable>> if however from any cause the revenues	timable|timeable
production-1931-vol1-chapters	826	9.0	asewe	<<asewe>> see a immediately after equalization and not	asee|aswe
production-1931-vol1-chapters	827	30.10	tces	the auditor of each county wherein wf <<tces>>	aces|cces|ces|ctes|eces|ices
production-1931-vol1-chapters	832	27.7	mwnict	squares lanes alleys courts and places within <<mwnict>>	monica
production-1931-vol1-chapters	838	21.0	onchange	<<onchange>> changes in the grades as set forth	unchange
production-1931-vol1-chapters	840	35.1	asess	filme <<asess>> ec as soon as said assessment is	acess|aless|amess|ases|asses|assess
production-1931-vol1-chapters	845	43.8	proverts	board commission or officer concerned any property <<proverts>>	proverbs|provers
production-1931-vol1-chapters	846	18.1	gemnation	ceertmgs <<gemnation>> proceedings for the acquiring of any land	gemination|gemmation
production-1931-vol1-chapters	846	35.0	chamels	<<chamels>> of california in and to abandoned river	camels|chameli|chanels|chapels|hamels
production-1931-vol1-chapters	848	37.0	ssstan	<<ssstan>> s tor of finance shall have power	sistan|sustain
production-1931-vol1-chapters	853	22.2	omleer	per month <<omleer>>	older
production-1931-vol1-chapters	853	29.0	btuts	<<btuts>>	bouts|btts|btus|buts|butts|bututs
production-1931-vol1-chapters	855	6.8	tomery	section x of the political code is <<tomery>>	gomery|pomery|tomer|tomey|towery
production-1931-vol1-chapters	855	8.10	mulera	of the thirty fifth class the commissioner <<mulera>>	molera|mulea|muleta|munera|muslera
production-1931-vol1-chapters	859	9.10	senicultural	a compensation of seven dollars per diem <<senicultural>>	sericultural
production-1931-vol1-chapters	861	21.13	byyg	an act entitled an act to pro <<byyg>>	byg|byng
production-1931-vol1-chapters	863	12.11	meied	in counties of the forty fifth class <<meied>>	meded|meed|meid|meier|memed|mered
production-1931-vol1-chapters	864	4.0	vemerly	<<vemerly>> section section a of the act cited	beverly
production-1931-vol1-chapters	865	11.10	gnasta	sealer of weights and measures in counties <<gnasta>>	anasta|gansta|nasta|shasta
production-1931-vol1-chapters	866	36.0	btats	<<btats>>	bats|batts|beats|blats|boats|brats
production-1931-vol1-chapters	866	41.0	neetan	<<neetan>> county librarian shall be four thousand dollars	jeetan|neeman|neenan|neeta|teetan
production-1931-vol1-chapters	867	8.11	tiurai	of three thousand six hundred dollars ye <<tiurai>>	tigrai|tirurai|tiuri|tsurai|turai
production-1931-vol1-chapters	868	7.0	btats	<<btats>>	bats|batts|beats|blats|boats|brats
production-1931-vol1-chapters	868	29.0	btats	<<btats>>	bats|batts|beats|blats|boats|brats
production-1931-vol1-chapters	869	22.11	sericulturl	of three thousand dollars per annum pro <<sericulturl>>	sericultural|sericulture
production-1931-vol1-chapters	870	23.0	biats	<<biats>>	baits|bats|beats|bias|bits|bitts
production-1931-vol1-chapters	872	12.0	fanaa	<<fanaa>> see al in counties of the tenth	anaa|faaa|fana|fanad|fanal|fanam
production-1931-vol1-chapters	872	21.0	peyse	<<peyse>> section section x of the political code	heyse|pease|peese|peise|pense|perse
production-1931-vol1-chapters	872	23.0	meripose	<<meripose>> x in counties of the fifty fourth	mariposa
production-1931-vol1-chapters	872	24.0	agrieuttural	<<agrieuttural>> sioner shall receive a salary of one	agricultural
production-1931-vol1-chapters	877	6.8	buperin	superintendent of schools four thousand dollars per <<buperin>>	buterin
production-1931-vol1-chapters	879	39.9	sslanes	as compensation for the services required of <<sslanes>>	silanes|slanes
production-1931-vol1-chapters	883	0.10	jhoiat	such fees as are now or may <<jhoiat>>	joint
production-1931-vol1-chapters	885	5.0	btats	<<btats>>	bats|batts|beats|blats|boats|brats
production-1931-vol1-chapters	885	6.8	yosety	section of the political code s hereby <<yosety>>	rosety
production-1931-vol1-chapters	885	8.10	rurerside	the twelfth class the county and town <<rurerside>>	riverside
production-1931-vol1-chapters	887	35.11	conecto	counties of this class there shall be <<conecto>>	conect
production-1931-vol1-chapters	889	23.8	sureyo	surveyor two thousand eight hundred dollars per <<sureyo>>	sureno
production-1931-vol1-chapters	893	41.0	annnm	<<annnm>>	annam|annnd|annum
production-1931-vol1-chapters	895	5.9	udtor	eight hundred dollars per annum he sha <<udtor>>	ultor|utor
production-1931-vol1-chapters	898	6.0	btats	<<btats>>	bats|batts|beats|blats|boats|brats
production-1931-vol1-chapters	901	4.5	btats	as are other county charges <<btats>>	bats|batts|beats|blats|boats|brats
production-1931-vol1-chapters	901	8.6	veurt	and trial jurors in the superior <<veurt>> shall each receive for	vert|veut
production-1931-vol1-chapters	901	29.10	ggrieultural	a compensation of six dollars per dien <<ggrieultural>>	agricultural
production-1931-vol1-chapters	903	4.11	jyrg	state of california do enact as follows <<jyrg>>	jarg|jorg|jurg
production-1931-vol1-chapters	903	31.0	btats	<<btats>>	bats|batts|beats|blats|boats|brats
production-1931-vol1-chapters	905	8.10	mendecm	of the thirty third class the commissioner <<mendecm>>	mended
production-1931-vol1-chapters	908	6.0	vanse	<<vanse>> section section x of the political code	anse|banse|danse|hanse|janse|lanse
production-1931-vol1-chapters	908	8.0	siskyuu	<<siskyuu>> x in counties of the twenty ninth	siskiyou|siskyou
production-1931-vol1-chapters	911	18.11	wolation	retained or forfeited except from the final <<wolation>>	colation|eolation|solation|volation
production-1931-vol1-chapters	913	15.11	premted	public work being done for or under <<premted>>	premed
production-1931-vol1-chapters	914	0.5	pubhe	him upon any of the <<pubhe>> works or upon any work herein	dubhe|pube|puhe
production-1931-vol1-chapters	915	38.10	sismeds	lay out acquire and construct a high <<sismeds>>	sisters
production-1931-vol1-chapters	916	4.0	menway	<<menway>> be paid out located and construction thereof	benway|fenway|kenway|manway|medway
production-1931-vol1-chapters	920	28.1	hentoe	tlt <<hentoe>> sec there is hereby created a board	henton
production-1931-vol1-chapters	922	34.0	necesst	<<necesst>> toll bridge authority shall first have passed	necess|necessity
production-1931-vol1-chapters	924	26.0	traffie	<<traffie>> ize the acquisition or construction of any	raffie|traffic|traffik
production-1931-vol1-chapters	924	28.0	tieular	<<tieular>> classes of traffic or issue bonds therefor	titular
production-1931-vol1-chapters	926	15.0	omicting	<<omicting>> department shall also in a similar manner	omitting
production-1931-vol1-chapters	926	41.0	triet	<<triet>> but where any such lands have been	griet|priet|riet|thiet|tiet|tiret
production-1931-vol1-chapters	927	29.0	ciiapter	<<ciiapter>>	chapter
production-1931-vol1-chapters	929	26.0	biats	<<biats>>	baits|bats|beats|bias|bits|bitts
production-1931-vol1-chapters	929	33.1	epors	bh <<epors>>	ephors|epos|eprs|pors
production-1931-vol1-chapters	930	5.0	btults	<<btults>>	adults|stults
production-1931-vol1-chapters	930	6.0	peivse	<<peivse>> section section x of the political code	peirse|peise
production-1931-vol1-chapters	931	10.9	ragline	fund is hereby created for the manufacturing <<ragline>>	dragline|raglin|ralline|ramline|ratline|tagline
production-1931-vol1-chapters	932	33.0	repenied	<<repenied>> act making aw appropriation to meet the	repented
production-1931-vol1-chapters	933	37.10	sinw	provided that in counties of this class <<sinw>>	inw|siew|sin|sina|sinb|sinc
production-1931-vol1-chapters	943	33.10	broxer	person or company shall have first applied <<broxer>>	boxer|broder|broer|broker|broner|brower
production-1931-vol1-chapters	945	28.10	supemeu	the commissioner may at any time temporarily <<supemeu>>	supreme
production-1931-vol1-chapters	945	49.0	mmmav	<<mmmav>> pe	mammal
production-1931-vol1-chapters	947	44.9	precietimn	an investment counsel s certificate provided how <<precietimn>>	preciation
production-1931-vol1-chapters	949	22.9	mforma	agent demands that any portion of such <<mforma>>	forma
production-1931-vol1-chapters	949	47.8	somtres	every security issued by any company without <<somtres>>	sores
production-1931-vol1-chapters	952	17.0	depues	<<depues>> clerks and deputies as he may need	depres|depue|depuis|deputes|despues
production-1931-vol1-chapters	954	2.0	tovestigation	<<tovestigation>> him in his testimony the authority to	investigation
production-1931-vol1-chapters	954	40.0	omces	<<omces>> see the commissioner shal have his principal	omcs|omes|omnes|onces
production-1931-vol1-chapters	956	0.1	merease	mees <<merease>> reduce or pay to the stockholders or	terease
production-1931-vol1-chapters	961	29.10	pyeing	is defined as the process of coloring <<pyeing>>	dyeing|eyeing|peeing|pieing|pyeong
production-1931-vol1-chapters	962	8.3	redistilled	uct is distilled <<redistilled>> filtered clarified settled extracted	distilled|redistiller
production-1931-vol1-chapters	963	31.7	elothe	to establish conduct maintain or operate a <<elothe>> cleaning	clothe|elote|lothe
production-1931-vol1-chapters	968	24.0	eifie	<<eifie>> requirements of this act as to design	effie|elfie|fifie|wifie
production-1931-vol1-chapters	968	36.2	remforcement	adequate metallic <<remforcement>>	enforcement
production-1931-vol1-chapters	968	42.6	bmlding	and bearing walls of a hazardous <<bmlding>> existing and in	balding|belding|bolding|bulding
production-1931-vol1-chapters	969	1.9	mtevor	than bearing walls all interior division wails <<mtevor>> an	tenor
production-1931-vol1-chapters	970	22.0	skvlights	<<skvlights>> r skylights approved hinged skylights shall be	skylights
production-1931-vol1-chapters	971	27.10	sobents	in or upon any premises conducted maintained <<sobents>>	sorbents
production-1931-vol1-chapters	973	13.10	cjaute	and dyeing shop or store and spot <<cjaute>>	cause|chaute
production-1931-vol1-chapters	974	21.0	fammable	<<fammable>> any liquid viscous or other compound powder	farmable|flammable
production-1931-vol1-chapters	974	47.0	estabhsh	<<estabhsh>> ship firm organization or corporation to conduct	establish
production-1931-vol1-chapters	985	32.0	cihiapter	<<cihiapter>>	chapter
production-1931-vol1-chapters	986	0.10	hovert	an appropriation fo pay the charm of <<hovert>>	covert|govert|hobert|hover|hovers|hovet
production-1931-vol1-chapters	987	19.11	cresitea	amounts necessary to be paid as here <<cresitea>>	credited
production-1931-vol1-chapters	989	30.11	orice	those of his own production shall furnish <<orice>>	brice|erice|grice|morice|norice|odice
production-1931-vol1-chapters	990	23.0	deflmtions	<<deflmtions>> sec a the terms eggs ranch eggs	deletions
production-1931-vol1-chapters	993	26.0	citapter	<<citapter>>	chapter
production-1931-vol1-chapters	997	21.8	treasme	treasurer two thousand six hundred dollars per <<treasme>>	trease|treatme
production-1931-vol1-chapters	997	29.9	tromes	the district attorney shall not personally engage <<tromes>>	promes|romes|thomes|tomes|toomes|tormes
production-1931-vol1-chapters	998	12.3	havmy	month in townships <<havmy>> a population of not less than	hammy|hamy|havey|havy
production-1931-vol1-chapters	999	44.9	pmext	of the clerk sheriff recorder auditor treasurer <<pmext>>	mext
production-1931-vol1-chapters	1000	28.0	teaurer	<<teaurer>> the treasurer one chief deputy at a	tearer
production-1931-vol1-chapters	1001	23.7	deputization	the powers of any peace officer including <<deputization>> and	demutization
production-1931-vol1-chapters	1005	34.0	btats	<<btats>>	bats|batts|beats|blats|boats|brats
production-1931-vol1-chapters	1007	0.11	janpes	of the filty fourth class there shall <<janpes>>	janes|janies|jannes|jantes|japes
production-1931-vol1-chapters	1007	5.0	inbin	<<inbin>> against the state of california	binbin|indian|indin|infin|ingin|inin
production-1931-vol1-chapters	1007	13.0	cilapter	<<cilapter>>	chapter
production-1931-vol1-chapters	1007	30.1	btats	wy <<btats>>	bats|batts|beats|blats|boats|brats
production-1931-vol1-chapters	1014	2.0	publicad	<<publicad>> public administrator the public administrator four	publica|publicado|publicae|publican
production-1931-vol1-chapters	1015	6.7	rodmen	dollars per annum and such chairmen and <<rodmen>> as may be	godmen|hodmen|redmen|roadmen|rodden|roden
production-1931-vol1-chapters	1015	34.0	vevor	<<vevor>> of counties of this class in the	bevor|devor|vevo
production-1931-vol1-chapters	1015	45.9	townshy	purpose of regulating the compensation of the <<townshy>>	townsh|townshp
production-1931-vol1-chapters	1018	0.0	annunt	<<annunt>>	annuent
production-1931-vol1-chapters	1018	4.4	travelmg	by law and actual <<travelmg>> expenses only in lieu of mileage	travelog
production-1931-vol1-chapters	1021	6.0	btats	<<btats>>	bats|batts|beats|blats|boats|brats
production-1931-vol1-chapters	1023	46.10	pubbe	such fees as are now or may <<pubbe>> ad	bubbe|jubbe|lubbe|pubbed|pubble|pube
production-1931-vol1-chapters	1025	30.11	fubbc	there shall be created and established in <<fubbc>>	fubby
production-1931-vol1-chapters	1026	1.4	chainmen	per diem and four <<chainmen>> at a wage of four dollars per	chainman|chairmen
production-1931-vol1-chapters	1029	17.0	ciuapter	<<ciuapter>>	chapter
production-1931-vol1-chapters	1036	5.0	ashector	<<ashector>> f in counties of the forty first	sector
production-1931-vol1-chapters	1037	0.9	jiicot	of the forty first class the superintendent <<jiicot>> or	fricot
production-1931-vol1-chapters	1039	15.7	brectal	section the sum of twenty five dollars <<brectal>> ap	rectal
production-1931-vol1-chapters	1043	28.10	imperson	who impersonates a member of the cali <<imperson>>	person
production-1931-vol1-chapters	1043	46.10	examma	shall be required to take an examination <<examma>>	exam
production-1931-vol1-chapters	1047	17.9	judemen	judgment other than of death has been <<judemen>>	judgment
production-1931-vol1-chapters	1048	7.0	mesnor	<<mesnor>>	meanor|menor|messor
production-1931-vol1-chapters	1048	22.0	pronsions	<<pronsions>> accounts documents audits and tax reports al	provisions
production-1931-vol1-chapters	1051	39.0	vietion	<<vietion>> the offender would be punishable by imprisonment	viation
production-1931-vol1-chapters	1055	47.10	borfenture	shall assault any keeper guard foreman officer <<borfenture>>	forfeiture
production-1931-vol1-chapters	1056	49.4	iudgee	notice thereof to the <<iudgee>> of the superior court before whom	mudgee|nudgee
production-1931-vol1-chapters	1058	2.0	peeme	<<peeme>> om rom and after the suspension cancellation	peeke|peele|peem|peese|peete|peeve
production-1931-vol1-chapters	1058	28.0	peaury	<<peaury>> as a before judgment is pronounced upon	peary|penury
production-1931-vol1-chapters	1061	0.10	imaict	attorney of the county m which such <<imaict>>	impact
production-1931-vol1-chapters	1064	8.0	rocational	<<rocational>> dollars is hereby appropriated out of any	locational|rotational|vocational
production-1931-vol1-chapters	1067	39.11	apportin	been divided into zones and the per <<apportin>>	apportion
production-1931-vol1-chapters	1067	48.12	dstnet	of the county of sacramento and for <<dstnet>>	dotnet
production-1931-vol1-chapters	1068	28.0	raeune	<<raeune>> tax in case the hoard of trustees	raene|ramune|reune
production-1931-vol1-chapters	1069	0.11	tphinion	in said district has been sold for <<tphinion>>	opinion
production-1931-vol1-chapters	1073	28.8	reerde	recorder two thousand four hundred dollars per <<reerde>>	reede
production-1931-vol1-chapters	1078	24.0	biats	<<biats>>	baits|bats|beats|bias|bits|bitts
production-1931-vol1-chapters	1079	8.9	henf	four thousand five hundred dollars per annum <<henf>>	enf|genf|hanf|heaf|hef|heff
production-1931-vol1-chapters	1082	13.0	pinistrator	<<pinistrator>>	ministrator
production-1931-vol1-chapters	1085	17.8	fertun	the unencumbered balance remaining in the state <<fertun>>	fortun
production-1931-vol1-chapters	1085	33.8	govemors	governor may appoint one private secretary one <<govemors>>	governors
production-1931-vol1-chapters	1086	35.1	tornely	p <<tornely>> section section of the political code is	thornely|torney
production-1931-vol1-chapters	1087	18.9	sberitt	three thousand dollars per annum and al <<sberitt>>	steritt
production-1931-vol1-chapters	1090	2.0	apprused	<<apprused>> by the guyerno may in effect august	apprised
production-1931-vol1-chapters	1090	5.0	propniation	<<propniation>> hereby appropriated out of any money in	propination|propriation
production-1931-vol1-chapters	1095	8.13	eaeel	entitled an act providing for the art <<eaeel>>	easel
production-1931-vol1-chapters	1095	14.9	btjg	of an act entitled an act providing <<btjg>>	btg|btig|ltjg
production-1931-vol1-chapters	1096	25.0	cilapter	<<cilapter>>	chapter
production-1931-vol1-chapters	1098	12.3	tieverton	approved bs the <<tieverton>> alay in effect august	tiverton
production-1931-vol1-chapters	1099	13.8	cnuct	people of the state of california do <<cnuct>> us follows	cnut
production-1931-vol1-chapters	1099	28.10	saurves	compensation for the services required of them <<saurves>>	sauries
production-1931-vol1-chapters	1101	21.10	pubbe	such fees as are now or may <<pubbe>> ad	bubbe|jubbe|lubbe|pubbed|pubble|pube
production-1931-vol1-chapters	1103	15.8	cnuct	people of the state of california do <<cnuct>> as follows	cnut
production-1931-vol1-chapters	1103	16.9	fereal	act entitled an act authorizing and empowering <<fereal>>	bereal|cereal|feral|fergal|ferial|ferral
production-1931-vol1-chapters	1103	20.0	citapter	<<citapter>>	chapter
production-1931-vol1-chapters	1105	5.0	btats	<<btats>>	bats|batts|beats|blats|boats|brats
production-1931-vol1-chapters	1108	0.0	jiminary	<<jiminary>> hearings required of him by the district	liminary
production-1931-vol1-chapters	1109	30.8	townsbup	of townships for the purposes of subdivisions <<townsbup>>	township
production-1931-vol1-chapters	1111	9.1	btats	ws <<btats>>	bats|batts|beats|blats|boats|brats
production-1931-vol1-chapters	1113	28.7	lbranan	county librarian the county librarian shall receive <<lbranan>>	branan
production-1931-vol1-chapters	1113	30.0	cliapter	<<cliapter>>	chapter
production-1931-vol1-chapters	1116	36.0	btats	<<btats>>	bats|batts|beats|blats|boats|brats
production-1931-vol1-chapters	1120	5.0	btats	<<btats>>	bats|batts|beats|blats|boats|brats
production-1931-vol1-chapters	1120	6.0	ormely	<<ormely>> section section of the political code is	formely
production-1931-vol1-chapters	1121	30.8	irme	license collector seven hundred dollars per annum <<irme>>	arme|erme|firme|iame|icme|ihme
production-1931-vol1-chapters	1122	19.0	vevor	<<vevor>> shall also be paid the actual and	bevor|devor|vevo
production-1931-vol1-chapters	1127	5.8	tetera	district attorney three thousand six hundred dollars <<tetera>>	cetera|tatera|tenera|tepera|teter|teters
production-1931-vol1-chapters	1127	40.8	sureyr	county surveyor two thousand seven hundred fifty <<sureyr>>	surer
production-1931-vol1-chapters	1131	43.8	authto	the auditor four thousand dollars per annum <<authto>>	autho
production-1931-vol1-chapters	1137	14.8	gupervsor	the supervisors shall receive each the sum <<gupervsor>>	supervisor
production-1931-vol1-chapters	1138	30.0	nivement	<<nivement>> government in payment of the claims of	vivement
production-1931-vol1-chapters	1139	5.7	pnended	practice act approved june as amended relat <<pnended>>	pended|unended
production-1931-vol1-chapters	1142	0.0	fortettures	<<fortettures>> jn the event of the happening of	forfeitures
production-1931-vol1-chapters	1143	33.0	ctiapter	<<ctiapter>>	chapter
production-1931-vol1-chapters	1144	19.0	andapproved	<<andapproved>> sec before accepting the conveyance of such	unapproved
production-1931-vol1-chapters	1144	32.0	toloy	<<toloy>> sec the convalescent colony shall be intended	tolay|tolly|tolo|tolon|toly|tooly
production-1931-vol1-chapters	1147	9.8	sereser	two thousand dollars per annum the surveyor <<sereser>>	serener
production-1931-vol1-chapters	1147	29.7	comtantes	constables shall each receive the following monthly <<comtantes>>	companies
production-1931-vol1-chapters	1148	39.0	btats	<<btats>>	bats|batts|beats|blats|boats|brats
production-1931-vol1-chapters	1153	18.0	btats	<<btats>>	bats|batts|beats|blats|boats|brats
production-1931-vol1-chapters	1153	43.0	egors	<<egors>>	egor|egos|gors|igors
production-1931-vol1-chapters	1154	17.0	publicad	<<publicad>> public administrator such fees as are now	publica|publicado|publicae|publican
production-1931-vol1-chapters	1155	22.9	sherltt	tive thousand dollars per annum and mileage <<sherltt>>	sherbet
production-1931-vol1-chapters	1156	16.0	buperin	<<buperin>> the superintendent of schools one thousand eight	buterin
production-1931-vol1-chapters	1157	5.10	rererter	this class the official reporter of the <<rererter>>	reverter
production-1931-vol1-chapters	1162	44.0	buperin	<<buperin>> superintendent of schools the superintendent of schools	buterin
production-1931-vol1-chapters	1164	33.0	vevor	<<vevor>> and hold office at lus pleasure to	bevor|devor|vevo
production-1931-vol1-chapters	1164	48.7	chainmen	and fifty cents per day each eight <<chainmen>> at five dollars and	chainman|chairmen
production-1931-vol1-chapters	1165	11.10	jistiers	peace justices of the peace shall receive <<jistiers>> a	sisters
production-1931-vol1-chapters	1167	13.8	tartc	officer the traffic officer one hundred seventy <<tartc>>	artc|tarc|taric|taroc|tart|tarta
production-1931-vol1-chapters	1167	26.8	ealer	sealer of weights and measures two thousand <<ealer>>	aler|baler|bealer|daler|dealer|eader
production-1931-vol1-chapters	1172	34.9	rodmen	of one dollar per hour each three <<rodmen>> who shall	godmen|hodmen|redmen|roadmen|rodden|roden
production-1931-vol1-chapters	1173	22.6	constavi	constables constables shall receive the following <<constavi>>	constant
production-1931-vol1-chapters	1175	5.0	btats	<<btats>>	bats|batts|beats|blats|boats|brats
production-1931-vol1-chapters	1175	6.8	meoperly	section of the political code is hereby <<meoperly>>	properly
production-1931-vol1-chapters	1189	16.9	buneor	surveyor the sum of four thousand two <<buneor>>	buner
production-1931-vol1-chapters	1193	3.8	supenwors	supervisor three thousand dollars per annum and <<supenwors>>	superiors
production-1931-vol1-chapters	1196	2.2	pubhe	publica the <<pubhe>> administrator such fees as are now or	dubhe|pube|puhe
production-1931-vol1-chapters	1198	29.0	btats	<<btats>>	bats|batts|beats|blats|boats|brats
production-1931-vol1-chapters	1200	5.0	btats	<<btats>>	bats|batts|beats|blats|boats|brats
production-1931-vol1-chapters	1203	41.10	pupite	such fees as now are or here <<pupite>> ac	pupate
production-1931-vol1-chapters	1203	44.10	jenent	annum together with the amount of his <<jenent>> of	jennet|tenent
production-1931-vol1-chapters	1207	35.8	avdto	county auditor three thousand dollars per annum <<avdto>>	andto
production-1931-vol1-chapters	1210	8.8	chainmen	also have power to employ such inspectors <<chainmen>>	chainman|chairmen
production-1931-vol1-chapters	1213	30.1	ernninal	and <<ernninal>> done during the preceding month the state	encinal
production-1931-vol1-chapters	1216	31.0	abses	<<abses>> t the assessor four thousand dollars per	abases|abbes|abes|abies|ables|abse
production-1931-vol1-chapters	1217	14.7	pubhead	the public administrator eight hundred dollars per <<pubhead>>	subhead
production-1931-vol1-chapters	1217	15.1	ministrato	annum <<ministrato>>	ministrator
production-1931-vol1-chapters	1221	13.7	spervsers	supervisor each supervisor shall receive one hundred <<spervsers>>	servers
production-1931-vol1-chapters	1221	40.8	constubies	shall receive the following salaries in town <<constubies>>	constables
production-1931-vol1-chapters	1223	30.0	srerion	<<srerion>> section x of the political code is	region
production-1931-vol1-chapters	1225	24.8	susur	superintendent of schools three thousand two hun <<susur>>	sueur|sukur|susor|sustr|susu|susurr
production-1931-vol1-chapters	1225	41.9	stce	the peace shall receive the following monthly <<stce>>	sace|sce|scte|sice|soce|spce
production-1931-vol1-chapters	1228	33.0	saurses	<<saurses>> them by law or by virtue of	sauries
production-1931-vol1-chapters	1233	25.9	uperd	of the hoard of supervisors one thousand <<uperd>>	perd|uped|upend|uper|used
production-1931-vol1-chapters	1236	8.0	piist	<<piist>> sporrow section of the political code is	iist|piast|pist|plist|puist
production-1931-vol1-chapters	1236	8.1	sporrow	piist <<sporrow>> section of the political code is hereby	sorrow|sparrow|storrow
production-1931-vol1-chapters	1238	3.0	patees	<<patees>> justices of the peace in counties of	patee|patels|patens|pates|patres|pattes
production-1931-vol1-chapters	1239	11.8	trormerly	section of the political code is hereby <<trormerly>>	formerly
production-1931-vol1-chapters	1245	26.11	btals	section x of the juvenile court law <<btals>>	baals|bals|beals|boals|btas|itals
production-1931-vol1-chapters	1245	30.0	btats	<<btats>>	bats|batts|beats|blats|boats|brats
production-1931-vol1-chapters	1247	7.8	sheut	sheriff four thousand eight hundred dollars per <<sheut>>	sheat|sheet|sheit|shet|sheu|shout
production-1931-vol1-chapters	1251	29.10	seock	that in counties of this class there <<seock>>	seck|seok|shock|slock|smock|snock
production-1931-vol1-chapters	1257	22.9	admusi	administration of this act is hereby placed <<admusi>>	adjust
production-1931-vol1-chapters	1261	29.10	udement	court shall determine that a contractor s <<udement>>	dement|rudement
production-1931-vol1-chapters	1263	0.3	aheged	the time the <<aheged>> cause of action arose	rheged
production-1931-vol1-chapters	1263	24.10	eoup	county and municipal authorities or any hose <<eoup>>	coup|doup|eop|eou|eup|eyup
production-1931-vol1-chapters	1268	31.0	tinnity	<<tinnity>> of an adequate supply for such current	tinity|tinnily
production-1931-vol1-chapters	1272	12.0	batements	<<batements>> said commission shall likewise have the power	abatements|basements|batement
production-1931-vol1-chapters	1275	15.0	jeum	<<jeum>> oil produced in violation of such order	deum|eum|geum|jeem|jem|jerm
production-1931-vol1-chapters	1277	11.8	oflor	any well hereafter drilled for petroleum oil <<oflor>> gas	flor|offor|olor
production-1931-vol1-chapters	1277	12.12	vortain	any such well hereafter drilled and permitted <<vortain>>	mortain
production-1931-vol1-chapters	1281	16.8	bristing	any moneys which have heretofore been deposited <<bristing>>	brisking|brisling|bristling
production-1931-vol1-chapters	1282	25.0	ponstrue	<<ponstrue>> provided that nothing in this section shall	construe
production-1931-vol1-chapters	1285	25.10	denmine	the government of the state of cali <<denmine>>	dentine|desmine
production-1931-vol1-chapters	1286	12.0	organtza	<<organtza>> ce for the purpose of administration the	organiza|organza
production-1931-vol1-chapters	1288	31.1	elsng	we <<elsng>> m a sum not to exceed one	elang|eling|elong|elsing
production-1931-vol1-chapters	1290	8.0	speculap	<<speculap>> section the sum of two hundred fifty	specula|specular
production-1931-vol1-chapters	1292	42.0	weomfort	<<weomfort>> one hundred dollars of the assessed valuation	comfort
production-1931-vol1-chapters	1292	45.0	speeral	<<speeral>> tax to levy a special tax which	spheral
production-1931-vol1-chapters	1293	36.10	sistnets	funds are under the supervision and control <<sistnets>>	sisters
production-1931-vol1-chapters	1294	35.0	heensed	<<heensed>> iq cause to be published on or	censed
production-1931-vol1-chapters	1300	19.0	encum	<<encum>> subdivided shall be subject to a jien	encom|encup|engum|enum
production-1931-vol1-chapters	1301	13.10	provct	is submitted to the commissioner to materially <<provct>>	proact|provect
production-1931-vol1-chapters	1302	14.0	powerson	<<powerson>> tuary the controller shall send by mail	person
production-1931-vol1-chapters	1303	29.10	fensty	hour of said day and until such <<fensty>> lor	density|feisty|fenty|festy
production-1931-vol1-chapters	1303	49.10	inonev	also in addition thereto a sum of <<inonev>> equal	inone
production-1931-vol1-chapters	1305	5.12	bimene	made to the state treasurer in such <<bimene>> of	bimane
production-1931-vol1-chapters	1306	29.0	bteelhead	<<bteelhead>> e in the russian river and in	steelhead
production-1931-vol1-chapters	1307	9.10	dutriets	in fish and game districts twenty three <<dutriets>>	duties
production-1931-vol1-chapters	1307	44.12	pouy	take catch kill or have in possession <<pouy>>	bouy|couy|gouy|houy|jouy|louy
production-1931-vol1-chapters	1312	36.0	pheations	<<pheations>> been rejected may not again apply for	creations
production-1931-vol1-chapters	1313	42.9	dultes	of such products defiunny the powers and <<dultes>>	dulces|dulles|dulses
production-1931-vol1-chapters	1315	13.11	papmly	such sign or label to the inlet <<papmly>>	apply|pamly|parmly
production-1931-vol1-chapters	1316	8.0	velncles	<<velncles>> tion or corporation or any member officer	vehicles
production-1931-vol1-chapters	1317	7.8	inbricating	gasoline distillate or other motor fuel or <<inbricating>> or	imbricating
production-1931-vol1-chapters	1318	17.0	reishee	<<reishee>> sec it shall be unlawful for any	reissue
production-1931-vol1-chapters	1319	10.10	siyet	if the owner or person in possession <<siyet>> pret	siet|siket|siret|siye|siyer
production-1931-vol1-chapters	1323	8.11	msurance	in this state shall desire to rein <<msurance>>	esurance|insurance
production-1931-vol1-chapters	1324	1.5	alicys	lighting systems along public streets <<alicys>> and other pub	alices
production-1931-vol1-chapters	1324	4.3	wluminating	current or other <<wluminating>> agent and for the assess	eliminating
production-1931-vol1-chapters	1324	10.0	haiiets	<<haiiets>> any municipality in this state the public	habits
production-1931-vol1-chapters	1324	13.3	electroliers	including poles posts <<electroliers>> transformers lighting units	electrolier
production-1931-vol1-chapters	1327	36.10	gurpwus	for such ensuing contract year anv suy <<gurpwus>>	surplus
production-1931-vol1-chapters	1328	8.0	aserssment	<<aserssment>> ity public agent mandatory of the government	assessment
production-1931-vol1-chapters	1330	10.0	mumepal	<<mumepal>> be an alternative procedure to that provided	numeral
production-1931-vol1-chapters	1331	2.10	foract	year shall mean a period of twelve <<foract>>	foreact
production-1931-vol1-chapters	1334	24.0	fonstrue	<<fonstrue>> use of consumption under this act this	construe
production-1931-vol1-chapters	1336	45.0	heense	<<heense>> fer be used to secure evidence against	heene|heese|hense
production-1931-vol1-chapters	1337	17.10	heense	the board of examiners shall issue no <<heense>> to	heene|heese|hense
production-1931-vol1-chapters	1338	23.0	aeker	<<aeker>> the word broker as used in this	aaker|acker|aeter|aker|akker|alker
production-1931-vol1-chapters	1341	33.10	plieation	investigation of the applicant and its affairs <<plieation>>	plication
production-1931-vol1-chapters	1342	2.0	secuntes	<<secuntes>> true and correct statement concerning any security	secures
production-1931-vol1-chapters	1342	22.0	tecommis	<<tecommis>> issue circulate or publish any advertisement pamphlet	recommit
production-1931-vol1-chapters	1342	47.0	mspertion	<<mspertion>> be open to public inspection provided that	assertion
production-1931-vol1-chapters	1343	35.10	fevalty	or employee of any company and every <<fevalty>> m	fealty
production-1931-vol1-chapters	1344	46.0	valuaten	<<valuaten>> of a the value of such securities	valuate|valuated|valuates
production-1931-vol1-chapters	1345	39.9	omcers	official documents furnished to public officers for <<omcers>>	omers
production-1931-vol1-chapters	1346	0.0	cannee	<<cannee>> ptoaucts	annee|candee|cannae|canne|canned|cannel
production-1931-vol1-chapters	1346	0.1	ptoaucts	cannee <<ptoaucts>>	products
production-1931-vol1-chapters	1347	3.0	eessors	<<eessors>> only for the establishment improvement and conduct	lessors
production-1931-vol1-chapters	1348	8.1	reantel	pet <<reantel>> the attorney general may appoint such clerks	rentel
production-1931-vol1-chapters	1350	34.3	truekee	red bluff yreka <<truekee>> oakland san francisco san	truckee
production-1931-vol1-chapters	1351	23.10	ultion	and rate of tuition fixed by the <<ultion>> fees	lution|ultron|ustion
production-1931-vol1-chapters	1355	39.10	tivestmen	shall invest its funds only in securi <<tivestmen>>	divestment
production-1931-vol1-chapters	1356	0.0	cchome	<<cchome>> sec j subsection every society which s	chome|home
production-1931-vol1-chapters	1357	27.12	sishly	county of siskiyou is six thousand dollars <<sishly>>	wishly
production-1931-vol1-chapters	1360	7.0	apprehen	<<apprehen>> whenever it appears by affidavit to the	apprehend
production-1931-vol1-chapters	1363	8.11	bxceptio	such points is without the state thig <<bxceptio>>	exception
production-1931-vol1-chapters	1365	27.0	heense	<<heense>> theretofore issued if it shall determine that	heene|heese|hense
production-1931-vol1-chapters	1365	27.9	ttonor	issued if it shall determine that the <<ttonor>>	stonor
production-1931-vol1-chapters	1367	23.9	ficod	for the purpose of controlling and con <<ficod>>	fico|ficoid
production-1931-vol1-chapters	1375	26.10	proxet	project during the course of the prep <<proxet>>	projet
production-1931-vol1-chapters	1379	21.9	avoidanes	in this act contained if the legislative <<avoidanes>>	avoidance
production-1931-vol1-chapters	1383	16.12	amdavt	absence of fraud no error or mis <<amdavt>> of	adapt
production-1931-vol1-chapters	1383	46.12	oitest	the adoption of an ordinance or resolution <<oitest>>	obtest|oftest
production-1931-vol1-chapters	1385	39.11	fotle	property for a term not specified s <<fotle>>	foale|fogle|fole|folle|footle|fote
production-1931-vol1-chapters	1386	39.0	vietion	<<vietion>> or plea of guilty and before sentence	viation
production-1931-vol1-chapters	1392	33.0	btatz	<<btatz>> sxzottion section of the code of civil	batz|beatz|blatz|bratz|state|statz
production-1931-vol1-chapters	1394	40.1	ndeee	ae <<ndeee>> class having an average daily attendance of	deee|neee
production-1931-vol1-chapters	1397	9.8	hearmg	hearing must be conducted with due diligence <<hearmg>>	hearing
production-1931-vol1-chapters	1403	33.9	disterets	heretofore declared any portion of such municipality <<disterets>>	distress
production-1931-vol1-chapters	1404	31.0	btats	<<btats>> vt	bats|batts|beats|blats|boats|brats
production-1931-vol1-chapters	1405	3.0	citapter	<<citapter>>	chapter
production-1931-vol1-chapters	1408	5.2	fotges	tar yy <<fotges>> l f and fare of the political	forges
production-1931-vol1-chapters	1408	18.0	btats	<<btats>> scc section ff of the political code	bats|batts|beats|blats|boats|brats
production-1931-vol1-chapters	1409	12.8	spomt	special administrators heretofore made with or without <<spomt>>	spoot|sport|spot|spott|spout
production-1931-vol1-chapters	1410	6.0	selectums	<<selectums>> b of the political code which have	selects
production-1931-vol1-chapters	1410	36.0	prceby	<<prceby>> who are or may become liable for	prey
production-1931-vol1-chapters	1411	2.0	ticable	<<ticable>> and not later than february the department	timable
production-1931-vol1-chapters	1411	22.12	sorfeiture	or before the first day of july <<sorfeiture>>	forfeiture
production-1931-vol1-chapters	1411	38.8	wumect	in addition to such publication the department <<wumect>>	humect
production-1931-vol1-chapters	1415	3.12	ueof	as costs such costs shall be paid <<ueof>> tun	eof|geof|uef|ueo|uof
production-1931-vol1-chapters	1420	21.0	mpergona	<<mpergona>> a any person who falsely represents himself	persona
production-1931-vol1-chapters	1422	32.4	jaxtes	the bill dated june <<jaxtes>> rope jr governor j	jantes
production-1931-vol1-chapters	1427	40.0	enurt	<<enurt>> in and for the county of yuba	enrut|enure|snurt
production-1931-vol1-chapters	1434	16.11	equaliza	and duties of the state board of <<equaliza>>	equalize
production-1931-vol1-chapters	1434	29.8	cireum	to adapt such instructions to varying local <<cireum>>	circum|cream
production-1931-vol1-chapters	1437	11.10	technleal	the purposes of this section the commission <<technleal>>	technical
production-1931-vol1-chapters	1438	21.0	peceasaries	<<peceasaries>> necessary food clothing shelter or medical attendance	necessaries
production-1931-vol1-chapters	1441	50.1	rbohr	ib <<rbohr>>	bohr|rohr
production-1931-vol1-chapters	1447	7.10	astuatial	keep in convenient form such data as <<astuatial>>	actuarial
production-1931-vol1-chapters	1450	48.8	eontribu	amount of the normal service and disability <<eontribu>>	contribu
production-1931-vol1-chapters	1451	6.9	contripu	of compensation each month to be known <<contripu>>	contribu
production-1931-vol1-chapters	1451	34.9	bbgatons	payments of the state into the state <<bbgatons>>	batons
production-1931-vol1-chapters	1452	28.0	ereame	<<ereame>> completing twenty years of continuous service under	dreame|greame
production-1931-vol1-chapters	1452	44.0	daitional	<<daitional>> sec an additional pension purchased by the	aditional
production-1931-vol1-chapters	1453	14.9	abinty	disability in the following manner any member <<abinty>>	ability|abilty
production-1931-vol1-chapters	1454	17.0	intemper	<<intemper>> sec if in the opinion of the	integer|untemper
production-1931-vol1-chapters	1455	0.8	ripation	should a disability beneficiary prior to attaming <<ripation>>	rigation
production-1931-vol1-chapters	1456	27.0	eompensa	<<eompensa>> act shall be made on account of	compense
production-1931-vol1-chapters	1456	32.0	ranene	<<ranene>> granted under the provisions of this act	janene|raene|ranee|ranen|ranere|ranine
production-1931-vol1-chapters	1457	39.9	buleor	the purpose of computing the total amounts <<buleor>>	buyer
production-1931-vol1-chapters	1459	10.0	cilapter	<<cilapter>>	chapter
production-1931-vol1-chapters	1463	9.9	decptire	is unlawful to prepare deliver for shipment <<decptire>>	deceptive
production-1931-vol1-chapters	1463	10.11	muslabels	for sale or sell a deceptive pack <<muslabels>>	mislabel|mislabels
production-1931-vol1-chapters	1463	35.8	toete	or corporation and for any common carrier <<toete>>	koete|soete|tete|thete|toate|toee
production-1931-vol1-chapters	1468	25.0	bicane	<<bicane>> ohanez	became|bicone|bimane
production-1931-vol1-chapters	1468	30.0	dizmar	<<dizmar>> rish baba	ditmar
production-1931-vol1-chapters	1468	31.2	rosaki	golden queen <<rosaki>>	kosaki|osaki|rosa|rosati
production-1931-vol1-chapters	1468	38.0	hunisa	<<hunisa>> rose de fallout	unisa
production-1931-vol1-chapters	1468	39.0	maraville	<<maraville>> de malaga sultanina rose	maravilla|marville|maryville|matraville
production-1931-vol1-chapters	1468	39.3	sultanina	maraville de malaga <<sultanina>> rose	sultanian|sultanin
production-1931-vol1-chapters	1468	40.0	molinera	<<molinera>> gorda tokay	molera
production-1931-vol1-chapters	1469	10.0	corinthe	<<corinthe>> noir prune de cazouls	cerinthe|corinth
production-1931-vol1-chapters	1470	11.5	dizmar	routh red malaga khalili persian <<dizmar>> and ribier	ditmar
production-1931-vol1-chapters	1472	14.0	persmmons	<<persmmons>> sec standard for oriental persimmons oriental	persimmons
production-1931-vol1-chapters	1473	3.6	uvut	fruits in any one container of <<uvut>> more than one fourth of an	umut|uut|uvu|vut
production-1931-vol1-chapters	1473	7.8	granatee	pomegranates shall be mature free from rot <<granatee>>	granate|grantee
production-1931-vol1-chapters	1473	35.8	mulsees	standard for quinces quinces shall be mature <<mulsees>>	mules
production-1931-vol1-chapters	1474	2.0	waluuts	<<waluuts>> sec standard for walnuts walnuts shall be	walnuts
production-1931-vol1-chapters	1475	4.1	orrler	in <<orrler>> to allow for variation incident to proper	oraler|orler
production-1931-vol1-chapters	1476	0.9	mternal	or rof affecting leaves within the head <<mternal>>	eternal|maternal|sternal|ternal
production-1931-vol1-chapters	1476	9.6	meident	in order to allow for variation <<meident>> to proper grading	eident
production-1931-vol1-chapters	1484	34.0	bounderles	<<bounderles>> bor is commonly known and set forth	boundaries
production-1931-vol1-chapters	1484	42.0	worosed	<<worosed>> describe the improvement and development work proposed	worked
production-1931-vol1-chapters	1485	13.10	focy	less than twenty days nov move than <<focy>>	facy|foc|foca|foce|foch|foci
production-1931-vol1-chapters	1485	20.4	mmiety	nlewseser a nevicd ef <<mmiety>> dass akt the heaving by gyvidenee	moiety
production-1931-vol1-chapters	1490	3.0	rompense	<<rompense>> board of harbor commissioners shall fix the	compense
production-1931-vol1-chapters	1491	0.12	jvmm	the right of eminent domain in the <<jvmm>>	jamm|jimm|jmm|jvm|vmm
production-1931-vol1-chapters	1496	13.0	nareotie	<<nareotie>> section it shall be unlawful for any	narcotic
production-1931-vol1-chapters	1498	4.0	adminls	<<adminls>> providec for in said section it shall	adminis|admins|admits
production-1931-vol1-chapters	1499	3.7	opii	preparation in one ounce avoirdupois except tincture <<opii>>	apii|copii|jpii|oii|oiii|onii
production-1931-vol1-chapters	1499	14.10	resulated	treating a habitue or addict for narcotic <<resulated>>	regulated|resulted
production-1931-vol1-chapters	1500	31.0	btats	<<btats>> sco section of chapter statutes of is	bats|batts|beats|blats|boats|brats
production-1931-vol1-chapters	1502	7.0	fumgation	<<fumgation>> warehouseman s lien provided that in the	fumigation|fungation
production-1931-vol1-chapters	1502	24.0	pershable	<<pershable>> sec if goods are of a perishable	perchable|perishable
production-1931-vol1-chapters	1503	17.10	oadee	salary of the judge of the superior <<oadee>> mone	adee|cadee|kadee|ladee|odee|sadee
production-1931-vol1-chapters	1504	1.0	placedto	<<placedto>> pose of controlling or destroying predatory animals	placed
production-1931-vol1-chapters	1504	40.0	erime	<<erime>> therefor io the county jail and for	crime|ehime|erice|erie|erim|erine
production-1931-vol1-chapters	1505	36.11	pruu	by law to be raised for any <<pruu>>	prau|preu|prou|pru|prud|prue
production-1931-vol1-chapters	1511	6.10	qnesion	by the evidence whether alleged in the <<qnesion>>	quesion
production-1931-vol1-chapters	1511	41.2	unpractivable	property is <<unpractivable>> and a sale of the site of	unpracticable
production-1931-vol1-chapters	1513	8.9	ytyn	existing laws or created under special legislative <<ytyn>>	styn|tyn|ytn
production-1931-vol1-chapters	1513	32.8	tmenacd	an act authorizing the department of finance <<tmenacd>>	menace
production-1931-vol1-chapters	1515	37.11	praisement	the court or judge for reasonable cause <<praisement>>	appraisement
production-1931-vol1-chapters	1516	45.8	heense	holding a hunting license for the current <<heense>> vear	heene|heese|hense
production-1931-vol1-chapters	1519	6.7	poinnet	the county superintendent of schools must when <<poinnet>>	pinnet|poignet|point
production-1931-vol1-chapters	1520	22.0	riseal	<<riseal>> ar the county superintendent shall draw his	reseal|rideal|roseal
production-1931-vol1-chapters	1521	5.5	pamaet	amended to read as follows <<pamaet>>	pamet
production-1931-vol1-chapters	1522	8.0	contaming	<<contaming>> information relating to the title to real	containg
production-1931-vol1-chapters	1522	9.0	containmg	<<containmg>> information used in the business of examining	containg
production-1931-vol1-chapters	1523	13.11	forkea	both sides shall be considered a spiked <<forkea>>	forked|forker
production-1931-vol1-chapters	1528	17.9	indeht	there shall he anv outstanding or handed <<indeht>>	indebt|indent|indet
production-1931-vol1-chapters	1528	26.1	trict	territory <<trict>> formed under this act may be altered	strict|tract|triact|tric|trica|trice
production-1931-vol1-chapters	1528	28.0	petrton	<<petrton>> a part thereof in the following manner	perton|petron
production-1931-vol1-chapters	1532	44.0	defaultin	<<defaultin>> in estate of his landlord if any	defaulting
production-1931-vol1-chapters	1533	25.11	oceupa	if there is a subtenant in actual <<oceupa>>	occupy
production-1931-vol1-chapters	1535	6.9	mumepal	procedure to be followed in misdemeanor cases <<mumepal>>	numeral
production-1931-vol1-chapters	1535	36.11	ilefined	person who has served in the united <<ilefined>>	defined
production-1931-vol1-chapters	1536	14.7	nonveterans	individual ratings attained and ahead of all <<nonveterans>> pass	nonveteran
production-1931-vol1-chapters	1542	4.0	wieations	<<wieations>> ings for the making of any acquisition	citations
production-1931-vol1-chapters	1543	0.9	itent	body shall not have jurisdiction to adopt <<itent>>	ident|intent|isent|iten|iwent|stent
production-1931-vol1-chapters	1544	0.0	pgog	<<pgog>> ec section of said act s hereby	agog|gog|ngog|pgg|pgo|phog
production-1931-vol1-chapters	1545	33.9	dstriet	said resolution shall also contain a description <<dstriet>>	district
production-1931-vol1-chapters	1547	15.9	deserib	intention declare that any land or lands <<deserib>>	deseri
production-1931-vol1-chapters	1549	1.9	acuure	of work shall cause to be conspicuously <<acuure>> or	acture
production-1931-vol1-chapters	1553	51.3	parvment	in each annual <<parvment>> need not be exactly the same but	parament|partment
production-1931-vol1-chapters	1558	40.0	eipal	<<eipal>> and interest of said bonds as the	epal|pipal|ripal
production-1931-vol1-chapters	1562	0.0	mayopn	<<mayopn>> ection whenever the public interest or convenience	mayon|mayor
production-1931-vol1-chapters	1563	19.0	ollows	<<ollows>>	allows|follows|hollows|ollow
production-1931-vol1-chapters	1564	21.0	supermsion	<<supermsion>> surveyor to supervise the work of cleaning	supervision
production-1931-vol1-chapters	1574	12.0	conclushe	<<conclushe>> determinations of said city council upon notice	conclusive
production-1931-vol1-chapters	1584	6.0	foyment	<<foyment>> provided however that the reasonable cost in	foment|forment
production-1931-vol1-chapters	1585	1.9	mentauy	hospital ward or rooms provided by the <<mentauy>>	mentaly|mentary
production-1931-vol1-chapters	1589	16.9	resdene	of a superior court shall reside within <<resdene>>	resene
production-1931-vol1-chapters	1595	25.8	ppentes	probation officer and deputy probation officers in <<ppentes>>	puentes
production-1931-vol1-chapters	1595	37.8	appomt	offices of probation officers and deputy probation <<appomt>>	apport
production-1931-vol1-chapters	1596	27.0	mqure	<<mqure>> into over sixteen vears of age or	maure|moure|mure
production-1931-vol1-chapters	1600	19.0	istres	<<istres>> territory and not including any forest land	stres
production-1931-vol1-chapters	1603	13.12	eaune	and place fixed by the board of <<eaune>> on	aune|beaune|elune|eune|faune|jaune
production-1931-vol1-chapters	1603	14.9	ronsolida	the hearing of said matter of consolidation <<ronsolida>>	consolida
production-1931-vol1-chapters	1603	36.10	neuce	shall be headed notice of the pro <<neuce>>	deuce|nauce|neace|nece|neice|nerce
production-1931-vol1-chapters	1604	34.0	premuns	<<premuns>> surety company pursuant to article thirteen of	premiums
production-1931-vol1-chapters	1607	35.8	btuts	section of the civil code is hereby <<btuts>>	bouts|btts|btus|buts|butts|bututs
production-1931-vol1-chapters	1610	7.0	annadl	<<annadl>> the governing board of a school district	annada|annadel|annal
production-1931-vol1-chapters	1610	31.0	emutt	<<emutt>> licensed as a contractor by the department	emett|mutt
production-1931-vol1-chapters	1610	33.0	uanae	<<uanae>> and address of the insurance carrier carrying	anae|danae|hanae|janae|kanae|nanae
production-1931-vol1-chapters	1610	40.5	poliev	or lanse of the said <<poliev>> within ten davs after such	polie|polier
production-1931-vol1-chapters	1611	26.12	tegsiator	term shall be paid to his legal <<tegsiator>>	testator
production-1931-vol1-chapters	1612	34.11	distine	made of them or if a commercial <<distine>>	destine|dietine|distin|distune|sistine
production-1931-vol1-chapters	1613	12.10	fsimve	boat tender boat pickup boat buyer boat <<fsimve>> toast	five
production-1931-vol1-chapters	1616	7.0	mpport	<<mpport>> land subject to the right of the	apport|opport|upport
production-1931-vol1-chapters	1616	48.0	exravated	<<exravated>> sco tacks in buildings or other structures	excavated
production-1931-vol1-chapters	1620	38.0	apelin	<<apelin>> the term delinquency as herein used shall	aelin|apeling|aplin|applin|capelin|pelin
production-1931-vol1-chapters	1622	18.0	pentenes	<<pentenes>> should any payment of principal on said	pentene|sentences
production-1931-vol1-chapters	1623	0.0	weerles	<<weerles>> senting total	needles|weebles|weedles
production-1931-vol1-chapters	1625	7.12	purcels	bond has been issued pursuant to section <<purcels>>	parcels|purcel|purcell|purcells
production-1931-vol1-chapters	1627	38.11	jumor	the amount required to be appro state <<jumor>>	dumor|humor|jamor|jumo|junor|juror
production-1931-vol1-chapters	1628	16.0	proure	<<proure>> absent from his election precinct or unable	procure|propre|prore|proude|prouse|roure
production-1931-vol1-chapters	1633	8.2	icrms	with the <<icrms>> of probation and providing for the creation	crms|icbms|icms|icrs|irms
production-1931-vol1-chapters	1633	18.11	tonof	cases where discretion is conferred on the <<tonof>>	tono|tonon|toof
production-1931-vol1-chapters	1635	9.12	auutionn	require any or all of the above <<auutionn>>	auction
production-1931-vol1-chapters	1641	40.3	pubhe	file as a <<pubhe>> document with the county clerk a report	dubhe|pube|puhe
production-1931-vol1-chapters	1642	24.0	apportiun	<<apportiun>>	apportion
production-1931-vol1-chapters	1663	14.7	redamation	c whenever any reclamation district shall have <<redamation>>	redamnation
production-1931-vol1-chapters	1664	25.0	areneed	<<areneed>> defense shall thereafter be maintained attacking the	amended|preneed
production-1931-vol1-chapters	1666	24.0	serihed	<<serihed>> in section of the political code as	serifed
production-1931-vol1-chapters	1667	16.7	teveded	act to define investment companies investment brokers <<teveded>>	needed
production-1931-vol1-chapters	1667	39.8	wfuuls	any reclamation district now existing or hereafter <<wfuuls>>	fuels
production-1931-vol1-chapters	1669	33.10	banots	at such election shall contain the words <<banots>>	banos|bants|ranots
production-1931-vol1-chapters	1671	37.10	frmot	coupons may be substantially in the fol <<frmot>>	from|fromt|froot|frot
production-1931-vol1-chapters	1674	17.0	bupple	<<bupple>> a said board of trustees shall declare	rupple|supple
production-1931-vol1-chapters	1677	1.10	uneold	bonds so offered for sale shall not <<uneold>>	unbold|unfold|ungold|unhold|unmold|unold
production-1931-vol1-chapters	1677	10.10	ryocue	for which any portion of said refund <<ryocue>>	rescue
production-1931-vol1-chapters	1680	6.0	manitin	<<manitin>> ject to regulation by a water master	amanitin|maintain|manikin
production-1931-vol1-chapters	1683	48.10	dntv	in which case it shall be the <<dntv>> of said	antv|dctv|dnt|dntp|dnv|drtv
production-1931-vol1-chapters	1684	42.0	offunds	<<offunds>> made as herein provided shall at least	offends
production-1931-vol1-chapters	1685	28.9	alternaure	the procedure hereinafter set forth for collect <<alternaure>>	alternate
production-1931-vol1-chapters	1686	43.10	cenug	rabbit and the brush rabbit of the <<cenug>>	ceng|genug
production-1931-vol1-chapters	1689	4.12	onstrue	this section and each of the sub <<onstrue>>	construe
production-1931-vol1-chapters	1691	18.10	ltendanee	college district and attending junior college in <<ltendanee>>	tendance
production-1931-vol1-chapters	1692	14.1	hivery	membership <<hivery>> such corporation heretofore or hereafter	hively|hiver|ivery|livery|rivery|shivery
production-1931-vol1-chapters	1695	0.0	redaa	<<redaa>> as follows	fedaa|reada|reda|redan|redha|redia
production-1931-vol1-chapters	1697	46.1	egose	a <<egose>>	egos|erose|gose
production-1931-vol1-chapters	1699	0.9	sulanes	salaries of the judges clerks marshals officers <<sulanes>>	lanes|silanes|slanes
production-1931-vol1-chapters	1699	1.12	wetites	municipal court shall be paid out of <<wetites>> ete	petites
production-1931-vol1-chapters	1699	18.9	fromty	provided for in ths chapter are preferred <<fromty>>	from|fromt|frosty
production-1931-vol1-chapters	1699	34.8	recewer	assignments for the benefit of creditors and <<recewer>>	receder|renewer
production-1931-vol1-chapters	1704	3.0	toreleass	<<toreleass>> are not released the officer who levied	tireless
production-1931-vol1-chapters	1705	12.12	osernors	the hoard of governors of the state <<osernors>>	governors
production-1931-vol1-chapters	1707	9.11	mssioner	writing shall have the power and author <<mssioner>>	missioner
production-1931-vol1-chapters	1708	27.0	pacess	<<pacess>> the commissioner and his representatives shall have	acess|pacers|paces|papess
production-1931-vol1-chapters	1709	15.1	domesite	of <<domesite>> animals and repealing an act entitled an	homesite
production-1931-vol1-chapters	1709	28.9	domesty	of any viruses serums toxins or analogous <<domesty>>	domest|domestic
production-1931-vol1-chapters	1714	10.0	wahhons	<<wahhons>> provided for upon such notice being given	wagons
production-1931-vol1-chapters	1714	21.0	ehned	<<ehned>> or any public board commission or officer	ehnes|ened
production-1931-vol1-chapters	1714	30.0	arefiled	<<arefiled>> so filed it shall be lawful for	refiled
production-1931-vol1-chapters	1718	2.0	materialinen	<<materialinen>> artisans and laborers where the amount of	materialien
production-1931-vol1-chapters	1721	34.0	trict	<<trict>> having an average daily attendance therein of	strict|tract|triact|tric|trica|trice
production-1931-vol1-chapters	1722	26.8	trriga	acquisition and construction by said district of <<trriga>>	triga
production-1931-vol1-chapters	1727	4.12	hahbut	time takes catches or kills or has <<hahbut>>	hagbut
production-1931-vol1-chapters	1731	32.1	ybana	near <<ybana>> ranch thence northerly following the said trail	abana|bana|obana|yana|yoana
production-1931-vol1-chapters	1732	40.8	flowme	near stockton al waters of old river <<flowme>> within the	flowe
production-1931-vol1-chapters	1735	32.10	quslites	of duty each member of the board <<quslites>>	qualities
production-1931-vol1-chapters	1736	18.0	seealso	<<seealso>> entitled an act regulating the business of	seals
production-1931-vol1-chapters	1738	15.0	qualifea	<<qualifea>> the applicant must be over twenty one	qualifed
production-1931-vol1-chapters	1738	34.6	goorl	effect that the applicant is of <<goorl>> character	googl|gool|goor|gorl
production-1931-vol1-chapters	1739	10.10	acense	such license shall be in writing and <<acense>>	cense
production-1931-vol1-chapters	1740	20.0	beense	<<beense>> fee licensed embalmer shall pay annually a	becense|been|beene|beenie|beens|beese
production-1931-vol1-chapters	1740	46.0	reinstaterent	<<reinstaterent>>	reinstatement
production-1931-vol1-chapters	1741	32.11	hcenses	and notice to the licensee for of <<hcenses>>	censes
production-1931-vol1-chapters	1746	12.2	arrviny	m e <<arrviny>> out the provisions of this act and	arriving
production-1931-vol1-chapters	1746	21.6	tinvis	tion to be held at chicago <<tinvis>> im and shall have	invis|tingis|tivis
production-1931-vol1-chapters	1749	17.12	cantornia	is hereby authorized to sell or trade <<cantornia>>	cantorna
production-1931-vol1-chapters	1750	14.4	durmg	tation caused by blight <<durmg>> was so serious that the	durag|durg|durig|durm|durng
production-1931-vol1-chapters	1754	27.0	forwon	<<forwon>> they determine that a new wharf shall	forson|forton|forworn
production-1931-vol1-chapters	1757	45.11	permisslor	shall land or remove any goods wares <<permisslor>>	permission
production-1931-vol1-chapters	1759	10.0	eanal	<<eanal>>	anal|banal|canal|eana|ernal|fanal
production-1931-vol1-chapters	1763	47.2	forejen	chapter xvi <<forejen>> corporations	foremen
production-1931-vol1-chapters	1764	17.0	ineorporator	<<ineorporator>> includes each person signing the articles	incorporator
production-1931-vol1-chapters	1764	44.3	radiogramed	graphed telegraphed cabled <<radiogramed>> photographed	radiograms
production-1931-vol1-chapters	1764	45.0	photostated	<<photostated>> telephotographed or other form of transmitted	photostatted
production-1931-vol1-chapters	1765	14.8	rlication	to every private corporation profit or nonprofit <<rlication>>	plication
production-1931-vol1-chapters	1765	41.9	foutinue	on the first day of january formed <<foutinue>> ex	continue
production-1931-vol1-chapters	1767	43.0	pubhe	<<pubhe>> or which is the same as or	dubhe|pube|puhe
production-1931-vol1-chapters	1768	28.0	puerese	<<puerese>> l certified by the secretary of state	purse
production-1931-vol1-chapters	1768	29.0	isheld	<<isheld>> clerk of every county in the state	held|ished|sheld
production-1931-vol1-chapters	1768	46.0	tesue	<<tesue>> and issue and classes of shares stock	jesue|resue|tenue|tese|teske|teste
production-1931-vol1-chapters	1770	39.0	partut	<<partut>> issue any corporation if authorized in its	partout|partum|partus
production-1931-vol1-chapters	1774	0.0	hoypotnecate	<<hoypotnecate>> snares	hypothecate
production-1931-vol1-chapters	1775	25.11	reslen	his resignation to the board of direc <<reslen>>	resen
production-1931-vol1-chapters	1777	29.7	fiduclary	fiduciary duty of directors directors and officers <<fiduclary>>	fiduciary
production-1931-vol1-chapters	1778	15.0	bpecal	<<bpecal>> special shareholders meetings special meetings of	pecal
production-1931-vol1-chapters	1783	19.9	isvector	of election in advance of any meeting <<isvector>>	invector
production-1931-vol1-chapters	1787	21.12	yyune	is requested and there is a reasonable <<yyune>>	june|yune
production-1931-vol1-chapters	1788	0.3	elaun	notice of his <<elaun>> and unless within five days after giving	elain|elan|laun
production-1931-vol1-chapters	1790	22.0	sigoment	<<sigoment>> containing a written assignment of the certificate	segment
production-1931-vol1-chapters	1790	48.0	forbiddine	<<forbiddine>> a corporation	forbidding
production-1931-vol1-chapters	1792	9.0	wanster	<<wanster>> the transfer of a certificate or of	ganster|wabster|waister|wanser|wanter|waster
production-1931-vol1-chapters	1793	46.6	maintainmg	ation or by a foreign corporation <<maintainmg>> an office or	maintaing
production-1931-vol1-chapters	1796	11.0	cmpantes	<<cmpantes>> ized for or engaged im the business	companies
production-1931-vol1-chapters	1797	21.10	speerty	amount thereof to whom and where pay <<speerty>>	speedy|speerity
production-1931-vol1-chapters	1799	40.5	orpore	or hereafter organized has power <<orpore>>	corpore
production-1931-vol1-chapters	1806	10.0	sinett	<<sinett>> redemption such surplus may be applied to	inett|linett|minett|ninety|sinnett|sonett
production-1931-vol1-chapters	1807	38.1	nmited	be <<nmited>> in the articles or by laws	nited|smited
production-1931-vol1-chapters	1812	4.0	restrie	<<restrie>> the provisions of this section shall not	estrie|restric|restrike|restrip|restrive
production-1931-vol1-chapters	1812	11.0	fonsolida	<<fonsolida>> b conveyance of real estate upon merger	consolida
production-1931-vol1-chapters	1812	12.0	veyance	<<veyance>> of ation whenever a foreign corporation having	voyance
production-1931-vol1-chapters	1814	29.0	oravend	<<oravend>> been given the president or a vice	craven
production-1931-vol1-chapters	1817	36.11	beope	in addition to any remedy by injunc <<beope>> of	beode|beppe|bope|peope
production-1931-vol1-chapters	1819	2.13	plrenase	as to such shares as of the <<plrenase>>	please
production-1931-vol1-chapters	1819	7.12	enfercemen	corporation shall fail to pay the amount <<enfercemen>>	enforcement
production-1931-vol1-chapters	1819	15.13	timitation	as to any such merger or consoli <<timitation>>	imitation|limitation
production-1931-vol1-chapters	1819	28.8	abario	the authorization by directors and shareholders as <<abario>>	abaris|agario|alario|bario
production-1931-vol1-chapters	1823	48.7	tnbation	la final distribution to shareholders the directors <<tnbation>>	taxation
production-1931-vol1-chapters	1824	37.0	anels	<<anels>> tory tion in winding up the affairs	abels|anals|anees|anel|anele|aneles
production-1931-vol1-chapters	1824	42.3	meluding	for a consideration <<meluding>> shares of stock and or other	deluding|eluding|melding
production-1931-vol1-chapters	1827	2.9	vacaneyes	in office of director a vacancy occurring <<vacaneyes>> ax	vacancies
production-1931-vol1-chapters	1830	4.0	vindup	<<vindup>> cause shown to conduct the winding up	vindu|windup
production-1931-vol1-chapters	1834	49.0	liabities	<<liabities>> liabilities of directors the directors of a	liabilities
production-1931-vol1-chapters	1836	24.1	sgsint	suit <<sgsint>> if against a minor under the age	saint
production-1931-vol1-chapters	1837	0.7	entriled	an act to repeal chapter statutes of <<entriled>> an act sie ie	entailed
production-1931-vol1-chapters	1841	0.0	cattfornia	<<cattfornia>>	california
production-1931-vol1-chapters	1842	26.1	reorp	of <<reorp>> cles of incorporation of any association incorporated	reorg
production-1931-vol1-chapters	1844	40.0	pubbe	<<pubbe>> commission or by the other directors selected	bubbe|jubbe|lubbe|pubbed|pubble|pube
production-1931-vol1-chapters	1845	25.9	panster	the by laws shall prohibit the transfer <<panster>>	ganster|palster|panter|pantser|paster|penster
production-1931-vol1-chapters	1846	14.0	asocla	<<asocla>> interest in own stock of or be	sola
production-1931-vol1-chapters	1847	11.7	myaso	hh articles of incorporation must be signed <<myaso>>	maso
production-1931-vol1-chapters	1848	19.0	carpora	<<carpora>>	carbora|carport|corpora
production-1931-vol1-chapters	1851	1.14	dusand	the articles or by laws or the <<dusand>>	desand|dunand|durand|dusan
production-1931-vol1-chapters	1852	26.0	tncorpora	<<tncorpora>> b incorporation of unincorporated associations if an	corpora
production-1931-vol1-chapters	1854	40.0	ofarticles	<<ofarticles>> ration sole may at any time amend	articles
production-1931-vol1-chapters	1855	44.7	hwtable	managing administering and expending property and funds <<hwtable>>	hatable
production-1931-vol1-chapters	1858	12.0	tanstrue	<<tanstrue>> tn so far as this act does	construe
production-1931-vol1-chapters	1858	17.0	cilapter	<<cilapter>>	chapter
production-1931-vol1-chapters	1859	40.10	agrieuitural	of the fifty first class the commissioner <<agrieuitural>>	agricultural
production-1931-vol1-chapters	1861	19.0	btats	<<btats>>	bats|batts|beats|blats|boats|brats
production-1931-vol1-chapters	1864	22.0	melpality	<<melpality>> within a municipality all agreements and petitions	mentality
production-1931-vol1-chapters	1866	25.9	cleemed	as changed at such hearing shall be <<cleemed>> the	cleeked
production-1931-vol1-chapters	1867	17.1	pubhe	all <<pubhe>> property in such district that may lawfully	dubhe|pube|puhe
production-1931-vol1-chapters	1871	47.10	efteet	said reassessment lien or sale of property <<efteet>> of	eftest
production-1931-vol1-chapters	1873	27.10	acvons	suit or proceeding to set aside cancel <<acvons>>	avons
production-1931-vol1-chapters	1875	23.10	ferya	shall upon the filing of said list <<ferya>>	derya|fedya|fera|ferda|feria|ferma
production-1931-vol1-chapters	1876	48.0	thapen	<<thapen>>	hapen|shapen|tapen|thapes|tharen
production-1931-vol1-chapters	1881	35.8	pablicatzon	the treasurer shall publish by two insertions <<pablicatzon>>	publication
production-1931-vol1-chapters	1884	4.11	deserib	bond under which the sale was made <<deserib>>	deseri
production-1931-vol1-chapters	1885	7.12	curat	portion thereof has been sold to satisfy <<curat>>	aurat|carat|crat|cugat|cura|curae
production-1931-vol1-chapters	1887	6.12	honaht	for any reason held to be unconstitutional <<honaht>>	honest
production-1931-vol1-chapters	1894	0.0	slale	<<slale>>	lale|saale|sale|salle|scale|seale
production-1931-vol1-chapters	1894	1.0	fopucations	<<fopucations>> sec to receive aid under this act	populations
production-1931-vol1-chapters	1897	25.10	bidster	construction of any work to be paid <<bidster>>	bister
production-1931-vol1-chapters	1899	34.10	kstabtish	or an interest in real property is <<kstabtish>>	establish
production-1931-vol1-chapters	1902	31.1	structi	defined <<structi>> n of works involving some feature of	struct|structs
production-1931-vol1-chapters	1904	11.0	ptjas	<<ptjas>> sec section of chapter statutes of is	ptas|pujas
production-1931-vol1-chapters	1912	46.0	ofmembers	<<ofmembers>> oo city and county in this state	members
production-1931-vol1-chapters	1914	27.0	cahfornia	<<cahfornia>>	calfornia|california
production-1931-vol1-chapters	1915	1.1	mccartea	alice <<mccartea>> against the state of california	mccarten|mccarter
production-1931-vol1-chapters	1915	7.5	mccartea	the claim of martha alice <<mccartea>> against the state of	mccarten|mccarter
production-1931-vol1-chapters	1916	24.0	propriauion	<<propriauion>> hereby appropriated out of any money in	propriation
production-1931-vol1-chapters	1920	5.0	amdat	<<amdat>> for the clerk of the court must	abdat|adat|amat|amda|amdt|ampat
production-1931-vol1-chapters	1922	9.0	adtae	<<adtae>> tion shall at the time of fixing	adae|addae
production-1931-vol1-chapters	1927	11.2	janrcs	dated june <<janrcs>> roltpeh jr governor	jars
production-1931-vol1-chapters	1928	40.0	ingaction	<<ingaction>> pendency of the action or at the	inaction
production-1931-vol1-chapters	1928	41.1	dworee	for <<dworee>> thereafter during the minority of any of	doree
production-1931-vol1-chapters	1929	36.10	omeers	on throughout the entire state including united <<omeers>> ete	ameers|meers|omers
production-1931-vol1-chapters	1930	27.0	omeers	<<omeers>> if the office is that of representative	ameers|meers|omers
production-1931-vol1-chapters	1932	34.0	titlecom	<<titlecom>> of title commissioners which board shall consist	titledom
production-1931-vol1-chapters	1932	35.0	mussioners	<<mussioners>> justices of the district court of appeal	missioners
production-1931-vol1-chapters	1937	3.1	oppay	nn <<oppay>> j mark crosses on ballot only with	appay|apply|oppa|oppai|oppas|oppy
production-1931-vol1-chapters	1937	7.15	slacap	uke narae oy bre lo be ected <<slacap>> bcre aller ube ramen of all the	slack
production-1931-vol1-chapters	1937	7.16	bcre	narae oy bre lo be ected slacap <<bcre>> aller ube ramen of all the candidates	acre|bare|bce|bcr|bcra|bcrp
production-1931-vol1-chapters	1937	8.11	bresver	you dure to rida wot wo vaceed <<bresver>> ue serine of capdulsles who are lo	bresler|bresser
production-1931-vol1-chapters	1937	9.4	wacp	ura group of patow <<wacp>> eco i the square opp te scct	aacp|acp|bacp|facp|iacp|lacp
production-1931-vol1-chapters	1937	9.11	scct	wacp eco i the square opp te <<scct>> group to vols oar a pertee act	acct|cct|icct|scat|scc|scca
production-1931-vol1-chapters	1937	10.4	wcdor	race of bath person <<wcdor>> tle th s of the eifoe ta	widor|widow
production-1931-vol1-chapters	1937	10.34	vourg	lat cual rarecdomenl baap across oe te <<vourg>> scare after ths	bourg|vour
production-1931-vol1-chapters	1937	11.9	wroepl	oer aller the wort mo ad corks <<wroepl>> ike cro we fetrdden ad deucz ym	propel
production-1931-vol1-chapters	1937	11.15	deucz	corks wroepl ike cro we fetrdden ad <<deucz>> ym carts er eravsres are forbidden a	deuce|deutz
production-1931-vol1-chapters	1937	12.3	tnllon	or otluce tim <<tnllon>> reed nh ww the leapersor of erection	gallon|tallon
production-1931-vol1-chapters	1937	12.13	noctber	ww the leapersor of erection and obta <<noctber>>	october
production-1931-vol1-chapters	1937	13.10	rrorositions	amd vic ss on w oueerions aup <<rrorositions>>	propositions
production-1931-vol1-chapters	1937	14.1	emsenr	tate <<emsenr>> or rarumieo cares cowcressional g auasstreo sy	emser
production-1931-vol1-chapters	1937	14.5	cowcressional	tate emsenr or rarumieo cares <<cowcressional>> g auasstreo sy vee of electors	congressional
production-1931-vol1-chapters	1937	15.11	terwne	of pred dt and vice vous lor <<terwne>> bus fad ball ber aor you tor	terne
production-1931-vol1-chapters	1937	21.7	iahrey	morey ae bee ee or the suse <<iahrey>> aa	carey
production-1931-vol1-chapters	1937	23.1	cormam	joa <<cormam>> rapebdcan	coram|corfam|corma|cormac|corman|formam
production-1931-vol1-chapters	1937	25.5	tisrer	ood reas mei romie pecvenan <<tisrer>> veer ler onl	tierer|tirer
production-1931-vol1-chapters	1937	26.0	vecroe	<<vecroe>> a hall dowarw i al wallace brwtian	vercoe
production-1931-vol1-chapters	1937	26.3	dowarw	vecroe a hall <<dowarw>> i al wallace brwtian program	toward
production-1931-vol1-chapters	1937	26.7	brwtian	vecroe a hall dowarw i al wallace <<brwtian>> program	britian
production-1931-vol1-chapters	1937	28.4	cernke	ajc bst demrere ea <<cernke>> demo re	cerne
production-1931-vol1-chapters	1937	29.2	vounc	dor cians <<vounc>> aneeacae il le	counc
production-1931-vol1-chapters	1937	32.1	hambow	pusept <<hambow>> derren lk py es is	hambo|harbor
production-1931-vol1-chapters	1937	34.2	dritary	i ty <<dritary>> tata sewatonal piste	primary
production-1931-vol1-chapters	1937	34.4	sewatonal	i ty dritary tata <<sewatonal>> piste	seasonal
production-1931-vol1-chapters	1937	35.0	perme	<<perme>> hamlet ramet aq vee ter	erme|ferme|parme|perce|perde|pere
