production-1865-66	628	32.10	duildines	immediately after a good and sufficient title <<duildines>>	buildings
production-1865-66	628	43.8	contzact	said commissioners having advertised to receive proposals <<contzact>>	contact|contract
production-1865-66	629	36.0	heightof	<<heightof>> have the right to open the same	height
production-1865-66	632	0.1	cnsuine	done <<cnsuine>> br	ensuing
production-1865-66	633	33.0	secountse	<<secountse>> t of the road overseers and finding	recounts
production-1865-66	634	29.0	srerron	<<srerron>> the inhabitants of that portion of the	sherron
production-1865-66	635	35.0	mentand	<<mentand>> appoint some suitable person to act as	menand|mental|montand
production-1865-66	637	49.0	voyor	<<voyor>> do the surveying and other work which	voor|voyer
production-1865-66	638	4.7	pofnitions	second the words improve improved and improve <<pofnitions>>	positions
production-1865-66	638	34.11	compenss	shall be allowed for his time actually <<compenss>>	compens|compense
production-1865-66	645	32.1	teeeagh	opt <<teeeagh>> may propose to open a public road	teenage
production-1865-66	648	40.11	allser	the road masters shall be allowed for <<allser>> compensa	aller|allier|alliser
production-1865-66	649	35.1	billof	employers <<billof>> sale the road master may also demand	billo|billon|billoo|billot|billow
production-1865-66	649	36.0	nawor	<<nawor>> statement under oath touching his indebtedness to	jawor|nabor|nador|nagor|nahor|najor
production-1865-66	649	48.0	areeeat	<<areeeat>> duplicate assessment lists provided for in section	repeat
production-1865-66	650	10.10	ovstructions	or persons or body politic or corporate <<ovstructions>>	obstructions
production-1865-66	650	18.0	vietion	<<vietion>> thereof be punished by a fine of	viation
production-1865-66	653	8.0	getricts	<<getricts>> nd supervisor districts subject such alterations as	restricts
production-1865-66	654	27.0	cuav	<<cuav>> cccoxlv an act to extend the provisions	buav|cav|chav|clav|csav|cua
production-1865-66	656	9.0	shepbard	<<shepbard>> blum chas sherman william mccaulley hiram	shepard|shephard|sheppard
production-1865-66	656	23.11	ivicin	shall have the right to commence the <<ivicin>>	ilicin
production-1865-66	658	39.1	ufler	and <<ufler>> taking an oath to perform faithfully the	fler|nfler|ufer|uhler|uller
production-1865-66	660	3.0	tvicts	<<tvicts>> within which such road is situated of	evicts
production-1865-66	661	1.0	bepened	<<bepened>> any person over whose land such road	bepewed
production-1865-66	661	10.0	piaintif	<<piaintif>> ond sec in all cases of an	plaintiff
production-1865-66	665	27.0	obstruc	<<obstruc>> src any person or persons or body	obstruct
production-1865-66	667	20.0	powersand	<<powersand>> sec said directors shall have the general	powerband
production-1865-66	669	17.0	dismissalof	<<dismissalof>> sxc if any teacher or employ of	dismissal
production-1865-66	669	41.0	atrued	<<atrued>> considered deafness or blindness within the meaning	trued
production-1865-66	672	39.0	caav	<<caav>> ccccliv an act authorizing jos morrill john	aav|caa|caaa|caac|caad|caam
production-1865-66	673	30.0	temof	<<temof>> grades and culverts in good order and	temo|temos
production-1865-66	677	7.0	sretion	<<sretion>> section one of said act is hereby	cretion
production-1865-66	677	20.3	bonrl	sution of the <<bonrl>> of supervisors of yolo county approved cb	boncl|bonel
production-1865-66	678	5.12	wermme	for tbat purpose on the third monday <<wermme>>	were|werme
production-1865-66	679	1.11	thoneo	in the town of quincy and run <<thoneo>>	thone|thonet|those
production-1865-66	679	6.0	comptetin	<<comptetin>> src upon tho completion of section one	completion
production-1865-66	679	16.0	teene	<<teene>> nnd seo if it shall appear to	beene|deene|geene|heene|jeene|keene
production-1865-66	680	21.12	morction	described in section one of this act <<morction>>	moration
production-1865-66	681	3.0	btracted	<<btracted>> across all streams on the line of	bracted
production-1865-66	681	12.0	denominae	<<denominae>> sec all bonds issued under the provisions	denominate|denominated
production-1865-66	681	24.1	tersigned	comp <<tersigned>> registered sealed with the county seal and	designed
production-1865-66	682	39.0	tersigned	<<tersigned>> registered sealed with the county seal and	designed
production-1865-66	689	28.11	thercot	shall have no vote in the proceedings <<thercot>>	theriot
production-1865-66	692	30.4	hotise	line to said buckeye <<hotise>>	cotise|hoise
production-1865-66	692	33.8	vanderwater	cccclxvii an act granting to r j <<vanderwater>> his	underwater
production-1865-66	693	3.8	vanderwater	constructed is hereby granted to r j <<vanderwater>>	underwater
production-1865-66	696	8.10	termsor	of the district court of the first <<termsor>>	termor
production-1865-66	697	8.0	powersand	<<powersand>> sec the duties of said commissioners shall	powerband
production-1865-66	699	31.0	ponnd	<<ponnd>> section the supervisors of alameda county are	poind|pond|poned|pound
production-1865-66	701	11.0	beretaken	<<beretaken>> within six days any animal directly or	retaken
production-1865-66	702	12.0	szorion	<<szorion>> it shall be the duty of the	xzorion
production-1865-66	702	27.12	ymeny	allow all advertising fees for the advertisements <<ymeny>>	emeny|meny|yeny
production-1865-66	706	16.11	gatnry	of said county for all services as <<gatnry>> of	gantry
production-1865-66	707	18.0	payclaim	<<payclaim>> hereby authorized and directed to pay to	proclaim
production-1865-66	710	5.10	sodue	by oath or affirmation and such amounts <<sodue>>	code|sode|sodje|sodus
production-1865-66	711	33.0	nirmea	<<nirmea>> district court of said city and county	nirma
production-1865-66	712	13.0	cuarp	<<cuarp>> cccclxxxii an act to pay the claim	carp
production-1865-66	712	25.0	cnap	<<cnap>> cccclxxxiii an act to amend an act	anap|caap|cap|cbap|ccap|ceap
production-1865-66	717	17.0	cnav	<<cnav>> ccccxci an act io fix the compensation	cav|chav|clav|cna|cnac|cnam
production-1865-66	718	32.10	pomanas	on the county treasurer shall be allowed <<pomanas>>	pomona
production-1865-66	723	26.0	whencom	<<whencom>> suc after the expiration of three years	whence
production-1865-66	728	25.11	zerke	of the county which shall be ren <<zerke>> poe	berke|erke|gerke|jerke|werke|zeke
production-1865-66	729	19.1	aterais	eee <<aterais>> y such house of ill fame and	laterals
production-1865-66	730	2.1	frehill	thomas <<frehill>> on durgan flat thence easterly to the	forehill|refill
production-1865-66	731	2.0	powersand	<<powersand>> time at the call of the president	powerband
production-1865-66	732	7.7	ifany	such person firm corporation association or company <<ifany>>	fany|ifan|ifans|imany|ivany|ofany
production-1865-66	733	18.0	faualization	<<faualization>> day of july and the second monday	equalization
production-1865-66	736	42.0	cocdings	<<cocdings>>	codings
production-1865-66	737	8.0	ixet	<<ixet>> er telegraph line of the california state	icet|iet|iget|ilet|imet|inet
production-1865-66	738	5.11	revenne	the duty of the board of supervisors <<revenne>>	revenge|revenue
production-1865-66	739	2.3	seaees	cellaneous libraries csessecvveeseevevevevccnertveeseeerenersstvete <<seaees>>	seabees|seales|seases
production-1865-66	739	6.7	rereee	individuals and all gold just ccesessecsrecerecvers tren <<rereee>> sevens	reree|rereel|rereeve
production-1865-66	739	13.0	vodicies	<<vodicies>> secseeseesvesenenevccsesverenenrreervonesen es eppereseesnerenene ree ees	policies
production-1865-66	739	15.6	rereny	fixed to tho soi csccerereevvorcecscresccerernee seseteren <<rereny>> seeene veveaener	hereby|redeny|reeny|rerent|sereny
production-1865-66	739	15.7	seeene	fixed to tho soi csccerereevvorcecscresccerernee seseteren rereny <<seeene>> veveaener	seeee|seeeee|seene|selene|serene|sevene
production-1865-66	739	21.5	eontse	acres value of land ee <<eontse>>	montse
production-1865-66	740	21.9	svnal	assessed having personal property only together with <<svnal>> prup	senal|sinal|sonal
production-1865-66	740	21.10	prup	having personal property only together with svnal <<prup>>	arup|grup|paup|plup|prep|prop
production-1865-66	740	25.9	ofrent	describing real property or real and personal <<ofrent>> estat	okrent|orent
production-1865-66	742	17.11	iunes	settlements with the treasurer on the yi <<iunes>>	bunes|dunes|funes|gunes|ines|innes
production-1865-66	742	32.11	pdupiicate	shall deliver a true copy or duplicate <<pdupiicate>>	duplicate
production-1865-66	743	12.0	demuing	<<demuing>> other lector who shall receive any taxes	deming|demming|demoing
production-1865-66	744	29.12	sherifanc	revenue collected by them and the g <<sherifanc>>	sheridan
production-1865-66	746	32.12	esie	shall credit it to that district pay <<esie>>	asie|easie|edie|eie|eise|elie
production-1865-66	749	45.0	ppiiable	<<ppiiable>> eighteen hundred and sixty two entitled an	plicable
production-1865-66	750	0.0	atver	<<atver>> ts passage	adver|alver|ater|ather|atler|atter
production-1865-66	753	36.0	ppeure	<<ppeure>> any person so notified who shall fail	pleure|pure
production-1865-66	755	14.1	aleag	he <<aleag>> made under the supervision and direction of	alag|alea|aleah|aleak|leag
production-1865-66	757	20.1	dxvit	cup <<dxvit>> an act to amend an act entitled	davit
production-1865-66	761	25.0	deccriptios	<<deccriptios>> sxc the register of the state land	description
production-1865-66	762	5.10	labhity	from all liability upon a judgment rendered <<labhity>>	lability
production-1865-66	768	1.0	cuarp	<<cuarp>> dxxiit an act to provide for the	carp
production-1865-66	769	6.1	purece	to <<purece>> supervisors of napa county are hereby authorized	parece|puree
production-1865-66	769	34.0	souatd	<<souatd>> bonds county as aforesaid and the said	souad
production-1865-66	771	42.8	roadin	submitted shall there be a macadamized toll <<roadin>> napa	loadin|radin|readin|roadie|roading|roamin
production-1865-66	772	8.3	butif	be declared rejected <<butif>> upon such canvass it shall be found	buti|butic|butin|butit|butte
production-1865-66	772	17.0	legass	<<legass>> j h haste and c kirke their	legals|legas|lemass|megass
production-1865-66	772	24.0	ssorron	<<ssorron>> the said f k shattuck william hillegass	sorrow
production-1865-66	774	22.0	conveyunce	<<conveyunce>> above referred to as made by the	conveyance
production-1865-66	778	36.9	civims	made therefor in the manner now provided <<civims>>	civics|civies|civils|civis|civism
production-1865-66	779	18.0	rightsand	<<rightsand>> xo said company when incorporated as aforesaid	righthand
production-1865-66	780	11.13	ticens	so construed as to prevent the ferry <<ticens>>	licens|tiens
production-1865-66	780	22.12	phcable	an act to provide for the incorporation <<phcable>>	pacable|payable
production-1865-66	788	1.9	jndgo	when contested one dollar and fifty cents <<jndgo>>	judge
production-1865-66	788	35.0	cuarp	<<cuarp>> dxxxiv an act to amend an act	carp
production-1865-66	788	43.11	presdings	the part of the plaintiff shall be <<presdings>>	pressings
production-1865-66	790	26.9	tnjunctions	injunction to suspend the general and ordi <<tnjunctions>>	injunctions
production-1865-66	793	26.0	sxzo	<<sxzo>> section two hundred and eighty of said	sizo|sozo
production-1865-66	793	37.1	neliner	pen <<neliner>> equal between the parties according to their	deliver|reliner
production-1865-66	794	14.9	distrios	district courts in the following cases fom <<distrios>>	distros
production-1865-66	797	16.0	oferent	<<oferent>> grant upon the conditions reservations and stipulations	ferent
production-1865-66	797	26.0	powersand	<<powersand>> filled by the appointment of the governor	powerband
production-1865-66	798	12.3	ormay	ment that is <<ormay>> be placed thereon any person committing penalty	orma|ormal|orman|ormat|ormy|orsay
production-1865-66	801	9.9	claimunts	the proposed road will confer on tbo <<claimunts>>	claimants
production-1865-66	801	24.0	sigersof	<<sigersof>> claim for compensation or damages any person	sigerson
production-1865-66	801	37.5	jocution	vided in the direction or <<jocution>> of the road described in the	locution
production-1865-66	801	49.0	steth	<<steth>> tho names of all such owners or	seeth|seth|sheth|smeth|speth|stech
production-1865-66	802	32.11	pemror	in this act the plat and field <<pemror>>	error
production-1865-66	803	31.0	bepald	<<bepald>> road fund as the board of supervisors	bepaid|bepale
production-1865-66	804	19.8	vacationan	whenever ten freeholders or householders of any <<vacationan>>	vacational
production-1865-66	804	20.10	ueconine	through or into which any public road <<ueconine>>	ecgonine
production-1865-66	805	2.2	iaore	hon et <<iaore>> provisions of this act shall each receive	icore|ijore|imore
production-1865-66	805	7.12	asday	a day and each assistant two dollars <<asday>>	aday|alday|asay|asda|assay|astay
production-1865-66	805	22.0	ofeerss	<<ofeerss>> county of san francisco by the qualified	offers
production-1865-66	807	15.0	cnap	<<cnap>> dxxxix an act to provide for paving	anap|caap|cap|cbap|ccap|ceap
production-1865-66	808	5.11	weeion	themselves or their agents to enter pe <<weeion>>	weedon
production-1865-66	811	33.0	sdefivers	<<sdefivers>> ing and organize the same he shall	delivers
production-1865-66	812	1.12	ornen	be nominated by commanders of their bont <<ornen>>	onen|onnen|orben|orden|oreen|oren
production-1865-66	815	23.1	yosigned	resignation <<yosigned>> his commission and the major general brigadier	cosigned
production-1865-66	819	5.2	sndge	of the <<sndge>> advocate and warrant of the controller of	sedge|snage|snudge
production-1865-66	819	26.0	membersof	<<membersof>> sxc all members of courts martial or	memberof|members
production-1865-66	819	27.2	luquiry	courts tobe <<luquiry>> duly appointed and organized shall be deemed	inquiry
production-1865-66	820	34.11	setnrned	performing his duties ad interim shall pe <<setnrned>>	returned
production-1865-66	823	7.3	accoutroments	all arms clothing <<accoutroments>> ordnance and ordnance stores	accoutrements
production-1865-66	824	5.13	dires	or to enforce the execution of porary <<dires>>	aires|cires|dares|deres|dices|diers
production-1865-66	824	47.11	ompanics	the county shall be considered as having <<ompanics>>	companies
production-1865-66	825	28.0	encroache	<<encroache>> ground selected for that purpose to be	encroach|encroached|encroacher|encroaches
production-1865-66	825	48.0	eartow	<<eartow>> military duty who shall disobey the orders	bartow
production-1865-66	827	22.1	dxlit	cap <<dxlit>> an act to establish a quarantine for	dalit
production-1865-66	828	20.1	nwing	consignees <<nwing>> vessels in said harbor which have on	awing|ewing|naing|nding|newing|ning
production-1865-66	829	33.0	cnea	<<cnea>> officer one hundred dollars per month by	canea|ccea|cea|cena|chea|ciea
production-1865-66	830	18.10	tncorpora	certificate shall have been filed as afore <<tncorpora>>	corpora
production-1865-66	831	4.0	paidin	<<paidin>> wits all be paid in within twelve	aidin|padin|paid|paikin|pailin|paitin
production-1865-66	831	26.1	oiate	fol <<oiate>> such real estate as may be necessary	ciate|hiate|iate|ocate|onate|opiate
production-1865-66	832	35.0	tgth	<<tgth>> al other securities scececeseesssrevecseverseeseece eeveevene	gth|tath|teth|tgh|tgt|tith
production-1865-66	833	5.0	boutces	<<boutces>> c cceeeseverecevenseceesneseenseereeaeeesseensenereee eeeeeeers	bounces
production-1865-66	833	7.1	yoat	eho <<yoat>> ccccervccerecenereneee cetccersenseveneessee dreceenecs	boat|coat|doat|goat|hoat|koat
production-1865-66	833	36.0	clipty	<<clipty>> fat sb ceceee cesses este eee eeeseceesereuteneesereees	city|clifty|clinty|clippy|clipt|clitty
production-1865-66	833	36.3	ceceee	clipty fat sb <<ceceee>> cesses este eee eeeseceesereuteneesereees ceweenes	cecere|ceecee|decree
production-1865-66	833	38.7	eevenee	fit se oe eee ees eeeteeeneceereetseeseeteeenecrenseneeseerents des <<eevenee>>	revenue
production-1865-66	834	8.1	squatc	op <<squatc>> eeceee csc seeeee neces eeeensererenererseeererer eyeenete	squat|squatch|squats
production-1865-66	834	8.2	eeceee	op squatc <<eeceee>> csc seeeee neces eeeensererenererseeererer eyeenete	eeeee|eeeeee|exceed
production-1865-66	834	17.10	panyis	of which shall render it insolvent or <<panyis>>	panis
production-1865-66	835	7.0	offunds	<<offunds>> its board of directors or by its	offends
production-1865-66	836	24.10	ronte	following route viz commencing at the inter <<ronte>>	bonte|bronte|conte|donte|fonte|fronte
production-1865-66	837	3.1	adamize	streets <<adamize>> as the proper authorities of said city	adaize|adamine|adamite
production-1865-66	838	28.13	toim	be so construed as in any right <<toim>>	oim|taim|thim|tim|tohm|toi
production-1865-66	839	2.7	ucenses	sheriff of sacramento county for certain lost <<ucenses>>	censes
production-1865-66	840	21.14	couty	the county or city and county ih <<couty>>	clouty|coaty|conty|cotty|coty|coucy
production-1865-66	841	51.0	powersand	<<powersand>> third for designating the officers of the	powerband
production-1865-66	842	12.11	subserip	of directors of the company or a <<subserip>>	subserve
production-1865-66	845	41.0	stockbolders	<<stockbolders>> sec hach stockholder of the company shall	stockholders
production-1865-66	846	20.0	cnaav	<<cnaav>> dxlvii an act to authorize the board	canal
production-1865-66	846	28.0	szorron	<<szorron>> whenever during the year a d eighteen	sorrow
production-1865-66	847	49.0	loangom	<<loangom>> tute a board of commissioners to be	loango
production-1865-66	850	4.7	publicnews	upwards the said commissioners shall advertise ina <<publicnews>>	publicness
production-1865-66	852	28.9	trtrix	authority a married woman shall not be <<trtrix>>	tetrix|tortrix|tutrix
production-1865-66	856	22.10	jindgo	the facts constituting the fraud upon receiving <<jindgo>> to ix	jindo|jingo
production-1865-66	858	33.10	repug	or parts of acts inconsistent with or <<repug>> not to apply	repeg|replug|repu|repub|repugn|repugs
production-1865-66	858	40.0	cuav	<<cuav>> dli an act for the relief of	buav|cav|chav|clav|csav|cua
production-1865-66	860	6.11	bemage	recovery of the possession of any lands <<bemage>> by	beamage|belage
production-1865-66	860	20.11	estect	under said grant and unless the plaintiff <<estect>>	espect|estec
production-1865-66	861	6.0	deerce	<<deerce>>	deere
production-1865-66	862	31.11	rauired	construct or lay down such railroad along <<rauired>>	required
production-1865-66	863	10.1	offore	rate <<offore>> sec the rates of fare for each	offor|offord|offre
production-1865-66	866	8.11	tokeep	each keep a correct account of all <<tokeep>>	keep
production-1865-66	866	42.10	rightof	shall have tbe right of way to <<rightof>> we	righto|righton
production-1865-66	866	47.10	dismates	shall choose an arbitrator and the two <<dismates>>	mismates
production-1865-66	868	25.10	appropris	of ninety nine dollars and eighty eight <<appropris>>	appropri
production-1865-66	868	32.0	bllx	<<bllx>>	blix|bll|blox|blx
production-1865-66	869	1.0	cuav	<<cuav>> dlx an act to authorize john forney	buav|cav|chav|clav|csav|cua
production-1865-66	870	43.8	bouige	of the sacramento valley railroad and central <<bouige>>	bouge|bougie|bouie
production-1865-66	871	14.0	cuapr	<<cuapr>> dlxiii an act defining the time when	capr|cupar
production-1865-66	873	6.1	oftax	levy <<oftax>> section an ad valorem tax of one	often
production-1865-66	874	6.10	reyenne	be numbered one two and three dig <<reyenne>>	revenue
production-1865-66	875	14.6	teense	oda ober velicled ccscecervereevsereas cevveneeerreveereeen rivers <<teense>>	teenie|teens|teensy|teese|tense
production-1865-66	877	0.0	namesof	<<namesof>> name or names of the claimants or	names
production-1865-66	877	32.0	antsor	<<antsor>> list with that of the auditor each	antor
production-1865-66	879	0.0	powersand	<<powersand>> sec during the session of the board	powerband
production-1865-66	879	2.0	xqualization	<<xqualization>> trict all changes and corrections of the	equalization
production-1865-66	888	43.11	priviess	public turnpike road leading from c fos <<priviess>>	privies|priviest|priviness
production-1865-66	889	12.1	tietion	aaa <<tietion>> this act the said stewart shall commence	tieton
production-1865-66	889	14.2	thesaid	construction sec <<thesaid>> turnpike road shall be constructed of sufficient	hesaid|thebaid
production-1865-66	889	31.0	signboord	<<signboord>> sec said stewart shall keep at each	signboard
production-1865-66	891	36.1	ecced	aoe <<ecced>> interested or damaged or likely to be	cced|ecce|exceed
production-1865-66	891	38.0	orari	<<orari>> ete on the part of the supervisors	frari|korari|morari|omari|orai|orani
production-1865-66	894	20.0	cuarv	<<cuarv>> dlxxviti an act to fix the salary	care|carv|curv
production-1865-66	897	2.0	cuav	<<cuav>> dlxxxiii an act relating to the appointment	buav|cav|chav|clav|csav|cua
production-1865-66	897	7.1	ofpo	clerk <<ofpo>> section the police judge of the city	fpo|ofo|ofp|okpo|opo|oppo
production-1865-66	897	10.0	powersand	<<powersand>> sec said clerk shall have power to	powerband
production-1865-66	899	26.0	authorityto	<<authorityto>> sxc the said grantees their associates and	authority
production-1865-66	902	3.10	juome	in any court in the county having <<juome>>	jome
production-1865-66	903	15.0	wteaie	<<wteaie>> proposition so to donate or subscribe shall	tease
production-1865-66	903	46.1	ifany	county <<ifany>> be printed therein and if not then	fany|ifan|ifans|imany|ivany|ofany
production-1865-66	905	28.0	superviers	<<superviers>> aid of or has subscribed to the	supervisors
production-1865-66	908	0.13	cancetation	county in all cases of the liqui <<cancetation>>	cancelation|canceration
production-1865-66	909	13.0	sxzo	<<sxzo>> this act shall be in force from	sizo|sozo
production-1865-66	912	10.0	cuapr	<<cuapr>> dxcvii an act to legalize the acts	capr|cupar
production-1865-66	913	15.0	commencee	<<commencee>> see the grantee named in section one	commence|commenced|commencer|commences
production-1865-66	917	1.0	pittece	<<pittece>> sons who have refused or neglected to	piece
production-1865-66	917	14.2	sxorron	old records <<sxorron>> tho board of supervisors of solano county	sorrow
production-1865-66	922	19.0	kiyou	<<kiyou>> are hereby authorized in their discretion to	kibou|kidou|kiyo|kyou
production-1865-66	923	28.0	orany	<<orany>> part thereof until the next regular meeting	arany|ofany|oracy|oran|orana|orand
production-1865-66	923	30.0	aliowel	<<aliowel>> been twice considered by the board shall	allowed
production-1865-66	924	25.0	cuav	<<cuav>> dcxil an act to redistrict the county	buav|cav|chav|clav|csav|cua
production-1865-66	925	2.0	termof	<<termof>> electors of the county said supervisors shal	termo|termon|termor
production-1865-66	926	15.1	doxiv	car <<doxiv>> an act submitting to the voters of	doxie|toxic
production-1865-66	928	15.1	doxvi	car <<doxvi>> an act to authorize the sale and	dovi
production-1865-66	930	0.1	whari	sald <<whari>> s located	bhari|chari|dhari|hari|khari|shari
production-1865-66	930	6.0	sretion	<<sretion>> romualdo pacheco as guardian of his infant	cretion
production-1865-66	930	21.1	doxix	caap <<doxix>> an act to amend an act entitled	doxie|doxx|toxic
production-1865-66	931	1.0	preertain	<<preertain>> terms as may be just and upon	pertain
production-1865-66	935	30.1	doxxi	cup <<doxxi>> an act concerning oyster beds	doxx|moxxi
production-1865-66	935	41.0	gesitin	<<gesitin>> duty of the parties locating such bed	desitin
production-1865-66	935	42.0	ofclaim	<<ofclaim>> game and file a description of the	claim
production-1865-66	938	23.10	cheitable	said fund is hereby transferred and vested <<cheitable>>	cheatable
production-1865-66	940	8.15	pnrtics	or effect so far as the fo <<pnrtics>> te	parties
production-1865-66	942	2.1	veph	repealed <<veph>>	ceph|eph|jeph|keph|meph|neph
production-1865-66	942	4.1	doxxx	cup <<doxxx>> an act granting to roads and highways	doxx|foxxx|roxxx
production-1865-66	942	16.10	hercto	lands this act shall apply to roads <<hercto>>	hereto|herto
production-1865-66	946	21.0	cuapv	<<cuapv>> doxxxvii an act to revive re enact	chap
production-1865-66	948	17.9	sottlo	the deputy or deputies shall together on <<sottlo>>	sotelo|sotto
production-1865-66	948	19.0	stitnting	<<stitnting>> we for ul apd us for me	sitting|stinting
production-1865-66	948	19.8	whorever	we for ul apd us for me <<whorever>> i or	wherever|whoever|whomever|whosever
production-1865-66	951	22.0	cuarv	<<cuarv>> doxliii an act supplementary to and explanatory	care|carv|curv
production-1865-66	951	27.0	authorityof	<<authorityof>> sxorron no provision of any revenue act	authority
production-1865-66	951	27.1	sxorron	authorityof <<sxorron>> no provision of any revenue act of	sorrow
production-1865-66	953	31.0	whennew	<<whennew>> section this act shall take effect immediately	whence
production-1865-66	954	13.12	omrmit	to a vote of the qualified elec <<omrmit>>	permit
production-1865-66	955	1.0	begiven	<<begiven>> causing the result to be published in	given
production-1865-66	955	5.0	whenney	<<whenney>> sec but should it be found upon	henney|whinney
production-1865-66	956	18.0	cuav	<<cuav>> dol an act to authorize ellen stockton	buav|cav|chav|clav|csav|cua
production-1865-66	968	27.11	sssombly	assembly be and he is hereby authorized <<sssombly>>	assembly
production-1865-66	969	3.0	toport	<<toport>> ture for eighteen hundred and sixty five	report|topor
production-1865-66	971	8.0	authorityto	<<authorityto>> resolved by the assembly the senate concurring	authority
production-1865-66	971	19.1	voule	mail <<voule>> senators in congress are instructed and our	boule|coule|foule|houle|joule|moule
production-1865-66	972	5.9	anowance	the assembly the senate concurring that hiram <<anowance>>	allowance|avowance
production-1865-66	973	23.0	diowed	<<diowed>> warrant on the state treasurer in favor	diomed|dowed
production-1865-66	974	4.1	loureyro	maria <<loureyro>> a supervisor of the county of santa	loureiro
production-1865-66	976	11.12	ianc	california have been taken up and coal <<ianc>>	anc|banc|canc|danc|fanc|fianc
production-1865-66	977	20.3	proxpected	when general sutter <<proxpected>> for gold ten miles above this	prospected
production-1865-66	978	1.14	teimburse	secure of his possession as any heir <<teimburse>>	reimburse
production-1865-66	979	30.0	aumne	<<aumne>> river and on the west by the	amne|aune|june
production-1865-66	980	1.10	tenburse	fifty eight on motion of attorney general <<tenburse>>	tenure
production-1865-66	981	1.0	reimbar	<<reimbar>> and mokelumne rivers and the old stockton	reimbark
production-1865-66	983	12.0	srorron	<<srorron>> neither slavery nor involuntary servitude	sorrow
production-1865-66	985	3.0	cleaningup	<<cleaningup>> resolved by the senate the assembly concurring	cleaning
production-1865-66	985	9.0	tnvestign	<<tnvestign>> resolved by the senate the assembly concurring	investing
production-1865-66	985	22.0	bpaman	<<bpaman>> committee of three be appointed from each	beaman|braman|paman
production-1865-66	986	11.9	reanesting	highest prosperity of the nation is intimately <<reanesting>>	requesting
production-1865-66	987	9.0	aylom	<<aylom>> yo vont committee to investigate the affairs	allom|alom|amylom|aylor|yalom
production-1865-66	987	17.0	uetu	<<uetu>> s two branches of the legislature pow	etu|hetu|ketu|metu|retu|setu
production-1865-66	987	17.10	sbaj	branches of the legislature pow in session <<sbaj>> meet in	baj|saj|sba|sbac|sbar|sbas
production-1865-66	988	3.11	pubhe	eighteen hundred and sixty six sign a <<pubhe>> lands	dubhe|pube|puhe
production-1865-66	988	26.1	representeth	sully <<representeth>>	represented
production-1865-66	988	30.13	tiveto	the use of the same for postal <<tiveto>> grant	tibeto|tieto|timeto|veto
production-1865-66	988	31.10	mltoads	purposes approved july first eighteen hun fo <<mltoads>>	loads
production-1865-66	989	13.0	presemption	<<presemption>> jaws and whereas the line of said	preemption|presumption
production-1865-66	990	22.11	attairs	affairs and that the same be distrib <<attairs>>	attains
production-1865-66	991	3.0	behool	<<behool>> state reform school for eighteen hundred and	befool|behoof|behoot|behowl|bhool
production-1865-66	992	1.10	geoto	senate the assembly concurring that twelve state <<geoto>>	eoto|gento|geoty|gesto|geto|getto
production-1865-66	992	11.9	recm	highest prosperity of tho nation is inti <<recm>>	ecm|hecm|rcm|ream|rec|reca
production-1865-66	992	13.12	bilines	varied resources of the pacific states pf <<bilines>>	bylines|lines
production-1865-66	995	15.0	wineand	<<wineand>> the state of california is becoming largely	inland|wineland
production-1865-66	996	19.10	hootlon	late rebellion was oa resident of this <<hootlon>>	hooton
production-1865-66	997	39.0	approvalor	<<approvalor>> l fth that because the second clause	approval
production-1875-76	2	33.3	elll	ne eee alb <<elll>>	alll|eill|ell|ella|elle|elli
production-1875-76	10	32.10	froin	for the transfer of certain court papers <<froin>> santa	broin|foin|frain|frein|frin|froid
production-1875-76	14	18.9	girky	to extend the franchise granted to david <<girky>> and others	giray|girk|girly|girny|girty|giry
production-1875-76	14	27.5	breenen	transfer certain funds approved march <<breenen>> b	breeden|breene|brennen|reenen
production-1875-76	14	48.1	mneane	certain <<mneane>> persone in the city and county of	meane
production-1875-76	15	12.7	arteman	an act to regulate the use of <<arteman>> wells and to prevent the	artemas|artman
production-1875-76	15	38.2	certam	nuisance in <<certam>> counties in the state of california ap	ceram|certa|certai
production-1875-76	15	42.7	unprove	council of the city of oakland to <<unprove>> the streets lanes	unproved|unproven|unrove
production-1875-76	16	16.1	appomt	to <<appomt>> an expert approved march b	apport
production-1875-76	17	15.4	alpme	in the county ot <<alpme>> approved march b	alme|alpe|alphe
production-1875-76	17	20.0	naidino	<<naidino>> county approved march b	aiding
production-1875-76	17	26.5	certam	an act making appropriations for <<certam>> deficiencies in the	ceram|certa|certai
production-1875-76	17	28.0	fisea	<<fisea>> years approved march a b	fisa|fise|fiser|fisma|isea
production-1875-76	17	34.1	distnet	levee <<distnet>> number two of sutter county approved	distent
production-1875-76	18	10.4	pubhe	establishing maintaining and protecting <<pubhe>> and private	dubhe|pube|puhe
production-1875-76	19	37.7	blockion	an act to enable the city of <<blockion>> to redeem its bonds falling	blockin
production-1875-76	19	44.10	maintaming	amend an act to provide for establishing <<maintaming>>	maintaing
production-1875-76	25	16.4	certam	i administer oaths mn <<certam>> cases approved march a b	ceram|certa|certai
production-1875-76	27	48.8	cccaes	d sso so sronnssonrn rns rennasscns ces <<cccaes>> b	cycles
production-1875-76	30	0.0	oasp	<<oasp>> title of act where introduced p	aasp|aosp|asp|casp|gasp|hasp
production-1875-76	35	28.5	linkville	relative to mail service between <<linkville>> oregon and yreka	linville
production-1875-76	39	3.0	angney	<<angney>> w z santa clara	angley|tangney
production-1875-76	40	9.0	bimey	<<bimey>> thomas tuolumne	bikey|bimby|bimeby|biney|bitey|blimey
production-1875-76	40	46.0	dambourn	<<dambourn>> fred los angeles	lambourn
production-1875-76	40	48.1	jaines	maguire <<jaines>> g san francisco	baines|caines|daines|gaines|haines|jaimes
production-1875-76	41	10.0	serivner	<<serivner>> j j ee ee ee ee eee	scrivner|server
production-1875-76	41	15.0	wetheri	<<wetheri>> j e eee ee san francisco	wether|wethers
production-1875-76	41	26.2	moourthy	j w <<moourthy>> eeeeceeces soeneeee seen anes e minute clerk	moorthy
production-1875-76	41	33.1	boysten	j <<boysten>> clerk to sergeant at arms	boysen
production-1875-76	42	12.3	buttenfield	may j h <<buttenfield>> russellville	butterfield|suttenfield
production-1875-76	43	3.3	angutta	june samuel levy <<angutta>> o eo eeofeeoeeoeeeees ne	angusta
production-1875-76	44	38.4	hallaran	january j r o <<hallaran>> new york city	hallahan|halleran|halloran
production-1875-76	45	39.3	yeno	march richard m <<yeno>> new york city may	beno|ceno|deno|eno|geno|heno
production-1875-76	45	55.2	laspeyre	september thomas <<laspeyre>> eureka january	lapeyre|laspeyres
production-1875-76	47	10.2	brndy	september john <<brndy>> richmond eeeoo foeeeeee ene eee eee	bandy|bendy|bindy|bondy|brady|brandy
production-1875-76	47	13.4	whateom	january m m harkness <<whateom>> j	whatcom|whatso
production-1875-76	51	34.0	srorion	<<srorion>> every white male citizen of the united	erosion
production-1875-76	51	45.0	jeged	<<jeged>> from arrest on the days of election	jegede|jeger|jered|jewed
production-1875-76	52	70.0	ysera	<<ysera>> gee ae ee oo el pe tees	sera|usera|yera|yser
production-1875-76	58	64.5	induence	under adequate penalties all undue <<induence>> thereon from power bribery tumult	infuence
production-1875-76	59	8.10	nmth	west longitude until it intersects the thirty <<nmth>> degree of north latitude	bmth|mnth|mth|nath|neth|nith
production-1875-76	60	63.1	jlobson	joseph <<jlobson>> abel stearns	jobson
production-1875-76	60	68.1	mchall	jas <<mchall>> jones thos l vermeule	chall|mcall|mccall|mcfall|mchale|mcnall
production-1875-76	64	21.10	rreame	of trustees of the red bluff school <<rreame>>	dreame|greame
production-1875-76	66	4.8	controner	the controller of state is hereby authorized <<controner>> to	controler
production-1875-76	66	6.11	wanant	the sum of four hundred and six <<wanant>>	anant|wanat|winant|wynant
production-1875-76	66	30.12	auationa	of the peace there shall also be <<auationa>>	auction
production-1875-76	68	17.0	cuarv	<<cuarv>> xi an act to amend an act	care|carv|curv
production-1875-76	69	23.0	intepar	<<intepar>> are authorized to contract for the keeping	inter
production-1875-76	70	16.0	cnap	<<cnap>> xviii see volume of amendments to the	anap|caap|cap|cbap|ccap|ceap
production-1875-76	71	3.0	masurer	<<masurer>> treasurer of said county on or before	manurer|masure|maturer|maurer|measurer
production-1875-76	71	9.0	vohave	<<vohave>> bond payable and bearing interest as aforesaid	mohave|tohave
production-1875-76	71	42.0	booksand	<<booksand>> attorney of said county all books and	bookland|bookstand
production-1875-76	71	44.0	huwney	<<huwney>> hereinbefore provided for and it shall be	hurney
production-1875-76	72	25.11	treasucr	the sum of fifty dollars which together <<treasucr>>	treasur
production-1875-76	72	43.11	totevy	it shall be their duty to levy <<totevy>>	totemy
production-1875-76	74	36.9	jyene	and file a description thereof without having <<jyene>>	jeene|jene|jeyne|jhene|june|syene
production-1875-76	75	8.1	pnthe	on <<pnthe>> the board of supervisors	anthe|inthe|nthe|onthe|pathe|penthe
production-1875-76	75	22.0	deneatin	<<deneatin>> magistrate in cases of felony and take	defeating
production-1875-76	75	42.0	mopety	<<mopety>> hereby authorized and empowered to purchase acquire	moiety|mopey
production-1875-76	76	9.11	yaaeo	the same be held for private or <<yaaeo>>	mateo|yameo
production-1875-76	77	10.2	otico	be ex <<otico>> a d eighteen hundred and seventy eight	orico|otic|tico
production-1875-76	78	2.9	aaver	thereafter the said board of fund sian <<aaver>>	aaker|aamer|aave|adver|alver|aver
production-1875-76	79	35.0	neawel	<<neawel>> tax collectors of fresno tulare and kern	newel
production-1875-76	80	11.11	yvtk	are hereby repealed so far as they <<yvtk>>	vtk
production-1875-76	80	38.10	ievy	of supervisors of the county of shat <<ievy>>	bevy|devy|evy|hevy|iev|ieva
production-1875-76	81	6.0	topywa	<<topywa>> sec said tax shall be applied to	topeka
production-1875-76	81	32.0	pacood	<<pacood>> tree three thousand dollars	packed
production-1875-76	82	5.11	banots	county the ballots to be used at <<banots>>	banos|bants|ranots
production-1875-76	82	15.9	certsy	upon ascertaining the result of said shall <<certsy>>	cerisy|certs|certy|curtsy
production-1875-76	82	17.11	ceislature	of the several precincts of said county <<ceislature>>	legislature
production-1875-76	83	8.0	cnuap	<<cnuap>> xliv an act to amend section two	chap
production-1875-76	83	17.2	tuant	to bo <<tuant>> ber eighteen hundred and sixty three and	quant|suant|tant|taunt|thant|tiant
production-1875-76	84	13.12	hhactu	at the time of the application there <<hhactu>>	actu
production-1875-76	85	49.0	utiles	<<utiles>>	rutiles|stiles|tiles|tuiles|utile|utilis
production-1875-76	86	51.13	tacsan	shall have been ordered by the of <<tacsan>>	tacan
production-1875-76	89	51.7	atanv	deficiency sec if such special tax shall <<atanv>> time be insufficient	atan|atanu
production-1875-76	90	42.11	yotco	days notice shall be given of the <<yotco>> or	yocco|yocto
production-1875-76	91	46.1	ticable	privareis <<ticable>> after the first sale of bonds proceed	timable
production-1875-76	93	44.0	vliaxes	<<vliaxes>> in the manner provided for the collection	aliases
production-1875-76	94	2.0	cuapv	<<cuapv>> liii an act to regulate the distribution	chap
production-1875-76	96	0.8	siskt	the manner of apportioning school moneys in <<siskt>>	sisk|siska|sisko|sist
production-1875-76	97	4.0	cuarp	<<cuarp>> lx an act concerning the office of	carp
production-1875-76	100	0.12	mastrict	provided by section two of this act <<mastrict>>	astrict
production-1875-76	100	1.11	atomey	wit in criminal cases for each con <<atomey>>	abomey|atomy|tomey
production-1875-76	102	10.10	cnims	or compensation shall be paid to the <<cnims>> of	anims|cims|cnms|crims|nims
production-1875-76	104	6.10	cmnting	is hereby granted to c f leaven <<cmnting>>	canting|cunting
production-1875-76	105	1.0	wurants	<<wurants>> to the board of supervisors on the	durants
production-1875-76	108	40.9	messnra	including the pay of his deputies twelve <<messnra>>	messara
production-1875-76	109	35.0	wanelation	<<wanelation>> sixty three dollars and four cents is	panelation
production-1875-76	110	22.10	keinter	reinter or cause them to be reinterred <<keinter>>	keiner|keister|kenter|kvinter|reinter
production-1875-76	112	1.11	rpten	and of each year thereafter until a <<rpten>>	pten|roten
production-1875-76	113	19.0	ticable	<<ticable>> route to a point on the boundary	timable
production-1875-76	113	42.8	gaberville	of the coast range wagon road with <<gaberville>> on the south	garberville
production-1875-76	114	49.7	gmpuns	sec the commissioners shall receive as compensation <<gmpuns>>	guns
production-1875-76	115	15.0	mayorand	<<mayorand>> section the mayor and common council of	mayrand
production-1875-76	115	46.2	thesaid	redemption sec <<thesaid>> mayor and common council may then	hesaid|thebaid
production-1875-76	118	34.11	hhtage	for pilotage when going into or out <<hhtage>>	stage
production-1875-76	119	40.0	cuapr	<<cuapr>> lxxxiii see volume of amendments to the	capr|cupar
production-1875-76	120	26.12	constapie	duty of the constable of the town <<constapie>>	constable
production-1875-76	121	12.2	veomed	shall be <<veomed>> guilty of a misdemeanor and it shall	venomed
production-1875-76	123	44.2	assoon	the bonds <<assoon>> as said commissioners shall have funded	alsoon|aswoon|bassoon|cassoon|sassoon
production-1875-76	124	4.12	canceta	it shall be the duty of said <<canceta>>	cancela
production-1875-76	124	46.0	evied	<<evied>>	envied|evid|evide|evie|ivied|levied
production-1875-76	126	2.10	pireetors	seventy six at which said election one <<pireetors>>	directors
production-1875-76	126	23.12	boarior	said city the city marshal and the <<boarior>>	boarder
production-1875-76	126	26.11	biectors	be eligible to the office of coun <<biectors>> an	bisectors
production-1875-76	127	22.0	appropns	<<appropns>> section the sum of six thousand five	approves
production-1875-76	128	42.10	pecimnes	of the board of education of placer <<pecimnes>>	specimens
production-1875-76	129	42.0	paveation	<<paveation>> roll from the assessor must give five	aviation
production-1875-76	129	53.0	rollto	<<rollto>> the same to the collector who must	rollo|rolltop
production-1875-76	130	6.10	ottect	the provisions of this act has the <<ottect>> of a	obtect
production-1875-76	130	9.9	vhenta	cause mentioned in section eighteen hundred and <<vhenta>>	venta
production-1875-76	131	11.0	deedto	<<deedto>> con sec such deed duly acknowledged or	needto
production-1875-76	131	23.0	vallgo	<<vallgo>> township in the county of solano to	vallo
production-1875-76	133	15.0	wverme	<<wverme>> and eighty six and every year thereafter	verme|werme
production-1875-76	134	0.1	xolx	car <<xolx>> an act to amend an act entitled	folx|olx|xol|xola|xolo|xox
production-1875-76	139	18.0	cuav	<<cuav>> cvi an act for the relief of	buav|cav|chav|clav|csav|cua
production-1875-76	140	7.6	nevarra	eighty four dollars and eighteen cents <<nevarra>> district	navarra|nevada
production-1875-76	140	21.10	clacted	districts for which they shall have been <<clacted>>	clacked|coacted
production-1875-76	146	39.8	sommis	the board of water commissioners shall ascertain <<sommis>>	commis|sammis|somis|sommes
production-1875-76	146	46.9	rencel	francisco are hereby fully authorized and empowered <<rencel>>	pencel|rancel|rence|rendel|renel|rentel
production-1875-76	147	25.0	trict	<<trict>> count court at the commencement of each	strict|tract|triact|tric|trica|trice
production-1875-76	151	0.0	feesof	<<feesof>> delivering a prisoner at the state prison	fees
production-1875-76	152	41.9	omcers	officer entitled to charge and receive fees <<omcers>> to	omers
production-1875-76	152	47.10	puptiation	law any publication is required to be <<puptiation>>	putation
production-1875-76	157	0.0	charp	<<charp>> cxix an act to reincorporate salinas city	carp|champ|chap|chapp|char|chara
production-1875-76	157	7.7	iinas	and in fact by the name of <<iinas>> city and by that name	dinas|finas|ginas|iias|iina|inas
production-1875-76	158	5.11	gmeer	election shall be held at which election <<gmeer>>	ameer|emeer|geer|greer|meer|smeer
production-1875-76	158	7.8	ntayor	officers as hereinafter provided viz a mayor <<ntayor>>	nayor|tayor
production-1875-76	160	4.11	retwne	result and the persons having the ton <<retwne>>	retene|retune|retwine
production-1875-76	160	40.0	cominon	<<cominon>> council any vacancy occurring in any of	comicon|comino
production-1875-76	160	48.10	gounen	of its proceedings compel the attendance of <<gounen>> ue	gonen|gouden|gouken
production-1875-76	161	2.0	counatde	<<counatde>> kind of business authorized by jaw and	counted
production-1875-76	162	28.9	irret	except bonds coupons for interest or claims <<irret>> ana	arrest|arret|irre|tirret
production-1875-76	163	53.4	mayorand	board of src the <<mayorand>> common council or a committee	mayrand
production-1875-76	168	5.9	mssiener	to the lowest responsible bidder to water <<mssiener>> t	missioner
production-1875-76	168	26.11	supeuntend	hereby made their duty to appoint some <<supeuntend>>	superintend
production-1875-76	168	43.10	andir	removed at the pleasure of the mayor <<andir>>	adir|andar|ander|andi|andia|andie
production-1875-76	169	44.3	mayorand	same sec the <<mayorand>> common council of salinas city	mayrand
production-1875-76	169	49.8	strearn	direct by ordinance a survey of said <<strearn>> within	stearn
production-1875-76	171	6.0	powersand	<<powersand>> sec the department of police of said	powerband
production-1875-76	173	5.0	sessor	<<sessor>> each and every year between the first	cessor|essor|lessor|messor|seasor|sensor
production-1875-76	173	38.0	sessorand	<<sessorand>> he shall receive such monthly salary as	seastrand
production-1875-76	174	42.12	pabhie	duty of the city clerk upon the <<pabhie>> aor	kabhie
production-1875-76	176	49.10	jantors	order paid their salaries or compensation but <<jantors>>	cantors|janitors
production-1875-76	177	3.1	yvoper	mee <<yvoper>> rules and regulations not contrary to law	yooper
production-1875-76	177	17.0	superintond	<<superintond>> i fth to order paid monthly from	superintend
production-1875-76	177	53.0	estedin	<<estedin>> oof this section are declared void and	estevin
production-1875-76	178	22.10	putics	be the duty of the superintendent to <<putics>> of	putins
production-1875-76	180	46.9	trict	constitute one separate district for road pur <<trict>> define	strict|tract|triact|tric|trica|trice
production-1875-76	181	37.0	paysune	<<paysune>> receipt of moneys accruing to the road	payne
production-1875-76	181	53.0	genmen	<<genmen>> of all officers performing services for the	geneen|germen|gunmen|penmen
production-1875-76	182	5.10	perme	and are hereby exempt from the pay <<perme>>	erme|ferme|parme|perce|perde|pere
production-1875-76	182	24.9	mayorsnd	validated confirmed and declared to be legal <<mayorsnd>>	mayors
production-1875-76	184	39.9	geeretary	section the said board are hereby author <<geeretary>>	secretary
production-1875-76	186	1.9	juvvg	follows section the employment of such teach <<juvvg>> vot	jung
production-1875-76	187	15.1	visorial	supervisor <<visorial>> districts the same as were established by	mistrial|risorial
production-1875-76	188	23.0	cuarp	<<cuarp>> cxxxi an act to authorize the trustees	carp
production-1875-76	190	38.11	orcien	the district court of the third foes <<orcien>>	orcein|orcin|orien
production-1875-76	192	25.11	ocien	the board of supervisors shall col fees <<ocien>>	cien|ocie|ocwen|orien|scien
production-1875-76	194	6.8	xicction	a board of city levee commissioners with <<xicction>> an	diction
production-1875-76	195	37.0	tmnpairing	<<tmnpairing>> sec any person or persons who shall	impairing
production-1875-76	198	33.8	readont	the resident physician shall be the executive <<readont>>	readopt|readout
production-1875-76	198	35.11	efreor	shall have control of the patients pre <<efreor>>	error
production-1875-76	199	43.0	jntelligible	<<jntelligible>> heads he shall also present his books	intelligible
production-1875-76	203	0.0	cuarp	<<cuarp>> cxxaxvi an act to fix the penal	carp
production-1875-76	204	18.9	anmat	election for school trustees must be held <<anmat>>	ahmat|amat|anat|angat|anma|annat
production-1875-76	205	40.0	charp	<<charp>> cxlit tsee volume of amendments to the	carp|champ|chap|chapp|char|chara
production-1875-76	205	40.1	cxlit	charp <<cxlit>> tsee volume of amendments to the codes	clit|cxlix
production-1875-76	206	0.0	cuarp	<<cuarp>> cxliti an act to transfer the swamp	carp
production-1875-76	206	6.10	oransr	authorized and empowered to transfer the money <<oransr>>	orange
production-1875-76	206	43.9	werhion	inspection districts composed of one or more <<werhion>>	version
production-1875-76	209	29.0	owoa	<<owoa>> toad sec it is hereby required of	ooa|owa|owo|owoh|owon|woa
production-1875-76	210	0.10	umployes	be entitled to compensation which shall not <<umployes>>	employes
production-1875-76	210	10.8	tspector	each squirrel district inspector shall render a <<tspector>> te	spector
production-1875-76	213	53.0	gommis	<<gommis>> officio funding commissioners of the city of	commis|gomis
production-1875-76	213	54.10	indeht	shall have ful control over the funded <<indeht>>	indebt|indent|indet
production-1875-76	214	4.0	sloners	<<sloners>>	cloners|loners|slopers|slovers|sooners|stoners
production-1875-76	214	10.0	sioncrs	<<sioncrs>> for the duties required to be performed	signers
production-1875-76	214	22.9	mection	present mayor of the city of marysville <<mection>>	ection|lection|maction|mention|metion|miction
production-1875-76	215	5.0	fupenn	<<fupenn>> perform all the duties pertaining to the	penn|upenn
production-1875-76	217	10.0	cuav	<<cuav>> cliii an act to authorize the president	buav|cav|chav|clav|csav|cua
production-1875-76	220	25.7	bonndares	suction for the purpose of convenient designation <<bonndares>>	boundaries
production-1875-76	223	42.0	strances	<<strances>> lished its resolution of intention to gravel	stances|strance|stranges|trances
production-1875-76	223	53.0	ptana	<<ptana>> majority of the frontage on the street	etana|pana|patna|piana|plana|prana
production-1875-76	224	41.9	petinquent	him to the district attorney of sacramento <<petinquent>>	delinquent
production-1875-76	228	5.8	certam	whenever such ordinance may be passed the <<certam>>	ceram|certa|certai
production-1875-76	228	9.2	hberty	being at <<hberty>> and being required under the direction of	berty|herty|huberty|uberty
production-1875-76	229	30.0	tomsand	<<tomsand>> section section five of an act entitled	thousand
production-1875-76	229	32.0	omcers	<<omcers>> and for other purposes approved february twenty	omers
production-1875-76	230	0.0	cuhapp	<<cuhapp>> clx an act to amend an act	chap|chapp
production-1875-76	231	37.9	roadmasters	it shall be the duty of all <<roadmasters>> within	roadmaster
production-1875-76	232	6.9	roadmas	roadmaster is used in this act it <<roadmas>>	roadman|roadmap|roadmaps
production-1875-76	233	6.0	treasw	<<treasw>> er section section five of said act	areas|treas|treasa|trease
production-1875-76	233	7.0	mlaryand	<<mlaryand>> yeadas follows section thesalary of the county	maryland
production-1875-76	233	7.1	yeadas	mlaryand <<yeadas>> follows section thesalary of the county treasurer	years
production-1875-76	234	20.11	vncor	to amend an act entitled an act <<vncor>>	ancor|incor|oncor
production-1875-76	235	3.3	draymen	stables butcher shops <<draymen>> omnibuses truckmen excuses	daymen|drammen|drayden|drayman|drymen|raymen
production-1875-76	236	7.0	seection	<<seection>> coterminous owners are mutually bound terminons	section|selection
production-1875-76	236	7.6	terminons	seection coterminous owners are mutually bound <<terminons>>	terminous
production-1875-76	237	30.0	omme	<<omme>> claim finding any animals which have done	amme|comme|domme|emme|gomme|homme
production-1875-76	238	30.6	ysion	one foot thick on the top <<ysion>> fence	psion|sion
production-1875-76	239	29.0	viewersto	<<viewersto>> second if the fence or the whole	viewers
production-1875-76	240	32.11	pehal	county are authorized and directed at organ <<pehal>>	behal|nehal|peal|pecal|pedal|pehl
production-1875-76	241	5.0	puary	<<puary>> a d eighteen hundred and seventy four	pary|peary|puar|purry|pury|quary
production-1875-76	241	52.0	tomonterey	<<tomonterey>> board of supervisors of san benito county	monterey
production-1875-76	242	5.13	comty	so certified by said board of com <<comty>>	cmty|coaty|comay|comby|comey|comfy
production-1875-76	243	30.0	ammas	<<ammas>> township san joaquin county to take up	admas|almas|amaas|amas|ambas|amcas
production-1875-76	244	38.9	natumalia	the demand of any naturalized citizen resi <<natumalia>>	naturalia
production-1875-76	245	36.0	wrections	<<wrections>> suc each and every of said elections	erections
production-1875-76	246	0.8	banots	ateachiand every election so called the ballots <<banots>> torm	banos|bants|ranots
production-1875-76	246	51.11	supenn	in like manner if they deem it <<supenn>>	upenn
production-1875-76	248	51.10	sunaing	school district building fund and must be <<sunaing>>	saunaing|sunaina|suning|sunning|sunwing
production-1875-76	249	52.0	equalia	<<equalia>> thereof by posting notices in three public	equal|qualia
production-1875-76	253	12.0	seribed	<<seribed>> until their successors are elected and qualified	scribed|serifed
production-1875-76	255	3.0	povtings	<<povtings>> f regular meetings on the first monday	postings
production-1875-76	257	10.0	conneil	<<conneil>> my sec at each regular meeting of	connel|connell|conseil|corneil
production-1875-76	262	30.10	reimter	good so requires shall appoint a city <<reimter>>	reimer|reinter|reiter|reitter
production-1875-76	264	20.12	poynent	to be collected each year at the <<poynent>>	ponent
production-1875-76	268	50.12	omicia	duties of his office give a bond <<omicia>>	micia
production-1875-76	271	36.0	mantuned	<<mantuned>> yefiige to repair such fence the complainant	matured
production-1875-76	272	0.0	cyap	<<cyap>> claxxv an act to authorize the board	caap|cap|cbap|ccap|ceap|cgap
production-1875-76	275	40.0	sawny	<<sawny>> from and after the first monday of	awny|dawny|fawny|lawny|sanny|sany
production-1875-76	276	2.10	peputics	county clerk shall be allowed one dep <<peputics>>	deputies|peptics
production-1875-76	277	6.4	limsel	ae eta reed mary <<limsel>> george cooper rebecca hoagland	himsel|liesel|lisel
production-1875-76	277	7.7	lienberger	by whom william b todhunter and henry <<lienberger>> in his or her	lineberger
production-1875-76	277	28.0	iaabtlity	<<iaabtlity>> src the judgment provided for in the	inability
production-1875-76	279	5.10	bolces	at the westerly corner of j w <<bolces>>	boces|boles|bolles|bonces
production-1875-76	279	7.8	bolces	from haywards to san leandro thence along <<bolces>>	boces|boles|bolles|bonces
production-1875-76	279	47.0	cmuent	<<cmuent>> a board of trustees to consist of	cruent
production-1875-76	282	1.11	fuytel	police officer or justice of the peace <<fuytel>>	fuel
production-1875-76	284	16.11	neanng	days by publication in a newspaper f <<neanng>>	meaning|neang
production-1875-76	285	53.1	yakine	missioners <<yakine>> the survey and examination above mentioned or	dakine|yacine|yakin|yakone|yukine
production-1875-76	286	9.9	recurbed	the town graded or regraded curbed or <<recurbed>>	recurred|recurved|refurbed
production-1875-76	288	40.9	deusions	determinations and decisions of said board upon <<deusions>>	delusions
production-1875-76	289	40.0	assossmonts	<<assossmonts>> article five after the expiration of thirty	assessments
production-1875-76	290	17.11	smsna	of said town may require at his <<smsna>>	smsa
production-1875-76	290	53.10	penstties	addition and as cumulative to the reme <<penstties>>	penalties
production-1875-76	292	42.11	rainre	shall occur in any of the offices <<rainre>> to	raine|rainer|rainie
production-1875-76	293	17.0	dunesot	<<dunesot>> addition to any duties required of him	dunes
production-1875-76	296	8.10	bucaton	as the said district is now established <<bucaton>>	buckton
production-1875-76	296	50.10	statwnery	of education shall have sole power to <<statwnery>>	stationery
production-1875-76	297	21.0	apwet	<<apwet>> trustee shall be abolished in said district	appet
production-1875-76	299	31.0	treasurerto	<<treasurerto>> par value as provided in the preceding	treasurer
production-1875-76	299	43.0	wnonoys	<<wnonoys>> tobe loan fund after the redemption of	annoys
production-1875-76	300	29.10	prcome	toll bridge or a turnpike plank or <<prcome>>	prome
production-1875-76	301	15.0	plantingof	<<plantingof>> sec any owner or occupant of land	planting
production-1875-76	301	25.1	ofcor	right <<ofcor>> sec every gas water or railroad corporation	ofcom|ofcr|offor|oncor
production-1875-76	301	26.0	rrineks	<<rrineks>> power to lay conductors and tracks through	drinks
production-1875-76	301	32.0	ayvey	<<ayvey>> road turnpike and common wagon road corporations	alvey|arvey|avey
production-1875-76	303	0.0	compena	<<compena>> fxghth receive for his services from money	comnena|company|compend|compens
production-1875-76	304	15.8	mmployors	corporations or other employers of residents in <<mmployors>>	employers
production-1875-76	307	23.0	overeeer	<<overeeer>> proceedings had thereunder the road overseer of	overleer|overpeer|overseer
production-1875-76	308	38.12	syaa	bridge fails to make the needed repairs <<syaa>> te	ayaa|kyaa|nyaa|saa|saya|scaa
production-1875-76	309	24.0	bnoroach	<<bnoroach>> gee if any highway duly laid out	encroach
production-1875-76	310	38.11	poaty	there is ave dollars fine for riding <<poaty>> tor	boaty|coaty|goaty|oaty|paty|peaty
production-1875-76	310	48.9	vrplied	highways or road overseers of the respect <<vrplied>>	applied
production-1875-76	311	10.0	lughways	<<lughways>> contra costa county to be used for	highways
production-1875-76	311	31.0	tamsot	<<tamsot>> toread as follows section such road overseers	tamson
production-1875-76	312	1.0	cuav	<<cuav>> cciil an act to attach a portion	buav|cav|chav|clav|csav|cua
production-1875-76	312	7.9	consotiaa	that portion of carson creek school dis <<consotiaa>>	consortia
production-1875-76	312	8.9	fismet	the county of sacramento bounded and described <<fismet>>	filmet|fishet|ismet|kismet
production-1875-76	314	20.8	assosment	the assessment of the property in yuba <<assosment>>	assesment|assessment
production-1875-76	316	28.10	vacanciesor	such absent officer or officers the inspector <<vacanciesor>>	vacancies
production-1875-76	316	39.12	peaetons	be declared elected to said office but <<peaetons>>	phaetons
production-1875-76	317	53.0	femmon	<<femmon>> inconsistent with the laws and constitution of	demmon|emmon|lemmon
production-1875-76	321	0.0	powersand	<<powersand>> them the trial of such cases holding	powerband
production-1875-76	321	2.0	jurintiction	<<jurintiction>> criminal cases and all laws hereafter passed	jurisdiction
production-1875-76	325	13.0	sigmey	<<sigmey>> advise the officers and authorities of the	sigley|signed
production-1875-76	325	17.6	hesha	the city may be a party <<hesha>> l have power in his official	aesha|desha|eesha|esha|gesha|hesa
production-1875-76	325	30.0	fomor	<<fomor>> question of adjournment al ordinances shall be	fodor|fomer|fomo|foor|romor|tomor
production-1875-76	327	39.0	fmmons	<<fmmons>> assessed to unknown owners or to a	ammons|emmons|summons
production-1875-76	328	34.9	pperty	and every species of personal property whatever <<pperty>>	perty
production-1875-76	329	4.0	streols	<<streols>> mg saying out extending widening altering or	sterols|streets
production-1875-76	330	52.0	berances	<<berances>> whatever except taxes due the city or	betances
production-1875-76	331	5.3	andif	agent be known <<andif>> he be not known or is a	adif|andf|andi|andia|andie|andin
production-1875-76	333	36.0	cuarv	<<cuarv>> ccx an act concerning roads and highways	care|carv|curv
production-1875-76	333	43.8	pubhe	by others dedicated or abandoned to the <<pubhe>>	dubhe|pube|puhe
production-1875-76	335	35.0	gathand	<<gathand>> notice and certificate that the bond has	gatland
production-1875-76	336	54.1	wetec	pe <<wetec>> oe te te ee ee ee et	detec|etec|wete|weten|zetec
production-1875-76	337	28.0	alundoned	<<alundoned>> recommended by the overseer of the district	abandoned
production-1875-76	339	40.0	fulore	<<fulore>> of sec if the road overseer of	flore|furore
production-1875-76	339	41.0	givead	<<givead>> notice from the overseer of an adjoining	gilead|gived
production-1875-76	339	53.0	enoroach	<<enoroach>> sec if any highway duly laid out	encroach
production-1875-76	341	18.10	eyvi	tax and declining to pay the same <<eyvi>>	elvi|envi|evi|myvi
production-1875-76	341	22.0	fmplyer	<<fmplyer>> szc it shall be the duty of	employer
production-1875-76	341	46.0	poze	<<poze>> county are hereby authorized and empowered to	boze|coze|doze|goze|joze|koze
production-1875-76	342	37.10	aqneus	thousand eight hundred and eighty five and <<aqneus>>	aeneus
production-1875-76	343	8.0	purchwe	<<purchwe>> opening of said proposals at the time	purchase
production-1875-76	343	19.0	appicd	<<appicd>> paid into the county treasury and be	appice|applied
production-1875-76	343	49.0	assemr	<<assemr>> a to read as follows section the	assem|asser
production-1875-76	344	42.11	teeset	laws and proceed with the reclama t <<teeset>>	teenet|teese|teest
production-1875-76	346	6.10	conirma	gutierrez city clerk seal it is therefore <<conirma>>	confirma|conima
production-1875-76	347	0.0	confirmay	<<confirmay>> dred and sixty eight blocks numbers one	confirma
production-1875-76	349	31.0	suitfor	<<suitfor>> state section i in all cases when	suitor
production-1875-76	349	44.4	orafter	other person cither before <<orafter>> such payment into court	crafter|drafter|grafter|rafter
production-1875-76	351	31.0	uerer	<<uerer>> marshal and an assessor three trustees shall	cerer|erer|herer|lerer|puerer|querer
production-1875-76	353	2.0	termsot	<<termsot>> bonds of their respective successors and no	terms
production-1875-76	353	5.0	misnoner	<<misnoner>> trustees and may be removed by said	misnomer
production-1875-76	353	24.0	pownsand	<<pownsand>> sec section ten of said act is	townsend
production-1875-76	353	25.0	fecier	<<fecier>> as follows section the board of trustees	fecker|feier
production-1875-76	358	2.11	marshare	day only he shall be entitled to <<marshare>>	carshare
production-1875-76	366	7.10	concoming	of the said act is hereby amended <<concoming>>	noncoming|oncoming
production-1875-76	366	8.9	fimonts	section said turnpike or wagon road shall <<fimonts>>	fronts
production-1875-76	366	32.0	charv	<<charv>> ccxx viii see volume of amendments to	carv|char|chara|chard|chare|charg
production-1875-76	366	34.0	cuav	<<cuav>> coxxix an act to legalize certain proceedings	buav|cav|chav|clav|csav|cua
production-1875-76	366	39.0	legalizin	<<legalizin>>	legalizing
production-1875-76	369	31.0	ooewa	<<ooewa>> charge of any boat vessel railroad car	opera|orewa
production-1875-76	370	17.11	ammuls	cattle or any number of such ani <<ammuls>>	ampuls|mammals
production-1875-76	373	8.0	swveys	<<swveys>> county of san francisco is hereby authorized	surveys
production-1875-76	373	13.5	inaking	have been established and for <<inaking>> surveys and prepar	inking|intaking|snaking
production-1875-76	373	24.1	girky	david <<girky>> and others to build a wharf at	giray|girk|girly|girny|girty|giry
production-1875-76	373	28.6	girky	franchise section the right of david <<girky>> his associates and	giray|girk|girly|girny|girty|giry
production-1875-76	373	31.0	girky	<<girky>> and others to build a wharf at	giray|girk|girly|girny|girty|giry
production-1875-76	375	10.0	cuapr	<<cuapr>> ccxl an aet to regulate the laying	capr|cupar
production-1875-76	375	27.0	untred	<<untred>> and seventy four	uhtred|unbred|unred|untied|untired|untread
production-1875-76	377	27.0	cuarv	<<cuarv>> ccxlv an act to provide for the	care|carv|curv
production-1875-76	377	35.0	powdof	<<powdof>> sec it shall be the duty of	powder
production-1875-76	378	54.12	swoiies	to be taken of all the articles <<swoiies>>	stories
production-1875-76	380	3.3	roadmasters	order and direct <<roadmasters>> specially in regard to	roadmaster
production-1875-76	381	21.0	apee	<<apee>> visors must annually set aside thirty three	abee|acee|adee|aee|agee|aiee
production-1875-76	382	2.11	prorw	they are required to levy the property <<prorw>>	prore|prow
production-1875-76	383	46.0	roadmastes	<<roadmastes>> roadmasters regarding the matters of his report	roadmaster
production-1875-76	383	46.1	roadmasters	roadmastes <<roadmasters>> regarding the matters of his report and	roadmaster
production-1875-76	384	15.7	pettoners	suc the petitioners must accompany the petition <<pettoners>>	petitioners
production-1875-76	385	0.0	lorto	<<lorto>>	corto|horto|loreto|loro|lort|lorton
production-1875-76	386	49.11	puvate	roads may be opened for the convenience <<puvate>>	private|pupate|uvate
production-1875-76	387	2.0	dvserber	<<dvserber>> way for a highway is voluntarily given	deserter
production-1875-76	387	50.1	noaster	roadmaster <<noaster>> have funds in his hands or if	boaster|coaster|noster|roaster|toaster
production-1875-76	388	20.0	cuav	<<cuav>> ccxlvil an act to provide for the	buav|cav|chav|clav|csav|cua
production-1875-76	388	27.10	tenemes	the aggregate in any one month imposed <<tenemes>>	tenemos
production-1875-76	389	24.0	crencres	<<crencres>> per the twenty sixth and tiventy seventh	trenches
production-1875-76	390	11.10	controtter	of state is directed to draw his <<controtter>>	controller
production-1875-76	392	17.11	feuyer	march one thousand eight hundred and sev <<feuyer>> deen	feuer|feyer
production-1875-76	393	1.10	andof	and of this state in relation thereto <<andof>>	andf|ando|andoe|andoh|andom|andon
production-1875-76	394	15.9	whrde	such mechanical appliance as will readily and <<whrde>>	warde|werde|whre|worde|wurde
production-1875-76	395	21.2	brevmer	of john <<brevmer>>	brehmer|bremer|bremmer|brevier
production-1875-76	396	0.1	gislr	sci <<gislr>> ce	gisla|gisle|gisler|gisli
production-1875-76	397	27.0	anoul	<<anoul>> tax section section eight of said act	aboul|afoul|angul|annul|anoil|anouk
production-1875-76	399	0.0	animasto	<<animasto>> sec the beasts so distrained for doing	animate|animato
production-1875-76	399	53.0	maedby	<<maedby>> may within five days after the notice	maeby
production-1875-76	401	10.0	charv	<<charv>> cclxi an act to authorize the appropriation	carv|char|chara|chard|chare|charg
production-1875-76	404	26.9	councn	as aforesaid said city council may order <<councn>> ma	counc|counce|counci
production-1875-76	405	0.2	roatis	highways bec <<roatis>> laid out as provided in sections one	coatis|oatis|rotis
production-1875-76	406	43.9	cenem	the property road tax collected from all <<cenem>>	canem|cene|cenex|enem|menem
production-1875-76	407	21.0	rerwons	<<rerwons>> ies sec road overseers must make out	persons
production-1875-76	412	7.10	jhunis	as herein provided for the proposed loca <<jhunis>>	junis
production-1875-76	412	18.10	atemtion	of supervisors shall within ten days thereafter <<atemtion>>	atention|attention
production-1875-76	412	24.10	orenm	the receipt of such notice unless there <<orenm>> s	orem|oren|orena|orens|orent
production-1875-76	417	12.0	tnjary	<<tnjary>> sec whoever digs up cuts down or	injury
production-1875-76	418	37.1	thesaid	sec <<thesaid>> county treasurer shall give notice for the	hesaid|thebaid
production-1875-76	419	19.0	takewp	<<takewp>> ory claim finding any horse mare mule	takeup
production-1875-76	421	44.6	thesum	county as prescribed in this act <<thesum>> of fourteen thou	theasum|theseum|thesium|thesun
production-1875-76	423	22.0	superviwis	<<superviwis>> section frorn and after the passage of	supervises
production-1875-76	423	24.0	wweof	<<wweof>> giseo shall have full power and authority	wwoof
production-1875-76	423	24.1	giseo	wweof <<giseo>> shall have full power and authority to	gisel|gismo|iseo
production-1875-76	425	13.7	capert	the city of sacramento to appoint an <<capert>>	apert|caper|capers|capet|papert|tapert
production-1875-76	425	38.1	ofseines	use <<ofseines>> section it shall noi be lawful for	seines
production-1875-76	428	7.7	limsel	name of mary samsel is written mary <<limsel>> which error	himsel|liesel|lisel
production-1875-76	428	15.0	limsel	<<limsel>>	himsel|liesel|lisel
production-1875-76	428	33.0	cuav	<<cuav>> cclxxxit an act for the better protection	buav|cav|chav|clav|csav|cua
production-1875-76	429	2.0	trewurer	<<trewurer>> ers in the office of the county	treasurer
production-1875-76	429	54.5	clfoct	sec this act shall take <<clfoct>> from and after its	clock
production-1875-76	430	21.11	pouee	amount to be paid each policeman shall <<pouee>>	poee|pokee|polee|poree|potee|pouce
production-1875-76	430	26.9	genem	two of said amendatory act is hereby <<genem>>	enem|ganem|gene|genea|genee|genei
production-1875-76	431	44.0	asessor	<<asessor>> read as follows section it shall be	adsessor|assessor
production-1875-76	433	14.0	cuoap	<<cuoap>> cclxxxiv an act to regulate the salaries	coap
production-1875-76	437	20.0	afhdavit	<<afhdavit>> days after such animals are taken up	affidavit
production-1875-76	439	1.0	beassessed	<<beassessed>> another person and the two may choose	reassessed
production-1875-76	441	40.0	appiges	<<appiges>> visors next subsequent to the passage of	applies
production-1875-76	443	39.0	inginty	<<inginty>> commission the appointment of which is provided	infinty
production-1875-76	445	27.0	coupos	<<coupos>> clerk of the board of trustees of	compos|coupes|coupon|coupons|coups
production-1875-76	448	41.12	sppoia	after the passage of this act to <<sppoia>>	spoil
production-1875-76	450	0.8	prowdea	two hundred dollars in any one year <<prowdea>> further	powder
production-1875-76	450	25.8	saluies	road commissioners shall receive for all services <<saluies>> of	sallies|salties|salutes
production-1875-76	451	24.1	coxci	cup <<coxci>> an act to extend the franchise granted	cocci|conci|coxcy
production-1875-76	452	27.0	onap	<<onap>> coxciv an act concerning the salary of	anap|inap|knap|nap|oap|olap
production-1875-76	454	26.0	cnap	<<cnap>> cckcix an act to define the boundary	anap|caap|cap|cbap|ccap|ceap
production-1875-76	455	45.0	directorsto	<<directorsto>> suc the directors shall each within ten	directors
production-1875-76	461	34.1	ccchil	cup <<ccchil>> an act to authorize the corporation of	chil
production-1875-76	464	20.11	ueces	road for private convenience and which tes <<ueces>>	eces|feces|neces|nueces|peces|veces
production-1875-76	465	30.0	wnpnals	<<wnpnals>> mals taken up under the provisions of	annals
production-1875-76	472	0.1	cocaia	chap <<cocaia>> an act to require the ex tax	cocain|cocama
production-1875-76	475	33.6	inoney	in such notice the amount of <<inoney>> on hand for such pur	inone
production-1875-76	478	16.10	roadmas	regular meeting of the board of super <<roadmas>>	roadman|roadmap|roadmaps
production-1875-76	481	23.0	hepway	<<hepway>> sec the board of supervisors may vacate	repay|shepway
production-1875-76	484	36.11	saimny	he shall receive the sum of five <<saimny>>	saimy
production-1875-76	485	18.0	poltax	<<poltax>> over twenty one years and under fifty	poleax|postal
production-1875-76	486	44.13	conectors	to the same fee as for col <<conectors>>	connectors|convectors
production-1875-76	487	45.0	trusteesto	<<trusteesto>> suu the trustees must pass a preliminary	trustees
production-1875-76	489	18.0	determme	<<determme>> referees must hear all legal testimony that	determine
production-1875-76	490	8.11	orcr	the parties entitled thereto if they can <<orcr>> ot	krcr|ocr|ofcr|orc|orca|orce
production-1875-76	491	16.0	agmegate	<<agmegate>> oy of any addition to alteration or	aggregate
production-1875-76	492	51.10	nsenet	further that the amount of such change <<nsenet>>	nsfnet|senet|sent|usenet
production-1875-76	494	6.12	fortesten	contracts but when the labor to ve <<fortesten>>	forester
production-1875-76	494	48.11	atwiney	the duty of the attorney general to <<atwiney>>	twine
production-1875-76	495	18.0	nouce	<<nouce>> tobe notice in writing of not less	douce|nauce|noce|noice|nonce|noue
production-1875-76	495	23.0	rixents	<<rixents>> officers with the consent in writing of	rients
production-1875-76	495	24.0	thework	<<thework>> rer of state and secretary of state	theory|theword
production-1875-76	496	34.8	dismet	the district benefited by said improvement and <<dismet>> to	desmet|dimmet|disme|ismet|kismet
production-1875-76	496	48.0	bouger	<<bouger>> em ce ee re re	bodger|boger|bolger|bonger|booger|borger
production-1875-76	497	0.8	dstrect	beginning on the southerly line of fulbert <<dstrect>>	district
production-1875-76	498	1.9	senene	adopted suitable maps plans and diagrams shall <<senene>> te	seene|selene|senen|seneng|senese|senne
production-1875-76	498	3.14	roaty	be signed by at least a major <<roaty>>	boaty|coaty|goaty|oaty|roady|roary
production-1875-76	499	7.0	egerieved	<<egerieved>> authorized and empowered to hear said petition	aggrieved
production-1875-76	499	36.0	evtiens	<<evtiens>> and if the court upon examination shall	evens
production-1875-76	499	43.7	watil	back to said board and so on <<watil>> its original order of alter	datil|fatil|patil|wail|wakil|watel
production-1875-76	499	47.0	gemmis	<<gemmis>> sxc ali the damages costs and expenses	emmis|kemmis
production-1875-76	500	15.10	luids	said board a satisfactory deed of convey <<luids>> ana	fluids|guids|lids|luis|luiss|lunds
production-1875-76	500	42.8	bodtd	if an award is made by the <<bodtd>> the terms	boded|botd
production-1875-76	501	23.1	dainages	and <<dainages>> arising from the widening of said street	drainages
production-1875-76	503	33.1	gotases	aw <<gotases>> may be paid by the surrender to	gases
production-1875-76	504	41.3	tlfd	the warrant to <<tlfd>> party or parties entitled thereto accord	lfd|tfd|tld|tled|tlf
production-1875-76	506	41.10	fsyenses	to audit and allow and the treas <<fsyenses>> fe	senses
production-1875-76	507	21.0	suroties	<<suroties>> section the said john parnell james byrnes	sureties
production-1875-76	509	34.0	appomted	<<appomted>> sec the board of trustees shall appoint	appointed
production-1875-76	509	35.0	omee	<<omee>> officers provided for in this act and	amee|comee|emee|imee|mee|obee
production-1875-76	511	30.0	tacenses	<<tacenses>> seventh to license and impose and collect	licenses
production-1875-76	515	2.0	forcementof	<<forcementof>> any and every species of personal property	forcement
production-1875-76	521	8.7	nyare	fukn up ory claim finding any horse <<nyare>> colt mule jack jennet	nare|nyame|pyare|yare
production-1875-76	521	24.0	ewnas	<<ewnas>> are known and said owner or owners	enas|etnas|wenas
production-1875-76	521	36.4	bowneh	public places in the <<bowneh>> d and a copy delivered to the	boneh|bowne
production-1875-76	523	0.0	jbraveling	<<jbraveling>> pec drivers of all kinds of animals	traveling
production-1875-76	523	38.9	swanip	state the delinquent list of purchasers of <<swanip>>	swanp
production-1875-76	524	10.11	attomer	and county of san francisco and their <<attomer>>	atter
production-1875-76	527	45.0	doneand	<<doneand>> the materials to be furnished the time	donald
production-1875-76	530	36.11	myvtels	contractor on the said city hall who <<myvtels>>	motels
production-1875-76	534	11.0	cuapr	<<cuapr>> cccxxxvi an act to enable the city	capr|cupar
production-1875-76	537	8.4	dainages	determined and that said <<dainages>> and recompense together	drainages
production-1875-76	537	12.0	pisrict	<<pisrict>> lots and other real estate to be	district
production-1875-76	537	13.0	intgne	<<intgne>> missioners to be appointed by the district	intine|intone|intune
production-1875-76	537	14.0	mssioners	<<mssioners>> seventh judicial district in and for the	misioners|missioners
production-1875-76	539	41.0	sloners	<<sloners>>	cloners|loners|slopers|slovers|sooners|stoners
production-1875-76	545	28.0	animis	<<animis>> town in the county of marin finding	animais|animas|animes|animi|animism|animist
production-1875-76	548	16.4	guyanas	known as gallinas or <<guyanas>> slough or creek is hereby	guianas|guyana
production-1875-76	548	21.1	cocxlv	cup <<cocxlv>> an act to confer additional powers upon	cocle
production-1875-76	549	26.0	cuav	<<cuav>> cccxlvii an act to protect irrigation and	buav|cav|chav|clav|csav|cua
production-1875-76	552	10.0	cuapr	<<cuapr>> ccocli an act providing for the refunding	capr|cupar
production-1875-76	554	19.12	eaemo	fund for the redemption of such bonds <<eaemo>>	aemo|maemo
production-1875-76	562	4.0	cnap	<<cnap>> ccclvii an act to authorize the city	anap|caap|cap|cbap|ccap|ceap
production-1875-76	562	10.9	emnting	city council of the city of oakland <<emnting>>	emoting|empting|menting
production-1875-76	563	4.0	santobo	<<santobo>> and purposes aforesaid a sum not less	santoro|santoso|santoyo
production-1875-76	564	6.10	yedeom	county shall amount to one thousand dollars <<yedeom>>	redeem
production-1875-76	564	24.9	canceta	any bond is paid and redeemed under <<canceta>>	cancela
production-1875-76	564	44.8	comnussion	the mayor district attorney and the auditor <<comnussion>>	commission
production-1875-76	565	13.0	ofapply	<<ofapply>> supply on the peninsula of san francisco	apply
production-1875-76	567	52.8	inoney	provisions of this act in case the <<inoney>> in said fund shall	inone
production-1875-76	568	6.9	miscionors	water commissioners and to fix their compensation <<miscionors>>	missioners
production-1875-76	570	0.0	cnap	<<cnap>> ccoclxii an act to confer further powers	anap|caap|cap|cbap|ccap|ceap
production-1875-76	572	45.11	fempe	supervisors of said county shall levy and <<fempe>>	feme|femke|femme|kempe|tempe
production-1875-76	573	39.6	pectal	shall be set apart as a <<pectal>> fund and be known as wagon	ectal|pecal|pecial|pental|petal|rectal
production-1875-76	574	23.10	rleable	hundred and ninety five of volume two <<rleable>>	liable
production-1875-76	574	40.11	biect	follows section the trustees of said town <<biect>>	bect|biet|bisect
production-1875-76	575	0.0	powersand	<<powersand>> for good anc sufficient cause alter a	powerband
production-1875-76	575	43.0	cnap	<<cnap>> ccclkxx an act to legalize and make	anap|caap|cap|cbap|ccap|ceap
production-1875-76	575	48.0	tranwribed	<<tranwribed>> section the transcribed records now in possession	transcribed
production-1875-76	576	33.10	acernea	and claims now accrued under said act <<acernea>>	cernea
production-1875-76	578	0.1	thesaid	sec <<thesaid>> board of education shall have sole power	hesaid|thebaid
production-1875-76	580	41.8	wplied	board of education for the following purposes <<wplied>>	plied
production-1875-76	582	2.13	tenuent	of the city of santa rosa all <<tenuent>>	tencent|tendent|tenent|tennent
production-1875-76	592	4.11	covernn	act goes into effect the governor shall <<covernn>> to	coverin
production-1875-76	593	24.0	ajointy	<<ajointy>> of supervisors shall accept the said jail	ajoint|jointy
production-1875-76	594	15.10	tinaing	to settle and adjust all just claims <<tinaing>>	tinging|tining|tinking|tinning|tinting
production-1875-76	597	29.0	nehte	<<nehte>> now existing and known as the town	kehte|neate|nehme|neste|nete|nette
production-1875-76	598	9.9	kicction	first trustees clerk and marshal shall be <<kicction>>	diction
production-1875-76	598	46.11	mushal	be a conservator of the peace f <<mushal>>	kushal|mashal|meshal|mishal|mughal|muhal
production-1875-76	599	52.0	jenries	<<jenries>> horses horned cattle hogs sheep or goats	henries|jennies|jerries
production-1875-76	600	31.9	anvitwa	and keeping in good repair streets and <<anvitwa>>	anita
production-1875-76	601	27.0	trustooe	<<trustooe>> srv the board of trustees of said	trustee
production-1875-76	602	19.0	cnap	<<cnap>> cccxciil an act concerning public roads in	anap|caap|cap|cbap|ccap|ceap
production-1875-76	602	24.10	distnets	districts in the county of lassen are <<distnets>>	distress
production-1875-76	603	1.0	mentotcon	<<mentotcon>> commissioner of highways except on the petition	mentation
production-1875-76	603	54.0	pentions	<<pentions>> tor of supervisors of said county for	mentions|pensions
production-1875-76	605	45.0	wkewy	<<wkewy>> sensory claim in judicial townships numbers one	skewy
production-1875-76	608	27.0	seenre	<<seenre>>	seene|seenie
production-1875-76	608	39.10	procect	arising from the sale of said bonds <<procect>>	procent|project|prosect|protect|provect|proyect
production-1875-76	609	28.11	snffi	fund and he shall retain on hand <<snffi>>	saffi|suffi
production-1875-76	611	7.0	sloners	<<sloners>>	cloners|loners|slopers|slovers|sooners|stoners
production-1875-76	613	10.8	rancus	along tle center of said avenue to <<rancus>>	ancus|bancus|mancus
production-1875-76	614	0.13	ulectors	or hold any city office who shall <<ulectors>>	electors|lectors
production-1875-76	615	28.0	powesf	<<powesf>> asto read as follows section the board	powes
production-1875-76	616	29.9	hquors	upon bars at which spirituous or malt <<hquors>>	hours
production-1875-76	618	15.12	snon	or both of an act ji oh <<snon>>	anon|enon|inon|knon|non|onon
production-1875-76	620	19.11	prvee	follows section the board of trustees my <<prvee>>	pree|preve|privee
production-1875-76	621	4.0	moneyshow	<<moneyshow>> sec section thirty five of said act	moneyshot
production-1875-76	621	45.0	saaryand	<<saaryand>> april july and october of each year	saarland
production-1875-76	623	16.0	unesot	<<unesot>> moneys upon the warrant of the county	unbesot
production-1875-76	624	8.8	nrona	whenever the board of supervisors deem it <<nrona>> view	arona|brona|crona|drona|grona|krona
production-1875-76	624	19.9	teascs	property belonging to the county shall be <<teascs>>	teases
production-1875-76	630	4.6	cunther	cup cccci an act to confer <<cunther>> powers on the board	gunther
production-1875-76	630	21.0	cuapr	<<cuapr>> ccccii an act supplemental to an act	capr|cupar
production-1875-76	631	9.9	steara	any street upon which railroads operated by <<steara>>	seara|setara|stara|stear|stearn|stears
production-1875-76	636	5.0	acknomy	<<acknomy>> section all acknowledgments of deeds and other	economy
production-1875-76	636	9.10	forrn	by him certified in the usual legal <<forrn>>	foran|foren|forn|forr|forro|forry
production-1875-76	636	40.6	soughtto	the said town of santa barbara <<soughtto>> convey to said	sought
production-1875-76	638	27.0	cuav	<<cuav>> ccccxiii an act to appropriate moneys to	buav|cav|chav|clav|csav|cua
production-1875-76	639	33.0	cuapv	<<cuapv>> ccccxv see volume of amendments to the	chap
production-1875-76	640	24.0	omeors	<<omeors>> cruz shall be ex officio tax collector	omeros|omers
production-1875-76	640	40.0	oficen	<<oficen>> im this section named shall severally receive	ofice|oficer
production-1875-76	641	0.0	celve	<<celve>> an annual salary of three thousand dollars	belve|calve|cele|celie|celje|celle
production-1875-76	641	25.13	ruvix	for like service his fees a as <<ruvix>>	rubix|ruvid|tuvix
production-1875-76	644	22.0	blisle	<<blisle>> sec if any officer in this act	belisle|lisle
production-1875-76	644	24.2	hisown	convert to <<hisown>> use any of the moneys required by	disown
production-1875-76	646	5.0	hearingot	<<hearingot>> suc at the time fixed for the	hearing
production-1875-76	646	45.0	tnment	<<tnment>> of insolvency within two months before the	toment
production-1875-76	647	16.0	cnap	<<cnap>> ccccxx an act to amend an act	anap|caap|cap|cbap|ccap|ceap
production-1875-76	648	13.0	duieset	<<duieset>> ing in san francisco shall during the	diesel
production-1875-76	648	47.0	feefor	<<feefor>> organization and be registered the fee for	feeder
production-1875-76	650	33.0	cuarp	<<cuarp>> ccocxxi an act to regulate fees of	carp
production-1875-76	653	4.9	recorie	recording every instrument paper or notice of <<recorie>>	recorde|recore
production-1875-76	656	46.0	eiocht	<<eiocht>>	eight
production-1875-76	659	26.10	mstees	of the city of napa are hereby <<mstees>> to	stees
production-1875-76	660	2.0	careana	<<careana>> gays from the passage of this act	arena|careaga|caruana|carvana
production-1875-76	660	33.0	beperty	<<beperty>> procure said supply of water or other	beverly
production-1875-76	661	7.10	sinimg	purpose of paying the interest on the <<sinimg>>	sining
production-1875-76	664	52.0	jendent	<<jendent>> seven hundred dollars per annum in full	pendent|tendent
production-1875-76	668	3.3	actand	provisions of this <<actand>> the act to which this is amendatory	acland
production-1875-76	669	8.11	lumbold	klamath county and all suits judg te <<lumbold>>	humboldt|rumbold
production-1875-76	669	24.8	anowance	the board of supervisors of humboldt county <<anowance>>	allowance|avowance
production-1875-76	669	41.10	sisnon	is amended to read as follows gui <<sisnon>>	sesnon|signon|sinon|sison|sisson
production-1875-76	670	11.6	ajsy	notice of lead as follows section <<ajsy>> person or persons propos	aisy|ajay|ajoy|ajs|assy|asy
production-1875-76	671	54.7	roadmasters	upon the prover road fund or fend <<roadmasters>> are	roadmaster
production-1875-76	672	15.6	roadmasters	shall be the duty of all <<roadmasters>> within their respective	roadmaster
production-1875-76	673	30.9	pepaty	salaries to deputy assessors must be audited <<pepaty>>	peaty
production-1875-76	674	7.0	eelooks	<<eelooks>> sec the county clerk and sheriff must	looks
production-1875-76	674	14.10	fulland	and file with the county auditor a <<fulland>>	folland|fullan|funland|gulland|hulland|upland
production-1875-76	674	41.3	kzempt	secretary of the <<kzempt>> fire company of the city and county	kempt
production-1875-76	675	3.8	porimy	any person swearing or affirming falsely before <<porimy>>	primy
production-1875-76	681	49.8	bupbyer	corporations or other employers of residents in <<bupbyer>>	buyer
production-1875-76	683	24.9	roadmas	all provisions of this act relating to <<roadmas>>	roadman|roadmap|roadmaps
production-1875-76	684	8.0	lojury	<<lojury>> remains and must be punished as provided	loury
production-1875-76	684	44.4	dainages	pass and for all <<dainages>> thereby	drainages
production-1875-76	687	4.9	suagment	judgment referred to in the preceding title <<suagment>>	judgment
production-1875-76	687	26.10	doficioncy	tax authorized by this act be insufficient <<doficioncy>>	deficiency
production-1875-76	687	43.10	enttex	in township five south of range seven <<enttex>>	enter
production-1875-76	688	18.0	cyap	<<cyap>> ccccxxxix an act to provide for the	caap|cap|cbap|ccap|ceap|cgap
production-1875-76	689	6.11	formot	shall declare a lot or a por <<formot>>	forgot|format|formol|formost
production-1875-76	689	53.4	hisintention	streets in writing of <<hisintention>> so todo the bond must	misintention
production-1875-76	692	27.6	overhow	and to protect the city from <<overhow>> to cause obstructions	overbow|overcow|overhot|overlow|oversow
production-1875-76	697	18.10	suporin	of supervisors of the city and county <<suporin>>	suvorin
production-1875-76	697	40.10	supein	institution see that its affairs are conducted <<supein>>	super
production-1875-76	698	41.0	whavior	<<whavior>> by the record provided for in section	havior
production-1875-76	699	0.1	pubhe	f <<pubhe>> square park building cutting away hills grading	dubhe|pube|puhe
production-1875-76	703	17.14	peny	do to appoint a treasurer a mar <<peny>>	beny|deny|eeny|eny|geny|heny
production-1875-76	704	42.1	hmited	news <<hmited>> greate any indebtedness exceeding fifteen hundred dollars	smited
production-1875-76	707	7.10	taritey	five of the act to protect agri <<taritey>>	variety
production-1875-76	709	3.0	rednec	<<rednec>> any bill presented for his approval if	redne|redneck|redner|rednex
production-1875-76	710	34.0	notivwe	<<notivwe>> vl sec whenever there shall be one	notice
production-1875-76	714	8.0	pubhe	<<pubhe>> section all roads in the county of	dubhe|pube|puhe
production-1875-76	715	3.11	soxtracts	regular meeting in august a d eigh <<soxtracts>>	contracts
production-1875-76	715	28.11	convetio	the duty of the collector upon entering <<convetio>>	conventio|convention
production-1875-76	717	12.0	cuapv	<<cuapv>> cccclvii see volume of amendments to the	chap
production-1875-76	720	22.1	revelve	fo <<revelve>> pioneer that the contractor has fulfilled his	revelle|revolve
production-1875-76	721	42.10	contreto	time after the return of the warrant <<contreto>>	concrete|concreto|contrato
production-1875-76	728	12.0	tondemna	<<tondemna>> visors be approved which without the consent	condemn
production-1875-76	730	7.0	puises	<<puises>> yust be constructed at the expense of	guises|paises|poises|prises|pulses|purses
production-1875-76	730	27.0	reminto	<<reminto>> sec if the road overseer of one	remint
production-1875-76	731	34.0	menuced	<<menuced>> to be removed and diligently prosecuted prior	menaced
production-1875-76	734	45.0	yaances	<<yaances>> scribed should any officer elected fail to	yances
production-1875-76	735	31.8	instews	of the town and shall have power <<instews>>	instead|insteps
production-1875-76	737	13.11	iteres	and all breaches and violations of ordinances <<iteres>>	iberes|interes|teres
production-1875-76	740	3.0	compena	<<compena>> sible for all such moneys on his	comnena|company|compend|compens
production-1875-76	741	24.9	saanes	board of trustees shall also regulate and <<saanes>>	saanen|saines|sanes|sannes|shanes|slanes
production-1875-76	741	46.10	omeer	of trustees shall have power to x <<omeer>>	ameer|emeer|meer|omber|omer|omere
production-1875-76	742	27.0	rosetc	<<rosetc>> of said town of colusa shall continue	roset|rosett|rosety|rostec
production-1875-76	743	37.9	keserved	north half of section sixteen in town <<keserved>>	deserved|reserved
production-1875-76	744	40.0	gbnet	<<gbnet>> ec said melone love and green by	abnet|bnet|genet
production-1875-76	745	0.0	cnap	<<cnap>> cccclaiil an act for the relief of	anap|caap|cap|cbap|ccap|ceap
production-1875-76	745	24.11	auator	said act is amended so as to <<auator>>	abator|amator|auctor|autor
production-1875-76	748	1.0	dunesot	<<dunesot>> hundred and eighty three twenty seven hundred	dunes
production-1875-76	748	29.0	cuarv	<<cuarv>> cocclayv an act to levy taxes for	care|carv|curv
production-1875-76	749	7.10	atomey	of commissioners to be styled the bond <<atomey>> t	abomey|atomy|tomey
production-1875-76	750	26.0	onoys	<<onoys>> receive manage and invest all moneys and	oneys|onlys|onos
production-1875-76	755	27.9	ientte	right is hereby granted to the omnibus <<ientte>>	senate
production-1875-76	756	38.0	romasies	<<romasies>> wit commencing ata point in the county	romanies
production-1875-76	757	6.10	conoate	be and is hereby granted to said <<conoate>>	connate
production-1875-76	757	43.10	pantono	any person or persons who shall throw <<pantono>>	pantano|panton|pantone|pantoon
production-1875-76	758	13.7	impleaded	sue and be sued plead and be <<impleaded>> in any and all	impleader
production-1875-76	759	28.0	melodeons	<<melodeons>> shows circuses billiard tables bowling and ten	melodeon
production-1875-76	760	34.0	fleetions	<<fleetions>> shall be performed by the city marshal	flections
production-1875-76	765	12.5	ouneil	such special communications to the <<ouneil>> from time to	oneil
production-1875-76	765	27.11	vnicia	in case of his own official bond <<vnicia>>	vicia
production-1875-76	770	0.0	counal	<<counal>> my state the notice may be served	conal|connal|coucal|nounal
production-1875-76	772	8.0	expenx	<<expenx>> ing or otherwise improving the streets in	expen|expend|expens
production-1875-76	772	42.1	suanice	almeted <<suanice>> of this act that the damages awarded	seanice|shanice
production-1875-76	773	2.11	strests	at the expense of all the property <<strests>>	streets|stress
production-1875-76	775	0.1	acemi	ibmmay <<acemi>> dest	acei|acem|acmi|akemi|atemi|cemi
production-1875-76	775	22.0	iivst	<<iivst>> the number or letter of the lot	iist
production-1875-76	775	40.11	coitection	days from the entry of the assess <<coitection>>	contection
production-1875-76	777	26.8	tonestion	becomes delinquent any person having a lien <<tonestion>>	congestion
production-1875-76	786	30.0	policecom	<<policecom>> sc the mayor judge of the city	policedom
production-1875-76	786	31.0	mustones	<<mustones>> of police shall be and constitute a	mudstones|mustonen|stones
production-1875-76	787	41.10	controitert	of state is hereby directed to draw <<controitert>>	controvert
production-1875-76	788	2.1	dredths	tavorof <<dredths>> dollars fresno county six hundred and thirty	deaths
production-1875-76	789	8.0	cuapr	<<cuapr>> cccclxxix an act to repeal an act	capr|cupar
production-1875-76	790	40.0	arseune	<<arseune>> as follows section the supervisors for all	arsene
production-1875-76	791	1.12	mirast	the committees appointed by the board apy <<mirast>>	first|miras
production-1875-76	792	21.0	contoner	<<contoner>> sxc the above holders of the unused	cantoner|condoner|cottoner
production-1875-76	792	35.0	contoter	<<contoter>> troller thereon must draw his warrants on	contour
production-1875-76	793	5.0	srorron	<<srorron>> every corporation and all persons and every	sorrow
production-1875-76	794	12.0	copree	<<copree>> keep two sets of well bound books	cooree|coree
production-1875-76	794	36.0	cnapr	<<cnapr>> ccocclxx xix an act to amend an	capr
production-1875-76	796	8.0	fredve	<<fredve>> northerly along the foothills of the diablo	frede|free
production-1875-76	796	42.0	andcom	<<andcom>> thereafter at which an assessor a tax	adcom|ancom|andom|random
production-1875-76	796	52.0	termof	<<termof>> must be ordered by the board of	termo|termon|termor
production-1875-76	797	53.9	puvies	inspector is chairman of the election board <<puvies>>	juvies|puvis
production-1875-76	797	54.2	mspector	and may <<mspector>>	spector
production-1875-76	800	18.0	tonqure	<<tonqure>> such location it shall also have the	tonsure
production-1875-76	805	23.8	orderot	the sale of the property advertised commencing <<orderot>> sat	order|orderto
production-1875-76	805	34.13	yimo	will take the least quantity of test <<yimo>>	aimo|bimo|cimo|dimo|fimo|gimo
production-1875-76	806	16.0	sloners	<<sloners>> he must name the person entitled to	cloners|loners|slopers|slovers|sooners|stoners
production-1875-76	806	50.0	onvess	<<onvess>> against actual fraud conclusive evidence of the	unless
production-1875-76	808	22.0	pansant	<<pansant>> the furnishing of any material required therefor	dansant|passant|vansant
production-1875-76	809	2.11	aaue	shall report in writing to the board <<aaue>>	aace|aade|aae|aage|aahe|aake
production-1875-76	809	12.11	wawis	this act shall be first applied to <<wawis>> now	wadis|wais|walis|waris|waws
production-1875-76	809	40.11	peticiency	principal of the bonds if said proceeds <<peticiency>>	deficiency
production-1875-76	810	14.0	rightot	<<rightot>> way is herein provided in respect to	righto|righton|rightto
production-1875-76	810	32.0	misdomean	<<misdomean>> sec the cutting or willful damage of	misdemean
production-1875-76	811	7.11	invor	or ditch provided for in this act <<invor>>	incor|infor|inor|invar|inver|invo
production-1875-76	811	17.9	fhys	money in the state treasury not otherwise <<fhys>> form	fays|fhis|fhs|fhss|flys|foys
production-1875-76	811	18.8	ermment	for the objects hereinafter expressed and for <<ermment>>	ernment
production-1875-76	813	37.9	sumeme	of justices of supreme court sixty thousand <<sumeme>>	sememe|summe|umeme
production-1875-76	815	40.10	ttement	this act shall with their biennial reports <<ttement>>	statement
production-1875-76	819	36.10	dumager	thirty days in the official newspaper of <<dumager>>	damager
production-1875-76	821	4.11	ponee	newspaper for ten days a notice stat <<ponee>> vt	donee|jonee|monee|onee|penee|poee
production-1875-76	821	24.11	uepen	said notice mentioned in the last section <<uepen>>	bepen|depen|eupen|lepen|repen|unpen
production-1875-76	821	39.10	snagment	same as modified or corrected the county <<snagment>>	segment
production-1875-76	822	32.0	expenger	<<expenger>> aaa	expender|expunger
production-1875-76	823	25.13	bundings	of the chief of police or such <<bundings>>	bandings|bindings|bondings|buddings|bunnings|buntings
production-1875-76	824	1.0	cuav	<<cuav>> d an act amendatory of and supplementary	buav|cav|chav|clav|csav|cua
production-1875-76	825	14.0	cuav	<<cuav>> dii sec volume of amendments to the	buav|cav|chav|clav|csav|cua
production-1875-76	825	27.1	dvit	crap <<dvit>> see volume of amendments to the codes	davit|dit|doit|duit|dvi|dvid
production-1875-76	826	9.0	wemice	<<wemice>> san francisco in the city and county	device
production-1875-76	827	28.0	onged	<<onged>> northwesterly and three hundred feet therefrom to	bonged|donged|gonged|longed|onced|oned
production-1875-76	832	45.9	possessionem	nature of a writ of habere facias <<possessionem>> command	possession|possessioned|possessioner
production-1875-76	833	14.8	dlescrib	county court by warrant certified as aforesaid <<dlescrib>>	describe
production-1875-76	836	9.1	dviti	car <<dviti>> see volume of amendments to the codes	diti|viti
production-1875-76	838	10.3	assoon	notice to sc <<assoon>> as convenient after the passage of this	alsoon|aswoon|bassoon|cassoon|sassoon
production-1875-76	838	11.0	mrues	<<mrues>> said commissioners shall publish a notice for	brues|crues|grues|moues|mres|mues
production-1875-76	838	22.0	powersand	<<powersand>> suc the said board of commissioners having	powerband
production-1875-76	844	17.3	thesaid	grading et sec <<thesaid>> street when opened and established shall	hesaid|thebaid
production-1875-76	847	14.8	mssioners	persons to be styled commissioners of transpor <<mssioners>>	misioners|missioners
production-1875-76	848	8.0	fueland	<<fueland>> fuel and stationery the commissioners and their	fuelband|funland|ueland
production-1875-76	848	28.0	femeanor	<<femeanor>> shall be deemed guilty of a misdemeanor	demeanor
production-1875-76	848	41.0	joration	<<joration>> on suit instituted by said commissioners in	jobation|jotation|juration|moration|noration|oration
production-1875-76	849	42.10	tepors	in charge of each and every railroad <<tepors>> ot	tenors|tepor
production-1875-76	851	43.7	prescention	sec all prosecutions against any transportation com <<prescention>>	prevention
production-1875-76	852	9.0	commsson	<<commsson>> sec whenever the directors of any railroad	commston
production-1875-76	852	29.0	commessio	<<commessio>> hortation shall be binding upon the respective	commissio|commission
production-1875-76	853	6.9	zstortion	it shall knowingly or willfully charge de <<zstortion>>	extortion
production-1875-76	854	15.0	rarload	<<rarload>> every such railroad company shall keep a	carload
production-1875-76	857	23.8	pxanina	all examinations of persons not graduates or <<pxanina>>	planina|planing
production-1875-76	858	12.0	physian	<<physian>> jeine within the meaning of this act	physican
production-1875-76	858	12.1	jeine	physian <<jeine>> within the meaning of this act who	beine|deine|eine|feine|heine|jaine
production-1875-76	858	49.0	avowe	<<avowe>> county of san francisco is hereby authorized	alowe|avow|avowed|avower|avows
production-1875-76	859	24.13	eleanea	said city and county kept clean in <<eleanea>>	eleana
production-1875-76	859	31.9	gnyenn	board of supervisors shall appoint two competent <<gnyenn>>	glenn
production-1875-76	860	14.2	thesum	appropri section <<thesum>> of six hundred and fifty dollars is	theasum|theseum|thesium|thesun
production-1875-76	860	17.3	breuner	of john bruener <<breuner>> for a balance due him on account	brauner|brebner|breiner|bremner|brener|brenner
production-1875-76	860	28.0	cuarp	<<cuarp>> dxxil dan act to authorize janes mcclatchy	carp
production-1875-76	861	14.11	vonts	under the provisions of the above oi <<vonts>>	conts|donts|fonts|honts|monts|ponts
production-1875-76	862	1.1	epph	made <<epph>> concerning hogs running at large in the	dpph|elph|emph|eph|epiph|epp
production-1875-76	862	15.1	dxxvit	chap <<dxxvit>> an act to provide for an examination	davit
production-1875-76	862	22.0	vioners	<<vioners>> constitute a commission for the purposes hereinafter	viners|voters
production-1875-76	862	28.0	oginize	<<oginize>> appointment meet at some convenient place in	organize
production-1875-76	865	6.0	srecrion	<<srecrion>> rattlesnake school district in the county of	section
production-1875-76	865	36.6	hickcock	eddy james balsdon and j j <<hickcock>> commissioners	hickock
production-1875-76	866	15.0	wlowed	<<wlowed>> eighteen are authorized and directed to draw	alowed|blowed|flowed|glowed|lowed|plowed
production-1875-76	867	0.10	retateon	act to repeal all special laws um <<retateon>>	relation|retation
production-1875-76	869	6.9	mentto	right is hereby granted to john blair <<mentto>>	mento
production-1875-76	870	0.0	chayv	<<chayv>> dxxxix an act for the reef of	chav|chay|chaya
production-1875-76	870	13.0	controer	<<controer>> be void and of no effect and	controler
production-1875-76	871	49.10	igini	shall be eligible to any office provided <<igini>>	gini|ibini|igni|irini
production-1875-76	874	0.0	gmdes	<<gmdes>> etc fourth to establish the grades of	gades|gmdss|gmes
production-1875-76	874	36.0	dlunghter	<<dlunghter>> tenth to remove from the immediate vicinity	daughter
production-1875-76	874	50.0	cometory	<<cometory>> thirteenth yo provide a cemetery commission of	cemetery|cometary
production-1875-76	876	14.0	lanking	<<lanking>> traveling or paving or otherwise improving either	anking|banking|blanking|clanking|flanking|ganking
production-1875-76	878	18.0	glerke	<<glerke>> src shall be the duty of the	clerke|gerke|gierke|goerke
production-1875-76	878	31.0	dunesef	<<dunesef>> tion to any duties required of him	dunes
production-1875-76	882	0.1	dallv	care <<dallv>> an act amendatory of and supplemental to	dall|dalla|dalle|dalli|dallo|dally
production-1875-76	882	12.0	alenng	<<alenng>> authorized and empowered to order the laying	along
production-1875-76	884	0.10	siatie	the kd ota twenty fifth and twenty <<siatie>>	satie|state
production-1875-76	885	3.12	txes	of the city and county of san <<txes>>	axes|exes|oxes|taes|taxes|tees
production-1875-76	888	14.0	vinget	<<vinget>> the land fronting on any street in	inget|vineet|vinet|vinge|vinger|vingt
production-1875-76	888	32.0	pentions	<<pentions>> board of trustees to hear the allegations	mentions|pensions
production-1875-76	888	39.0	boardmay	<<boardmay>> sec if the petition be for the	boardman
production-1875-76	893	13.4	tadee	demeanor in the police <<tadee>> s court of the city and county	adee|cadee|kadee|ladee|sadee|tade
production-1875-76	894	22.5	tottake	acknowledge before any person authorized <<tottake>> acknowledgments	cottage|totake
production-1875-76	896	15.0	governorte	<<governorte>> section for the government and management of	governorate
production-1875-76	896	16.0	apromt	<<apromt>> california state prison there shall be appointed	prompt|promt
production-1875-76	897	20.9	waiden	directors shall appoint a warden who shall <<waiden>>	aiden|caiden|gaiden|haiden|jaiden|kaiden
production-1875-76	899	10.10	pnectors	shall not be appointed to any other <<pnectors>>	electors
production-1875-76	899	52.9	ogtee	to wit the directors in addition to <<ogtee>>	ogee
production-1875-76	903	13.0	fowti	<<fowti>> all money in possession of a prisoner	fonti|forti|foti
production-1875-76	903	23.0	frorn	<<frorn>> him when he entered and which has	forn|fron|fror|frore|frory|frown
production-1875-76	905	15.11	omcers	employ of the prison shall be inter <<omcers>> to ne	omers
production-1875-76	906	17.0	pitimate	<<pitimate>> they may be bound by their mother	estimate
production-1875-76	907	0.7	indontures	sec facts of incapacity desertion drunkenness va <<indontures>>	indentures
production-1875-76	908	28.0	apprenuce	<<apprenuce>> misbehavior or refusal to do his duty	apprentice
production-1875-76	908	38.0	courtmay	<<courtmay>> sec the court shall proceed to hear	courtesy|courtman|courtnay
production-1875-76	908	53.6	areod	before the master was so deh <<areod>> from such indenture	aread|ared|arend|areo|arod
production-1875-76	910	46.0	bondsof	<<bondsof>> executing and filing with the district clerk	bonds
production-1875-76	914	14.0	treasmer	<<treasmer>> to section the treasurer of the city	treaster
production-1875-76	915	0.8	treasme	the auditor s hereby authorized and empowered <<treasme>>	trease|treatme
production-1875-76	915	13.9	appropme	sum of forty eight thousand dollars is <<appropme>>	appropre|approve
production-1875-76	915	23.0	cuoar	<<cuoar>> dlviti an act to provide for the	cloar|coar|cumar|cupar
production-1875-76	917	0.0	cuav	<<cuav>> dlxi an act concerning the public records	buav|cav|chav|clav|csav|cua
production-1875-76	919	5.10	svbbers	dollars for the arrest of each person <<svbbers>>	subbers
production-1875-76	921	11.9	omaal	member of the board shall before entering <<omaal>>	amaal|maal
production-1875-76	921	31.10	satanes	of the board shall receive in full <<satanes>>	batanes|satanas|satangs|satans|stanes|states
production-1875-76	923	7.10	audto	of said city and county is hereby <<audto>> to	andto|audio|aueto|auto
production-1875-76	923	21.9	tariad	san francisco are hereby authorized and em <<tariad>> pup	ariad|cariad|taria|tarian|triad
production-1875-76	925	12.12	appomt	days prior to the first day in <<appomt>>	apport
production-1875-76	926	3.0	aurerm	<<aurerm>> cursed by said commissioners	aureum
production-1875-76	926	37.0	jontemned	<<jontemned>> sary shall be applied to the payment	condemned|contemned
production-1875-76	928	18.0	wesue	<<wesue>> the purchase of said bonds the said	jesue|resue|wese|weske|weste|wsue
production-1875-76	929	21.10	cantorma	completion of the work and the removal <<cantorma>>	cantorna
production-1875-76	929	45.10	andtor	of said city and county is hereby <<andtor>>	andlor|andor|andto|antor
production-1875-76	930	0.0	cuarp	<<cuarp>> dlxaxiv an act to open and establish	carp
production-1875-76	930	9.0	sinonte	<<sinonte>> on the assessment roll preceding the passage	sinte
production-1875-76	931	45.9	desuspt	following described piece of land situated in <<desuspt>>	desist
production-1875-76	936	34.0	rioners	<<rioners>> ceed to ascertain and determine and separately	rioters
production-1875-76	938	12.2	possessionem	facia facias <<possessionem>> commanding him to put the said	possession|possessioned|possessioner
