production-1877-78-code	32	31.0	ollar	<<ollar>>	collar|dollar|ellar|gollar|hollar|kollar
production-1877-78-code	33	37.0	notaryto	<<notaryto>> each notary so soon as he has	notary
production-1877-78-code	35	36.0	dutyof	<<dutyof>> y the inspector or judge acting as	duty
production-1877-78-code	35	45.1	tovgy	ballot <<tovgy>> if the name be found on the	tovey
production-1877-78-code	36	25.10	efiye	a general or presidential election each county <<efiye>>	efile
production-1877-78-code	38	35.0	cuapv	<<cuapv>> ccclxviii an act to amend section seventeen	chap
production-1877-78-code	40	13.0	onar	<<onar>> clxxxv an act to amend the political	anar|bonar|donar|enar|gnar|inar
production-1877-78-code	41	19.0	owmade	<<owmade>> writing addressing the adjutant general giving his	made
production-1877-78-code	41	27.0	ofices	<<ofices>> hov not in active service are filled	offices|ofice|oficer
production-1877-78-code	42	0.0	whust	<<whust>> under military orders must be immediately arrested	hust|shust|whist|whst|whush|whut
production-1877-78-code	45	13.0	stattot	<<stattot>> thestaff of each general of brigade consists	station|statton
production-1877-78-code	49	20.0	traneporte	<<traneporte>> the transportation of arms equipments and mil	transporte
production-1877-78-code	49	33.0	seriphon	<<seriphon>> of number and arms of service of	siphon
production-1877-78-code	50	38.9	ofces	and before performing duty and at each <<ofces>> ang	ofcs|onces
production-1877-78-code	51	15.7	coneral	board of the commander in chief major <<coneral>> adjutant	moneral
production-1877-78-code	51	23.0	ollows	<<ollows>>	allows|follows|hollows|ollow
production-1877-78-code	54	32.0	cuarv	<<cuarv>> ccclvij an act to amend an act	care|carv|curv
production-1877-78-code	57	48.0	sioncrs	<<sioncrs>> for the due performance of the work	signers
production-1877-78-code	58	37.0	iuito	<<iuito>> a contract to construct any portion of	cuito|muito|quito
production-1877-78-code	58	52.9	reuny	article any commissioner or appointee who shall <<reuny>>	reany|reeny|renny|reny|reun|reune
production-1877-78-code	59	22.0	wopery	<<wopery>> going on board or leaving any steamer	opera|popery|ropery
production-1877-78-code	60	31.10	pitioner	harbor commissioners of the port of eureka <<pitioner>>	petitioner
production-1877-78-code	62	9.9	noini	said visiting physicians and surgeons to be <<noini>>	naini|nini|noin|noint|nomini|noni
production-1877-78-code	62	40.11	yrwed	the health department and such other offi <<yrwed>> fe	yawed
production-1877-78-code	63	26.0	ealth	<<ealth>>	alth|dealth|earth|eath|health|sealth
production-1877-78-code	63	30.0	ieteaed	<<ieteaed>> san francisco and masters owners or consignees	metered
production-1877-78-code	65	13.0	feesot	<<feesot>> uy the following fees may be collected	feest
production-1877-78-code	65	34.0	acathe	<<acathe>> otc fourth day of each month make	acate|agathe|cathe|scathe
production-1877-78-code	66	17.11	yement	and county of san francisco must return <<yement>>	bement|cement|dement|yemen|yemeni
production-1877-78-code	68	25.13	fownsana	or city to consist of five per <<fownsana>>	fontana
production-1877-78-code	69	25.0	birtheand	<<birtheand>> must quarterly file with the county recorder	birthland
production-1877-78-code	69	35.0	reconler	<<reconler>> known as the register of marriages the	recoiler|reconfer
production-1877-78-code	70	11.10	depain	of said registers for the state printer <<depain>>	delain|demain|depaint|depan|derain|desain
production-1877-78-code	70	32.4	ortown	conferred upon the city <<ortown>> government those in incorporated	oftown|orton
production-1877-78-code	70	48.1	allmo	rn <<allmo>> cer eauptnw s t pa atslilallealie ee	alamo|allo|allom|allso|almo
production-1877-78-code	71	18.0	jeveo	<<jeveo>> and general laws heretofore or now in	jeven|jever
production-1877-78-code	71	19.0	distnets	<<distnets>> consolidate in the manner following whenever the	distress
production-1877-78-code	72	29.0	egalized	<<egalized>> by this act provided further that no	legalized
production-1877-78-code	74	14.12	detly	board must determine the rate of state <<detly>> super	dealy|deely|deftly|deily|delly|dely
production-1877-78-code	75	11.0	gortain	<<gortain>> ws gor contra costa calaveras el dorado	mortain
production-1877-78-code	75	48.0	anoat	<<anoat>> j the board must have prepared by	anat|angat|annat|anoa|anoas|anot
production-1877-78-code	75	50.1	whatto	and <<whatto>> their direction prior to their regular november	chatto|hatto|shatto|thatto|watto|whatco
production-1877-78-code	77	15.0	cuarv	<<cuarv>> xxii an act to amend section three	care|carv|curv
production-1877-78-code	77	26.3	yearin	contain of each <<yearin>> the city and county of san francisco	cearin|fearin|gearin|hearin|tearin|wearin
production-1877-78-code	79	14.0	ollows	<<ollows>>	allows|follows|hollows|ollow
production-1877-78-code	79	41.1	daylor	william <<daylor>> thence south to dry creek forming south	aylor|baylor|caylor|daylon|faylor|gaylor
production-1877-78-code	80	14.0	cnap	<<cnap>> cxcvii an act to amend section three	anap|caap|cap|cbap|ccap|ceap
production-1877-78-code	84	24.0	sretiox	<<sretiox>> another section is hereby added to the	cretion
production-1877-78-code	89	9.0	tohavea	<<tohavea>> the transaction of business in fire marine	tohave
production-1877-78-code	89	36.0	mranies	<<mranies>> after formed or organized under the laws	meanies
production-1877-78-code	90	12.11	poinvested	transaction of business in any kind of <<poinvested>>	invested
production-1877-78-code	91	29.0	teerver	<<teerver>> and delivered in this state whether by	teerer
production-1877-78-code	92	46.3	foreefrom	sec thisactshall bein <<foreefrom>> and after its passage	freefrom
production-1877-78-code	93	6.0	ropat	<<ropat>> y section section four hundred and seventy	opat|popat|roat|ropa|ropac|ropar
production-1877-78-code	93	36.0	iadains	<<iadains>> aby religious denomination society or church require	indians
production-1877-78-code	94	7.11	reomon	filed shall set forth the facts author <<reomon>>	redmon|remon|romon
production-1877-78-code	95	0.3	jigo	letters pa w <<jigo>> letters patent from the united states or	aigo|bigo|digo|eigo|figo|gigo
production-1877-78-code	97	23.1	foundrymen	machinists <<foundrymen>> and mechanics	foundryman
production-1877-78-code	98	10.10	continy	a mortgage on a growing crop continues <<continy>>	contin|contina|contine|contini|contino|continu
production-1877-78-code	99	11.0	coav	<<coav>> ncui an ulet to amend section three	cav|chav|clav|coa|coac|coad
production-1877-78-code	99	11.1	ncui	coav <<ncui>> an ulet to amend section three thousand	cui|naui|ncai|ncbi|ncci|nchi
production-1877-78-code	99	12.2	siatyfive	hundred und <<siatyfive>> of the civil code relelive tu the	sixtyfive
production-1877-78-code	105	1.0	geunty	<<geunty>> of january may and september	gaunty|genty|grunty|gunty
production-1877-78-code	106	40.6	nnnene	te es ee tee nee net <<nnnene>> ee	nonene
production-1877-78-code	108	37.10	inclos	it has been protected by a substantial <<inclos>> written	enclos|inclose|unclos
production-1877-78-code	109	10.0	ornonsuit	<<ornonsuit>> suit entered in the following cases	nonsuit
production-1877-78-code	111	0.0	whatex	<<whatex>> harness and food for such horses mules	water|whate|whatev
production-1877-78-code	113	7.0	ollows	<<ollows>>	allows|follows|hollows|ollow
production-1877-78-code	113	29.0	afornia	<<afornia>>	alfornia|fornia
production-1877-78-code	114	0.0	zywo	<<zywo>> where he continues n possession in person	zwo|zygo
production-1877-78-code	114	51.8	meneame	wage ee es c mnt a cee <<meneame>> ee	menace
production-1877-78-code	117	15.0	hearingof	<<hearingof>> yf alter the time of publication has	hearing
production-1877-78-code	117	25.0	appols	<<appols>> objections if any and declaration of dissolution	appals|appels|apply|appolo
production-1877-78-code	120	28.13	cntitlec	one or more of the persons ou <<cntitlec>>	entitled
production-1877-78-code	121	12.0	courtmay	<<courtmay>> w administration may in the discretion of	courtesy|courtman|courtnay
production-1877-78-code	121	16.0	cuapr	<<cuapr>> clxviil an act to amend section two	capr|cupar
production-1877-78-code	121	24.0	ollows	<<ollows>>	allows|follows|hollows|ollow
production-1877-78-code	125	14.0	insby	<<insby>> visitation by the quarantine officer arriving in	inby|insb|insy
production-1877-78-code	125	15.0	mastertof	<<mastertof>> san francisco who refuses or omits	masterton
production-1877-78-code	127	9.1	doxvi	coap <<doxvi>> an act to add another section to	dovi
production-1877-78-code	128	0.7	thercot	another anything attached thereto or the produce <<thercot>>	theriot
production-1877-78-code	129	49.0	tuefr	<<tuefr>> shall assist in setting using or continuing	their|tuer
production-1877-78-code	129	51.0	hivitea	<<hivitea>> catching fish in the waters of any	hivite|hivites
production-1877-78-code	130	4.15	fisin	for the catching of fish in any <<fisin>>	aisin|filin|firin|fishin|fisi|fison
production-1877-78-code	130	30.10	rorfeitur	at any time all nets seines fishing <<rorfeitur>>	forfeiture
production-1877-78-code	130	31.11	penine	implements used in catching or taking fi <<penine>>	jenine|lenine|peine|pendine|penide|penile
production-1877-78-code	132	12.12	wihiesses	county jail an order for his temporary <<wihiesses>>	witnesses
production-1877-78-code	132	33.13	vsoned	state prison or in the county si <<vsoned>>	voted
production-1865-66	4	22.7	sesrveres	morrill approved january ccrssserereererererceee be by sd <<sesrveres>>	servers
production-1865-66	4	42.9	esvenee	four approved january scsovscosseree as be to <<esvenee>>	essence
production-1865-66	5	12.4	rerreee	january sreecrreccrrecevsereersnvesveeerserssvercsersen as be <<rerreee>>	referee
production-1865-66	6	3.0	ubfy	<<ubfy>> re cerecrerevsvenevece cvevcseessserseverevereeveseveers ae be wv reserve	ubf
production-1865-66	6	26.0	tuaty	<<tuaty>> seevsreresoververccereerseerererereenes vvvsseesersesterevcey ae de srrvesves b	taty|teaty|tuat|tuath|tufty|tutty
production-1865-66	6	43.4	sceecee	by constitutional provision february <<sceecee>> be bs b reccrree	ceecee
production-1865-66	7	27.8	sessenees	approved february bb cccccccceccecesreecerrecseers be by bb <<sessenees>>	essences
production-1865-66	8	7.6	loureyro	an act to authorize josé maria <<loureyro>> josé arnaz juan	loureiro
production-1865-66	8	24.9	eereee	four approved february s ecreceee bb ov <<eereee>>	eeeee|eeeeee
production-1865-66	8	31.0	lanfar	<<lanfar>> approved february cccerseeressecrseeee as by seserseee	lanfear|langar
production-1865-66	8	50.1	ecssve	ty <<ecssve>> reverses reer esvners senor serene ay by	esse
production-1865-66	9	8.5	purtice	an act to authorize certain <<purtice>> to build a turnpike rund	curtice
production-1865-66	9	9.1	souvra	from <<souvra>> tuolumne county to copporupolie calayverus	shuvra|soutra
production-1865-66	9	9.6	calayverus	from souvra tuolumne county to copporupolie <<calayverus>>	calaveras
production-1865-66	9	12.7	beenme	bun franvisev tv incroveu ite capital steck <<beenme>> a law	beene|beenie
production-1865-66	9	15.0	umenil	<<umenil>> an act entitled an avot providing fur	menil
production-1865-66	9	17.3	eurent	approved april twenty <<eurent>> hy eighteen hundred npd	curent|erent|urent
production-1865-66	9	21.6	herween	through the flute of california and <<herween>> the atlantic	horween
production-1865-66	9	26.8	yalac	act changing the timo of assessing tho <<yalac>> of real and	alac|kalac|malac|yala|yalc
production-1865-66	9	51.2	taacs	to levy <<taacs>> fur county purposes approved february	aacs|taac|taas|tacacs|tacs|takacs
production-1865-66	10	14.0	gurct	<<gurct>> louisa byrne approved february b	gurt
production-1865-66	10	41.0	tubry	<<tubry>> zt g vrrersers verseesee vosovsven pruveveve yen	aubry|tubby|turry|tury
production-1865-66	10	41.8	saneny	zt g vrrersers verseesee vosovsven pruveveve yen <<saneny>> nevnes a b b cercc	safety|sanely|sanny
production-1865-66	10	41.9	nevnes	g vrrersers verseesee vosovsven pruveveve yen saneny <<nevnes>> a b b cercc	neves|newnes
production-1865-66	10	41.13	cercc	pruveveve yen saneny nevnes a b b <<cercc>>	cerc|cerca|cerce|cerci|cerco|cerec
production-1865-66	11	4.5	rereee	approved february cercccrsrcrrseecereveerecvcctone ae be <<rereee>>	reree|rereel|rereeve
production-1865-66	11	38.7	reverenes	legislature approved march eccerereerreseeeeeer an be b <<reverenes>>	reverences|reverends
production-1865-66	13	20.2	resees	b l <<resees>> even veer vorsnenre veeverersvesrsensnsecerserssstoorseessvsee as by s	reeses|resee|reseed|reseeds|reseek|resets
production-1865-66	13	27.0	blarch	<<blarch>> sssseersecseevercvveesven srversveerssesses seers estore ae b b	barch|blach|blanch|blargh|blatch|larch
production-1865-66	13	29.8	coreee	approved march s cveccesesceresesseveesesovveee ae be le <<coreee>> ite	coree|coreen|corvee
production-1865-66	13	33.3	pueking	carry on the <<pueking>> busines within certain limita of the	peeking|peking|pucking|puking|punking
production-1865-66	13	36.4	ronier	clear the channel und <<ronier>> navigable the etrenin in contra	bonier|monier|ponier|ranier|renier|rodier
production-1865-66	13	37.7	tumbra	costa county known ag the arroya del <<tumbra>> approved	tambra|tumba|tumboa|umbra
production-1865-66	13	40.0	uellyer	<<uellyer>> approved murch cccorerveecccorrees savers a b	bellyer|hellyer|seller
production-1865-66	13	42.5	seeveres	baluricd office approved march overs <<seeveres>> a b were	severe
production-1865-66	13	44.3	ilumboldt	county warrants ip <<ilumboldt>> cuanty approved dinreh	humboldt
production-1865-66	13	44.4	cuanty	county warrants ip ilumboldt <<cuanty>> approved dinreh	canty|chanty|cuanto|cunty
production-1865-66	13	47.0	giuper	<<giuper>> uf roads und liirbways and prescribe bia	gimper|gipper|super
production-1865-66	14	7.1	yuicksilyer	ated <<yuicksilyer>> approved larch sse ser se bs wvevee	quicksilver
production-1865-66	14	7.8	wvevee	yuicksilyer approved larch sse ser se bs <<wvevee>> lol	levee
production-1865-66	14	9.8	wreeres	burial ground approved march u as be <<wreeres>>	reeves
production-1865-66	14	11.4	apprused	cares in humboldt county <<apprused>> murch as b cctv	apprised
production-1865-66	14	18.10	rereeres	approved march cc rercereverccces as be li <<rereeres>>	referees
production-1865-66	14	29.5	purevite	the agricultural and other udustriul <<purevite>> vt this state	previde|previte
production-1865-66	16	26.7	cerece	march c sverccreeseeerseretssrecssrverserteneeeecsscrsee be by l s <<cerece>>	cerce|cerec
production-1865-66	17	3.4	coeee	approved murch s eccervsecesrcovevteces <<coeee>> svseresty be be le esrvrvene	codee|coee|coene|cofee|cohee|colee
production-1865-66	17	6.0	blarch	<<blarch>> gu s ssesessessscererrresseesvsccurserssescers server se de do	barch|blach|blanch|blargh|blatch|larch
production-1865-66	17	19.6	smiety	of the san joaquin valley agricultural <<smiety>> and other	smitty
production-1865-66	17	22.2	curlam	to annul <<curlam>> bonds approved march b d	cream|curam|curiam
production-1865-66	17	45.3	nflecting	punithinent of frauds <<nflecting>> the elective franchise	inflecting
production-1865-66	17	49.7	sehonl	an act to provide funds for the <<sehonl>> department of san substitute for	sehon
production-1865-66	18	1.1	behool	trial <<behool>> department of the city and county of	befool|behoof|behoot|behowl|bhool
production-1865-66	18	15.5	paswd	ulate proceedings in criminal cases <<paswd>> may first une	pased|passwd
production-1865-66	18	16.0	thoneand	<<thoneand>> cight rumilred uud fifty vne pastwl april	thousand
production-1865-66	18	16.1	cight	thoneand <<cight>> rumilred uud fifty vne pastwl april ren	aight|bight|dight|eight|fight|hight
production-1865-66	18	16.6	pastwl	thoneand cight rumilred uud fifty vne <<pastwl>> april ren	pastel|pastil
production-1865-66	18	23.6	levssoee	approved murch g rrsveserecresreerserrssereverevcte bs b <<levssoee>>	lessee
production-1865-66	18	26.4	apprused	josé and san bernardino <<apprused>> march sb	apprised
production-1865-66	18	28.1	murvht	approved <<murvht>> ucccsesccssseceeseee cenceeee bb vee	murphy
production-1865-66	18	44.0	furniu	<<furniu>> approved murch ceresererseersseree bb pziccccccee	furni|furnia
production-1865-66	18	48.6	sccnee	and sixty four approved march ld <<sccnee>> corres bb s ercece	scene|schnee
production-1865-66	18	48.10	ercece	approved march ld sccnee corres bb s <<ercece>>	erect
production-1865-66	19	12.7	eeeveee	approved march cscereeereecrsecrterversrr severe ae be sy <<eeeveee>>	eeeeee|eeeeeee
production-1865-66	19	33.2	toomend	an act <<toomend>> an act entitled an act to provide	commend
production-1865-66	19	47.5	erevene	march ceccsrsssreseesssensresteenecsscsesvesseeeescesseeees ay by li <<erevene>>	prevene
production-1865-66	20	45.5	inmber	transportation of wood sawlogs and <<inmber>> down the main substitute for	imber|ingber|nmber
production-1865-66	21	0.3	antl	no ol bia <<antl>>	actl|anal|ancl|andl|anel|angl
production-1865-66	22	10.8	coronene	blanks approved march sccccccsssensereeeeee se be b <<coronene>>	coroner
production-1865-66	24	21.9	crseene	francisco approved march v cscccsrreeeee as be <<crseene>>	greene
production-1865-66	25	8.9	orereee	onc approved march ccssrercerrreereer se by bb <<orereee>>	oversee
production-1865-66	26	13.3	cveresee	tution approved march <<cveresee>> orrerecrserrvce ae by vores	oversee
production-1865-66	27	45.8	preervers	e essere veree rec ere cere vee <<preervers>> ereeryspecesevens be be d ceeee oe	preservers
production-1865-66	28	42.1	thtce	sixty <<thtce>> approved march ccccceeresererreeree ay be escercee	thte
production-1865-66	30	15.3	corere	approved march eceeeseverertreree <<corere>> vevereenee be by ads evens	cohere|coree|corer|corers|corre|covere
production-1865-66	30	35.1	cighten	seventeenth <<cighten>> hundred and sixty one approved	lighten|righten|sighten|tighten
production-1865-66	30	45.7	screenees	media approved march c ceseeeeseee ere cee <<screenees>> alb	screeners|screenies
production-1865-66	32	51.7	ucecne	and sixty three approved march ccx ccccs <<ucecne>> s be	scene
production-1865-66	33	6.6	orenree	approved march sccrsecccerevercerrreeseccererseerere be db abs <<orenree>>	renee
production-1865-66	33	32.9	uceoves	sixty three approved april l bs by <<uceoves>>	coves
production-1865-66	36	4.8	laweo	of santa barbara approved april a be <<laweo>>	labeo|lawe|lawer|lawes|lawo|lawro
production-1865-66	36	18.7	reccne	straits of carquinez approved april ar be <<reccne>>	recce
production-1865-66	36	20.2	lbgg	approved april <<lbgg>> ccrrsererverersverrersvevreereesseresseeres ly be b servers	bgg|lagg|lbg|lbgt|legg|lgg
production-1865-66	37	16.2	rererevce	approved april <<rererevce>> rrresevevseesssssseveeeees ae by t bsrseeeee	reference
production-1865-66	37	26.0	yuary	<<yuary>> the twenty ninth eighteen hundred and sixty	quary|yary|yeary|yury
production-1865-66	37	45.4	teveere	approved april cs secceeecseeserscerteccreves <<teveere>> b by ee	severe|tevere
production-1865-66	38	11.9	eeenes	approved april sscrseseeereevccee as be thd aw <<eeenes>>	egenes|events
production-1865-66	38	16.7	rcereer	filty nine approved april secereetererrerenererseses ay by <<rcereer>>	career
production-1865-66	39	47.3	ersver	approved april ccccccserevverveeserererrerrereveveene <<ersver>> be de ervvevene	erster
production-1865-66	40	27.3	waitors	act to exclude <<waitors>> und alien enemies from the courts	waiters
production-1865-66	40	43.6	rerere	approved april sscsccscesesrsecersreceateerseetteccssesee be by abb <<rerere>>	refere|reree|revere
production-1865-66	41	0.4	enlary	an act fixing tho <<enlary>> of the county assessor of butte	enlard
production-1865-66	42	2.0	beraion	<<beraion>> of the legislature sss cssss sss scsssossessssscteses	berain
production-1865-66	42	4.7	preedd	lulu reroesens vecvnsens sevnervenerrere rnupeersd buddhooed deeds <<preedd>> igor eroded fuddeefod deddo uren hd rod	preedy
production-1865-66	42	6.4	sevrevers	the legislature ccereserrveseee vvvecsers <<sevrevers>> pvveseeeetvvssesersesveeressrosessseresceesrsens bts	servers
production-1865-66	42	11.7	froin	concurrent resolution relative to a daily mail <<froin>> stockton tu copperupolis	broin|foin|frain|frein|frin|froid
production-1865-66	42	11.10	copperupolis	to a daily mail froin stockton tu <<copperupolis>>	copperopolis
production-1865-66	42	12.11	achereon	granting leave of abecnee to julin w <<achereon>>	acheron|thereon
production-1865-66	42	21.7	rerrese	n vers cossverserercecvvovvsecsrtevtarenes cerencoos reverse veveescorebycetercose pe <<rerrese>> pppoe edp	represe
production-1865-66	42	28.7	ensvey	tower luberersseverseserecrtovvcevsversersevesvev serine ivessvenrvenes oben spence sasvys <<ensvey>> vosese	ensley
production-1865-66	42	28.8	vosese	luberersseverseserecrtovvcevsversersevesvev serine ivessvenrvenes oben spence sasvys ensvey <<vosese>>	mosese
production-1865-66	43	5.0	buululion	<<buululion>> seorevseeeensrreerrrsees wore verneennes eensnn estore stony ferreeneno	bullion
production-1865-66	43	6.11	loureyro	granting leave of absence to josé maria <<loureyro>>	loureiro
production-1865-66	43	13.9	ccce	relative to coal lands and mining intercsts <<ccce>> seers cesveeeee	acce|cace|ccc|ccca|cccc|cccp
production-1865-66	43	18.11	sneren	s fair at paris sscerccssseveversvees teeuneresvan savers <<sneren>> serene	seren|seven|sneden|sneen
production-1865-66	43	20.6	eecvver	stato insane asylum matters rererssrevesvccvvesvevvecvere evvevereerpsveveveves <<eecvver>> eens	recover
production-1865-66	43	28.5	cvere	central pacific railroad company svsvesccerrszerreeersens <<cvere>> series vennsvene sevnseeee	avere|caere|cere|chere|clere|covere
production-1865-66	43	38.0	enuke	<<enuke>> of delay in transmission of telegraphic mossel	encke|enke|enure|nuke
production-1865-66	43	38.8	cicce	of delay in transmission of telegraphic mossel <<cicce>> ecg coc ccc c cc eee ce	cicc|cicci|cicco|cice|cicle|circe
production-1865-66	44	6.2	thdees	unissloiicts sececeveceneentevenennns <<thdees>> seen eee veehio aor ip edeceredgg cueeed	thees|threes
production-1865-66	44	6.12	ofeeia	veehio aor ip edeceredgg cueeed i eedesoed <<ofeeia>> fer eod	ofelia
production-1865-66	44	16.5	sreens	central pacific railroad company ccceccerserrervereecevsevrevereresesy <<sreens>> veeverteves	creens|greens|preens|screens|seens|sheens
production-1865-66	44	29.5	eecnees	land butvcys s eveereee en <<eecnees>> seuee ae heey peevrddod id ddsonod fedededed	decrees
production-1865-66	44	40.4	ereee	no bbs cccccesvevevseeseseeeceseen verses <<ereee>> tenseeseeser food or fed eo peddons greeened	eeee|eeeee|erene|freee|reee
production-1865-66	44	40.10	peddons	verses ereee tenseeseeser food or fed eo <<peddons>> greeened manen estes	persons
production-1865-66	44	40.11	greeened	ereee tenseeseeser food or fed eo peddons <<greeened>> manen estes	greene|greened
production-1865-66	45	2.13	prttes	one ve tsersnersertneneee cereenentene ip perd heres <<prttes>>	pattes|prates|protes
production-1865-66	46	11.7	evever	george oulton reoveverveees comltoncl cserrvercevcveves orevennen rosecesversseee <<evever>> wrrstery preven eee sisk ly ou	enever|evener
production-1865-66	46	14.7	svever	j f houghton surveyor general ssecesevercer cceveverscreeee <<svever>> eerserereneecreeers buiado	seever|sever|siever|soever|stever
production-1865-66	46	14.9	buiado	houghton surveyor general ssecesevercer cceveverscreeee svever eerserereneecreeers <<buiado>>	build
production-1865-66	46	17.2	cevvee	robert robinson <<cevvee>> ad mtamt general r rssersrervvone veresreesvcreee erseeereecereresees	levee
production-1865-66	46	18.10	veesere	c state librarian ceecseeee eceeeesee sesssceee ee <<veesere>> sepenenee senereeeep acer	veeser
production-1865-66	46	22.6	rsesese	tames laidley server state harbor commissioners <<rsesese>> secssceee ere res vee ver ere oom	reese
production-1865-66	46	25.1	cursrcy	john <<cursrcy>> eres judge term two years chief justice	curry
production-1865-66	46	26.6	yealb	lorenzo sawyer worerrvreee tuazee term foul <<yealb>> rcscrervrcresscervcevee corres vreeveere gon francisco	yalb
production-1865-66	46	27.6	lefid	a l rhodes cesecen reeves tale <<lefid>> six yoatb ccceseveserersreseesseeee serves revscreeesrs cadth clara	leid
production-1865-66	46	27.12	cadth	tale lefid six yoatb ccceseveserersreseesseeee serves revscreeesrs <<cadth>> clara	carth|cath
production-1865-66	46	28.4	tuage	o l shafter ssesssoevrcereeee <<tuage>> torm eight years werccrescreversrecrsee reeves sever ereesrere	guage|nuage|tage|tubage|tudge
production-1865-66	46	28.12	alamodb	torm eight years werccrescreversrecrsee reeves sever ereesrere <<alamodb>>	alameda|alamode
production-1865-66	46	30.9	ceensere	harriman ccceoues clerk supreme court cscccssesreres seneees <<ceensere>> scares soerensenen plqgod	censure
production-1865-66	47	4.3	vadii	pbelden david n <<vadii>> ceeceee cecescece ee ceeceener creeescerevecse srevceree creveesee	radii|vadai|vadi|vadim|vadis
production-1865-66	47	4.4	ceeceee	pbelden david n vadii <<ceeceee>> cecescece ee ceeceener creeescerevecse srevceree creveesee nevada	ceecee
production-1865-66	47	6.4	vever	bradley he li eeveoee <<vever>> piguey seerersverevevevsvevecveserces veresrevseessevees over srsoorrerererenr dutch flat	bever|dever|ever|fever|hever|jever
production-1865-66	47	6.5	piguey	bradley he li eeveoee vever <<piguey>> seerersverevevevsvevecveserces veresrevseessevees over srsoorrerererenr dutch flat	miguel|piguet
production-1865-66	47	7.2	yudq	cunningham lewis <<yudq>> sess cecerserere poceeenes cetvccecveserea tesers oveesteer seceeeseeens	yud|yuda|yudi
production-1865-66	47	7.7	tesers	cunningham lewis yudq sess cecerserere poceeenes cetvccecveserea <<tesers>> oveesteer seceeeseeens marysville	tasers|teasers|teers|testers|teters
production-1865-66	47	7.8	oveesteer	lewis yudq sess cecerserere poceeenes cetvccecveserea tesers <<oveesteer>> seceeeseeens marysville	overseer|oversteer
production-1865-66	47	9.2	swesee	evans g <<swesee>> cosoveceveer luommmne and mono cccersceevesvecseeseconeeee eveveere coves	seesee
production-1865-66	47	9.11	donotb	luommmne and mono cccersceevesvecseeseconeeee eveveere coves veresserer <<donotb>>	donot
production-1865-66	47	10.11	otoville	vvecerevsoreer bull eee ceeeeeeee evcveneenersereesperecsene vesesreee cersersereresrroereseree <<otoville>>	oroville
production-1865-66	47	13.6	piqcod	m halo j be eeeee cevecverece <<piqcod>> yececceee cecees erecnever creeerenerrscestereeeere sereeteeressers ereeeeee auduyn	pico
production-1865-66	47	13.13	auduyn	piqcod yececceee cecees erecnever creeerenerrscestereeeere sereeteeressers ereeeeee <<auduyn>>	auburn|audun
production-1865-66	47	14.4	cererves	hardy th ccccccreeeeeer coavetas <<cererves>> cvenrseecnerecerecsessenarersreers greseseeetecer ere copperopolis	reserves
production-1865-66	47	15.9	sccse	s reeee ever lake napa and mendocino <<sccse>> sosreee evesrreeere napa city	case|scase|sccs|scuse
production-1865-66	47	17.0	mheacock	<<mheacock>> e h sesseeserer suctamenlo oveverrecrrereereeesereorsree severe ervevever	heacock
production-1865-66	47	17.9	sbca	h sesseeserer suctamenlo oveverrecrrereereeesereorsree severe ervevever sreevsvere <<sbca>> non to	abca|bbca|bca|cbca|ibca|mbca
production-1865-66	47	18.0	sjonnson	<<sjonnson>> vamos seerrereree i dymo seers ceeereeeceeeerecney even	johnson|jonnson
production-1865-66	47	18.8	seerester	vamos seerrereree i dymo seers ceeereeeceeeerecney even <<seerester>> ces srseeeeersarevereereed iacotv ing	semester
production-1865-66	47	21.4	ncvaid	kutz joseph sses sverrveer <<ncvaid>> vrereesercseres corrserevsserrecs rereverevessees seereeverseeen orth san juan	naid
production-1865-66	47	24.4	veovee	maddox b li ssecereve <<veovee>> bl dorado vresenesevevvererseveensvserecrever see o seveveesteersersene qoorbelowd	levee
production-1865-66	47	25.0	mirner	<<mirner>> ly by ceesececeeees bolano cee eeece eeeee	kirner|marner|milner|miner|minner|mirer
production-1865-66	47	25.13	seerees	eeece eeeee ceeeee ceeeeeree cerereerecrssenee ereersees sreeeeees <<seerees>> bedicio	seeress
production-1865-66	47	25.14	bedicio	eeeee ceeeee ceeeeeree cerereerecrssenee ereersees sreeeeees seerees <<bedicio>>	benicia|benicio
production-1865-66	47	28.4	sobquin	myers s cccrseessescrereeveres sod <<sobquin>> sevsrvccesencevsesssresererssesververerslersessesseeveersed rench camp	joaquin
production-1865-66	47	29.13	tuuma	rsereer secrevsecrerccsevenseeresr senses cseeee seveesuesves seeserseer po <<tuuma>>	touma|tsuma|tucuma|tuma|turma|tuula
production-1865-66	47	30.8	ecceres	c b orereeree contra costa and marin <<ecceres>> veneer vorerceee cover cereereercerrerere pacheco	ceres
production-1865-66	47	31.4	sicite	pratt le hy scseevescvevvevee <<sicite>> seecveves veevvevenererres veceryerrecters vereevere seresssrers cvsvere dlownicy	scite|sinite|site
production-1865-66	47	32.3	aamt	robinson henry rereseeeee <<aamt>> ass sececererevececvenereececersevereestceseert coeeeserseseene cerveeers a lamctd	aadt|aam|aama|aamc|aamd|aame
production-1865-66	47	34.3	amamol	rose a heseecservevepereeveees <<amamol>> ana aiping ceccrrvreeverrerrveesee crevvssrreee cece amattor city	amador|amatol
production-1865-66	47	34.5	aiping	rose a heseecservevepereeveees amamol ana <<aiping>> ceccrrvreeverrerrveesee crevvssrreee cece amattor city	aiding|ailing|aiming|airing|amping|anping
production-1865-66	47	37.3	yudd	teegarden h seccsvere <<yudd>> ana suuter ccercerevorsrevceesvcser cones csovssesevevcvers oo marysville	budd|cudd|fudd|hudd|judd|ludd
production-1865-66	47	37.5	suuter	teegarden h seccsvere yudd ana <<suuter>> ccercerevorsrevceesvcser cones csovssesevevcvers oo marysville	sauter|shuter|souter|stuter|suiter|sulter
production-1865-66	47	40.0	fwadsworth	<<fwadsworth>> by reece siskiyou sessvseressevenee serves ovsesveeesvesensonens cevvee	wadsworth
production-1865-66	47	40.7	cevvee	fwadsworth by reece siskiyou sessvseressevenee serves ovsesveeesvesensonens <<cevvee>> trees seresree verre lfcko	levee
production-1865-66	47	40.11	lfcko	sessvseressevenee serves ovsesveeesvesensonens cevvee trees seresree verre <<lfcko>>	lacko
production-1865-66	47	41.2	puolumnc	wolcott oliver <<puolumnc>> seecuseee ceveeeeee verecnces errencere cerrensereceersrereevers ye son	tuolumne
production-1865-66	47	46.3	sreces	i e dwinelle <<sreces>> chapioid creseeververeeesererseeesereeners veseeeere seesecses srsereeree docramento	preces
production-1865-66	47	46.9	docramento	dwinelle sreces chapioid creseeververeeesererseeesereeners veseeeere seesecses srsereeree <<docramento>>	sacramento
production-1865-66	47	47.3	soctolopy	john white vseceeees <<soctolopy>> ceceeree ceereererseressere cpseeserererers seesvereerssees oud diranciseo	sociology
production-1865-66	47	48.8	shaslb	w gordon assistant secretary ote pleevresreeeenenes ererrecceererscrercneerene <<shaslb>>	shall
production-1865-66	47	49.6	atidb	john h moran csseoeees sotzcade al <<atidb>> cesses ecrseceresecces seseeccnsres ovseverce cssscossavevsseress nud be	atid
production-1865-66	47	50.7	coreee	james lane assistant sergeant at arms seceeeere <<coreee>> seeveeees verse luolunne	coree|coreen|corvee
production-1865-66	47	50.10	luolunne	sergeant at arms seceeeere coreee seeveeees verse <<luolunne>>	tuolumne
production-1865-66	47	51.2	sceer	martin rowan <<sceer>> minute clerk ccccccen erecesrrerreers reesssnes oreorsreres sacramento	scee|sceen|scheer|scher|scler|seer
production-1865-66	47	52.2	theustis	w fb <<theustis>> scccsceeee formal clerk ceeressvscreree revere sescseece sovsversesescovceenee	heustis
production-1865-66	48	4.11	secsee	copying clerk revsercccseces ses reese ers rees <<secsee>> sevevrereceseerere ere bl dorado	seesee
production-1865-66	48	6.9	verreel	selkirk assistant secretary at secretary ask ceceesssceeerecevere <<verreel>> locots	verree|verrel
production-1865-66	48	6.10	locots	assistant secretary at secretary ask ceceesssceeerecevere verreel <<locots>>	locos|loots
production-1865-66	48	13.3	vudq	batchelder a dircccovveeee <<vudq>> s vvecscoerseevecees snrarvees peereesenrerere sores teneerseesererseee foster	vudu
production-1865-66	48	14.3	sodomm	bledsoe a crrsersercercereee <<sodomm>> erseresvservercee svveecorsverereery sveseores oovovereyvecesveee lealdsburg	sodimm|sodom|sodoma|sodoms|sodomy
production-1865-66	48	14.8	lealdsburg	a crrsersercercereee sodomm erseresvservercee svveecorsverereery sveseores oovovereyvecesveee <<lealdsburg>>	healdsburg
production-1865-66	48	15.0	bosquit	<<bosquit>> john sceeeeree placer oc ceees seeeenect coveeeereceareeete	bosquet|mosquito
production-1865-66	48	15.5	ceees	bosquit john sceeeeree placer oc <<ceees>> seeeenect coveeeereceareeete aeerecerees orstes soeteerser virginiafown	cedes|cees|celes|cepes|ceres|chees
production-1865-66	48	15.9	orstes	sceeeeree placer oc ceees seeeenect coveeeereceareeete aeerecerees <<orstes>> soeteerser virginiafown	erstes|orates|orestes
production-1865-66	48	19.5	sosrre	brown thos avsseccorereve contra costasiessrrcccceccvvservecvecees <<sosrre>> stern evceevccsserees sevvsoee moftinedy	source
production-1865-66	48	20.3	lulalc	brown j cussceevovsvenvevnve <<lulalc>> sesvcreovsereresoveerrenersessen seers soscevere sesesrsesarvnenses white river	lulac
production-1865-66	48	21.0	bughee	<<bughee>> crrscoceererccverere san francisco sorseees sveverreonessvvreecvensrrestrreerecsesereees oo francisco	bugbee
production-1865-66	48	24.3	shasto	chappell j nurssecrecoveevvee <<shasto>> core reseeesvenereen svcreesersrceveees cesseeree eveneveresetees crrevsseery doable	hasto|shafto|shanto|shasta|shatto
production-1865-66	48	26.5	giseo	clayton co ccecccerrcereereee ban bran <<giseo>> ceceececevcererecereerses toeetsrer erstveereerscee an francisco	gisel|gismo|iseo
production-1865-66	48	27.8	iscsses	j muss sos res res vee nod <<iscsses>> cessvecssoe visese tosrenessereves revsvaree costes sneeeieserrene napa	issues
production-1865-66	48	27.10	visese	sos res res vee nod iscsses cessvecssoe <<visese>> tosrenessereves revsvaree costes sneeeieserrene napa city	vises
production-1865-66	48	28.3	calavenus	collier vm marcsvercveesesver <<calavenus>> seece vereenece vs rreneneperserser spessevee svccenereeeroereeres wese	calaveras
production-1865-66	48	28.4	seece	collier vm marcsvercveesesver calavenus <<seece>> vereenece vs rreneneperserser spessevee svccenereeeroereeres wese point	leece|meece|reece|seace|seech|seee
production-1865-66	48	29.3	sadth	cory j marscceccsvervvccerree <<sadth>> clo dcservescverenseveserenvcreorrreveesetverlsrerceresrestesrrvereed od jose	saath|sadah|sadeh|sadh|sadt|saith
production-1865-66	48	30.8	leinity	j currcceveoes snvrevescoee letdicy scssvesssenrersneves seestsrvasrsosscessvresees sesssssvesseees <<leinity>> contre	lenity|trinity
production-1865-66	48	31.4	novoua	dornin geo do ese <<novoua>> cece cer eenere ceeeeresetrerresseee ortee sereererreeenorth san	novo|novoa
production-1865-66	48	31.7	eenere	dornin geo do ese novoua cece cer <<eenere>> ceeeeresetrerresseee ortee sereererreeenorth san juan	genere|tenere|venere
production-1865-66	48	31.9	ortee	do ese novoua cece cer eenere ceeeeresetrerresseee <<ortee>> sereererreeenorth san juan	artee|oree|orte|ortel|orten|orter
production-1865-66	48	32.4	sodomo	downing j li seecccsesvereys <<sodomo>> rrsvevceeereere cevreverernessersevesceeeeseer erssterernreonesr ante rosa	kodomo|sodom|sodoma|sodoms|sodomy
production-1865-66	48	35.9	erreree	seccccseserees add ereecerersrevcceree srereveratennes essecree seeeerree career <<erreree>> blooki vd	referee
production-1865-66	48	35.10	blooki	add ereecerersrevcceree srereveratennes essecree seeeerree career erreree <<blooki>> vd	blocki|blook|looki
production-1865-66	48	37.13	erecoes	and lessen cece cerecceee reece verre weer <<erecoes>> serves ve seve cquidcy	erected
production-1865-66	48	37.17	cquidcy	reece verre weer erecoes serves ve seve <<cquidcy>>	quincy
production-1865-66	48	38.7	evessen	greene w to sccoresessereer bom duaquid sr <<evessen>> cresvrweeteerresererecerevetee teres ewerscere sreserne sbuck lod	evensen|vessel
production-1865-66	48	38.12	sbuck	duaquid sr evessen cresvrweeteerresererecerevetee teres ewerscere sreserne <<sbuck>> lod	buck|shuck|smuck|snuck|stuck|suck
production-1865-66	48	39.3	suluct	flamin francis csescorsee <<suluct>> srcerceensesresverencesres tecesreesrsserssetes lovveveretevsererseee vest butte	select
production-1865-66	48	42.6	seseee	hawkins michael bam francisco cescsses vecereeee <<seseee>> soeseesreseeeee oud francisco	seeee|seeeee|seesee
production-1865-66	48	44.4	bomum	hoag o ee seessessecereee <<bomum>> dis ssevvsrvecvserssrenstersveaesvescrssreiceees seesseres evsnrereee bloomfield	bodum|bogum|bonum|borum|boum|boyum
production-1865-66	48	45.5	ensteren	tlogle ti ticseecrsereeereereee luolummnc seeeseeey <<ensteren>> rreetenereressespererree corse verses teense sree coluio bite	entered
production-1865-66	48	45.9	teense	ticseecrsereeereereee luolummnc seeeseeey ensteren rreetenereressespererree corse verses <<teense>> sree coluio bite	teenie|teens|teensy|teese|tense
production-1865-66	48	45.11	coluio	seeeseeey ensteren rreetenereressespererree corse verses teense sree <<coluio>> bite	colugo
production-1865-66	48	47.6	richiand	hollister du ccceecesveveee srctamenlos srreseecetecesreenereesersesererserees seecssnoerrseerssrevere <<richiand>>	richland
production-1865-66	48	48.5	eeesees	hopper p j cccuceeerecreee sactaimcneo <<eeesees>> eeeeee ceseveersees creereset cesses erepvencecrvten sveeveseon olson	lessees
production-1865-66	48	50.0	hunit	<<hunit>> w bo esse oeceerere bactamemld nc sessernes	huit|hundt|huni|hunnit|hunt|junit
production-1865-66	48	50.8	rrveue	w bo esse oeceerere bactamemld nc sessernes <<rrveue>> peenereen sresesesseseves sxserenesseerse seers ooctdmedloy	revenue
production-1865-66	48	52.0	hutistis	<<hutistis>> a jose eecccses eves elumddoide cececereeseversnseerevees senevveeerosees	autistic
production-1865-66	48	52.10	cosvens	eecccses eves elumddoide cececereeseversnseerevees senevveeerosees torstereseee trees <<cosvens>> luck a	cosens|covens
production-1865-66	48	53.11	frandised	francisco secseeeec cesses cereresveereeessee sees ceeeeeere oom <<frandised>>	franchised
production-1865-66	48	54.14	tcreys	vesenrsens crises seeevener peeesenes savereeee soar lom <<tcreys>>	treys
production-1865-66	49	2.6	seebeee	kidder j fu ssesreevereseeee el dorado <<seebeee>> soevvcone resseeres svoyseere cesses spevrereseneeobingie springs	seeeee
production-1865-66	49	4.3	novoua	leech reuben csereecerve <<novoua>> ce crerretees servers ecreererstreveererscsees teers serercesens gra	novo|novoa
production-1865-66	49	5.3	soluno	lemon j movssscsoovvrsecrnee <<soluno>> sevesessvessee sserseceserevereverererseereeter sorsveres reevseernnbigun city	solano|soludo
production-1865-66	49	6.5	coliba	long w srssevsesorsesreee lama bda <<coliba>> rerrcereersveseeere severesee essere sresseveres red bluff	cohiba|coiba|colaba|colima|colina|colita
production-1865-66	49	9.4	tobno	mace r po cececeeveesere <<tobno>> ceecon vetoes pyrereere vnersreceeveerese verrer sreseeres cores	tobio|tobo|tohno|tonno|tono|torno
production-1865-66	49	9.9	verrer	po cececeeveesere tobno ceecon vetoes pyrereere vnersreceeveerese <<verrer>> sreseeres cores corse ree m ieerton	berrer|ferrer|verder|verger|verier|verner
production-1865-66	49	10.0	maholmb	<<maholmb>> j buirssecoescevees sactamomneo srarscerrerersrcrecseereesreerscsssoreer e cresers ceossvece	maholm
production-1865-66	49	10.6	cresers	maholmb j buirssecoescevees sactamomneo srarscerrerersrcrecseereesreerscsssoreer e <<cresers>> ceossvece theres sdeclgon	cremers
production-1865-66	49	15.7	penwenes	parrish e c cerrservsereer l adzeleb wevevscrrerrrecvevuverevarressceters <<penwenes>> spreeveve reverence money	pendents
production-1865-66	49	16.4	ncvoud	pattison joba sccccses cores <<ncvoud>> cecccvvereevees veeeeetensee terran teresa retees vesreseesvesoverees washington	cloud
production-1865-66	49	16.9	retees	sccccses cores ncvoud cecccvvereevees veeeeetensee terran teresa <<retees>> vesreseesvesoverees washington	retes|reties
production-1865-66	49	17.0	poirin	<<poirin>> ons soveseerecvrreoverere luoimmne ada mono veccececescroeserecesseesce vevreverscoeverns	pirin|poison|porin|pourin
production-1865-66	49	20.4	bormardino	satterwhite j wo ram <<bormardino>> ccccssesereesererseresrsseeree persesvereeeeal bernardino	bernardino
production-1865-66	49	22.1	wilham	sexton <<wilham>> scecsvceee pluccl sissveavvereersvevereoverensscrenere seers seseer ppeveseessesveseee reorersauduf	gilham|ilham|kilham|milham|welham|wigham
production-1865-66	49	22.3	pluccl	sexton wilham scecsvceee <<pluccl>> sissveavvereersvevereoverensscrenere seers seseer ppeveseessesveseee reorersauduf ll	plural
production-1865-66	49	22.6	seseer	sexton wilham scecsvceee pluccl sissveavvereersvevereoverensscrenere seers <<seseer>> ppeveseessesveseee reorersauduf ll	sesser|sester
production-1865-66	49	24.0	bingleton	<<bingleton>> m a essesereves sicptg scsveeseereevoreerertseesvessrersessers sooresces verrvsvesennene	fingleton|ingleton|pingleton|singleton
production-1865-66	49	25.4	boumo	smith george be eeescesees <<boumo>> severe ceccnecesens teserecvereaseeercereapessaces conseecrserstreerrererce oroville	boum|bouma|bouto
production-1865-66	49	27.4	biskiyou	steele thomas h sesseceee <<biskiyou>> seesscsensereoecveceerecereenrery vevasterees opereverseen eraser sverseses xtok ihe	siskiyou
production-1865-66	49	27.10	xtok	sesseceee biskiyou seesscsensereoecveceerecereenrery vevasterees opereverseen eraser sverseses <<xtok>> ihe	atok|otok|stok|tok|xto
production-1865-66	49	28.3	vudm	stewart on eeesecercecrveecreee <<vudm>> sr essereseererccrsee conse recgencseres rence rroees serene	udm|vadm|vdm|vudu|vum
production-1865-66	49	31.10	onciine	merced and stanislaus s cosservenrscers coerseversoeere corres <<onciine>> be	online
production-1865-66	49	33.0	whcox	<<whcox>> j woyeeseseevvcevereee mapipoba ssserrecserrereresene ererersonssersersecee coreversrecor enn	whco|whom
production-1865-66	49	33.3	mapipoba	whcox j woyeeseseevvcevereee <<mapipoba>> ssserrecserrereresene ererersonssersersecee coreversrecor enn bear valley	mariposa
production-1865-66	49	34.1	jobn	wilson <<jobn>> lia eeescoreseee ammo csseven coroner errors vonrssvee	joan|job|joba|joban|jobb|jobe
production-1865-66	49	34.5	csseven	wilson jobn lia eeescoreseee ammo <<csseven>> coroner errors vonrssvee crverevcevesers overvenne sorervsener conetvile	seven
production-1865-66	49	35.1	jold	duck <<jold>> sevvecervevveveee sana clot csecreve vsccectvcrers seve evensevenrs	bold|cold|dold|fold|gold|hold
production-1865-66	49	35.5	csecreve	duck jold sevvecervevveveee sana clot <<csecreve>> vsccectvcrers seve evensevenrs svtenererecs covery svare eens	secrete
production-1865-66	49	35.13	qhitoy	vsccectvcrers seve evensevenrs svtenererecs covery svare eens <<qhitoy>>	quito
production-1865-66	49	36.4	placor	vue jordi cers sesveereecee <<placor>> srsenersevverroneasrererseesseee cress sversones server severe michigan blufis	placer
production-1865-66	49	36.11	blufis	placor srsenersevverroneasrererseesseee cress sversones server severe michigan <<blufis>>	bluffs
production-1865-66	49	40.2	boruck	marcus d <<boruck>> ees chief clerk s ccoescosssners sneevenes srseseven	borck|boruc|boruca|boruch|borucki|bouck
production-1865-66	49	41.13	dolnos	sse scores vvevesaee trenvereeres ornreeeee serene srsevceeres <<dolnos>>	donos
production-1865-66	49	42.8	vove	d wick escereevee second assistant clerk cccseer <<vove>> covtvrees vrccevervvesessvseeeeet dorado	bove|cove|dove|gove|hove|iove
production-1865-66	49	50.2	eseree	c roberts <<eseree>> eree assistant sergeant at arms ceccreseversecere seeesesee	deseree|emeree|esere|eserve|everee
production-1865-66	49	51.14	sbctem	at arms ccsee esse reece oesreeeee seseeeoeee <<sbctem>> edo	system
production-1865-66	49	52.4	srssessee	lh hathaway watchman rorrsevsrere <<srssessee>> seversore voerevers sessseeer sseeseere dod joaquin	assessee
production-1865-66	51	3.11	cbruary	parks cis chic go sssssscssvssee severe covered <<cbruary>>	february
production-1865-66	51	15.3	grahand	tune cerereree pbmcs <<grahand>> covevre new ollcanss ce serve order september	grahan|grand
production-1865-66	51	15.4	covevre	tune cerereree pbmcs grahand <<covevre>> new ollcanss ce serve order september	covere
production-1865-66	51	18.2	lidby	january artemus <<lidby>> ausublo sssssessersrerserse verescere peepeer eet enesneesesers	libby|liby|liddy|lidy|limby
production-1865-66	51	18.3	ausublo	january artemus lidby <<ausublo>> sssssessersrerserse verescere peepeer eet enesneesesers	ausubo
production-1865-66	51	18.6	peepeer	january artemus lidby ausublo sssssessersrerserse verescere <<peepeer>> eet enesneesesers	keeper|peepee|peeper
production-1865-66	51	19.5	budzum	march bd win clark ecccoecoorre <<budzum>> srcsseserseerts vosees oor esereereenduly	burzum
production-1865-66	51	19.7	vosees	march bd win clark ecccoecoorre budzum srcsseserseerts <<vosees>> oor esereereenduly	vosges
production-1865-66	51	20.5	auzusto	march jo eph m megerne <<auzusto>> sereceeeeseseecars serererernenday	august|augusto
production-1865-66	52	3.5	sseereres	august dalrymple williams baltimore s <<sseereres>> sereeeeee october	steerers
production-1865-66	52	5.7	cceee	april h l emmons jr baltimore cee <<cceee>> essere se erereeeduly	aceee
production-1865-66	52	12.9	eevens	m parker ecscere boston cesecssesseesnetosece vevessteescevsrtente seers <<eevens>>	devens|eevees|elevens|evens|levens|sevens
production-1865-66	52	14.3	bostom	july george hall <<bostom>> ceressereeeseesee eeeeeeedecember	bosom|bossom|boston|bostrom|botom|bottom
production-1865-66	52	16.8	sonuary	samuel c crockers eese boston cssecseesecseeseeeees seceveree <<sonuary>>	january
production-1865-66	52	19.4	bobuon	december samuel curtis eevee <<bobuon>> ereceorervcevensecces erevecreeceensensecceeneyseerens	bobson
production-1865-66	52	20.6	sseree	january h f sherman new bedford <<sseree>> sesssesveeereesanersnsanerensene	serve|sheree
production-1865-66	52	24.1	ereveee	july <<ereveee>> j henry hill secre worcester ccecrcoerseees oevesevenevesnerresvers	revere
production-1865-66	52	25.4	eceee	august george t angell <<eceee>> bosiod ecceeerecerereseeere oorereeroctober	aceee|eeee|eeeee|exceed
production-1865-66	52	25.5	bosiod	august george t angell eceee <<bosiod>> ecceeerecerereseeere oorereeroctober	bosio
production-1865-66	52	26.6	noveinber	september daniel sharp eeee boston sservesevservrerrereefeeeee <<noveinber>> bh	november
production-1865-66	52	29.4	bostom	february n c towle <<bostom>> cesesccereeseceee ceneeceserenseneneerenseer sevens	bosom|bossom|boston|bostrom|botom|bottom
production-1865-66	52	30.6	dalleor	april srr ornerene charles e reon <<dalleor>> bostomeeercesevrrenserne senenrenenenne cantare	caller
production-1865-66	52	36.4	seeer	may e pe hefferman <<seeer>> romscy loudly cs ieee avvccseee cere ceevece	seber|seder|seear|seeber|seeder|seee
production-1865-66	52	36.5	romscy	may e pe hefferman seeer <<romscy>> loudly cs ieee avvccseee cere ceevece peep	romsey
production-1865-66	52	36.13	eenees	loudly cs ieee avvccseee cere ceevece peep <<eenees>>	eevees
production-1865-66	53	2.5	sorees	february s p rawle cce <<sorees>> st louis reecccevesevsees reeservererseesapril	sarees|screes|soirees|sordes|soree|sorels
production-1865-66	53	21.5	cccse	february john butcher new york <<cccse>> cece ceeeetececs ceeeeecneneeree necro	cccs
production-1865-66	53	27.7	scccee	may b b merrill now york c <<scccee>> ceeserecees cetereeee sreeeen cree	succeed
production-1865-66	53	29.8	uvember	samuel l kennedy new york wesccoeeeseer vere <<uvember>>	vember
production-1865-66	53	30.4	eseee	march joseph c levi <<eseee>> now york severe vverere t eereerereeroctober	eeee|eeeee|esee|esere|esmee|estee
production-1865-66	53	32.4	wiltoxs	june c b a <<wiltoxs>> eecsseee now york ccc veeseecsseee cersersesnaugust	wiltons
production-1865-66	53	34.7	ooee	june frederick f connell new york ccesesvereee <<ooee>> september	coee|cooee|obee|ocee|ocoee|odee
production-1865-66	54	8.9	ovveer	o billings se e now york cccecveeseerer <<ovveer>> eevee ea dth	over
production-1865-66	54	10.6	ececee	march christian von hesse new york <<ececee>> veeeeeveveren may	ceecee
production-1865-66	54	13.7	sssoe	may cevserrrelde ge ly etissccrcceveresvers now yok <<sssoe>> secveseereee ovevevekebruary	issue
production-1865-66	54	14.1	rvee	tune <<rvee>> fisher a baker ccoeee ncw york seecceevvseereee	avee|evee|ovee|ree|reee|reve
production-1865-66	54	18.2	jodn	tuly veoeoe <<jodn>> hoyt s cccovevvsvervee now york cccovesecovsees vvcevevever	joan|jod|joda|jodan|jode|jodi
production-1865-66	54	25.8	ccscore	s re robins little ccccee now york <<ccscore>> seserveee sovesereee auqusl	score
production-1865-66	54	25.11	auqusl	little ccccee now york ccscore seserveee sovesereee <<auqusl>>	august
production-1865-66	54	27.7	eeereee	july e gordon l ford brooklyn seseseerevees <<eeereee>> september	eeeeee|eeeeeee
production-1865-66	54	29.3	ccee	february clinton rice <<ccee>> seven now york esesece seereevee seereenen vecnsenee	acee|cce|ccea|cced|cces|ccie
production-1865-66	54	36.3	howiin	may se c <<howiin>> bissell ccecevvee ncw york s severeree vovererer	howlin
production-1865-66	54	41.5	ploids	december charles h earl white <<ploids>> eeereeee srerveeeekebruary	plaids|plods|ploidy|poids
production-1865-66	54	45.4	esseoe	february a f cushman <<esseoe>> now yorksscssesesvcesseee coreerververelay	essene|essere|lessee
production-1865-66	54	46.10	seeepe	colveracesosssecses now york ccccseee vvccevene covsevavecrsoes erevsvsesen <<seeepe>>	seeee|seeeee
production-1865-66	54	49.7	novernber	march w py egy city ecceceee oeeee <<novernber>>	november
production-1865-66	54	50.10	zunid	as de kn x scccceeee covers wip <<zunid>> city cece eevee eveesevvenerree veseneeresrereees	unid|zuid|zuni|zunis
production-1865-66	54	51.5	secoere	march thomas fitch virginia city <<secoere>> os leeeveee eee april	secore
production-1865-66	54	52.7	cressere	april stephen c johnsons austin rcessseovrrevevscers ovvereere <<cressere>> sersrserenvere	pressure
production-1865-66	54	54.2	ereree	may ce <<ereree>> e te robt eeeee revere aublid esscesseerescevcesee	emeree|everee|reree
production-1865-66	54	54.8	aublid	ce ereree e te robt eeeee revere <<aublid>> esscesseerescevcesee vereeeere peneesper estes tneenen se	public|sublid
production-1865-66	55	2.7	sovver	december william e hale gold hill ccseccccesvsee <<sovver>> december	bovver|soever|solver|sover
production-1865-66	55	3.6	cveere	december a ce kn x ceeseven <<cveere>> virginia city crecrreree corveee december	cheere|cleere|veere
production-1865-66	55	3.10	corveee	kn x ceeseven cveere virginia city crecrreree <<corveee>> december	convene|corvee
production-1865-66	55	5.8	cseveres	john he garrett carson city s cee <<cseveres>> oorrereeeetdanuury	severe
production-1865-66	55	11.5	buvor	march john w grier seeeee <<buvor>> city ccrecesrereeree sovervvverree april	bevor|butor
production-1865-66	55	15.4	qinia	april thomas barclay vip <<qinia>> city ssereerevree verevever vosveseevarereer veees	ginia|inia|minia|ninia|qina|quinia
production-1865-66	55	15.9	veees	barclay vip qinia city ssereerevree verevever vosveseevarereer <<veees>>	veces|veeps|veers|vees|veges|veles
production-1865-66	55	18.3	schermier	april john h <<schermier>> austin ccceesseseeseeree weveceeee cecenenee cerenenecoeeee	schermer
production-1865-66	55	25.9	veveere	w beatty esses covers austin srreceves sevevseeeeerer <<veveere>> december	severe
production-1865-66	55	27.6	serreeen	november william c meredith austin sceersssecvvonersen <<serreeen>> december	sereen
production-1865-66	55	29.6	ceceee	december c we bakersescecceeseevee union city <<ceceee>> ovsrvevee cornseeceeioreenererereens ereces	cecere|ceecee|decree
production-1865-66	55	29.9	ereces	we bakersescecceeseevee union city ceceee ovsrvevee cornseeceeioreenererereens <<ereces>>	erects|preces
production-1865-66	55	30.4	ausied	december charles h dexter <<ausied>> cevsseseerrrreveve eveeseveee serrvereecor sees eyveee	busied|used
production-1865-66	55	35.4	aubld	january sol hanna d <<aubld>> wee cee eevee renrecvee persevere yerseenaererrn es	auld
production-1865-66	55	35.12	seneee	wee cee eevee renrecvee persevere yerseenaererrn es <<seneee>>	seeee|seeeee|senate|sendee|senese|sentee
production-1865-66	55	36.3	mckeeby	february ssesere c <<mckeeby>> cere carson city eccveserree eevee february	mckee
production-1865-66	55	39.5	suvor	february a b phase ccseesveeve <<suvor>> city ssecsssceervcvee eeereeeebruary	savor|sudor|suor|susor|sutor|suvir
production-1865-66	55	40.3	ceerr	february joseph jacobs <<ceerr>> auseid cerrsceeererervvereeree revered ebruury	cerer
production-1865-66	55	40.4	auseid	february joseph jacobs ceerr <<auseid>> cerrsceeererervvereeree revered ebruury	ausaid|used
production-1865-66	55	40.7	ebruury	february joseph jacobs ceerr auseid cerrsceeererervvereeree revered <<ebruury>>	february
production-1865-66	55	41.10	cevees	sceoveeer wipzimia city v ccseccrseree covcrserseceesceenes severe <<cevees>>	eevees|levees
production-1865-66	55	42.12	sreres	ssseccersverseerse pes wenee ren sesen nes serene <<sreres>>	freres|reres|seres|serres|skeres
production-1865-66	55	52.4	scses	august gustavus a swasey <<scses>> svvescscrey corereresfereeeeptember	cses|gcses|sces|scss|sises|smses
production-1865-66	55	54.5	auseid	september b d blair ccsssessceeres <<auseid>> seseceersceserseeveseee tunpepees eperecase sere revcenees	ausaid|used
production-1865-66	55	54.10	revcenees	blair ccsssessceeres auseid seseceersceserseeveseee tunpepees eperecase sere <<revcenees>>	revenues
production-1865-66	55	55.8	eveee	w pf stevens scecceeee starr city vsccsssevecversee <<eveee>> september	eeee|eeeee|eevee|evee|evere|everee
production-1865-66	55	58.10	evvsee	merkley e silver city sceesssenes sevens seessenee <<evvsee>> soncemerens severe	devisee
production-1865-66	55	59.6	auseim	september m a sawtelle sss sesso <<auseim>> seccerecevevesoenee eoveeveee october	museum
production-1865-66	55	60.3	austia	september bartholomew shay <<austia>> roresserceereree seeeeeovemmber	astia|austin|austra|austria|justia
production-1865-66	55	62.7	teveee	september w h d morrell virginia sessessevevevve <<teveee>> coeveseenes voreverecnvers	teevee|tevere
production-1865-66	55	63.4	ausei	september isaac allen ccorcoeees <<ausei>> cecsrseer coresenee ororesene october	ansei|ause|ausec|aussi|musei|yusei
production-1865-66	55	65.3	mccluare	september w a <<mccluare>> secsee austen soe cecesesneacvecrere conscneer secerersesecceressenees	mcclure
production-1865-66	55	65.4	secsee	september w a mccluare <<secsee>> austen soe cecesesneacvecrere conscneer secerersesecceressenees	seesee
production-1865-66	56	1.5	auslid	october c b bourn reccervecreree <<auslid>> sesseceerereer verosreee svsrereeedecember	ausaid|auslin
production-1865-66	56	4.3	protoise	november b a <<protoise>> virginia city scce november	portoise
production-1865-66	56	6.5	evong	april cc e o m <<evong>> reeccecevver undodvilo certeevvsevevee evsevreee vreradtil	ekong|elong|emong|evang|evon|evony
production-1865-66	56	9.5	cerere	may vvceee uie he garnet <<cerere>> oovverver vesvvereneesseenecvseee cosvrveee vvvene may	cecere|cerer
production-1865-66	56	10.8	seseee	charles f duval virginia citys sccssesees soeserccencereesseeercree <<seseee>>	seeee|seeeee|seesee
production-1865-66	56	15.7	sosree	may henry m morgan virginia city sessereee <<sosree>> svereeemay	soiree|soree|source
production-1865-66	56	21.6	chetom	july e cere alpheus w smith <<chetom>> wesc sessstee sees eccseeseseeeee duly	custom
production-1865-66	56	23.2	acotzs	tuly r <<acotzs>> we kipmoyesssees oovesseceevcrecsvvesven vensssese sersevsaser pavevases svvnes	acts
production-1865-66	56	24.6	chfton	july s e thomas j murphy <<chfton>> sess ccesrsenrserrvvese eon vveveereneyr sever rerecceee	chaton|chiton
production-1865-66	56	25.1	crce	july <<crce>> wis le crowell csccseee gold hill ecccesersessseer	arce|cace|cce|cece|cerce|cice
production-1865-66	56	28.4	buckloys	suly sceerceee le hb <<buckloys>> serve oecee vitzinid cityssservercreere rrerrverenaugnst	buckleys
production-1865-66	56	28.6	oecee	suly sceerceee le hb buckloys serve <<oecee>> vitzinid cityssservercreere rrerrverenaugnst	ocee
production-1865-66	56	29.12	aizust	sscseeseey vseeoe slate chly ceevesseveervevers voeerrere en <<aizust>>	august
production-1865-66	56	30.8	severvee	wm b hale cer cccere gol hill <<severvee>> oovrevee ooerer september	severe
production-1865-66	56	32.7	oovee	august baldwin gardiner jr austin ccesrere revert <<oovee>> bdeptember	bovee|lovee|novee|ovee
production-1865-66	56	32.8	bdeptember	baldwin gardiner jr austin ccesrere revert oovee <<bdeptember>>	september
production-1865-66	56	34.4	aick	may cc re bs <<aick>> uc sseoseee ssovee vitzinid city cresesevere oeoseeere	ack|aic|aica|aicc|aicd|aice
production-1865-66	56	37.6	umionville	july eee fa k p safford <<umionville>> ccesecee eoeecere cneereeeeeertere ceeees	unionville
production-1865-66	56	38.4	cssersee	october f a harvey <<cssersee>> foods vserrecrsverrseesessee ceverevee ortobor	assessee
production-1865-66	56	38.8	ortobor	f a harvey cssersee foods vserrecrsverrseesessee ceverevee <<ortobor>>	october
production-1865-66	56	43.6	oreetse	november h smcathman stare city screrssreeee <<oreetse>> december	reese
production-1865-66	56	47.2	michelaon	december joseph <<michelaon>> starr city soe eserre voseee january	michelson
production-1865-66	56	47.6	eserre	december joseph michelaon starr city soe <<eserre>> voseee january	esere|eserve|serre
production-1865-66	56	54.4	cooseer	february fred a tritle <<cooseer>> virginia city recesses cece february	cooser
production-1865-66	56	56.12	seereee	sse day od oe rcerereee ceveveene severe <<seereee>> apti	seeeee
production-1865-66	56	57.4	doytod	march morris w starling <<doytod>> secvseerrreseesee cecesrevene march	doctor
production-1865-66	56	58.8	cnseve	ccccccee eb ey eyre sccsccsseeseceee cceeessry cocenegcberssovey <<cnseve>> sesevaven conecsereestersercvsers	conserve
production-1865-66	56	60.3	talmago	march g be <<talmago>> cerecerse errevesee svversersnerter cvstee evreseresrerepril	talmage|tamago
production-1865-66	56	60.7	cvstee	march g be talmago cerecerse errevesee svversersnerter <<cvstee>> evreseresrerepril	castle
production-1865-66	56	62.5	pictco	april c serve el as <<pictco>> eeceve oveee corceseee conssvereersseresseesee ereenr september	picco|picto
production-1865-66	56	62.6	eeceve	april c serve el as pictco <<eeceve>> oveee corceseee conssvereersseresseesee ereenr september	receive
production-1865-66	56	62.7	oveee	april c serve el as pictco eeceve <<oveee>> corceseee conssvereersseresseesee ereenr september	loveee|ovee
production-1865-66	57	3.8	greeneboro	i b oon g brenizer vores eres <<greeneboro>> ne ean	greensboro
production-1865-66	57	7.10	oveee	lynden cobapat oc ncen cn decrenrenerrrbecrenet cores <<oveee>>	loveee|ovee
production-1865-66	57	10.5	portod	january c h larrabee s <<portod>> seseseee sseeeneee eoereenenss oveescnes tecene cb eens	ported|porto|porton|portor|portos
production-1865-66	57	10.10	tecene	larrabee s portod seseseee sseeeneee eoereenenss oveescnes <<tecene>> cb eens	decene|techne
production-1865-66	57	21.5	cerere	november alister m grant philadelphia <<cerere>> eevee february	cecere|cerer
production-1865-66	57	22.7	encver	may bernard sharkey philadelphia coeseere secreeceere vevevcves <<encver>> renee	enever|enver
production-1865-66	57	26.2	meclarren	april john <<meclarren>> pittsbuurg ccsseerreessvere orereervene august	mcclarren
production-1865-66	57	26.3	pittsbuurg	april john meclarren <<pittsbuurg>> ccsseerreessvere orereervene august	pittsburg
production-1865-66	57	27.7	toenee	may robert arthurs piltledutl cescveevevsevecs sosverssece sursensvveesees <<toenee>>	tenee|townee|trenee
production-1865-66	57	30.6	seccon	september benjamin f blood philadel phia <<seccon>> sressevecse evccurens reves tevers	seacon|seccion|secco|secon
production-1865-66	57	30.10	tevers	blood philadel phia seccon sressevecse evccurens reves <<tevers>>	bevers|devers|evers|fevers|gevers|levers
production-1865-66	57	32.5	thusths	november jolin o neill s <<thusths>> eeeeveeee seeveenee bruary	trusts
production-1865-66	58	3.7	vadees	february m homey manne pee nn de <<vadees>> esses revensens	hadees|vaders|values
production-1865-66	58	3.9	revensens	homey manne pee nn de vadees esses <<revensens>>	revenues
production-1865-66	58	7.10	oreree	houston serervee ve serereee covers coereeees treneasters <<oreree>>	reree
production-1865-66	58	19.3	waehingtoun	april john hollinshed <<waehingtoun>> ccccessseeelsesernens coonreestonearecy vernon	washington
production-1865-66	59	2.7	sceove	july bg ereceveeree c we us rowell <<sceove>> sscvrecee crrovsvovevsveree covers verseverrenan unt	scove
production-1865-66	59	3.5	serevees	august george uf webster seccrecee <<serevees>> snsevecscesnves pescorereeaubust of h	serves
production-1865-66	59	4.8	heprember	charles h brinley l paz ocreesreersrevees ooo <<heprember>> jt	september
production-1865-66	59	5.4	scorccer	ovtuber frederick a wilder <<scorccer>> sveverserresseerreevves ovesees novice	scorcher
production-1865-66	59	5.6	ovesees	ovtuber frederick a wilder scorccer sveverserresseerreevves <<ovesees>> novice	oversees
production-1865-66	59	6.2	dunlev	january fancy <<dunlev>> yrs vorereree lam page ccrrvcerere ovvveseel onseveves	dunlevy
production-1865-66	59	8.6	eccce	march charles g johnson la puz <<eccce>> ceeeeeeeeees evereeees october	eccc|ecce
production-1865-66	59	9.2	carlgon	april jedward <<carlgon>> fort mojave eee ever october	calgon|carlon|carlson|carlton|carlyon
production-1865-66	59	10.4	ilnyes	may s j roland <<ilnyes>> c el dorado carion sccrccees cerecerecresre pecsereve	lines
production-1865-66	59	16.9	sessvens	e b we coveyseccsecesessssse sossveese sssvsevessnssnvessavee lassovsnsren <<sessvens>> senses anions	sessions
production-1865-66	59	17.5	wahu	march charles fp blake solve <<wahu>> e seseesesveveee cusses aeveveney vnsevensere canes enters	ahu|bahu|kahu|kwahu|lahu|mahu
production-1865-66	59	19.3	williatn	april tsh l <<williatn>> wilmending bannock city sersscerrwres evveveverse versreereseeveysvtene	willian
production-1865-66	59	19.4	wilmending	april tsh l williatn <<wilmending>> bannock city sersscerrwres evveveverse versreereseeveysvtene	wilmerding
production-1865-66	59	20.8	oreeve	jub c henley se idaho city vecsnvevnennvvens <<oreeve>> ereenee over eens vereeeser	reeve
production-1865-66	59	23.7	weithley	march b lbg seers rereee we br <<weithley>> ccccece lubho city cssecseerceees srereroveecceee mny	keithley
production-1865-66	59	23.9	lubho	lbg seers rereee we br weithley ccccece <<lubho>> city cssecseerceees srereroveecceee mny	lubo|lucho
production-1865-66	59	24.0	blarch	<<blarch>> ssseevee o b tidvits sereorsovrseee ssveveren sorseren	barch|blach|blanch|blargh|blatch|larch
production-1865-66	59	24.4	tidvits	blarch ssseevee o b <<tidvits>> sereorsovrseee ssveveren sorseren sueveenne verses svveeseenen svvevesrvee	tidbits
production-1865-66	59	24.7	sorseren	blarch ssseevee o b tidvits sereorsovrseee ssveveren <<sorseren>> sueveenne verses svveeseenen svvevesrvee enennesee	horsemen
production-1865-66	59	26.1	klangen	april <<klangen>> penwoll soda bufinis se eesneh one senentnecerneneee	kangen|langen
production-1865-66	59	30.7	ecere	muy sa b johnson evee blackfoot city <<ecere>> veces veveveees prerverseenessen	cecere|cere|ebere|ecer|ecore|eere
production-1865-66	59	33.4	fiteh	april cesecvervee frederick ug <<fiteh>> let paz ercersves reeves vvsrece esses renvecay	fateh|fitch|fite|fith
production-1865-66	59	35.6	isve	july thootlore b greiner santa fe <<isve>> cvsvcevevev ere loverreee sven ly	hsve|iave|ieve|iive|inve|iove
production-1865-66	59	36.2	essees	suly vce <<essees>> sob watt cccssssesccsseses ranta fo ss seesccsccsrseees	essenes|essers|esses|lessees
production-1865-66	59	36.11	ebruury	watt cccssssesccsseses ranta fo ss seesccsccsrseees essere <<ebruury>>	february
production-1865-66	59	37.0	beptomber	<<beptomber>> rarril elligua santa fo cecscececeeceee oveeeeeter ceesen	september
production-1865-66	59	37.1	rarril	beptomber <<rarril>> elligua santa fo cecscececeeceee oveeeeeter ceesen axcervesy	april|carril
production-1865-66	60	2.9	cesens	patrick lynch salt lake ciy enen versvceedovesopopeesreoune <<cesens>>	cases|cesena|cosens
production-1865-66	60	13.2	tohn	may ssscssseeee <<tohn>> copeland vcsnual wietorto vstlessssssesssee o boptemmber	bohn|cohn|dohn|gohn|hohn|iohn
production-1865-66	60	13.4	vcsnual	may ssscssseeee tohn copeland <<vcsnual>> wietorto vstlessssssesssee o boptemmber	visual
production-1865-66	60	14.6	lonaud	december sohn iy graine ess oso <<lonaud>> serseree cronee vetoes erorerees sesnsenencerssrevsvsees	lonard
production-1865-66	60	14.8	cronee	sohn iy graine ess oso lonaud serseree <<cronee>> vetoes erorerees sesnsenencerssrevsvsees	crone|croner|crones|cronet|cronje|ronee
production-1865-66	60	15.3	willinan	december r e <<willinan>> crain s london remeeroenennars near povnvenencerecovevsones	willian
production-1865-66	60	17.0	mureh	<<mureh>> leb bernene w p foe rman cern	mareh|moreh|murah|murch|mure|muren
production-1865-66	60	17.2	bernene	mureh leb <<bernene>> w p foe rman cern cevecceny sucsvessnenrevees	bernese|serene
production-1865-66	60	17.10	vusees	w p foe rman cern cevecceny sucsvessnenrevees <<vusees>>	fusees
production-1865-66	64	2.8	kigi	nine ratified by the people november thirteenth <<kigi>>	bigi|cigi|digi|figi|gigi|igi
production-1865-66	64	34.4	defval	allowed to appear and <<defval>> in person and with council asin civil	defial|derval|deval
production-1865-66	64	38.5	epenk	sro every citizen may freely <<epenk>> write and publi h bis eculiments on	penk
production-1865-66	65	5.1	yoorl	mon <<yoorl>> to internet their repre natives and o	yool
production-1865-66	65	6.6	vaturo	sco fh all laws of general <<vaturo>> shall have a uniform operation	maturo
production-1865-66	65	15.7	fuctu	sec no bill of attainder ex post <<fuctu>> law or jaw impairing the vbligunion of	fuchu|fuct|futu
production-1865-66	65	16.3	paescd	shall ever hu <<paescd>>	passed
production-1865-66	65	23.0	agningt	<<agningt>> unrengonably ecizures nud searches shall not be	against
production-1865-66	65	23.1	unrengonably	agningt <<unrengonably>> ecizures nud searches shall not be violated	unreasonably
production-1865-66	65	23.2	ecizures	agningt unrengonably <<ecizures>> nud searches shall not be violated and	seizures
production-1865-66	65	34.4	clocted	mexico who shall have <<clocted>> tu become a citizen vf the united	clocked|clotted|clouted
production-1865-66	65	42.0	ieuper	<<ieuper>>	euper|ieper|keuper
production-1865-66	65	43.5	engses	bre electors eball in sll <<engses>> except treason felony or breach of the	engles
production-1865-66	65	44.0	jeged	<<jeged>> from arrest on the days of election	jegede|jeger|jered|jewed
production-1865-66	65	46.14	cloction	perform militia duty on the duy of <<cloction>> except in	coction
production-1865-66	65	47.5	lanyor	timo of war or public <<lanyor>>	landor|lanyon
production-1865-66	65	49.16	srutes	employed in the service of the united <<srutes>>	brutes|scutes|shutes|sutes
production-1865-66	65	51.10	jenrning	while a etndent at awy seminary of <<jenrning>> nor while kept at any ale house	jenning
production-1865-66	65	60.13	exereve	belonging to one of these departments chall <<exereve>> uny	extreme
production-1865-66	65	62.0	peyrmitied	<<peyrmitied>>	permitted
production-1865-66	66	7.10	ehnil	convene the legislature by proclamation no session <<ehnil>> continuo longer thon	enil
production-1865-66	66	14.1	benutors	sre <<benutors>> shnll be chosen for the term of	senators
production-1865-66	66	20.0	tukes	<<tukes>> clvet the senators shall be divided by	cukes|dukes|jukes|lukes|mukes|nukes
production-1865-66	66	20.1	clvet	tukes <<clvet>> the senators shall be divided by lot	calvet|civet|clet|covet|elvet
production-1865-66	66	20.18	sonts	as may be into two elasws thu <<sonts>>	conts|donts|fonts|honts|monts|ponts
production-1865-66	66	24.6	ecaul	keep the two classes as nearly <<ecaul>> in muinber ux po wible	caul|ecal|ecall|scaul
production-1865-66	66	24.8	muinber	the two classes as nearly ecaul in <<muinber>> ux po wible	munber
production-1865-66	66	29.3	gueh	muwner and under <<gueh>> penalties ag cach house inay provide	geh|guch|gue|guei|guen|gues
production-1865-66	66	37.7	ovxt	of the legislature nur fur fifteen days <<ovxt>> before the commencement and after tho termination	ovet|ovt|ovx|oxt
production-1865-66	66	42.4	rourcey	tho house muy require <<rourcey>>	courcey
production-1865-66	66	51.12	tuuse	two thirds of the members of cach <<tuuse>> present it hull become o law	touse|tulse|tumse|turse|tuus
production-1865-66	66	55.12	impeuchments	the sole power of impeachment und nll <<impeuchments>>	impeachments
production-1865-66	66	65.0	mennors	<<mennors>> n office in such u manner os	mentors
production-1865-66	71	22.5	pubhe	tributing tho proceeds of the <<pubhe>> lands among tho several states of the	dubhe|pube|puhe
production-1865-66	72	7.0	szorton	<<szorton>> the first session of the legislature shall	scorton
production-1865-66	73	6.13	lineof	from greenwich and running south on the <<lineof>> said	lineo|linhof
production-1865-66	73	18.0	srorton	<<srorton>> all rights prosecutions claims and contracts as	scorton
production-1865-66	74	66.1	mchall	jas <<mchall>> jones thos l vermeule	chall|mcall|mccall|mcfall|mchale|mcnall
production-1865-66	78	5.7	soureg	however excellent do not constitute the only <<soureg>> of happiness to the people for	soure|soured|souren|sourer
production-1865-66	78	20.5	avimates	tures under her benign skies <<avimates>> ber hills and valleys with visions of	animates|aviates
production-1865-66	78	21.9	pestilenee	of peace and plenty war famine and <<pestilenee>> have not invaded her bappy abodes	pestilence
production-1865-66	78	22.15	jamentations	heard the wail of sorrow nor the <<jamentations>> of the	lamentations
production-1865-66	80	22.4	turrve	by a a h <<turrve>> deputy	curve|turre
production-1865-66	80	29.0	ebarged	<<ebarged>> by him	barged
production-1865-66	80	46.15	pealme	and show ourselves glad in him with <<pealme>>	palme|peale|realme
production-1865-66	81	14.7	sympatbizing	we are blessed with a generous and <<sympatbizing>> population whose bearts have been opened	sympathizing
production-1865-66	81	15.2	mupificently	to give <<mupificently>> of their abundance that the sufferings of	munificently
production-1865-66	83	5.3	reppine	attest b b <<reppine>> secretary of state	repine|reppin|repping
production-1865-66	83	21.2	rupvine	b b <<rupvine>> secretary of stute	ravine
production-1865-66	84	5.14	chastenings	our trials and wisdom to understand his <<chastenings>>	chastening
production-1865-66	84	22.2	suppheate	let us <<suppheate>> him that he may comfort and preserve	sulphate
production-1865-66	84	40.11	pratee	with thanksgiving and into hie courte with <<pratee>>	partee|patee|prate|prated|prateek|prater
production-1865-66	85	9.6	ihanksgivings	let us then mingle with our <<ihanksgivings>> such acts of kindness to the friendlese	thanksgivings
production-1865-66	85	9.13	friendlese	ihanksgivings such acts of kindness to the <<friendlese>> and such	friendless
production-1865-66	89	14.0	ciap	<<ciap>> iit an act to provide for purchasing	caap|cap|cbap|ccap|ceap|cgap
production-1865-66	89	32.0	controlerto	<<controlerto>> sec the controller of state is hereby	controvert
production-1865-66	92	20.9	correctiono	any omission error or defect in form <<correctiono>>	correction|corrections
production-1865-66	93	15.0	asossment	<<asossment>> visors and supplementary advertisement prescribed by them	assessment
production-1865-66	96	26.13	teviea	of the supervisors of the county tax <<teviea>>	tevita
production-1865-66	97	32.0	cuav	<<cuav>> xix an act to amend an act	buav|cav|chav|clav|csav|cua
production-1865-66	98	26.14	warends	such discharge and in case the it <<warends>>	arends
production-1865-66	100	15.11	regery	tax herein provided for which receipts ra <<regery>>	reger|regera|regnery|revery
production-1865-66	100	22.0	cuav	<<cuav>> xxv an act to change the time	buav|cav|chav|clav|csav|cua
production-1865-66	106	1.12	ibth	may be changed or new ones goa <<ibth>> by co	bith|bth|ibh|ibt|ibtc|isth
production-1865-66	106	4.13	yotixg	power to levy a road poll roed <<yotixg>>	voting
production-1865-66	106	24.5	yecaid	sec the present road master <<yecaid>> county shall bold election of	repaid
production-1865-66	106	41.6	toshave	person shall be deemed or held <<toshave>> paid said tax unless he	tohave
production-1865-66	107	31.0	muvee	<<muvee>> road poll tax receipts to be printed	cuvee|mudee|musee|muve
production-1865-66	112	21.1	thesaid	napa <<thesaid>> board of supervisors shall cause notice of	hesaid|thebaid
production-1865-66	113	32.5	actand	with the provisions of this <<actand>> the said act hereby amended	acland
production-1865-66	115	0.1	repeareu	acreoy <<repeareu>>	repealed
production-1865-66	116	0.0	fioad	<<fioad>> in san bernardino county	fiord|foad
production-1865-66	116	23.0	altey	<<altey>>	aley|alley|altay|alte|altea|altec
production-1865-66	118	42.12	veslector	such persons have already paid said tax <<veslector>>	elector
production-1865-66	121	28.2	sxzo	care ofindi <<sxzo>> it shall be the duty of the	sizo|sozo
production-1865-66	122	5.0	secrtox	<<secrtox>> tho board of supervisors in and for	sector
production-1865-66	123	18.0	onap	<<onap>> liti an act to confirm a certain	anap|inap|knap|nap|oap|olap
production-1865-66	124	6.0	sxori	<<sxori>> n tho trustees of the california art	saori|shori|soori|sori|stori
production-1865-66	125	22.0	powersand	<<powersand>> section the commissioners of appraisal and assessment	powerband
production-1865-66	125	24.0	sionerss	<<sionerss>> streets in the city and county of	signers
production-1865-66	127	40.0	guitg	<<guitg>> for wa hereby authorized and directed to	guit|guite|guity
production-1865-66	128	32.10	prepua	without being entitled to demand or receive <<prepua>>	prepa|prepupa
production-1865-66	131	43.0	rateand	<<rateand>> after provide a special fund for that	rated
production-1865-66	133	27.0	cnap	<<cnap>> lxtv an act to authorize the husband	anap|caap|cap|cbap|ccap|ceap
production-1865-66	136	5.0	srorion	<<srorion>> section three of said act is amended	erosion
production-1865-66	136	31.0	szorron	<<szorron>> the board of supervisors of mariposa county	sorrow
production-1865-66	137	30.0	contractsfor	<<contractsfor>> suc the board of supervisors shall provide	contractor
production-1865-66	138	15.0	szorron	<<szorron>> section elevon of said act is hereby	sorrow
production-1865-66	140	10.0	cuav	<<cuav>> lxxv an act to amend an act	buav|cav|chav|clav|csav|cua
production-1865-66	140	28.12	ilertion	to levy and cause to be collected <<ilertion>>	election|inertion
production-1865-66	141	16.1	lxxviti	cuavp <<lxxviti>> an act to amend an act entitled	lxxvii
production-1865-66	142	11.0	joun	<<joun>> wuuire secretary of the senate	aoun|boun|coun|doun|foun|houn
production-1865-66	144	14.8	extousion	the corporate existence of the weaverville and <<extousion>>	extrusion|extusion
production-1865-66	145	0.5	lurnpihe	right to construct and maintain <<lurnpihe>> ond froma post on	turnpike
production-1865-66	145	6.4	perryand	righttnen section he h <<perryand>> j p yaney together with such	perriand
production-1865-66	145	7.0	mruct	<<mruct>> road associates as they may admit or	eruct
production-1865-66	145	18.1	froin	roul <<froin>> point on the sonora and mono road	broin|foin|frain|frein|frin|froid
production-1865-66	145	23.0	thorcon	<<thorcon>> find shall have all the rights privileges	thereon|thoron|thorson|thorton
production-1865-66	145	27.0	ometruction	<<ometruction>> sxe tho said company shall commence the	obstruction
production-1865-66	146	0.3	slono	lurnptke itor in <<slono>> county	lono|slomo|slon|slone|slonk|sloo
production-1865-66	146	13.0	hercinatter	<<hercinatter>> inentioned	hereinafter
production-1865-66	146	13.1	inentioned	hercinatter <<inentioned>>	intentioned|mentioned
production-1865-66	146	14.11	rightof	shall have tho right of way and <<rightof>> way	righto|righton
production-1865-66	150	21.10	accomts	overseer shall keep a correct account of <<accomts>>	accosts
production-1865-66	151	27.0	dawtruction	<<dawtruction>> bridge plank road or causeway or remove	destruction
production-1865-66	152	3.0	cnav	<<cnav>> laxxvitil an act to fix the salary	cav|chav|clav|cna|cnac|cnam
production-1865-66	155	1.2	gnent	the peace <<gnent>> thereto including all affidavits swearing witnesses and	anent|gent|ghent|glent|gwent|nent
production-1865-66	155	25.1	sxzo	remittance <<sxzo>> tho judges of district county and probate	sizo|sozo
production-1865-66	157	48.0	chaingang	<<chaingang>> fifteenth to provide for the formation of	caingang|changing
production-1865-66	162	1.0	cuhav	<<cuhav>> xciv an act to amend an act	chav
production-1865-66	162	16.0	ourts	<<ourts>> made in said causes shall have the	burts|courts|curts|fourts|hurts|kurts
production-1865-66	162	26.0	charv	<<charv>> xcv an act to authorize the county	carv|char|chara|chard|chare|charg
production-1865-66	163	19.6	cloction	vote sno if at the said <<cloction>> a greater number of the	coction
production-1865-66	163	47.11	fiftcon	the following terms und conditions to wit <<fiftcon>>	fifteen
production-1865-66	164	42.11	sarpias	time after the payment of tho july <<sarpias>>	areias
production-1865-66	165	17.0	reomno	<<reomno>> account of all moneys collected and paid	reno
production-1865-66	165	42.12	theault	a deed of said land to francis <<theault>>	rheault
production-1865-66	166	3.8	peea	that said deed hereinbefore recited and referred <<peea>>	deea|eea|leea|paea|pdea|pea
production-1865-66	166	25.11	vaba	yuba on the third monday of january <<vaba>>	aaba|aba|baba|caba|daba|faba
production-1865-66	168	20.10	prpery	fire marshal saved from fire until satisfactory <<prpery>>	papery|pipery|popery|propery
production-1865-66	170	1.7	sanervisors	month payable out of the general fund <<sanervisors>>	supervisors
production-1865-66	170	30.8	loureyro	c an act to authorize josé maria <<loureyro>> josé arnaz	loureiro
production-1865-66	170	41.7	loureyro	is hereby granted to said josé maria <<loureyro>> josé arnaz juan	loureiro
production-1865-66	170	43.0	tegui	<<tegui>> for the term of twenty years from	segui|tegu|tegua|teguh|tegus|tepui
production-1865-66	172	12.0	ssorron	<<ssorron>> section three of said act is amended	sorrow
production-1865-66	177	24.0	transferof	<<transferof>> seo whenever the said bonds and interest	transferor
production-1865-66	177	32.0	obeuen	<<obeuen>> interest issued as evidences of such debt	been
production-1865-66	179	0.2	lanfar	william v <<lanfar>>	lanfear|langar
production-1865-66	179	5.9	lanfar	vaughan is hereby changed to william v <<lanfar>>	lanfear|langar
production-1865-66	181	24.0	obstruchons	<<obstruchons>> ditches in the county when it is	obstructions
production-1865-66	185	18.1	sgorion	appropria <<sgorion>> the sum of seventy two dollars is	gordon
production-1865-66	186	38.10	mructed	subject to the approval of the super <<mructed>>	eructed|fructed
production-1865-66	186	43.1	wayroom	sufficient <<wayroom>> to allow two of any class of	dayroom
production-1865-66	188	32.0	caav	<<caav>> cxix an act to amend an act	aav|caa|caaa|caac|caad|caam
production-1865-66	190	8.11	ppiication	the county where the person whose name <<ppiication>>	application
production-1865-66	193	20.5	mefarlan	franchise section peter goodhue john <<mefarlan>> their associates	mcfarlan|mcfarland
production-1865-66	194	4.0	srorion	<<srorion>> itis hereby made the duty of the	erosion
production-1865-66	200	11.10	forfeitare	shall within one year from the passage <<forfeitare>>	forfeiture
production-1865-66	200	44.0	szorion	<<szorion>> the board of supervisors of sierra county	xzorion
production-1865-66	201	1.0	denominae	<<denominae>> sec such bonds shall be issued in	denominate|denominated
production-1865-66	201	26.0	eoucd	<<eoucd>> within ten days after the bonds provided	eould
production-1865-66	210	26.11	oterk	shall issue to any juror who may <<oterk>> s	oter|oteri|otero|sterk|terk
production-1865-66	211	40.0	gompensa	<<gompensa>> lector and the assessor shall receive for	compense
production-1865-66	212	18.13	gottlement	by law and on the third monday <<gottlement>>	mottlement|settlement
production-1865-66	215	19.0	actand	<<actand>> sec sec this act shall tako effect	acland
production-1865-66	215	25.8	offoct	section seven of this act shall take <<offoct>> and be in force	offact
production-1865-66	217	29.0	dutyof	<<dutyof>> person to whom such amount is due	duty
production-1865-66	218	0.0	cusar	<<cusar>> cxlviti aan act to fic the fees	casar|cesar|csar|cumar|cupar|cusa
production-1865-66	218	6.0	sretion	<<sretion>> jurors in and for tho district court	cretion
production-1865-66	218	7.11	mcsge	in the county of placer shall receive <<mcsge>>	mcse
production-1865-66	218	25.1	penpte	lhe <<penpte>> of the state of california represented in	penate|pente
production-1865-66	218	27.10	sitsana	of supervisors of said county shall at <<sitsana>>	sitsang|susana
production-1865-66	219	28.1	sxzo	commence <<sxzo>> if said wharf shall not be commenced	sizo|sozo
production-1865-66	220	6.10	allser	to exceed five hundred dollars perannum for <<allser>>	aller|allier|alliser
production-1865-66	222	13.9	trustoos	state library shall be under the direction <<trustoos>>	trustees
production-1865-66	222	23.0	cuav	<<cuav>> cliv an act to amend an act	buav|cav|chav|clav|csav|cua
production-1865-66	225	42.0	termof	<<termof>> bal draw for the term of their	termo|termon|termor
production-1865-66	226	21.14	denere	be a member of the fire depart <<denere>>	deere|denee|denese|deneve|desere|devere
production-1865-66	229	11.3	sxorton	levy of tax <<sxorton>> an annual ad valorem tax of five	scorton
production-1865-66	229	27.0	appropris	<<appropris>> sxotron the sum of fifteen thousand dollars	appropri
production-1865-66	230	31.9	iptercat	and the others for one year s <<iptercat>> cach thereat	interact
production-1865-66	234	19.6	megnire	county is hereby granted to john <<megnire>> his associates and	meguire|venire
production-1865-66	234	31.4	disembarcation	for the embarkation and <<disembarcation>> of passengers vehicles	disembarkation
production-1865-66	236	23.11	awudot	notice and at the time and place <<awudot>>	audit
production-1865-66	237	39.7	beissned	redeem bonds by this act authorized to <<beissned>> such bidding	reissued
production-1865-66	238	43.6	egnity	binding both in law and in <<egnity>> as regard their official acts	egoity
production-1865-66	242	5.4	vamer	to sarah stowell smith <<vamer>>	aamer|amer|camer|damer|famer|gamer
production-1865-66	245	24.0	raulied	<<raulied>> the foregoing preamble be and the same	rallied
production-1865-66	245	28.0	cuav	<<cuav>> clxxvit an act to authorize j b	buav|cav|chav|clav|csav|cua
production-1865-66	246	21.6	buietin	each end of said road a <<buietin>> board containing the scale of	builtin|buletin
production-1865-66	249	10.4	twoand	line between range number <<twoand>> range number three east	toward
production-1865-66	249	41.0	bridgefond	<<bridgefond>> sec said tax when collected shall be	bridgeford
production-1865-66	250	24.12	sisnons	issued and no service had the dis <<sisnons>>	sissons|visions
production-1865-66	254	4.10	piteage	county any grand or trial juror who <<piteage>>	mileage|pipeage
production-1865-66	254	19.0	cuav	<<cuav>> clxxxviiv an act in relation to public	buav|cav|chav|clav|csav|cua
production-1865-66	258	29.0	szorton	<<szorton>> no stamp shall be required nor stamp	scorton
production-1865-66	259	4.0	sxerton	<<sxerton>> the board of supervisors of merced county	skerton
production-1865-66	260	28.0	cbanan	<<cbanan>> webster bay and beach streets for the	banan|canal|canan|chanan
production-1865-66	263	44.8	jodyed	by writing under his hand to be <<jodyed>> with the clerk	joyed
production-1865-66	265	38.0	compensse	<<compensse>> szc if any overseer shall be employed	compense
production-1865-66	266	34.12	qeslety	for such penalty he shall in every <<qeslety>> of	wesley
production-1865-66	266	45.8	andimproved	non residents within any road district occupied <<andimproved>>	unimproved
production-1865-66	267	21.0	oflebor	<<oflebor>> the consent of the board of supervisors	offeror
production-1865-66	270	4.12	tcpated	to grade gravel or plank the road <<tcpated>>	treated
production-1865-66	270	15.13	panened	all persons assessed to work on the <<panened>>	paneled|panned
production-1865-66	274	1.12	jayine	of roads and highways of the nd <<jayine>>	jadine|jaine|janine|javine|jayne|jaynie
production-1865-66	278	0.1	nolwe	wuhoul <<nolwe>>	nolde|nole|nolie|nolle|nolte|nowe
production-1865-66	286	4.9	geyy	the board of supervisors of klamath county <<geyy>> of tax	eyy|geny|gery|gey|heyy
production-1865-66	288	0.2	oroue	county when <<oroue>> his neglect it remains unassessed and	orgue|roue
production-1865-66	288	25.11	ecollet	of this state at the time of <<ecollet>>	collet|recollet
production-1865-66	290	35.12	saleat	sell said bonds at not less than <<saleat>> ct	salaat|salat|salea|salet|salvat|sleat
production-1865-66	292	0.0	cnap	<<cnap>> cca an act to regulate fees in	anap|caap|cap|cbap|ccap|ceap
production-1865-66	295	42.0	offunds	<<offunds>> from and after the twelfth day of	offends
production-1865-66	297	1.0	bylabor	<<bylabor>> full day s work of not less	belabor|labor
production-1865-66	302	13.0	cnap	<<cnap>> ccxv an act to provide for printing	anap|caap|cap|cbap|ccap|ceap
production-1865-66	306	4.12	rronchise	for m s whiting and c w <<rronchise>>	franchise
production-1865-66	306	23.10	compiction	road shall be surveyed and its construction <<compiction>>	compaction
production-1865-66	307	0.1	ccoax	cup <<ccoax>> an act supplementary to an act to	coax
production-1865-66	309	38.0	egelized	<<egelized>> eighteen hundred and sixty five for completing	legalized
production-1865-66	310	4.0	seorton	<<seorton>> j the boundaries of sacramento county shall	scorton
production-1865-66	310	12.3	daylor	house of william <<daylor>> thence due south to dry check	aylor|baylor|caylor|daylon|faylor|gaylor
production-1865-66	310	18.0	kelune	<<kelune>> river thence down the middle of said	elune|keune
production-1865-66	311	10.0	pearsel	<<pearsel>> april twenty sixth erghiven hundred und sixty	parcel|pearse
production-1865-66	312	8.6	civht	twenty second eighteen hundred and fifty <<civht>> approved feb	civet
production-1865-66	312	9.0	rnary	<<rnary>> twenty third eighteen hundred and sixty approved	nary|rary|roary|snary|unary
production-1865-66	312	15.9	loviod	issued shall be paid ws hereinafter provided <<loviod>>	levied
production-1865-66	312	27.0	cnav	<<cnav>> coxxvil an act to protect sheep and	cav|chav|clav|cna|cnac|cnam
production-1865-66	313	0.1	chuming	owning <<chuming>> or keeping the same and shall make	chiming|chumming|chuxing|cuming
production-1865-66	315	10.9	cafton	said river to the mouth of big <<cafton>> creek thence	afton|caftan|calton|canton|carton|caston
production-1865-66	316	45.5	arénow	delinquent state and county taxes <<arénow>> collected by law and	arnow|aronow
production-1865-66	318	25.0	dredths	<<dredths>> dollars is hereby appropriated out of any	deaths
production-1865-66	320	0.7	iollo	dollars per day ana twenty cents per <<iollo>> for transcription	bollo|collo|dollo|follo|hollo|illo
production-1865-66	320	21.0	cuav	<<cuav>> coxxxvi an act to regulate the fees	buav|cav|chav|clav|csav|cua
production-1865-66	327	20.3	chainmen	surveyor three dollars <<chainmen>> three dollars which sums	chainman|chairmen
production-1865-66	327	34.0	aetricts	<<aetricts>> now established shall be the road districts	restricts
production-1865-66	328	50.7	andany	manner prescribed for sheriffs sales under execution <<andany>>	andan
production-1865-66	330	3.11	xoadmaster	of all public roads within his dis <<xoadmaster>>	loadmaster|roadmaster
production-1865-66	330	24.10	compenss	of supervisors shall at their last regular <<compenss>>	compens|compense
production-1865-66	332	17.0	joun	<<joun>> suits secretary of the senate	aoun|boun|coun|doun|foun|houn
production-1865-66	334	2.1	cleeted	duly <<cleeted>> and qualified a city treasurer shall be	cleated|cleeked|clefted|fleeted|sleeted
production-1865-66	334	44.9	cansassin	mayor and common council shall moot within <<cansassin>>	canvassing
production-1865-66	334	47.4	nambor	an equal and highest <<nambor>> of votes the common council	nabor|nambour|namor|sambor|tambor
production-1865-66	337	9.0	ofindebted	<<ofindebted>> vided further that if the amount of	indebted
production-1865-66	340	9.0	burvoy	<<burvoy>>	burvey
production-1865-66	341	27.0	bqualization	<<bqualization>> bor appointed for that purpose shall constitute	equalization
production-1865-66	343	47.0	powersand	<<powersand>> src phe said court or judge shall	powerband
production-1865-66	346	22.12	absenc	a vacancy in the office of mayor <<absenc>>	absence|absent
production-1865-66	347	31.0	streetcom	<<streetcom>> so the city marshal shall also perform	streetcar
production-1865-66	350	29.10	snperinten	general election held on the second monday <<snperinten>>	superintend
production-1865-66	350	36.9	biucation	of the city superintendent and three trustees <<biucation>>	education
production-1865-66	350	39.12	frestess	sixty six between the hours of two <<frestess>>	foresters
production-1865-66	351	32.0	powersand	<<powersand>> sec the board of education shall have	powerband
production-1865-66	353	30.0	secretaryof	<<secretaryof>> xo the superintendent is hereby authorized to	secretary
production-1865-66	355	47.7	mayorand	be so construct as to give the <<mayorand>> common council power	mayrand
production-1865-66	358	0.0	cnoap	<<cnoap>> coxlv an act to appropriate moneys to	coap
production-1865-66	358	0.1	coxlv	cnoap <<coxlv>> an act to appropriate moneys to pay	could
production-1865-66	360	6.0	szorion	<<szorion>> j the sheriff county clerk who shall	xzorion
production-1865-66	361	12.0	deputiesof	<<deputiesof>> sze the county clerk ex officio recorder	deputies
production-1865-66	366	36.11	approisers	the taker up appears before the justice <<approisers>>	appraisers
production-1865-66	367	33.1	tosell	not <<tosell>> sec no person taking up any animal	cosell|osell|rosell|tovell|towell
production-1865-66	369	25.0	cuav	<<cuav>> colvii an act to authorize the board	buav|cav|chav|clav|csav|cua
production-1865-66	369	25.1	colvii	cuav <<colvii>> an act to authorize the board of	colvig|colvin
production-1865-66	370	51.9	compousa	inspectors and judges acting at the special <<compousa>>	compusa
production-1865-66	371	6.0	cuav	<<cuav>> cclviti an act to authorize the board	buav|cav|chav|clav|csav|cua
production-1865-66	371	27.0	cnap	<<cnap>> cclix an act to authorize the construction	anap|caap|cap|cbap|ccap|ceap
production-1865-66	371	33.4	wobbor	condition section david g <<wobbor>> john o taylor john c shop	jobber
production-1865-66	372	23.5	offoct	sec this act shall take <<offoct>> from and after its passage	offact
production-1865-66	372	34.7	thimbne	and running thence by the way of <<thimbne>> valley to green	thimble
production-1865-66	374	31.12	rhise	with those whom they may asso t <<rhise>>	chise|hise|raise|reise|rhine|rhis
production-1865-66	378	3.9	naturatized	the applicant for registration having been an <<naturatized>>	naturalized
production-1865-66	378	38.12	prootor	than those provided for in the three <<prootor>>	proctor|promotor
production-1865-66	379	15.0	chalitel	<<chalitel>> to party interested shall be duly summoned	chattel
production-1865-66	379	25.0	bereons	<<bereons>> tobe he deemed citizens of the state	berens|persons
production-1865-66	380	24.8	omcers	for every election precinct throughout the state <<omcers>> o	omers
production-1865-66	380	25.3	clegted	there shall be <<clegted>> or appointed as hereinafter mentioned cthon	cleated|clefted
production-1865-66	380	25.9	cthon	be clegted or appointed as hereinafter mentioned <<cthon>>	athon|chon|chthon|cohon|cothon|ction
production-1865-66	382	43.9	personias	or touching the qualification of any such <<personias>> an	personas
production-1865-66	383	30.0	entined	<<entined>> to names bave not been entered on	engined|enticed|entwined
production-1865-66	384	42.9	fivon	abstract of registration in some other county <<fivon>>	filon|fion|fison|ivon|livon
production-1865-66	385	8.11	royis	the board of judges and board of <<royis>>	rois|ronis|rotis|royds|roys
production-1865-66	385	10.0	esrefully	<<esrefully>> taken down and preserved in tho office	carefully
production-1865-66	385	27.0	mannerof	<<mannerof>> src the poll list in duplicate as	manner
production-1865-66	386	0.11	cancettation	on the poll list of one district <<cancettation>>	cancellation
production-1865-66	386	3.0	ticablo	<<ticablo>> diligence to see that his enrolment on	diablo
production-1865-66	386	7.11	gutae	every supervisor shall use all practica pe <<gutae>>	getae|guate|gulae|guta|gute|gutte
production-1865-66	386	8.3	natity	ble diligence to <<natity>> the inhabitants of his township district	natty
production-1865-66	386	30.1	udiug	causing <<udiug>> ov abetting any older person in any	uding
production-1865-66	388	9.4	bouscholders	peace with avy two <<bouscholders>> legal voters of the precinct	householders
production-1865-66	388	40.10	uowapplied	improving deepening and clearing the channel of <<uowapplied>>	unapplied
production-1865-66	388	42.0	sremd	<<sremd>> tho surplus if any may be used	fremd|read|seemd|srem
production-1865-66	389	10.0	cuoar	<<cuoar>> cclavil a act to provide funds for	cloar|coar|cumar|cupar
production-1865-66	389	14.2	ennet	assembly do <<ennet>> as follows	annet|bennet|dennet|enet|enne|ennen
production-1865-66	389	38.0	appleation	<<appleation>> part of the school fund and after	application
production-1865-66	389	39.1	awney	of <<awney>> school fund for the present fiscal year	abney|aney|arney|awned|awner|awny
production-1865-66	391	19.2	ennet	assembly do <<ennet>> as jollvics	annet|bennet|dennet|enet|enne|ennen
production-1865-66	392	13.10	agrical	of managers of the san joaquin valley <<agrical>>	aerical|agricul
production-1865-66	392	18.0	ayera	<<ayera>> are hereby required to expend said amount	abera|adera|aera|agera|alera|amera
production-1865-66	393	0.9	entiied	amendatory of and supplementary to an act <<entiied>> an act	enticed
production-1865-66	393	6.4	follace	assembly do enact as <<follace>>	fallace
production-1865-66	393	12.0	syphel	<<syphel>> tions of said act avo hereby made	shel|sypher
production-1865-66	394	1.4	compusy	the mines of suid <<compusy>> at mount diablo to the sun joaquin	compusa
production-1865-66	395	15.9	navigablo	highways or across any streams of water <<navigablo>>	navigable|navigably
production-1865-66	395	28.0	forfitare	<<forfitare>> suv the rights and privileges granted by	forfeiture
production-1865-66	395	42.0	ponaltics	<<ponaltics>> oe section any person or persons being	penalties
production-1865-66	397	30.0	sbull	<<sbull>> record all contracts of the directors and	bull|scull|shull|skull|smull|stull
production-1865-66	398	26.0	cuav	<<cuav>> cclxxx an act to repeal an act	buav|cav|chav|clav|csav|cua
production-1865-66	399	27.2	thesaid	tote ce <<thesaid>> surveyor general under his seal of office	hesaid|thebaid
production-1865-66	403	20.0	wsistant	<<wsistant>> hereby authorized and empowered to appoint a	assistant
production-1865-66	403	25.0	compena	<<compena>> sze the compensation of said jail keeper	comnena|company|compend|compens
production-1865-66	403	34.0	cuapr	<<cuapr>> ccuxxxv an act to amend an act	capr|cupar
production-1865-66	404	37.11	zreneur	the time of revising the city assessments <<zreneur>>	preneur
production-1865-66	405	6.0	cuarv	<<cuarv>> cclxxxvii an act concerning roads and highways	care|carv|curv
production-1865-66	406	46.11	galeof	collection of the road tax due from <<galeof>> prop	galeon
production-1865-66	408	7.9	regleet	overseer any overseer failing refusing or neglect <<regleet>> of	reglet|regreet
production-1865-66	408	24.0	sretion	<<sretion>> section four of said act is amended	cretion
production-1865-66	408	26.9	ssectings	board of supervisors shall hold a regular <<ssectings>>	settings
production-1865-66	409	28.8	rodvon	times than the general spring and fall <<rodvon>> and tho	rodion|rodon
production-1865-66	409	30.3	meammy	considered within the <<meammy>> of the provisions of this act	mammy
production-1865-66	410	25.4	fullcs	assembly do enact as <<fullcs>>	fulls
production-1865-66	410	26.11	yranctise	tilton a hayward a fp groen calvin <<yranctise>>	franchise
production-1865-66	410	35.2	proenid	moon buy <<proenid>> that nothing in this act shall have	phoenix|proetid
production-1865-66	410	40.9	alateo	road at its crossing with the san <<alateo>> oreck	alate|alated|alates
production-1865-66	411	36.0	construstin	<<construstin>> sro the paid turnpike road shall be	construction
production-1865-66	412	31.11	appted	may twelfth eighteen hundred and fifty act <<appted>>	apted
production-1865-66	412	38.0	cnav	<<cnav>> commit an aet in relation to the	cav|chav|clav|cna|cnac|cnam
production-1865-66	412	44.0	sxerton	<<sxerton>> the provisions of an act entitled an	skerton
production-1865-66	412	46.3	paccessors	attorneys and their <<paccessors>> passed february twenty seventh	accessors
production-1865-66	413	7.10	cowuy	payment of the debt of santa cruz <<cowuy>> approved	copy|couy|cowey|cowry|cowy
production-1865-66	414	16.12	appite	prevent stallions from running at large act <<appite>>	aplite|appete|appice|appie|rappite
production-1865-66	414	17.9	cermin	county of sacramento approved march twenty eighth <<cermin>>	carmin|cerin|cervin|cremin|ermin|fermin
production-1865-66	414	26.10	gatoor	owner or owners of such animals be <<gatoor>>	gafoor|gator
production-1865-66	415	23.3	hwelred	muy first eighteen <<hwelred>> unl fifty one and all acts amend	helped
production-1865-66	415	31.0	prevedings	<<prevedings>> bate court praying for the admission to	preceding
production-1865-66	419	14.0	cnav	<<cnav>> ccci an act concerning marks and brands	cav|chav|clav|cna|cnac|cnam
production-1865-66	419	19.3	sgotson	bark sand s <<sgotson>> every person being tho owner of horses	scotson
production-1865-66	419	20.0	braals	<<braals>> cattle shop goats or hogs in the	baals|brails|brawls|kraals
production-1865-66	420	17.10	slaagh	of sale of the same all persons <<slaagh>> staughtor	slaugh
production-1865-66	420	17.11	staughtor	sale of the same all persons slaagh <<staughtor>>	slaughter|staughter|staughton
production-1865-66	420	22.0	enttle	<<enttle>> aud whether counter branded or not dnd	entitle|ettle|nettle
production-1865-66	420	23.1	counterbrands	such <<counterbrands>> and if not counter branded such person	counterbrand
production-1865-66	420	29.12	maestono	who shall at any time kill or <<maestono>>	maestoso
production-1865-66	420	45.6	disfignred	with the brand brands or connterbrands <<disfignred>> or cut out een	disfigured
production-1865-66	420	49.11	vennity	persons guilty of violating any of tho <<vennity>>	entity
production-1865-66	421	1.0	jofrmant	<<jofrmant>> collected under this act to go to	dormant
production-1865-66	421	12.0	mutco	<<mutco>>	cutco|matco|metco|muco|musco|mutcd
production-1865-66	421	21.0	ponnil	<<ponnil>> so said boards of trustees shall appoint	pencil|pontil
production-1865-66	422	43.6	orafter	days after the notice to him <<orafter>> the advertisement as above	crafter|drafter|grafter|rafter
production-1865-66	423	1.1	poaco	the <<poaco>> if the referees reduce the amount of	paco|poach|poco|polaco|porco|posco
production-1865-66	423	5.0	dunags	<<dunags>> with tho fees charges snd expenses above	dunams|dunas|dungs
production-1865-66	423	34.0	compliuice	<<compliuice>>	compliance
production-1865-66	424	6.11	pepreda	shall ent or chalk or mari or <<pepreda>>	pereda
production-1865-66	424	20.0	batare	<<batare>> within or within two hundred and fitly	bakare|batara|batard|batre|butare
production-1865-66	425	9.1	drnry	and <<drnry>> malone for the sum of fifty dollars	drury
production-1865-66	425	25.0	toeell	<<toeell>> hereby authorized and empowered to sell two	toll|tovell|towell
production-1865-66	426	27.2	cuact	assembly do <<cuact>> as follows	coact
production-1865-66	427	41.0	jocted	<<jocted>> for the road poll tax in the	jolted|jotted
production-1865-66	427	53.1	ijfany	sz <<ijfany>> person liable to pay a road poll	infant
production-1865-66	429	13.0	texpeyers	<<texpeyers>> ogition to the taxpayers of the township	taxpayers
production-1865-66	429	42.1	gioned	ceedings <<gioned>> witnessed authenticated and certified as aforesaid to	ginned|gionee|sioned
production-1865-66	436	7.12	patland	power to reserve and set apart go <<patland>>	gatland|oakland|oatland|peatland|petland|putland
production-1865-66	436	17.9	theety	under the general laws and its constitu <<theety>>	sheety|teety|theet|tweety
production-1865-66	436	24.13	aeai	set apart as aforesaid shall be rand <<aeai>>	aaai|aai|abai|acai|adai|aea
production-1865-66	438	17.12	yunout	or transport down said river any fire <<yunout>>	runout
production-1865-66	438	18.12	heense	until the board of supervisors of said <<heense>>	heene|heese|hense
production-1865-66	438	25.10	concctor	of supervisors shall require the toll col <<concctor>> s	concoctor|conductor
production-1865-66	440	14.11	pmpse	or driving upon said bridge and may <<pmpse>>	pmps
production-1865-66	440	26.11	minhet	rights and privileges which said j f <<minhet>>	minet|minhee|minuet
production-1865-66	440	35.0	szorron	<<szorron>> it shall be the duty of the	sorrow
production-1865-66	442	9.11	fawat	animals in the team number of wagons <<fawat>>	awat|dawat|faat|fawad|fawaz|rawat
production-1865-66	442	29.0	cuav	<<cuav>> cccxvi an act to create the county	buav|cav|chav|clav|csav|cua
production-1865-66	444	51.9	satery	supervisors of inyo county shall receive for <<satery>>	eatery|saltery|sater|savery|watery
production-1865-66	448	5.0	cuav	<<cuav>> cccxx an act granting leave of absence	buav|cav|chav|clav|csav|cua
production-1865-66	449	6.0	cuarp	<<cuarp>> cccxxii an act to authorize the guardian	carp
production-1865-66	449	12.0	tosell	<<tosell>> howard minor child of william d m	cosell|osell|rosell|tovell|towell
production-1865-66	451	26.0	powersand	<<powersand>> sec the board of trustees shall judge	powerband
production-1865-66	451	45.0	facecr	<<facecr>> by laws and ordinances not inconsistent with	facer
production-1865-66	452	7.7	bucksters	and ill fame to provide for licensing <<bucksters>> hawkers	hucksters
production-1865-66	456	24.13	oneby	shall in all cases when not done <<oneby>>	onely|onery|oney
production-1865-66	456	33.9	sewornge	board of trustees shall provide by ordinance <<sewornge>>	sewerage
production-1865-66	457	0.0	pohce	<<pohce>> powers who shall in that capacity be	poche|pohle|poice|polce|ponce|pouce
production-1865-66	457	33.0	delingvent	<<delingvent>> trustees are hereby authorized o employ an	delinquent
production-1865-66	457	46.0	powersand	<<powersand>> sec the recorder as to offences committed	powerband
production-1865-66	463	20.2	thesum	appropriate section <<thesum>> of twelve hundred and seven dollars and	theasum|theseum|thesium|thesun
production-1865-66	464	38.9	puttication	necessary and whenever any supplemental bond is <<puttication>>	publication
production-1865-66	465	0.10	heroto	shall not apply to any official bond <<heroto>>	hereto|herto|hiroto
production-1865-66	465	1.0	fovo	<<fovo>> executed filed or approver and shall only	covo|dovo|favo|foco|fofo|fogo
production-1865-66	465	4.0	cuav	<<cuav>> cccxxxit an act to authorize the issuance	buav|cav|chav|clav|csav|cua
production-1865-66	465	12.5	cortuin	act to provide for paying <<cortuin>> equitable claims against tho	cortin
production-1865-66	465	36.0	cnoar	<<cnoar>> cccxxnxiti an act to authorize the guardian	cloar|coar|noar
production-1865-66	465	41.0	authorityto	<<authorityto>> sxorton the guardian of mary a la	authority
production-1865-66	465	41.1	sxorton	authorityto <<sxorton>> the guardian of mary a la rue	scorton
production-1865-66	467	29.0	sgnavure	<<sgnavure>> poll tax receipt which shall be issued	signature
production-1865-66	468	1.0	cuav	<<cuav>> cock xxvii an act to amend an	buav|cav|chav|clav|csav|cua
production-1865-66	468	19.0	cuav	<<cuav>> cccxxxviii an act to amend an act	buav|cav|chav|clav|csav|cua
production-1865-66	470	30.9	aoara	shall bea state board of education which <<aoara>> of	aara|acara|adara|afara|akara|alara
production-1865-66	472	21.9	apporti	to which state appropriations may be made <<apporti>>	apport
production-1865-66	473	13.0	buperin	<<buperin>> sec the superintendent of public instruction shall	buterin
production-1865-66	473	26.1	oshoos	io <<oshoos>> lostruction to travel in the different counties	shoos
production-1865-66	477	1.1	vtecture	snp <<vtecture>> with such works on school architecture as	vecture
production-1865-66	477	51.0	infendent	<<infendent>> dervisors and as may be allowed by	intendent|intendents
production-1865-66	478	4.9	senoot	county or city or incorporated town shall <<senoot>>	seroot|snoot
production-1865-66	479	8.0	frontas	<<frontas>> te city and devoted to school purposes	fronta|frontad|frontal|frontals|frontis|fronts
production-1865-66	481	41.0	powersand	<<powersand>> sec every board of trustees and any	powerband
production-1865-66	482	46.11	mentand	of trustees of each district shall appoint <<mentand>>	menand|mental|montand
production-1865-66	483	23.0	sholss	<<sholss>> have power and it shall be their	sholes
production-1865-66	483	51.4	penholders	gratis supplies of pens <<penholders>> pencils crayons for blackboards	lienholders|penholder
production-1865-66	485	4.0	grapby	<<grapby>> arithmetic geography english grammar history of the	grabby|granby|grapey|graphy|grapy
production-1865-66	486	3.10	mannerasa	section shall be treated in the same <<mannerasa>>	manners
production-1865-66	488	24.10	tofse	shall be apportioned among the applicants there <<tofse>>	tofte|toise|torse|tose|touse|towse
production-1865-66	490	20.12	hbrary	all fines penalties and fees of membership <<hbrary>>	harary|hbgary|horary|library
production-1865-66	491	50.6	ealisthenics	veg or instrumental music and schoo <<ealisthenics>> for success	calisthenics
production-1865-66	492	5.11	cligi	the holders of said diplomas shall be <<cligi>>	chigi|cigi|clini|clinic|ligi
production-1865-66	492	32.9	fxamina	character and correct habits all applicants for <<fxamina>>	examine
production-1865-66	493	43.0	proure	<<proure>> defining reading penmanship physiology natural philosophy	procure|propre|prore|proude|prouse|roure
production-1865-66	494	23.11	tensand	member of every city board of examination <<tensand>>	ensand|tenant
production-1865-66	497	28.0	moterte	<<moterte>> deduct fifteen per cent therefrom for anticipated	moderate
production-1865-66	498	0.2	assoon	sec jy <<assoon>> as the rate of taxation has been	alsoon|aswoon|bassoon|cassoon|sassoon
production-1865-66	499	24.0	trict	<<trict>> tax ever the estimated state and county	strict|tract|triact|tric|trica|trice
production-1865-66	501	5.0	nocom	<<nocom>> void no trustee or member of any	cocom|noco|noncom|noom|norcom|socom
production-1865-66	501	36.0	weputes	<<weputes>> not properly belonging to courts of justice	deputes|reputes
production-1865-66	502	37.11	louyia	twenty six of the act of the <<louyia>>	louia
production-1865-66	504	4.6	brannack	section d j locke l h <<brannack>> t henderson ross franchise	bannack|brannock
production-1865-66	506	9.0	trict	<<trict>> collector or failure of any district collector	strict|tract|triact|tric|trica|trice
production-1865-66	509	11.0	lectora	<<lectora>> where said laws are not qualified by	lector|lectors|lectura|pectora
production-1865-66	515	15.0	prakemes	<<prakemes>> francisco shall have power to make rules	brakemen
production-1865-66	519	1.6	aspenall	trustees src the election of william <<aspenall>> william c greeves	aspinall
production-1865-66	519	6.4	aspenall	legalized and confirmed william <<aspenall>> william c greeves	aspinall
production-1865-66	520	7.11	uanemit	county clerk thereof to the secretary of <<uanemit>>	anemia
production-1865-66	520	8.14	retums	day of election or as soon as <<retums>> to	rectums
production-1865-66	521	9.8	causco	authorized to levy at their discretion and <<causco>> to be	casco|cusco
production-1865-66	528	44.11	inigment	in favor of the plaintiff the property <<inigment>>	indigent
production-1865-66	532	43.14	fermof	the rates of toll to be col <<fermof>>	fermo|fermor|fermoy|hereof
production-1865-66	534	10.9	jecemve	in some newspaper printed and published in <<jecemve>>	receive
production-1865-66	534	44.0	szorion	<<szorion>> the board of education of the city	xzorion
production-1865-66	535	6.0	powersand	<<powersand>> s xo the board of education shall	powerband
production-1865-66	539	35.1	toapel	or <<toapel>> tations shall not be set up in	topel
production-1865-66	540	1.0	cuapr	<<cuapr>> ccclxx an act concerning official publications in	capr|cupar
production-1865-66	541	10.0	eerad	<<eerad>> at the county seat and shall receive	eera|erad|jerad|verad
production-1865-66	542	21.0	cuapr	<<cuapr>> ccclxxiv an act to authorize the county	capr|cupar
production-1865-66	545	13.0	mhool	<<mhool>> una provisions of this act shall be	bhool|chool|dhool|hool|jhool|mhoon
production-1865-66	546	41.1	ifany	src <<ifany>> portion of the assessment mentioned in said	fany|ifan|ifans|imany|ivany|ofany
production-1865-66	547	8.0	contentsor	<<contentsor>> sxc said last named notice shall state	contents
production-1865-66	551	14.0	roleage	<<roleage>> from section pliny m whitney late collector	rokeage
production-1865-66	552	18.2	heffran	section michael <<heffran>> john w surface daniel stewart franchise	heffren|heffron
production-1865-66	552	20.2	wobler	sutherland herman <<wobler>> c k dudley r f stevens and	dobler|hobler|kobler|nobler|tobler|wobbler
production-1865-66	552	30.11	prvileses	build and maintain a public turnpike road <<prvileses>>	privileges
production-1865-66	555	0.7	eryh	concerning crimes and punishments passed april sixteenth <<eryh>>	elyh|erah|ergh|erh|eroh|ersh
production-1865-66	555	19.1	seotign	righttosell <<seotign>> jane a clark wife of reuben clark	section
production-1865-66	556	27.11	certines	any certificate of incorporation filed in pursuance <<certines>>	certifies|cortines
production-1865-66	558	0.0	ovhberwise	<<ovhberwise>>	otherwise
production-1865-66	559	7.0	cuav	<<cuav>> ccclxxxviii an act to fund the debt	buav|cav|chav|clav|csav|cua
production-1865-66	560	38.12	oirest	and on the first monday of each <<oirest>> am	direst|orest
production-1865-66	561	22.0	orclaims	<<orclaims>> tise in some newspaper published in said	claims
production-1865-66	563	7.3	sxorron	levy of tax <<sxorron>> the board of supervisors of marin county	sorrow
production-1865-66	564	20.9	bunaings	county buildings herein provided for shall be <<bunaings>> to	bunnings|buntings
production-1865-66	565	25.3	richtmeyer	cowey b f <<richtmeyer>> a c brown a h houchner c	richtmyer
production-1865-66	565	25.9	houchner	f richtmeyer a c brown a h <<houchner>> c t	hotchner|kouchner|voucher
production-1865-66	566	28.5	poreor	structures as shall serve to <<poreor>> and maintain a system of	porer|portor
production-1865-66	567	29.0	compiction	<<compiction>> sage of this act commence the construction	compaction
production-1865-66	567	45.1	ereus	wy <<ereus>> taken to mako an early completion of	areus|cereus|creus|egeus|erebus|erens
production-1865-66	568	36.5	iasne	mendocino cither ov both shall <<iasne>> bonds of the county signed	aisne|asne
production-1865-66	570	11.10	indomnity	to the counties of humboldt and mendo <<indomnity>>	indemnity
production-1865-66	577	10.0	commencee	<<commencee>> xc said railroad and wharf shall be	commence|commenced|commencer|commences
production-1865-66	577	24.0	brewester	<<brewester>> creed haymond fred howard their associates and	brewster
production-1865-66	577	31.0	righttouse	<<righttouse>> sec said grantees their associates and assigns	lighthouse
production-1865-66	578	20.5	wagenor	son w d smith wm <<wagenor>> r irwin david ery their	agenor|wagener
production-1865-66	578	34.10	provieo	provided further that the franchise and rights <<provieo>>	provino|proviso
production-1865-66	579	31.0	unlowfal	<<unlowfal>> sscrron it shall not be lawful for	unlawful
production-1865-66	582	36.5	habilites	interests possessions credits and immunities <<habilites>> debts	abilites
production-1865-66	583	32.9	andif	by the owners of said real estate <<andif>> not repaired	adif|andf|andi|andia|andie|andin
production-1865-66	584	4.11	equalizatior	trustees or a committee of their num <<equalizatior>>	equalization
production-1865-66	584	27.11	previon	at any time more than six months <<previon>>	previn|previo
production-1865-66	584	33.10	raimro	of the officers herein mentioned fail to <<raimro>> to	raimo|ramiro
production-1865-66	584	50.11	ndvod	such neglect the sum of two pr <<ndvod>> do	novo
production-1865-66	585	8.1	aeaymen	or <<aeaymen>> town in order to be entitled to	seamen
production-1865-66	587	19.10	aceru	void and provided further that all moneys <<aceru>>	acer|acerb|acero|acers|aperu
production-1865-66	589	3.2	suitin	to bring <<suitin>> any court having jurisdiction against the vendee	suiting|sutin|suttin
production-1865-66	589	47.0	sizih	<<sizih>> to ascertain and examine thé attainments both	sirih
production-1865-66	590	2.8	satery	the town superintendent of public schools shali <<satery>>	eatery|saltery|sater|savery|watery
production-1865-66	590	28.10	conditiona	white his associates and assigns are hereby <<conditiona>>	condition|conditional|conditions
production-1865-66	591	5.0	righttouse	<<righttouse>> sec the said grantee his associates and	lighthouse
production-1865-66	591	6.4	toenter	oan have the right <<toenter>> upon and occupy private lands necessar	tenter
production-1865-66	595	18.0	buperin	<<buperin>> sec the president of the college shall	buterin
production-1865-66	595	42.0	scfontific	<<scfontific>> sec when the institution shall be brought	scientific
production-1865-66	597	0.0	dutiesof	<<dutiesof>> cinct are to be opened from eight	duties
production-1865-66	598	45.13	faprn	offer his vote at any general or <<faprn>>	aprn|farn
production-1865-66	600	10.1	popart	d <<popart>> are hereby constituted a board of directors	copart|popat|poptart|poupart
production-1865-66	600	37.9	compendsa	the amount so received as per diem <<compendsa>> compensation	compendia
production-1865-66	608	9.13	fredal	of said city and county each inv <<fredal>>	credal|fedal|freal|freda|frenal|real
production-1865-66	608	44.0	utrix	<<utrix>> or cxecutrices as the case may be	atrix|strix|trix|tutrix
production-1865-66	608	44.2	cxecutrices	utrix or <<cxecutrices>> as the case may be shall have	executrices
production-1865-66	609	0.6	sycb	paid out of the said fund <<sycb>> amount or amounts as they may	nycb|scb|sncb|syb|syc|syce
production-1865-66	609	29.0	fouzere	<<fouzere>> state in any vessel registered in this	fougere
production-1865-66	610	0.0	qilice	<<qilice>> lhe balance remaining due shal if unpaid	cilice|milice|police
production-1865-66	610	16.10	pubtieation	tax list which the tax collector is <<pubtieation>>	publication
production-1865-66	610	46.0	misapprebension	<<misapprebension>> on which the taxes for the then	misapprehension
production-1865-66	611	30.0	locationand	<<locationand>> sev it shall be the duty of	locational
production-1865-66	612	30.0	cuaap	<<cuaap>> ccccxvii an act to amend an act	caap|uaap
production-1865-66	612	32.1	aprut	proved <<aprut>> eleventh eighteen hundred and fifty nine to	amrut|apout|aprt|prut
production-1865-66	612	46.12	amendmer	act entitled an act to grant the <<amendmer>>	amender
production-1865-66	620	36.12	jarane	to be stamped shall be deemed po <<jarane>>	carane|jaane|jarabe|jaran|jurane|varane
production-1865-66	621	43.4	billof	on foreign sec every <<billof>> exchange draft certificate of deposit or	billo|billon|billoo|billot|billow
production-1865-66	622	1.11	orseals	moneys in the treasury not otherwise appropriated <<orseals>>	ordeals
production-1865-66	622	6.10	tepey	entitled an act concerning the state revenue <<tepey>> fre	teaey|teney|tepe|tepee|tepefy|teper
production-1865-66	624	1.10	obstracting	person or persons shall wilfully prevent the <<obstracting>>	abstracting|obstructing
production-1865-66	624	9.12	fofuan	freight brought down the river on flatboats <<fofuan>>	foun
production-1865-66	625	37.0	oftolls	<<oftolls>> regulate and alter the tolls in this	tolls
production-1865-66	627	39.1	szorion	commis <<szorion>> a w saxe i p rankin j	xzorion
production-1865-66	627	40.0	bloners	<<bloners>> benton and wm sherman are hereby constituted	blowers|boners|cloners|loners
