production-1983-vol3	751	0.0	snarenolder	<<snarenolder>>	shareholder
production-1983-vol3	784	0.0	polygrapn	<<polygrapn>> mstrumene	polygraph
production-1983-vol3	795	15.3	nonreal	real property these <<nonreal>> property items may include vacation	monreal|normal
production-1983-vol3	800	8.5	andix	section section of the welfare <<andix>> tions code	andi|andia|andie|andin|andis|andit
production-1983-vol3	854	25.0	desenbe	<<desenbe>> default	defense
production-1983-vol3	867	0.6	henholder	be designated as the most junior <<henholder>>	penholder
production-1983-vol3	904	0.0	repeaieda	<<repeaieda>>	repealed
production-1983-vol3	925	40.6	cleemed	provision to this effect shall be <<cleemed>> to be incorporated in any	cleeked
production-1983-vol3	927	7.4	meclical	public agencies and private <<meclical>> services and for additionally	mecical
production-1983-vol3	1062	3.0	nonsubstantively	<<nonsubstantively>> more restrictive and limited in scope than	nonsubstantive
production-1983-vol3	1083	14.2	accounle	license fee <<accounle>> ce eeeeeeeee coeseeseneeeneceeeee	accouple
production-1983-vol3	1208	38.9	iccal	may be incorporated into the county s <<iccal>> coastal	ical|icca|iccat|ictal|incal
production-1983-vol3	1231	26.3	utilizir	ongoing rehabilitation plan <<utilizir>> g available resources in the	utilizer
production-1983-vol3	1274	7.0	ministratot	<<ministratot>> eee eeeeeeereeneeee	ministrator
production-1983-vol3	1276	11.3	mumerpal	deputy clerk iv <<mumerpal>> court d l	numeral
production-1983-vol3	1276	28.0	palcourt	<<palcourt>> wae d	valcourt
production-1983-vol3	1338	48.0	oonf	<<oonf>>	conf|onf|oof|ooff|oomf|oon
production-1983-vol3	1342	31.8	nontrust	the trust revenues may be combined with <<nontrust>> revenues for	contrast
production-1983-vol3	1383	17.2	nontesting	to a <<nontesting>> civil service classification for the purpose of	contesting|nonvesting
production-1983-vol3	1405	0.0	nomcs	<<nomcs>>	nocs|nomas|nomes|nomics|nomis|nomos
production-1983-vol3	1478	3.8	nonowned	liability arising out of the use of <<nonowned>> motor	nonowner
production-1983-vol3	1484	40.4	nonowned	of the use of <<nonowned>> motor vehicles or if the automobile liability	nonowner
production-1983-vol3	1502	28.1	antihistaminics	l <<antihistaminics>>	antihistaminic
production-1983-vol3	1502	32.1	antishock	apply <<antishock>> trousers	antiknock|antistock
production-1983-vol3	1502	47.1	antishock	apply <<antishock>> trousers when it is reasonably determined	antiknock|antistock
production-1983-vol3	1534	26.3	stalhon	of the total <<stalhon>> awards fund for the year during which	stalion
production-1983-vol3	1538	27.0	nonowned	<<nonowned>> motor vehicles or if the automobile liability	nonowner
production-1983-vol3	1539	48.0	terminaton	<<terminaton>>	termination|terminator
production-1983-vol3	1555	37.6	systern	in the county s merit personnel <<systern>>	sistern|systen|syster
production-1983-vol3	1566	39.7	uhdds	for the uniform hospital discharge data set <<uhdds>> have not	adds|hdds
production-1983-vol3	1574	29.1	forrn	registered <<forrn>>	foran|foren|forn|forr|forro|forry
production-1983-vol3	1641	39.4	sunsetted	funding for the programs <<sunsetted>> by this chapter any school	unsettled
production-1983-vol3	1648	0.0	vomimittee	<<vomimittee>>	committee
production-1983-vol3	1679	30.1	doany	c <<doany>> and all other things necessary to carry	dany|doan|doane|doans|donny|dony
production-1983-vol3	1703	45.3	premee	secretary of state <<premee>>	preme|premed|premie|presee|remee
production-1983-vol3	1704	18.3	araend	an act to <<araend>> sections and of the labor code relating	arand|arend
production-1983-vol3	1709	41.5	hcensure	category of primary care clinic <<hcensure>> any capital expenditure	censure
production-1981-vol1-chapters	8	37.0	chiminad	<<chiminad>> ees ceeeeeeeseteseeseteseesseereeteettteeserererees m	criminal
production-1981-vol1-chapters	12	0.0	uwonservator	<<uwonservator>>	conservator
production-1981-vol1-chapters	27	0.0	abricuiture	<<abricuiture>>	agriculture
production-1981-vol1-chapters	84	38.0	liotis	<<liotis>> oo eeesessesesessesesrescneseeseesssresesaessesessssesecsesnsssseseerees	lotis
production-1981-vol1-chapters	107	46.2	pubhe	independent licensed <<pubhe>> accountant approved by the	dubhe|pube|puhe
production-1981-vol1-chapters	126	0.0	geposlts	<<geposlts>>	deposits
production-1981-vol1-chapters	141	0.0	nmeserve	<<nmeserve>> system	meserve
production-1981-vol1-chapters	148	0.0	cnecw	<<cnecw>> anda	check
production-1981-vol1-chapters	165	3.3	ooeee	o of mote <<ooeee>> cee eeeececsescessesesensrcascesneesessstenseesesnerers	donee
production-1981-vol1-chapters	169	14.6	renenees	clothing apparel and upkeep ee eee <<renenees>>	revenues
production-1981-vol1-chapters	169	15.6	cenees	fuel and other utilities cscssesseee ssereeesessseetee <<cenees>>	censes
production-1981-vol1-chapters	169	17.5	coeesee	transportation occ ceeesseeeee oe ceeseseseeee <<coeesee>> coreesenerererees	cheese|coetsee
production-1981-vol1-chapters	226	7.0	commmiision	<<commmiision>> y ccesssseeeereeveessvsessveecoerersnsseseeretsvsrsseeees	commission
production-1981-vol1-chapters	226	23.0	fotmance	<<fotmance>> ooo eeseesecseeeeeesesessseecescersvenes	formance
production-1981-vol1-chapters	231	43.1	soqq	a <<soqq>> suppose oven	souq|sqq
production-1981-vol1-chapters	233	10.0	opmenl	<<opmenl>> secssersererscrseneerevseerreseren renee	open|opment
production-1981-vol1-chapters	233	31.0	cquipmenl	<<cquipmenl>> eects	equipment
production-1981-vol1-chapters	233	31.1	eects	cquipmenl <<eects>>	ects|eecs|eets|ejects|elects|erects
production-1981-vol1-chapters	234	15.0	soetvices	<<soetvices>> ccesesssessessecsessessesseenscseeeesecnenertcssreseessecvensnersars	services
production-1981-vol1-chapters	240	0.6	equaliz	for support of state board of <<equaliz>>	equalize
production-1981-vol1-chapters	240	5.7	ibli	tion to be transferred to item pay <<ibli>>	bili|bli|ibbi|ibi|ibl|ibla
production-1981-vol1-chapters	240	6.6	transpc	from the motor vehicle fuel account <<transpc>> srtaa	transac|transp|transpac|transpo
production-1981-vol1-chapters	240	6.7	srtaa	from the motor vehicle fuel account transpc <<srtaa>>	srta|staa
production-1981-vol1-chapters	240	12.7	ializa	for support of state board of eq <<ializa>>	aliza|iliza
production-1981-vol1-chapters	241	0.0	ochedu	<<ochedu>> le	schedu
production-1981-vol1-chapters	241	14.2	ceeece	i reimbursements <<ceeece>>	ceecee|cheese
production-1981-vol1-chapters	243	47.0	fauipment	<<fauipment>>	equipment
production-1981-vol1-chapters	245	26.0	fpuind	<<fpuind>> ccscessssscsssesesscsersssesssenecssecseserssesecnevens	fund
production-1981-vol1-chapters	248	9.0	funnd	<<funnd>> ssesssssssssssseccesesssseersesesssrsessenseseessars	fund|funn|funni|funns|funny
production-1981-vol1-chapters	248	46.2	fruyrr	tax preparers <<fruyrr>> dy ror	fryer
production-1981-vol1-chapters	253	35.1	csie	equipment <<csie>> cree cee	asie|caie|casie|ccie|chie|cie
production-1981-vol1-chapters	258	22.0	soetvices	<<soetvices>> essecssssserscssesseretcennerseeeeanees	services
production-1981-vol1-chapters	260	44.5	revolv	from the cooperative personnel services <<revolv>>	evolv|resolv|revol|revolt|revolu|revolve
production-1981-vol1-chapters	270	24.2	ceevee	c reimbursements <<ceevee>>	ceecee|eevee|seevee|teevee
production-1981-vol1-chapters	270	26.0	ciotis	<<ciotis>> cecesesccesevsesseseosssecseneeessacseenersessenessensesesseneessecsrensees	cities|clotis
production-1981-vol1-chapters	272	5.1	eserves	equipment <<eserves>>	deserves|eserve|reserves|serves
production-1981-vol1-chapters	272	7.0	tepaymenl	<<tepaymenl>> ees	repayment
production-1981-vol1-chapters	286	3.4	ctrpa	tahoe regional planning agency <<ctrpa>>	carpa
production-1981-vol1-chapters	286	10.2	ctrpa	funds to <<ctrpa>> for long range planning activi	carpa
production-1981-vol1-chapters	292	5.0	moneetey	<<moneetey>> ceeseeseseccneenecsesseeenesenees	monterey
production-1981-vol1-chapters	293	23.6	revolv	payable from the harbors and watercraft <<revolv>>	evolv|resolv|revol|revolt|revolu|revolve
production-1981-vol1-chapters	294	16.2	eects	hope street <<eects>>	ects|eecs|eets|ejects|elects|erects
production-1981-vol1-chapters	297	5.2	puunnd	cense plate <<puunnd>> ccceseseesssscesssecesssscsesessesssecseseesees	pound
production-1981-vol1-chapters	310	41.0	sotves	<<sotves>> o eesseseseseessreessenersenseesserevsseners	soaves|solves|stoves
production-1981-vol1-chapters	311	3.0	beted	<<beted>> species oo	bated|beated|bebed|beed|belted|bested
production-1981-vol1-chapters	314	6.0	coumy	<<coumy>> os esessseeseeceneeessensecstersesverere	commy|conmy|coomy|coucy|couey|coum
production-1981-vol1-chapters	316	1.0	nejedly	<<nejedly>> hart state urban and coastal park	needly|needy
production-1981-vol1-chapters	322	43.6	revolv	payable from the harbors and watercraft <<revolv>>	evolv|resolv|revol|revolt|revolu|revolve
production-1981-vol1-chapters	330	3.0	ateass	<<ateass>> ececeeesersereeees	areas
production-1981-vol1-chapters	330	35.1	tibros	costa <<tibros>> park	libros|tires|tiros
production-1981-vol1-chapters	331	39.0	ayoal	<<ayoal>> ceeeccccereeeeereees	ayal
production-1981-vol1-chapters	341	19.1	brooktails	and <<brooktails>>	brooktrails
production-1981-vol1-chapters	348	32.1	hurkey	side <<hurkey>>	burkey|harkey|herkey|hurley|hurney|huskey
production-1981-vol1-chapters	351	3.2	coeee	parks cccccscescsseee <<coeee>>	codee|coee|coene|cofee|cohee|colee
production-1981-vol1-chapters	353	35.0	htios	<<htios>> ooeeeesceescesees eevee	etios|htis|this|tios
production-1981-vol1-chapters	354	15.1	eppick	grove <<eppick>>	pick
production-1981-vol1-chapters	355	14.1	spreckles	diego <<spreckles>>	speckles|spreckels|spreckle
production-1981-vol1-chapters	358	10.0	anisq	<<anisq>> park	anis|anisa|anise|anish
production-1981-vol1-chapters	359	46.1	tvrrell	cruz <<tvrrell>> park	terrell|tirrell|torrell|turrell|tyrrell
production-1981-vol1-chapters	360	36.0	imenl	<<imenl>> oecesessssseesserennes	imen|imeni
production-1981-vol1-chapters	360	45.0	lovalton	<<lovalton>> museum	loyalton
production-1981-vol1-chapters	362	29.1	eects	park <<eects>>	ects|eecs|eets|ejects|elects|erects
production-1981-vol1-chapters	365	23.0	nejedly	<<nejedly>> hart state urban and coastal park	needly|needy
production-1981-vol1-chapters	366	3.2	somoa	servation district <<somoa>> boating	momoa|samoa|soma|somma|somo|somona
production-1981-vol1-chapters	366	18.0	imptovemenl	<<imptovemenl>> ss seeeeceseeeeeererenes	improvement
production-1981-vol1-chapters	371	37.0	nejedly	<<nejedly>> hart state urban and coastal park	needly|needy
production-1981-vol1-chapters	382	37.2	rowher	los angeles <<rowher>> flats off highway vehicle	cowher|rocher|rohwer|rother|rower
production-1981-vol1-chapters	389	30.0	comsetvancy	<<comsetvancy>> ccc ceceseeseesceseeseesecscessensesecasesenevssenersersesees	conservancy
production-1981-vol1-chapters	391	20.4	ceees	a service ccccceseesesereerte ce <<ceees>>	cedes|cees|celes|cepes|ceres|chees
production-1981-vol1-chapters	391	34.0	syscom	<<syscom>> cceeecessesssese cosseteseteseneractee oe	syncom|sysco|system
production-1981-vol1-chapters	395	38.5	ceneenes	resources fun ccccccce ccscsescssserserseseesssseneee o <<ceneenes>>	convenes
production-1981-vol1-chapters	396	3.1	opmene	ve <<opmene>> eeeeeseeeseceeeenesceceveneeree	opment
production-1981-vol1-chapters	403	16.0	biam	<<biam>> ou eeeeeeeeerees	baam|baim|bam|bcam|beam|bham
production-1981-vol1-chapters	406	46.0	soetvices	<<soetvices>> ccessessecsesssetserecterseeseseeeee sy	services
production-1981-vol1-chapters	407	1.0	aqemen	<<aqemen>> ee eeccceeeeeeeeeeeeeeeeteeeeeeeeee	axemen
production-1981-vol1-chapters	420	42.5	ghpp	excess of and b by <<ghpp>> in excess	gapp|gepp|ghp|ghrp|gipp|gpp
production-1981-vol1-chapters	424	45.0	rabilitation	<<rabilitation>> cee cesseessesseceeceererees	habilitation
production-1981-vol1-chapters	425	7.0	icappe	<<icappe>> eeessee rere renerereaeseecenenereeres	cappe
production-1981-vol1-chapters	425	7.1	eeessee	icappe <<eeessee>> rere renerereaeseecenenereeres	lessee
production-1981-vol1-chapters	436	5.1	regamy	mental <<regamy>> emparam and oral john	reamy
production-1981-vol1-chapters	436	40.2	regamy	environmental improvements <<regamy>> em	reamy
production-1981-vol1-chapters	436	41.2	parmelle	param paxton <<parmelle>> cromwell mcdougall	armelle|parmele|parmelee
production-1981-vol1-chapters	438	42.0	qiams	<<qiams>> eeessseeceeeseestesesstereteereseesere g	iams|liams|niams
production-1981-vol1-chapters	439	26.0	sctvices	<<sctvices>> cccceccscscseee cesserteestee seerrters god	services
production-1981-vol1-chapters	442	8.2	cceee	and construction <<cceee>>	aceee
production-1981-vol1-chapters	445	14.1	cccees	payments <<cccees>> reece ee	access
production-1981-vol1-chapters	447	20.0	aaition	<<aaition>> wee oe cesses ce cere	adition|aition
production-1981-vol1-chapters	449	21.0	munistration	<<munistration>>	ministration
production-1981-vol1-chapters	449	35.2	cececee	ches oecceecee <<cececee>> ceeteetettetete ce ees	ceecee
production-1981-vol1-chapters	451	16.5	wcmis	b validates the selection of <<wcmis>> ibps as	cmis
production-1981-vol1-chapters	451	19.4	wcmis	verse consequences of selecting <<wcmis>>	cmis
production-1981-vol1-chapters	453	37.4	ceteee	services ise ceecsecesessseese ceteteseeeeseee <<ceteee>> teterey te ee aeeeereeee	cetene
production-1981-vol1-chapters	453	37.5	teterey	services ise ceecsecesessseese ceteteseeeeseee ceteee <<teterey>> te ee aeeeereeee	metered
production-1981-vol1-chapters	453	47.0	ecentives	<<ecentives>>	incentives
production-1981-vol1-chapters	455	31.0	opmenle	<<opmenle>> wo eee cereteertereteeee corte eee	openly
production-1981-vol1-chapters	476	12.0	imatics	<<imatics>> ceeeteeeteettteesstertteersereens eens	italics|matics
production-1981-vol1-chapters	476	26.1	eects	outlay <<eects>> ceenevevsesevsessesses co seaesstaveesrensteseesee	ects|eecs|eets|ejects|elects|erects
production-1981-vol1-chapters	476	38.0	gyawings	<<gyawings>> cceceteseere c teeeeeeeee veetees toes	drawings|gaywings
production-1981-vol1-chapters	484	27.0	consetuction	<<consetuction>> eeeesetseeeseeeeeseeeeees	construction|constuction
production-1981-vol1-chapters	485	35.0	fyemont	<<fyemont>> cece ceeereseereetrsereereeesee	fremont
production-1981-vol1-chapters	486	45.8	sevesees	fund ou cc ccccccecccccecsceseee cen coseeeseeassee cose <<sevesees>>	devisees
production-1981-vol1-chapters	492	3.0	biam	<<biam>> oes	baam|baim|bam|bcam|beam|bham
production-1981-vol1-chapters	492	5.0	qtams	<<qtams>> oo tree tree	stams|tams
production-1981-vol1-chapters	492	18.0	noloby	<<noloby>> eee	nology|nooby
production-1981-vol1-chapters	493	26.0	qtams	<<qtams>> oo see cetseeeesersee eeeereetrererenees	stams|tams
production-1981-vol1-chapters	494	42.3	appor	a program school <<appor>>	apor|appar|apper|appo|apport|appr
production-1981-vol1-chapters	500	34.0	opmenl	<<opmenl>> se eeeeeseeeeeseeeersereceeeeee	open|opment
production-1981-vol1-chapters	501	37.1	maintaming	cies <<maintaming>> children s centers and child	maintaing
production-1981-vol1-chapters	502	1.0	tcappe	<<tcappe>> eeeeeseserereneseseseeereseeens	cappe|tappe|trappe
production-1981-vol1-chapters	512	0.3	csuc	of to study <<csuc>> student affirmative	asuc|chuc|cpuc|csac|csc|cscc
production-1981-vol1-chapters	514	24.0	taloty	<<taloty>> o eeeeeeesseeseeteersers ceteees sree	tally|talty
production-1981-vol1-chapters	516	13.0	diaty	<<diaty>> ooo ceccssecesesseecseeseesesessesacseseteesseee	diaby|diary|diat|diath|diety|dinty
production-1981-vol1-chapters	516	15.3	ucimc	construct library module <<ucimc>>	ucdmc
production-1981-vol1-chapters	516	25.3	ucimc	preliminary plans for <<ucimc>>	ucdmc
production-1981-vol1-chapters	516	28.3	ucimc	working drawings for <<ucimc>>	ucdmc
production-1981-vol1-chapters	521	7.2	coeee	quitemenis eeceeesee <<coeee>> ceeneveeeen	codee|coee|coene|cofee|cohee|colee
production-1981-vol1-chapters	528	34.0	tnomus	<<tnomus>> oo eccscesseeesceseneeeeensenevenes orneee	thomas|tomus
production-1981-vol1-chapters	528	34.3	orneee	tnomus oo eccscesseeesceseneeeeensenevenes <<orneee>>	renee
production-1981-vol1-chapters	532	34.2	medanos	district los <<medanos>> college	means|medano
production-1981-vol1-chapters	541	13.0	exquipmene	<<exquipmene>> eeeeteeee coeeeeerseeeeeees	equipment
production-1981-vol1-chapters	541	40.2	cceee	f reimbursements <<cceee>> eee	aceee
production-1981-vol1-chapters	542	22.0	pubhe	<<pubhe>> participation element of the organiza	dubhe|pube|puhe
production-1981-vol1-chapters	544	14.7	teneee	tions board oo cece ee cece ete <<teneee>> cee ne eee tee	tenee|tenere
production-1981-vol1-chapters	544	23.4	eeness	tions board cece ceeceseeeeceseceeserseeveevvsevcestersvcrseee <<eeness>>	excess|veness|weeness
production-1981-vol1-chapters	546	37.0	wofkets	<<wofkets>> ceceeeesessteesstressserteereereee	workers
production-1981-vol1-chapters	546	44.3	ceceee	data dissemination c <<ceceee>>	cecere|ceecee|decree
production-1981-vol1-chapters	553	43.7	seevees	siomtl oe ceesssccces ce cee tee cove <<seevees>> ceseestee ceeersrevesne op sensors	eevees|seevee
production-1981-vol1-chapters	558	13.0	tratice	<<tratice>> oo eeceseessessccessecneecssenesescessnsessnsesseesenscensesseesersensesenteses	practice|pratice
production-1981-vol1-chapters	559	11.0	ploqram	<<ploqram>> eects certs	program
production-1981-vol1-chapters	559	11.1	eects	ploqram <<eects>> certs	ects|eecs|eets|ejects|elects|erects
production-1981-vol1-chapters	567	1.1	eects	faculty <<eects>>	ects|eecs|eets|ejects|elects|erects
production-1981-vol1-chapters	567	3.0	nonfacullty	<<nonfacullty>> screeeerereeees	nonfaculty
production-1981-vol1-chapters	567	7.1	nonacademiic	leges <<nonacademiic>>	nonacademic
production-1981-vol1-chapters	570	40.0	anmnuitanks	<<anmnuitanks>> ccceecccescecsseesseseescecsscessesensenseess	annuitants
production-1981-vol1-chapters	572	26.0	zoncies	<<zoncies>> ooo eeseeeseerseseeereceeneseseveacsenesseeavecseavavensuensveneneys	zones
production-1981-vol1-chapters	574	38.0	zencies	<<zencies>> loa cc seeceeereseeereeeterereeerereneee	agencies
production-1981-vol1-chapters	579	14.6	reappropriations	sec unless otherwise stated herein all <<reappropriations>>	reappropriation
production-1981-vol1-chapters	615	25.6	ttre	fabric care board of voce ssc <<ttre>> seen	atre|etre|stre|tare|tere|thre
production-1981-vol1-chapters	615	35.4	eesseses	psychology fund cssssscssssssesssvsssssseseessiis sesesseee <<eesseses>>	lessees
production-1981-vol1-chapters	616	26.6	cscse	mtr veh parking fac moneys acct <<cscse>> svn	csce|cscs
production-1981-vol1-chapters	616	29.6	esenen	energy and resources fund sss svn <<esenen>>	esenin|senen
production-1981-vol1-chapters	619	11.0	revefsion	<<revefsion>> wo eeeeeesrseseenenneserssnesmnnen	reversion
production-1981-vol1-chapters	620	25.4	seenne	environmental license plate fund <<seenne>>	seene|seenie|senne|sienne
production-1981-vol1-chapters	621	47.0	suynport	<<suynport>>	support
production-1981-vol1-chapters	624	5.0	revetsion	<<revetsion>> ssssssscssssssesee sesseesescsseees soe tettesseessssasrenseannenenns ob	reversion
production-1981-vol1-chapters	627	6.0	revetsion	<<revetsion>> wrressesssssoee sesssssnssseneniniereinesssnnensineneesesen	reversion
production-1981-vol1-chapters	629	34.5	ccceen	g california fiscal information system <<ccceen>>	screen
production-1981-vol1-chapters	629	44.4	voneene	f federal revenue sharing <<voneene>> i	convene
production-1981-vol1-chapters	634	29.0	reappropriations	<<reappropriations>> seseeesereseeresserees gg	reappropriation
production-1981-vol1-chapters	639	43.1	cceee	reappropriation <<cceee>> ceveceeceeeeseseree	aceee
production-1981-vol1-chapters	640	13.0	revetsion	<<revetsion>> ceceecseesessesesevsevsnsersrssssessersess	reversion
production-1981-vol1-chapters	640	27.0	revetsion	<<revetsion>> cescssssesssesseessessessesesses cessvaeeeees	reversion
production-1981-vol1-chapters	640	42.0	revetsion	<<revetsion>> ce ceecccesccsescese sesseceensesseessnseneens	reversion
production-1981-vol1-chapters	642	19.0	seemale	<<seemale>> o ee eceeeeesetseesseteereteeretsesseerreeseeee o g lje	female|seemable|shemale
production-1981-vol1-chapters	642	20.0	assemdiy	<<assemdiy>> ccecesseseeetetetseseesseeeeeeeeee o g lje	assembly
production-1981-vol1-chapters	645	17.2	eects	special pund <<eects>> gg	ects|eecs|eets|ejects|elects|erects
production-1981-vol1-chapters	650	31.1	eects	reappropriation <<eects>> cette e	ects|eecs|eets|ejects|elects|erects
production-1981-vol1-chapters	682	48.0	ooaf	<<ooaf>>	foaf|goaf|loaf|oaf|olaf|ooa
production-1981-vol1-chapters	701	44.2	nutntion	any child <<nutntion>> entity may apply to the department	nutation
production-1981-vol1-chapters	706	0.3	secnon	provisions of ts <<secnon>>	secon|senon|sesnon
production-1981-vol1-chapters	741	29.6	lienable	functions of the state in recovering <<lienable>> amounts reducing the	alienable|linable
production-1981-vol1-chapters	803	0.0	msurance	<<msurance>> suppport organization or a consumer reporting agency	esurance|insurance
production-1981-vol1-chapters	845	3.4	hcensure	california in the same <<hcensure>> classification would under	censure
production-1981-vol1-chapters	876	30.0	excoot	<<excoot>> oocesccsessccsessessesssescecarsssreseeersssesseerscasseessessssssravsares do	except
production-1981-vol1-chapters	933	45.0	coassured	<<coassured>>	assured
production-1981-vol1-chapters	935	46.0	yead	<<yead>>	bead|dead|ead|eyad|fead|head
production-1981-vol1-chapters	937	21.7	hcense	and distinct terms the name address and <<hcense>> number of the	cense|hense
production-1981-vol1-chapters	958	20.3	spotfin	no yellowfin croaker <<spotfin>> croaker or california corbina	spotting
production-1981-vol1-chapters	959	0.0	doatd	<<doatd>>	doat|doated|doats|dotd
production-1981-vol1-chapters	978	4.0	opmeent	<<opmeent>>	opment
production-1981-vol1-chapters	990	12.1	coneto	erosion <<coneto>> cesses creesseesees	conejo|conto|oneto|poneto
production-1981-vol1-chapters	990	23.3	cecce	theater and saloon <<cecce>>	cecco|cece|cerce|ecce|lecce|recce
production-1981-vol1-chapters	990	32.3	ccce	p inholding purchases <<ccce>>	acce|cace|ccc|ccca|cccc|cccp
production-1981-vol1-chapters	991	4.1	conetace	shot <<conetace>> ccesseesressereeeereseetees	contact
production-1981-vol1-chapters	992	20.0	nejedly	<<nejedly>> hart state urban and coastal park	needly|needy
production-1981-vol1-chapters	996	35.1	escent	equipment <<escent>>	ascent|bescent|descent|escena|essent|scent
production-1981-vol1-chapters	1003	14.5	ghpp	excess of and b by <<ghpp>> in excess	gapp|gepp|ghp|ghrp|gipp|gpp
production-1981-vol1-chapters	1013	36.0	biam	<<biam>> ss eesereeseeeeees	baam|baim|bam|bcam|beam|bham
production-1981-vol1-chapters	1014	35.0	opmenl	<<opmenl>> eects	open|opment
production-1981-vol1-chapters	1014	35.1	eects	opmenl <<eects>>	ects|eecs|eets|ejects|elects|erects
production-1981-vol1-chapters	1036	29.0	cquipmenl	<<cquipmenl>> eeeserescteeeesereerenee	equipment
production-1981-vol1-chapters	1044	4.0	toloby	<<toloby>> seseeeerensevees	colony|tooby
production-1981-vol1-chapters	1045	12.0	qtams	<<qtams>> oo eeseseesseeesesereresrerstteestseeetseers oo d g ol	stams|tams
production-1981-vol1-chapters	1045	17.3	dosot	stains oo eeesesseereeeetereeseerenreesseererenss <<dosot>>	donot|doot|dorot|dosnt|doson|dost
production-1981-vol1-chapters	1052	4.0	opmenl	<<opmenl>> eeseseeeesseersteenereeseees	open|opment
production-1981-vol1-chapters	1053	24.0	icappe	<<icappe>> oo eee eeeesesssee ersereereees	cappe
production-1981-vol1-chapters	1059	7.0	abemen	<<abemen>> tree	axemen|been
production-1981-vol1-chapters	1059	21.0	qtam	<<qtam>> o ceetcrtereeeeeeretaeeees go	atam|etam|itam|qam|qta|qtum
production-1981-vol1-chapters	1063	2.0	ptojechs	<<ptojechs>> oo eeserccereetersreereereee	projects
production-1981-vol1-chapters	1074	20.0	pemsation	<<pemsation>> oe eeseeeseecreesersesseseressetstessseerseeserseerseserrs	cessation
production-1981-vol1-chapters	1074	26.0	nonfacullty	<<nonfacullty>> cscs	nonfaculty
production-1981-vol1-chapters	1074	30.1	nonacademiic	leges <<nonacademiic>>	nonacademic
production-1981-vol1-chapters	1076	32.0	nonfacullty	<<nonfacullty>> eee	nonfaculty
production-1981-vol1-chapters	1081	0.0	mncultural	<<mncultural>> associanons	cultural
production-1981-vol1-chapters	1081	0.1	associanons	mncultural <<associanons>>	associations
production-1981-vol1-chapters	1122	37.9	tvves	current rate ver annum received on similar <<tvves>> of	taves|teves|toves
production-1981-vol1-chapters	1126	34.2	cretany	approv ee <<cretany>> of state july	cretan|cretans
production-1981-vol1-chapters	1160	14.3	linotypers	a pressmen typographers <<linotypers>> compositors	linotyper
production-1981-vol1-chapters	1163	0.0	reaa	<<reaa>>	eaa|meaa|raa|raaa|raea|rea
production-1981-vol1-chapters	1164	42.0	reaqa	<<reaqa>>	raqa|reada|reata
production-1981-vol1-chapters	1212	20.4	warwork	a engage in civilian <<warwork>> pursuant to mandatory order of	warworn|waxwork
production-1981-vol1-chapters	1225	40.8	prionty	worktime shall upon request be given first <<prionty>> for	printy
production-1981-vol1-chapters	1259	31.8	multiphed	one percent of the entire unpaid balance <<multiphed>> in either	multiped
production-1981-vol1-chapters	1283	47.0	qaas	<<qaas>>	aaas|aas|baas|caas|daas|faas
production-1981-vol1-chapters	1329	0.0	wircn	<<wircn>> represents sd percent of tne	wicn
production-1981-vol1-chapters	1339	0.1	nhyarocarbons	omer <<nhyarocarbons>>	hydrocarbons
production-1981-vol1-chapters	1339	21.10	enforceably	first year in which the land was <<enforceably>> restricted	enforceable
production-1981-vol1-chapters	1339	24.12	enforceably	first year in which the land was <<enforceably>>	enforceable
production-1981-vol1-chapters	1342	46.5	vshen	except as provided in section <<vshen>> valuing	ashen|shen
production-1981-vol1-chapters	1343	2.0	enforceably	<<enforceably>> restricted but shall value such lands by	enforceable
production-1981-vol1-chapters	1343	26.3	enforceably	an instrument which <<enforceably>> restricts the land stipulate therein	enforceable
production-1981-vol1-chapters	1373	21.2	vanable	standardization of <<vanable>> rate mortgage instruments is	anable|sanable|venable
production-1981-vol1-chapters	1387	4.1	metalizing	e <<metalizing>>	mentalizing|metallizing
production-1981-vol1-chapters	1392	47.2	metalizing	v e <<metalizing>>	mentalizing|metallizing
production-1981-vol1-chapters	1411	1.6	paicines	b route to route passing near <<paicines>>	vaccines
production-1981-vol1-chapters	1413	20.3	woodfords	b route near <<woodfords>> to the nevada state line	woodford|woodforde
production-1981-vol1-chapters	1414	38.7	paicines	a route near hollister to route near <<paicines>>	vaccines
production-1981-vol1-chapters	1415	0.0	repeaicd	<<repeaicd>>	repealed
production-1981-vol1-chapters	1454	20.0	offramps	<<offramps>> and freeway connectors the sliding fifth wheel	offramp
production-1981-vol1-chapters	1456	0.1	secnon	uus <<secnon>>	secon|senon|sesnon
production-1981-vol1-chapters	1464	0.0	tthap	<<tthap>>	thap|tthat
production-1983-vol2	34	30.0	qobe	<<qobe>> esscecreeees barber correctional facility	bobe|cobe|dobe|gobe|hobe|jobe
production-1983-vol2	35	46.0	qbbt	<<qbbt>> veeresccssereeees vocational instructor airframe mechanics	bbt|tbbt
production-1983-vol2	36	18.0	qaqg	<<qaqg>> ecceccsrereers vocational instructor electrical	qaq|qaqa
production-1983-vol2	36	20.0	qaqb	<<qaqb>> rrceeeenes vocational instructor electronics	qalb|qaq|qaqa
production-1983-vol2	36	46.0	qeqt	<<qeqt>> ooecccsccesesreeee vocational instructor mechanical	eqt|qet
production-1983-vol2	37	9.0	qegt	<<qegt>> o sssevseserens vocational instructor radiologic	egt|qet|regt
production-1983-vol2	71	42.8	fload	of way miles to white s bridge <<fload>> thence east along	flad|float|flood|floud|floyd|foad
production-1983-vol2	101	41.0	piant	<<piant>>	giant|hiant|iant|paint|pant|phant
production-1983-vol2	111	16.7	holcling	and without the necessity of calling and <<holcling>> an election in the	holling
production-1983-vol2	136	18.0	siotiets	<<siotiets>> eeesccccsseeeeeceesesseseers	sixtieth
production-1983-vol2	136	30.0	sotvices	<<sotvices>> vissesceceeceeseeseneesesenees	services
production-1983-vol2	136	32.0	solvices	<<solvices>> eeccesesecceeetseereeeenees	services
production-1983-vol2	136	46.0	officet	<<officet>> eeceeeeseeceeereeereeeeres	office|officel|officer|offices
production-1983-vol2	153	0.1	citity	marketer <<citity>>	citify|citty|city
production-1983-vol2	181	26.1	forrns	noncompliance <<forrns>> the fee charged shall be calculated to	forres
production-1983-vol2	196	12.2	noncost	which received <<noncost>> based scheduled rates during the	oncost
production-1983-vol2	218	21.0	comdinea	<<comdinea>> sessveessssonreenssensesvensasensoreseessensseassonsoreens	combined
production-1983-vol2	229	4.7	watil	this section shall remain in effect only <<watil>> january and	datil|fatil|patil|wail|wakil|watel
production-1983-vol2	257	17.2	noncost	which received <<noncost>> based scheduled rates during the	oncost
production-1983-vol2	257	18.3	noncost	fiscal year a <<noncost>> based scheduled rate provider is one whose	oncost
production-1983-vol2	285	42.7	orilly	c this section shall remain in effect <<orilly>> until january	crilly|frilly|orally|oreilly|orilla|prilly
production-1983-vol2	347	20.8	accic	provide for the payment of life sick <<accic>> ent or other benefits	accc|acci|accid|accio|acid|acmic
production-1983-vol2	361	4.8	clebtor	shall be treated as stock of the <<clebtor>> corporation	cleator
production-1983-vol2	364	0.0	pinaing	<<pinaing>> on tne taxpayer	pinang|pinging|pining|pinking|pinning|pinwing
production-1983-vol2	392	0.0	talscript	<<talscript>>	transcript
production-1983-vol2	415	21.6	ovyner	the public corporation state or private <<ovyner>> for the actual cost	vyner
production-1983-vol2	421	9.3	orany	by this part <<orany>> other law	arany|ofany|oracy|oran|orana|orand
production-1983-vol2	484	11.3	ectec	the member se <<ectec>> by the employee including but not limited	ctec|ecec|ecotec|estec|etec
production-1983-vol2	484	12.3	gaiions	payments or o <<gaiions>> incurred for trave meals and lodging the	gabions
production-1983-vol2	484	40.6	disrniss	governing boards of school districts shell <<disrniss>>	dismiss
production-1983-vol2	500	43.3	pwoil	attendance of the <<pwoil>> at school	poil
production-1983-vol2	507	47.0	oosn	<<oosn>>	bosn|hosn|oon|oons|oos|oose
production-1983-vol2	510	48.0	oogk	<<oogk>>	ooak|oog|ooga|ook|oook
production-1983-vol2	524	2.7	cheptered	of this article or any other provision <<cheptered>> curing the	chaptered
production-1983-vol2	531	46.0	resd	<<resd>>	esd|read|recd|red|redd|reds
production-1983-vol2	544	0.1	deimng	tom <<deimng>> preparea	deming
production-1983-vol2	544	0.2	preparea	tom deimng <<preparea>>	prepara|prepare|prepared|preparer|prepares
production-1983-vol2	544	13.8	xitia	subject to the assessment limitations of article <<xitia>> of the	itia|litia|mitia|sitia|titia
production-1983-vol2	546	23.0	jamuaty	<<jamuaty>> cccessersesssvsereceessereseseeeees q	january
production-1983-vol2	560	7.0	petcone	<<petcone>> sssscssesssecscsssrsssrsrserevsserevsevsssenseseseresensnes	petcoke|petone|petrone
production-1983-vol2	595	47.1	oloo	inn <<oloo>>	aloo|bloo|floo|gloo|loo|looo
production-1983-vol2	649	2.4	cesesee	ration and site work <<cesesee>>	lessee
production-1983-vol2	649	40.0	ptojechs	<<ptojechs>> oo ereeeee	projects
production-1983-vol2	650	42.0	tauion	<<tauion>> csssesssessssssecerevensersssersessenesesers	talion|tapion|tation|tauron
production-1983-vol2	712	3.0	comunittee	<<comunittee>>	committee
production-1983-vol2	756	3.4	ecesee	senior municipal court clerk <<ecesee>> al	eceses
production-1983-vol2	757	13.5	frorn	deciding when to recover costs <<frorn>> those organizations pursuant to	forn|fron|fror|frore|frory|frown
production-1983-vol2	852	46.0	oojc	<<oojc>>	objc|ojc|ooc
production-1983-vol2	914	0.4	birin	description including date o <<birin>> color of eyes and hair sex height	airin|barin|berin|bidin|bijin|bikin
production-1983-vol2	932	0.0	athrm	<<athrm>> or reduce the action of the appointing	thrm
production-1983-vol2	969	0.0	oallary	<<oallary>> agencies	gallary|mallary|salary|vallary
production-1983-vol2	977	0.4	ucense	the term or tne <<ucense>>	cense
production-1983-vol2	981	0.1	sclienccs	clal <<sclienccs>>	sciences
production-1983-vol2	1017	18.1	nonreserved	article <<nonreserved>> water rights for federal uses	nonreserve|unreserved
production-1983-vol2	1100	0.4	hmited	when the allegation is <<hmited>> to failure to report not more than	smited
production-1983-vol2	1136	21.1	keysets	or <<keysets>> or private branch exchanges or private automatic	keydets|keyset
production-1983-vol2	1143	21.0	intercommunications	<<intercommunications>> devices for the deaf or severely	intercommunication
production-1983-vol2	1149	12.3	accessway	adversely affected dedicated <<accessway>> shall not be required to be	accessways
production-1983-vol2	1149	15.0	accessway	<<accessway>>	accessways
production-1983-vol2	1167	0.0	sibncq	<<sibncq>> eee	since
production-1983-vol2	1176	17.0	mcumbent	<<mcumbent>> officer of a county are not delivered	cumbent
production-1983-vol2	1204	36.2	nejedly	z berg <<nejedly>> forest practice act of as required by	needly|needy
production-1983-vol2	1207	9.4	nonowned	of the use of <<nonowned>> motor vehicles or if the automobile liability	nonowner
production-1983-vol2	1213	37.4	nonowned	of the use of <<nonowned>> motor vehicles or if the automobile liability	nonowner
production-1983-vol2	1263	7.8	powerpacks	or class c explosives such as explosive <<powerpacks>> in the	powerpack
production-1983-vol2	1265	40.1	lmethadol	alnhacetv <<lmethadol>>	methanol
production-1983-vol2	1266	35.0	properidine	<<properidine>>	piperidine
production-1983-vol2	1267	9.0	myrophine	<<myrophine>>	morphine
production-1983-vol2	1267	24.0	diethyltryptamine	<<diethyltryptamine>>	dimethyltryptamine
production-1983-vol2	1267	25.0	dimethyliryptamine	<<dimethyliryptamine>>	dimethyltryptamine
production-1983-vol2	1267	32.2	piperidy	n ethyl <<piperidy>> benzilate	piperide
production-1983-vol2	1267	32.3	benzilate	n ethyl piperidy <<benzilate>>	benzolate
production-1983-vol2	1267	33.3	benzilate	n methy piperidyl <<benzilate>>	benzolate
production-1983-vol2	1267	35.0	psilocyn	<<psilocyn>>	psilocin|psilocybin
production-1983-vol2	1267	36.0	tetrahydrocannabinols	<<tetrahydrocannabinols>>	tetrahydrocannabinol
production-1983-vol2	1325	46.10	usurv	to make new small business loans existing <<usurv>> limits	surv|usure|usurp|usury
production-1983-vol2	1375	0.0	teiistated	<<teiistated>>	reinstated
production-1983-vol2	1407	0.0	appncation	<<appncation>> dy resolution	application
production-1983-vol2	1408	13.0	systern	<<systern>> by small business enterprises	sistern|systen|syster
production-1983-vol2	1449	6.7	halfbloods	a except as provided in subdivision b <<halfbloods>> adopted	halfblood
production-1983-vol2	1465	1.0	ifmy	<<ifmy>> spouse survives me then i give all	iffy|ifly|ifm|ifma|ify|immy
production-1983-vol2	1495	36.1	unmerger	article <<unmerger>> of parcels	unmerge|unmerged
production-1983-vol2	1497	8.0	enforceably	<<enforceably>> restricted open space land pursuant to a	enforceable
production-1983-vol2	1498	4.6	unmerger	the parcels meet the standards for <<unmerger>> specified in section	unmerge|unmerged
production-1983-vol2	1498	16.5	unmerger	parcel for which application for <<unmerger>> is made which are	unmerge|unmerged
production-1983-vol2	1501	28.10	nonpurchasers	that are or will be available to <<nonpurchasers>>	nonpurchaser
production-1983-vol2	1506	44.0	oolc	<<oolc>>	holc|oclc|olc|ooc|oocl|ool
production-1983-vol2	1551	17.5	rocketeering	and rifle shooting rock climbing <<rocketeering>> rodeo spelunking	racketeering
production-1983-vol2	1601	34.0	aipie	<<aipie>> eee eeteseecseseerncneneevecsesvavsvenvevacserenveseeseessnvererees	ailie|aimie|appie|aspie
production-1983-vol2	1601	37.0	calave	<<calave>> as ccc cscscescccessesscescosccssrsesseceecereesessescsnseecencneeetes	calade|calame|calavo|calve|casave|clave
production-1983-vol2	1601	42.1	csti	pp <<csti>> ooo	asti|casti|cati|cdti|ceti|citi
production-1983-vol2	1602	10.0	menocino	<<menocino>> ecssessesvssssssssessensssseucnetecesecsensstenssesesseeeens	mendocino
production-1983-vol2	1602	14.0	monletey	<<monletey>> ssssvsvevscssersvesesssesvscseneneneuenevsversnsnersseneneavane	monterey
production-1983-vol2	1602	18.0	piacel	<<piacel>> csesesssssereccseseeseesessesesseeserseeesrsressesensensevseeseenters	piace|piacle
production-1983-vol2	1602	20.0	riveysice	<<riveysice>> cesccsvsecsvesvecessssesseenssecersveceevecveserscnceavecsevers	riverside
production-1983-vol2	1602	33.0	sictta	<<sictta>> oo eeeecesssenesesseccerserssesecoeerssessucnecsnsensestersesssersesressens	sitta
production-1983-vol2	1602	35.0	sodamo	<<sodamo>> s cscescssscvesssessessesessessenecnsnsesnserssnssssesestenseneeesnees	sidamo|sodam|sodano
production-1983-vol2	1602	39.0	telrama	<<telrama>> scccesssssessessesecsscsrccscvsesersueersererssssnsensersesseserenees	tehama
production-1983-vol2	1655	12.2	aagg	a at <<aagg>> q ooo ccccsescsssssesssssssssssssssssstsesessssssssentee	aag|aage|aagh|aang|aapg|agag
production-1983-vol2	1720	0.0	ycatrs	<<ycatrs>>	years
production-1984-vol2	18	21.0	erein	<<erein>>	brein|eremin|eren|ergin|erien|erin
production-1984-vol2	24	48.0	oorf	<<oorf>>	corf|dorf|korf|morf|norf|oof
production-1984-vol2	29	0.1	gletary	and <<gletary>> services	gleary
production-1984-vol2	47	6.1	ceesee	kern <<ceesee>> ceresessersevseeee	ceecee|keesee|seesee
production-1984-vol2	47	12.0	otanze	<<otanze>> eeeseeeereeeees	orange|stanze
production-1984-vol2	48	0.0	otanze	<<otanze>> creer	orange|stanze
production-1984-vol2	48	8.0	tullare	<<tullare>> eeccceeeeeeeesss	tulare
production-1984-vol2	48	9.0	veniuta	<<veniuta>> ccreeeeeereeeee	venita|ventura
production-1984-vol2	48	13.3	ccceres	del norte c <<ccceres>>	caceres|ceres
production-1984-vol2	79	21.10	becorne	operative if both bills are enacted and <<becorne>>	bicorne
production-1984-vol2	81	0.0	tcau	<<tcau>>	cau|dcau|tau|tca|tcad|tcam
production-1984-vol2	90	26.0	propnation	<<propnation>> made by this schedule shall be in	pronation|propination
production-1984-vol2	165	0.0	tsoms	<<tsoms>>	soms|thoms|toms|tooms|troms|tsos
production-1984-vol2	259	12.1	forrn	to <<forrn>> a local transportation commission the local	foran|foren|forn|forr|forro|forry
production-1984-vol2	330	0.0	nauciary	<<nauciary>>	naucrary
production-1984-vol2	377	4.1	roilk	manufacturing <<roilk>> producer and a manufacturing milk handler	roil|roils|roily
production-1984-vol2	379	2.0	remanufacturers	<<remanufacturers>> shali use numbered report of sale forms	remanufacturer
production-1984-vol2	385	27.3	slgo	site tou ceecseecsestsscsesscseresseseevsecsseressecesteressseseserserrsereresseeererne <<slgo>>	algo|lgo|sago|sego|sgo|sigo
production-1984-vol2	396	27.7	uncreamed	half and half or light sour cream <<uncreamed>> creamed or partially	increased|uncreased|uncreated|undreamed
production-1984-vol2	419	9.3	rneats	sale of fresh <<rneats>> derived from united states department of	neats
production-1984-vol2	431	4.9	frorn	remove any danger presented to other persons <<frorn>>	forn|fron|fror|frore|frory|frown
production-1984-vol2	438	1.10	coowner	result of ownership of shares solely as <<coowner>> of	cooner|crowner
production-1984-vol2	443	0.1	gepentures	ana <<gepentures>>	debentures
production-1984-vol2	449	31.8	frorn	to afford children the maximum protection possible <<frorn>>	forn|fron|fror|frore|frory|frown
production-1984-vol2	475	15.0	resorptions	<<resorptions>>	resolutions|resorption
production-1984-vol2	511	39.5	frorn	body as defined in section <<frorn>> conducting a closed session	forn|fron|fror|frore|frory|frown
production-1984-vol2	518	34.0	enforceably	<<enforceably>> restricted open space land other than land	enforceable
production-1984-vol2	519	13.3	enforceably	an instrument which <<enforceably>> restricts the land stipulate therein	enforceable
production-1984-vol2	522	40.2	enforceably	when valuing <<enforceably>> restricted historical property	enforceable
production-1984-vol2	523	9.0	enforceably	<<enforceably>> restricted	enforceable
production-1984-vol2	523	15.7	enforceably	if the parties to an instrument which <<enforceably>> restricts the	enforceable
production-1984-vol2	545	0.1	organizanon	ls <<organizanon>> dowers and guues	organization
production-1984-vol2	651	19.0	jandscaping	<<jandscaping>> ard other yard improvements these lands are	landscaping
production-1984-vol2	678	46.0	tanuarv	<<tanuarv>>	january
production-1984-vol2	687	9.3	umform	conform to the <<umform>> standards and specifications adopted by the	unform
production-1984-vol2	805	33.1	enplanement	h <<enplanement>> means the boarding of an aircraft by	enplanements
production-1984-vol2	835	19.3	curnulate	all members may <<curnulate>> their votes for candidates in nomination	curvulate
production-1984-vol2	852	0.4	wazzes	of ms or net <<wazzes>>	jazzes|razzes|wizzes
production-1984-vol2	857	36.3	frorn	under this article <<frorn>> february to september inclusive	forn|fron|fror|frore|frory|frown
production-1984-vol2	862	0.2	famuy	oyr net <<famuy>>	family|famiy|famly|famu|kamuy
production-1984-vol2	864	18.0	busline	<<busline>> an employee of a telephone company occupants	busine|buslines|bustline
production-1984-vol2	902	44.2	condemnors	applied to <<condemnors>> whose determination of necessity is not	condemners|condemnor
production-1984-vol2	903	25.0	sistanice	<<sistanice>> cescssereeseeesresseretereerertersress g	distance
production-1984-vol2	945	38.6	misdealings	guilty of misrepresentation fraud or financial <<misdealings>>	misdealing
production-1984-vol2	977	47.0	treaqa	<<treaqa>>	treasa
production-1984-vol2	992	0.1	appucd	b <<appucd>>	append
production-1984-vol2	997	10.7	jeaffs	m this section shall not apply to <<jeaffs>> other than open end	jeffs|staffs
production-1984-vol2	1011	22.7	halfbloods	a except as provided in subdivision b <<halfbloods>> adopted	halfblood
production-1984-vol2	1015	33.0	arrier	<<arrier>>	aerier|airier|arrie|arriere|arriet|arriver
production-1984-vol2	1033	8.8	prograra	names of those pharmacists who entered the <<prograra>>	programa
production-1984-vol2	1089	5.9	drefl	transmission does not include selling any check <<drefl>>	dreft|drell|drexl|real|refl
production-1984-vol2	1128	25.0	anior	<<anior>> is liable to the person for any	ancor|andor|angor|anier|anio|anion
production-1984-vol2	1181	45.0	teaqa	<<teaqa>>	taqa|teala|teama
production-1984-vol2	1201	7.1	eects	ovet <<eects>> slod plus	ects|eecs|eets|ejects|elects|erects
production-1984-vol2	1202	0.0	mcomme	<<mcomme>>	come|comme|momme
production-1984-vol2	1213	12.1	eects	ovet <<eects>> plus of	ects|eecs|eets|ejects|elects|erects
production-1984-vol2	1325	8.0	acidurias	<<acidurias>> disorders of propionate and methylmalonate metabolism	aciduria
production-1984-vol2	1325	12.0	acidemias	<<acidemias>> which require specialized treatment or service available	acidemia
production-1984-vol2	1349	40.0	acility	<<acility>>	ability|acidity|agility|anility|facility
production-1984-vol2	1352	19.5	overassessments	tax liability tax withheld deficiencies <<overassessments>> or tax	overassessment
production-1984-vol2	1355	6.5	overassessments	tax liability tax withheld deficiencies <<overassessments>> or tax	overassessment
production-1984-vol2	1359	21.5	eects	a deputy clerk i ou <<eects>>	ects|eecs|eets|ejects|elects|erects
production-1984-vol2	1363	8.2	paay	of bas <<paay>> ssecersssssesecsrsseeesesnees bs degree	aay|gaay|paa|paaa|paac|paak
production-1984-vol2	1364	43.0	eeseees	<<eeseees>>	lessees
production-1984-vol2	1365	27.5	eestor	e deputy clerk iv ou <<eestor>>	bestor|lestor|nestor|restor|testor
production-1984-vol2	1393	0.2	nhit	tot employme <<nhit>>	ahit|chit|hit|ihit|khit|nait
production-1984-vol2	1447	13.9	plowdown	person producing cotton in violation of cotton <<plowdown>>	blowdown|lowdown|slowdown
production-1984-vol2	1447	36.9	plowdown	law be in effect by the cotton <<plowdown>> date	blowdown|lowdown|slowdown
production-1984-vol2	1553	0.0	lauu	<<lauu>>	auu|labu|ladu|lagu|lahu|laju
production-1984-vol2	1558	0.0	appued	<<appued>>	applied
production-1984-vol2	1563	0.0	appned	<<appned>>	append|appened|happned
production-1984-vol2	1601	8.3	roorn	entrance into the <<roorn>> or rooms from the exterior of the	boorn|doorn|hoorn|moorn|roon|roor
production-1984-vol2	1615	1.3	nomncome	for personal and <<nomncome>> producing purposes	noncome
production-1984-vol2	1669	4.6	systern	of his coverage under the federal <<systern>>	sistern|systen|syster
production-1984-vol2	1677	7.9	usecl	labor vehicle is any motor vehicle designed <<usecl>>	usec
production-1984-vol2	1678	45.8	prolongated	southeasterly corporate limit line of said city <<prolongated>> thence	prolongate|prolonged
production-1984-vol2	1789	4.1	enplanement	h <<enplanement>> means the boarding of an aircraft by	enplanements
production-1984-vol2	1790	43.1	enplanement	h <<enplanement>> means the boarding of an aircraft by	enplanements
production-1984-vol2	1794	10.0	pprow	<<pprow>> secretary of state september me	parow|prow
production-1984-vol2	1798	36.0	setuction	<<setuction>> s cssesesesscoresteenesstoseesrones	seduction
production-1984-vol2	1799	13.3	reroofing	ii special repairs <<reroofing>> buildings structural and	reproofing
production-1984-vol2	1803	4.9	froin	el cajon la mesa and lemon grove <<froin>> their	broin|foin|frain|frein|frin|froid
production-1984-vol2	1829	0.0	didding	<<didding>>	bidding|diddling|dodding|dudding|gidding|hidding
production-1984-vol2	1832	0.0	tomows	<<tomows>>	tomos|tools
production-1984-vol2	1840	29.0	prequalifications	<<prequalifications>> are not applicable to the award of	prequalification
production-1984-vol2	1854	11.1	watergates	plants <<watergates>> and other works which are provided for	watergate
production-1984-vol2	1881	0.0	gustrict	<<gustrict>>	district
production-1984-vol2	1927	46.0	repezled	<<repezled>>	repealed|repelled
production-1984-vol2	1951	3.1	eseee	monterey <<eseee>>	eeee|eeeee|esee|esere|esmee|estee
production-1984-vol2	1951	13.0	sictta	<<sictta>> scecsecseseesenearenes	sitta
production-1984-vol2	1951	28.0	meiceg	<<meiceg>> cccereeeeee	merced
production-1984-vol2	1953	0.0	rivetsige	<<rivetsige>>	riverside
production-1984-vol2	1953	16.0	glemn	<<glemn>> cccceeeeeeee	glean|gleen|glen|glenn|lemn
production-1984-vol2	1953	25.0	sictta	<<sictta>> eesecerersenenseeees	sitta
production-1984-vol2	1953	33.2	seseee	santa cru <<seseee>>	seeee|seeeee|seesee
production-1984-vol2	1956	29.0	fixuutes	<<fixuutes>> sssresseessesessseeeereresereees	fixtures
production-1984-vol2	1956	41.3	reroofing	ii special repairs <<reroofing>> buildings structural and	reproofing
production-1984-vol2	1956	45.3	eects	building and installation <<eects>>	ects|eecs|eets|ejects|elects|erects
production-1984-vol2	1977	14.5	fslic	by the fdic or the <<fslic>>	flic|folic|slic
production-1984-vol2	1999	0.0	manasemment	<<manasemment>> plargi	management
production-1984-vol2	1999	0.1	plargi	manasemment <<plargi>>	large|pelargi
production-1984-vol2	2019	5.1	goocls	consumer <<goocls>> from a person engaged in the business	gools
production-1984-vol2	2055	24.8	eops	handicaps to increase the number of eligible <<eops>>	aops|bops|cops|dops|eaps|ecps
production-1984-vol2	2055	31.0	eops	<<eops>> goals consistent with this article these goals	aops|bops|cops|dops|eaps|ecps
production-1984-vol2	2056	20.7	eops	completion of their educational goals and objectives <<eops>> shall be	aops|bops|cops|dops|eaps|ecps
production-1984-vol2	2070	26.3	coowner	transfers from one <<coowner>> to one or more owners	cooner|crowner
production-1984-vol2	2106	17.5	sseseee	chief accounting and audit division <<sseseee>> k	assessee
production-1984-vol2	2107	36.0	marshaal	<<marshaal>> ssscssssssssersessessssseevoseevavasscosrsonensassrenesesenensares a	marshal|marshall|mashaal
production-1984-vol2	2108	18.1	zoanl	sot <<zoanl>> ecssessscsssesssssesssersessssseneassenssessanssoessnsesersasneassenes c	zoan|zonal
production-1984-vol2	2108	20.0	stemographer	<<stemographer>> ccsssecssscseseessevsecsnssesvevssesnsvsenserenssesees b	stenographer
production-1984-vol2	2108	29.1	officeel	training <<officeel>> cccsstssesssssseessessesesosvavssessssnseresees f	officel|officiel
production-1984-vol2	2118	48.8	compvensaton	shal receive a two schedule increase inquired <<compvensaton>>	compensation
production-1984-vol2	2121	1.0	mumissioner	<<mumissioner>>	missioner
production-1984-vol2	2125	22.8	nonowned	liability arising out of the use of <<nonowned>> motor vehicles	nonowner
production-1984-vol2	2128	7.0	housetrailers	<<housetrailers>> trailers semitrailers farm machinery construction	housetrailer
production-1984-vol2	2216	12.3	coowner	transfers from one <<coowner>> to one or more owners	cooner|crowner
production-1984-vol2	2221	14.0	comunission	<<comunission>>	commission
production-1984-vol2	2222	14.6	reentrants	or abandonments ii new entrants or <<reentrants>> to the workforce	reentrant
production-1984-vol2	2332	2.7	phenactin	c no codeine compound shall contain aspirin <<phenactin>> or	phenacetin
production-1984-vol3	7	41.3	sicyonia	b ridgeback prawn <<sicyonia>> ingentis	sicyonian|sicyonic
production-1984-vol3	7	41.4	ingentis	b ridgeback prawn sicyonia <<ingentis>>	intents
production-1984-vol3	41	24.0	raanufacturers	<<raanufacturers>>	manufacturers
production-1984-vol3	137	41.0	prezoned	<<prezoned>>	prezone|rezoned
production-1984-vol3	139	4.6	prezoned	what manner the territory shall be <<prezoned>>	prezone|rezoned
production-1984-vol3	185	0.0	cdibromide	<<cdibromide>> shall be deemed to be an amount	dibromide
production-1984-vol3	211	11.0	irnmediately	<<irnmediately>>	immediately|inmediately
production-1984-vol3	230	13.6	xitia	subdivision a of section of article <<xitia>> of the california	itia|litia|mitia|sitia|titia
production-1984-vol3	306	0.6	benent	excess of days in any disability <<benent>> period while receiving	bement|benen|benet|benett|bennet|berent
production-1984-vol3	371	0.5	mcorporates	c section of this bill <<mcorporates>> amendments to section	corporates
production-1984-vol3	385	0.0	vode	<<vode>>	bode|code|dode|fode|gode|hode
production-1984-vol3	416	0.0	aesceribe	<<aesceribe>> condaiuons	describe
production-1984-vol3	465	21.4	nonowned	of the use of <<nonowned>> motor vehicles or if the automobile liability	nonowner
production-1984-vol3	472	26.4	nonowned	of the use of <<nonowned>> motor vehicles or if the automobile liability	nonowner
production-1984-vol3	486	4.1	depredators	to <<depredators>>	depredator|depredatory
production-1984-vol3	510	48.0	oonf	<<oonf>>	conf|onf|oof|ooff|oomf|oon
production-1984-vol3	520	7.8	nonstudents	including but not limited to students and <<nonstudents>> or	nonstudent
production-1984-vol3	543	39.0	sanjohn	<<sanjohn>> road adjacent southerly to the southern pacific	sanjon
production-1984-vol3	544	20.3	gouo	freight depot eesssesessesesssersrenesseseressersesssessreeeres <<gouo>>	fouo|gobo|goco|godo|gogo|goho
production-1984-vol3	597	0.0	sudqivision	<<sudqivision>>	subdivision
production-1984-vol3	635	0.0	tepeaied	<<tepeaied>>	repealed
production-1984-vol3	638	42.0	maiter	<<maiter>>	baiter|gaiter|maier|maiger|mailer|maimer
production-1984-vol3	684	0.2	boobytraps	chapter j <<boobytraps>>	boobytrap
production-1984-vol3	684	13.4	boobytraps	coming across the device <<boobytraps>> may include but are not	boobytrap
production-1984-vol3	693	45.7	nonsecure	camp work furlough facility or any other <<nonsecure>> facility used	insecure
production-1984-vol3	706	48.0	oonf	<<oonf>>	conf|onf|oof|ooff|oomf|oon
production-1984-vol3	756	41.10	vroun	welfare and institutions code or in anv <<vroun>>	aroun|broun|groun|roun|vrouw
production-1984-vol3	815	46.0	vrort	<<vrort>>	rort|voort|vort
production-1984-vol3	862	45.0	immedjatelv	<<immedjatelv>>	immediately
production-1984-vol3	884	32.6	nonreported	reporting and payment of previously underreported <<nonreported>>	nondeported|unreported
production-1984-vol3	898	44.0	nonwage	<<nonwage>> earner filing enforcement program the taxpayer	nonage
production-1984-vol3	906	47.2	fqualiza	board of <<fqualiza>>	equalize
production-1984-vol3	907	21.0	augies	<<augies>> eeeveee	aggies|angies|argies|augie|augier|augites
production-1984-vol3	907	21.1	eeeveee	augies <<eeeveee>>	eeeeee|eeeeeee
production-1984-vol3	908	14.0	aucies	<<aucies>> cceceveee	accies|auces|duties
production-1984-vol3	914	43.4	nonowned	of the use of <<nonowned>> motor vehicles or if the automobile liability	nonowner
production-1984-vol3	923	9.4	nonowned	of the use of <<nonowned>> motor vehicles or if the automobile liability	nonowner
production-1984-vol3	927	0.1	tanons	dt <<tanons>>	anons|canons|talons|tanon|taxons|tenons
production-1984-vol3	972	10.9	virgines	those lands requested by the topanga los <<virgines>> resource	virgenes|virgine|virginis|virgins
production-1984-vol3	977	0.4	sorwaard	approved by governor bay <<sorwaard>> filed with	forward
production-1984-vol3	980	47.2	tvvne	fiind bv <<tvvne>> of asset	tvone
production-1984-vol3	1004	23.1	metalizing	e <<metalizing>>	mentalizing|metallizing
production-1984-vol3	1009	0.1	unpact	environmental <<unpact>> involved	enact|inpact|unact|unfact|unpack
production-1984-vol3	1084	11.4	repackager	represented by the manufacturer <<repackager>> or retailer as being	repackage|repackaged|repackages
production-1984-vol3	1085	24.6	craftspersons	threatens not only professional artists and <<craftspersons>> but art	craftsperson
production-1984-vol3	1088	0.3	retaver	packager trepackager otf <<retaver>>	reaver|retaker
production-1984-vol3	1094	36.1	cretay	approves <<cretay>> of state september	creta|cretan
production-1984-vol3	1112	10.1	itisin	e <<itisin>> the public interest to establish a continuing	irisin|raisin
production-1984-vol3	1115	34.1	upgradient	mile <<upgradient>> from a potential source of drinking water	upgrading
production-1984-vol3	1118	24.5	recompacted	three foot thick layer of <<recompacted>> clay or other natural materials	recomputed
production-1984-vol3	1122	16.6	upgradient	made by collecting a soil sample <<upgradient>> from the impoundment	upgrading
production-1984-vol3	1123	0.0	mommtor	<<mommtor>> wel	motor
production-1984-vol3	1266	1.0	volving	<<volving>> account and to prepare a final report	evolving|solving|valving|volling
production-1984-vol3	1271	35.2	overfiring	f methanol <<overfiring>> and coproduction	overtiring
production-1984-vol3	1290	44.0	achon	<<achon>> was taken by the licensee in retaliation	aceon|achan|achen|achin|acho|achoo
production-1984-vol3	1315	6.4	nonduplicative	for purposes of providing <<nonduplicative>> child development services	nonduplication
production-1984-vol3	1354	13.1	anaction	a <<anaction>> may be brought for the purpose of	abaction|enaction|inaction|unaction
production-1984-vol3	1363	42.4	urdess	parents or guardians and <<urdess>> the minor is placed with relatives	rudess
production-1984-vol3	1390	0.0	gepariment	<<gepariment>>	department
production-1984-vol3	1403	0.0	pernogs	<<pernogs>>	pernods|persons
production-1984-vol3	1416	0.0	guuty	<<guuty>> or a misdemeanor	gouty|guity|gunty|gusty|gutty
production-1984-vol3	1461	3.6	opca	huntington s chorea or olivopontocerebellar ataxia <<opca>>	apca|epca|ipca|mpca|npca|oca
production-1984-vol3	1468	11.0	ooong	<<ooong>> cover te jo fle wh	boong|doong|foong|goong|hoong|joong
production-1984-vol3	1502	44.0	tetrahydrocannabinols	<<tetrahydrocannabinols>> by complaint information or indictment	tetrahydrocannabinol
production-1984-vol3	1508	0.1	ancompetency	db <<ancompetency>>	incompetency
production-1984-vol3	1509	46.0	properidine	<<properidine>>	piperidine
production-1984-vol3	1509	47.0	propiram	<<propiram>>	program
production-1984-vol3	1510	1.0	tilidine	<<tilidine>>	tolidine
production-1984-vol3	1510	25.0	myrophine	<<myrophine>>	morphine
production-1984-vol3	1511	6.1	indolol	thylaminoethy <<indolol>> n n dimethylserolonin	indolyl|indoor
production-1984-vol3	1511	12.4	pyrido	octahydro methoxy methane h <<pyrido>>	period
production-1984-vol3	1511	23.2	piperidy	n ethyl <<piperidy>> benzilate	piperide
production-1984-vol3	1511	23.3	benzilate	n ethyl piperidy <<benzilate>>	benzolate
production-1984-vol3	1511	24.2	piperidy	n methyl <<piperidy>> benzilate	piperide
production-1984-vol3	1511	24.3	benzilate	n methyl piperidy <<benzilate>>	benzolate
production-1984-vol3	1511	26.0	psilocyn	<<psilocyn>>	psilocin|psilocybin
production-1984-vol3	1511	27.0	tetrahydrocannabinols	<<tetrahydrocannabinols>> synthetic equivalents of the	tetrahydrocannabinol
production-1984-vol3	1511	40.4	cyclohexamine	ethylamine n phenylcyclohexyl ethylamine <<cyclohexamine>>	cyclohexanone
production-1984-vol3	1511	43.3	pcpy	names phenyleyclohexy pyrrolidine <<pcpy>> php	cpy|papy|pcp|pcps|pepy|pipy
production-1984-vol3	1513	14.0	dihenoxylate	<<dihenoxylate>>	diphenoxylate
production-1984-vol3	1516	46.0	dizepam	<<dizepam>>	diazepam
production-1984-vol3	1517	28.2	diphenylethane	spa dimethylamino <<diphenylethane>>	diphenylmethane
production-1984-vol3	1523	0.0	buaraian	<<buaraian>>	guardian
production-1984-vol3	1524	17.1	chillums	k <<chillums>>	chillum
production-1984-vol3	1586	44.2	nonsecure	released to <<nonsecure>> placement as a prerequisite to secure	insecure
production-1984-vol3	1599	0.4	comuniss	omer expenses of the <<comuniss>> on	comunist
production-1984-vol3	1608	4.2	cretany	pero ee <<cretany>> of state september	cretan|cretans
production-1984-vol3	1633	26.7	kreutzfeldt	disease multiinfarct disease pick s disease and <<kreutzfeldt>> jakob s	creutzfeldt
production-1984-vol3	1642	15.7	pedophiliac	sexual abuse perpetrators including intra familial and <<pedophiliac>>	pedophilia|pedophilic
production-1984-vol3	1643	37.1	pedophiliac	and <<pedophiliac>> child sexual abusers	pedophilia|pedophilic
production-1984-vol3	1692	0.3	appned	commmumty property so <<appned>>	append|appened|happned
production-1984-vol3	1736	8.1	systern	facilities <<systern>>	sistern|systen|syster
production-1984-vol3	1772	0.1	mcurrea	service <<mcurrea>> pursuant oo suud	correa
production-1984-vol3	1772	0.4	suud	service mcurrea pursuant oo <<suud>>	guud|ruud|saud|scud|shud|skud
production-1984-vol3	1813	15.0	carbonacious	<<carbonacious>> bulking materials including but not limited to	carbonaceous
production-1984-vol3	1826	14.0	coborrower	<<coborrower>> cr where a transfer results from a	borrower
production-1984-vol3	1827	7.7	coborrower	upon the death of the last surviving <<coborrower>> your lender will be	borrower
production-1984-vol3	1857	22.4	becorne	this part shall automatically <<becorne>> a part of the ordinance	bicorne
production-1984-vol3	1881	10.0	intercommunications	<<intercommunications>> devices for the deaf or severely	intercommunication
production-1984-vol3	1921	41.0	ifany	<<ifany>> provision of this title or its application	fany|ifan|ifans|imany|ivany|ofany
production-1984-vol3	1997	41.0	jtanuarv	<<jtanuarv>>	january
production-1984-vol3	2008	24.5	intercommunications	normal hearing by way of <<intercommunications>> devices for the deaf	intercommunication
production-1984-vol3	2013	47.0	facilines	<<facilines>> funded pursuant to it	facilites
production-1984-vol3	2015	24.0	imptovemenes	<<imptovemenes>> cseeseseseereeeeeeees	improvements
production-1984-vol3	2016	0.1	pialis	prenmimary <<pialis>>	cialis|palis|pilis|psalis|sialis
production-1984-vol3	2016	28.0	setuction	<<setuction>> c ceccseseereerestsserssreeereseee	seduction
production-1984-vol3	2029	46.0	reaqa	<<reaqa>>	raqa|reada|reata
production-1984-vol3	2064	8.1	amosite	chrysotile <<amosite>> crocidolite tremolite anthophyllite and	amesite|amorite
production-1984-vol3	2071	1.4	nonsupervisors	well as by their <<nonsupervisors>> and clientele to further this intent	nonsupervisory
production-1984-vol3	2079	27.1	billrooms	quarters <<billrooms>> telephone rooms and offices for the legislative	ballrooms
production-1984-vol3	2135	18.6	caramanlis	in athens greece and president constantine <<caramanlis>> of	karamanlis
production-1984-vol3	2135	36.2	caramanlis	of president <<caramanlis>> to move the summer olympics	karamanlis
production-1984-vol3	2135	41.5	caramanlis	states olympic committee president constantine <<caramanlis>> and	karamanlis
production-1984-vol3	2151	41.1	qoxan	req <<qoxan>>	loan|oxan
production-1984-vol3	2166	27.3	usmial	making and carol <<usmial>> franchise tax board for a suggestion	usual
production-1984-vol3	2168	5.1	usmial	carol <<usmial>> two hundred sixty nine dollars	usual
production-1984-vol3	2186	42.1	oaiso	ben <<oaiso>>	aiso|also|caiso|daiso|kaiso|ogiso
production-1984-vol3	2201	44.1	nagnn	bar <<nagnn>>	nagan|nagin|nann
production-1984-vol3	2202	10.0	stageline	<<stageline>> firm of russell majors waddel provided an	stagelike|stateline
production-1984-vol3	2217	7.9	surabachi	of our nation s flag on mount <<surabachi>> during world war	suribachi
production-1984-vol3	2221	35.3	irala	filartiga v pena <<irala>> a torture suit the second circuit referred	igala|inala|irada|irama|itala|rala
production-1984-vol3	2228	48.1	obdsc	e <<obdsc>>	odds
production-1982-vol1-chapters	17	6.7	rernit	cattle or calves to another person shall <<rernit>> to the director within	reknit
production-1982-vol1-chapters	19	42.4	nonfed	all calves and all <<nonfed>> cattle except cows live weight x	confed
production-1982-vol1-chapters	32	47.2	varimer	or anv <<varimer>> officer or director thereof	larimer|varier
production-1982-vol1-chapters	35	0.3	insnotution	local community ana <<insnotution>>	institution
production-1982-vol1-chapters	84	46.6	gvics	f if any mobilehome owner di <<gvics>> the amount of delinquent	gics|vics
production-1982-vol1-chapters	99	44.3	precomplaint	future pretrial or <<precomplaint>> diversion programs it is also the	precompliant|recomplaint
production-1982-vol1-chapters	102	7.0	ifany	<<ifany>> woman received by or committed to the	fany|ifan|ifans|imany|ivany|ofany
production-1982-vol1-chapters	146	0.0	criapter	<<criapter>>	chapter
production-1982-vol1-chapters	149	0.1	pubue	the <<pubue>> nearing	pube
production-1982-vol1-chapters	159	45.6	rereferred	no person shall be referred oz <<rereferred>> into a program	referred
production-1982-vol1-chapters	173	0.6	alcono	there had been consumption of any <<alcono>> ic beverage or ingestion	alcon|alcona
production-1982-vol1-chapters	187	0.6	comphes	commit him to prison unt he <<comphes>> or is legally discharged	compher|compres|comptes
production-1982-vol1-chapters	187	10.5	wimess	the court may order the <<wimess>> to enter into a written	timess|wiess|witess
production-1982-vol1-chapters	193	19.0	nejedly	<<nejedly>> hart state urban and coastal park	needly|needy
production-1982-vol1-chapters	202	0.0	cmece	<<cmece>>	cece
production-1982-vol1-chapters	202	40.0	ifany	<<ifany>> essential term or condition is violated title	fany|ifan|ifans|imany|ivany|ofany
production-1982-vol1-chapters	207	0.0	repediea	<<repediea>>	remedies
production-1982-vol1-chapters	208	29.0	cerapter	<<cerapter>>	chapter
production-1982-vol1-chapters	215	47.1	enforceably	deemed <<enforceably>> restricted within the meaning of section of	enforceable
production-1982-vol1-chapters	227	12.2	crearns	chloride sulfa <<crearns>> ointments and jellies used for introduction	creates
production-1982-vol1-chapters	251	29.6	inions	summaries of attorney general s o <<inions>>	anions|inion|minions|onions|pinions|unions
production-1982-vol1-chapters	260	0.0	cadq	<<cadq>>	cad|cada|cadc|cadd|cade|cadi
production-1982-vol1-chapters	263	26.7	bdivider	compliance with such conditions by the si <<bdivider>> the fina map	divider
production-1982-vol1-chapters	269	2.7	strearn	of the bank of the waterway river <<strearn>> shall be accepted within	stearn
production-1982-vol1-chapters	296	0.7	specinc	payment is due upon receipt or a <<specinc>> date is not	specifc
production-1982-vol1-chapters	313	0.0	connonues	<<connonues>>	continues
production-1982-vol1-chapters	333	9.5	firefis	j fund means the volunteer <<firefis>> ters length of service	fires
production-1982-vol1-chapters	335	24.5	neerl	provisions of this title authorities <<neerl>> not comply with the	nearl|neel|neer|neera|neeru
production-1982-vol1-chapters	352	0.6	fisce	or the fiscal year and each <<fisce>> year thereafter add to	fice|fisc|fisch|fische|fisco|fiscs
production-1982-vol1-chapters	359	32.3	arrount	percent of the <<arrount>> of the liability for the second monthly	arround
production-1982-vol1-chapters	370	16.1	onjuly	e <<onjuly>> the amounts specified in subdivisions a b	ofjuly
production-1982-vol1-chapters	373	10.5	reimburserr	pursue any remedies to obtain <<reimburserr>> ent available to it under	reimburser
production-1982-vol1-chapters	381	2.5	reasor	in this subdivision shall preclude <<reasor>> able provisions in a plan	feasor|leasor|rasor|reagor|reaser|reaso
production-1982-vol1-chapters	384	0.0	specinc	<<specinc>> instruction in assessment diagnosis prognosis and	specifc
production-1982-vol1-chapters	397	1.8	tabilitated	the lake currently has or when re <<tabilitated>> will have a	facilitated|habilitated
production-1982-vol1-chapters	397	14.5	forrning	plan shall be suitable for <<forrning>> the basis of the agreement specified	forening
production-1982-vol1-chapters	405	30.5	precec	gross sales during the immediately <<precec>> ing month period have	preces
production-1982-vol1-chapters	413	0.6	neecl	than one dollar no refund credit <<neecl>> be made by the holder	neech|neecy|neel
production-1982-vol1-chapters	418	0.2	solicis	dry milk <<solicis>> derived from market milk have been added	solicit|solicits
production-1982-vol1-chapters	418	39.0	hexitols	<<hexitols>> may be added within limits established by	hexitol
production-1982-vol1-chapters	421	19.0	uncreamed	<<uncreamed>> creamed or partially creamed cottage cheese and	increased|uncreased|uncreated|undreamed
production-1982-vol1-chapters	435	38.4	frorn	prevent him or her <<frorn>> purchasing or selling pool quota or	forn|fron|fror|frore|frory|frown
production-1982-vol1-chapters	441	8.8	exceedir	years or in a county jail not <<exceedir>> g one year or by fine not	exceeder
production-1982-vol1-chapters	448	0.0	omlcer	<<omlcer>>	older
production-1982-vol1-chapters	448	1.7	noninmate	assault by a life prisoner on a <<noninmate>>	nominate
production-1982-vol1-chapters	471	6.7	confiscal	deemed a nuisance and it shall be <<confiscal>> d and disposed of in the	nonfiscal
production-1982-vol1-chapters	471	18.6	assavt	b every person who commits an <<assavt>> with a deadly weapon	assart|assaut
production-1982-vol1-chapters	477	26.5	wxais	position drawing when appropriate on <<wxais>> or her training and	wais
production-1982-vol1-chapters	501	43.4	commercin	new construction of any <<commercin>> structure or of the	commerci|commercia|commercio
production-1982-vol1-chapters	518	43.0	oonf	<<oonf>>	conf|onf|oof|ooff|oomf|oon
production-1982-vol1-chapters	523	14.7	izute	sec this act is an urgency st <<izute>> necessary for the	izote
production-1982-vol1-chapters	526	0.3	cmier	approved dy use <<cmier>>	chier|crier|emier|mier
production-1982-vol1-chapters	527	1.1	opiven	ve <<opiven>> eccrine	piven
production-1982-vol1-chapters	537	2.7	speciz	c the estab iskment of a new <<speciz>> service delineated in	speci|specia|specie|specif
production-1982-vol1-chapters	556	37.4	mulemen	ing the horsemen or <<mulemen>> participating in the meeting for fair	muleman|mullen
production-1982-vol1-chapters	559	30.6	coowne	member shares may be issued in <<coowne>> ship to a member and any	clowne|coone|crowne
production-1982-vol1-chapters	559	35.10	coowner	result of ownership of shares solely as <<coowner>> of	cooner|crowner
production-1982-vol1-chapters	573	26.4	regwar	board at the next <<regwar>> meeting of the governing board following	regar|regear
production-1982-vol1-chapters	577	10.5	augmen	transportation for capital outlay in <<augmen>> ation of item	augen|augment
production-1982-vol1-chapters	602	0.3	eluner	joint return dy <<eluner>> spouse as a pension or annuity	ellner|elsner|eluder|elune|eluned|luner
production-1982-vol1-chapters	613	40.6	illege	illegal bribe illegal kickback or other <<illege>> payment under any law	allege|illeg
production-1982-vol1-chapters	621	2.6	naining	certified rehabilitation is completed the re <<naining>> term of the lease	baining|gaining|haining|maining|nailing|nanning
production-1982-vol1-chapters	623	19.5	zwerd	or as a prize or <<zwerd>> under section the preceding sentence	swerd|werd|zwerg
production-1982-vol1-chapters	626	36.0	wilibe	<<wilibe>> distributed commencing not later than such taxable	willbe
production-1982-vol1-chapters	635	10.7	distril	if any portion of a lump sum <<distril>> ution is transferred in a	distil|distri|distrib|distric
production-1982-vol1-chapters	637	24.6	lowable	year reduced by any contributions not <<lowable>> as a deduction	bowable|dowable|flowable|locable|losable|lovable
production-1982-vol1-chapters	643	0.1	pulion	list <<pulion>>	pelion|pulian|pulsion|pulton
production-1982-vol1-chapters	643	45.6	owable	such contribution exceeds the amount a <<owable>> as a deduction	bowable|dowable|mowable|rowable|sowable|towable
production-1982-vol1-chapters	645	42.7	equzi	gross income for such year an amount <<equzi>> to the fair market value	equi
production-1982-vol1-chapters	667	10.4	mathemaz	science engineering and other <<mathemaz>> ically related professions	mathema
production-1982-vol1-chapters	669	2.0	participatir	<<participatir>> g school districts select project participants so	participator
production-1982-vol1-chapters	669	4.9	feecler	or perso s from that school s <<feecler>> elementary school or	feebler|feeler
production-1982-vol1-chapters	669	10.4	matl	the project provides continuing <<matl>> ematics skills training to	atl|catl|maal|madl|mael|mahl
production-1982-vol1-chapters	669	30.2	liccal	therefore each <<liccal>> mathematics project shall conduct an	licca
production-1982-vol1-chapters	677	33.5	reimburserr	pursue any remedies to obtain <<reimburserr>> ent available to it under	reimburser
production-1982-vol1-chapters	685	2.4	presci	possess the qualifications therefor <<presci>> bed by law it shall be	pesci|preci|presi|presti
production-1982-vol1-chapters	689	0.6	pupus	recognizes that there may be some <<pupus>> who cannot meet regular	lupus|pupas|pups|pupu|pupusa|purpus
production-1982-vol1-chapters	693	41.5	furic	unappropriated surplus of the general <<furic>> an amount sufficient to	auric|duric|fric|furi|furia|furie
production-1982-vol1-chapters	695	28.5	devares	therefore the legislature finds and <<devares>> that there is need for	decares
production-1982-vol1-chapters	697	5.5	appropriz	design and implement the most <<appropriz>> e cost effective levels of	appropri
production-1982-vol1-chapters	698	45.1	systern	delivery <<systern>> there shall be one member representing the	sistern|systen|syster
production-1982-vol1-chapters	707	39.3	suprp	property facilities personnel <<suprp>> ies equipment or	supp|supr|supra|supre|supro|surp
production-1982-vol1-chapters	712	45.5	lowable	enrollment to the maximum a <<lowable>> under implementation of the	bowable|dowable|flowable|locable|losable|lovable
production-1982-vol1-chapters	719	1.7	uilay	year from the social account for capital <<uilay>> created under the	ilay|nilay|silay|uily|ulay|unlay
production-1982-vol1-chapters	722	30.2	biennie	the bureau <<biennie>> period renewal fee of fifty dollars for	bennie|bienne|biennia|biennis|binnie
production-1982-vol1-chapters	727	13.6	expenci	the statutes of is a permitted <<expenci>> ture of the general funds	expence
production-1982-vol1-chapters	737	13.9	valzie	be its pre rata share of the <<valzie>> of that interest and	vallie
production-1982-vol1-chapters	746	13.1	prograra	occupational <<prograra>> used to compute the block entitlements	programa
production-1982-vol1-chapters	748	41.2	lavoffs	substantial plant <<lavoffs>>	layoffs
production-1982-vol1-chapters	751	21.7	jementation	resources as may be available the im <<jementation>> plan to be	cementation|dementation
production-1982-vol1-chapters	762	40.9	erefrom	the benefits the services and products c <<erefrom>>	herefrom
production-1982-vol1-chapters	765	32.7	lieris	estate brokers to make loans secured by <<lieris>> on real property for sale	leiris|libris|liers|liris|liveris|pieris
production-1982-vol1-chapters	781	43.5	cominuting	that serve the needs of <<cominuting>> bicyclists including but not	comminuting
production-1982-vol1-chapters	783	8.3	requirir	transportation planning agency <<requirir>> g special transportation	requirer
production-1982-vol1-chapters	789	35.7	prescril	the amounts at levels equal to those <<prescril>> ed by the public utilities	prescribe
production-1982-vol1-chapters	794	0.2	conditione	that botn <<conditione>> sentence anc pronation are euracrizec	condition|conditioned|conditioner|conditions
production-1982-vol1-chapters	797	3.6	emeanors	persons convicted of infractions and misr <<emeanors>> it is not the	demeanors
production-1982-vol1-chapters	811	24.5	upcea	limitations powers and duties arising <<upcea>> breach by the board of	ucea|upca
production-1982-vol1-chapters	812	0.0	marketabdie	<<marketabdie>>	marketable
production-1982-vol1-chapters	821	39.7	sicient	offense defined in section shall be su <<sicient>> proof of conviction	scient|sitient
production-1982-vol1-chapters	827	5.5	cxerate	to construct maintain improve and <<cxerate>> public recreational	cerate
production-1982-vol1-chapters	846	6.0	alamehca	<<alamehca>> sececesccesesscsessssesessesesesenesenssesnececessssesesenessesneesnenres	alameda
production-1982-vol1-chapters	847	4.5	hyaci	the resulting accumulations of water <<hyaci>> th obstruct navigation	haci
production-1982-vol1-chapters	848	14.0	ceiapter	<<ceiapter>>	chapter
production-1982-vol1-chapters	857	3.4	appraisz	recordation or filing independent <<appraisz>> s separate escrows and	appraise
production-1982-vol1-chapters	861	18.2	arrount	consideration the <<arrount>> of revenue received from the timber yield	arround
production-1982-vol1-chapters	863	40.6	morieys	moneys of the loca agency including <<morieys>> deposited in inactive	moreys|morleys
production-1982-vol1-chapters	864	42.0	lavru	<<lavru>>	lars|lavra
production-1982-vol1-chapters	879	12.0	distributees	<<distributees>> other than pursuant to an arrangement negotiated	distributee|distributers|distributes
production-1982-vol1-chapters	893	29.4	frorr	b the amount excluded <<frorr>> gross income under	forr|fror|frore|frory
production-1982-vol1-chapters	899	2.0	ifacorporation	<<ifacorporation>> completely liar dates pursuant to a plan	incorporation
production-1982-vol1-chapters	901	7.2	distributces	of the <<distributces>> other than pursuant to an arrangement	distributes
production-1982-vol1-chapters	911	6.2	cocie	united states <<cocie>> assignee for benefit of creditors or other	ccie|cobie|coche|cocke|cocle|codie
production-1982-vol1-chapters	915	18.5	equive	annually based upon the annual <<equive>> ent of the average rate	equine|equipe|equiv
production-1982-vol1-chapters	917	1.6	contributic	membership in t his systern the <<contributic>> s shall be based upon the	contributi
production-1982-vol1-chapters	917	5.5	contributic	membership in this system the <<contributic>> s shall be based upon the	contributi
production-1982-vol1-chapters	917	40.3	schce	other than a <<schce>> district or community college district submits	sche|schie|schue
production-1982-vol1-chapters	925	0.0	kidnappir	<<kidnappir>> g for ransom	kidnapper|kidnapping
production-1982-vol1-chapters	933	40.9	treasurv	deposit these collections in the cc inty <<treasurv>>	treasur|treasure|treasury
production-1982-vol1-chapters	938	25.4	nonrisk	process claims on a <<nonrisk>> basis for self insured clients	norris
production-1982-vol1-chapters	941	24.6	probatic	subdivision shall be added to that <<probatic>> report	protatic
production-1982-vol1-chapters	957	0.3	orfce	by the statewide <<orfce>>	offce|orce|orfe
production-1982-vol1-chapters	960	0.0	siatewiue	<<siatewiue>> notice or its authorized representatives has reasonable	statewide
production-1982-vol1-chapters	983	20.8	ereunder	provided the lease or a subtenancy t <<ereunder>> does not result	hereunder
production-1982-vol1-chapters	995	9.10	midsite	commracaly referred to as tle beverly glen <<midsite>>	midnite|midsize
production-1982-vol1-chapters	999	35.3	mermal	seabird or marine <<mermal>> is occurring at rate that threatens the	dermal|ermal|germal|meral|mercal|merial
production-1982-vol1-chapters	1003	23.7	cpulsion	time requirement s is impracticable the e <<cpulsion>> hearing may be	pulsion
production-1982-vol1-chapters	1003	36.1	evider	documentary <<evider>> ce on the pupil s behalf including	eider|evader|evide|eviler|vider
production-1982-vol1-chapters	1005	12.8	aulsion	made within schooldays of the date e <<aulsion>> is recommended	alsion|avulsion|pulsion
production-1982-vol1-chapters	1007	2.3	iccal	code relating to <<iccal>> government and declaring the urgency	ical|icca|iccat|ictal|incal
production-1982-vol1-chapters	1015	14.5	banxe	association or qual fied mortgage <<banxe>> making the commitment	bance|bande|bane|bange|banie|banke
production-1982-vol1-chapters	1045	3.4	reaj	all the appropriation items <<reaj>> propriation items and	eaj|raaj|raj|rea|reac|read
production-1982-vol1-chapters	1047	28.7	apilation	for the purpose of providing the cc <<apilation>> of	epilation
production-1982-vol1-chapters	1047	33.0	toau	<<toau>> vo serssrcersessrreensesssrseeressssetseesstarerreresseeaceees	oau|tau|teau|thau|toa|toad
production-1982-vol1-chapters	1049	23.3	refererice	equipment and basic <<refererice>>	reference
production-1982-vol1-chapters	1051	21.0	plemen	<<plemen>> ing the statewide disabled compliance	clemen|elemen|lemen|plamen|pleven
production-1982-vol1-chapters	1055	4.4	oppc	the office of economic <<oppc>> tunity shall	appc|dppc|fppc|ippc|nppc|olpc
production-1982-vol1-chapters	1055	24.1	commieces	soty <<commieces>> ccccccesecccescesenersesesesssecessseeesesenensenee	commences
production-1982-vol1-chapters	1056	37.1	frorn	able <<frorn>> november to january	forn|fron|fror|frore|frory|frown
production-1982-vol1-chapters	1060	44.6	equaliza	for support of state board of <<equaliza>>	equalize
production-1982-vol1-chapters	1064	1.0	equiprnent	<<equiprnent>> secretes	equipment
production-1982-vol1-chapters	1066	11.0	aboncies	<<aboncies>> creer	agencies
production-1982-vol1-chapters	1068	38.0	commiitte	<<commiitte>> secssesersvevssersnssensersees	committe
production-1982-vol1-chapters	1069	14.1	fucad	committee <<fucad>> ccsccsscssevscsscsrcssssscssccsserseresseresteres	fuad|fuca
production-1982-vol1-chapters	1069	31.0	funnd	<<funnd>> ccssssscssrserssersssesssesseesesrensstersesverers	fund|funn|funni|funns|funny
production-1982-vol1-chapters	1070	32.0	nutises	<<nutises>> sesecsssseseesrtsteststssensesteeenes	cutises
production-1982-vol1-chapters	1070	45.0	bfam	<<bfam>> eccccccciiceninnee	afam|baam|bam|bcam|beam|bfa
production-1982-vol1-chapters	1075	20.0	itern	<<itern>> ceerne	intern|isern|iten|iter|stern|tern
production-1982-vol1-chapters	1075	20.1	ceerne	itern <<ceerne>>	cerne|cherne
production-1982-vol1-chapters	1077	47.0	letations	<<letations>> ccccecccereeesesersecesersereersseeee	legations
production-1982-vol1-chapters	1078	39.0	servvicos	<<servvicos>> cecesseserseerevseereesssesserersserrs	services
production-1982-vol1-chapters	1080	14.5	revolv	from the cooperative personnel services <<revolv>>	evolv|resolv|revol|revolt|revolu|revolve
production-1982-vol1-chapters	1081	34.0	setve	<<setve>> fun csscccsccsersvsccsessssreveveneenssecussusescersereesseeresees	seave|selve|serve|setae|sete|sethe
production-1982-vol1-chapters	1083	17.0	muity	<<muity>> fund vossssccsscssssssescsssessssssssessssssncssssssessseeesssseesses	guity|maity|mity|moity|mufty|muite
production-1982-vol1-chapters	1083	23.0	agfaits	<<agfaits>> eecceeseseesscecseseseessocenessenessescaecsscessnevecseavaesreaessen	affairs
production-1982-vol1-chapters	1087	10.1	aciministration	c <<aciministration>>	adiministration
production-1982-vol1-chapters	1088	28.0	opmenl	<<opmenl>> sereeerererereetstrrerrereee	open|opment
production-1982-vol1-chapters	1089	12.0	opmene	<<opmene>> reeessecersererserensecesenenseeenes	opment
production-1982-vol1-chapters	1105	21.1	nvironmen	from <<nvironmen>>	environmen|environment
production-1982-vol1-chapters	1109	23.1	postgames	to <<postgames>> activities and for overtime and	postgame
production-1982-vol1-chapters	1110	13.0	rivetsice	<<rivetsice>> sssssecsescsvsesereecsrsseeseers	riverside
production-1982-vol1-chapters	1111	35.0	reimtursements	<<reimtursements>>	reimbursements
production-1982-vol1-chapters	1113	13.0	meomue	<<meomue>> ccesseecescereceesecessersenenesnsneenses	meme
production-1982-vol1-chapters	1119	34.2	pcolec	by the <<pcolec>> money investment account and	polec
production-1982-vol1-chapters	1121	0.0	lietet	<<lietet>> control ese seeeetetere ree neeees q	listed
production-1982-vol1-chapters	1121	27.0	inspechiols	<<inspechiols>> rerereercerrrereererreeeeee	inspections
production-1982-vol1-chapters	1123	9.0	chonl	<<chonl>> seccescesecoeeese cevssecsersceveresscessersssesssssesssescsrsscneseeeuseetent	choel|choil|chol|chon|chona|chone
production-1982-vol1-chapters	1123	16.0	ploteection	<<ploteection>> ceeecesseceesecersresenrerteeeses	protection
production-1982-vol1-chapters	1124	34.0	plotoction	<<plotoction>> cceeeecessesseseseseeenerseenes	protection
production-1982-vol1-chapters	1131	10.0	etvalion	<<etvalion>> funa ccececesse coseecesrvesecscesneessssoseceessevsseerees	evasion
production-1982-vol1-chapters	1132	18.0	nejedly	<<nejedly>> hart state urban and coastal park	needly|needy
production-1982-vol1-chapters	1133	40.0	elkaorn	<<elkaorn>>	elkhorn
production-1982-vol1-chapters	1135	28.4	eceree	b minor capital outlay <<eceree>>	emeree|everee
production-1982-vol1-chapters	1137	10.0	azoncies	<<azoncies>> ceeereeeeeerereeereeeeeeess	agencies
production-1982-vol1-chapters	1139	20.0	cosiqn	<<cosiqn>> oo eeeeesesstssersnseseeenenessesssensesens	cosign|cosin
production-1982-vol1-chapters	1142	23.6	revolv	payable from the harbors and watercraft <<revolv>>	evolv|resolv|revol|revolt|revolu|revolve
production-1982-vol1-chapters	1143	41.4	prograra	b presley urban fishing <<prograra>>	programa
production-1982-vol1-chapters	1149	6.2	nietos	springs los <<nietos>>	nets|nieto
production-1982-vol1-chapters	1154	4.1	audito	wheeler <<audito>>	ardito|audino|audio|audit|audite|auditor
production-1982-vol1-chapters	1154	34.0	overlood	<<overlood>> park	overflood|overgood|overload|overlook|overlord|overloud
production-1982-vol1-chapters	1157	6.0	nejedly	<<nejedly>> hart state urban and coastal park bond	needly|needy
production-1982-vol1-chapters	1159	0.3	lfzo	tmg w eeeeseereereereeeene <<lfzo>>	lazo|lezo|lfo|lizo|lzo
production-1982-vol1-chapters	1161	5.1	fulim	orientation <<fulim>> eee	felim|flim|fuli|fulin|kulim
production-1982-vol1-chapters	1162	38.1	eects	acquisition <<eects>>	ects|eecs|eets|ejects|elects|erects
production-1982-vol1-chapters	1168	9.0	nejedly	<<nejedly>> hart state urban and coastal park	needly|needy
production-1982-vol1-chapters	1168	20.0	tingemt	<<tingemt>> pump cscsecssesesessesesesesssessesseserssssessseevavanes	tangent
production-1982-vol1-chapters	1168	24.0	quusition	<<quusition>> ccessesceesssseererecseeterseares	question
production-1982-vol1-chapters	1169	0.0	worang	<<worang>> drawings	morang|orang|worng|wrang
production-1982-vol1-chapters	1169	16.3	svwra	holl ster hills <<svwra>> working drawings	svara
production-1982-vol1-chapters	1173	3.0	refgio	<<refgio>>	refugio|reggio|regio
production-1982-vol1-chapters	1173	19.0	itern	<<itern>> q budget act of topanga	intern|isern|iten|iter|stern|tern
production-1982-vol1-chapters	1173	37.0	tior	<<tior>>	dior|fior|ior|itor|lior|mior
production-1982-vol1-chapters	1173	45.0	itern	<<itern>> k budget act c malibu	intern|isern|iten|iter|stern|tern
production-1982-vol1-chapters	1176	1.3	rowher	of los angeles <<rowher>> flats off high	cowher|rocher|rohwer|rother|rower
production-1982-vol1-chapters	1181	0.0	preacquisition	<<preacquisition>> planning	proacquisition|reacquisition
production-1982-vol1-chapters	1181	44.3	salinon	folsom lake sra <<salinon>> falls	salinan|salino
production-1982-vol1-chapters	1185	36.4	moniczs	for suport of santa <<moniczs>> mountains	monicas
production-1982-vol1-chapters	1185	37.0	comsetvancy	<<comsetvancy>> sececee ceceseeseesseesteceeeteeeseverte cenevsesenenees	conservancy
production-1982-vol1-chapters	1186	39.3	vaeee	resources eccescecesecersecetstseee sortteststrrestertererns <<vaeee>>	valee|vanee|varee
production-1982-vol1-chapters	1187	17.0	cvalion	<<cvalion>> eescsces ceseererreecserteeerrrnecenee	calion
production-1982-vol1-chapters	1187	33.3	frorn	charged to programs <<frorn>> all support appropriations	forn|fron|fror|frore|frory|frown
production-1982-vol1-chapters	1188	42.5	reees	energy and resources fund ose <<reees>>	raees|redes|reeds|reee|reefs|reeks
production-1982-vol1-chapters	1189	41.2	cornamencing	and é <<cornamencing>> with section	ornamenting
production-1982-vol1-chapters	1191	1.3	nmencing	with section cc <<nmencing>>	amending
production-1982-vol1-chapters	1207	8.0	integratir	<<integratir>> g the federal programs with state	integrator
production-1982-vol1-chapters	1207	45.1	fiscz	c <<fiscz>> intermediary man	fisc|fisch|fisco|fiscs
production-1982-vol1-chapters	1215	30.6	ghpp	in excess of and b by <<ghpp>> in	gapp|gepp|ghp|ghrp|gipp|gpp
production-1982-vol1-chapters	1222	33.8	endors	from birth to age three which pays <<endors>>	enders|endor|endora|endore|endorse|endos
production-1982-vol1-chapters	1223	45.5	hcime	mental y disabled children at <<hcime>>	chime|cime|haime|hime
production-1982-vol1-chapters	1227	21.0	liotl	<<liotl>> oo eeeeeceeseseceseeersesserseeeerterteeereereeee	littl
production-1982-vol1-chapters	1227	30.7	adinin	result in increased cost to any program <<adinin>>	adonin|dinin
production-1982-vol1-chapters	1231	36.5	adamh	ize advance payments of federal <<adamh>> block	adah|adam|adama|adamah|adame|adami
production-1982-vol1-chapters	1231	42.3	adamh	provisions the federal <<adamh>> bloc grant	adah|adam|adama|adamah|adame|adami
production-1982-vol1-chapters	1234	20.0	comsttuction	<<comsttuction>> cecseeeseseeeneestrenesees	construction
production-1982-vol1-chapters	1234	24.0	consetuction	<<consetuction>> ceeseeeeeeseeesreereeeneees	construction|constuction
production-1982-vol1-chapters	1239	18.1	adininistration	personnel <<adininistration>>	adiministration
production-1982-vol1-chapters	1241	2.5	rabilitation	parties s total vocational re <<rabilitation>>	habilitation
production-1982-vol1-chapters	1242	9.0	cpalion	<<cpalion>> seeeeseteeseesesterttsepeeeeseereesnee	calion
production-1982-vol1-chapters	1244	21.2	wcmis	system designated <<wcmis>>	cmis
production-1982-vol1-chapters	1245	45.5	wcmis	ary on the status of <<wcmis>>	cmis
production-1982-vol1-chapters	1246	12.1	wcmis	systems <<wcmis>> ibps or	cmis
production-1982-vol1-chapters	1246	35.0	wcmis	<<wcmis>> ibps and the case	cmis
production-1982-vol1-chapters	1247	11.2	wcmis	system designated <<wcmis>>	cmis
production-1982-vol1-chapters	1247	27.4	wcmis	central index known as <<wcmis>> at no cost to	cmis
production-1982-vol1-chapters	1247	30.4	wcmis	services and support of <<wcmis>> provided to or	cmis
production-1982-vol1-chapters	1248	37.0	incenelives	<<incenelives>> cceeseeceeeesterereeeterreereeree	incentives
production-1982-vol1-chapters	1256	33.2	ccee	d adoptions <<ccee>>	acee|cce|ccea|cced|cces|ccie
production-1982-vol1-chapters	1257	19.2	tviices	ren s <<tviices>> sceeeeesesereesererneee	vices
production-1982-vol1-chapters	1261	47.4	taramedical	chapter statutes of for <<taramedical>>	paramedical
production-1982-vol1-chapters	1262	43.0	liotis	<<liotis>> csccsseeecscenceneesesssorerscesersereeerassnesserstisertesesssereseeeressse	lotis
production-1982-vol1-chapters	1263	16.2	prograra	tions for <<prograra>> institution program payable	programa
production-1982-vol1-chapters	1265	6.0	eility	<<eility>> working drawings and con	bility|exility|vility
production-1982-vol1-chapters	1265	26.0	setuction	<<setuction>> esceeeceseceeteeseeeeeresrecceerer	seduction
production-1982-vol1-chapters	1266	6.0	comsttuction	<<comsttuction>> ccssceesnsenseeceneeersens	construction
production-1982-vol1-chapters	1267	20.0	comsttuction	<<comsttuction>> ecceeseeresrerereseess	construction
production-1982-vol1-chapters	1268	9.2	ccee	prototype design <<ccee>>	acee|cce|ccea|cced|cces|ccie
production-1982-vol1-chapters	1268	13.1	esiqn	type <<esiqn>> ees eereenesteneees	esign|esin
production-1982-vol1-chapters	1268	18.0	consituction	<<consituction>> eseererteesererrerereeee	consitution|constuction
production-1982-vol1-chapters	1271	11.4	prefak	general storage may be <<prefak>>	prefab
production-1982-vol1-chapters	1273	0.1	secunly	mum <<secunly>> support service	secundly|securely
production-1982-vol1-chapters	1273	3.0	inalics	<<inalics>> ceeeresseetserestsersreererereeereees	italics
production-1982-vol1-chapters	1273	35.0	tehackapi	<<tehackapi>>	tehachapi
production-1982-vol1-chapters	1276	6.3	ceceee	c parole services <<ceceee>>	cecere|ceecee|decree
production-1982-vol1-chapters	1279	23.4	cceecee	training penalty assessment fun <<cceecee>>	ceecee
production-1982-vol1-chapters	1282	7.0	cquipmene	<<cquipmene>> esses see eeceeversesaeseeeseeees	equipment
production-1982-vol1-chapters	1289	4.2	eects	ments ou <<eects>> senses	ects|eecs|eets|ejects|elects|erects
production-1982-vol1-chapters	1289	7.0	bursemen	<<bursemen>> of amounts necessary pay costs	horsemen
production-1982-vol1-chapters	1289	36.0	bursemen	<<bursemen>> of the costs of mandated activities	horsemen
production-1982-vol1-chapters	1293	4.7	iccal	in this item shall be allocated for <<iccal>> entitle	ical|icca|iccat|ictal|incal
production-1982-vol1-chapters	1299	42.0	accordar	<<accordar>> ce with provisions of sections	accorder
production-1982-vol1-chapters	1301	28.9	perintend	allocated as a grant by the st <<perintend>>	preintend|printed
production-1982-vol1-chapters	1305	21.3	ecesees	quin valley region <<ecesees>>	eceses
production-1982-vol1-chapters	1309	0.2	carnpus	santa cruz <<carnpus>>	carapus|carnous|carpus
production-1982-vol1-chapters	1309	29.0	telalions	<<telalions>> cccecseccssseceererrececessscesee	relations
production-1982-vol1-chapters	1311	23.0	chlity	<<chlity>> ceececcecscccseessees veeteeee eeeeeeeeeseeeeeee	city
production-1982-vol1-chapters	1313	23.2	cceee	c reimbursements <<cceee>>	aceee
production-1982-vol1-chapters	1313	28.7	ceceee	able from the federal trust fun c <<ceceee>>	cecere|ceecee|decree
production-1982-vol1-chapters	1314	40.0	pfojechs	<<pfojechs>> errs	projects
production-1982-vol1-chapters	1315	23.0	pyojocts	<<pyojocts>> eeecseeeeneeeereeeere	projects
production-1982-vol1-chapters	1316	11.0	contel	<<contel>> ceeeeseeeestcenerseeceseesesersenesseesees	cantel|centel|conatel|connel|conte|contee
production-1982-vol1-chapters	1317	39.1	pfopects	enetzy <<pfopects>> eesererseeeseeene	projects
production-1982-vol1-chapters	1318	0.0	versily	<<versily>> romona	verily|versify|versity
production-1982-vol1-chapters	1322	10.2	seereee	special projects <<seereee>>	seeeee
production-1982-vol1-chapters	1330	24.1	consetvalion	enetly <<consetvalion>> sseeeseecres	conservation
production-1982-vol1-chapters	1334	34.1	plariming	tice <<plariming>> sesssessssesscesssesserssecerseseerssntersecessness	claiming
production-1982-vol1-chapters	1335	1.5	expenci	gram shai be available for <<expenci>> ure if and	expence
production-1982-vol1-chapters	1335	6.0	commenciz	<<commenciz>> g with section of title of	commencing
production-1982-vol1-chapters	1335	40.0	reappropriaztes	<<reappropriaztes>> this amount and amends or re	reappropriates
production-1982-vol1-chapters	1337	0.0	comiets	<<comiets>> cesesessssseseereeeererseresereevsravene	comets|comites
production-1982-vol1-chapters	1339	10.0	reimbursemer	<<reimbursemer>> t of such costs and subdivision d	reimbursement
production-1982-vol1-chapters	1339	41.0	gisctetion	<<gisctetion>> cccceceesevsseserresvssesessensosensensesssesseseressesse sects	discretion
production-1982-vol1-chapters	1342	48.0	ciotis	<<ciotis>> ccerseestscrtrterersrereseeesrreessterreerees	cities|clotis
production-1982-vol1-chapters	1344	18.0	wolkeps	<<wolkeps>> oe cecccececseesesseerersssseereerereeeee	workers
production-1982-vol1-chapters	1348	0.0	wotkets	<<wotkets>> sescssersevsrsserevesscevseneesovsersesosersessevsenesserevessreesens	workers
production-1982-vol1-chapters	1351	17.2	csssee	j reimbursements <<csssee>>	lessee
production-1982-vol1-chapters	1353	4.1	assistar	tive <<assistar>> t payable fron the fair and exposition	assista|assistan|assister|assistir|assistor
production-1982-vol1-chapters	1365	13.0	administretio	<<administretio>> workload of the board of control	administration
production-1982-vol1-chapters	1365	26.0	pemsation	<<pemsation>> ee ssseeseeerevesseseneesverrerrecneneessntsesevensesereneess	cessation
production-1982-vol1-chapters	1367	21.2	ucrs	retirement system <<ucrs>> similar to the bene	acrs|bcrs|ccrs|crs|curs|ecrs
production-1982-vol1-chapters	1370	2.2	ucrs	retirement system <<ucrs>> similar to the bene	acrs|bcrs|ccrs|crs|curs|ecrs
production-1982-vol1-chapters	1372	7.2	ucrs	retirement system <<ucrs>> similar to the bene	acrs|bcrs|ccrs|crs|curs|ecrs
production-1982-vol1-chapters	1377	12.1	encum	related <<encum>> rance or expenditure authorizations	encom|encup|engum|enum
production-1982-vol1-chapters	1377	15.0	augmer	<<augmer>> tation frorn this item to any pro	auger|augier
production-1982-vol1-chapters	1379	16.0	reversicn	<<reversicn>> unallocated capital outlay	reversion
production-1982-vol1-chapters	1381	35.2	izec	adequate specia <<izec>> materials and equipment for the operation of	ibec|idec|iec|ilec|imec|inec
production-1982-vol1-chapters	1382	37.6	reappropriations	sec unless otherwise stated herein all <<reappropriations>>	reappropriation
production-1982-vol1-chapters	1383	4.3	ounts	real property ar <<ounts>> needed for equipment minor projects and	aunts|bunts|counts|cunts|founts|hunts
production-1982-vol1-chapters	1385	0.0	cogeneravion	<<cogeneravion>> syste n	cogeneration
production-1982-vol1-chapters	1391	2.2	seitary	budgeting the <<seitary>> or operating expenses of any position or	sectary|sextary
production-1982-vol1-chapters	1391	47.1	opportunies	career <<opportunies>> development program which provide	opportunites|opportunties
production-1982-vol1-chapters	1397	27.6	decerr	the state controller not later than <<decerr>> ber shall furnish	decern
production-1982-vol1-chapters	1399	9.3	orcler	sec no purchase <<orcler>> for acquisition or replacement of	oraler|orler
production-1982-vol1-chapters	1399	45.2	noleum	equipment stoves <<noleum>> or equipment normally furnished in	novem|oleum
production-1982-vol1-chapters	1401	4.4	necessz	specifications repairs and equipment <<necessz>> y in connection with	necess|recess
production-1982-vol1-chapters	1405	42.4	aarged	to be subsequently c <<aarged>> to the appropriations made to each such	barged
production-1982-vol1-chapters	1408	48.1	legislat	joint <<legislat>> ve budget committee and the fiscal committees	legislate
production-1982-vol1-chapters	1413	25.2	errcl	declaring an <<errcl>> ment emergency authorize the accelerated	errol
production-1982-vol1-chapters	1413	38.3	legislat	of the joint <<legislat>> ve budget committee or not sooner than	legislate
production-1985-vol2	3	31.1	anaction	a <<anaction>> may be brought for the purpose of	abaction|enaction|inaction|unaction
production-1985-vol2	33	20.4	deannexation	detachment means the detachment <<deannexation>>	annexation|reannexation
production-1985-vol2	59	15.5	prezoned	manner the territory shall be <<prezoned>>	prezone|rezoned
production-1985-vol2	92	12.0	ifany	<<ifany>> change of organization or reorganization pertains to	fany|ifan|ifans|imany|ivany|ofany
production-1985-vol2	93	28.1	ifapplicable	b <<ifapplicable>> assign a distinctive short term designation to	inapplicable
production-1985-vol2	101	7.2	disincorporations	incorporations formations <<disincorporations>> mergers	disincorporation
production-1985-vol2	104	48.0	oosac	<<oosac>>	cosac|hoosac|rosa
production-1985-vol2	120	0.0	ucrritory	<<ucrritory>>	territory
production-1985-vol2	125	12.0	allsums	<<allsums>> collected shall be placed in a separate	alliums
production-1985-vol2	272	2.0	heense	<<heense>> but may not act both as a	heene|heese|hense
production-1985-vol2	280	0.0	autnoricy	<<autnoricy>>	authority
production-1985-vol2	358	34.3	factfinders	mediators arbitrators or <<factfinders>> in no case shall these lists	factfinder
production-1985-vol2	370	0.4	dtancnes	mw any of s <<dtancnes>>	stances
production-1985-vol2	471	25.0	plowdown	<<plowdown>> due to adverse weather conditions	blowdown|lowdown|slowdown
production-1985-vol2	485	43.2	mcurred	will be <<mcurred>> because this act creates a new crime	ocurred|scurred
production-1985-vol2	542	35.3	noncontinuing	d for a <<noncontinuing>> violation of primary drinking standards	nonconfining
production-1985-vol2	542	44.7	noncontinuing	each day that the violation occurred for <<noncontinuing>> violations or	nonconfining
production-1985-vol2	549	15.2	dbcp	contaminated by <<dbcp>>	abcp|bcp|cbcp|dbc|dbp|dcp
production-1985-vol2	562	48.0	tanuarv	<<tanuarv>>	january
production-1985-vol2	611	0.1	musied	or <<musied>> thereoy	busied|mused|mushed|musie|mussed
production-1985-vol2	611	0.2	thereoy	or musied <<thereoy>>	thereby|thereof|thereon
production-1985-vol2	647	45.4	nonowned	of the use of <<nonowned>> motor vehicles or if the automobile liability	nonowner
production-1985-vol2	657	6.8	nonowned	liability arising out of the use of <<nonowned>> motor vehicles	nonowner
production-1985-vol2	660	1.5	prezoned	manner the territory shall be <<prezoned>>	prezone|rezoned
production-1985-vol2	661	11.10	prezoned	in what manner the territory shall be <<prezoned>>	prezone|rezoned
production-1985-vol2	681	17.1	onjuly	b <<onjuly>> one or more of the contiguous parcels	ofjuly
production-1985-vol2	681	21.1	onjuly	c <<onjuly>> one or more of the contiguous parcels	ofjuly
production-1985-vol2	685	14.0	onjuly	<<onjuly>> one or more of the contiguous parcels	ofjuly
production-1985-vol2	834	10.1	seontay	appro <<seontay>> of state september j	deontay
production-1985-vol2	885	41.0	inastock	<<inastock>> cooperative separate interest means the exclusive	instock
production-1985-vol2	896	0.0	redaa	<<redaa>>	fedaa|reada|reda|redan|redha|redia
production-1985-vol2	924	0.0	vcotmmittee	<<vcotmmittee>>	committee
production-1985-vol2	948	2.0	tnoor	<<tnoor>> wi	noor|toor
production-1985-vol2	950	2.3	tetrahydrocannabinols	mescaline peyote or <<tetrahydrocannabinols>> by complaint	tetrahydrocannabinol
production-1985-vol2	1020	40.9	nonsecure	camp work furlough facility or any other <<nonsecure>>	insecure
production-1985-vol2	1025	14.4	reerenee	july to january eee <<reerenee>>	reference
production-1985-vol2	1058	44.0	exquipme	<<exquipme>> n cee eeeeveeveereveeerevsesevecneseevevseneenens	equipme
production-1985-vol2	1069	11.0	fonows	<<fonows>> eceeerseseesesseseersecseerestteseresseees g	follows|folows
production-1985-vol2	1077	23.4	engineeringly	a the project is <<engineeringly>> feasible and is capable of	engineering
production-1985-vol2	1106	35.0	ethyleneimine	<<ethyleneimine>>	ethylenimine
production-1985-vol2	1106	36.4	amosite	b asbestos including chrysotile <<amosite>> crocidolite tremolite	amesite|amorite
production-1985-vol2	1149	35.8	powerpacks	or class c explosives such as explosive <<powerpacks>> in the	powerpack
production-1985-vol2	1193	19.4	escent	d county of fresno <<escent>>	ascent|bescent|descent|escena|essent|scent
production-1985-vol2	1208	12.3	coowner	transfers from one <<coowner>> to one or more owners	cooner|crowner
production-1985-vol2	1211	24.3	coowner	transfers from one <<coowner>> to one or more owners	cooner|crowner
production-1985-vol2	1223	17.7	halfbloods	a except as provided in subdivision b <<halfbloods>> adopted	halfblood
production-1985-vol2	1229	0.0	ageclarant	<<ageclarant>>	declarant
production-1985-vol2	1229	16.4	coowner	in joint tenancy each <<coowner>> shall be deemed to have granted to	cooner|crowner
production-1985-vol2	1229	18.9	coowner	the vessel upon the death of a <<coowner>> the interest of the	cooner|crowner
production-1985-vol2	1229	26.3	coowner	grant to each <<coowner>> the absolute power to transfer the title	cooner|crowner
production-1985-vol2	1229	28.0	coowners	<<coowners>>	owners
production-1985-vol2	1229	31.8	coowner	shall thereafter require the signature of each <<coowner>> or his	cooner|crowner
production-1985-vol2	1229	34.0	coowner	<<coowner>> or his or her personal representative shall	cooner|crowner
production-1985-vol2	1229	35.11	coowner	the owners and upon death of a <<coowner>>	cooner|crowner
production-1985-vol2	1229	36.6	coowner	title shall pass to the surviving <<coowner>>	cooner|crowner
production-1985-vol2	1276	0.0	redaa	<<redaa>>	fedaa|reada|reda|redan|redha|redia
production-1985-vol2	1287	32.3	fiador	aviso para el <<fiador>> spanish translation required by	favor|fiodor
production-1985-vol2	1287	33.5	garantice	se le esta pidiendo que <<garantice>> esta deuda piénselo con cuidado	garantie
production-1985-vol2	1287	33.7	deuda	se le esta pidiendo que garantice esta <<deuda>> piénselo con cuidado	dauda|deda|deeda|denda|deuba|duda
production-1985-vol2	1287	34.10	pedido	de acuerdo si la persona que ha <<pedido>> este	pedigo|perdido|period
production-1985-vol2	1287	35.4	deuda	préstamo no paga la <<deuda>> usted tendra que pagarla esté seguro de	dauda|deda|deeda|denda|deuba|duda
production-1985-vol2	1288	0.0	aceptar	<<aceptar>> la responsabuidadq	acceptor
production-1985-vol2	1288	1.5	pedido	si la persona que ha <<pedido>> el préstamo no paga la deuda es	pedigo|perdido|period
production-1985-vol2	1288	1.11	deuda	ha pedido el préstamo no paga la <<deuda>> es	dauda|deda|deeda|denda|deuba|duda
production-1985-vol2	1288	2.11	deuda	que pagar la suma total de la <<deuda>> mas los	dauda|deda|deeda|denda|deuba|duda
production-1985-vol2	1288	3.12	aumenta	pago el costo de cobranza lo cual <<aumenta>>	amenta|armenta|augment|aument|aumento
production-1985-vol2	1288	6.1	tratar	primeramente <<tratar>> de cobrarle al deudor los mismos metodos	tartar|tatar|trata
production-1985-vol2	1288	6.5	deudor	primeramente tratar de cobrarle al <<deudor>> los mismos metodos de	dendor
production-1985-vol2	1288	6.7	mismos	primeramente tratar de cobrarle al deudor los <<mismos>> metodos de	gismos|mimos|mismo
production-1985-vol2	1288	6.8	metodos	tratar de cobrarle al deudor los mismos <<metodos>> de	methods|metodo
production-1985-vol2	1288	7.6	deudor	cobranza que pueden usarse contra el <<deudor>> podran usarse contra	dendor
production-1985-vol2	1288	7.7	podran	cobranza que pueden usarse contra el deudor <<podran>> usarse contra	poduran|pooran
production-1985-vol2	1288	9.1	sueldo	su <<sueldo>> etc si alguna vez no se cumpla	sued|suello|suelo
production-1985-vol2	1288	9.8	cumpla	sueldo etc si alguna vez no se <<cumpla>> con la obligacion de pagar	comply
production-1985-vol2	1288	10.1	deuda	esta <<deuda>> se puede incluir esa informaci n en	dauda|deda|deeda|denda|deuba|duda
production-1985-vol2	1288	10.4	incluir	esta deuda se puede <<incluir>> esa informaci n en la historia de	include
production-1985-vol2	1288	10.6	informaci	esta deuda se puede incluir esa <<informaci>> n en la historia de credito	informal|informasi|informati
production-1985-vol2	1288	13.3	deuda	responsabilidad de la <<deuda>>	dauda|deda|deeda|denda|deuba|duda
production-1985-vol2	1363	17.4	unadjudicated	jurisdiction according to its <<unadjudicated>> notices of violation and	adjudicated
production-1985-vol2	1363	25.4	unadjudicated	jurisdiction according to its <<unadjudicated>> notices of violation	adjudicated
production-1985-vol2	1387	31.0	nonaffiliates	<<nonaffiliates>> of the insurer shall be aggregated with	nonaffiliated
production-1985-vol2	1389	41.4	eraber	secretary of state co <<eraber>>	craber|eraser|erber|graber|raber|traber
production-1985-vol2	1416	0.0	sudqivision	<<sudqivision>>	subdivision
production-1985-vol2	1469	6.0	dtvisicn	<<dtvisicn>>	division
production-1985-vol2	1540	10.3	overdrafted	agencies located in <<overdrafted>> groundwater basins and those	overdrifted
production-1985-vol2	1540	42.0	gvencies	<<gvencies>>	agencies
production-1985-vol2	1590	1.10	precomplaint	as a prerequisite for placement in a <<precomplaint>>	precompliant|recomplaint
production-1985-vol2	1706	44.7	subspeciality	the american board of interna medicine with <<subspeciality>>	subspecialty
production-1985-vol2	1709	4.1	hmited	not <<hmited>> to the following	smited
production-1985-vol2	1714	4.7	subspeciality	the american board of internal medicine with <<subspeciality>>	subspecialty
production-1985-vol2	1769	28.0	coownership	<<coownership>> stock ownership legal or beneficial interest	ownership
production-1985-vol2	1798	38.0	properidine	<<properidine>>	piperidine
production-1985-vol2	1798	39.0	propiram	<<propiram>>	program
production-1985-vol2	1798	41.0	tilidine	<<tilidine>>	tolidine
production-1985-vol2	1798	44.2	piperidinyl	n phenethy <<piperidinyl>> acetanilide or a derivative thereof	piperidine
production-1985-vol2	1798	46.6	piperidiny	analog of acetylfentanyl n thienyl ethyl <<piperidiny>>	piperidine
production-1985-vol2	1799	0.6	mppp	methyi pheny prop ion oxy piperidine <<mppp>>	eppp|mapp|mopp|mpp|mpps|mppt
production-1985-vol2	1799	1.5	pepap	phenethyl phenyl acetyl oxy piperidine <<pepap>>	peap|penal|pepa|pepp|peppa|ppap
production-1985-vol2	1799	24.0	myrophine	<<myrophine>>	morphine
production-1985-vol2	1800	4.1	indolol	thylaminoethy <<indolol>> n n dimethylserolonin	indolyl|indoor
production-1985-vol2	1800	10.4	pyrido	octahydro methoxy methane h <<pyrido>>	period
production-1985-vol2	1800	21.2	piperidy	n ethyl <<piperidy>> benzilate	piperide
production-1985-vol2	1800	21.3	benzilate	n ethyl piperidy <<benzilate>>	benzolate
