production-1957-vol2-57chapters	1671	0.5	ratimed	county of t fresno so <<ratimed>> by a majority of the electors	retimed
production-1957-vol2-57chapters	1675	32.4	palmby	department of agriculture clarence <<palmby>> director of the	palmy|pamby
production-1957-vol2-57chapters	1676	38.1	bomare	facture <<bomare>> guided missiles at an established plant in	board|bomar|bomarc|bomarea|bomaye|comare
production-1957-vol2-57chapters	1689	8.0	andearned	<<andearned>> this charter or by the board uf	unearned
production-1957-vol2-57chapters	1689	41.0	atyest	<<atyest>>	atest|attest
production-1957-vol2-57chapters	1690	29.3	mecea	in the agricultural <<mecea>> that wasco is today from the fertile	meca|mecca|mecha|mecia|medea|metea
production-1957-vol2-57chapters	1694	6.10	medments	the city of alameda a municipal corporation <<medments>>	amendments
production-1957-vol2-57chapters	1700	35.0	cilapter	<<cilapter>>	chapter
production-1957-vol2-57chapters	1702	1.0	ministerig	<<ministerig>> a vase under the fee basis medical	ministering|ministerio
production-1957-vol2-57chapters	1704	21.5	palmby	the department of agriculture clarence <<palmby>> director	palmy|pamby
production-1957-vol2-57chapters	1706	41.10	quannes	of five members one from each super <<quannes>>	quannet
production-1957-vol2-57chapters	1706	42.0	visorial	<<visorial>> district each of whom must be a	mistrial|risorial
production-1957-vol2-57chapters	1709	11.0	citapter	<<citapter>>	chapter
production-1957-vol2-57chapters	1714	51.0	rvinia	<<rvinia>> place sandie pres thus tom ratliff nancy	ovinia|ravinia|vina
production-1957-vol2-57chapters	1715	12.0	zoellen	<<zoellen>> jarvis garry jones kenneth jones larry jones	joellen|zoeller
production-1957-vol2-57chapters	1715	13.3	kainu	nadja johnson philip <<kainu>> david kelso gladys kent	ainu|kaidu|kaifu|kaiju|kain|kaina
production-1957-vol2-57chapters	1719	38.0	warreas	<<warreas>> since the early date of march the	warrens
production-1957-vol2-57chapters	1722	14.11	emnt	city of santa clara a municipal corpora <<emnt>>	cmnt|eant|emat|emet|emit|emn
production-1957-vol2-57chapters	1724	36.0	scuoot	<<scuoot>> department	scoot
production-1957-vol2-57chapters	1727	7.3	ancrues	county or los <<ancrues>>	accrues
production-1957-vol2-57chapters	1727	30.2	osriy	haroutp j <<osriy>>	osric
production-1957-vol2-57chapters	1728	1.10	approsa	assembly of the state of california the <<approsa>>	aporosa
production-1957-vol2-57chapters	1731	24.4	audus	south bay daily breeze <<audus>> w shipton president the	abdus|adus|aldus|audis|auds|audu
production-1957-vol2-57chapters	1732	33.2	gurdice	assistants ross <<gurdice>> and don king to the reverend ralph	guidice
production-1957-vol2-57chapters	1732	36.2	malleu	vand william <<malleu>> charles russell john koljian jack	malle|mallee|mallei|mallen|maller|mallet
production-1957-vol2-57chapters	1732	39.8	briare	mujholland manager of the team to vincent <<briare>>	briar|briard|briars|bridge|briere
production-1957-vol2-57chapters	1735	34.0	warreas	<<warreas>> bill kyne left behind him to grieve	warrens
production-1957-vol2-57chapters	1742	8.5	neecly	needy blind and aid to <<neecly>> children and	neecy|needly|neely
production-1957-vol2-57chapters	1751	5.3	hovsr	action in one <<hovsr>> on bi l transmitted from	hover
production-1957-vol2-57chapters	1757	12.0	committices	<<committices>>	committees
production-1957-vol2-57chapters	1765	1.7	apppro	senate joint resolution no relative to congress <<apppro>>	appro
production-1957-vol2-57chapters	1769	9.6	celistino	grand lodge cabellenos de dimas alang <<celistino>> t	celestino
production-1957-vol2-57chapters	1771	21.0	omeers	<<omeers>> and section a the officers of the	ameers|meers|omers
production-1957-vol2-57chapters	1775	2.1	veiation	heya <<veiation>> section for the purpose of providing funds	velation|venation|vexation|viation
production-1957-vol2-57chapters	1775	36.0	eurring	<<eurring>> of bonded debt of the city including	burring|durring|earring|erring|furring|purring
production-1957-vol2-57chapters	1776	40.0	ebarges	<<ebarges>> do not warrant dismissal it shall have	barges
production-1957-vol2-57chapters	1778	22.2	dimaline	herbert a <<dimaline>>	timaline
production-1957-vol2-57chapters	1778	25.6	dimaline	the recent passing of herbert a <<dimaline>> of madera and	timaline
production-1957-vol2-57chapters	1778	26.2	dimaline	whereas herbert <<dimaline>> was a man of wide experience	timaline
production-1957-vol2-57chapters	1779	8.1	dimaline	elaine <<dimaline>> widow of herbert a dimaline mrs louise	timaline
production-1957-vol2-57chapters	1779	8.6	dimaline	elaine dimaline widow of herbert a <<dimaline>> mrs louise	timaline
production-1957-vol2-57chapters	1779	9.0	dimaline	<<dimaline>> of aransas pass texas his mother ernest	timaline
production-1957-vol2-57chapters	1779	9.8	dimaline	of aransas pass texas his mother ernest <<dimaline>>	timaline
production-1957-vol2-57chapters	1779	10.2	dimaline	and welter <<dimaline>> his brothers and mrs louise dyer and	timaline
production-1957-vol2-57chapters	1780	3.5	powlry	avesayalion of the problems of <<powlry>> producers om	powdry|powley
production-1957-vol2-57chapters	1780	4.0	cultfornia	<<cultfornia>>	california
production-1957-vol2-57chapters	1780	25.0	wlarly	<<wlarly>> depressed prices in the poultry industry and	warly
production-1957-vol2-57chapters	1782	17.1	znkor	adolph <<znkor>> chairman of the board of paramount pictures	ankor|zokor|zukor
production-1957-vol2-57chapters	1783	6.0	ecomme	<<ecomme>> ded for their contribution to the cause	become|comme|ecomm|recomme
production-1957-vol2-57chapters	1785	3.1	jwie	on <<jwie>> graduated from the united states naval	jie|joie|jwe|owie|wie
production-1957-vol2-57chapters	1786	0.0	cilapter	<<cilapter>>	chapter
production-1957-vol2-57chapters	1786	30.4	macgreyor	ment of helen rb <<macgreyor>>	macgregor
production-1957-vol2-57chapters	1788	15.4	mitau	and mrs martin s <<mitau>>	itau|matau|miau|mita|mitad|mitai
production-1957-vol2-57chapters	1788	25.9	cuatu	adoption and ratification of an amendment here <<cuatu>>	catu|cuate|cultu
production-1957-vol2-57chapters	1788	26.12	amendinent	charter of the city of san bernardino <<amendinent>>	amendment
production-1957-vol2-57chapters	1789	45.1	seniee	sewer <<seniee>> charges for sewer service which if so	sendee|senie|senile|sentee
production-1957-vol2-57chapters	1793	0.2	aphie	by geog <<aphie>> areas and be it further	achie|alphie|aphid|aphis|appie|saphie
production-1957-vol2-57chapters	1796	48.11	cissied	shall during the period of such exempt <<cissied>>	cissie|issued
production-1957-vol2-57chapters	1797	40.0	appomtment	<<appomtment>> ce the candidate thus appointed shall be	appointment
production-1957-vol2-57chapters	1799	33.0	eancies	<<eancies>> shall be filled by promotion all examinations	fancies|nancies
production-1957-vol2-57chapters	1800	35.10	smusa	assembly of the state of california the <<smusa>>	amusa|musa|scusa|smsa|smuse|smush
production-1957-vol2-57chapters	1801	47.5	tillmanv	to his sister mrs nora <<tillmanv>>	tillman|tillmann|tillmans
production-1957-vol2-57chapters	1804	14.10	bemy	the council of the city of alameda <<bemy>>	beamy|beby|bely|bem|bema|beme
production-1957-vol2-57chapters	1808	35.0	provipine	<<provipine>> tat ric council by ordinance may fix	providing
production-1957-vol2-57chapters	1809	3.0	epwarp	<<epwarp>> j remy	upwarp
production-1957-vol2-57chapters	1809	24.5	mcxica	day of the republic of <<mcxica>>	mexica
production-1957-vol2-57chapters	1810	15.5	seeretario	sr don luis padilla nervo <<seeretario>> de relaciones exteriores	secretario
production-1957-vol2-57chapters	1811	3.1	lurmerly	fusion <<lurmerly>> incident to such school visitations and turn	formerly
production-1957-vol2-57chapters	1811	24.0	warreas	<<warreas>> though his career as a newspaperman was	warrens
production-1957-vol2-57chapters	1812	0.2	llickey	whereas rudy <<llickey>> lett to mourn hls untimely passing	blickey|lickey
production-1957-vol2-57chapters	1814	21.12	wlenu	of the council a city assessor a <<wlenu>>	wlen
production-1957-vol2-57chapters	1815	25.0	utetston	<<utetston>> of article xxiv section suspension of competition	stetson
production-1957-vol2-57chapters	1816	27.10	limuu	section shall prohibit the doing of such <<limuu>>	limbu|limmu|limu|limuru
production-1957-vol2-57chapters	1819	17.1	snafter	amendment <<snafter>> set forth to the charter of the	shafter|snifter
production-1957-vol2-57chapters	1821	38.1	jusive	playgrounds <<jusive>> power to govern manage and direct all	juive|jussive|justice
production-1957-vol2-57chapters	1822	24.0	demina	<<demina>> hoparr	delina|demian|demin|deming|demint|demna
production-1957-vol2-57chapters	1823	0.0	rainmeking	<<rainmeking>> furnishes a high hope of bringing down	rainmaking
production-1957-vol2-57chapters	1832	47.0	lnsive	<<lnsive>> or made in the interest or in	lnside
production-1957-vol2-57chapters	1835	38.8	winnemucea	a point on u s highway near <<winnemucea>> nevada	winnemucca
production-1957-vol2-57chapters	1836	18.0	wuertas	<<wuertas>> headquarters sixth army presidio of san fran	huertas|muertas|puertas|whereas
production-1957-vol2-57chapters	1838	43.0	toneson	<<toneson>> and	tones|tonson
production-1957-vol2-57chapters	1839	0.2	overvame	almighty god <<overvame>> the severe hardships privations and	overcame|overname|overtame
production-1957-vol2-57chapters	1847	11.0	warreas	<<warreas>> the division of highways of the department	warrens
production-1957-vol2-57chapters	1848	38.9	dyerville	south fork of the eel river near <<dyerville>> on the	derville|dyersville
production-1957-vol2-57chapters	1849	31.0	wuerreas	<<wuerreas>> evan t hewes was a pillar of	whereas
production-1957-vol2-57chapters	1850	8.3	ilewes	of evan t <<ilewes>> and to his brother and two sisters	lewes
production-1957-vol2-57chapters	1855	45.6	unseltishly	elock on a volunteer basis in <<unseltishly>> performing the serv	unselfishly
production-1957-vol2-57chapters	1856	45.0	wauereas	<<wauereas>> compassionate always towards others beloved by	whereas
production-1957-vol2-57chapters	1862	22.10	apposa	senate of the state of california the <<apposa>>	appose|oppose
production-1957-vol2-57chapters	1864	23.9	tiuter	and ratification of certain amendments to the <<tiuter>>	tauter|tifter|tilter|tinter|titer|titter
production-1957-vol2-57chapters	1867	12.0	enecuse	<<enecuse>> section ordinances when effective no ordi	execute
production-1957-vol2-57chapters	1868	12.8	tctins	actions against city no suit shall be <<tctins>>	actins
production-1957-vol2-57chapters	1869	0.0	modch	<<modch>>	moch|monch|mooch|morch|mosch|motch
production-1957-vol2-57chapters	1870	11.0	eucenia	<<eucenia>> j brown	eugenia
production-1957-vol2-57chapters	1870	33.9	actiy	indicated that the permissible area of state <<actiy>>	acti|actif|actify|actin|actio|actis
production-1957-vol2-57chapters	1871	0.8	pubhe	subject to private acquisition and disposal under <<pubhe>>	dubhe|pube|puhe
production-1957-vol2-57chapters	1872	4.1	jomily	fornia <<jomily>> that the legislature of the state of	homily|jamily|jokily
production-1957-vol2-57chapters	1872	37.2	mspected	california state <<mspected>> plant and works an unnecessary	aspected
production-1957-vol2-57chapters	1878	14.10	ofecr	of the following duties by appropriate tity <<ofecr>>	ofcr|ofer
production-1957-vol2-57chapters	1881	3.0	comiuttee	<<comiuttee>>	comittee|committee
production-1957-vol2-57chapters	1887	0.0	wureas	<<wureas>> this gracious avd charming woman has done	ureas
production-1957-vol2-57chapters	1888	36.6	superim	of state attorney general controller treasurer <<superim>>	superia|superm
production-1957-vol2-57chapters	1889	23.4	montivel	britschgi ralph m brown <<montivel>> a burke phillip burningham	montiel
production-1957-vol2-57chapters	1889	24.3	busterud	ton john a <<busterud>> thomas w caldecott charles edward	buskerud|mustered
production-1957-vol2-57chapters	1889	36.7	luckel	francis c lindsay lloyd w lowrey frank <<luckel>> thomas	buckel|lucke|lucked|lucken|lucker|luckey
production-1957-vol2-57chapters	1894	21.2	benefactiun	ing production <<benefactiun>> and utilization of minerals ores	benefaction
production-1957-vol2-57chapters	1902	2.6	followmg	school district or general municipal election <<followmg>> any	followme
production-1957-vol2-57chapters	1903	2.0	campmen	<<campmen>> bers of the planning commission shall be	campden|campen|camper
production-1957-vol2-57chapters	1904	9.0	delwiy	<<delwiy>> mm cuawson	delay|delwin
production-1957-vol2-57chapters	1904	9.2	cuawson	delwiy mm <<cuawson>>	carson|clawson
production-1957-vol2-57chapters	1907	5.3	despol	delap mr john <<despol>> mr louis b fleming mr douglas	depot|despo|despoil|despot
production-1957-vol2-57chapters	1907	6.7	graybiel	giddings mr richard graves mr lloyd e <<graybiel>> mrs	graybill
production-1957-vol2-57chapters	1907	8.6	houghteling	mr herbert hanley mr joseph c <<houghteling>> mr gardiner	houghtaling
production-1957-vol2-57chapters	1909	17.1	aifords	fect <<aifords>> opportunity for hearings and protections to the	affords
production-1957-vol2-57chapters	1910	0.0	douscs	<<douscs>>	douses|houses
production-1957-vol2-57chapters	1916	5.0	ncnate	<<ncnate>> jomul resolution no relative to the extension	ncate|senate
production-1957-vol2-57chapters	1916	5.1	jomul	ncnate <<jomul>> resolution no relative to the extension of	jamul|jokul|omul
production-1957-vol2-57chapters	1919	3.0	waue	<<waue>> xeeas the ladies auxiliary of the fraternal	aue|gaue|haue|laue|maue|raue
production-1957-vol2-57chapters	1919	3.1	xeeas	waue <<xeeas>> the ladies auxiliary of the fraternal order	eeas
production-1957-vol2-57chapters	1919	28.5	nnported	whereas scotch broom although originally <<nnported>> from	unported
production-1957-vol2-57chapters	1919	29.8	prolitie	as an ornamental has due to its <<prolitie>> reproduction	politic|politie
production-1957-vol2-57chapters	1920	21.7	partivi	he became associated thereby achieving the universal <<partivi>>	partici|partii|partisi|partovi
production-1957-vol2-57chapters	1924	7.1	dyerville	of <<dyerville>> is insufficient to carry the heavy traffic	derville|dyersville
production-1957-vol2-57chapters	1924	26.0	cilapter	<<cilapter>>	chapter
production-1957-vol2-57chapters	1926	33.0	sasoh	<<sasoh>> b whisenbunt three hundred fifty six dollars	sash|sasho|saso|sasol|sason|satoh
production-1957-vol2-57chapters	1930	1.0	iiester	<<iiester>> a son dr frederick meyer of san	diester|hiester|ivester
production-1957-vol2-57chapters	1930	2.2	klopstovk	sister tillie <<klopstovk>> of san rafael now therefore be it	klopstock
production-1957-vol2-57chapters	1930	4.8	legisia	thereof concurring that the members of the <<legisia>>	lewisia
production-1957-vol2-57chapters	1930	14.2	henvey	forrest r <<henvey>> jr	heavey|heney|henley|henney|henrey|hervey
production-1957-vol2-57chapters	1930	17.5	henvey	to learn that forrest r <<henvey>> jr of anaheim will be graduated	heavey|heney|henley|henney|henrey|hervey
production-1957-vol2-57chapters	1930	37.6	henvey	senate thereof concurring that forrest r <<henvey>> jr of	heavey|heney|henley|henney|henrey|hervey
production-1957-vol2-57chapters	1931	9.1	soeeles	les <<soeeles>> adoption and ratification of seven amendments hereinafter	steeles
production-1957-vol2-57chapters	1934	30.0	eulation	<<eulation>> required provided however that in the case	elation|emulation|eolation|epulation
production-1957-vol2-57chapters	1936	0.4	forins	must be made on <<forins>> prepared and furnished by the city	florins|forint|forints|foris|fornis
production-1957-vol2-57chapters	1942	41.0	wauereas	<<wauereas>> economically considered operation of the base at	whereas
production-1957-vol2-57chapters	1952	8.7	cumnr	section compensation the mayor shall receive as <<cumnr>>	cumar|cumnor
production-1957-vol2-57chapters	1952	30.7	wetms	section meetings the council shall hold regular <<wetms>>	weems|wets
production-1957-vol2-57chapters	1954	7.6	attestauon	section signature and attestation all ordinances <<attestauon>>	attestation
production-1957-vol2-57chapters	1954	44.7	cmefas	section administrative position there shall be a <<cmefas>>	cefas
production-1957-vol2-57chapters	1955	41.0	vampen	<<vampen>> section compensation the chief administrative	campen|dampen|kampen|lampen|vamped|vamper
production-1957-vol2-57chapters	1957	0.0	counei	<<counei>> nor any member thereof shall give orders	counci
production-1957-vol2-57chapters	1957	3.0	chtet	<<chtet>> admin section chief administrative officer pro tempore	cheet|chet|chett|htet
production-1957-vol2-57chapters	1959	4.0	affirmativns	<<affirmativns>> mm connection with any official business pertaining	affirmations|affirmatives
production-1957-vol2-57chapters	1960	49.11	iihtes	at the time this charter becomes fully <<iihtes>>	sites
production-1957-vol2-57chapters	1962	12.7	appomt	section appointments terms the members of each <<appomt>>	apport
production-1957-vol2-57chapters	1963	51.0	rriles	<<rriles>> ancl regulations	briles|riles
production-1957-vol2-57chapters	1967	33.0	mapetitive	<<mapetitive>> section competitive bidding every contract involving	repetitive
production-1957-vol2-57chapters	1967	50.2	eneave	authorized to <<eneave>> in such business in california made pav	encave|neave
production-1957-vol2-57chapters	1972	26.8	tipor	airport facilities the city of fresno shall <<tipor>>	minor|tepor|tibor|tikor|timor|tipo
production-1957-vol2-57chapters	1982	21.7	pubke	section resolution of intention notice and public <<pubke>>	lubke|pube|puke
production-1957-vol2-57chapters	1983	6.0	rashood	<<rashood>> section railroad corporations in respect of a	ramhood
production-1957-vol2-57chapters	1983	8.1	evrporation	road <<evrporation>> ax such term is used in section	evaporation
production-1957-vol2-57chapters	1999	0.0	tuil	<<tuil>> andl complete certification of the regularity of	buil|cuil|guil|quil|tail|teil
production-1957-vol2-57chapters	2009	4.0	warreas	<<warreas>> in the annals of track and field	warrens
production-1957-vol2-57chapters	2009	9.2	orelaw	and a <<orelaw>> student at the university of california on	brelaw|prelaw
production-1957-vol2-57chapters	2012	13.0	wureas	<<wureas>> the proposed amendments as ratified as herein	ureas
production-1957-vol2-57chapters	2015	5.0	ciiapter	<<ciiapter>>	chapter
production-1957-vol2-57chapters	2017	15.0	warreas	<<warreas>> a substantial portion of american fig production	warrens
production-1957-vol2-57chapters	2017	31.0	warreas	<<warreas>> last october the president of the united	warrens
production-1957-vol2-57chapters	2019	11.0	meuced	<<meuced>> an investigation of the potentialities for the	deuced|merced
production-1957-vol2-57chapters	2023	37.0	terev	<<terev>> ordain as follows	erev|tere|tered|teree|terek|terem
production-1957-vol2-57chapters	2025	4.1	aeev	in <<aeev>> dance with section of article xi of	aee|aev|alev|eev|jeev|neev
production-1957-vol2-57chapters	2030	42.0	erude	<<erude>> form of skis to make the perilous	brude|crude|drude|elude|erade|erde
production-1957-vol2-57chapters	2032	24.3	wobber	whereas mr herman <<wobber>> is retiring after a long	bobber|cobber|dobber|gobber|hobber|jobber
production-1957-vol2-57chapters	2032	26.2	wobber	whereas mr <<wobber>> is a native of california born in	bobber|cobber|dobber|gobber|hobber|jobber
production-1957-vol2-57chapters	2033	1.3	wobber	wu seas mr <<wobber>> is now retiring from active responsibilities	bobber|cobber|dobber|gobber|hobber|jobber
production-1957-vol2-57chapters	2033	7.7	wobber	extend its heartiest congratulations to mr herman <<wobber>>	bobber|cobber|dobber|gobber|hobber|jobber
production-1957-vol2-57chapters	2033	12.4	wobber	tion to mr herman <<wobber>>	bobber|cobber|dobber|gobber|hobber|jobber
production-1957-vol2-57chapters	2035	12.7	perstein	committee chairman fred w smith and maurice <<perstein>>	berstein|gerstein|perlstein
production-1957-vol2-57chapters	2037	0.0	wauhereas	<<wauhereas>> io be of the greatest possible value	whereas
production-1957-vol2-57chapters	2043	5.0	ciiapter	<<ciiapter>>	chapter
production-1957-vol2-57chapters	2047	18.0	warreas	<<warreas>> the need for additional state colleges established	warrens
production-1957-vol2-57chapters	2053	16.2	inatter	investigating any <<inatter>> within the scope of this resolution	gnatter|natter
production-1957-vol2-57chapters	2055	24.7	nvgent	the future in view of the impending <<nvgent>> fiscal needs of	nogent|nugent
production-1957-vol2-57chapters	2059	39.0	apvoropriation	<<apvoropriation>>	appropriation
production-1957-vol2-57chapters	2061	15.8	inelud	which it is constitutionally required to perform <<inelud>>	includ|include
production-1957-vol2-57chapters	2075	34.3	heple	and f e <<heple>> city clerk of salinas do hereby certify	heale|hegle|hele|helle|helpe|henle
production-1957-vol2-57chapters	2080	20.0	crry	<<crry>> clerk	arry|carry|cary|cery|chry|corry
production-1957-vol2-57chapters	2084	11.2	hepie	f be <<hepie>>	henie|hepi|hexie
production-1949-vol1-chapters	1	22.0	ammedtately	<<ammedtately>>	immediately
production-1949-vol1-chapters	1	30.9	tramne	not later than may rules and regulations <<tramne>>	traine|trame|trane
production-1949-vol1-chapters	2	18.1	eduea	iver <<eduea>> a from and after the effective date	edea|educa
production-1949-vol1-chapters	2	38.0	exemplzons	<<exemplzons>> d the governing board of a district	exemptions
production-1949-vol1-chapters	3	18.9	elimiaat	such driver education and other schools are <<elimiaat>>	eliminate
production-1949-vol1-chapters	4	4.0	menibe	<<menibe>>	menace|menie
production-1949-vol1-chapters	5	44.10	raeet	that appropriate action can be taken to <<raeet>>	raees|ramet|rayet|reet
production-1949-vol1-chapters	9	21.8	gehool	elector resident of the school district who <<gehool>>	school
production-1949-vol1-chapters	10	10.0	deinet	<<deinet>> js a qualified elector of the county	decnet|defined|deine|deinem|deinen|deiner
production-1949-vol1-chapters	10	35.1	meenee	ane <<meenee>> qualified elector of the county enrolled upon	meeee|meeeee|meenie|renee
production-1949-vol1-chapters	11	7.9	cligi	precinct residence as a prerequisite for voting <<cligi>>	chigi|cigi|clini|clinic|ligi
production-1949-vol1-chapters	12	33.0	crehe	<<crehe>> eight hundred thirty thousand five hundred thirty	creche|crede|cree|creme|crepe|crete
production-1949-vol1-chapters	13	37.7	snperintens	the controller shall superintend the fiscal concerns <<snperintens>>	superintend
production-1949-vol1-chapters	15	44.9	fdueational	of section of this code do not <<fdueational>>	educational
production-1949-vol1-chapters	17	32.8	iimita	of water to member units imposing certain <<iimita>>	imita
production-1949-vol1-chapters	22	3.0	promenn	<<promenn>> at the election shall be had insofar	proven
production-1949-vol1-chapters	25	38.5	unmediatel	secretary of state february j <<unmediatel>>	unmediated
production-1949-vol1-chapters	27	39.10	teency	is hereby declared to be an urgency <<teency>>	teensy|teenty|teeny|tency
production-1949-vol1-chapters	33	19.7	clelay	improvements may be carried out without unnecessary <<clelay>>	lelay
production-1949-vol1-chapters	33	42.10	treeney	is an urgency measure necessary for the <<treeney>>	freeney|greeney
production-1949-vol1-chapters	35	9.10	utso	the government code is amer ded se <<utso>>	itso|nutso|otso|tso|unso|urso
production-1949-vol1-chapters	36	48.0	sumersg	<<sumersg>> wilfully violating the regulations and restrictions	sumers
production-1949-vol1-chapters	37	13.9	juriscic	prevent review by any court of competent <<juriscic>>	juristic
production-1949-vol1-chapters	38	26.1	poulicina	chapter <<poulicina>>	policing
production-1949-vol1-chapters	39	39.7	regrula	safety requires the immediate imposition of adequate <<regrula>>	regula
production-1949-vol1-chapters	48	44.6	dattier	pierce isabella regia california concord concord <<dattier>>	battier|cattier|dottier|fattier|matter|nattier
production-1949-vol1-chapters	52	33.0	tnete	<<tnete>> contain or have annexed to it by	nete|tente|tete|thete
production-1949-vol1-chapters	53	3.5	yervber	secretary of state april j <<yervber>> i	server
production-1949-vol1-chapters	53	26.8	nevied	and employment act relating to the construc <<nevied>>	envied|levied
production-1949-vol1-chapters	54	6.10	meludes	used in this act water works system <<meludes>>	deludes|eludes
production-1949-vol1-chapters	55	31.5	detobe	secretary of state april j <<detobe>>	detore
production-1949-vol1-chapters	55	33.8	hilec	chapter is added to division of the <<hilec>>	hile|hiles|hiley|hitec|ilec
production-1949-vol1-chapters	56	17.0	bullal	<<bullal>> as used in this chapter ballot card	ballal|bulla|bullae|bullan|bullas|ullal
production-1949-vol1-chapters	56	23.0	reetne	<<reetne>> as used in this chapter voting form	reene|reetle|retene
production-1949-vol1-chapters	56	33.0	requne	<<requne>> in approving ballots and ballot cards the	reque|retune|reune
production-1949-vol1-chapters	57	15.10	instiue	used the covering sheet shall contain the <<instiue>>	institue
production-1949-vol1-chapters	58	13.0	pamiry	<<pamiry>> showing the candidates preferring the nomination of	family|pamir|pamiri|pamirs
production-1949-vol1-chapters	58	30.0	raliot	<<raliot>> boxes a sufficient number of ballot boxes	galiot|rabiot
production-1949-vol1-chapters	58	32.0	cinet	<<cinet>> vote	binet|canet|cient|cinct|cine|cinel
production-1949-vol1-chapters	58	45.0	slottine	<<slottine>> or marking the cards and that he	slotting
production-1949-vol1-chapters	59	23.13	peutt	that the vote of the electo on <<peutt>> tay	pett|peut|peutz|putt
production-1949-vol1-chapters	60	15.12	eount	kept at all times at the central <<eount>>	count|fount|lount|mount|yount
production-1949-vol1-chapters	60	24.0	guwial	<<guwial>> all proceedings at the central counting place	burial
production-1949-vol1-chapters	60	25.0	moredule	<<moredule>> be open to the view of the	module
production-1949-vol1-chapters	60	30.0	mbailots	<<mbailots>> its contents removed the cards shall be	ballots
production-1949-vol1-chapters	60	34.0	beltots	<<beltots>> otherwise defective that it cannot be put	ballots
production-1949-vol1-chapters	60	38.0	furicates	<<furicates>> card to be punched or marked in	suricates
production-1949-vol1-chapters	61	7.10	teunting	of the counting of the votes pro <<teunting>>	taunting|tenting
production-1949-vol1-chapters	62	8.1	hiaten	a <<hiaten>> resides out of the state or has	hiate|hiten
production-1949-vol1-chapters	63	41.9	rteles	changed by any certificate instrument ov proceeding <<rteles>>	ateles|reles|rules|steles|teles
production-1949-vol1-chapters	67	5.0	sretion	<<sretion>> section of the agricultural code is	cretion
production-1949-vol1-chapters	67	7.9	walouts	shall be well dried to the extent <<walouts>>	walkouts|walnuts
production-1949-vol1-chapters	70	2.6	beitig	varieties alexander red astrachan white astrachan <<beitig>>	being
production-1949-vol1-chapters	73	0.12	giats	a of the public utility district act <<giats>>	fiats|gaits|gats|geats|ghats|giants
production-1949-vol1-chapters	73	3.4	dewber	secretary of state april <<dewber>>	dawber|deber|dewer|dewier
production-1949-vol1-chapters	73	8.11	janines	to said district in the manner following <<janines>>	canines|janies|janine|jannes
production-1949-vol1-chapters	74	30.0	andhearing	<<andhearing>> board of directors of the utility district	adhering
production-1949-vol1-chapters	79	29.11	berecordcd	law to be recorded is one dollar <<berecordcd>>	rerecorded
production-1949-vol1-chapters	82	12.1	emied	p <<emied>> credit unions providing for their incorporation powers	embed|emed|emie|emiel|emier
production-1949-vol1-chapters	83	26.10	inystment	deposit or investment of funds ex cept <<inystment>>	investment
production-1949-vol1-chapters	83	44.10	appueation	for a loan must be male in <<appueation>>	amputation
production-1949-vol1-chapters	84	0.0	approvl	<<approvl>> ihe credit committee may approve in advance	approv|approval|approve
production-1949-vol1-chapters	84	21.1	oaied	p <<oaied>> credit unions providing for their incorporation powers	oaked|oared|paied|saied
production-1949-vol1-chapters	84	31.0	inndends	<<inndends>> close of each half year or fiscal	intends
production-1949-vol1-chapters	87	29.8	fimng	compensation of each officer and employee of <<fimng>>	fing
production-1949-vol1-chapters	89	8.10	dunths	and not exceeding three thousand three fre <<dunths>>	months
production-1949-vol1-chapters	93	41.10	stailes	the stocking of the waters of such <<stailes>>	smailes|stabiles|stables|staines|stales|staples
production-1949-vol1-chapters	98	14.0	legislatae	<<legislatae>> as used in this title legislative body	legislate
production-1949-vol1-chapters	99	41.9	pyst	a population of more than five hun <<pyst>>	cyst|lyst|myst|nyst|past|pest
production-1949-vol1-chapters	100	30.2	atany	special enu <<atany>> ime the legislative body of a city	alany|arany|ataly|atan|atanu|ataxy
production-1949-vol1-chapters	101	0.11	reclassifiea	votes cast at the election s m <<reclassifiea>>	reclassified|reclassifies
production-1949-vol1-chapters	101	33.8	enun	appointment of elective city officers except city <<enun>>	ebun|edun|ekun|enan|enen|enin
production-1949-vol1-chapters	101	34.0	cilmen	<<cilmen>>	culmen|ilmen|oilmen
production-1949-vol1-chapters	101	35.9	amdavit	be attached to the petition the affidavit <<amdavit>> re	davit
production-1949-vol1-chapters	102	0.1	ssody	ree <<ssody>> the requisite number of qualified signers and	sody
production-1949-vol1-chapters	102	18.0	roundarles	<<roundarles>> establishment of the boundaries and determina	boundaries
production-1949-vol1-chapters	103	0.9	gourament	petition so requests the notice of election <<gourament>>	tournament
production-1949-vol1-chapters	103	12.9	cuyass	of supervisors shall meet on the monday <<cuyass>>	class
production-1949-vol1-chapters	103	15.12	poratier	upon its minutes the board shal me <<poratier>>	portier
production-1949-vol1-chapters	103	24.8	termot	shall hold office until the next general <<termot>>	dermot|termo|termon|termor
production-1949-vol1-chapters	103	27.8	juncial	shall take judicial notice of the organiza <<juncial>>	judicial|juncal|uncial
production-1949-vol1-chapters	104	47.0	cuaprer	<<cuaprer>> crrres chartered under the constitution	chapter
production-1949-vol1-chapters	104	47.1	crrres	cuaprer <<crrres>> chartered under the constitution	corres|crores
production-1949-vol1-chapters	105	10.10	resubmssior	fails to receive the vote of fwo <<resubmssior>>	resubmission
production-1949-vol1-chapters	105	42.12	untayorable	votes cast are not in favor of <<untayorable>>	unfavorable
production-1949-vol1-chapters	106	5.0	fetention	<<fetention>> city be eliminated from the corporate name	detention|retention
production-1949-vol1-chapters	107	17.5	crrres	cuaprerr disincorporation of sixth class <<crrres>>	corres|crores
production-1949-vol1-chapters	107	40.9	unfasorabte	of the votes cast is against disincorpo <<unfasorabte>>	unfavorable
production-1949-vol1-chapters	108	0.10	disincor	days after the election the city s <<disincor>>	disinter
production-1949-vol1-chapters	108	5.1	enurt	city <<enurt>> all city court records shall be retained	enrut|enure|snurt
production-1949-vol1-chapters	108	19.0	uneolleeted	<<uneolleeted>> if a tax has been levied by	uncollected
production-1949-vol1-chapters	109	9.9	adminstra	the board of supervisors may ass ime <<adminstra>>	administra
production-1949-vol1-chapters	110	8.0	debtedness	<<debtedness>> former territory of the disincorporated city the	indebtedness
production-1949-vol1-chapters	110	34.0	voroters	<<voroters>> held for that purpose the legislative body	voters
production-1949-vol1-chapters	112	39.1	mneer	ne <<mneer>> government may be	meer|meneer|muneer|neer|sneer
production-1949-vol1-chapters	114	9.0	frewt	<<frewt>> the electors of each district except as	freet|freit|fret|frett|frew
production-1949-vol1-chapters	115	20.7	pinnung	in cities having a planning commission consent <<pinnung>>	pinning
production-1949-vol1-chapters	115	21.12	commsin	the legislative body until it has received <<commsin>>	commin
production-1949-vol1-chapters	115	23.9	actwn	forty davs from the date the matter <<actwn>>	actin|acton
production-1949-vol1-chapters	115	38.8	fitng	ten davs after publication the propo rents <<fitng>>	fing|fitn|fitna
production-1949-vol1-chapters	116	1.0	toathe	<<toathe>> territory to a city has been received	loathe|teathe|thathe|toate|tothe
production-1949-vol1-chapters	116	37.0	tmefor	<<tmefor>> objections to the election any owner of	tenor|trefor
production-1949-vol1-chapters	118	0.0	agamst	<<agamst>> lf a majority of the votes cast	against|agaist|aganst|gamst
production-1949-vol1-chapters	118	13.0	submbsion	<<submbsion>> t shall submit to the electors the	submission
production-1949-vol1-chapters	119	1.8	cortfea	annexation was approved by ordinance a certi <<cortfea>>	correa
production-1949-vol1-chapters	119	34.8	amesation	all other particulars the annexation shall be <<amesation>>	amination
production-1949-vol1-chapters	119	47.8	limuation	as provided in this article property within <<limuation>>	limation|limbation|liquation
production-1949-vol1-chapters	120	34.0	ofarticle	<<ofarticle>> annexed to and incorporated within it pursuant	article
production-1949-vol1-chapters	120	36.0	beannexed	<<beannexed>> county not a part of any other	annexed
production-1949-vol1-chapters	120	40.0	annenalion	<<annenalion>> property are commenced the school district shall	annexation
production-1949-vol1-chapters	123	40.9	deserib	the annexation of anv of the territory <<deserib>> d in	deseri
production-1949-vol1-chapters	130	20.0	preancl	<<preancl>> body may consolidate as many as three	preanal
production-1949-vol1-chapters	131	6.10	quoun	the members of each of the legislative <<quoun>>	quoin|quon|quorn
production-1949-vol1-chapters	131	9.9	omcers	of the legislative body and the ty <<omcers>>	omers
production-1949-vol1-chapters	132	31.0	priot	<<priot>> obi except as otherwise provided in this	ariot|briot|griot|piot|pirot|priet
production-1949-vol1-chapters	132	35.9	clebt	pending action or proceeding involving any such <<clebt>>	cleat|cleft|clent|clet|lebt
production-1949-vol1-chapters	133	8.11	nstr	full effect throughout the new consolidated ff <<nstr>>	astr|cstr|instr|istr|mstr|natr
production-1949-vol1-chapters	133	46.8	punmty	as herein provided the property in cities <<punmty>> tos	punty
production-1949-vol1-chapters	134	13.0	consoldat	<<consoldat>> when two or more cities participate in	consolidate
production-1949-vol1-chapters	134	36.1	urticte	wndct <<urticte>>	article|urticae|urticate|urtite
production-1949-vol1-chapters	134	48.0	edeine	<<edeine>> its receipt and approving the intention of	deine|eddine
production-1949-vol1-chapters	135	37.9	banots	ballots used at the election shall be <<banots>>	banos|bants|ranots
production-1949-vol1-chapters	135	43.12	yets	vote shall be counted for consolidation jr <<yets>>	bets|cets|dets|eets|ets|fets
production-1949-vol1-chapters	136	26.0	furlate	<<furlate>> ts if the legislative body fails to	furcate|furoate
production-1949-vol1-chapters	136	28.0	sumesion	<<sumesion>> consolidating vity at the next general or	sumption|sumsion
production-1949-vol1-chapters	137	7.10	warcems	consolidation the clerk of the legislative kody <<warcems>>	parcels
production-1949-vol1-chapters	137	13.9	sultie	question of consolidation of two or nore <<sultie>>	dultie|suite|suttie
production-1949-vol1-chapters	137	46.6	sunender	immediately upon consolidation all persons ceceu <<sunender>>	surender|surrender
production-1949-vol1-chapters	138	46.0	ofnotice	<<ofnotice>> ters required by section the notice of	notice
production-1949-vol1-chapters	139	29.7	consolda	i consolidation is completed all proper expenses <<consolda>>	consola|consolida
production-1949-vol1-chapters	141	8.10	suimsion	of giving the name chosen in the <<suimsion>>	sumsion
production-1949-vol1-chapters	143	33.8	treasme	ordinance or resolution the city council may <<treasme>> s	trease|treatme
production-1949-vol1-chapters	144	25.0	consolsda	<<consolsda>> by an ordinance adopted published and recorded	consolida
production-1949-vol1-chapters	145	0.0	olice	<<olice>> ror two vears	alice|elice|holice|lice|odice|ofice
production-1949-vol1-chapters	145	8.8	apnortion	ordinance the board of trustees shall designate <<apnortion>>	apportion
production-1949-vol1-chapters	147	16.9	neguter	council shall hold regular meeting s at <<neguter>>	neuter
production-1949-vol1-chapters	148	26.0	speeral	<<speeral>> at any time the mayor or three	spheral
production-1949-vol1-chapters	148	41.0	prevedure	<<prevedure>> its proceedings it may punish a member	procedure
production-1949-vol1-chapters	149	30.0	nanees	<<nanees>> are to be published or posted ordinances	anees|manees|nafees|nanes|nannes|nantes
production-1949-vol1-chapters	149	44.7	inoney	resolutions or orders for the payment of <<inoney>> pisturse	inone
production-1949-vol1-chapters	152	1.0	putew	<<putew>> contempt and the proceedings penalties and punishment	pute|puteh|putek|puter|putes
production-1949-vol1-chapters	152	23.0	hsment	<<hsment>> of upon allowing a demand the mayor	osment
production-1949-vol1-chapters	153	8.10	tetions	by law for incurring inc ebt rest <<tetions>>	tetons
production-1949-vol1-chapters	153	18.0	caarrer	<<caarrer>> crry properry	carrer
production-1949-vol1-chapters	153	18.1	crry	caarrer <<crry>> properry	arry|carry|cary|cery|chry|corry
production-1949-vol1-chapters	153	18.2	properry	caarrer crry <<properry>>	properly|property|propery
production-1949-vol1-chapters	154	18.0	géeand	<<géeand>> a merged lands within its boundaries it	grand
production-1949-vol1-chapters	155	13.7	nenndus	when the legislative body deems that industrial <<nenndus>>	nennius
production-1949-vol1-chapters	156	22.0	overnuling	<<overnuling>> if no protests are received or the	overruling
production-1949-vol1-chapters	157	0.8	vequisition	legislative body may acquire real or personal <<vequisition>>	requisition
production-1949-vol1-chapters	157	6.7	pmehre	the legislative body may purchase lease con <<pmehre>>	mere
production-1949-vol1-chapters	157	33.8	urdmance	addition to other required recitations the ordi <<urdmance>>	ordnance
production-1949-vol1-chapters	157	46.3	remaming	ec the surplus <<remaming>> may be appropriated and used	reaming|remaing|remaking|renaming
production-1949-vol1-chapters	158	42.1	dfdol	purchase <<dfdol>> if the board determines that the city	dodol
production-1949-vol1-chapters	159	0.0	tuusc	<<tuusc>> uit	trust|tusc|tuus
production-1949-vol1-chapters	161	5.10	snmat	st in each year the board shall <<snmat>>	samat|snat
production-1949-vol1-chapters	161	21.11	jarnr	devise or bequest the board shall pro <<jarnr>>	jarir|jarno|jarr
production-1949-vol1-chapters	161	34.9	nplieation	applies only to fifth and sixth class <<nplieation>>	plication
production-1949-vol1-chapters	161	42.8	acqur	legislative hody may acquire real or personal <<acqur>> ation	accur|acqua|acqui
production-1949-vol1-chapters	162	1.0	minstrition	<<minstrition>> administration of the hospital and the terms	ministration
production-1949-vol1-chapters	162	3.0	omcers	<<omcers>> and the legislative body may appoint and	omers
production-1949-vol1-chapters	162	13.0	mnaebtedness	<<mnaebtedness>> haid pursuant to article chapter of division	indebtedness
production-1949-vol1-chapters	163	0.13	jneorporation	supervisors of the county in wl ich <<jneorporation>>	incorporation
production-1949-vol1-chapters	163	10.9	embenk	in or about streams bays water fronts <<embenk>>	embank
production-1949-vol1-chapters	164	7.0	constractivu	<<constractivu>> this chapter shall he liberally construed to	constructive
production-1949-vol1-chapters	164	12.0	todent	<<todent>> oor superintendent includes any person whose duty	rodent|toment
production-1949-vol1-chapters	164	14.0	appomtment	<<appomtment>> superintendent the legislative body may appoint a	appointment
production-1949-vol1-chapters	164	41.0	publeation	<<publeation>> affidavit pursuant to the code of civil	publication
production-1949-vol1-chapters	165	0.4	jmprovelments	in the clay lor <<jmprovelments>>	improvements
production-1949-vol1-chapters	165	11.7	vaume	immediately upon passage of the ordinance of <<vaume>>	baume|jaume|paume|vaude|vaue|vause
production-1949-vol1-chapters	166	5.0	fibng	<<fibng>> proof after the notices are posted the	fing
production-1949-vol1-chapters	167	0.9	jiotest	the property the signer is interested sut <<jiotest>>	biotest|protest
production-1949-vol1-chapters	167	15.9	heamg	body shall hear the protes s at <<heamg>>	heang
production-1949-vol1-chapters	167	45.9	ueued	repost notices interested persons may file pretests <<ueued>>	feued|queued
production-1949-vol1-chapters	167	47.8	annour	district within ten days of his publication <<annour>> cing	annou|annur
production-1949-vol1-chapters	168	8.0	appheabl	<<appheabl>> tests shall be made and heard pursuant	appeal
production-1949-vol1-chapters	169	0.9	extenang	for reporting is extended to days trom <<extenang>>	extending
production-1949-vol1-chapters	169	1.5	tmewer	any of the following events <<tmewer>>	mewer|tewer
production-1949-vol1-chapters	169	7.8	rompensa	right to compensation or damages accrues at <<rompensa>>	compense
production-1949-vol1-chapters	169	47.11	exceptuuns	less than one day before the hear <<exceptuuns>>	exceptions
production-1949-vol1-chapters	170	0.0	appearar	<<appearar>> ce such parties and persons may appear	appearer
production-1949-vol1-chapters	171	1.7	meluded	a the award of the interlocutory judgment <<meluded>>	deluded|eluded|melded
production-1949-vol1-chapters	174	26.0	puner	<<puner>> aya the street superintendent shall serve a	buner|huner|luner|paner|piner|poner
production-1949-vol1-chapters	175	41.9	acqv	benefited in the manner assessments for the <<acqv>> isi	acq|actv|acv
production-1949-vol1-chapters	175	45.10	eftert	of maintenance is to be assessed on <<eftert>> of	efter|eftest
production-1949-vol1-chapters	177	29.7	fiang	upon ordering the park abandoned the legislative <<fiang>>	faang|fang|fian|fianc|fiano|fing
production-1949-vol1-chapters	177	36.9	nouee	the clerk shall give notice of the <<nouee>> ut	noue|nouse|novee
production-1949-vol1-chapters	179	15.12	fatture	set for the hearing failure to post <<fatture>>	facture|fattore
production-1949-vol1-chapters	181	6.10	orgamzation	of a city of the fifth class <<orgamzation>>	organization
production-1949-vol1-chapters	181	7.12	eiment	volunteer or paid firemen as the fe <<eiment>>	ciment|diment|eident
production-1949-vol1-chapters	181	13.9	appomtment	legislative body shall appoint the cl ief <<appomtment>>	appointment
production-1949-vol1-chapters	181	26.11	cblef	of the working of the fire fre <<cblef>>	calef|chlef|clef
production-1949-vol1-chapters	182	16.0	vflews	<<vflews>> interfere with the police protection of the	flews
production-1949-vol1-chapters	182	21.0	hompay	<<hompay>> any police officer granted leave of absence	compay|sompay
production-1949-vol1-chapters	183	0.10	legisia	district of the first type the city <<legisia>>	lewisia
production-1949-vol1-chapters	184	7.0	reonm	<<reonm>> n legislative hody shall require the commission	reon
production-1949-vol1-chapters	184	18.0	notive	<<notive>> tunity to be heard at a time	motive|native|notice|votive
production-1949-vol1-chapters	184	28.0	coumsion	<<coumsion>> body shall do all thmgs required by	cousin
production-1949-vol1-chapters	184	38.1	aequ	joamt <<aequ>> twoor more cities may jointly acquire and	aequi|aequo|aeu|aqu|equ|requ
production-1949-vol1-chapters	184	45.0	apomtment	<<apomtment>> hodsx shall pass a resolution so stating	apartment
production-1949-vol1-chapters	184	45.1	hodsx	apomtment <<hodsx>> shall pass a resolution so stating with	hods
production-1949-vol1-chapters	184	49.0	comnns	<<comnns>> the commissioners from the several cities shall	comins|comyns|conns
production-1949-vol1-chapters	185	12.8	avqu	city may issue bonds to complete the <<avqu>> isi	aqu
production-1949-vol1-chapters	185	29.8	appiosal	cities as declared by the legislative bodies <<appiosal>>	approval
production-1949-vol1-chapters	186	8.0	declaral	<<declaral>> ion by ordinance the city legislative body	declara
production-1949-vol1-chapters	186	20.0	repathe	<<repathe>> a regulate the exhibition posting or carrying	rebathe
production-1949-vol1-chapters	187	17.10	mamtenance	of a fifth class city may also <<mamtenance>>	maintenance
production-1949-vol1-chapters	188	27.0	pridence	<<pridence>> an affidavit so filed is prima facie	prudence
production-1949-vol1-chapters	188	36.0	heatwn	<<heatwn>> py this chapter is not necessary for	heatin|heaton
production-1949-vol1-chapters	189	2.7	sequisition	when the public interest or convenience requires <<sequisition>>	requisition
production-1949-vol1-chapters	189	7.6	oraimnee	before ordering the acquisition the legislative <<oraimnee>> ot	trainee
production-1949-vol1-chapters	189	31.0	assoon	<<assoon>> as the plat or map is filed	alsoon|aswoon|bassoon|cassoon|sassoon
production-1949-vol1-chapters	190	22.1	gterk	comphanee <<gterk>> shall file or cause to be filed	gerk|gierk|sterk|terk
production-1949-vol1-chapters	191	28.0	atanv	<<atanv>> time	atan|atanu
production-1949-vol1-chapters	191	30.8	gemed	as if they had not been made <<gemed>>	emed|gamed|geed|geme|gemeda|gemel
production-1949-vol1-chapters	192	13.0	hagiam	<<hagiam>> legislative body shall order the city engineer	hagia
production-1949-vol1-chapters	192	24.0	debvery	<<debvery>> of the city engineer shall deliver the	devery
production-1949-vol1-chapters	195	37.10	suting	anv interested party or on its own <<suting>>	buting|cuting|luting|muting|outing|puting
production-1949-vol1-chapters	195	42.8	keissess	legislative body may take all necessary steps <<keissess>>	reassess
production-1949-vol1-chapters	195	48.10	aliar	be based upon the special and pec <<aliar>>	alar|albar|alcar|aldar|alfar|algar
production-1949-vol1-chapters	196	27.1	tamty	line <<tamty>> if there have been informalities uncertainties or	talty|tammy|tamy|tanty|tarty|tasty
production-1949-vol1-chapters	197	12.7	jecoid	the street superintendent shall record the reassessment <<jecoid>>	ecoid
production-1949-vol1-chapters	197	16.7	treans	all payments made upon the original assessment <<treans>>	trans|treads|treant|treants|treas|treats
production-1949-vol1-chapters	199	3.11	fomor	grounds or lots to remove dirt rub <<fomor>>	fodor|fomer|fomo|foor|romor|tomor
production-1949-vol1-chapters	199	26.11	burabee	the city streets to be a nuisance <<burabee>>	durable
production-1949-vol1-chapters	200	20.0	toabate	<<toabate>> owner of the real property which fronts	abate
production-1949-vol1-chapters	200	28.0	fiung	<<fiung>> he shall file the account with the	fing|flung|fung
production-1949-vol1-chapters	200	29.0	serount	<<serount>> which shall pay the cost out of	seront
production-1949-vol1-chapters	201	14.9	apzert	at not more than one hundred feet <<apzert>> if	apert|appert
production-1949-vol1-chapters	203	31.0	crapteer	<<crapteer>> muwicipan anp pusuie utilities	chapter
production-1949-vol1-chapters	203	40.8	intersezted	alley highway railway canal ditch or flume <<intersezted>>	intersected
production-1949-vol1-chapters	206	6.0	waterress	<<waterress>> to city shall remain open to the	watercress|waterless
production-1949-vol1-chapters	207	5.9	appeation	applies to fifth and sixth class cities <<appeation>>	apportion
production-1949-vol1-chapters	207	28.7	mopertion	hach contracting party may pay its proportionate <<mopertion>>	operation
production-1949-vol1-chapters	208	5.0	mousion	<<mousion>> giving similar powers	mouseion|mousson
production-1949-vol1-chapters	208	37.0	renmis	<<renmis>> body and sworn to faithfully perform their	remis|renais|renmin
production-1949-vol1-chapters	209	5.0	cuarrer	<<cuarrer>> public works	carrer|currer
production-1949-vol1-chapters	210	37.0	vuths	<<vuths>> ete he may administer oaths and affirmations	ruths
production-1949-vol1-chapters	211	20.8	jiater	statement shall be printed or posted not <<jiater>> time for	jilter|jitter
production-1949-vol1-chapters	211	44.9	appomtment	clerk may appoint deputies for whose acts <<appomtment>>	appointment
production-1949-vol1-chapters	212	10.0	entizes	<<entizes>> im je shall keep a book marked	entices|entires
production-1949-vol1-chapters	212	13.1	asacredit	a <<asacredit>> all money received by the city for	accredit
production-1949-vol1-chapters	212	42.0	parsibe	<<parsibe>> sage and publication of ordinances in the	passive
production-1949-vol1-chapters	213	5.13	ssyrten	the tax the city clerk shall appor <<ssyrten>>	shorten
production-1949-vol1-chapters	213	14.9	amamts	his deputies may take and certify affidavits <<amamts>>	amants
production-1949-vol1-chapters	213	29.0	cuaprer	<<cuaprer>> criry treasurer	chapter
production-1949-vol1-chapters	213	29.1	criry	cuaprer <<criry>> treasurer	cairy|crary|criey
production-1949-vol1-chapters	213	44.13	anties	taxes and license fees as are re <<anties>>	angies|anies|annies|antes|anthes|antibes
production-1949-vol1-chapters	214	7.0	disbutse	<<disbutse>> he shall pay out the money only	disburse
production-1949-vol1-chapters	214	13.0	cuaptrr	<<cuaptrr>> crry assessor	chapter
production-1949-vol1-chapters	214	13.1	crry	cuaptrr <<crry>> assessor	arry|carry|cary|cery|chry|corry
production-1949-vol1-chapters	214	16.0	piopeity	<<piopeity>> july ist the assessor shall make out	property
production-1949-vol1-chapters	214	30.2	jupae	chapter crry <<jupae>> anp city court	jupe|juppe|pupae
production-1949-vol1-chapters	216	15.0	crhaprer	<<crhaprer>> crier or ponce	chapter
production-1949-vol1-chapters	217	15.8	prosecutior	shall prosecute before the recorder all viola <<prosecutior>>	prosecution|prosecutor
production-1949-vol1-chapters	217	18.6	teetion	body except as provided by law <<teetion>>	tention
production-1949-vol1-chapters	218	1.0	serviet	<<serviet>> from time to time by the legislative	servet|servie|servient|servier|servies|servist
production-1949-vol1-chapters	218	17.0	semees	<<semees>> him by the legislative body	seemes|semeed|semes|semese|semmes
production-1949-vol1-chapters	218	18.5	firva	chapter board or education iw <<firva>> class cities	farva|fira|firca|firma|irva
production-1949-vol1-chapters	218	23.0	emoy	<<emoy>> tory in a school district than is	amoy|eloy|emly|emmy|emo|emom
production-1949-vol1-chapters	218	25.0	verttol	<<verttol>> a the purpose of holding the general	vertol
production-1949-vol1-chapters	218	30.0	preenet	<<preenet>> inet its qualified electors shall vote only	freenet|preened|preener
production-1949-vol1-chapters	219	32.10	seraly	rules for the government of and instrue <<seraly>>	sealy|searly|seral
production-1949-vol1-chapters	220	20.2	solcl	for property <<solcl>> for nonpayment of county taxes	solal|solca|soll
production-1949-vol1-chapters	220	24.0	oftaes	<<oftaes>> treasurer as the legislative body by ordinance	often
production-1949-vol1-chapters	220	31.0	borly	<<borly>> session from day to day until all	barly|berly|boily|bolly|boly|booly
production-1949-vol1-chapters	221	27.8	conchisne	tax is conclusively presumed to have been <<conchisne>>	concise
production-1949-vol1-chapters	222	1.1	toig	stata <<toig>> walls or other works to protect the	doig|goig|oig|roig|taig|thig
production-1949-vol1-chapters	222	16.1	ahcle	apply <<ahcle>> general law until its legislative body elects	acle|ahle|ahole
production-1949-vol1-chapters	222	18.0	uidmance	<<uidmance>> if the legislative body elects to proceed	guidance
production-1949-vol1-chapters	222	28.0	armual	<<armual>> annually on or before the third monday	arcual
production-1949-vol1-chapters	223	9.11	orjler	assessing and collecting city taxes by an <<orjler>>	oraler|orler
production-1949-vol1-chapters	223	28.9	fising	passed in the same manner the jeg <<fising>> tim	filing|fining|firing|fishing|fisting|fiving
production-1949-vol1-chapters	224	42.0	ekeron	<<ekeron>> conducted as are other city elections	ekron|kern|keron
production-1949-vol1-chapters	225	3.8	unexpendec	unexpended residue of any money raised dy <<unexpendec>>	unexpended
production-1949-vol1-chapters	226	5.0	emnat	<<emnat>> nd deposit it in court as security	einat|emat|empat|menat
production-1949-vol1-chapters	226	18.0	voluing	<<voluing>> fund reimbursed in whole or in part	valuing|voguing|volling
production-1949-vol1-chapters	227	1.13	ingebtednes	harbor bay or estuary or ot ber <<ingebtednes>>	indebtedness
production-1949-vol1-chapters	227	9.1	betterments	ec <<betterments>> appurtenances and dredging and filling	betterment
production-1949-vol1-chapters	227	13.9	comniis	control of a state board of harbor <<comniis>>	commits
production-1949-vol1-chapters	227	37.7	maitte	commissioners for such work of improvement repair <<maitte>>	maite|maitre|matte|mitte
production-1949-vol1-chapters	228	44.0	reerials	<<reerials>> an the ordinance shall recite	referrals|retrials
production-1949-vol1-chapters	229	15.11	tmrd	the electors voting on the propo tvo <<tmrd>>	mrd|tard|terd|tmd|tmr|tmrw
production-1949-vol1-chapters	229	40.10	matunty	may fix a date not more than <<matunty>>	maturity
production-1949-vol1-chapters	230	11.0	ninted	<<ninted>> ete of the clerk or his deputy	hinted|inted|minted|nineted|ninten|nited
production-1949-vol1-chapters	230	24.0	debvery	<<debvery>> the legislative body may provide for delivery	devery
production-1949-vol1-chapters	231	9.10	iitep	improvement for which bonds are issued ur <<iitep>> wor	iiep|istep|itep
production-1949-vol1-chapters	231	17.7	omicia	by resolution the legislative body may require <<omicia>> bond	micia
production-1949-vol1-chapters	233	18.9	treanster	accomplished any surplus remaining shall be transferred <<treanster>>	treaster
production-1949-vol1-chapters	236	2.0	bunkiupt	<<bunkiupt>> y any city authorized to refund its	bankrupt
production-1949-vol1-chapters	236	5.5	bankruptev	ness is authorized in the <<bankruptev>> proceeding the city may	bankrupted
production-1949-vol1-chapters	236	15.0	publicatun	<<publicatun>> ence of indebtedness giving its number if	publication
production-1949-vol1-chapters	237	13.7	indebtednes	whenever the public interest or necessity requires <<indebtednes>>	indebtedness
production-1949-vol1-chapters	237	38.9	prosi	pursuant to this article shall be issued <<prosi>>	orosi|posi|presi|prodi|profi|promi
production-1949-vol1-chapters	237	41.8	flectwn	ordinance calling the election need not contain <<flectwn>>	flection
production-1949-vol1-chapters	238	30.0	allsums	<<allsums>> received in payment of principal or interest	alliums
production-1949-vol1-chapters	239	19.11	pubhe	place fixed the bonds shall be sub <<pubhe>> can	dubhe|pube|puhe
production-1949-vol1-chapters	242	15.0	ppided	<<ppided>> evidenced by bonds the legislative body may	prided
production-1949-vol1-chapters	242	39.0	conpromse	<<conpromse>> into effect and consent to the judgment	compromise
production-1949-vol1-chapters	242	47.0	nanconsent	<<nanconsent>> the rights of any nonconsenting holder of	nonconsent
production-1949-vol1-chapters	242	48.0	ugholder	<<ugholder>> gocified in the notice are not affected	holder|upholder
production-1949-vol1-chapters	243	11.10	brrisal	reason the judgment is reversed or set <<brrisal>> of	barisal
production-1949-vol1-chapters	244	30.0	veuee	<<veuee>> shall be made by the city unless	veree|veue|veuve
production-1949-vol1-chapters	244	47.0	emnplovees	<<emnplovees>>	employees
production-1949-vol1-chapters	245	34.7	appointmer	a seek or accept election nomination or <<appointmer>> t as	appointer
production-1949-vol1-chapters	245	46.8	permued	chapter does not prevent any officer or <<permued>>	permed|permuted|persued
production-1949-vol1-chapters	247	2.8	semonty	the legislative body determines that a reduction <<semonty>>	seventy
production-1949-vol1-chapters	247	31.9	apprevine	compulsory for all members of each group <<apprevine>>	approving
production-1949-vol1-chapters	247	36.11	ereept	citv the ordinance shall not be repealed <<ereept>>	erept
production-1949-vol1-chapters	248	45.0	asabiity	<<asabiity>> medical proof before retiring any officer or	usability
production-1949-vol1-chapters	249	16.8	actusrial	pension or retirement system adopted shall be <<actusrial>>	actuarial
production-1949-vol1-chapters	253	15.4	qeloper	secretary of state april <<qeloper>>	eloper|helper
production-1949-vol1-chapters	254	8.1	pcopic	the <<pcopic>> of the stute of california do enact	acopic|copic|scopic
production-1949-vol1-chapters	254	41.0	reaho	<<reaho>> gress and any committees thereof and present	raho|reah|reaso
production-1949-vol1-chapters	255	15.8	pnclamed	as otherwise provided by law money not <<pnclamed>>	unclaimed
production-1949-vol1-chapters	257	0.5	olhice	the legislative body and each <<olhice>> officer or copies to	ollice
production-1949-vol1-chapters	257	43.12	sleence	sanctioned or permitted by his eg i <<sleence>>	science
production-1949-vol1-chapters	258	34.0	uudements	<<uudements>> judgment is made by percentages in successive	judgments
production-1949-vol1-chapters	259	22.7	charsre	a local agency shall not receive any <<charsre>> in charge for	charre
production-1949-vol1-chapters	260	25.0	yuveums	<<yuveums>> a developing and encouraging agricultural horticultural	museums
production-1949-vol1-chapters	261	1.12	overament	and grant to the united states real <<overament>>	government
production-1949-vol1-chapters	263	7.8	polel	by dedication or otherwise for sewers pipelines <<polel>> nes	poel|pole|polec|poled|polee|polen
production-1949-vol1-chapters	263	22.9	prnate	of an easement pursuant to this article <<prnate>> eas	ornate|penate|prate|pronate
production-1949-vol1-chapters	265	1.8	condemina	local agency may acquire property by purchase <<condemina>> ndjmprore	condeming
production-1949-vol1-chapters	265	41.9	suwi	grant leases licenses concessions and other privileges <<suwi>>	sawi|suai|subi|suci|sudi|sufi
production-1949-vol1-chapters	268	33.0	cuhaptter	<<cuhaptter>> bonps	chapter
production-1949-vol1-chapters	268	33.1	bonps	cuhaptter <<bonps>>	bonas|bonds|bones|bongs|bonis|bonks
production-1949-vol1-chapters	269	6.9	anocation	of the first money in the treasury <<anocation>>	avocation
production-1949-vol1-chapters	269	35.9	povers	the bonds the local agency may jro <<povers>>	covers|dovers|govers|hovers|lovers|movers
production-1949-vol1-chapters	272	22.0	tetuement	<<tetuement>> becomes physically disabled by reason of bodily	tenement
production-1949-vol1-chapters	274	17.0	ofexcess	<<ofexcess>> required for disbursal the excess shall be	excess
production-1949-vol1-chapters	275	13.10	ometu	of filing the boundary line is estab <<ometu>>	metu|ometa|omete
production-1949-vol1-chapters	275	45.13	seniornty	the reduction the rule of seniority zha <<seniornty>>	seniority
production-1949-vol1-chapters	276	10.0	rehts	<<rehts>> tract has a vested property right in	rechts|reits|rents|rests|rets
production-1949-vol1-chapters	276	44.0	trareter	<<trareter>> of by ordinance a city legislative body	traveler
production-1949-vol1-chapters	277	22.9	mansfer	city transfers the duties of assessing and <<mansfer>> ot	manser
production-1949-vol1-chapters	278	0.0	frung	<<frung>> iates o oil annually betore the last	brung|drung|flung|frang|fring|frug
production-1949-vol1-chapters	278	34.0	fopleable	<<fopleable>> jecting of taxes property which has been	forceable
production-1949-vol1-chapters	280	22.0	mumerpal	<<mumerpal>> upon delivery of the certified statement from	numeral
production-1949-vol1-chapters	281	27.12	legislat	city in the county and the city <<legislat>> ve	legislate
production-1949-vol1-chapters	281	36.8	oramune	agreement shall be entered into by ordinances <<oramune>>	ramune
production-1949-vol1-chapters	282	17.1	jogal	vapendites <<jogal>> agency within or without its territorial limits	dogal|fogal|joga|jogan|johal|joyal
production-1949-vol1-chapters	283	3.9	ianuty	agency is liable for injuries to persons <<ianuty>>	sanity
production-1949-vol1-chapters	283	39.0	caaprer	<<caaprer>> opriccrs and employees	chapter
production-1949-vol1-chapters	284	16.1	agenes	hy <<agenes>> body may authorize payment of not more	agens|agentes|agents|agnes|arenes|egenes
production-1949-vol1-chapters	285	4.7	antonz	a county city district or political subdivision <<antonz>>	anton|antone|antoni|antony
production-1949-vol1-chapters	285	8.8	iempron	article does not apply to bonds authorized <<iempron>>	sempron
production-1949-vol1-chapters	285	18.11	uanees	a local agency is mutilated or is <<uanees>>	anees|manees|ranees
production-1949-vol1-chapters	286	9.0	exeha	<<exeha>> age the duplicate shall be delivered in	extra
production-1949-vol1-chapters	286	25.0	newbonds	<<newbonds>> new bond similar to the original to	newborns
production-1949-vol1-chapters	287	19.9	permesible	body of a local agency having money <<permesible>>	permissible
production-1949-vol1-chapters	288	6.0	cfanele	<<cfanele>> agency fixes with the approval of the	candle
production-1949-vol1-chapters	289	24.9	conmets	existence of a conflict between a federal <<conmets>>	comets
production-1949-vol1-chapters	290	11.0	tamut	<<tamut>> of the penalty or the aggregate of	gamut|kamut|lamut|mamut|samut|tabut
production-1949-vol1-chapters	291	4.9	reecver	the treasurer s demand he shall immediately <<reecver>>	reever
production-1949-vol1-chapters	291	20.9	ceposttary	statement in triplicate showing the daily balances <<ceposttary>>	depositary
production-1949-vol1-chapters	291	25.9	indemnlty	approval of the attorney of the local <<indemnlty>>	indemnity
production-1949-vol1-chapters	293	46.7	pishuse	except as provided in section the fund <<pishuse>>	misuse
production-1949-vol1-chapters	294	18.0	lmerge	<<lmerge>> neies notwithstanding budget limitations and restric	emerge|merge
production-1949-vol1-chapters	294	18.1	neies	lmerge <<neies>> notwithstanding budget limitations and restric	neces|nees|neices|neie|neiges|neils
production-1949-vol1-chapters	294	29.1	afths	four <<afths>> by a four fifths vote of all	aths
production-1949-vol1-chapters	295	22.10	senoo	school district or junior colleg dis same <<senoo>>	sehoo|senco|sendo|senio|senko|senno
production-1949-vol1-chapters	297	4.5	abenes	county municipality or political subdivision <<abenes>>	abeles|abens|arenes|benes
production-1949-vol1-chapters	297	48.4	noitee	the notice shall specify <<noitee>>	noite
production-1949-vol1-chapters	299	20.7	mairz	a local agency may construct erect or <<mairz>> tain improve	maerz|mainz|mair|maira|maire|mairi
production-1949-vol1-chapters	300	20.0	reeonstruc	<<reeonstruc>> lie building reconstruction consisting of the director	reconstruct
production-1949-vol1-chapters	301	15.10	meerest	reconstructed by the board is the property <<meerest>>	meekest|meeres|merest|nearest
production-1949-vol1-chapters	301	25.8	parment	board shall designate the time when rentals <<parment>>	arment|garment|pairment|pament|pamment|parament
production-1949-vol1-chapters	303	18.9	constructiur	defined in this article have the meanings <<constructiur>>	construction
production-1949-vol1-chapters	304	27.1	iagg	ch <<iagg>> it may acquire lands easements and rights	agg|bagg|dagg|fagg|hagg|iag
production-1949-vol1-chapters	304	46.0	wlletton	<<wlletton>> charges remedies for their collection and enforcement	willetton
production-1949-vol1-chapters	305	26.9	resmution	of its legislative body to take effect <<resmution>>	resolution
production-1949-vol1-chapters	305	32.10	adopuon	of all members the legislative s dy <<adopuon>>	adoption
production-1949-vol1-chapters	307	9.7	mterim	pending the preparation of the definitive bcnds <<mterim>>	terim|term
production-1949-vol1-chapters	307	18.9	iaue	costs and estimated costs of issuance oh <<iaue>>	aue|gaue|haue|iae|iaee|iame
production-1949-vol1-chapters	307	24.9	vauaty	the signature of officers of the local <<vauaty>>	vaulty|vaunty
production-1949-vol1-chapters	307	39.8	subsequem	taker and subsequent holder of the onds <<subsequem>>	subsequent
production-1949-vol1-chapters	310	14.0	ueceleration	<<ueceleration>> default and terms upon which the bonds	deceleration
production-1949-vol1-chapters	311	34.12	eunte	the rights of the bondholders and wid <<eunte>>	bunte|ente|eune|hunte|kunte|runte
production-1949-vol1-chapters	311	37.9	piscnarge	to fully preserve and protect the priority <<piscnarge>>	discharge
production-1949-vol1-chapters	312	3.0	blatement	<<blatement>> summary statement showing the amount of gross	batement
production-1949-vol1-chapters	312	30.0	actnites	<<actnites>> receive collect hold or disburse revenues collected	aconites
production-1949-vol1-chapters	312	37.0	weliun	<<weliun>> the issuance of the bonds and prior	welin
production-1949-vol1-chapters	313	37.5	biading	subject to any contractual limitations <<biading>> limitations	bading|beading|biasing|bidding|biding|binding
production-1949-vol1-chapters	314	14.4	bondho	waiver tract by any <<bondho>> der or his trustee does not affect	bondo
production-1949-vol1-chapters	314	25.0	aparoe	<<aparoe>> right or exercise any remedy is abandoned	aparo|aparte
production-1949-vol1-chapters	315	45.9	peuod	may be made for any period not <<peuod>>	pequod|period
production-1949-vol1-chapters	316	5.9	effln	of purification and manner of disposal of <<effln>>	effen|effin
production-1949-vol1-chapters	316	40.0	eenve	<<eenve>> of the boundaries of the city or	eenie|enve
production-1949-vol1-chapters	317	16.10	pyoiny	may permit another local agency to construct <<pyoiny>>	point
production-1949-vol1-chapters	317	30.8	luits	it constructs and maintains certain connecting con <<luits>>	duits|lits|luis|luiss|luite|lunts
production-1949-vol1-chapters	318	41.0	pubhe	<<pubhe>> works for a board of public works	dubhe|pube|puhe
production-1949-vol1-chapters	318	45.0	hitne	<<hitne>> agency is operating prescribes the manner of	hine|hite|hiten|hithe|hitn|kitne
production-1949-vol1-chapters	319	7.0	agcneies	<<agcneies>>	agencies
production-1949-vol1-chapters	319	8.7	jomt	the agreement may include the joint construc <<jomt>> cn	comt|domt|jmt|jolt|jom|joma
production-1949-vol1-chapters	319	36.9	remuuce	local agency is also obligated to reim <<remuuce>>	reduce
production-1949-vol1-chapters	321	4.8	permesion	the terms prescribed bv its legislative body <<permesion>>	permision|permission
production-1949-vol1-chapters	321	37.12	sreement	or more cities or sanitary dis riet <<sreement>>	agreement
production-1949-vol1-chapters	322	26.5	pubhe	across its streets or other <<pubhe>> places after a request for use	dubhe|pube|puhe
production-1949-vol1-chapters	323	16.0	cuaptre	<<cuaptre>> jom cement progicrs	chapter
production-1949-vol1-chapters	323	26.9	loeut	in this article local agency means city <<loeut>>	lieut|lout
production-1949-vol1-chapters	324	19.0	sgeney	<<sgeney>> neighboring city county or county fire or	agency|seeney|seney|sweney
production-1949-vol1-chapters	325	25.0	srovion	<<srovion>> section is added to the government code	erosion
production-1949-vol1-chapters	326	6.0	ciiapter	<<ciiapter>>	chapter
production-1949-vol1-chapters	326	28.0	ahheld	<<ahheld>> cities and all other public agencies may	held
production-1949-vol1-chapters	327	2.8	ogyg	fund pursuant to article chapter part division <<ogyg>>	ogg|oggy|ogy
production-1949-vol1-chapters	327	9.10	pubhe	which is not a county or whose <<pubhe>>	dubhe|pube|puhe
production-1949-vol1-chapters	330	0.0	supervirt	<<supervirt>> is ec kach supervisor shall receive two	supervise
production-1949-vol1-chapters	330	46.1	orsu	so <<orsu>> schools of a county of the thirty	ohsu|ordu|orlu|ors|orsa|orse
production-1949-vol1-chapters	331	17.8	establishmer	such purposes the college shall initiate the <<establishmer>> t of	establisher
production-1949-vol1-chapters	331	37.0	eatiun	<<eatiun>> subject to confirmation by the state board	eatin
production-1949-vol1-chapters	334	46.0	leces	<<leces>>	eces|feces|laces|leches|lecs|ledes
production-1949-vol1-chapters	335	0.6	baccalau	standards established and prescribed to grant <<baccalau>> eate	baccala
production-1949-vol1-chapters	335	17.9	convac	contractor for the purposes of this chapter <<convac>>	contac
production-1949-vol1-chapters	336	2.0	petoher	<<petoher>> secretary of state april j	pether
production-1949-vol1-chapters	338	7.0	chites	<<chites>> standard basket erate	chides|chiles|chimes|chines|chits|chives
production-1949-vol1-chapters	338	39.0	vetobel	<<vetobel>> secretary of state april j	vetoed
production-1949-vol1-chapters	340	2.0	vetoner	<<vetoner>> secretary of state april j	vetoer
production-1949-vol1-chapters	340	17.0	petover	<<petover>> secretary of state april j	recover|setover
production-1949-vol1-chapters	340	19.0	sretion	<<sretion>> section of the act cited in the	cretion
production-1949-vol1-chapters	341	33.5	ocuper	secretary of state april j <<ocuper>>	couper|cuper
production-1949-vol1-chapters	343	0.5	tisapprosed	no application shall be approved <<tisapprosed>>	disapproved
production-1949-vol1-chapters	343	1.0	applieatiuns	<<applieatiuns>>	applications
production-1949-vol1-chapters	344	24.0	vetoher	<<vetoher>> secretary of state may j	vetoer
production-1949-vol1-chapters	344	28.0	tasability	<<tasability>> where an injury causes both temporary and	tamability|taxability
production-1949-vol1-chapters	345	8.0	ciiapter	<<ciiapter>>	chapter
production-1949-vol1-chapters	345	18.8	auamary	dolly an auxiliary dolly is a vehicle <<auamary>>	summary
production-1949-vol1-chapters	348	15.0	mopety	<<mopety>> required for a county water works district	moiety|mopey
production-1949-vol1-chapters	352	27.0	gerrber	<<gerrber>> secretary of state may j	gerber
production-1949-vol1-chapters	352	38.0	aehers	<<aehers>> of milk or cream or find derivatives	aethers|ashers|athers
production-1949-vol1-chapters	354	30.0	butrict	<<butrict>> game district all of imperial county and	butrick|strict
production-1949-vol1-chapters	357	7.9	pestruetion	are compiled by the use of key <<pestruetion>>	destruction
production-1949-vol1-chapters	359	22.11	evammation	more of the members of the precinct <<evammation>>	evaluation
production-1949-vol1-chapters	361	3.5	vetcper	secretary of state may j <<vetcper>>	veter
production-1949-vol1-chapters	361	9.9	olnginals	they may be destroyed by such officer <<olnginals>>	originals
production-1949-vol1-chapters	362	8.0	getcber	<<getcber>> secretary of state may	gether
production-1949-vol1-chapters	363	14.10	mtersec	of control of coordinates is at the <<mtersec>>	terse
production-1949-vol1-chapters	367	0.10	desenption	lot thirty seven in block as shown <<desenption>>	detention
production-1949-vol1-chapters	367	17.10	worian	the recreation and welfare fund of the <<worian>> s	corian|dorian|lorian|norian|orian|torian
production-1949-vol1-chapters	367	29.10	sunles	state forest purposes are situated an amount <<sunles>> by	sunless|sunlet|sunley|unles
production-1949-vol1-chapters	371	1.10	jndmarks	certify to the director of natural resources <<jndmarks>>	landmarks
production-1949-vol1-chapters	372	43.0	fromem	<<fromem>> at which he is serving absent himself	frome|fromer|fromm|fromme
production-1949-vol1-chapters	376	15.0	lumitatinns	<<lumitatinns>> me	limitations
production-1949-vol1-chapters	376	30.9	heense	license may be issued a chauffeur s <<heense>> for the	heene|heese|hense
production-1949-vol1-chapters	378	21.1	inany	additional <<inany>> county subject to the provisions of section	imany|inan|inand|inane|inang|inay
production-1949-vol1-chapters	379	31.9	constructic	county operating under this section any limitation <<constructic>>	constructio
production-1949-vol1-chapters	380	26.9	aecu	him pursuant to such election any additional <<aecu>>	accu|acu|aec|aecc|aecl|aeco
production-1949-vol1-chapters	384	0.0	dsind	<<dsind>> boundaries a chartered city or a city	sind
production-1949-vol1-chapters	385	1.9	recluce	the making of such expenditures would not <<recluce>>	recluse
production-1949-vol1-chapters	385	11.5	detoher	secretary of state may j <<detoher>>	deter
production-1949-vol1-chapters	385	18.11	pescriptio	sk of the sw of fractional sev <<pescriptio>>	descriptio
production-1949-vol1-chapters	385	38.9	conveyanc	director of finance is hereby autho ized <<conveyanc>>	conveyance
production-1949-vol1-chapters	386	0.0	deserip	<<deserip>> wn lot of tract no rochester block	descrip|deseri|desert
production-1949-vol1-chapters	387	8.10	heense	having obtained a license from the director <<heense>>	heene|heese|hense
production-1949-vol1-chapters	389	37.11	prcren	subject to any lien obtained under any <<prcren>> y st	proven
production-1949-vol1-chapters	395	20.9	treatmer	other works or facilities for the handling <<treatmer>> t or	treater|treatme|treatmen
production-1949-vol1-chapters	399	24.10	fyeuon	levying ad valorem assessments for repayment of <<fyeuon>>	felon
production-1949-vol1-chapters	399	31.10	vantenance	the district may provide for any taain <<vantenance>>	maintenance
production-1949-vol1-chapters	400	1.0	conclusse	<<conclusse>> fact including the levy of assessments or	conclusive
production-1949-vol1-chapters	404	35.0	ingunetive	<<ingunetive>> upon the issuance of an order either	injunctive
production-1949-vol1-chapters	405	32.9	tawu	the time of the solicitation and issuance <<tawu>>	awu|tabu|tahu|taku|talu|tamu
production-1949-vol1-chapters	411	10.3	orrices	state anp district <<orrices>>	orrises
production-1949-vol1-chapters	412	0.0	nouee	<<nouee>> or shed by the county clerk shall	noue|nouse|novee
production-1949-vol1-chapters	414	15.0	certifeate	<<certifeate>> candidates nominated at a primary election shall	certificate
production-1949-vol1-chapters	414	40.2	trict	oe pd <<trict>>	strict|tract|triact|tric|trica|trice
production-1949-vol1-chapters	416	0.1	appiliation	farty <<appiliation>>	application
production-1949-vol1-chapters	417	0.10	unory	as defined herein determines upon the asis <<unory>>	nory|unary|undry|unorn
production-1949-vol1-chapters	418	34.0	marxep	<<marxep>> batiot enclosed to be opened only by	mareep
production-1949-vol1-chapters	418	34.1	batiot	marxep <<batiot>> enclosed to be opened only by	batio
production-1949-vol1-chapters	419	42.12	inark	in this article except that he may <<inark>> samp jp	anark|inar|inara|inari|inarm|knark
production-1949-vol1-chapters	422	39.0	tological	<<tological>> a cosmetological establishment is any premises	ological|oological|otological
production-1949-vol1-chapters	425	42.14	ydees	or cities and counties ar d all <<ydees>> ete	dees|idees|yeees|yees
production-1949-vol1-chapters	429	5.9	assccia	and shares of a building and ioan <<assccia>>	associa
production-1949-vol1-chapters	431	19.0	taveous	<<taveous>> to the retirement systems but would materially	tavious
production-1949-vol1-chapters	431	34.9	usiy	who uses or operates or assists in <<usiy>> commercial	siy|usi|usia|usic|usie|usim
production-1949-vol1-chapters	431	45.11	pmcah	of the applicant s age height and <<pmcah>>	pmca
production-1949-vol1-chapters	436	27.0	deplacead	<<deplacead>> placed shall be determined by the board	replaced
production-1949-vol1-chapters	439	1.12	greeton	members of the board which s all <<greeton>> and	greeson|greetin|gretton
production-1949-vol1-chapters	439	23.9	surerin	of the governing board of each unified <<surerin>>	suberin|surer
production-1949-vol1-chapters	440	9.0	ofmeenses	<<ofmeenses>> entitling the holder thereof to can cure	offenses
production-1949-vol1-chapters	440	36.0	mutiiated	<<mutiiated>> it is unlawful to possess on any	mutilated
production-1949-vol1-chapters	443	8.5	peaber	secretary of state may j <<peaber>>	peaker|pember
production-1949-vol1-chapters	445	20.4	oeuer	secretary of state may <<oeuer>>	euer|feuer|heuer|leuer|neuer|oeser
production-1949-vol1-chapters	445	25.13	vful	as fresh fish but it is unla <<vful>>	ful|vfl|vul
production-1949-vol1-chapters	445	38.9	pescriptio	particularly described as follows to wit beginning <<pescriptio>>	descriptio
production-1949-vol1-chapters	447	18.11	headiamp	is operated at the times mentioned in <<headiamp>>	headlamp
production-1949-vol1-chapters	447	22.0	eyele	<<eyele>> shall be of sufficient intensity to reveal	ebele|edele|eyelet|yele
production-1949-vol1-chapters	447	29.6	evcle	in the event the motor driven <<evcle>> is equipped with	evile
production-1949-vol1-chapters	448	18.0	mortgogee	<<mortgogee>> mortgagee or his successor or assignee has	mortgagee
production-1949-vol1-chapters	450	42.0	mribsible	<<mribsible>> regulations a different maximum quantity or permissible	missible
production-1949-vol1-chapters	457	27.0	cilapter	<<cilapter>>	chapter
production-1949-vol1-chapters	457	33.0	srerion	<<srerion>> section of the insurance code is amended	region
production-1949-vol1-chapters	458	7.0	eciprocl	<<eciprocl>> y a reciprocal arrangement with the officer	reciprocal
production-1949-vol1-chapters	458	12.4	comphed	or province and has <<comphed>> with its qualification standards	comped|compher
production-1949-vol1-chapters	458	32.0	meprest	<<meprest>> on from the motor vehicle license fee	merest|nearest
production-1949-vol1-chapters	461	39.0	yolis	<<yolis>> has been prepared and certified by the	bolis|colis|kolis|lolis|olis|polis
production-1949-vol1-chapters	462	4.0	atrendin	<<atrendin>> annually on may th the tax collector	attending
production-1949-vol1-chapters	463	27.4	geuber	secretary of state may <<geuber>>	geber|gelber|gerber|gruber|guber|neuber
production-1949-vol1-chapters	469	8.9	pumnor	contained in an assessment and having a <<pumnor>>	cumnor
production-1949-vol1-chapters	473	9.0	ciiapter	<<ciiapter>>	chapter
production-1949-vol1-chapters	479	8.8	gxperimentai	in this chapter prohibits the prepar ition <<gxperimentai>>	experimental
production-1949-vol1-chapters	479	34.11	defimtion	for which a permit has been issued <<defimtion>>	definition|defintion
production-1949-vol1-chapters	480	6.0	eradieatio	<<eradieatio>> such regulations may proclaim any portion of	eradication
production-1949-vol1-chapters	481	2.0	citapter	<<citapter>>	chapter
production-1949-vol1-chapters	481	19.13	yuest	name of the person at whose re <<yuest>>	fuest|guest|ouest|quest|wuest|yest
production-1949-vol1-chapters	482	20.0	eream	<<eream>>	bream|cream|dream|eram|fream|gream
production-1949-vol1-chapters	485	25.9	gesenation	owned by the state which lands front <<gesenation>>	generation
production-1949-vol1-chapters	486	10.0	ubie	<<ubie>> lands and situate within the exterior boundaries	abie|aubie|bie|buie|cubie|dubie
production-1949-vol1-chapters	486	29.0	bifect	<<bifect>> ag sec section of this act becomes	bisect
production-1949-vol1-chapters	487	45.9	enpow	agent appointed under section a shall be <<enpow>>	endow|enlow|enow
production-1949-vol1-chapters	489	34.9	inotor	relating to the licensing of drivers of <<inotor>>	inator
production-1949-vol1-chapters	489	37.5	gereper	secretary of state may j <<gereper>>	keeper
production-1949-vol1-chapters	489	42.11	peator	four or more occasions in a consecutive <<peator>>	preator|teator
production-1949-vol1-chapters	491	29.12	heense	operate a motor vehicle upon a high <<heense>>	heene|heese|hense
production-1949-vol1-chapters	497	15.12	quaty	denied shall be commenced within t ree <<quaty>>	quacy|quaky|qualy|quary|quat|quata
production-1949-vol1-chapters	499	37.10	puvers	at any time appoint or employ and <<puvers>>	auvers|pavers|pivers
production-1949-vol1-chapters	502	0.1	ticable	vet <<ticable>> as other district elections	timable
production-1949-vol1-chapters	502	24.0	leputtes	<<leputtes>>	deputies
production-1949-vol1-chapters	504	37.0	seealso	<<seealso>> article as a candidate may not later	seals
production-1949-vol1-chapters	505	19.9	battots	printed shall be precisely on the sime <<battots>>	ballots
production-1949-vol1-chapters	505	39.1	wartr	county <<wartr>> district	warr|wart|warta|warte|warter|warth
production-1949-vol1-chapters	507	2.7	neterendum	ordinances may be disapproved and the eby <<neterendum>>	referendum
production-1949-vol1-chapters	508	41.0	mmeral	<<mmeral>> a district may sell or lease the	meral
production-1949-vol1-chapters	508	42.0	neits	<<neits>> ee carbon rights in any jand belonging	deits|eits|neats|neets|neils|neirs
production-1949-vol1-chapters	509	45.11	vaneages	a result of any dangerous or defective <<vaneages>>	vantages
production-1949-vol1-chapters	510	9.0	preeedint	<<preeedint>> ease may be and section is a	preceding
production-1949-vol1-chapters	511	34.9	itriga	irrigation district organized and created under the <<itriga>>	striga|triga
production-1949-vol1-chapters	516	4.0	consudeed	<<consudeed>> persons owning property within the district may	considered
production-1949-vol1-chapters	516	13.0	triet	<<triet>> will not be benefited the resolution shall	griet|priet|riet|thiet|tiet|tiret
production-1949-vol1-chapters	516	25.0	punality	<<punality>> of the determination of the board that	penality
production-1949-vol1-chapters	517	23.9	postmg	is no newspaper printed and published in <<postmg>>	postma
production-1949-vol1-chapters	517	35.0	assoon	<<assoon>> as the result is declared the secretary	alsoon|aswoon|bassoon|cassoon|sassoon
production-1949-vol1-chapters	517	43.11	arein	of the votes cast at the election <<arein>> avor	aerin|arain|arean|areen|areia|aren
production-1949-vol1-chapters	518	33.0	muney	<<muney>> taxes to pay principal and interest of	guney|maney|mauney|miney|money|muhney
production-1949-vol1-chapters	519	39.9	recordatior	notice a certified copy of any assess <<recordatior>>	recordation
production-1949-vol1-chapters	521	41.11	bearmg	a time and place for the hear <<bearmg>>	bearm
production-1949-vol1-chapters	523	36.10	ropeity	payment of the interest on or princi <<ropeity>>	property
production-1949-vol1-chapters	524	15.0	hifert	<<hifert>> ne after the adoption of an ordinance	eifert
production-1949-vol1-chapters	526	27.0	valuanon	<<valuanon>> e make any changes in the valuation	valuation
production-1949-vol1-chapters	529	24.7	submisivn	after he receives the application for segregation <<submisivn>>	submission
production-1949-vol1-chapters	531	44.8	certifteate	the delinquent sale the collector shall rake <<certifteate>>	certificate
production-1949-vol1-chapters	532	9.0	ceitifica	<<ceitifica>> copy shall be delivered to the district	certifica
production-1949-vol1-chapters	532	25.1	imparr	acts <<imparr>> every person who does any act tending	impair|impar|impark|imparl|impart
production-1949-vol1-chapters	533	33.8	determna	collector shall determine the amount of tuxes <<determna>>	determine
production-1949-vol1-chapters	533	38.9	entues	has determined the amount due the col <<entues>>	endues|ensues
production-1949-vol1-chapters	533	44.1	cancelaty	portion <<cancelaty>>	cancelate
production-1949-vol1-chapters	536	29.0	rermered	<<rermered>> tions or shall be paid to the	rendered
production-1949-vol1-chapters	536	38.0	authort	<<authort>> tach transaction pursuant to section shall	athort|author|authori|authorit|authors
production-1949-vol1-chapters	537	35.8	fspenses	district may pay to the public administrator <<fspenses>>	expenses
production-1949-vol1-chapters	539	19.10	conclushe	the board in the exclusion order in <<conclushe>>	conclusive
production-1949-vol1-chapters	539	44.8	nottee	the secretary shall give notice of the <<nottee>>	cottee|notte|notter|notthe|nottie|nottle
production-1949-vol1-chapters	540	0.1	vaztd	proceedings <<vaztd>> lhe proceedings at the hearing and thereafter	valid
production-1949-vol1-chapters	540	3.0	rteferenc	<<rteferenc>> um the final action of the board	reference
production-1949-vol1-chapters	540	8.0	ncubble	<<ncubble>> tiguous to it or to other portions	nubble
production-1949-vol1-chapters	540	37.0	pintest	<<pintest>> if the petition is signed by voters	pentest|piniest|pinkest|pintrest
production-1949-vol1-chapters	541	15.8	munne	secretary shall within two days after irst <<munne>>	dunne|gunne|kunne|manne|menne|minne
production-1949-vol1-chapters	541	33.10	condtins	the hearing of any inclusion y eti <<condtins>>	condtions
production-1949-vol1-chapters	542	0.0	fnung	<<fnung>> im favor of the genuineness and sufficiency	anung|flung|fung|nung
production-1949-vol1-chapters	543	31.12	conniions	laws of the muted states and regula <<conniions>>	conditions
production-1949-vol1-chapters	545	8.8	noure	of a consolidation election shall he given <<noure>>	boure|coure|foure|moure|nobre|noire
production-1949-vol1-chapters	545	12.6	banots	the ballots shall contain consolidation tes <<banots>>	banos|bants|ranots
production-1949-vol1-chapters	545	37.8	omeers	the consolidation is approved at a consolidation <<omeers>>	ameers|meers|omers
production-1949-vol1-chapters	547	20.8	actnowi	signature to the petition shall be acknowledged <<actnowi>>	acknow
production-1949-vol1-chapters	547	23.9	tecoris	and records of the district are prima <<tecoris>>	records
production-1949-vol1-chapters	547	44.8	rearmg	the hearing or any adjournment thereof the <<rearmg>>	rearm|rearms
production-1949-vol1-chapters	550	5.0	semels	<<semels>> affect any right of any bondholder or	seels|semel|semele|semes
production-1949-vol1-chapters	551	28.10	fyiie	all duties and functions of the board <<fyiie>>	fyvie
production-1949-vol1-chapters	551	46.11	citire	shall be raised by tax on the <<citire>>	citie
production-1949-vol1-chapters	552	8.0	taabulity	<<taabulity>> the storm water unit shall solely be	taxability
production-1949-vol1-chapters	552	12.0	inclusiuns	<<inclusiuns>> land may be added to or excluded	inclusions
production-1949-vol1-chapters	556	8.0	preemets	<<preemets>> made by reference to the order or	preempts
production-1949-vol1-chapters	557	5.11	borided	the principal of or interest on any <<borided>>	boride|borides
production-1949-vol1-chapters	558	1.0	churt	<<churt>> tead	chart|chert|chort|chur|chura|churc
production-1949-vol1-chapters	558	28.0	staggel	<<staggel>> ng the directors first elected upon the	stagger|stangel
production-1949-vol1-chapters	558	40.0	deicher	<<deicher>> secretary of state may	deicer|deichler|eicher|reicher|teicher
production-1949-vol1-chapters	561	17.8	teineate	a position not requiring certification qualifications which <<teineate>>	delineate
production-1949-vol1-chapters	561	28.9	smuiant	of the certificate from a physician and <<smuiant>>	suant
production-1949-vol1-chapters	564	12.1	ntewspapeers	chapter <<ntewspapeers>>	newspapers
production-1949-vol1-chapters	566	2.3	iuaintain	is able tu <<iuaintain>> during the first year of s existence	maintain
production-1949-vol1-chapters	566	39.0	leginl	<<leginl>> ry and issuance of the initial certificate	legal|legisl
production-1949-vol1-chapters	572	10.0	superusors	<<superusors>> automobile in the discharge of duties imposed	supervisors
production-1949-vol1-chapters	573	23.9	eurnable	monthly compensation as determined by the board <<eurnable>>	burnable|earnable|turnable
production-1949-vol1-chapters	574	4.0	entue	<<entue>> cum the entire compensation of a member	endue|ensue|ente|entre|entune|intue
production-1949-vol1-chapters	575	12.9	axcu	and held for the claimant without further <<axcu>>	accu|acu|amcu|excu
production-1949-vol1-chapters	577	3.9	labili	its employees and the rights privileges duties <<labili>>	abili|labile
production-1949-vol1-chapters	578	5.0	seealso	<<seealso>> schools	seals
production-1949-vol1-chapters	579	45.9	lavous	the compensation paid state miscellaneous mem ders <<lavous>>	favous|lavos
production-1949-vol1-chapters	580	16.0	seealso	<<seealso>> gered for which the compensation is paid	seals
production-1949-vol1-chapters	581	3.9	termmation	board determines that such recipient is not <<termmation>>	termination
production-1949-vol1-chapters	581	38.8	sernce	retirement for service a member is entitled <<sernce>>	seance|sence|servce
production-1949-vol1-chapters	583	13.8	meinuty	state member retired for disability for whom <<meinuty>>	minute
production-1949-vol1-chapters	583	34.8	immme	by the deceased during the five vears <<immme>>	imme
production-1949-vol1-chapters	583	46.9	terminatior	of the special death benefit is stopped <<terminatior>>	termination|terminator
production-1949-vol1-chapters	585	19.13	gumus	the time of his death and the <<gumus>>	gumbs|gumps|gumpus|gums|gurus|guus
production-1949-vol1-chapters	585	30.10	rumg	shall file the agreement or a duplicate <<rumg>>	rmg|rug|rugg|rum|ruma|rumi
production-1949-vol1-chapters	587	0.0	doarda	<<doarda>>	board|darda|dorada
production-1949-vol1-chapters	587	16.7	commomve	nothing contained herein shall prevent at any <<commomve>>	commove
production-1949-vol1-chapters	587	34.8	intermets	article shall be so interpreted and construed <<intermets>>	interments|intermits|internets
production-1949-vol1-chapters	588	43.0	oalaber	<<oalaber>> secretary of state may	calaber|caliber
production-1949-vol1-chapters	589	32.8	omcers	youth authority shall appoint subject to civil <<omcers>>	omers
production-1949-vol1-chapters	589	41.0	trainmg	<<trainmg>> seboo and the persons confined therein that	traing|training
production-1949-vol1-chapters	589	41.1	seboo	trainmg <<seboo>> and the persons confined therein that the	deboo|eboo|sebo|sebok|sebor|sehoo
production-1949-vol1-chapters	590	29.0	devariment	<<devariment>> pon contracts to supply cities counties districts	department
production-1949-vol1-chapters	591	36.8	revgious	examination or inspection shall be required of <<revgious>>	relgious
production-1949-vol1-chapters	595	21.11	protee	legislatively and duly formed and organized fur <<protee>>	potee|prote|protea|protec|protege|protem
production-1949-vol1-chapters	596	0.0	previon	<<previon>> ly sec this act shall not operate	previn|previo
production-1949-vol1-chapters	597	35.7	tvesti	the department shall investigate examine and nake <<tvesti>>	testi|vesti
production-1949-vol1-chapters	598	7.0	deraper	<<deraper>> secretary of state may j	dealer|derater|draper|dreaper
production-1949-vol1-chapters	599	36.9	emergenes	provisions of this article shall not apply <<emergenes>>	emergences|emergency|emergents
production-1949-vol1-chapters	602	32.0	menvbers	<<menvbers>>	members
production-1949-vol1-chapters	602	38.0	electne	<<electne>> notwithstanding the provisions of section	electee
production-1949-vol1-chapters	603	7.10	remporars	of any interested person the d rec <<remporars>>	temporary
production-1949-vol1-chapters	603	8.9	tfnitions	establish temporary definitions and standards for a <<tfnitions>>	munitions
production-1949-vol1-chapters	603	23.10	heanng	hold a hearing on the establishment of <<heanng>>	heang
production-1949-vol1-chapters	607	20.4	vetwer	secretary of state may <<vetwer>>	veter|vetoer|vetter
production-1949-vol1-chapters	615	33.10	llovw	one and fourteen one hundredths green v <<llovw>> istic color	llow
production-1949-vol1-chapters	619	1.7	firrr	of the insurance code relating to joint <<firrr>> life	firer|firry|firsr
production-1949-vol1-chapters	619	44.9	jienses	and each for the other for compliance <<jienses>>	licenses
production-1949-vol1-chapters	620	35.0	ablhty	<<ablhty>> it has been in force during the	ability
production-1949-vol1-chapters	621	39.8	reaured	insurer subject to the provisions of this <<reaured>>	reared
production-1949-vol1-chapters	622	10.0	ciiapter	<<ciiapter>>	chapter
production-1949-vol1-chapters	622	33.8	vielded	interest assumption not higher than is currently <<vielded>>	bielded|fielded|wielded|yielded
production-1949-vol1-chapters	625	9.10	feurdment	of schools is a member all contributions <<feurdment>>	ferment
production-1949-vol1-chapters	625	20.9	whiea	paid fron each of the funds from <<whiea>> his	waiea|whea|whiba|whie
production-1949-vol1-chapters	625	36.7	suyerin	state teachers retirement system of which county <<suyerin>>	suberin
production-1949-vol1-chapters	626	13.1	ayately	form <<ayately>> paged the first part which shall consist	acutely
production-1949-vol1-chapters	626	15.9	prmted	to appear upon the ballot shall he <<prmted>> in seven	prated
production-1949-vol1-chapters	627	1.7	detertion	state interest such as hospitals and sanatoriums <<detertion>> projects	desertion|detection|detention|detersion
production-1949-vol1-chapters	627	39.10	unnecessan	case of highways dedicated to the pub <<unnecessan>>	unnecessary
production-1949-vol1-chapters	631	37.8	nmit	the district shall give assurances and co <<nmit>> assurances	amit|emit|gmit|mit|nait|neit
production-1949-vol1-chapters	633	19.8	gmptoyment	legislative body may contract with any spe <<gmptoyment>>	employment
production-1949-vol1-chapters	633	21.7	accour	special services and advice in financial economic <<accour>> ting	accor|accou|accoun|account|accout|accur
production-1949-vol1-chapters	633	30.9	seealso	of said code is amended to reid <<seealso>>	seals
production-1949-vol1-chapters	634	15.0	repsra	<<repsra>> body may levy and collect an annual	report
production-1949-vol1-chapters	635	15.9	clieese	and except a room wherein cheese and <<clieese>>	cleese
production-1949-vol1-chapters	638	39.4	deenis	schools as the board <<deenis>> necessary	deenie|deens|denis|dennis
production-1949-vol1-chapters	643	28.10	appncation	property thus taken is sold under process <<appncation>>	application
production-1949-vol1-chapters	644	7.0	namton	<<namton>> inclusive shall be levied upon under writ	namwon|nanton|napton|nation
production-1949-vol1-chapters	647	5.11	sefendor	upon the records of the county in <<sefendor>>	defender
production-1949-vol1-chapters	647	46.13	avether	name of any other person mist be <<avether>>	aether
production-1949-vol1-chapters	648	9.0	veeace	<<veeace>> deemed personal property not capable of manual	peace|verace
production-1949-vol1-chapters	648	45.0	movety	<<movety>> possession of the defendant must be attached	moiety|moveth
production-1949-vol1-chapters	650	2.5	icaving	pany must be attached by <<icaving>> a copy of the writ and the	caving
production-1949-vol1-chapters	650	31.0	eveution	<<eveution>> not less than ten nor more than	evection
production-1949-vol1-chapters	652	0.0	muttgaged	<<muttgaged>> b within five days after the mortgaged	mortgaged
production-1949-vol1-chapters	652	45.0	ineriect	<<ineriect>> law for the payment this section shall	indirect
production-1949-vol1-chapters	655	22.9	termot	to the first terms hereinabove specified each <<termot>>	dermot|termo|termon|termor
production-1949-vol1-chapters	655	27.8	quoum	as in this chapter otherwise specifically provided <<quoum>>	quorum|quotum
production-1949-vol1-chapters	655	41.8	lienses	secretary of state may establish and enforce <<lienses>>	lenses|licenses
production-1949-vol1-chapters	658	3.1	subxe	and <<subxe>> s of such length scope and character	sube|subie|subje
production-1949-vol1-chapters	658	29.0	seope	<<seope>> uf the bond shall cover all claims	peope|scope|seop|sepe|sespe|shope
production-1949-vol1-chapters	658	45.0	susparion	<<susparion>> thereby canceled upon such cancellation the license	suspicion
production-1949-vol1-chapters	659	3.7	preense	person as having successfully passed the examination <<preense>> ete	preens|prepense|presense|pretense
production-1949-vol1-chapters	661	47.9	applicato	shall be in writing subscribed and sworn <<applicato>>	applicat|applicate|applicati|applicatio|applicator
production-1949-vol1-chapters	662	36.0	cunge	<<cunge>> of to which section applies ceases to	bunge|cange|clunge|cung|cunye|gunge
production-1949-vol1-chapters	665	19.8	continuitier	license desiring a continuation of his license <<continuitier>>	continuities
production-1949-vol1-chapters	667	2.1	portionment	manner <<portionment>>	apportionment
production-1949-vol1-chapters	671	40.9	tvcas	all reports furnished by the controller and <<tvcas>>	tcas|tvcs|vcas
production-1949-vol1-chapters	672	10.0	pelober	<<pelober>> secretary of state may	plover
production-1949-vol1-chapters	672	17.0	umform	<<umform>> this chapter may be cited as uniform	unform
production-1949-vol1-chapters	672	26.0	ruptey	<<ruptey>> act or insolvent under any state insolvent	ruptly
production-1949-vol1-chapters	674	9.5	mheritance	name though without words of <<mheritance>> passes the entire	heritance
production-1949-vol1-chapters	675	40.0	veyance	<<veyance>> includes every instrument in writing by which	voyance
production-1949-vol1-chapters	675	49.0	nershin	<<nershin>>	pershing
production-1949-vol1-chapters	676	1.0	hnovledge	<<hnovledge>> partnership affairs and the knowledge of the	knowledge
production-1949-vol1-chapters	676	49.0	vution	<<vution>> actual partners he is an agent of	lution|tution|vation
production-1949-vol1-chapters	678	18.0	contmuing	<<contmuing>> when a partnership for a fixed term	continuing
production-1949-vol1-chapters	678	19.1	tivular	peat <<tivular>> undertaking is continued after the termination of	titular
production-1949-vol1-chapters	679	9.9	lieirs	to dower curtesy or allowances to widows <<lieirs>>	liers
production-1949-vol1-chapters	679	23.10	gnee	a dissolution of the partnership the ass <<gnee>>	anee|gee|geee|gene|genee|ghee
production-1949-vol1-chapters	681	15.13	tnels	partner is liable to his copart ropa <<tnels>>	nels|taels|teels|tels
production-1949-vol1-chapters	684	1.0	vraecounts	<<vraecounts>> dissolution the following rules shall be observed	recounts
production-1949-vol1-chapters	686	0.1	jraua	of <<jraua>>	araua
production-1949-vol1-chapters	686	8.1	seetzon	or <<seetzon>> b without any settle	seeton
production-1949-vol1-chapters	686	43.0	cuaprer	<<cuaprer>> untformm limited partnership act	chapter
production-1949-vol1-chapters	688	2.0	eontribntion	<<eontribntion>> cash or other property but not services	contribution
production-1949-vol1-chapters	688	6.9	becaine	to the time when the limited partner <<becaine>>	betaine
production-1949-vol1-chapters	688	23.0	finniy	<<finniy>> general partner unless in addition to the	finney|finnic|finnie|finnip|finnis|finny
production-1949-vol1-chapters	688	31.1	pnticor	pe <<pnticor>> and powers and be subject to all	anticor
production-1949-vol1-chapters	689	8.9	ecurt	dissolution and winding up by decree of <<ecurt>>	curt
production-1949-vol1-chapters	689	14.8	erroneoisly	business conducted by a person or partnership <<erroneoisly>> eroncousty	erroneously
production-1949-vol1-chapters	690	44.0	partershp	<<partershp>> nade and that stated in the certificate	partnership
production-1949-vol1-chapters	691	20.6	assignab	a limited partner s interest is <<assignab>> e i riment	assignat
production-1949-vol1-chapters	691	22.13	nierest	partner who has died or has assisned <<nierest>>	interest
production-1949-vol1-chapters	691	51.9	hmited	shall have all the rights of a <<hmited>> partner oe	smited
production-1949-vol1-chapters	692	6.0	feutery	<<feutery>> of jurisdiction by any creditor of a	neuter
production-1949-vol1-chapters	694	10.6	meuluding	cases not sof law and equity <<meuluding>> tbe law merchant shall govern	eluding
production-1949-vol1-chapters	695	13.0	civit	<<civit>> cope	cavit|civet|civi|civic|civil|civis
production-1949-vol1-chapters	696	15.0	cuaptcr	<<cuaptcr>> drrinitions	chapter
production-1949-vol1-chapters	696	15.1	drrinitions	cuaptcr <<drrinitions>>	definitions
production-1949-vol1-chapters	696	17.0	pecurtes	<<pecurtes>> securities law	secures
production-1949-vol1-chapters	696	24.4	formgn	a all domestic and <<formgn>> private corporations asso	forman|formen|formin
production-1949-vol1-chapters	696	25.0	clations	<<clations>> syndicates joint stock companies and partnerships of	cations|clarions|lations
production-1949-vol1-chapters	697	2.9	liumtation	broker does not include the follow ng <<liumtation>>	limitation
production-1949-vol1-chapters	697	37.0	suription	<<suription>> an exchange any change in the meets	scription
production-1949-vol1-chapters	697	37.8	prefereitces	an exchange any change in the meets <<prefereitces>>	preferences
production-1949-vol1-chapters	700	4.0	qvrm	<<qvrm>> corporate securities law does not apply to	qrm|vrm
production-1949-vol1-chapters	700	9.0	medee	<<medee>> s corporate securities law does not apply	amedee|dedee|edee|mdee|mede|medea
production-1949-vol1-chapters	700	25.0	subserip	<<subserip>> a no provision of the corporate securities	subserve
production-1949-vol1-chapters	700	45.8	subserip	the commissioner authorizing the taking of such <<subserip>>	subserve
production-1949-vol1-chapters	701	2.7	crempt	every company otherwise subject to the corporate <<crempt>>	coempt|crept
production-1949-vol1-chapters	701	25.7	omees	the commissioner shall have his principal office <<omees>>	mees|omens|omers|omes|omnes
production-1949-vol1-chapters	702	31.2	deecl	swnerto gage <<deecl>> of trust indenture or other instrument under	decel|decl|deel|deepl
production-1949-vol1-chapters	702	33.0	maposed	<<maposed>> secured or issued the consent of the	malposed
production-1949-vol1-chapters	702	35.0	kiges	<<kiges>> ele sof the covenants agreements conditions provisions	figes|iges|kibes|kies|kigen|kiger
production-1949-vol1-chapters	703	41.8	pestructior	commissioner may after four years from date <<pestructior>>	destruction
production-1949-vol1-chapters	704	19.0	tonsand	<<tonsand>> oaths and may make an examination or	thousand
production-1949-vol1-chapters	707	35.10	pubhe	sale thereof limiting the expense in connec <<pubhe>> ete	dubhe|pube|puhe
production-1949-vol1-chapters	709	5.9	mseatns	advertisement concerning any security sold or offered <<mseatns>>	means
production-1949-vol1-chapters	709	12.8	arivertise	concerning any security offered issued or sold <<arivertise>>	advertise
production-1949-vol1-chapters	711	15.11	dinere	this section the commissioner may in his <<dinere>>	diner|dinero|diners
production-1949-vol1-chapters	716	24.0	determl	<<determl>> b for the purpose of determining the	deter|determ|determi
production-1949-vol1-chapters	717	28.9	ameniatn	for filing any application for an amend <<ameniatn>>	armenian
production-1949-vol1-chapters	719	6.7	pubhe	every company which directly or indirectly ffers <<pubhe>>	dubhe|pube|puhe
production-1949-vol1-chapters	719	18.12	jinne	does any of the following acts is <<jinne>>	finne|inne|janne|jenne|jine|jinn
production-1949-vol1-chapters	720	36.0	ofverds	<<ofverds>> cates and except as expressly otherwise provided	offers
production-1949-vol1-chapters	722	42.0	meertificate	<<meertificate>> conditions as the commissioner may provide including	certificate
production-1949-vol1-chapters	723	2.8	yearng	a hearing is held concerning the revocation <<yearng>>	yearn|yearns
production-1949-vol1-chapters	725	7.10	raade	of the public market quotations of prices <<raade>>	aade|baade|raabe|raad|rade|ranade
production-1949-vol1-chapters	725	32.0	cuaprer	<<cuaprer>> prouisitep activities	chapter
production-1949-vol1-chapters	725	34.8	ducienne	constituting bucketing under section or who makes <<ducienne>>	duchenne|lucienne
production-1949-vol1-chapters	725	35.8	iscte	sale constituting bucketing under section or who <<iscte>>	iste|scte
production-1949-vol1-chapters	728	2.0	wotea	<<wotea>> securities enumerated in section but they are	aotea|wota|wote
production-1949-vol1-chapters	731	12.11	sundpell	public way omits to cause a bell <<sundpell>>	sundell
production-1949-vol1-chapters	733	6.12	restreted	set apart and the lines separating it <<restreted>>	restricted
production-1949-vol1-chapters	733	11.10	evwenses	may charge the expense of erecting ind <<evwenses>>	expenses
production-1949-vol1-chapters	735	34.6	datti	pierce isabella regia california concord concord <<datti>> r de	atti|batti|catti|danti|dati|datt
production-1949-vol1-chapters	735	35.6	dizmar	beyrouth red malaga cardinal khalili persian <<dizmar>>	ditmar
production-1949-vol1-chapters	736	24.0	redberty	<<redberty>> c redberry means a condition closely resembling	redberry
production-1949-vol1-chapters	741	0.9	allutment	allotting the quantity of any agr cul <<allutment>>	allotment
production-1949-vol1-chapters	743	29.8	ustmen	and equitable payment of production adjustment benefits <<ustmen>>	dustmen|ostmen
production-1949-vol1-chapters	743	43.2	froin	the director <<froin>> statistical data compiled by state or federal	broin|foin|frain|frein|frin|froid
production-1949-vol1-chapters	744	38.0	pubhe	<<pubhe>> b public works projects means acquisition and	dubhe|pube|puhe
production-1949-vol1-chapters	747	41.10	guics	welfare pursuant to article xxv of the <<guics>>	gics|guice|guids|guis
production-1949-vol1-chapters	752	2.1	organt	tw <<organt>> us for not exceeding twenty years or	orant|organ|organa|organe|organi|organo
production-1949-vol1-chapters	753	37.10	nouce	any hearing called for such purpose shal <<nouce>>	douce|nauce|noce|noice|nonce|noue
production-1949-vol1-chapters	755	47.10	syenen	the power after due notice and opportunity <<syenen>>	senen|seven|syene
production-1949-vol1-chapters	758	35.0	jorrow	<<jorrow>> approving minor amendments to such marketing order	borrow|jarrow|morrow|sorrow
production-1949-vol1-chapters	761	35.10	nepnsits	also be deposited in the inmate welfare <<nepnsits>>	deposits
production-1949-vol1-chapters	761	40.10	temzed	report of such expenditures shall be submitted <<temzed>>	temped
production-1949-vol1-chapters	763	40.0	eimet	<<eimet>> in such district and also to be	eimer|elmet|emet|emmet|imet|nimet
production-1949-vol1-chapters	765	15.10	vhtment	dwelling house and other improvements for a <<vhtment>>	vestment
production-1949-vol1-chapters	768	0.1	foamend	enact <<foamend>> section of the military and veterans code	foamed
production-1949-vol1-chapters	771	1.11	tromme	unlawful to possess any gill or trammel <<tromme>> nets	fromme|romme|tomme|trombe|trommel|trompe
production-1949-vol1-chapters	771	7.12	riesh	with not to exceed one half inch <<riesh>>	liesh|resh|ries|riesch|riese|riess
production-1949-vol1-chapters	771	17.7	mmeor	each salary payment for any calendar month <<mmeor>>	memor|meor
production-1949-vol1-chapters	773	11.7	detoher	secretary of state mas y d j <<detoher>>	deter
production-1949-vol1-chapters	775	35.11	aeraee	thousand or more pupils shall admit a <<aeraee>>	aerage|aerate|aeree
production-1949-vol1-chapters	776	8.0	aceretzons	<<aceretzons>> jf accretions are caused or occasioned by	accretions
production-1949-vol1-chapters	778	38.0	hieenses	<<hieenses>> sporting fishing license	licenses
production-1949-vol1-chapters	779	29.6	ellege	the minimum standard for the junior <<ellege>> june	allege|elledge
production-1949-vol1-chapters	779	37.8	ceneral	minimum standard for the general seco diary <<ceneral>>	beneral|central|general|heneral|jeneral|teneral
production-1949-vol1-chapters	780	10.0	cementary	<<cementary>> credential shall be the number of years	cemetary
production-1949-vol1-chapters	780	31.0	tnay	<<tnay>> mary credential shall be the number of	anay|inay|jnay|nay|snay|tanay
production-1949-vol1-chapters	780	41.0	iimms	<<iimms>> tor s credential of each grade level	dimms|iims|imms|mimms|pimms|simms
production-1949-vol1-chapters	780	47.0	brducation	<<brducation>>	education
production-1949-vol1-chapters	781	1.7	tiranan	the minimum standard for the librarianship credential <<tiranan>>	tirana
production-1949-vol1-chapters	781	39.6	seetin	ance code to renumber and amend <<seetin>> said	meetin|seein|seekin|seeton|settin|sweetin
production-1949-vol1-chapters	783	25.9	determmin	as provided in b hereof in deter <<determmin>>	determin|determine
production-1949-vol1-chapters	783	34.12	insuance	provisions of this code shall be taken <<insuance>>	ensuance|instance|insulance|insurance|issuance
production-1949-vol1-chapters	784	13.1	trusteed	eben <<trusteed>> surplus in the united states of an	trusted|trustee|trustees
production-1949-vol1-chapters	784	38.0	petoher	<<petoher>> secretary of state may j	pether
production-1949-vol1-chapters	785	6.4	geunrer	scuretaly of state may <<geunrer>>	gender
production-1949-vol1-chapters	787	7.11	constructis	any such mortgage or deed of trust <<constructis>>	constructio|constructs
production-1949-vol1-chapters	787	18.9	reeordatio	document or paper s presented for reccrda <<reeordatio>>	recordation
production-1949-vol1-chapters	789	10.11	neposn	the sale shall be deposited in the <<neposn>>	nepos
production-1949-vol1-chapters	790	42.0	perober	<<perober>> secretary of state may	prober|proper
production-1949-vol1-chapters	791	25.10	rremums	employment the premiums on official and schedule <<rremums>>	premiums
production-1949-vol1-chapters	793	10.9	tomuns	counts of cantaloupes when packed are hereby <<tomuns>>	tomans|tomus
production-1949-vol1-chapters	794	5.0	cunsoli	<<cunsoli>> li r if a defendant in a	consoli|unsold
production-1949-vol1-chapters	794	35.0	neaney	<<neaney>> trust dies resigns fails or declines to	beaney|heaney|keaney|leaney|meaney|naney
production-1949-vol1-chapters	796	22.0	ciiapter	<<ciiapter>>	chapter
production-1949-vol1-chapters	797	7.4	mucnd	cuil procedure and te <<mucnd>> sechun of the probate	mucid|mund
production-1949-vol1-chapters	797	7.5	sechun	cuil procedure and te mucnd <<sechun>> of the probate	sechin|sehun
production-1949-vol1-chapters	797	25.13	rersuna	at his place of residence when ubli <<rersuna>>	persona
production-1949-vol1-chapters	798	49.6	ijnited	maintained bv the government of the <<ijnited>> states	ignited
production-1949-vol1-chapters	799	18.9	heense	alleged insane mentally ill or incompetents without <<heense>>	heene|heese|hense
production-1949-vol1-chapters	801	11.5	merease	authority to broaden distribution and <<merease>> von	terease
production-1949-vol1-chapters	801	13.7	procluc	authority to provide for the adjustment of <<procluc>>	proclus
production-1949-vol1-chapters	803	37.0	cuaprer	<<cuaprer>> deerinitions anp general provisions	chapter
production-1949-vol1-chapters	803	37.1	deerinitions	cuaprer <<deerinitions>> anp general provisions	definitions
production-1949-vol1-chapters	805	8.8	commts	commissioner of corporations may make s ich <<commts>>	comets|commas|commes|commis|commits|comms
production-1949-vol1-chapters	805	9.12	orstion	necessary to carry out the purposes for <<orstion>>	oration
production-1949-vol1-chapters	805	18.9	lieene	system created pursuant to the lz ws <<lieene>>	lienee|lierne|linene
production-1949-vol1-chapters	806	33.0	xammnation	<<xammnation>> visions of this division shall open its	examination
production-1949-vol1-chapters	807	8.9	munem	time within thirty days after the vcom <<munem>>	menem|monem|mune|munez|munim|musem
production-1949-vol1-chapters	807	33.11	munctn	person or persons subject to the provisions <<munctn>>	munity
production-1949-vol1-chapters	810	10.0	admtant	<<admtant>> are prescribed in this code and such	adjutant
production-1949-vol1-chapters	810	46.0	adutint	<<adutint>> eral and shall receive the same pay	adjutant
production-1949-vol1-chapters	811	6.11	ivavy	the air force or department of the <<ivavy>>	ivany
production-1949-vol1-chapters	811	29.10	mitve	laws of the united states and regulations <<mitve>>	mite|mitie|mitre|mitte
production-1949-vol1-chapters	812	37.0	prnates	<<prnates>> a company troop squadron battery or detachment	penates|prates|pronates
production-1949-vol1-chapters	813	29.0	eipal	<<eipal>> of the school in which he is	epal|pipal|ripal
production-1949-vol1-chapters	813	34.10	sutnory	contagious or infectious disease he shall be <<sutnory>>	story|suntory
production-1949-vol1-chapters	816	0.0	biats	<<biats>> ins an act to amend sections and	baits|bats|beats|bias|bits|bitts
production-1949-vol1-chapters	819	12.9	betermi	earned rating of each person comp ting <<betermi>>	determi
production-1949-vol1-chapters	820	41.0	incumpatable	<<incumpatable>> a state officer or employee shall not	incompatible
production-1949-vol1-chapters	821	3.12	atuble	board those activities which for yer ot <<atuble>>	atule|atumble
production-1949-vol1-chapters	821	4.8	acuvtes	under his jurisdiction will be considered inconsistent <<acuvtes>>	acute|acutes
production-1949-vol1-chapters	822	28.0	notaee	<<notaee>> act chapter part division title of the	notate
production-1949-vol1-chapters	824	0.3	toamend	suts an acl <<toamend>> anaect cntitied an act to amend section	amend
production-1949-vol1-chapters	824	4.4	alission	development and improvement of <<alission>> bay park to	alisson
production-1949-vol1-chapters	824	15.0	parkaes	<<parkaes>> state of california having entered into an	parkas|parkes
production-1949-vol1-chapters	824	31.0	srerion	<<srerion>> j section is added to the probate	region
production-1949-vol1-chapters	825	25.0	sretion	<<sretion>> section of the fish and game code	cretion
production-1949-vol1-chapters	827	44.11	ornare	shall be available only for the purpose <<ornare>>	ornate|sornare
production-1949-vol1-chapters	828	10.1	perart	by <<perart>> an engineering and traffic investigation that the	peart|peract
production-1949-vol1-chapters	828	11.0	pubhe	<<pubhe>> works limit of miles per hour is	dubhe|pube|puhe
production-1949-vol1-chapters	830	10.1	buur	noon <<buur>> every person operating a sawmill shake mill	baur|beur|blur|bour|bubur|bucur
production-1949-vol1-chapters	831	18.8	neatnn	the full name of the applicant tp <<neatnn>>	neaten
production-1949-vol1-chapters	831	44.11	itling	issue to the applicant a license en <<itling>> a	etling|idling|illing|kitling|ritling|tiling
production-1949-vol1-chapters	831	47.12	expratior	the processor for whom the agent acts <<expratior>>	expiration
production-1949-vol1-chapters	831	48.11	erein	the manner and upon the grounds j <<erein>>	brein|eremin|eren|ergin|erien|erin
production-1949-vol1-chapters	832	29.0	dueer	<<dueer>> creditors of such processor together with the	deer|duder|dueler|duer|duerr|dufer
production-1949-vol1-chapters	833	15.12	heense	a hearing as herein provided he is <<heense>>	heene|heese|hense
production-1949-vol1-chapters	836	44.0	gueneyv	<<gueneyv>> on his part if within that time	gurneys
production-1949-vol1-chapters	838	31.0	ofby	<<ofby>> laws section to provide for a board	obby|oby|ofay|ofb|offy|ofmy
production-1949-vol1-chapters	838	32.10	elivi	of three members in such case five <<elivi>>	elvi|live|livi|olivi
production-1949-vol1-chapters	839	1.11	dstnet	is situated to determine the legality of <<dstnet>>	dotnet
production-1949-vol1-chapters	843	35.11	oscoe	easterly corner of lot of g f <<oscoe>>	boscoe|osce|osco|roscoe|scoe
production-1949-vol1-chapters	845	15.9	tibed	of los angeles state of california desc <<tibed>>	gibed|jibed|tiber|tibes|tibet|tibey
