production-1988-vol2	191	17.6	shobi	as used in this section a <<shobi>> due means a staff crutch	chobi|dhobi|hobi|shabi|shoba|shobe
production-1988-vol2	191	38.0	slungshots	<<slungshots>> billies nunchakus sandclubs sandbags metal knuckles	slingshots|slungshot
production-1988-vol2	191	38.3	sandclubs	slungshots billies nunchakus <<sandclubs>> sandbags metal knuckles	sandclub
production-1988-vol2	197	47.0	atiad	<<atiad>>	abiad|actiad|ariad|artiad|asiad|atia
production-1988-vol2	201	47.0	avtatn	<<avtatn>>	attain
production-1988-vol2	202	49.0	ataw	<<ataw>>	aaaw|aaw|adaw|ajaw|alaw|anaw
production-1988-vol2	208	46.0	atcgal	<<atcgal>>	actual
production-1988-vol2	209	40.0	ateon	<<ateon>>	aceon|acteon|aeon|aten|atheon|athon
production-1988-vol2	213	34.0	atrad	<<atrad>>	arad|atra|atran|atras|strad|trad
production-1988-vol2	216	40.0	awarn	<<awarn>>	aarn|awan|awar|awara|awaran|award
production-1988-vol2	230	46.0	arelo	<<arelo>>	areco|arel|arely|areo|arlo|arulo
production-1988-vol2	256	20.1	rerefines	or <<rerefines>> used oil	redefines
production-1988-vol2	260	40.0	aqrok	<<aqrok>>	arok
production-1988-vol2	275	47.0	anned	<<anned>>	acned|anend|anmed|annd|anne|annea
production-1988-vol2	276	48.0	bonsl	<<bonsl>>	boncl|bonel|bons|bonsal|bonse|bonsu
production-1988-vol2	277	46.0	eansn	<<eansn>>	eann|eanon|eans
production-1988-vol2	284	47.0	rnoed	<<rnoed>>	roed
production-1988-vol2	296	46.0	snenr	<<snenr>>	sneer
production-1988-vol2	297	42.0	snbeh	<<snbeh>>	sneh
production-1988-vol2	301	0.2	agmissior	requests ror <<agmissior>>	admission
production-1988-vol2	303	46.0	snrin	<<snrin>>	sarin|scrin|serin|sirin|snri|snris
production-1988-vol2	304	40.7	experxi	a party desiring a to depose any <<experxi>> described in	experi
production-1988-vol2	308	28.5	nondepartment	affect the towing company on <<nondepartment>> referred calls and	nondepartmental
production-1988-vol2	309	41.0	einon	<<einon>>	eanon|eikon|einen|eino|eion|enion
production-1988-vol2	327	0.2	poay	the governing <<poay>>	oay|paoay|pay|peay|phay|play
production-1988-vol2	328	3.0	subfranchise	<<subfranchise>> means any contract or agreement	subfranchisor
production-1988-vol2	328	19.6	subfranchise	otherwise franchise includes area franchise and <<subfranchise>>	subfranchisor
production-1988-vol2	334	0.2	semor	relating to <<semor>> rs	emor|memor|sebor|secor|sedor|semar
production-1988-vol2	341	46.0	sonen	<<sonen>>	bonen|conen|donen|gonen|honen|monen
production-1988-vol2	348	46.0	noorl	<<noorl>>	nool|noor|noora|noord|noori|noort
production-1988-vol2	352	36.0	rorrr	<<rorrr>>	orrr|orrrr|rorer|rrrr|rrrrr
production-1988-vol2	355	32.1	onjuly	e <<onjuly>> the amounts specified in subdivisions a b	ofjuly
production-1988-vol2	361	47.0	sobrn	<<sobrn>>	sobin|sobra|sobran|sobre|sorn
production-1988-vol2	362	40.0	ooror	<<ooror>>	koror|motor|oooor|ooor|soror
production-1988-vol2	384	21.0	nocredit	<<nocredit>> union shall pay any commission or compensation	noncredit
production-1988-vol2	388	49.0	saror	<<saror>>	haror|sabor|sagor|sajor|saor|sapor
production-1988-vol2	392	41.5	trackmen	switchmen firemen dispatchers clerks operators <<trackmen>>	trackman|truckmen
production-1988-vol2	392	43.3	busdrivers	railways and to <<busdrivers>> and truckdrivers employed by common	busdriver
production-1988-vol2	397	45.0	rgrn	<<rgrn>>	grn|rgn|rgr|rrn
production-1988-vol2	401	37.0	eanrd	<<eanrd>>	eard
production-1988-vol2	428	37.0	beork	<<beork>>	beor|beorn|berk|bework|bjork|bork
production-1988-vol2	432	40.0	beror	<<beror>>	bearor|befor|before|beor|berar|bero
production-1988-vol2	433	47.0	seaio	<<seaio>>	said|seago|seai|seaso|seato|senio
production-1988-vol2	439	35.0	brpon	<<brpon>>	breon|brion|bron|broon|bryon|upon
production-1988-vol2	441	46.0	pivats	<<pivats>>	pivots|private
production-1988-vol2	444	48.0	beqor	<<beqor>>	befor|before|beor|betor|bevor|beyor
production-1988-vol2	446	47.0	rrgor	<<rrgor>>	regor|rigor
production-1988-vol2	447	46.0	rroio	<<rroio>>	froio
production-1988-vol2	449	30.8	mulemen	and the organization representing the horsemen or <<mulemen>>	muleman|mullen
production-1988-vol2	452	46.0	reool	<<reool>>	recool|refool|reoil|reol|resol|retool
production-1988-vol2	455	37.0	segny	<<segny>>	seany|segni|segno|seny|signy
production-1988-vol2	456	46.0	reron	<<reron>>	aeron|beron|deron|eron|erron|feron
production-1988-vol2	458	27.0	srabd	<<srabd>>	said|shabd
production-1988-vol2	464	0.0	gecis	<<gecis>> on to	decis|ecis|gecas|gecs|geis|gelis
production-1988-vol2	468	45.0	beqr	<<beqr>>	bear|bedr|beer|behr|beir|beor
production-1988-vol2	473	47.0	ertan	<<ertan>>	artan|eitan|eran|ercan|erdan|erhan
production-1988-vol2	480	45.0	btail	<<btail>>	bail|betail|brail|etail|tail
production-1988-vol2	484	44.0	eranr	<<eranr>>	eran|erano
production-1988-vol2	500	36.0	roncr	<<roncr>>	ronco|roner
production-1988-vol2	517	47.0	rreoh	<<rreoh>>	fresh
production-1988-vol2	521	46.0	baenp	<<baenp>>	baen|baena
production-1988-vol2	523	21.1	pheresis	platelet <<pheresis>> concentrates derived through the	apheresis|phoresis
production-1988-vol2	523	23.1	pheresis	platelet <<pheresis>> concentrates derived through the	apheresis|phoresis
production-1988-vol2	550	47.0	zortl	<<zortl>>	zoril
production-1988-vol2	553	41.0	kootn	<<kootn>>	koon|koot|kooti|kootz
production-1988-vol2	568	47.0	borol	<<borol>>	birol|bohol|bool|boral|borel|boro
production-1988-vol2	569	16.5	nonmanufacturer	manufacturer installed options but excluding <<nonmanufacturer>>	nonmanufacture|nonmanufactured
production-1988-vol2	570	48.0	gobsc	<<gobsc>>	gobs
production-1988-vol2	575	44.0	bdsi	<<bdsi>>	adsi|basi|bdi|bds|bdsm|besi
production-1988-vol2	584	31.1	anaction	a <<anaction>> may be brought for the purpose of	abaction|enaction|inaction|unaction
production-1988-vol2	613	42.2	carbonitrile	b piperidinocyclohexane <<carbonitrile>> pcc	carbonitride
production-1988-vol2	627	45.0	gossn	<<gossn>>	goss|gossan|gosse|gossen|gossi|gossy
production-1988-vol2	659	36.0	riath	<<riath>>	diath|liath|raith|rath|reath|riach
production-1988-vol2	676	39.0	eranan	<<eranan>>	branan|erawan|reagan|sranan
production-1988-vol2	686	38.0	raaai	<<raaai>>	aaai|raaa|raaah|raazi|rajai|rakai
production-1988-vol2	695	46.0	aavand	<<aavand>>	aaaand|aaand|aanand|aavan
production-1988-vol2	696	47.0	catin	<<catin>>	actin|atin|batin|cabin|cain|calin
production-1988-vol2	720	41.0	bseon	<<bseon>>	been|beon|breon|bson|byeon|seon
production-1988-vol2	721	46.0	gxban	<<gxban>>	goban|urban
production-1988-vol2	722	0.0	dismaniler	<<dismaniler>> changes the site or location of his	dismantler
production-1988-vol2	728	41.0	rsosc	<<rsosc>>	rosc|rsos
production-1988-vol2	730	36.0	brdi	<<brdi>>	ardi|badi|bardi|bdi|bedi|bidi
production-1988-vol2	748	48.0	bbol	<<bbol>>	abol|bbl|bbo|bbox|bboy|biol
production-1988-vol2	778	35.0	epiderniology	<<epiderniology>>	epidemiology
production-1988-vol2	789	38.0	crorn	<<crorn>>	corn|croan|crohn|cron|cronn|croon
production-1988-vol2	792	0.0	bamiulies	<<bamiulies>>	families
production-1988-vol2	798	48.0	grral	<<grral>>	geral|giral|goral|graal|gral|grrl
production-1988-vol2	810	39.0	brric	<<brric>>	arric|baric|beric|boric|bric|brrip
production-1988-vol2	811	41.0	grreo	<<grreo>>	green
production-1988-vol2	812	43.0	ereon	<<ereon>>	breon|creon|dereon|eren|ergon|erion
production-1988-vol2	832	12.0	premiurn	<<premiurn>> payments from its member insurers sufficient to	premourn
production-1988-vol2	836	42.1	frorn	powers <<frorn>> doing any of the following	forn|fron|fror|frore|frory|frown
production-1988-vol2	836	47.0	borrl	<<borrl>>	board|boral|borel|borr|borra|borre
production-1988-vol2	838	48.0	rorri	<<rorri>>	corri|dorri|lorri|morri|orri|rodri
production-1988-vol2	843	46.0	ordod	<<ordod>>	orded|order|ordo|ordon|ordos
production-1988-vol2	846	46.0	borrl	<<borrl>>	board|boral|borel|borr|borra|borre
production-1988-vol2	854	41.0	fovan	<<fovan>>	dovan|folan|foman|foran|fovant|govan
production-1988-vol2	865	0.1	uiuretics	il <<uiuretics>>	diuretics
production-1988-vol2	865	39.4	facihty	devices used at the <<facihty>> so that he or she is able	faciity
production-1988-vol2	865	41.0	orrd	<<orrd>>	oord|orad|ord|ored|orld|orr
production-1988-vol2	889	12.3	serigraphic	etching engraving lithographic <<serigraphic>> or a particular method	perigraphic
production-1988-vol2	895	0.0	appomtment	<<appomtment>>	appointment
production-1988-vol2	908	0.6	othces	convention centers and meeting rooms administrative <<othces>>	other|othes
production-1988-vol2	926	0.0	metnogs	<<metnogs>>	methods
production-1988-vol2	938	39.8	xitia	to subdivision a of section of article <<xitia>> of the	itia|litia|mitia|sitia|titia
production-1988-vol2	939	46.0	orrn	<<orrn>>	oran|oren|orin|orn|oron|orr
production-1988-vol2	974	41.0	rgrf	<<rgrf>>	grf|rgf|rgr|rrf
production-1988-vol2	982	22.2	icpair	acquisition construction <<icpair>> operation and maintenance of	impair
production-1988-vol2	983	45.0	tallio	<<tallio>>	gallio|kallio|talli|tallia|tallie|tallin
production-1988-vol2	986	43.0	ayrl	<<ayrl>>	acrl|afrl|airl|aprl|arl|arrl
production-1988-vol2	987	20.0	wtuch	<<wtuch>> case an election shall be held on	tuch|wauch|wouch
production-1988-vol2	988	30.4	cenees	executive officer ec eecessessesessssseeseteceeeressens <<cenees>> ml	censes
production-1988-vol2	992	39.0	aaal	<<aaal>>	aaa|aaaa|aaad|aaah|aaai|aaam
production-1988-vol2	993	43.0	taacd	<<taacd>>	taac
production-1988-vol2	1009	0.1	jjuage	preslaimg <<jjuage>>	judge
production-1988-vol2	1054	48.0	tbral	<<tbral>>	bral|taral|teral|toral|tral|tural
production-1988-vol2	1063	14.4	acidurias	homocystinuria branched chain amino <<acidurias>> disorders of	aciduria
production-1988-vol2	1063	18.7	acidemias	hyper ornithine mia and other genetic organic <<acidemias>> which	acidemia
production-1988-vol2	1068	8.2	crossmembers	retract metal <<crossmembers>> under the tire when the vehicle is	corpsmembers|crossmember
production-1988-vol2	1094	32.0	yolce	<<yolce>> county flood contro and water conservation district	dolce|polce|yonce
production-1988-vol2	1100	0.0	edaa	<<edaa>>	adaa|daa|eaa|eda|edac|edad
production-1988-vol2	1115	34.0	tooon	<<tooon>>	tolon|tonon|toon|tooo|toooo|toorn
production-1988-vol2	1148	46.0	rnnr	<<rnnr>>	nnr|rnn|rnns|rnr|rnvr
production-1988-vol2	1152	29.1	assoon	a <<assoon>> as possible after the th day before	alsoon|aswoon|bassoon|cassoon|sassoon
production-1988-vol2	1160	47.0	qnane	<<qnane>>	anane|inane|nane|quane
production-1988-vol2	1163	46.0	anarn	<<anarn>>	aarn|anan|anar|anara|anark|narn
production-1988-vol2	1166	41.0	rnsol	<<rnsol>>	resol|rosol
production-1988-vol2	1167	46.0	gnson	<<gnson>>	anson|enson|ganson|genson|gonson|gunson
production-1988-vol2	1169	40.0	angen	<<angen>>	agen|aggen|amgen|anagen|anden|ange
production-1988-vol2	1174	48.0	raroc	<<raroc>>	maroc|raoc|raro|taroc
production-1988-vol2	1180	18.3	upgradient	one half mile <<upgradient>> from a potential source of drinking water	upgrading
production-1988-vol2	1184	17.8	upgradient	wastes and is within one half mile <<upgradient>> from a	upgrading
production-1988-vol2	1186	34.9	recompacted	least a three foot thick layer of <<recompacted>> clay or other	recomputed
production-1988-vol2	1222	13.0	prelicensed	<<prelicensed>> psychiatric technician	prelicense|relicensed
production-1988-vol2	1224	40.0	rornl	<<rornl>>	ornl|roral
production-1988-vol2	1225	29.3	polycylic	limited to benzene <<polycylic>> aromatic hydrocarbons	polycyclic
production-1988-vol2	1226	37.2	pubhe	to the <<pubhe>> during voting hours and throughout the period	dubhe|pube|puhe
production-1988-vol2	1232	15.0	maceta	<<maceta>> oe ceccccsssecercesecceccesssencncesessetsesessescenessssiessceecarenss	gaceta|maceda|macera|macuta|maleta
production-1988-vol2	1232	18.0	modocc	<<modocc>> c cesscsscsevsesscsesnscessecsevstsatesceresseseentvateacsessrserees	modoc|modocs
production-1988-vol2	1232	20.0	pyummas	<<pyummas>> eeeecesvesescceccessccevssesseestesecnseeenersersnssecsarentents	plumas
production-1988-vol2	1232	27.0	sultoy	<<sultoy>> oo eeseessessseceecereesencesesenseenserssevsntensescetsesnseenerenses	sulton|sultry
production-1988-vol2	1232	29.0	tuolumine	<<tuolumine>> sc ceeeeesvsseseeesevescseverersessescereseteateascnseersssrens	tuolumne
production-1988-vol2	1232	42.0	gornr	<<gornr>>	gorer|gorn|gorna|gorni|gorno|gorr
production-1988-vol2	1239	0.0	sudaivision	<<sudaivision>>	subdivision
production-1988-vol2	1250	40.0	rraa	<<rraa>>	araa|draa|raa|raaa|rara|riaa
production-1988-vol2	1268	8.0	alamecha	<<alamecha>> ccsssssssesstersestevsscsesssesssesvssavennssensossavesseassonsvenscesssees	alameda
production-1988-vol2	1268	11.0	haywatt	<<haywatt>> ssccsssesssssesessssvessnsesescscevsvarevecsesessoesevsssessesvesevevessenevees	hayward
production-1988-vol2	1268	12.0	livetmote	<<livetmote>> seeessessesvenoeessonsenseosevessussevsassuessrsvsussusesessessnesness	livermore
production-1988-vol2	1268	14.0	pleasantom	<<pleasantom>> sesseosersserersvceseseseessessssssesssessesssenssossonsavesseassensvens	pleasant|pleasanton
production-1988-vol2	1269	11.0	ciovis	<<ciovis>> ccesccssessescssescnensesssssscesessssvsvsrssssessvsecsessersssesesscsessseesessereereses	civis|clovis
production-1988-vol2	1269	16.0	hlulon	<<hlulon>> ooo ceeessessessessescsseeseesescscnerscecesenseneessvseeaceseaecssesssesersrecaseneenss	huron
production-1988-vol2	1269	31.0	aycala	<<aycala>> oo seectesscseecssnesevsersssvesevaserssscessssesssavsesssssssnvacasssnessenenena	acala|alcala|arcala|ayala
production-1988-vol2	1269	35.0	portuna	<<portuna>> oo eseeeseseseeoecenvegeeceecneceaesessneeasssseesssesavsneseeseseaceaeras	fortuna
production-1988-vol2	1270	0.0	wbisnop	<<wbisnop>> ns cseecceeceessesereenseeeeereeserseeeerrsnesene cenereesepreninetes ge reserves zo	bishop
production-1988-vol2	1270	8.0	telrachapi	<<telrachapi>> on cece sesecseceerecsenecassenecessecvevevsereveensaneaseesreseens	tehachapi
production-1988-vol2	1270	14.0	lemoole	<<lemoole>> ooeeesecscessscssscersssvesnsecessecerssesvsceeessesensenssessersessesvorasereenenes	lemoore
production-1988-vol2	1270	38.0	gendora	<<gendora>> o eeceeccsscescessescscecevsceseseeceessessessescsessereersesvsacesserevsrees	endora|glendora
production-1988-vol2	1270	44.3	eiciee	long beach oo <<eiciee>> cece seeeesesersessecseesenseee ceseeesstaseasnessrersseee eee	excise
production-1988-vol2	1271	1.0	momtovia	<<momtovia>> ssceessssssescersecersecstesevsesesecestevsssvensesnevssecsseecnesvanevens	monrovia
production-1988-vol2	1272	13.0	callistoga	<<callistoga>> csssccssesssesssssessessessessesnnecarssseessesenessessecsesensenseressnenes	calistoga
production-1988-vol2	1272	25.0	lanoln	<<lanoln>> oe eeeeesssesssestseecseneseseneseecsevsensscsevsesssssvseavvensvensssssenacsraess	lanolin
production-1988-vol2	1272	35.0	biythe	<<biythe>> se eseesesessenevevscsencsessvevesnssonssonsvensvevsenensessessvevaveessensvasaees	birthe|blythe|bythe
production-1988-vol2	1273	1.0	foisom	<<foisom>> cececessesee oe cessssesvscevsvecssvacseceeavsesevavsevsvaersvavaesusavvevsvaeerens	foism|foison|folsom
production-1988-vol2	1273	12.0	chitmo	<<chitmo>> vee ceeescesecesvsseerevrsesecstestesserscseseenseucnsavsuesrsssessesserseevassraes	chimo|chito|chitto
production-1988-vol2	1273	14.0	fomtatna	<<fomtatna>> ooo cseceesecces coceeesescenseesesseeeaeeersessarersevsatevsucesnevsatesseeesensas	fontana
production-1988-vol2	1273	16.0	omatio	<<omatio>> ooo ceeeceseese cos cosseesenvssessseescnceceesseseecescastersseesnavssesnsessecses	oratio
production-1988-vol2	1273	28.0	escongigo	<<escongigo>> oe ceseeesesseceesesvesescseessescevssessevecsserssssceecessessseereeersereves	escondido
production-1988-vol2	1273	34.2	ccesce	sar marcos <<ccesce>> cccsscsee cosscesseseese ceessscsseee sesneeessesensesseressesensersnes	coerce
production-1988-vol2	1274	0.1	rodics	paso <<rodics>> cesecseceenseneereeseececessrevevcrssseseesssnnsterse ean seserneses ees	rodica
production-1988-vol2	1274	29.1	altoos	ls <<altoos>> o c eeeecssessesssessesesscesserssssessessssssesseaesevsesesseseseseeeesereenees	altos
production-1988-vol2	1275	3.0	momntaque	<<momntaque>> ns sesressecese seveeseesevaeecersesenersseessesessssnssssensveesvessvananeenens	montague
production-1988-vol2	1275	5.0	tullelake	<<tullelake>> o cscccsscsssssesssessssessresssevscsrersornsstesserstsrsessestessevecsevserss	tulelake
production-1988-vol2	1275	18.0	colall	<<colall>> oo cesssvssevssrecvesrecscsvevseseopsrsscoenestessessesessversetsrnsesateenassosneverse	call|conall
production-1988-vol2	1275	24.0	somota	<<somota>> one eecescsecssensssecssvensescenseenssensseensessessssessesenseessnsssveasestecses	momota|sobota|somata|somona|somoza
production-1988-vol2	1275	28.0	mogesto	<<mogesto>> scscsscccssesesseceessesstenseeneesnssnsensscceateessceesanseceeasenesansaaees	modesto
production-1988-vol2	1275	31.0	pattetsom	<<pattetsom>> ccs ses ccc sse see soocecserseceesecsscstcerstversessserssveesesserersersvarsess	patterson
production-1988-vol2	1276	10.0	fallmote	<<fallmote>> o eseeeesescseseneeseronevorseeeveveceessavansvsesavassoseversvsverseasarsenserss	fillmore
production-1988-vol2	1278	11.4	milias	bargaining under the meyers <<milias>> brown act to ensure adequate	ilias|lilias|milas|milia|milian|milis
production-1988-vol2	1281	41.0	sareo	<<sareo>>	areo|mareo|pareo|sarao|sarco|sardo
production-1988-vol2	1289	42.10	recordholders	included in addition to the number of <<recordholders>>	recordholder
production-1988-vol2	1298	0.4	occutting	water shortages are now <<occutting>> im some areas of tne state	occulting
production-1988-vol2	1303	47.0	rarren	<<rarren>>	arren|barren|darren|farren|garren|harren
production-1988-vol2	1311	40.0	arbio	<<arbio>>	arbi|arbib|arbie|arbil|arbo|ario
production-1988-vol2	1315	46.0	qetaq	<<qetaq>>	metal
production-1988-vol2	1325	40.0	genen	<<genen>>	benen|denen|enen|geben|geen|gefen
production-1988-vol2	1338	13.6	bilhon	budget enacted in july appropriated nearly <<bilhon>> in state funds this amount	bichon|bilion|billon|bilson|bilton
production-1988-vol2	1339	46.0	qerey	<<qerey>>	nerey|perey|qere|serey|verey
production-1988-vol2	1342	47.0	rrean	<<rrean>>	arean|brean|crean|frean|grean|orean
production-1988-vol2	1347	14.3	rnany	c however in <<rnany>> areas the employment of part time	nany|ranny|rany|reany
production-1988-vol2	1355	44.0	orcorn	<<orcorn>>	orcon
production-1988-vol2	1395	47.0	asnio	<<asnio>>	amnio|anio|ashio|asio
production-1988-vol2	1398	0.0	ocnedule	<<ocnedule>>	schedule
production-1988-vol2	1398	40.0	rbric	<<rbric>>	bric|roric|rubric
production-1988-vol2	1402	47.0	rrael	<<rrael>>	rael
production-1988-vol2	1404	41.0	garar	<<garar>>	arar|gaar|gabar|gadar|gajar|galar
production-1988-vol2	1406	47.0	geror	<<geror>>	eror|geor|gerar|gero|geron|gerow
production-1988-vol2	1413	32.8	milhon	the administration to complete the budget process <<milhon>> was	michon|milion|millon|milon|milson|milton
production-1988-vol2	1416	35.0	reenrolling	<<reenrolling>> pregnant and parenting adolescents in school and	enrolling
production-1988-vol2	1416	38.0	grgon	<<grgon>>	argon|ergon|gorgon|gron|orgon
production-1988-vol2	1422	15.2	bronzan	mccorquodale and <<bronzan>> act of	bronzen
production-1988-vol2	1442	45.0	rosrl	<<rosrl>>	roll|rosal|rosel|rosol
production-1988-vol2	1446	45.0	robrl	<<robrl>>	robel|roll
production-1988-vol2	1451	42.0	rorod	<<rorod>>	gorod|rood|roro|rrod
production-1988-vol2	1452	47.0	rorsr	<<rorsr>>	rorer|rors
production-1988-vol2	1453	43.0	concn	<<concn>>	conan|conc|conca|concan|conce|concen
production-1988-vol2	1454	47.0	egoor	<<egoor>>	egor|goor
production-1988-vol2	1458	47.0	amnr	<<amnr>>	amar|amer|amir|amn|amna|amne
production-1988-vol2	1459	47.0	onnan	<<onnan>>	annan|connan|donnan|konnan|onan|onna
production-1988-vol2	1461	38.0	mcreased	<<mcreased>> funding for disproportionate share hospitals that operate	creased
production-1988-vol2	1461	46.0	onnan	<<onnan>>	annan|connan|donnan|konnan|onan|onna
production-1988-vol2	1462	7.3	behese	as such i <<behese>> that the issue of funding for the	beese|behest
production-1988-vol2	1462	9.3	counhes	to provide the <<counhes>> an additional millon for the fiscal vear	couches
production-1988-vol2	1462	17.0	milhon	<<milhon>> im state funds and millon in federal	michon|milion|millon|milon|milson|milton
production-1988-vol2	1462	53.0	oniar	<<oniar>>	near|onair|ongar|onia|onias|onkar
production-1988-vol2	1473	41.0	onsnn	<<onsnn>>	onnn|onnnn|onsen
production-1988-vol2	1479	46.0	ongr	<<ongr>>	angr|congr|engr|ingr|mngr|ngr
production-1988-vol2	1480	45.0	nonelecting	<<nonelecting>> entity which alone or together with those	nonelective|nonerecting
production-1988-vol2	1480	47.0	onvor	<<onvor>>	oncor|onor
production-1988-vol2	1484	48.0	rgtc	<<rgtc>>	gtc|rgc|rgt|rgts|rotc|rtc
production-1988-vol2	1487	46.0	enonn	<<enonn>>	enon|enone|nonn
production-1988-vol2	1551	27.0	lampara	<<lampara>> or round haul type net the mesh	lampard
production-1988-vol2	1552	47.0	qogar	<<qogar>>	bogar|dogar|gogar|hogar|logar|ogar
production-1988-vol2	1555	47.0	arnan	<<arnan>>	adnan|afnan|anan|annan|aran|arban
production-1988-vol2	1572	13.0	ewdc	<<ewdc>> fund which fund is continuously appropriated for	ecdc|edc|esdc|ewc|ewd|ewhc
production-1988-vol2	1572	17.3	hwdc	available in the <<hwdc>> fund not to exceed a total of	hdc|hrdc|hvdc|hwc|hwd|wdc
production-1988-vol2	1572	23.5	hwdc	the unencumbered surplus of the <<hwdc>> fund there shall be no	hdc|hrdc|hvdc|hwc|hwd|wdc
production-1988-vol2	1572	26.1	hwdc	the <<hwdc>> fund shail consist of the following	hdc|hrdc|hvdc|hwc|hwd|wdc
production-1988-vol2	1572	35.6	hwdc	d the balance remaining in the <<hwdc>> fund at the end of any	hdc|hrdc|hvdc|hwc|hwd|wdc
production-1988-vol2	1572	38.6	hwdc	if the balance remaining in the <<hwdc>> fund at the end of any	hdc|hrdc|hvdc|hwc|hwd|wdc
production-1988-vol2	1573	14.11	hwdc	month of september and both tdc and <<hwdc>>	hdc|hrdc|hvdc|hwc|hwd|wdc
production-1988-vol2	1606	46.0	qatzen	<<qatzen>>	batzen|katzen|matzen
production-1988-vol2	1622	23.2	hmited	premises a <<hmited>> and reasonable search may be conducted by	smited
production-1988-vol2	1622	48.0	gnorr	<<gnorr>>	gnarr|gorr|knorr|norr
production-1988-vol2	1631	46.0	orsrn	<<orsrn>>	orsen|orson
production-1988-vol2	1638	38.0	osaie	<<osaie>>	osage|osagie|osai|oshie|ossie
production-1988-vol2	1645	34.0	gnen	<<gnen>>	enen|gaen|geen|gen|genn|ghen
production-1988-vol2	1652	47.0	orosl	<<orosl>>	oros|orosi|oross|orosz
production-1988-vol2	1664	46.0	ogbrn	<<ogbrn>>	ogburn
production-1988-vol2	1673	43.0	ogord	<<ogord>>	gord|ogor|oord
production-1988-vol2	1675	40.1	ndaan	o <<ndaan>>	daan|naan|nadan|ndaa|ndian|udaan
production-1988-vol2	1678	25.5	deputization	concurrent jurisdiction either by statute <<deputization>> or by	demutization
production-1988-vol2	1703	43.0	ovoan	<<ovoan>>	loan
production-1988-vol2	1708	47.0	ornen	<<ornen>>	onen|onnen|orben|orden|oreen|oren
production-1988-vol2	1722	46.0	ogser	<<ogser>>	obser|oeser|oger|ogier|ogler|orser
production-1988-vol2	1746	40.0	ggern	<<ggern>>	gern|gger|ggers|gwern
production-1988-vol2	1750	47.0	oganr	<<oganr>>	ogan|ogar
production-1988-vol2	1763	44.0	ogrsn	<<ogrsn>>	ogren|organ
production-1988-vol2	1801	26.1	nocontract	c <<nocontract>> shall be jet to any nongovernmental entity	noncontract
production-1988-vol2	1815	38.1	yvocats	b <<yvocats>> scsscsersvssenessevesenesenevessevsessssneesneveseerrens siper tree	avocats
production-1988-vol2	1819	0.0	amendaded	<<amendaded>> redaa	amended
production-1988-vol2	1819	0.1	redaa	amendaded <<redaa>>	fedaa|reada|reda|redan|redha|redia
production-1988-vol2	1859	0.3	romows	tremuonsnip are as <<romows>>	romos|rooms
production-1988-vol2	1892	32.0	commnitiee	<<commnitiee>>	committee
production-1988-vol2	1919	0.0	acopuon	<<acopuon>> agency or the department acting as an	acopon|coupon
production-1988-vol2	1920	0.0	progreln	<<progreln>>	progress
production-1988-vol2	1926	0.0	rouowms	<<rouowms>> requirements	rooms
production-1988-vol2	1948	43.0	tobook	<<tobook>>	book
production-1988-vol2	1977	39.5	earmold	b the techniques for taking <<earmold>> impressions	armold
production-1988-vol2	1982	36.2	rnember	f the <<rnember>> and the current spouse have executed a	rember
production-1988-vol2	2023	38.0	joritn	<<joritn>>	joint
production-1988-vol2	2024	0.1	toomms	toilet <<toomms>>	toomas|toombs|toomes|tooms
production-1988-vol2	2038	15.0	assessot	<<assessot>>	assessor
production-1988-vol2	2043	0.0	repeaicd	<<repeaicd>>	repealed
production-1988-vol2	2061	41.5	reinspections	be original inspections and not <<reinspections>>	reinspection
production-1988-vol2	2064	4.5	reinspections	be original inspections and not <<reinspections>>	reinspection
production-1988-vol2	2071	30.3	precomplaint	pursuant to a <<precomplaint>> diversion program under chapter	precompliant|recomplaint
production-1988-vol2	2073	21.3	precomplaint	pursuant to a <<precomplaint>> diversion program under chapter	precompliant|recomplaint
production-1988-vol2	2102	0.11	beneht	fraud or deceit with the intent to <<beneht>>	benet|benett
production-1988-vol2	2107	20.0	nalon	<<nalon>> eesserereservsrseeene ble	alon|balon|calon|falon|galon|halon
production-1988-vol2	2107	35.0	lotney	<<lotney>> cseseceeeseeeeee ole nx	loney|looney|lowney|money
production-1988-vol2	2108	9.0	eyalot	<<eyalot>> vo sete b	eyalet
production-1988-vol2	2108	22.2	ceicee	clerk service <<ceicee>> r	ceecee
production-1988-vol2	2110	17.0	ficet	<<ficet>> v eseetetetssseseerestreeesreneene g	facet|fice|ficht|fict|fiet|filet
production-1988-vol2	2114	34.2	lamc	court administrator <<lamc>> performance based pay plan	aamc|amc|kamc|lac|lacc|lacm
production-1988-vol2	2114	36.0	lamc	<<lamc>>	aamc|amc|kamc|lac|lacc|lacm
production-1988-vol2	2114	39.0	lamc	<<lamc>>	aamc|amc|kamc|lac|lacc|lacm
production-1988-vol2	2115	0.0	lamc	<<lamc>>	aamc|amc|kamc|lac|lacc|lacm
production-1988-vol2	2115	2.0	lamc	<<lamc>>	aamc|amc|kamc|lac|lacc|lacm
production-1988-vol2	2115	7.1	acctg	chief <<acctg>> auditing div	acct|accts|actg
production-1988-vol2	2120	10.0	accoumtane	<<accoumtane>> eeseseseenseeceoeeeerecenseesserssanesensessersnssnorseneees e	accountant
production-1988-vol2	2121	18.4	lamc	deputy court administrator operations <<lamc>> r n	aamc|amc|kamc|lac|lacc|lacm
production-1988-vol2	2121	25.3	lamc	division chief operations <<lamc>> sessseseens r n	aamc|amc|kamc|lac|lacc|lacm
production-1988-vol2	2121	37.4	sssese	legal service specialist marshal <<sssese>> see b	assess
production-1988-vol2	2122	21.2	systern	senior program <<systern>> analyst c cccseeeee r n	sistern|systen|syster
production-1988-vol2	2122	23.5	cesesee	senior secretary ii municipal court <<cesesee>> g	lessee
production-1988-vol2	2122	36.0	stenographerr	<<stenographerr>> sees ac n	stenographer|stenographers
production-1988-vol2	2122	37.0	stockroomm	<<stockroomm>> supelvisol sccscsssessssescseesssseessesseseeesseses f	stockroom|stockrooms
production-1988-vol2	2122	37.1	supelvisol	stockroomm <<supelvisol>> sccscsssessssescseesssseessesseseeesseses f	supervisor
production-1988-vol2	2168	26.0	miseppropriation	<<miseppropriation>>	misappropriation
production-1988-vol2	2210	7.4	itern	appraised as a single <<itern>>	intern|isern|iten|iter|stern|tern
production-1988-vol2	2255	19.12	checkii	the form of cash or in a <<checkii>> g	checkin|checkit
production-1989-vol3	11	40.4	screenees	deputy clerk secretary io <<screenees>>	screeners|screenies
production-1989-vol3	19	5.2	microphotographer	q one <<microphotographer>> who shall receive the biweekly	microphotographed
production-1989-vol3	22	0.5	felqs	a deputy cork oo cceeseecerstseeeteererssseserteeseersersesstsereenee <<felqs>>	felis|fells|fels|felts
production-1989-vol3	37	40.0	supvy	<<supvy>> det rel officer a	suply|suppy
production-1989-vol3	37	41.0	semor	<<semor>> staff analyst ml	emor|memor|sebor|secor|sedor|semar
production-1989-vol3	122	23.0	rectiona	<<rectiona>> facility	rection
production-1989-vol3	128	46.0	aaic	<<aaic>>	aabc|aac|aacc|aadc|aafc|aai
production-1989-vol3	153	31.2	cessses	v cscccscssssscssersese <<cessses>> tetssssseessse eves	cesses
production-1989-vol3	154	27.0	ooscce	<<ooscce>> cecscsecceessies state seen	roscoe
production-1989-vol3	154	32.1	cceee	oe <<cceee>> cecsessee ceseses settee sestee suerte	aceee
production-1989-vol3	154	32.3	ceseses	oe cceee cecsessee <<ceseses>> settee sestee suerte	cesses
production-1989-vol3	154	32.5	sestee	oe cceee cecsessee ceseses settee <<sestee>> suerte	estee|jestee|mestee|sentee|sester|sestet
production-1989-vol3	169	26.0	inastock	<<inastock>> cooperative separate interest means the exclusive	instock
production-1989-vol3	180	47.0	jobieo	<<jobieo>>	jobber|jobie
production-1989-vol3	208	28.1	semor	two <<semor>> court clerks at salary range	emor|memor|sebor|secor|sedor|semar
production-1989-vol3	210	25.0	semor	<<semor>> court clerk	emor|memor|sebor|secor|sedor|semar
production-1989-vol3	220	27.0	nontimber	<<nontimber>> use	nonmember
production-1989-vol3	246	47.0	oroo	<<oroo>>	aroo|broo|croo|froo|groo|kroo
production-1989-vol3	257	46.0	jorsi	<<jorsi>>	corsi|dorsi|jordi|jori|joris|jors
production-1989-vol3	270	47.0	jorrec	<<jorrec>>	correc|correct
production-1989-vol3	283	34.3	hmited	shall not be <<hmited>> to the current and proposed duties and	smited
production-1989-vol3	318	25.2	reeset	cense fund <<reeset>> seen	rebeset|reese|reeser|reeses|reest|reset
production-1989-vol3	382	22.0	hieensee	<<hieensee>> branch office	licensee
production-1989-vol3	392	15.3	cocti	to oo c <<cocti>> cc c coa tnam ee off licensee	cacti|coati|cocci|cochi|conti|corti
production-1989-vol3	443	11.6	cocounsel	the awarding department shall consider establishing <<cocounsel>> joint	counsel
production-1989-vol3	547	39.1	prejob	a <<prejob>> conference shall be conducted with the contractor	prob
production-1989-vol3	572	35.6	cocounsel	the awarding department shall consider establishing <<cocounsel>> jomt	counsel
production-1989-vol3	572	35.7	jomt	the awarding department shall consider establishing cocounsel <<jomt>>	comt|domt|jmt|jolt|jom|joma
production-1989-vol3	578	28.3	origm	color sex ethnic <<origm>> or ancestry	orig|origi|origo
production-1989-vol3	578	36.0	jarorn	<<jarorn>>	jaron|jarron
production-1989-vol3	599	4.6	wmting	application for approval is made in <<wmting>> on forms	wating
production-1989-vol3	602	0.1	reaeral	or <<reaeral>> funds	referal
production-1989-vol3	607	39.1	noinstitution	a <<noinstitution>> that has offered a course of instruction	noninstitution
production-1989-vol3	618	7.0	msert	<<msert>> name address and telephone number of superintendent	mert|sert
production-1989-vol3	631	37.2	pubhe	make informational <<pubhe>> appearances but whose primary task is	dubhe|pube|puhe
production-1989-vol3	631	38.6	recrinter	not to serve as a paid <<recrinter>> are exempted from this definition	reprinter
production-1989-vol3	634	25.0	hmited	<<hmited>> to civil actions for injunctive relief in	smited
production-1989-vol3	641	46.1	gnro	r <<gnro>>	garo|genro|gero|giro|gno|gnr
production-1989-vol3	644	10.2	comphed	carrier has <<comphed>> with section	comped|compher
production-1989-vol3	706	3.1	rerefines	or <<rerefines>> used oil	redefines
production-1989-vol3	707	0.0	sallonls	<<sallonls>>	gallons|sallons
production-1989-vol3	783	0.0	cnareea	<<cnareea>>	career
production-1989-vol3	783	22.3	fihng	accomplish an informational <<fihng>> with the commissioner which	fing
production-1989-vol3	789	7.4	hicap	counseling and advocacy program <<hicap>> administered by the	hcap|hiap|hicp|icap
production-1989-vol3	789	11.8	hicap	number for a referral to your local <<hicap>> representative	hcap|hiap|hicp|icap
production-1989-vol3	830	5.3	ooece	to of mote <<ooece>> eee iescsesesesseeseversvseceresvessenssesversuvenevssees	boece
production-1989-vol3	838	47.0	vabg	<<vabg>> ac	abg|cabg|vab|vag|vagg|vang
production-1989-vol3	839	18.1	ranchlands	remote <<ranchlands>> east of the westernmost ridgeline of the	ranchland
production-1989-vol3	839	24.0	enforceably	<<enforceably>> restricted within the meaning of section of	enforceable
production-1989-vol3	840	12.0	pubhe	<<pubhe>> within the authority s jurisdiction the authority	dubhe|pube|puhe
production-1989-vol3	854	16.2	vahd	more statistically <<vahd>> standardized sampling procedures designed	ahd|fahd|gahd|mahd|sahd|vaad
production-1989-vol3	880	0.1	rehgious	for <<rehgious>> hospital scientific or charitable purposes is exempt	relgious
production-1989-vol3	897	39.0	psychialtic	<<psychialtic>> c cesseeecseseeescsescssvecessesevecetavsesssecaeecssearavsesaransesers	psychiatric
production-1989-vol3	898	7.0	psychialtic	<<psychialtic>> eceeseseessesscsesesseseceesenscsevecseneceesesersessesesenecsessenens	psychiatric
production-1989-vol3	910	24.6	systern	statewide child welfare services case management <<systern>> no later	sistern|systen|syster
production-1989-vol3	913	13.5	eneees	ment of social services ccccceeseseeeteetee <<eneees>>	needs
production-1989-vol3	913	17.3	ccecce	tal health ooo <<ccecce>> ce cessevessesscesseseesseeceevseeseesveseens	coerce
production-1989-vol3	940	25.7	bocly	membership responsibilities and duties of that existing <<bocly>> shall be	bochy|bocoy|boily|bolly|boly|booly
production-1989-vol3	941	0.0	exisong	<<exisong>> ocal service abec ncies	existing
production-1989-vol3	974	0.1	progralls	arinms <<progralls>>	programs
production-1989-vol3	1023	0.1	assigninents	mese <<assigninents>>	assignments
production-1989-vol3	1072	0.0	propatlon	<<propatlon>>	probation
production-1989-vol3	1087	46.7	rmpp	substantially identical may prepare a single generic <<rmpp>>	mpp|rapp|repp|ripp|rmbp|rmnp
production-1989-vol3	1090	13.7	rmpp	substantially identical may prepare a single generic <<rmpp>>	mpp|rapp|repp|ripp|rmbp|rmnp
production-1989-vol3	1090	37.1	rmpp	every <<rmpp>> prepared pursuant to section shall	mpp|rapp|repp|ripp|rmbp|rmnp
production-1989-vol3	1102	21.0	alamme	<<alamme>> a cccccsseeeteeretersee cesteetees ctetetrre ce	flamme|lamme
production-1989-vol3	1102	30.0	fyesio	<<fyesio>> woeeecccce cessscesceesee consesees e sesseevsce sessevseeviete eveveeeees	fresno
production-1989-vol3	1102	30.3	consesees	fyesio woeeecccce cessscesceesee <<consesees>> e sesseevsce sessevseeviete eveveeeees	conferees
production-1989-vol3	1102	37.0	lassomn	<<lassomn>> ecesetseescscesseseesersesessecscessnsveerae ceserseneees seeneraes	lasson
production-1989-vol3	1102	41.0	maliposa	<<maliposa>> ecccceseecsesersevsereesresssnscssesecnserssreeneensenersereetees	mariposa
production-1989-vol3	1102	44.0	mococ	<<mococ>> cessecseesscsssersentcensssserscsssetenseesecessessensessceareeneens	moco|mocoa|modoc|mooc|moroc
production-1989-vol3	1103	22.0	suucol	<<suucol>> oo eee ceeeeseeceeneecentsccecsnecscstetersesceersenesenreeesssseeerees	suscol
production-1989-vol3	1103	25.1	umane	tuo <<umane>> occ ceecesceseessececceeesscese cecensesseessecetesseenee	amane|humane|imane|mane|umaine|uman
production-1989-vol3	1109	36.1	tiposa	ma <<tiposa>> e eee seeseeseeecececeeeeeseeccncenetsetaecseveesssvasenseaseseeneenerae	taposa|tinosa|tipos|tips
production-1989-vol3	1109	41.0	suctta	<<suctta>> eceesessseceecsenseencnscessenessvsneenersevavsessenenessessessesaessesssres	sutta
production-1989-vol3	1110	17.0	humboi	<<humboi>> at ececeeesseseceseerseeceeecneensenecersescressenererensere	humbo
production-1989-vol3	1110	24.0	mencocino	<<mencocino>> ecccecsceseeserscseessessesecersecsessecseceseescseseesesenensens	mendocino
production-1989-vol3	1110	25.0	moerced	<<moerced>> cceescssesscensesserserasenssenseensonscaeecetessesuecssestsestenseens	coerced|merced
production-1989-vol3	1110	26.0	momntetey	<<momntetey>> eeesscceseesetseseeessensceecestevscsecessentensseesenteaesrens	monterey
production-1989-vol3	1110	30.0	pyacet	<<pyacet>> eee ce cee cee ceeeeee ce ceeestsessee	pacet|placet
production-1989-vol3	1110	32.0	sactamenio	<<sactamenio>> ooo cecceccescevenercesteeeeecseecensececenererensecensesersnters	sacramento
production-1989-vol3	1110	33.1	bermardino	sarr <<bermardino>> ccccccesssssssssecesesssssensescseesseesenssassnesaees	berardino|bernardino
production-1989-vol3	1110	42.0	shasca	<<shasca>> ooo ceseceesscsseseecoeseescoevenesercrerensseseseseseserconsenssarecntenses	shasa|shasha|shasta
production-1989-vol3	1111	5.0	yudag	<<yudag>> ooeeeececcecccsseesscsseceescesseeseessersecseessessecseecsecseseeeenesssssnees	yuba|yuda|yudai
production-1989-vol3	1120	22.1	nonsecure	temporary <<nonsecure>> custody within such a facility the peace	insecure
production-1989-vol3	1121	0.0	nonsecure	<<nonsecure>> facilities located apart from an existing jail	insecure
production-1989-vol3	1127	33.2	followmg	regional facility <<followmg>> screening and approval through a joint	followme
production-1989-vol3	1131	28.2	pubhe	of the <<pubhe>> contract code proposed by both this bill	dubhe|pube|puhe
production-1989-vol3	1138	33.9	sliag	reasonable efforts to document and claim federal <<sliag>>	slag|slig|sling
production-1989-vol3	1138	34.7	cleny	funding for indigent care the department shall <<cleny>> the	clen|clene|clent|clery|cley|cluny
production-1989-vol3	1139	6.3	sliag	and fiscal years <<sliag>> claims for indigent health services	slag|slig|sling
production-1989-vol3	1139	19.8	sliag	totaling more than percent of its estimated <<sliag>> amount	slag|slig|sling
production-1989-vol3	1139	21.6	sliag	multiplied by the amount of total <<sliag>> funds available the county	slag|slig|sling
production-1989-vol3	1139	23.5	sliag	to document and claim federal <<sliag>> funds as defined in paragraph	slag|slig|sling
production-1989-vol3	1139	26.9	sliag	population multiplied by the amount of total <<sliag>>	slag|slig|sling
production-1989-vol3	1139	41.7	cmsp	the remaining percent shall be allocated to <<cmsp>> counties	casp|ccsp|cesp|cfsp|cmap|cmp
production-1989-vol3	1139	44.3	cmsp	hospitals in each <<cmsp>> county	casp|ccsp|cesp|cfsp|cmap|cmp
production-1989-vol3	1139	46.8	cmsp	care costs for all hospitals with all <<cmsp>> counties	casp|ccsp|cesp|cfsp|cmap|cmp
production-1989-vol3	1141	12.2	cmsp	and to <<cmsp>> counties pursuant to this chapter	casp|ccsp|cesp|cfsp|cmap|cmp
production-1989-vol3	1155	0.4	cmsp	county medical services program <<cmsp>> charges	casp|ccsp|cesp|cfsp|cmap|cmp
production-1989-vol3	1155	3.6	sliag	state legalization impact assistance grant charges <<sliag>>	slag|slig|sling
production-1989-vol3	1156	0.0	smmokine	<<smmokine>>	smoking
production-1989-vol3	1168	0.3	pupus	tobacco use among <<pupus>>	lupus|pupas|pups|pupu|pupusa|purpus
production-1989-vol3	1177	11.0	cmsp	<<cmsp>> county means a county which contracts with	casp|ccsp|cesp|cfsp|cmap|cmp
production-1989-vol3	1178	31.1	nonemployed	v <<nonemployed>>	nonemployee
production-1989-vol3	1181	36.1	permatal	v <<permatal>> services including deliveries	permata
production-1989-vol3	1184	24.7	cmsp	all county and noncounty hospitals in each <<cmsp>> county shall be	casp|ccsp|cesp|cfsp|cmap|cmp
production-1989-vol3	1184	28.5	cmsp	uncompensated care costs of all <<cmsp>> counties the product shall be	casp|ccsp|cesp|cfsp|cmap|cmp
production-1989-vol3	1184	34.2	cmsp	within each <<cmsp>> county according to the methodology and	casp|ccsp|cesp|cfsp|cmap|cmp
production-1989-vol3	1184	38.0	cmsp	<<cmsp>> counties based upon the percentages obtained as	casp|ccsp|cesp|cfsp|cmap|cmp
production-1989-vol3	1184	39.3	cmsp	dividing each individual <<cmsp>> county s population by the total	casp|ccsp|cesp|cfsp|cmap|cmp
production-1989-vol3	1184	40.3	cmsp	population of all <<cmsp>> counties as reported in the most recent	casp|ccsp|cesp|cfsp|cmap|cmp
production-1989-vol3	1186	2.7	cmsp	of rural health services funds to a <<cmsp>> county until the reports	casp|ccsp|cesp|cfsp|cmap|cmp
production-1989-vol3	1195	43.9	sliag	reasonable efforts to document and claim federal <<sliag>>	slag|slig|sling
production-1989-vol3	1196	17.3	sliag	and fiscal years <<sliag>> claims for indigent health services	slag|slig|sling
production-1989-vol3	1196	29.7	cmsp	the remaining percent shall be allocated to <<cmsp>> counties	casp|ccsp|cesp|cfsp|cmap|cmp
production-1989-vol3	1196	32.3	cmsp	hospitals in each <<cmsp>> county	casp|ccsp|cesp|cfsp|cmap|cmp
production-1989-vol3	1196	34.8	cmsp	care costs for all hospitals with all <<cmsp>> counties	casp|ccsp|cesp|cfsp|cmap|cmp
production-1989-vol3	1199	46.3	cmsp	for allocation to <<cmsp>> counties for uncompensated	casp|ccsp|cesp|cfsp|cmap|cmp
production-1989-vol3	1200	25.3	cmsp	for allocation to <<cmsp>> counties for uncompensated	casp|ccsp|cesp|cfsp|cmap|cmp
production-1989-vol3	1201	6.3	cmsp	for allocation to <<cmsp>> counties for uncompensated	casp|ccsp|cesp|cfsp|cmap|cmp
production-1989-vol3	1202	27.3	cmsp	for allocation to <<cmsp>> counties for uncompensated	casp|ccsp|cesp|cfsp|cmap|cmp
production-1989-vol3	1203	0.3	cmsp	for allocation to <<cmsp>> counties for uncompensated	casp|ccsp|cesp|cfsp|cmap|cmp
production-1989-vol3	1203	21.3	cmsp	for allocation to <<cmsp>> counties for uncompensated	casp|ccsp|cesp|cfsp|cmap|cmp
production-1989-vol3	1217	0.0	programy	<<programy>>	program|programa|programe|programm|programs
production-1989-vol3	1223	9.1	videodise	telecommunications <<videodise>> technology and robotics	videodisc
production-1989-vol3	1265	2.0	gawr	<<gawr>> on a nameplate affixed to the apparatus	awr|fawr|gaar|gabr|gaer|gahr
production-1989-vol3	1275	37.0	reredemption	<<reredemption>>	preredemption|redemption
production-1989-vol3	1333	24.2	pubhe	of the <<pubhe>> affairs manager to the department s submission	dubhe|pube|puhe
production-1989-vol3	1335	21.0	followmg	<<followmg>>	followme
production-1989-vol3	1346	4.6	legisia	committee and the chairpersons of the <<legisia>>	lewisia
production-1989-vol3	1357	6.0	yvould	<<yvould>> equal the percentage change in population between	vould
production-1989-vol3	1377	1.5	nearsite	establishing or expanding onsite or <<nearsite>> centers by one or more	nearside
production-1989-vol3	1431	17.0	ladication	<<ladication>> requirement shall not be a sole basis	radication
production-1989-vol3	1458	47.0	jban	<<jban>>	aban|ban|eban|iban|jaan|jan
production-1989-vol3	1512	40.0	trss	<<trss>>	prss|rss|rtss|srss|tass|tdrss
production-1989-vol3	1566	0.8	hcense	contained in any order granting a restricted <<hcense>>	cense|hense
production-1989-vol3	1620	3.10	orcler	challenge to the validity of the transfer <<orcler>> shall	oraler|orler
production-1989-vol3	1622	6.10	nonowned	liability arising out of the use of <<nonowned>> motor	nonowner
production-1989-vol3	1622	47.0	teraol	<<teraol>>	teral|terao
production-1989-vol3	1628	46.0	grbso	<<grbso>>	grbs|gross
production-1989-vol3	1675	11.0	llth	<<llth>> n and o streets in the city	alth|hlth|illth|lath|leth|lith
production-1989-vol3	1675	24.2	billrooms	press quarters <<billrooms>> telephone rooms and offices for the	ballrooms
production-1989-vol3	1681	18.0	injunes	<<injunes>> which contribute most significantly to losses by	injune|injuns|injures
production-1989-vol3	1707	18.1	seriology	g <<seriology>> test for syphilis	semiology|serology
production-1989-vol3	1760	21.11	prezoned	in what manner the territory shall be <<prezoned>>	prezone|rezoned
production-1989-vol3	1775	0.0	sudqivision	<<sudqivision>>	subdivision
production-1989-vol3	1813	12.0	nonprivate	<<nonprivate>> bathrooms	nonprobate
production-1989-vol3	1813	15.1	woodstoves	fireplaces <<woodstoves>> and open faced heaters shall be	woodstove
production-1989-vol3	1827	21.0	xihb	<<xihb>> of the california constitution or of section	ihb|xib
production-1989-vol3	1839	1.8	rehabilition	in the case of california association of <<rehabilition>> facilities	rehabiliation
production-1989-vol3	1840	44.7	mcreased	range their rates shall be reduced or <<mcreased>> pursuant to the	creased
production-1989-vol3	1842	0.0	tansee	<<tansee>>	tanee|tansen|tansey
production-1989-vol3	1880	45.3	bidcos	low interest lenders <<bidcos>> mesbics other guarantors etc to	bidco|bids
production-1989-vol3	1893	11.5	reinspections	be original inspections and not <<reinspections>>	reinspection
production-1989-vol3	1995	14.4	earher	directed or at such <<earher>> time after the general appearance as the	eacher|earler|earner|earther|eather
production-1989-vol3	2010	31.4	uryust	imposition of the sanction <<uryust>>	trust
production-1989-vol3	2018	0.3	oincer	deposition was an <<oincer>> director managing agent employee	mincer|pincer|sincer|wincer
production-1989-vol3	2033	5.3	pubhe	council any other <<pubhe>> agency desiring to authorize the use of	dubhe|pube|puhe
production-1989-vol3	2075	17.4	maintaming	thereof from establishing or <<maintaming>> its own continuing	maintaing
production-1989-vol3	2103	28.0	institutionahzed	<<institutionahzed>> individuals against impoverishment it is essential	institutionalized
production-1989-vol3	2110	40.0	unplement	<<unplement>> this subdivision the provisions for which appropriate	unclement
production-1989-vol3	2150	29.5	storers	located present or past generators <<storers>> treaters transporters	scorers|snorers|starers|stokers|stoners|storer
production-1989-vol3	2154	11.0	apphcation	<<apphcation>>	application
production-1988-vol1-chapters	23	35.0	ecadd	<<ecadd>>	cadd|card|ecad|ecard
production-1988-vol1-chapters	49	0.0	penod	<<penod>> res arcn expenses	enod|pend|pendo|peno|penon|penrod
production-1988-vol1-chapters	49	0.2	arcn	penod res <<arcn>> expenses	aacn|acn|aran|arc|arca|arcan
production-1988-vol1-chapters	92	49.0	ognr	<<ognr>>	gnr|odnr|ogar|oger|ogn|ogni
production-1988-vol1-chapters	127	46.0	agoan	<<agoan>>	agaan|agan|aghan|agian|agoa|agon
production-1988-vol1-chapters	134	3.0	conket	<<conket>> c cecesesssesesvssveccscssesersestsesseeees	cocket|conked|conker|conkey
production-1988-vol1-chapters	134	28.4	seceees	city of san ramon <<seceees>>	secedes
production-1988-vol1-chapters	135	8.1	beausoliel	c <<beausoliel>> proper	beausoleil
production-1988-vol1-chapters	136	37.0	aqkn	<<aqkn>>	akn
production-1988-vol1-chapters	145	42.0	aekth	<<aekth>>	aeth|death
production-1988-vol1-chapters	146	0.0	sechon	<<sechon>>	echon|lechon|mechon|schon|sechin|secon
production-1988-vol1-chapters	146	37.0	aefod	<<aefod>>	afford
production-1988-vol1-chapters	149	24.2	compositeur	as amiable <<compositeur>> if the parties have expressly authorized it	composite
production-1988-vol1-chapters	158	49.0	aqol	<<aqol>>	abol|acol|adol|agol|akol|amol
production-1988-vol1-chapters	179	41.0	ragn	<<ragn>>	agn|cagn|magn|raan|raen|rafn
production-1988-vol1-chapters	184	46.0	mecluded	<<mecluded>> on the tune statewide ballot it is	secluded
production-1988-vol1-chapters	260	48.0	onkn	<<onkn>>	onan|onen|onin|onk|onks|onky
production-1988-vol1-chapters	261	47.0	ongn	<<ongn>>	ngn|ogn|onan|onen|ong|onga
production-1988-vol1-chapters	270	0.0	pumpback	<<pumpback>> recovery systems to reduce leakage facilities to	humpback
production-1988-vol1-chapters	270	1.7	onfarm	water for reuse and capital changes in <<onfarm>> irrigation systems	nonfarm
production-1988-vol1-chapters	271	47.0	anasy	<<anasy>>	analy|anas|anasa|anass|anay|antsy
production-1988-vol1-chapters	273	20.7	overdrafted	for groundwater recharge facilities for projects in <<overdrafted>>	overdrifted
production-1988-vol1-chapters	284	25.1	thesum	a <<thesum>> of twenty five million dollars of	theasum|theseum|thesium|thesun
production-1988-vol1-chapters	307	43.0	ouraan	<<ouraan>>	ouran|quraan
production-1988-vol1-chapters	322	36.6	cocounsel	the awarding department shall consider establishing <<cocounsel>> joint	counsel
production-1988-vol1-chapters	322	39.0	oomw	<<oomw>>	omw|oom|ooma|oome|oomf|ooms
production-1988-vol1-chapters	340	0.0	veveiopment	<<veveiopment>>	development
production-1988-vol1-chapters	396	2.7	noninmate	assault by a life prisoner on a <<noninmate>> assault with a deadly	nominate
production-1988-vol1-chapters	412	45.0	joxor	<<joxor>>	johor|joor|joxer|motor|roxor
production-1988-vol1-chapters	432	42.0	qwre	<<qwre>>	qere|qre|wre
production-1988-vol1-chapters	441	0.0	hkoute	<<hkoute>> is trom	houte
production-1988-vol1-chapters	475	44.0	tarqan	<<tarqan>>	taran|tarian|tarjan|tarkan|tarman|tarpan
production-1988-vol1-chapters	497	41.0	sbdo	<<sbdo>>	abdo|bbdo|bdo|sado|sbd|sbdc
production-1988-vol1-chapters	514	4.8	unirrigable	amount which would exceed ten cents per <<unirrigable>>	irrigable|unirritable
production-1988-vol1-chapters	587	28.4	nonowned	of the use of <<nonowned>> motor vehicles or if the automobile liability	nonowner
production-1988-vol1-chapters	596	45.0	rraan	<<rraan>>	graan|kraan|raan|riaan
production-1988-vol1-chapters	606	0.0	trecompounding	<<trecompounding>> includes	precompounding
production-1988-vol1-chapters	636	38.3	factfinders	mediators arbitrators or <<factfinders>> in no case shall these lists	factfinder
production-1988-vol1-chapters	639	29.0	factfinders	<<factfinders>> shall consider weigh and be guided by	factfinder
production-1988-vol1-chapters	664	47.0	onerr	<<onerr>>	knerr|oner|onera|onery
production-1988-vol1-chapters	671	48.0	onred	<<onred>>	conred|oared|onced|oned|ored|unred
production-1988-vol1-chapters	672	0.1	gescriplion	smppmg <<gescriplion>>	description
production-1988-vol1-chapters	673	47.0	oneon	<<oneon>>	neon|odeon|onen|oneo|oneof|oneok
production-1988-vol1-chapters	675	12.7	rmpp	substantially identical may prepare a single generic <<rmpp>>	mpp|rapp|repp|ripp|rmbp|rmnp
production-1988-vol1-chapters	685	0.4	connning	in seizing arresting and <<connning>> the persons resisting and their	conning
production-1988-vol1-chapters	710	36.7	coowner	available to a claimant who is the <<coowner>> of original property as a	cooner|crowner
production-1988-vol1-chapters	710	40.8	coowner	by all of the owners and each <<coowner>> retains the	cooner|crowner
production-1988-vol1-chapters	711	3.7	coowner	original property as community property only the <<coowner>> who has	cooner|crowner
production-1988-vol1-chapters	751	46.0	unconcentrated	<<unconcentrated>> juice or flavoring material and containing not	concentrated
production-1988-vol1-chapters	782	14.0	catapter	<<catapter>>	chapter
production-1988-vol1-chapters	786	0.1	oongations	omer <<oongations>>	donations
production-1988-vol1-chapters	803	38.0	ornio	<<ornio>>	orio|ornie|ornis|orno|ortio
production-1988-vol1-chapters	817	43.0	ornrd	<<ornrd>>	owned
production-1988-vol1-chapters	818	29.0	oxran	<<oxran>>	ocran|oiran|omran|oran|orran|ouran
production-1988-vol1-chapters	823	15.0	supervisoria	<<supervisoria>> l district assembly district senate district and	supervisorial
production-1988-vol1-chapters	841	41.0	obasd	<<obasd>>	board|obad|obaid|obas|obasi
production-1988-vol1-chapters	844	0.0	ouowine	<<ouowine>> waterways	outline
production-1988-vol1-chapters	847	25.0	burlwood	<<burlwood>> or stumps in quantities of two or	burnwood|burswood|burwood
production-1988-vol1-chapters	852	41.0	ogosr	<<ogosr>>	ogor
production-1988-vol1-chapters	879	10.5	intercommunications	normal hearing by way of <<intercommunications>> devices for the deaf	intercommunication
production-1988-vol1-chapters	886	18.1	adchovy	bz <<adchovy>> esececseseseseseensersssserssseesesenrersesssesrseeeenrees	anchovy
production-1988-vol1-chapters	892	41.0	oganr	<<oganr>>	ogan|ogar
production-1988-vol1-chapters	900	33.2	nonfelon	to the <<nonfelon>> applicants have been made	nonfelony
production-1988-vol1-chapters	902	40.0	ortks	<<ortks>>	orks|ortis|orts|ortus
production-1988-vol1-chapters	906	49.0	ogeon	<<ogeon>>	geon|odeon|ogdon|ogen
production-1988-vol1-chapters	912	47.0	oanar	<<oanar>>	anar|canar|fanar|ganar|hanar|manar
production-1988-vol1-chapters	913	48.0	oongn	<<oongn>>	long
production-1988-vol1-chapters	917	4.2	millsites	rights and <<millsites>>	millsite
production-1988-vol1-chapters	922	25.2	coowner	whenever a <<coowner>> or owners of a mining claim give	cooner|crowner
production-1988-vol1-chapters	922	26.3	coowner	to a delinquent <<coowner>> or owners the notice in writing or	cooner|crowner
production-1988-vol1-chapters	923	4.2	coowner	or her <<coowner>> or owners his or her proportion of	cooner|crowner
production-1988-vol1-chapters	923	6.8	coowner	incurred for publication charges or otherwise the <<coowner>>	cooner|crowner
production-1988-vol1-chapters	923	17.2	coowner	if the <<coowner>> fails to sign and deliver the writing	cooner|crowner
production-1988-vol1-chapters	923	18.7	coowner	delinquent within days after the contribution the <<coowner>> so	cooner|crowner
production-1988-vol1-chapters	923	21.3	coowner	jurisdiction if the <<coowner>> fails to deliver the writing within days	cooner|crowner
production-1988-vol1-chapters	928	16.5	micn	under this division as an <<micn>>	icn|mcn|mian|mic|mica|mice
production-1988-vol1-chapters	931	42.0	orrd	<<orrd>>	oord|orad|ord|ored|orld|orr
production-1988-vol1-chapters	950	32.0	comunittee	<<comunittee>>	committee
production-1988-vol1-chapters	959	0.0	viewerl	<<viewerl>>	viewer|viewers
production-1988-vol1-chapters	984	0.1	secnon	cms <<secnon>>	secon|senon|sesnon
production-1988-vol1-chapters	1012	21.0	pumpback	<<pumpback>> recovery systems to reduce leakage and capital	humpback
production-1988-vol1-chapters	1012	22.1	onfarm	in <<onfarm>> irrigation systems which improve irrigation efficiency	nonfarm
production-1988-vol1-chapters	1016	0.7	overdrafted	for groundwater recharge facilities for projects in <<overdrafted>>	overdrifted
production-1988-vol1-chapters	1023	29.0	wheelweights	<<wheelweights>> from the shredder feed and if the	wheelwrights
production-1988-vol1-chapters	1028	0.3	nouce	the ume tne <<nouce>> was given	douce|nauce|noce|noice|nonce|noue
production-1988-vol1-chapters	1036	44.0	aaner	<<aaner>>	aaker|aamer|aane|abner|ainer|aner
production-1988-vol1-chapters	1056	35.0	raorl	<<raorl>>	raoul
production-1988-vol1-chapters	1061	22.2	spemal	intelligence and <<spemal>> prosecutions unit are already engaged in many	speal
production-1988-vol1-chapters	1061	35.11	pnonty	fund and the needs in other high <<pnonty>> programs although	ponty
production-1988-vol1-chapters	1062	37.5	dumng	state s bonds and notes <<dumng>> while this administration favors open	duang|duing|dung|duong|durng
production-1988-vol1-chapters	1066	20.8	pubhc	a drug free workplace the board had <<pubhc>> hearings on this subject and	pubic
production-1988-vol1-chapters	1069	47.9	mternal	highway projects second the department initiated an <<mternal>> review	eternal|maternal|sternal|ternal
production-1988-vol1-chapters	1069	54.0	nnaee	<<nnaee>> h	anaee|name
production-1988-vol1-chapters	1073	33.12	prionty	fund and the needs in other high <<prionty>> programs	printy
production-1988-vol1-chapters	1079	27.8	hmited	statewide whereas gypsum block irrigation monitoring has <<hmited>>	smited
production-1988-vol1-chapters	1081	30.5	adcrc	for support of the existing <<adcrc>> s this represents a percent increase over	acre|adcc
production-1988-vol1-chapters	1085	46.0	uncertainhes	<<uncertainhes>>	uncertainties
production-1988-vol1-chapters	1087	24.2	mdetermunate	requirements s <<mdetermunate>> at this time and it s not	determinate
production-1988-vol1-chapters	1089	48.6	counhes	comprehensive aids plans many of the <<counhes>> which receive various sources of	couches
production-1988-vol1-chapters	1090	47.5	vdus	for intravenous drug users i <<vdus>> this augmentation proposes to expand outreach	adus|bdus|dus|idus|odus|pdus
production-1988-vol1-chapters	1091	24.3	vanous	competitive basis to <<vanous>> contractors throughout the state and publicly funded	anous|fanous|vanos|vanoss|venous|vinous
production-1988-vol1-chapters	1091	25.0	chnics	<<chnics>> are eligible to compete for these information	chics|conics|cynics
production-1988-vol1-chapters	1092	41.0	mulhon	<<mulhon>>	multon
production-1988-vol1-chapters	1094	13.4	lnvervention	funding fer the badly <<lnvervention>> pregramm aader public lacy s be without	intervention
production-1988-vol1-chapters	1094	13.5	pregramm	funding fer the badly lnvervention <<pregramm>> aader public lacy s be without	programm
production-1988-vol1-chapters	1094	24.6	jount	the department shall regret to che <<jount>> logisleive budget commitee and	count|fount|jaunt|joint|jouet|joung
production-1988-vol1-chapters	1094	25.3	goliey	the seal axe <<goliey>> cezuaitvees on all of the following	golley|policy
production-1988-vol1-chapters	1104	22.5	csssa	summer school for the arts <<csssa>> this augmentation was made by the legislature	cassa|cessa|cossa|cssa|csss|sssa
production-1988-vol1-chapters	1108	5.8	dunng	with declines in average daly attendance ada <<dunng>> it is only	duang|duing|dung|duning|dunn|dunna
production-1988-vol1-chapters	1110	28.5	fuolumne	assistance to a mades galeseras <<fuolumne>> felere humboldt mendocino	tuolumne
production-1988-vol1-chapters	1110	28.6	felere	assistance to a mades galeseras fuolumne <<felere>> humboldt mendocino	feere|feltre|flere
production-1988-vol1-chapters	1110	37.4	pulare	szacdeodfeo keh calaveras fuclhunme <<pulare>>	pular|tulare
production-1988-vol1-chapters	1114	5.6	remaming	increasing by percent i behave this <<remaming>> amount will continue to provide	reaming|remaing|remaking|renaming
production-1988-vol1-chapters	1114	46.11	remaming	still increasing by percent i believe this <<remaming>> amount	reaming|remaing|remaking|renaming
production-1988-vol1-chapters	1115	36.8	sliag	use its state legalization impact assistance grant <<sliag>> administrative funds	slag|slig|sling
production-1988-vol1-chapters	1116	36.0	ecdes	<<ecdes>> used in this act and those used	cdes|cedes|eades|ecdis|eces|eckes
production-1988-vol1-chapters	1120	31.0	toau	<<toau>> cscesccssevssvssrecsvssssscsssvervucssesevssstsevserssssssssesersstesteeeesees	oau|tau|teau|thau|toa|toad
production-1988-vol1-chapters	1121	8.0	fotmance	<<fotmance>> eeseteeeeesesetsesererrerserererees	formance
production-1988-vol1-chapters	1124	13.0	suppottt	<<suppottt>> screenees	support
production-1988-vol1-chapters	1124	13.1	screenees	suppottt <<screenees>>	screeners|screenies
production-1988-vol1-chapters	1136	9.7	equaliza	f or support of state board of <<equaliza>>	equalize
production-1988-vol1-chapters	1138	0.0	tovisions	<<tovisions>>	provisions
production-1988-vol1-chapters	1140	43.0	eequipmenl	<<eequipmenl>> eseesesseessecesteeeseneeees	equipment
production-1988-vol1-chapters	1141	21.0	spomnsidility	<<spomnsidility>> scsesessssesrsecsesessesnensensesssecsssvacsavscssenesesass	sponsibility
production-1988-vol1-chapters	1146	39.0	hingent	<<hingent>> fun ccsscssseresccesscnsesessssssensrssrersesseversesees	fingent|intent|ringent
production-1988-vol1-chapters	1150	7.0	suiveyots	<<suiveyots>> eccereessesesetersrssrereeereres	surveyors
production-1988-vol1-chapters	1153	32.3	cceee	d reimbursements c <<cceee>>	aceee
production-1988-vol1-chapters	1162	7.0	inonl	<<inonl>> sceesceseserecrseettesseereeseseerserereense	inon|inone|inonu|intnl
production-1988-vol1-chapters	1163	31.4	ssesssee	program account general fund <<ssesssee>>	assessee
production-1988-vol1-chapters	1164	7.0	sotvices	<<sotvices>> scessscsssessessereceeessssesseesersesseeee	services
production-1988-vol1-chapters	1166	41.1	fuing	retirement <<fuing>> rsssrcsssrsessssessessecsecencen	cuing|duing|fing|fking|fling|foing
production-1988-vol1-chapters	1170	1.0	diawits	<<diawits>> scscssseescsessenesseseneeserseees	dimwits
production-1988-vol1-chapters	1171	27.0	thotis	<<thotis>> cesesesscrsenesesseversvsssnrsseesssssoessrrsessreveresssesracseecneeaneees	dhotis|thatis|thetis|this|thoits|thoris
production-1988-vol1-chapters	1178	13.0	exquipmenl	<<exquipmenl>> essseeseerseerseeeerrenes	equipment
production-1988-vol1-chapters	1178	18.0	pottation	<<pottation>> fung seeceeeceessneeserevsessessverserevseeeeseres	potation
production-1988-vol1-chapters	1185	34.0	reimbursemenis	<<reimbursemenis>>	reimbursements
production-1988-vol1-chapters	1187	0.0	tptovisions	<<tptovisions>>	provisions
production-1988-vol1-chapters	1200	38.0	goreral	<<goreral>> pui ccccssesserceessescercsnesssrerncessenserecsevsnsanes	general|gomeral
production-1988-vol1-chapters	1204	10.4	subac	ment geothermal resources revolving <<subac>>	lubac|sabac|sbac|suba|subact|subah
production-1988-vol1-chapters	1205	13.0	eqquipmentt	<<eqquipmentt>> cceseerseeeeeeeeee	equipment
production-1988-vol1-chapters	1206	12.0	valleywide	<<valleywide>> air pollution study agency with	valleywise
production-1988-vol1-chapters	1206	44.1	fpuig	tom <<fpuig>> csccseeeeeeressersersertssstsseseseserssereeeeerereere	puig
production-1988-vol1-chapters	1208	5.0	elquipmenl	<<elquipmenl>> sesesessesessseseeeseseneseees	equipment
production-1988-vol1-chapters	1208	24.0	pyotechion	<<pyotechion>> ccssestecstesrerteerrerteereess	protection
production-1988-vol1-chapters	1210	8.0	cquipmenl	<<cquipmenl>> eeeeerereereeereereereeree	equipment
production-1988-vol1-chapters	1214	37.0	tequipmene	<<tequipmene>> eteeeenerseesserserreenee ody	equipment
production-1988-vol1-chapters	1218	30.0	etvation	<<etvation>> fut c cccccssesecressessceseserscessersetessessersesnsseees	station
production-1988-vol1-chapters	1220	20.2	puuind	license plate <<puuind>> ccssssesssssesessseesserserssesesssersees	pound
production-1988-vol1-chapters	1220	26.0	cqudsition	<<cqudsition>> eessesesertsserseresventeesserves	acquisition
production-1988-vol1-chapters	1220	31.2	gualale	mill bend <<gualale>>	gualala
production-1988-vol1-chapters	1222	2.1	qhqa	thot <<qhqa>> eeseescescesesereesessreseseressersess	qaqa
production-1988-vol1-chapters	1224	35.1	eects	co <<eects>>	ects|eecs|eets|ejects|elects|erects
production-1988-vol1-chapters	1225	12.0	watchhorn	<<watchhorn>> basin	watchorn
production-1988-vol1-chapters	1228	22.0	propziated	<<propziated>> for the purposes provided for in that	propagated
production-1988-vol1-chapters	1230	29.0	cevalion	<<cevalion>> ceceeseeseccecresseccecessecesensveees	evasion
production-1988-vol1-chapters	1230	34.0	tahon	<<tahon>> eesceerectrseecereesetserseereeerees	athon|dahon|mahon|nahon|rahon|tacon
production-1988-vol1-chapters	1234	0.0	ftovisions	<<ftovisions>>	provisions
production-1988-vol1-chapters	1236	1.4	vartenian	recreation the lamb getty <<vartenian>> chev	vartanian
production-1988-vol1-chapters	1236	43.0	dbso	<<dbso>> c	abso|bso|cbso|daso|dbo|dbs
production-1988-vol1-chapters	1237	30.0	ptojechs	<<ptojechs>> se reeeceeeeteererteetseeeess	projects
production-1988-vol1-chapters	1238	19.1	comsttuction	ges <<comsttuction>> ccccseesererreees	construction
production-1988-vol1-chapters	1238	39.0	tiatics	<<tiatics>> oo ssccescsscencesenssseerensersencessevetes	italics
production-1988-vol1-chapters	1241	4.0	ntrp	<<ntrp>> ohv manage	atrp|narp|ncrp|nhrp|nrp|ntep
production-1988-vol1-chapters	1242	32.0	nejedly	<<nejedly>> hart state urban and coastal	needly|needy
production-1988-vol1-chapters	1242	42.0	plojece	<<plojece>> oo cesecescseseseesensserscesecteccasertas	project
production-1988-vol1-chapters	1244	0.0	scneduie	<<scneduie>>	schedule
production-1988-vol1-chapters	1244	30.0	comsttuction	<<comsttuction>> ccereresserestesrseees	construction
production-1988-vol1-chapters	1245	41.0	coomstruction	<<coomstruction>> ceseeseecsteeseeetere	construction
production-1988-vol1-chapters	1246	4.0	drqwiigs	<<drqwiigs>> ssesssseseeeesenseerseesverseees	drawings
production-1988-vol1-chapters	1246	24.0	nejedly	<<nejedly>> hart state urban and coastal park	needly|needy
production-1988-vol1-chapters	1247	5.0	plojechs	<<plojechs>> secrsecrsterreresesesreerneee	projects
production-1988-vol1-chapters	1252	45.1	qrrs	tch <<qrrs>>	arrs|errs|irrs|prrs|qrs|qtrs
production-1988-vol1-chapters	1255	7.4	liebre	cg pyramid lake sra <<liebre>> penin	liable|libere|libre|liebe|lieber|lierre
production-1988-vol1-chapters	1263	0.0	ftovisions	<<ftovisions>>	provisions
production-1988-vol1-chapters	1265	15.0	lyalion	<<lyalion>> eeceseecereseesceressestessetereseesre g	lation
production-1988-vol1-chapters	1266	43.6	ssseesee	tion and water quality bond fund <<ssseesee>>	assessee
production-1988-vol1-chapters	1273	33.8	hscf	freed up as a result of using <<hscf>> funds	hcf|hsc|hsca|hscs|hsct|hsf
production-1988-vol1-chapters	1279	0.0	scneaule	<<scneaule>>	schedule
production-1988-vol1-chapters	1283	38.3	cppp	for their s <<cppp>> funds from the schools or	capp|cbpp|cipp|clpp|copp|cpap
production-1988-vol1-chapters	1292	0.2	cutory	ror sta <<cutory>> changes	custody|tutory
production-1988-vol1-chapters	1301	28.0	couml	<<couml>> ccscccessssessstecesrecsresertenensonevecsecessnsonssseresesrvesssensnese nes	coul|coull|coum|couma|coupl|court
production-1988-vol1-chapters	1304	33.4	subac	hazardous waste management planning <<subac>>	lubac|sabac|sbac|suba|subact|subah
production-1988-vol1-chapters	1304	34.0	couml	<<couml>> cccsrssscsssssrsssenssrssscssersesesstossevensesseossesensescuecnreessessane	coul|coull|coum|couma|coupl|court
production-1988-vol1-chapters	1304	40.0	granis	<<granis>>	ganis|grains|grandis|grands|grani|grania
production-1988-vol1-chapters	1306	18.1	eects	abemenl <<eects>>	ects|eecs|eets|ejects|elects|erects
production-1988-vol1-chapters	1310	35.2	augmen	to a <<augmen>>	augen|augment
production-1988-vol1-chapters	1325	1.1	ghpp	and <<ghpp>> in excess of the appropriation	gapp|gepp|ghp|ghrp|gipp|gpp
production-1988-vol1-chapters	1327	11.0	imalion	<<imalion>> cessesssesnevsreensvsreonnessrevereres	imation|million
production-1988-vol1-chapters	1331	41.0	qbtam	<<qbtam>> voeeeeccstsesssssssessssssesssieenenee	beam
production-1988-vol1-chapters	1339	43.0	setuchion	<<setuchion>> sccsscerssrestsoneeserssseesesensrese	seduction
production-1988-vol1-chapters	1340	16.0	situchion	<<situchion>> seeceeeeerrereeertererereeeeerreee	situation
production-1988-vol1-chapters	1341	31.2	reeset	health eseeesecsesreesetstere <<reeset>>	rebeset|reese|reeser|reeses|reest|reset
production-1988-vol1-chapters	1342	38.1	reirnbursements	dc <<reirnbursements>> ceesseree	reimbursements
production-1988-vol1-chapters	1349	0.5	adamh	ize advance payments of federal <<adamh>> block	adah|adam|adama|adamah|adame|adami
production-1988-vol1-chapters	1349	6.4	adamh	provisions of the federal <<adamh>> block grant	adah|adam|adama|adamah|adame|adami
production-1988-vol1-chapters	1352	0.0	ffrovisions	<<ffrovisions>>	provisions
production-1988-vol1-chapters	1360	0.0	ftovisions	<<ftovisions>>	provisions
production-1988-vol1-chapters	1367	30.0	sotvices	<<sotvices>> sescsersrsesersererserevseretseseseersesentsceressreesserseressrens	services
production-1988-vol1-chapters	1368	0.0	fovisions	<<fovisions>>	provisions
production-1988-vol1-chapters	1376	34.1	ereee	grant <<ereee>>	eeee|eeeee|erene|freee|reee
production-1988-vol1-chapters	1379	24.0	cwda	<<cwda>>	awda|cada|ccda|cda|cdda|ceda
production-1988-vol1-chapters	1383	36.0	chotis	<<chotis>> sessccesescerersessrecseneserserscsersrsersesecstessessstsesseeesterserere	choti|clotis|dhotis
production-1988-vol1-chapters	1389	21.0	setuction	<<setuction>> ccesscceectersesesessererteerseseeee	seduction
production-1988-vol1-chapters	1390	30.0	comsttuction	<<comsttuction>> sceseceseessreseseersee	construction
production-1988-vol1-chapters	1390	38.0	setuction	<<setuction>> sssesccerecerecererererertrereeees	seduction
production-1988-vol1-chapters	1390	43.2	ssessese	working drawings <<ssessese>>	assessee
production-1988-vol1-chapters	1391	14.0	seyuction	<<seyuction>> csscsessssereereversersnessersereseres	seduction
production-1988-vol1-chapters	1391	25.0	sttuction	<<sttuction>> cccscscerterrseereverseresererese	struction
production-1988-vol1-chapters	1392	6.0	comsttuction	<<comsttuction>> esesssscscseseeseteens	construction
production-1988-vol1-chapters	1397	26.1	reappropriations	statutes <<reappropriations>> identified in this item	reappropriation
production-1988-vol1-chapters	1398	6.0	reappropriations	<<reappropriations>>	reappropriation
production-1988-vol1-chapters	1400	25.0	authotily	<<authotily>> sssesrserssssosserrsrsestererersieeseseanensseeerens	authority
production-1988-vol1-chapters	1400	28.0	coltoctions	<<coltoctions>> scsessteresessereereesee	collections
production-1988-vol1-chapters	1402	32.0	imona	<<imona>> sesesseerseessestsevensetsatersesennereesees	amona|dimona|icona|ikona|ilona|imina
production-1988-vol1-chapters	1402	36.0	comscruction	<<comscruction>> ccecsesecssserseressessserenes	construction
production-1988-vol1-chapters	1409	0.0	ftrovisions	<<ftrovisions>>	provisions
production-1988-vol1-chapters	1410	19.0	tlementts	<<tlementts>> ccccsseererestereeesereereree	elements
production-1988-vol1-chapters	1411	0.0	rezulat	<<rezulat>> session secesevessessereeseees	regulat
production-1988-vol1-chapters	1411	19.3	cceee	n infant programs <<cceee>>	aceee
production-1988-vol1-chapters	1414	14.0	jtpa	<<jtpa>> funds designated for gain sde and	dtpa|japa|jpa|jta|jtp|mtpa
production-1988-vol1-chapters	1414	28.3	jtpa	budgets except for <<jtpa>> funds which shall	dtpa|japa|jpa|jta|jtp|mtpa
production-1988-vol1-chapters	1414	36.2	secgs	coordination grants <<secgs>> shall be expend	ecgs|sechs|secks|secos|secs|sects
production-1988-vol1-chapters	1418	37.1	carnpus	grams <<carnpus>> child care programs operated by	carapus|carnous|carpus
production-1988-vol1-chapters	1423	23.0	jtpa	<<jtpa>> programs to encourage participation in	dtpa|japa|jpa|jta|jtp|mtpa
production-1988-vol1-chapters	1424	8.0	pyostam	<<pyostam>> eeereereeeeeererereeterseeeeeeeees	postal
production-1988-vol1-chapters	1424	15.1	iloim	chis <<iloim>> cccesssessesssessersesenseesesnenes	claim
production-1988-vol1-chapters	1434	0.0	ftovisions	<<ftovisions>>	provisions
production-1988-vol1-chapters	1436	0.0	fovisions	<<fovisions>>	provisions
production-1988-vol1-chapters	1437	4.1	eects	tation <<eects>>	ects|eecs|eets|ejects|elects|erects
production-1988-vol1-chapters	1438	22.2	ccnree	b reimbursements <<ccnree>>	cree
production-1988-vol1-chapters	1438	25.0	suppottt	<<suppottt>> reese	support
production-1988-vol1-chapters	1442	0.0	ftovisions	<<ftovisions>>	provisions
production-1988-vol1-chapters	1446	26.0	setuction	<<setuction>> ccccecccrseseceesneceeeeseresseonees	seduction
production-1988-vol1-chapters	1447	12.3	ccesee	and pacific studies <<ccesee>>	cheese
production-1988-vol1-chapters	1447	16.2	ccesees	hall renovations <<ccesees>>	accesses
production-1988-vol1-chapters	1447	40.0	memnhs	<<memnhs>> sep boo receerreeeneenereerers	means
production-1988-vol1-chapters	1447	42.0	hdrary	<<hdrary>> eseeeesseteeeeesseeseesesssersenress	harary|harry|horary
production-1988-vol1-chapters	1453	21.0	univetsily	<<univetsily>> eects ereeeeseeneeneserseneerereesessesseversesserssevseneses	university
production-1988-vol1-chapters	1453	21.1	eects	univetsily <<eects>> ereeeeseeneeneserseneerereesessesseversesserssevseneses	ects|eecs|eets|ejects|elects|erects
production-1988-vol1-chapters	1457	0.0	tovisions	<<tovisions>>	provisions
production-1988-vol1-chapters	1457	16.1	pyostam	jobs <<pyostam>> ssssssersesesstseseneeesseeenseeeresee	postal
production-1988-vol1-chapters	1463	25.2	escse	corporation yard <<escse>>	ecse|esche|escs|esse
production-1988-vol1-chapters	1465	30.1	olpac	catalog <<olpac>> projects and for the concurrent	olpc|opac
production-1988-vol1-chapters	1469	27.0	sistanice	<<sistanice>> cseceeteeseeertersttetsterttreerneeee	distance
production-1988-vol1-chapters	1481	37.1	medanos	los <<medanos>> college	means|medano
production-1988-vol1-chapters	1484	15.0	pcapdo	<<pcapdo>> ssecseecessessersersesessessercesseers	prado
production-1988-vol1-chapters	1484	45.1	cemcot	source <<cemcot>> cseccescssesserecsesenenees	cement
production-1988-vol1-chapters	1486	6.0	opmenl	<<opmenl>> ceeeisereereseesereereeres	open|opment
production-1988-vol1-chapters	1487	3.0	cyawings	<<cyawings>> ssssssecscsesesvevsesensescensseees	clawings
production-1988-vol1-chapters	1489	0.2	arcnitectura	tion remove <<arcnitectura>> barriers	architectura
production-1988-vol1-chapters	1490	0.0	eterja	<<eterja>> buuding	eterna
production-1988-vol1-chapters	1490	0.1	buuding	eterja <<buuding>>	budding|buiding|bulding
production-1988-vol1-chapters	1491	13.0	solvices	<<solvices>> cscecceerereerererseereess	services
production-1988-vol1-chapters	1496	23.4	seseee	public defenders training fun <<seseee>>	seeee|seeeee|seesee
production-1988-vol1-chapters	1497	8.0	vomieion	<<vomieion>> ceeeccecescececeesecescsevsenerevsraee	dominion|vomition
production-1988-vol1-chapters	1497	16.0	jetic	<<jetic>> league ceteeeresseeereees	cetic|etic|getic|jeric|jeti|jutic
production-1988-vol1-chapters	1499	40.2	cssesee	abuse program <<cssesee>>	assessee
production-1988-vol1-chapters	1516	16.0	trussion	<<trussion>> scersvrssreecverseeesetersvssessernsereee	trusion
production-1988-vol1-chapters	1516	30.0	tequipmene	<<tequipmene>> uo eeeeseseeteeseeeetereeeeee	equipment
production-1988-vol1-chapters	1518	0.1	swpr	d <<swpr>> interagency agreement	iwpr|sepr|spr|supr|swar|swer
production-1988-vol1-chapters	1519	9.0	membetshipes	<<membetshipes>> s seers	memberships
production-1988-vol1-chapters	1520	0.1	administt	cd <<administt>> tion wee	administ|administer|administr
production-1988-vol1-chapters	1520	26.0	jlbc	<<jlbc>> shall determine	jbc|jdbc|jlb|jlc|jtbc|lbc
production-1988-vol1-chapters	1521	16.0	cquipmene	<<cquipmene>> ssesseressesssrererenceresens	equipment
production-1988-vol1-chapters	1521	25.0	attoses	<<attoses>> cccecsceseersteestesterseereeee	attests
production-1988-vol1-chapters	1521	27.0	imomus	<<imomus>> ccescecersesretenseenerssseersessreses	momus
production-1988-vol1-chapters	1522	18.0	mdso	<<mdso>> recommit	adso|dmso|dso|maso|mcso|mdo
production-1988-vol1-chapters	1522	33.0	inctcase	<<inctcase>> es rerseererseeeereerrererseeerserees	increase
production-1988-vol1-chapters	1522	39.1	ptesumpthion	cet <<ptesumpthion>> cc eeereeeeereerees	presumption
production-1988-vol1-chapters	1526	27.4	detcent	ptoztams c ctesssesssesesssessesseseereersesenseseeeee ge <<detcent>>	decent|descent|detent
production-1988-vol1-chapters	1527	4.2	csbg	block grant <<csbg>> contractors as a result of	cabg|cbg|cdbg|csb|csbs|csg
production-1988-vol1-chapters	1527	6.1	csbg	for <<csbg>> programs in fiscal year	cabg|cbg|cdbg|csb|csbs|csg
production-1988-vol1-chapters	1528	6.0	itern	<<itern>> seececcee	intern|isern|iten|iter|stern|tern
production-1988-vol1-chapters	1528	44.0	relicd	<<relicd>> oo sssessesssessereesesseserssserseerseerers goo	relic|relick|relics|relict|relied
production-1988-vol1-chapters	1551	40.5	sliag	state legalization impact assistance grant <<sliag>> funds which	slag|slig|sling
production-1988-vol1-chapters	1552	30.0	chotl	<<chotl>> eesvessessensevseveensonsnsvserssssssessesssveessessrspesees	choel|choil|chol|chool|chot|chota
production-1988-vol1-chapters	1553	10.2	sliag	any available <<sliag>> funds which he or she determines have	slag|slig|sling
production-1988-vol1-chapters	1553	20.3	sliag	of any available <<sliag>> funds which he or she	slag|slig|sling
production-1988-vol1-chapters	1553	45.2	sliag	expenditure from <<sliag>> funds for new program activities	slag|slig|sling
production-1988-vol1-chapters	1554	6.3	sliag	the expenditure from <<sliag>> funds for program activities	slag|slig|sling
production-1988-vol1-chapters	1555	0.10	sliag	the intent of the legislature that all <<sliag>> reimbursable	slag|slig|sling
production-1988-vol1-chapters	1555	2.1	sliag	federal <<sliag>> funds is maximized departments shall authorize	slag|slig|sling
production-1988-vol1-chapters	1555	3.4	sliag	service providers to claim <<sliag>> funds using a method of cost	slag|slig|sling
production-1988-vol1-chapters	1555	4.4	sliag	calculation allowable under federal <<sliag>> regulations which	slag|slig|sling
production-1988-vol1-chapters	1555	5.6	sliag	minimizes the under identification of all <<sliag>> reimbursable	slag|slig|sling
production-1988-vol1-chapters	1556	7.6	aesdp	to the department of education che <<aesdp>> shall be approved	aesop|esdp
production-1988-vol1-chapters	1556	10.5	sliag	i the process for tracking <<sliag>> funds to eligible legalized	slag|slig|sling
production-1988-vol1-chapters	1556	32.4	sliag	nated entities may receive <<sliag>> educational funds in an	slag|slig|sling
production-1988-vol1-chapters	1557	12.5	sliag	services has been provided from <<sliag>> funds	slag|slig|sling
production-1988-vol1-chapters	1557	20.0	sliag	<<sliag>> allowable service in the federal fiscal year	slag|slig|sling
production-1988-vol1-chapters	1557	25.7	sliag	the departments shall cover to the extent <<sliag>> reimburse	slag|slig|sling
production-1988-vol1-chapters	1558	4.8	sliag	each state department which receives or administers <<sliag>>	slag|slig|sling
production-1988-vol1-chapters	1558	21.3	sliag	pact assistance grant <<sliag>> program	slag|slig|sling
production-1988-vol1-chapters	1559	39.5	sliag	nonprofit organizations certified to offer <<sliag>> educational	slag|slig|sling
production-1988-vol1-chapters	1560	1.3	sliag	impact assistance grant <<sliag>> fund shall require both con	slag|slig|sling
production-1988-vol1-chapters	1560	10.10	sliag	be used by counties for claiming their <<sliag>> reimbursable	slag|slig|sling
production-1988-vol1-chapters	1560	13.0	sliag	<<sliag>> expenditure reports for public health services either	slag|slig|sling
production-1988-vol1-chapters	1561	9.7	sliag	ela s regarding the extent to which <<sliag>> funds may be	slag|slig|sling
production-1988-vol1-chapters	1561	29.1	sliag	receiving <<sliag>> funds for medically indigent services shall	slag|slig|sling
production-1988-vol1-chapters	1561	44.10	sliag	the intent of the legislature to allow <<sliag>> funding for	slag|slig|sling
production-1988-vol1-chapters	1572	29.4	seereee	general services department off <<seereee>>	seeeee
production-1988-vol1-chapters	1576	17.5	csece	uniform state laws commission d <<csece>>	cece|csce|csec
production-1988-vol1-chapters	1586	41.0	raot	<<raot>>	aot|raat|rabot|ract|raft|raht
production-1988-vol1-chapters	1611	44.0	rrorn	<<rrorn>>	rron
production-1988-vol1-chapters	1614	44.0	anann	<<anann>>	alann|amann|anan|anana|anand|anane
production-1988-vol1-chapters	1623	47.0	qrren	<<qrren>>	arren|orren
production-1988-vol1-chapters	1624	9.0	prefunding	<<prefunding>> health care coverage pursuant to chapter	refunding
production-1988-vol1-chapters	1632	47.0	rraen	<<rraen>>	braen|graen|raaen|raen
production-1988-vol1-chapters	1652	41.0	eeen	<<eeen>>	beeen|been|deen|eaen|eben|eden
production-1988-vol1-chapters	1653	0.0	agocuments	<<agocuments>>	documents
production-1988-vol1-chapters	1661	38.5	opaleye	croaker queenfish corbina white seabass <<opaleye>> halfmoon	olaleye
production-1988-vol1-chapters	1675	27.4	daylor	the house of william <<daylor>> thence south to dry creek forming the	aylor|baylor|caylor|daylon|faylor|gaylor
production-1988-vol1-chapters	1695	47.0	rarkn	<<rarkn>>	rarin
production-1988-vol1-chapters	1700	45.0	aeren	<<aeren>>	adren|aere|aerea|aeree|aereo|aerin
production-1988-vol1-chapters	1712	0.2	iortn	to set <<iortn>> in wanting a treatment program tor each	iort
production-1988-vol1-chapters	1718	29.1	nonsecure	temporary <<nonsecure>> custody within such a facility the peace	insecure
production-1988-vol1-chapters	1719	6.0	nonsecure	<<nonsecure>> facilities located apart from an existing jail	insecure
production-1988-vol1-chapters	1727	33.5	milias	not limited to the meyers <<milias>> brown act chapter	ilias|lilias|milas|milia|milian|milis
production-1988-vol1-chapters	1739	5.0	rnarked	<<rnarked>> held and indexed in accordance with the	narked|snarked
production-1990-vol4	4	11.6	facihty	f special hospital means a health <<facihty>> having a duly	faciity
production-1990-vol4	11	48.0	uoxn	<<uoxn>>	uon
production-1990-vol4	12	47.0	lgooi	<<lgooi>>	good|gooi|logoi|looi
production-1990-vol4	14	47.0	epoen	<<epoen>>	epogen|epon|poen|upon
production-1990-vol4	16	45.0	entao	<<entao>>	enta|entad|ental|ento|entro
production-1990-vol4	22	47.0	tenroh	<<tenroh>>	tenrou|tenth
production-1990-vol4	25	48.0	edrrd	<<edrrd>>	edward
production-1990-vol4	28	35.2	permatual	u comprehensive <<permatual>> services as provided through an	perpetual
production-1990-vol4	42	42.0	edrro	<<edrro>>	edro|erro|error
production-1990-vol4	49	0.6	hcensing	administrative activities in support of the <<hcensing>> program	censing
production-1990-vol4	70	30.2	deseedb	structural components <<deseedb>> np v	deseed
production-1990-vol4	75	0.2	aitix	und conspicuously <<aitix>> to the automatic garage door opener a	antix|artix
production-1990-vol4	78	2.1	pubhe	and <<pubhe>> buildings rehabilitation bond act of	dubhe|pube|puhe
production-1990-vol4	95	20.6	ocjp	appropriate from the general fund to <<ocjp>> for operation of the program	cjp|ocp|ocsp
production-1990-vol4	97	18.4	mulhon	this bill would appropriate <<mulhon>> from the unallocated account of the	multon
production-1990-vol4	98	49.0	leobio	<<leobio>>	leorio
production-1990-vol4	100	20.13	bilhon	the budget enacted in july more than <<bilhon>>	bichon|bilion|billon|bilson|bilton
production-1990-vol4	120	29.5	overassessments	tax liability tax withheld deficiencies <<overassessments>> or tax	overassessment
production-1990-vol4	131	37.5	overassessments	tax liability tax withheld deficiencies <<overassessments>> or tax	overassessment
production-1990-vol4	214	47.0	texre	<<texre>>	teare|temre|tere|terre|texte
production-1990-vol4	232	28.0	cocomposting	<<cocomposting>> land application incineration ocean disposal and	composting
production-1990-vol4	292	29.7	busdrivers	specified for schoolbus and school pupil activity <<busdrivers>> in this	busdriver
production-1990-vol4	301	11.1	actass	d <<actass>> license shall be valid for operating any	actas
production-1990-vol4	327	0.0	dohars	<<dohars>>	dolars|dollars|dooars
production-1990-vol4	375	42.1	anaction	a <<anaction>> may be brought for the purpose of	abaction|enaction|inaction|unaction
production-1990-vol4	408	41.1	onand	e <<onand>> after january a contractor shall not bid	anand|inand|nand|oland|omand|onan
production-1990-vol4	497	0.0	fcad	<<fcad>>	acad|cad|ccad|ecad|faad|fad
production-1990-vol4	519	33.8	premajority	institution shall have his or her immediate <<premajority>> derived	promajority
production-1990-vol4	522	8.8	eops	handicaps to increase the number of eligible <<eops>>	aops|bops|cops|dops|eaps|ecps
production-1990-vol4	522	48.7	eops	completion of their educational goals and objectives <<eops>> shall be	aops|bops|cops|dops|eaps|ecps
production-1990-vol4	523	14.1	eops	each <<eops>> student receives that counseling upon his or	aops|bops|cops|dops|eaps|ecps
production-1990-vol4	523	26.9	eops	community college staff to encourage all interested <<eops>>	aops|bops|cops|dops|eaps|ecps
production-1990-vol4	535	0.3	rnember	a nonvoting student <<rnember>> shall be seated with the members of	rember
production-1990-vol4	575	34.0	reaa	<<reaa>>	eaa|meaa|raa|raaa|raea|rea
production-1990-vol4	597	41.0	ligie	<<ligie>>	lige|ligi|ligia|ligier|ligne|ligue
production-1990-vol4	604	22.0	perinatally	<<perinatally>> transmitted hepatitis b infection and the need	perinatal
production-1990-vol4	679	18.0	mmariyuana	<<mmariyuana>>	marijuana
production-1990-vol4	707	0.2	makeshilt	a temporary <<makeshilt>> arrangement in the accommodations	makeshift
production-1990-vol4	728	0.0	ncense	<<ncense>> yea	cense|incense
production-1990-vol4	750	0.1	pulotage	tof <<pulotage>>	pilotage
production-1990-vol4	763	42.9	landfarm	disposed of into an injection well or <<landfarm>> as	landform
production-1990-vol4	767	39.0	enforceably	<<enforceably>> restrict the use of the land for	enforceable
production-1990-vol4	774	0.1	adgaress	nmesigence <<adgaress>>	address
production-1990-vol4	776	0.1	rmor	hoover <<rmor>>	amor|armor|emor|mor|rmo|rmr
production-1990-vol4	776	15.2	pumpout	restrooms vessel <<pumpout>> facilities oil recycling facilities and	purport
production-1990-vol4	776	35.7	pumpout	dredging parking public access facilities restrooms vessel <<pumpout>>	purport
production-1990-vol4	777	5.7	pumpout	dredging parking public access facilities restrooms vessel <<pumpout>>	purport
production-1990-vol4	777	37.3	pumpout	equipped with vessel <<pumpout>> facilities for the transfer and disposal	purport
production-1990-vol4	777	41.6	pumpout	whether there exists at other locations <<pumpout>> facilities that have	purport
production-1990-vol4	777	44.6	pumpout	regional board may require any vessel <<pumpout>> facility to be	purport
production-1990-vol4	777	46.2	pumpout	facility all <<pumpout>> facilities installed after the operative date of	purport
production-1990-vol4	778	3.2	pumpout	where vessel <<pumpout>> facilities are conveniently available to vessels	purport
production-1990-vol4	778	13.2	pumpout	a vessel <<pumpout>> facilities for the transfer and disposal of	purport
production-1990-vol4	778	19.3	pumpout	b every vessel <<pumpout>> facility shall have a notice posted on	purport
production-1990-vol4	778	34.6	pumpout	pursuant to section to provide vessel <<pumpout>> facilities shall be	purport
production-1990-vol4	779	1.0	pumpout	<<pumpout>> facility and a pro rata share of	purport
production-1990-vol4	779	7.4	pumpout	section to provide vessel <<pumpout>> facilities shall be required	purport
production-1990-vol4	787	47.6	rnember	shall be paid for by the <<rnember>> fidelity corporation shall also be	rember
production-1990-vol4	803	24.5	srnog	charge a fee to licensed <<srnog>> check stations for the issuance by the	snog|srong
production-1990-vol4	825	14.7	fmha	not renewing a contract with hud or <<fmha>> which provides	cmha|faha|feha|fha|fma|fmea
production-1990-vol4	827	39.3	prirne	guided away from <<prirne>> agricultural lands therefore in	priene|prine
production-1990-vol4	834	19.3	nonreserved	same extent that <<nonreserved>> units are made available to noneligible	nonreserve|unreserved
production-1990-vol4	837	30.3	nonreserved	same extent that <<nonreserved>> units are made available to noneligible	nonreserve|unreserved
production-1990-vol4	844	34.3	nonreserved	same extent that <<nonreserved>> units are made available to noneligible	nonreserve|unreserved
production-1990-vol4	852	34.3	nonreserved	same extent that <<nonreserved>> units are made available to noneligible	nonreserve|unreserved
production-1990-vol4	856	30.3	nonreserved	same extent that <<nonreserved>> units are made available to noneligible	nonreserve|unreserved
production-1990-vol4	872	24.1	csssa	arts <<csssa>> and on or before january shall report	cassa|cessa|cossa|cssa|csss|sssa
production-1990-vol4	882	37.2	lamc	court administrator <<lamc>> performance based pay plan	aamc|amc|kamc|lac|lacc|lacm
production-1990-vol4	882	39.0	lamc	<<lamc>>	aamc|amc|kamc|lac|lacc|lacm
production-1990-vol4	882	42.1	lamc	service <<lamc>>	aamc|amc|kamc|lac|lacc|lacm
production-1990-vol4	883	0.1	lamc	operations <<lamc>>	aamc|amc|kamc|lac|lacc|lacm
production-1990-vol4	883	2.0	lamc	<<lamc>>	aamc|amc|kamc|lac|lacc|lacm
production-1990-vol4	883	12.2	systern	senior program <<systern>>	sistern|systen|syster
production-1990-vol4	883	15.1	lamc	ncs <<lamc>>	aamc|amc|kamc|lac|lacc|lacm
production-1990-vol4	883	23.1	lamc	ncs <<lamc>>	aamc|amc|kamc|lac|lacc|lacm
production-1990-vol4	883	27.0	lamc	<<lamc>>	aamc|amc|kamc|lac|lacc|lacm
production-1990-vol4	884	13.0	lamc	<<lamc>> technician	aamc|amc|kamc|lac|lacc|lacm
production-1990-vol4	886	21.2	lamc	supervisor ncs <<lamc>>	aamc|amc|kamc|lac|lacc|lacm
production-1990-vol4	890	3.0	accounlanl	<<accounlanl>> se sescsesseserseecseesssosenseneseneseacoersererenstesses k	accountant
production-1990-vol4	890	12.3	lamc	assistant court administrator <<lamc>> r n	aamc|amc|kamc|lac|lacc|lacm
production-1990-vol4	890	22.4	lamc	assistant division chief operations <<lamc>> r n	aamc|amc|kamc|lac|lacc|lacm
production-1990-vol4	890	34.4	lamc	chief systems division ncs <<lamc>> r n	aamc|amc|kamc|lac|lacc|lacm
production-1990-vol4	891	17.4	lamc	deputy clerk supervisor ncs <<lamc>> c	aamc|amc|kamc|lac|lacc|lacm
production-1990-vol4	891	19.2	lamc	financial services <<lamc>> c cewennenne r n	aamc|amc|kamc|lac|lacc|lacm
production-1990-vol4	891	20.4	lamc	deputy court administrator operations <<lamc>> r n	aamc|amc|kamc|lac|lacc|lacm
production-1990-vol4	891	27.3	lamc	division chief operations <<lamc>> c r n	aamc|amc|kamc|lac|lacc|lacm
production-1990-vol4	891	41.3	lamc	head personnel technician <<lamc>> h	aamc|amc|kamc|lac|lacc|lacm
production-1990-vol4	892	4.4	lamc	managing court reporter ncs <<lamc>> n r	aamc|amc|kamc|lac|lacc|lacm
production-1990-vol4	892	30.4	lamc	senior court manager ncs <<lamc>> eee r n	aamc|amc|kamc|lac|lacc|lacm
production-1990-vol4	893	8.2	suppervvisor	stock om <<suppervvisor>> sssecsecsesveseeeesssssscenssessevavens a	supervisor
production-1990-vol4	893	21.4	cseec	telecommunications technician m c <<cseec>> l	ceec|csec
production-1990-vol4	912	5.0	onand	<<onand>> after january each seller of trash bags	anand|inand|nand|oland|omand|onan
production-1990-vol4	946	0.0	pupus	<<pupus>> will require at least new teachers in	lupus|pupas|pups|pupu|pupusa|purpus
production-1990-vol4	1007	49.0	trosic	<<trosic>>	toxic|troic|tronic|tropic
production-1990-vol4	1056	0.0	omme	<<omme>> rwise	amme|comme|domme|emme|gomme|homme
production-1990-vol4	1069	48.0	jooish	<<jooish>>	jokish
production-1990-vol4	1119	44.7	coowner	available to a claimant who is the <<coowner>> of original property as a	cooner|crowner
production-1990-vol4	1119	48.8	coowner	by all of the owners and each <<coowner>> retains an	cooner|crowner
production-1990-vol4	1120	3.2	coowner	than one <<coowner>> would otherwise be an eligible claimant only	cooner|crowner
production-1990-vol4	1120	4.0	coowner	<<coowner>> shall be eligible under this section these	cooner|crowner
production-1990-vol4	1120	9.7	coowner	original property as community property only the <<coowner>> who has	cooner|crowner
production-1990-vol4	1126	7.7	coowner	available to a claimant who is the <<coowner>> of original property as a	cooner|crowner
production-1990-vol4	1126	11.8	coowner	by all of the owners and each <<coowner>> retains an	cooner|crowner
production-1990-vol4	1126	17.2	coowner	than one <<coowner>> would otherwise be an eligible claimant only	cooner|crowner
production-1990-vol4	1126	18.0	coowner	<<coowner>> shall be eligible under this section these	cooner|crowner
production-1990-vol4	1126	23.7	coowner	original property as community property only the <<coowner>> who has	cooner|crowner
production-1990-vol4	1131	16.8	xitia	to subdivision a of section of article <<xitia>> of the	itia|litia|mitia|sitia|titia
production-1990-vol4	1133	45.7	coowner	available to a claimant who is the <<coowner>> of original property as a	cooner|crowner
production-1990-vol4	1134	1.8	coowner	by all of the owners and each <<coowner>> retains an	cooner|crowner
production-1990-vol4	1134	7.2	coowner	than one <<coowner>> would otherwise be an eligible claimant only	cooner|crowner
production-1990-vol4	1134	8.0	coowner	<<coowner>> shall be eligible under this section these	cooner|crowner
production-1990-vol4	1134	13.7	coowner	original property as community property only the <<coowner>> who has	cooner|crowner
production-1990-vol4	1141	43.7	coowner	available to a claimant who is the <<coowner>> of original property as a	cooner|crowner
production-1990-vol4	1141	47.8	coowner	by all of the owners and each <<coowner>> retains an	cooner|crowner
production-1990-vol4	1142	5.2	coowner	than one <<coowner>> would otherwise be an eligible claimant only	cooner|crowner
production-1990-vol4	1142	6.0	coowner	<<coowner>> shall be eligible under this section these	cooner|crowner
production-1990-vol4	1142	11.7	coowner	original property as community property only the <<coowner>> who has	cooner|crowner
production-1990-vol4	1149	31.7	coowner	available to a claimant who is the <<coowner>> of original property as a	cooner|crowner
production-1990-vol4	1149	35.8	coowner	by all of the owners and each <<coowner>> retains an	cooner|crowner
production-1990-vol4	1149	41.2	coowner	than one <<coowner>> would otherwise be an eligible claimant only	cooner|crowner
production-1990-vol4	1149	42.0	coowner	<<coowner>> shall be eligible under this section these	cooner|crowner
production-1990-vol4	1149	47.7	coowner	original property as community property only the <<coowner>> who has	cooner|crowner
production-1990-vol4	1155	26.7	coowner	available to a claimant who is the <<coowner>> of original property as a	cooner|crowner
production-1990-vol4	1155	30.8	coowner	by all of the owners and each <<coowner>> retains an	cooner|crowner
production-1990-vol4	1155	36.2	coowner	than one <<coowner>> would otherwise be an eligible claimant only	cooner|crowner
production-1990-vol4	1155	37.0	coowner	<<coowner>> shall be eligible under this section these	cooner|crowner
production-1990-vol4	1155	42.7	coowner	original property as community property only the <<coowner>> who has	cooner|crowner
production-1990-vol4	1161	46.7	coowner	available to a claimant who is the <<coowner>> of original property as a	cooner|crowner
production-1990-vol4	1162	1.8	coowner	by all of the owners and each <<coowner>> retains an	cooner|crowner
production-1990-vol4	1162	7.2	coowner	than one <<coowner>> would otherwise be an eligible claimant only	cooner|crowner
production-1990-vol4	1162	8.0	coowner	<<coowner>> shall be eligible under this section these	cooner|crowner
production-1990-vol4	1162	13.7	coowner	original property as community property only the <<coowner>> who has	cooner|crowner
production-1990-vol4	1168	24.7	coowner	available to a claimant who is the <<coowner>> of original property as a	cooner|crowner
production-1990-vol4	1168	28.8	coowner	by all of the owners and each <<coowner>> retains an	cooner|crowner
production-1990-vol4	1168	34.2	coowner	than one <<coowner>> would otherwise be an eligible claimant only	cooner|crowner
production-1990-vol4	1168	35.0	coowner	<<coowner>> shall be eligible under this section these	cooner|crowner
production-1990-vol4	1168	40.7	coowner	original property as community property only the <<coowner>> who has	cooner|crowner
production-1990-vol4	1224	14.4	paicl	ordered to have been <<paicl>>	paice|pail
production-1990-vol4	1239	46.0	tobdic	<<tobdic>>	toxic
production-1990-vol4	1259	34.7	coowner	available to a claimant who is the <<coowner>> of original property as a	cooner|crowner
production-1990-vol4	1259	38.8	coowner	by all of the owners and each <<coowner>> retains an	cooner|crowner
production-1990-vol4	1259	44.2	coowner	than one <<coowner>> would otherwise be an eligible claimant only	cooner|crowner
production-1990-vol4	1259	45.0	coowner	<<coowner>> shall be eligible under this section these	cooner|crowner
production-1990-vol4	1259	49.0	jorrsl	<<jorrsl>>	corral
production-1990-vol4	1260	0.7	coowner	original property as community property only the <<coowner>> who has	cooner|crowner
production-1990-vol4	1267	12.7	coowner	available to a claimant who is the <<coowner>> of original property as a	cooner|crowner
production-1990-vol4	1267	16.8	coowner	by all of the owners and each <<coowner>> retains an	cooner|crowner
production-1990-vol4	1267	22.2	coowner	than one <<coowner>> would otherwise be an eligible claimant only	cooner|crowner
production-1990-vol4	1267	23.0	coowner	<<coowner>> shall be eligible under this section these	cooner|crowner
production-1990-vol4	1267	28.7	coowner	original property as community property only the <<coowner>> who has	cooner|crowner
production-1990-vol4	1275	10.7	coowner	available to a claimant who is the <<coowner>> of original property as a	cooner|crowner
production-1990-vol4	1275	14.8	coowner	by all of the owners and each <<coowner>> retains an	cooner|crowner
production-1990-vol4	1275	20.2	coowner	than one <<coowner>> would otherwise be an eligible claimant only	cooner|crowner
production-1990-vol4	1275	21.0	coowner	<<coowner>> shall be eligible under this section these	cooner|crowner
production-1990-vol4	1275	26.7	coowner	original property as community property only the <<coowner>> who has	cooner|crowner
production-1990-vol4	1283	17.7	coowner	available to a claimant who is the <<coowner>> of original property as a	cooner|crowner
production-1990-vol4	1283	21.8	coowner	by all of the owners and each <<coowner>> retains an	cooner|crowner
production-1990-vol4	1283	27.2	coowner	than one <<coowner>> would otherwise be an eligible claimant only	cooner|crowner
production-1990-vol4	1283	28.0	coowner	<<coowner>> shall be eligible under this section these	cooner|crowner
production-1990-vol4	1283	33.7	coowner	original property as community property only the <<coowner>> who has	cooner|crowner
production-1990-vol4	1291	4.7	coowner	available to a claimant who is the <<coowner>> of original property as a	cooner|crowner
production-1990-vol4	1291	8.8	coowner	by all of the owners and each <<coowner>> retains an	cooner|crowner
production-1990-vol4	1291	14.2	coowner	than one <<coowner>> would otherwise be an eligible claimant only	cooner|crowner
production-1990-vol4	1291	15.0	coowner	<<coowner>> shall be eligible under this section these	cooner|crowner
production-1990-vol4	1291	20.7	coowner	original property as community property only the <<coowner>> who has	cooner|crowner
production-1990-vol4	1294	13.0	xiha	<<xiha>> of the california constitution plus the adjustments	aiha|iha|jiha|miha|niha|piha
production-1990-vol4	1297	17.7	coowner	available to a claimant who is the <<coowner>> of original property as a	cooner|crowner
production-1990-vol4	1297	21.8	coowner	by all of the owners and each <<coowner>> retains an	cooner|crowner
production-1990-vol4	1297	27.2	coowner	than one <<coowner>> would otherwise be an eligible claimant only	cooner|crowner
production-1990-vol4	1297	28.0	coowner	<<coowner>> shall be eligible under this section these	cooner|crowner
production-1990-vol4	1297	33.7	coowner	original property as community property only the <<coowner>> who has	cooner|crowner
production-1990-vol4	1300	0.0	trohow	<<trohow>> ine	troop
production-1990-vol4	1301	0.0	tohowme	<<tohowme>> gates	tohome
production-1990-vol4	1303	43.7	coowner	available to a claimant who is the <<coowner>> of original property as a	cooner|crowner
production-1990-vol4	1304	5.2	coowner	than one <<coowner>> would otherwise be an eligible claimant only	cooner|crowner
production-1990-vol4	1304	6.0	coowner	<<coowner>> shall be eligible under this section these	cooner|crowner
production-1990-vol4	1304	11.7	coowner	original property as community property only the <<coowner>> who has	cooner|crowner
production-1990-vol4	1310	34.7	coowner	available to a claimant who is the <<coowner>> of original property as a	cooner|crowner
production-1990-vol4	1310	38.8	coowner	by all of the owners and each <<coowner>> retains an	cooner|crowner
production-1990-vol4	1310	44.2	coowner	than one <<coowner>> would otherwise be an eligible claimant only	cooner|crowner
production-1990-vol4	1310	45.0	coowner	<<coowner>> shall be eligible under this section these	cooner|crowner
production-1990-vol4	1311	0.7	coowner	original property as community property only the <<coowner>> who has	cooner|crowner
production-1990-vol4	1328	40.7	pumpout	dredging parking public access facilities restrooms vessel <<pumpout>>	purport
production-1990-vol4	1329	15.7	pumpout	dredging parking public access facilities restrooms vessel <<pumpout>>	purport
production-1990-vol4	1331	44.0	joresn	<<joresn>>	forest|joren|jores
production-1990-vol4	1342	47.0	rrsn	<<rrsn>>	arsn|rrn|rron|rrs|rrsp|rsn
production-1990-vol4	1353	0.1	actuany	change <<actuany>> occurs	actualy|actuary
production-1990-vol4	1364	0.0	geveiopments	<<geveiopments>>	developments
production-1990-vol4	1369	26.0	nonmigrant	<<nonmigrant>> farm labor employees and their families the	nonimmigrant
production-1990-vol4	1411	48.0	onngan	<<onngan>>	organ
production-1990-vol4	1432	47.0	oitio	<<oitio>>	oito|optio|ortio|sitio
production-1990-vol4	1438	37.2	nonpurchasers	available to <<nonpurchasers>> or nonmembers	nonpurchaser
production-1990-vol4	1515	4.3	omficesy	signed super corporate <<omficesy>> dt	offices
production-1990-vol4	1537	0.0	consuitavion	<<consuitavion>>	consultation
production-1990-vol4	1563	0.2	ciaun	ws hen <<ciaun>>	chaun|cian
production-1990-vol4	1571	0.0	pernogd	<<pernogd>>	pernod
production-1990-vol4	1577	17.1	itisin	d <<itisin>> the interests of the state of california	irisin|raisin
production-1990-vol4	1584	48.0	onsasn	<<onsasn>>	onan
production-1990-vol4	1587	0.0	nandicappeg	<<nandicappeg>> pups	handicapped
production-1990-vol4	1606	48.0	oneson	<<oneson>>	ineson|oleson
production-1990-vol4	1607	42.0	snbse	<<snbse>>	sabse
production-1990-vol4	1615	46.0	ogttc	<<ogttc>>	ogtt
production-1990-vol4	1620	0.0	pracaces	<<pracaces>>	practices
production-1990-vol4	1625	0.0	acensee	<<acensee>>	licensee
production-1990-vol4	1631	47.0	ontsoo	<<ontsoo>>	onto
production-1990-vol4	1651	49.0	onttel	<<onttel>>	otter
production-1990-vol4	1661	47.0	onsner	<<onsner>>	osner|owner
production-1990-vol4	1717	48.0	onorol	<<onorol>>	control
production-1990-vol4	1720	47.0	odordo	<<odordo>>	dorado
production-1990-vol4	1722	49.0	ongec	<<ongec>>	ongc|onge|onger
production-1990-vol4	1729	48.0	onorw	<<onorw>>	norw|onor|onora|onore
production-1990-vol4	1730	47.0	oporen	<<oporen>>	open
production-1990-vol4	1793	13.4	workplans	f review of reports <<workplans>> preliminary assessments	workplace|workplan
production-1990-vol4	1837	24.0	eorong	<<eorong>> covers spt led wi	korong|lorong|morong|sorong
production-1990-vol4	1862	20.0	supetvisots	<<supetvisots>>	supervisors
production-1990-vol4	1911	47.0	olesan	<<olesan>>	alesan|olean|olesen|oleson
production-1990-vol4	1913	43.1	sbrn	o <<sbrn>>	brn|cbrn|sarn|sbin|sbn|sbr
production-1990-vol4	1947	46.0	olgerl	<<olgerl>>	older
production-1990-vol4	2013	38.5	counternarcotic	local drug enforcement agencies in <<counternarcotic>> operations as	counternarcotics
production-1990-vol4	2020	3.5	counternarcotic	local drug enforcement agencies in <<counternarcotic>> operations as	counternarcotics
production-1990-vol4	2053	16.3	residuos	cuidado zona de <<residuos>> biologicos	residues|residuous
production-1990-vol4	2053	16.4	biologicos	cuidado zona de residuos <<biologicos>>	biological|biologics
production-1990-vol4	2053	17.0	peligrosos	<<peligrosos>> prohibida la entrada a personas no	peligroso
production-1990-vol4	2053	17.1	prohibida	peligrosos <<prohibida>> la entrada a personas no	prohibido
production-1990-vol4	2071	5.3	etany	t pero eer <<etany>> of sate september	etan|etana|etang|tany|tetany
production-1990-vol4	2073	30.1	tiinr	townships <<tiinr>> e t nr e t nri e	tiina
