production-1925-vol1-chapters	906	34.10	omphs	costs and expenses of liquidation any surplus <<omphs>>	mphs|oaths|omps|oomphs
production-1925-vol1-chapters	910	0.1	saccharometers	or <<saccharometers>> to indicate the percentage by weight ot	saccharometer
production-1925-vol1-chapters	912	18.10	heeton	of this act the director of agriculture <<heeton>>	beeton|heaton|helton|henton|heston|hetton
production-1925-vol1-chapters	920	39.9	guperso	receive the sum of two thousand one <<guperso>>	supers
production-1925-vol1-chapters	921	43.0	itherside	<<itherside>> erosion the city of riverside a municipal	otherside
production-1925-vol1-chapters	924	18.8	eonsump	of his own production intended for human <<eonsump>>	consume
production-1925-vol1-chapters	924	45.9	penaiie	person who violates any of the provisions <<penaiie>>	penalize
production-1925-vol1-chapters	926	20.8	bhern	sheriff two thousand five hundred dollars per <<bhern>>	ahern|bern|chern|hern|thern
production-1925-vol1-chapters	932	39.11	gamebiris	this act the following only shall be <<gamebiris>>	gamebirds
production-1925-vol1-chapters	937	29.0	flonce	<<flonce>> finance committee composed of the governor state	flounce|fonce
production-1925-vol1-chapters	939	16.1	therco	square <<therco>> the words for the veterans welfare bond	thermo|thero
production-1925-vol1-chapters	942	36.11	pstice	over which such courts have juris i <<pstice>> s	pspice|stice
production-1925-vol1-chapters	943	16.1	izied	be <<izied>> city in which the subject of the	ified|iied|ivied|ized|zied
production-1925-vol1-chapters	944	0.12	faceptions	reside in the state or f residing <<faceptions>>	exceptions
production-1925-vol1-chapters	947	9.0	feredto	<<feredto>> from acting as such or if from	hereto
production-1925-vol1-chapters	948	46.3	renment	read as follows <<renment>>	ernment
production-1925-vol1-chapters	949	28.0	meprels	<<meprels>> provided in title nine part two of	merely
production-1925-vol1-chapters	950	20.9	poveror	appeal the superior court may review all <<poveror>>	governor|povero
production-1925-vol1-chapters	952	32.10	jyage	of any municipal court within the county <<jyage>> of	jage|yage
production-1925-vol1-chapters	956	19.5	ministrat	hereafter be allowed by law <<ministrat>>	ministrant
production-1925-vol1-chapters	961	23.1	srorion	state <<srorion>> j section tio of an act entitled	erosion
production-1925-vol1-chapters	965	19.0	tinend	<<tinend>> uty of the commissioner to examine it	tined|tineid|tinen|tinned
production-1925-vol1-chapters	967	3.0	plicnt	<<plicnt>> yo tory or government it shall file	pliant
production-1925-vol1-chapters	968	37.10	btete	of said act as amended is hereby <<btete>>	atete|bete|bette|brete|tete
production-1925-vol1-chapters	970	14.9	rstles	the books records accounts and other papers <<rstles>>	rustles|rutles
production-1925-vol1-chapters	971	41.0	bubseription	<<bubseription>> see neither this act nor any provision	subscription
production-1925-vol1-chapters	971	48.5	seenre	reasonable diligence apply for and <<seenre>> from the commissioner	seene|seenie
production-1925-vol1-chapters	976	50.5	ministrato	be hereafter allowed by jaw <<ministrato>>	ministrator
production-1925-vol1-chapters	978	28.8	mendceino	mendocino and siskiyou shall be five thousand <<mendceino>>	mendocino
production-1925-vol1-chapters	978	30.13	comties	paid by the state and the other <<comties>>	comites|commies|comtes|cooties
production-1925-vol1-chapters	979	24.0	cilapter	<<cilapter>>	chapter
production-1925-vol1-chapters	981	23.1	gomds	fair <<gomds>> appropriated out of any money in the	goads|gods|golds|gomes|gomis|goms
production-1925-vol1-chapters	984	5.11	sunesor	as are now or may be hereafter <<sunesor>>	sensor
production-1925-vol1-chapters	991	25.0	pecces	<<pecces>> law approved may is hereby amended to	peaces|peccei|peces|peices|pences|recces
production-1925-vol1-chapters	991	31.0	apnuin	<<apnuin>> and one assistant probation officer whose salary	alnuin
production-1925-vol1-chapters	991	41.0	faners	<<faners>> state state treasury not otherwise appropriated to	caners|facers|faders|faiers|fakers|famers
production-1925-vol1-chapters	995	35.0	faanum	<<faanum>> and shall also be allowed the compensation	farnum|maanum
production-1925-vol1-chapters	1000	20.9	comties	of the thirty seventh class the county <<comties>> o	comites|commies|comtes|cooties
production-1925-vol1-chapters	1000	42.9	smeritt	three thousand dollars per annum and such <<smeritt>>	meritt|steritt
production-1925-vol1-chapters	1002	20.9	sirsw	ten dollars per day when engaged in <<sirsw>>	sirs|sirsa|sirsi
production-1925-vol1-chapters	1004	36.8	tresswer	treasurer two thousand one hundred dollars per <<tresswer>>	tressler
production-1925-vol1-chapters	1004	37.0	annurn	<<annurn>>	annur
production-1925-vol1-chapters	1005	24.0	untices	<<untices>> of justices of the peace shall receive	entices|unties
production-1925-vol1-chapters	1006	26.0	cilapter	<<cilapter>>	chapter
production-1925-vol1-chapters	1006	40.11	teivine	money in the state treasury not other <<teivine>> fand	termine
production-1925-vol1-chapters	1007	11.0	ciiapter	<<ciiapter>>	chapter
production-1925-vol1-chapters	1008	9.8	appromis	to encourage the holding of county agricul <<appromis>>	approves
production-1925-vol1-chapters	1009	19.6	frenp	i approve the bill dated may <<frenp>> wm richardson	freep|fren|frena|frend|frene|freni
production-1925-vol1-chapters	1011	33.9	richagp	approve the bill dated may fpronp wa <<richagp>>	richard
production-1925-vol1-chapters	1011	37.0	bigeway	<<bigeway>> dollars or so much thereof as may	bikeway
production-1925-vol1-chapters	1011	38.0	dutriet	<<dutriet>> appropriated out of any money in the	duties
production-1925-vol1-chapters	1018	10.10	smenément	thirds of each house concurring therein pro <<smenément>>	amendment
production-1925-vol1-chapters	1019	3.1	warreas	federal <<warreas>> the community system of property prevails in	warrens
production-1925-vol1-chapters	1020	12.13	ehete	in the county of santa clara oo <<ehete>>	ehehe|ephete|hete|thete|whete
production-1925-vol1-chapters	1022	29.10	certine	c b goodwin city manager of the <<certine>>	bertine|cerine|certaine|certie|cervine
production-1925-vol1-chapters	1025	15.1	gzorce	attest <<gzorce>> h dunwop	force|gorce
production-1925-vol1-chapters	1025	31.2	baaskerville	chas a <<baaskerville>>	baskerville
production-1925-vol1-chapters	1025	35.2	ketwer	h w <<ketwer>>	keter|kether|ketner|ketter
production-1925-vol1-chapters	1025	36.0	wituiam	<<wituiam>> meap	william
production-1925-vol1-chapters	1025	37.2	monnerre	orga ek <<monnerre>>	tonnerre
production-1925-vol1-chapters	1030	4.9	teense	persons engaged in the same business otherwise <<teense>>	teenie|teens|teensy|teese|tense
production-1925-vol1-chapters	1036	9.10	prcmes	name or any device which tends to <<prcmes>>	primes|promes
production-1925-vol1-chapters	1039	45.0	pemoral	<<pemoral>> sec the officers of the city shall	femoral|nemoral|peroral|premoral
production-1925-vol1-chapters	1041	38.0	omelals	<<omelals>> n interested directly or indirectly in any	omelas
production-1925-vol1-chapters	1042	24.8	rubttation	all ordinances finally adopted under the provi <<rubttation>>	substation
production-1925-vol1-chapters	1042	40.9	cauipment	departments given control of their own definite <<cauipment>>	equipment
production-1925-vol1-chapters	1046	35.0	erein	<<erein>>	brein|eremin|eren|ergin|erien|erin
production-1925-vol1-chapters	1052	0.8	treanme	there is hereby established an official depository <<treanme>>	treatme
production-1925-vol1-chapters	1053	17.0	subpoens	<<subpoens>> this charter and the secretary of each	subpoena|subpoenas
production-1925-vol1-chapters	1055	30.0	sloners	<<sloners>> section shall be five years except as	cloners|loners|slopers|slovers|sooners|stoners
production-1925-vol1-chapters	1055	41.0	memeré	<<memeré>> provided for is the successor of a	memer|memers|memery
production-1925-vol1-chapters	1056	19.11	onganizat	practicable after the first day of july <<onganizat>>	organizat
production-1925-vol1-chapters	1056	33.12	acue	member of the board and a chief <<acue>>	acce|ace|acee|ache|acie|acle
production-1925-vol1-chapters	1059	48.0	buperintend	<<buperintend>> see the general manager of the department	superintend
production-1925-vol1-chapters	1060	34.0	maendation	<<maendation>> within the time mentioned herein said council	mandation|mentation
production-1925-vol1-chapters	1060	40.0	mingke	<<mingke>> reports and recommendations to the council and	minge|mingle|minke
production-1925-vol1-chapters	1061	4.0	ofmenbers	<<ofmenbers>> appointed under this charter shall be appointed	offenders
production-1925-vol1-chapters	1061	42.0	bsamina	<<bsamina>> sec all applicants for office places or	samina
production-1925-vol1-chapters	1062	9.11	enand	service board shall in addition to a <<enand>>	anand|eland|enan|enano|ensand|inand
production-1925-vol1-chapters	1062	32.13	dustes	class of position in the classi ta <<dustes>>	dusted|dustee|duster|dusters|dusts|tustes
production-1925-vol1-chapters	1066	1.9	etaree	officers members and employees in any depart <<etaree>>	staree|taree|three
production-1925-vol1-chapters	1068	28.10	pullty	classified civil service and who shall have <<pullty>>	pulley|pully
production-1925-vol1-chapters	1069	31.1	etlnce	o <<etlnce>> operations of said fire department in connection	stance
production-1925-vol1-chapters	1069	41.0	seaeer	<<seaeer>> sec the chief administrative officer of the	seager|sealer|seamer|searer|seater|seaver
production-1925-vol1-chapters	1071	3.0	orice	<<orice>> power and it shall be its duty	brice|erice|grice|morice|norice|odice
production-1925-vol1-chapters	1072	39.12	resened	of j os angeles harbor not less <<resened>> fol	reseed|resend|resende|resene|resented|resewed
production-1925-vol1-chapters	1075	2.0	resened	<<resened>> concession and all wharves and other improvements	reseed|resend|resende|resene|resented|resewed
production-1925-vol1-chapters	1076	34.11	ralrad	have power to contract for or permit <<ralrad>>	railroad
production-1925-vol1-chapters	1080	25.11	mizsionen	los angeles by purchase gift or otherwise <<mizsionen>>	missioner
production-1925-vol1-chapters	1085	51.0	ehenged	<<ehenged>> stc sépceov os of sections and hereof	changed
production-1925-vol1-chapters	1086	4.0	teason	<<teason>>	beason|deason|eason|geason|leason|peason
production-1925-vol1-chapters	1089	36.0	kemovals	<<kemovals>> suspend or remove any officer or employee	removals
production-1925-vol1-chapters	1092	24.3	deseretion	council in its <<deseretion>> from proceeding to advertise such	desertion
production-1925-vol1-chapters	1093	37.0	vaterand	<<vaterand>> or in part no other water or	vaterland
production-1925-vol1-chapters	1103	21.1	uvhealihy	tenements <<uvhealihy>> slums or the most congested areas pro	unhealthy
production-1925-vol1-chapters	1105	10.3	thercfor	wi tain quarters <<thercfor>> kindergartens and day nurseries elementary	therefor
production-1925-vol1-chapters	1105	49.0	febok	<<febok>> if ana public schools of the city	febo|felon|sebok
production-1925-vol1-chapters	1108	24.0	shecis	<<shecis>> containing the proposed ordinance with additional	sheis
production-1925-vol1-chapters	1108	49.0	afidlavit	<<afidlavit>>	affidavit
production-1925-vol1-chapters	1109	15.0	bupple	<<bupple>> may be if by the certificate of	rupple|supple
production-1925-vol1-chapters	1112	12.7	ordinanees	sec no ordinance legislative administrative or execu <<ordinanees>>	ordinances
production-1925-vol1-chapters	1112	14.10	ttre	days from its publication except an ordinance <<ttre>>	atre|etre|stre|tare|tere|thre
production-1925-vol1-chapters	1115	19.0	erended	<<erended>> submitted to a referendary vote shall go	emended|trended
production-1925-vol1-chapters	1117	46.0	fiectton	<<fiectton>> ec upon the prevention of such recall	flection
production-1925-vol1-chapters	1119	1.0	wieeto	<<wieeto>> from office ar election is held shall	weet
production-1925-vol1-chapters	1120	22.11	omeers	or created by ordinance under the author <<omeers>> aus	ameers|meers|omers
production-1925-vol1-chapters	1123	40.0	foweras	<<foweras>> unexpired term of any office unless candidates	powers
production-1925-vol1-chapters	1128	23.11	eairtt	given office at the primary nominating election <<eairtt>>	earth
production-1925-vol1-chapters	1129	5.0	torcall	<<torcall>> tions to both inclusive shall be deemed	tortall
production-1925-vol1-chapters	1130	22.12	amdavit	by and be verified by the affi <<amdavit>>	davit
production-1925-vol1-chapters	1130	36.11	recomt	present said petition to the council at <<recomt>>	recoat|recoct|recom|recomb|recomm
production-1925-vol1-chapters	1131	38.0	complane	<<complane>> this article shall be sufficient for the	complan|compline|conplane
production-1925-vol1-chapters	1132	46.13	tontoner	of may of each year the controller <<tontoner>>	tontiner
production-1925-vol1-chapters	1134	12.8	condera	the council shall immediately proceed to the <<condera>>	conder|condesa|condra|pondera
production-1925-vol1-chapters	1134	22.9	etoly	budget as adopted by the council shall <<etoly>>	toly
production-1925-vol1-chapters	1134	46.8	fxpeniiture	each board officer or employee shall have <<fxpeniiture>>	expenditure
production-1925-vol1-chapters	1136	15.10	mmones	shall be made from the city treas <<mmones>>	mones
production-1925-vol1-chapters	1138	0.7	habuilities	city government shall make expenditures or incur <<habuilities>> m jppaities	abilities
production-1925-vol1-chapters	1140	5.12	ensiam	city of los angeles or any offi <<ensiam>>	enseam|ensign
production-1925-vol1-chapters	1140	40.10	supls	close of each fiscal year the controller <<supls>> a	spls|supes|suply|supps|sups
production-1925-vol1-chapters	1142	46.0	purcitases	<<purcitases>>	purchases
production-1925-vol1-chapters	1145	6.0	mppr	<<mppr>> and efficiency there is hereby appropriated an	appr|ippr|mapr|mmpr|mpp|mpps
production-1925-vol1-chapters	1145	11.0	borougiis	<<borougiis>>	boroughs
production-1925-vol1-chapters	1145	12.0	borouehs	<<borouehs>> sec any territory included in the area	boroughs
production-1925-vol1-chapters	1145	47.0	flevtion	<<flevtion>> such election shall be held and conducted	flection
production-1925-vol1-chapters	1147	22.0	expendl	<<expendl>> see tn addition to the uses herein	expend|expends
production-1925-vol1-chapters	1148	25.9	snperintend	board which by this charter is given <<snperintend>>	superintend
production-1925-vol1-chapters	1149	31.1	ofelty	labor <<ofelty>> sec the council shall prohibit enforced labor	felty|owelty
production-1925-vol1-chapters	1151	21.0	invaler	<<invaler>> government established by this charter shall be	inhaler|invader
production-1925-vol1-chapters	1151	26.0	artring	<<artring>> employee of the city under the provisions	arting
production-1925-vol1-chapters	1154	9.9	bifor	threatened the navigation of certain rivers in <<bifor>>	befor|bifer|biform|cifor|ifor
production-1925-vol1-chapters	1155	38.0	bebool	<<bebool>> section g the board shall determine annually	befool
production-1925-vol1-chapters	1156	41.10	cireu	there a weekly newspaper printed and in <<cireu>>	circu|cire|cires|creu
production-1925-vol1-chapters	1165	5.0	satious	<<satious>> in accordance with duties and responsibilities of	sanious|sativus
production-1925-vol1-chapters	1165	24.0	rchedle	<<rchedle>> rejection upon adoption of the classification of	schedule
production-1925-vol1-chapters	1166	49.9	aaational	gifts loans ete said board of trustees <<aaational>>	national
production-1925-vol1-chapters	1168	12.10	mucum	francisco state of california as a repository <<mucum>>	mecum|mucus|mutum|tucum
production-1925-vol1-chapters	1170	19.9	couwel	auditor shall be allowed to expend not <<couwel>> an	coutel
production-1925-vol1-chapters	1173	16.0	hosemen	<<hosemen>>	horsemen|hoseman|housemen
production-1925-vol1-chapters	1173	26.9	hosemen	captain one lieutenant two drivers and five <<hosemen>>	horsemen|hoseman|housemen
production-1925-vol1-chapters	1173	29.5	hosemen	four marine firemen and fourteen <<hosemen>>	horsemen|hoseman|housemen
production-1925-vol1-chapters	1174	39.7	icaving	should said retired officer or member die <<icaving>> a widow such	caving
production-1925-vol1-chapters	1177	30.0	pouee	<<pouee>> board of police commissioners and hold office	poee|pokee|polee|poree|potee|pouce
production-1925-vol1-chapters	1179	21.0	nenale	<<nenale>> concurrent resolution no approving amendments	neale|penale
production-1925-vol1-chapters	1179	43.1	certiticating	certificate <<certiticating>> of county clerk of the county of	certificating
production-1925-vol1-chapters	1180	42.0	waeres	<<waeres>> immediately subsequent to the said publication	haeres|wares|weres|wheres
production-1925-vol1-chapters	1184	18.2	kuuw	attest h <<kuuw>>	kuow|kuu
production-1925-vol1-chapters	1188	26.0	dieven	<<dieven>> of the constitution of the state of	deven|diemen|diepen|diesen|diven|lieven
production-1925-vol1-chapters	1188	45.11	bemsr	san bernardino in the county of sn <<bemsr>>	bemar|bemer|bems|besr
production-1925-vol1-chapters	1193	3.0	dischargeor	<<dischargeor>> section no employee in the classified service	discharger
production-1925-vol1-chapters	1193	50.0	disermine	<<disermine>> section no person in the classified service	determine
production-1925-vol1-chapters	1194	34.0	cilmen	<<cilmen>> he shall have power to discharge any	culmen|ilmen|oilmen
production-1925-vol1-chapters	1195	22.0	subpens	<<subpens>> this charter in all investigations or trials	subgens|subpenas
production-1925-vol1-chapters	1196	45.2	monass	b w <<monass>>	monads|monas|monasa|monase|monases|monash
production-1925-vol1-chapters	1197	26.0	eontrovesy	<<eontrovesy>> question of the appropriation and diversion of	controversy
production-1925-vol1-chapters	1200	17.7	elini	high valuation of surrounding contiguous territory ig <<elini>>	blini|clini|eleni|elin|elina|eline
production-1925-vol1-chapters	1201	7.2	commirter	comsirrees and <<commirter>> mrerines	committer
production-1925-vol1-chapters	1201	7.3	mrerines	comsirrees and commirter <<mrerines>>	marines
production-1925-vol1-chapters	1202	20.6	rerolution	joint resolutions concurrent resolutions and constitu <<rerolution>>	resolution|revolution
production-1925-vol1-chapters	1203	11.0	efxumine	<<efxumine>> immediately sent to the committee on revision	examine
production-1925-vol1-chapters	1207	17.0	tranamtttal	<<tranamtttal>> each house shall transmit to the other	transmittal
production-1925-vol1-chapters	1207	40.0	ponsins	<<ponsins>> measure within the meaning of section one	pontins
production-1925-vol1-chapters	1210	0.0	appol	<<appol>> nied	apol|appal|appel|appl|appo|appolo
production-1925-vol1-chapters	1210	46.0	adiournment	<<adiournment>>	adjournment
production-1925-vol1-chapters	1211	6.1	witil	dispensing <<witil>> joint rules	itil|wiil|witi|witl
production-1925-vol1-chapters	1212	19.1	hecock	maude <<hecock>> city clerk of the said city of	heacock|recock
production-1925-vol1-chapters	1213	7.2	dimmler	joseph h <<dimmler>> harry a chaffee	dimmer|himmler
production-1925-vol1-chapters	1217	0.0	enumeratin	<<enumeratin>> banners flags placards or signs across the	enumerating|enumeration
production-1925-vol1-chapters	1218	0.9	emmeration	for the sale of personal property belonging <<emmeration>>	enumeration
production-1925-vol1-chapters	1221	20.1	srorron	gounetimen <<srorron>> councr meen ineriartze to order crry post	sorrow
production-1925-vol1-chapters	1221	20.2	councr	gounetimen srorron <<councr>> meen ineriartze to order crry post	counc|counce|counci|countr
production-1925-vol1-chapters	1221	41.1	crry	que <<crry>> counci m n each member of the	arry|carry|cary|cery|chry|corry
production-1925-vol1-chapters	1222	15.4	orrices	section vacancies in elective <<orrices>> any mem vacances	orrises
production-1925-vol1-chapters	1223	15.4	ixne	filing and section fu <<ixne>> toe returns the returns of each	ibne|iene|igne|iine|ine|inne
production-1925-vol1-chapters	1223	43.2	merrines	meetings section <<merrines>> the council shall meet in regular	merriness|terrines
production-1925-vol1-chapters	1223	44.1	comeil	of <<comeil>> session on the first tuesday in july	comel
production-1925-vol1-chapters	1227	19.0	omelal	<<omelal>> section orricisn bonds the council shall by	omelas
production-1925-vol1-chapters	1227	37.3	criry	authority of section <<criry>> councm s authority over city	cairy|crary|criey
production-1925-vol1-chapters	1227	37.4	councm	authority of section criry <<councm>> s authority over city	counc|counce|counci
production-1925-vol1-chapters	1228	43.11	riblie	power to provide by ordinance a com <<riblie>>	riblike
production-1925-vol1-chapters	1232	37.10	stwension	of police shall have the power to <<stwension>>	tension
production-1925-vol1-chapters	1235	18.1	balaty	aad <<balaty>> department of building and safety	balat|balata|balay|salary
production-1925-vol1-chapters	1236	37.9	boclal	council may by ordinance provide for the <<boclal>>	bocal
production-1925-vol1-chapters	1238	9.0	queney	<<queney>> and the cost of collection shall constitute	queeny|quiney
production-1925-vol1-chapters	1239	21.0	babert	<<babert>> as the general budget fund is hereby	abert|baber|babers|babery|babet|babett
production-1925-vol1-chapters	1240	23.3	derosir	section spree t <<derosir>> fonp there is hereby saeco	deposit|derosier
production-1925-vol1-chapters	1240	23.4	fonp	section spree t derosir <<fonp>> there is hereby saeco	fnp|foap|fon|fond|fone|fong
production-1925-vol1-chapters	1240	41.0	sccrion	<<sccrion>> gunersu servics fond a fund known as	section
production-1925-vol1-chapters	1240	41.2	servics	sccrion gunersu <<servics>> fond a fund known as a general	servic|service|services|servick|servies|servis
production-1925-vol1-chapters	1241	18.2	pusnic	public section <<pusnic>> service srxxkine fund a fund to	punic|punnic|usnic
production-1925-vol1-chapters	1241	38.0	supis	<<supis>> be known as the public service surplus	lupis|spis|sufis|suis|sulis|supes
production-1925-vol1-chapters	1241	44.2	franciiises	article xxiii <<franciiises>>	franchises
production-1925-vol1-chapters	1242	1.11	onering	deposit or certified check in amount to <<onering>> ant	nering|overing
production-1925-vol1-chapters	1242	16.1	srectan	section <<srectan>> election to grant franchises special	rectal
production-1925-vol1-chapters	1242	39.9	misthe	laws of the state of california providing <<misthe>>	isthe|miste|mistle
production-1925-vol1-chapters	1242	48.9	resestion	official against whom a recall petition has <<resestion>>	resection
production-1925-vol1-chapters	1244	4.9	purebaes	city manager shall act as purchasing agent <<purebaes>>	purebred
production-1925-vol1-chapters	1244	31.11	vecandes	of the city shall die or remove <<vecandes>>	decades
production-1925-vol1-chapters	1247	10.1	szorion	local <<szorion>> when making purchases for all departments	xzorion
production-1925-vol1-chapters	1247	14.0	cootrite	<<cootrite>> the employ of the city shall take	contrite
production-1925-vol1-chapters	1247	18.0	comell	<<comell>> wise provided in this charter are hereby	cobell|comel|comella|comely|compell|corell
production-1925-vol1-chapters	1247	33.0	emecti	<<emecti>> and all purposes connccted therewith this charter	electi
production-1925-vol1-chapters	1247	49.0	exoficio	<<exoficio>> filed the city clerk shall exercise the	exofficio
production-1925-vol1-chapters	1248	1.12	zivisoms	manager and two members of the city <<zivisoms>>	divisors
production-1925-vol1-chapters	1248	24.4	dimmler	charles e wood joseph <<dimmler>> john h stockwell	dimmer|himmler
production-1925-vol1-chapters	1249	11.2	dimmier	joseph h <<dimmier>>	dimmer
production-1925-vol1-chapters	1249	20.1	hecock	maude <<hecock>>	heacock|recock
production-1925-vol1-chapters	1250	17.10	ttmet	the legislature and that it is advisable <<ttmet>>	time|timet
production-1925-vol1-chapters	1252	34.10	appointiv	elective officers of said city shall consist <<appointiv>>	appointive
production-1925-vol1-chapters	1258	12.0	citapter	<<citapter>>	chapter
production-1925-vol1-chapters	1259	21.0	tfild	<<tfild>> therein on the sixteenth day of december	fild
production-1925-vol1-chapters	1259	41.0	maents	<<maents>> duly adopted by said voters and said	aments|maenas|manets|ments
production-1925-vol1-chapters	1262	19.6	ammanent	whereas the said fifteen charter amendments <<ammanent>>	immanent
production-1925-vol1-chapters	1262	20.12	timeaby	the city of santa monica are now <<timeaby>>	timely
production-1925-vol1-chapters	1263	16.0	sdente	<<sdente>> division eleven of section one of article	dente|sente|siente
production-1925-vol1-chapters	1264	14.10	comeuis	public works shall be ex officio street <<comeuis>>	comes
production-1925-vol1-chapters	1264	45.11	incepscity	council shall have the power in its <<incepscity>>	incapacity
production-1925-vol1-chapters	1270	34.12	balbts	the ballots to be printed and bound <<balbts>>	balbus|ballots|balts
production-1925-vol1-chapters	1272	37.11	tmit	initiative or recall shall be of mime <<tmit>>	amit|emit|gmit|mit|omit|rmit
production-1925-vol1-chapters	1272	47.0	ollowinge	<<ollowinge>>	following
production-1925-vol1-chapters	1273	13.0	benefielaries	<<benefielaries>> section two the council shall in the	beneficiaries
production-1925-vol1-chapters	1278	0.3	benelt	tion entertainment or <<benelt>>	benela|benet|benett|bepelt
production-1925-vol1-chapters	1279	26.0	finsne	<<finsne>> x officio vice president of the council	finne|finsen
production-1925-vol1-chapters	1279	39.0	tneapacity	<<tneapacity>> section d the city council shall have	incapacity
production-1925-vol1-chapters	1279	40.0	saisty	<<saisty>> city its discretion upon recommendation of the	sainty
production-1925-vol1-chapters	1281	46.0	gioners	<<gioners>> each to present to the council at	ginners|goners|gooners
production-1925-vol1-chapters	1284	9.8	gemssen	deputies under this section must be qualified <<gemssen>>	gessen
production-1925-vol1-chapters	1284	45.11	ofrand	may not later than twenty five days <<ofrand>>	forand|frand|orand
production-1925-vol1-chapters	1285	9.0	notlee	<<notlee>> of immediately after such petitions are filed	notley
production-1925-vol1-chapters	1289	12.0	citapter	<<citapter>>	chapter
production-1925-vol1-chapters	1292	4.0	towit	<<towit>> the council thereof did by a two	tewit|tobit|toit|torit|towie|towin
production-1925-vol1-chapters	1292	36.3	towit	board of freeholders <<towit>> by the hfteen members thereof	tewit|tobit|toit|torit|towie|towin
production-1925-vol1-chapters	1292	45.9	towit	proposed new charter to be published once <<towit>>	tewit|tobit|toit|torit|towie|towin
production-1925-vol1-chapters	1293	0.0	phiet	<<phiet>> form and until the date fixed for	phaet|phet|phiel|phit|piet|priet
production-1925-vol1-chapters	1293	6.8	towit	by said board of freeholders as aforesaid <<towit>> on the	tewit|tobit|toit|torit|towie|towin
production-1925-vol1-chapters	1293	23.5	towit	words and figures as follows <<towit>>	tewit|tobit|toit|torit|towie|towin
production-1925-vol1-chapters	1294	3.6	heetions	section elections general municipal elections shal <<heetions>>	sections
production-1925-vol1-chapters	1294	49.6	mective	section elective officers the elective officers <<mective>>	ective|sective
production-1925-vol1-chapters	1298	16.11	omeias	of the city shall be a city <<omeias>>	omegas|omelas
production-1925-vol1-chapters	1298	38.5	preseri	ection official bonds except as <<preseri>> official	preseli|preserv
production-1925-vol1-chapters	1300	0.0	wutul	<<wutul>> failure or refusal to properly perform the	mutual|tutul|wtul
production-1925-vol1-chapters	1300	40.0	plosee	<<plosee>> need be filed with the city clerk	losee
production-1925-vol1-chapters	1302	5.11	geeretary	secretary to the city manager is hereby <<geeretary>>	secretary
production-1925-vol1-chapters	1304	33.6	rottes	section police judge and police court <<rottes>> suase	bottes|gottes|hottes|rootes|rotates|rotes
production-1925-vol1-chapters	1304	33.7	suase	section police judge and police court rottes <<suase>>	cuase|quase|sase|sause|scase|sease
production-1925-vol1-chapters	1309	40.0	talamity	<<talamity>> stich as an extraordinary fire flood storm	calamity
production-1925-vol1-chapters	1311	42.0	uxley	<<uxley>> finally adopt not later than its first	axley|exley|huxley|oxley|uley|unley
production-1925-vol1-chapters	1312	31.7	impror	b for the acquisition construction and maintenance <<impror>>	impoor|impor|impro|improv
production-1925-vol1-chapters	1312	38.10	mbraries	maintenance and support of free public libra <<mbraries>>	libraries
production-1925-vol1-chapters	1313	48.0	posajs	<<posajs>> or bids for printing and furnishing all	posas
production-1925-vol1-chapters	1314	16.6	omesl	section official records al books and <<omesl>>	omes
production-1925-vol1-chapters	1314	45.7	tesses	section leases of city property in every <<tesses>>	cesses|esses|fesses|jesses|lesses|messes
production-1925-vol1-chapters	1319	37.2	colsuen	o p <<colsuen>>	column
production-1925-vol1-chapters	1319	39.1	dewrrt	o <<dewrrt>>	dewart|dewert|dewret
production-1925-vol1-chapters	1319	43.1	lirrie	henry <<lirrie>>	larrie|lorrie|pirrie
production-1925-vol1-chapters	1319	46.0	grorce	<<grorce>> macdonald	force|gorce|groce
production-1925-vol1-chapters	1320	10.2	wricxt	b f <<wricxt>>	wricht|writ
production-1925-vol1-chapters	1320	31.9	salorado	legislature of the states of california colo <<salorado>>	colorado
production-1925-vol1-chapters	1320	33.0	tofore	<<tofore>> approved the colorado river compact signed by	before
production-1925-vol1-chapters	1324	3.6	iniebtea	section amended creation of indebtedness to <<iniebtea>>	indebted
production-1925-vol1-chapters	1328	47.1	donsectarian	partisan <<donsectarian>> nonracial organization having for its	nonsectarian
production-1925-vol1-chapters	1332	47.8	siouers	commissioners which shall consist of three members <<siouers>>	souers
production-1925-vol1-chapters	1336	17.12	pematin	it applies of the workmen s compensation <<pematin>>	hematin|pemain|remain
production-1925-vol1-chapters	1337	38.5	betterments	for current expenses salaries extensions <<betterments>>	betterment
production-1925-vol1-chapters	1340	36.10	hepactor	city council one city gas and electrical <<hepactor>>	reactor
production-1925-vol1-chapters	1342	19.8	dficers	the board of harbor commissioners shall organ <<dficers>>	deicers|officers
production-1925-vol1-chapters	1345	47.0	readust	<<readust>> every such grant shall provide for a	readjust
production-1925-vol1-chapters	1345	48.0	rntalor	<<rntalor>> rental or the compensation every ten years	rotator
production-1925-vol1-chapters	1346	41.9	fporteiture	board of ilarbor commissioners shall have power <<fporteiture>>	forfeiture
production-1925-vol1-chapters	1347	3.8	jincar	in excess of the number of feet <<jincar>> measurement	incar|incur|jincan
production-1925-vol1-chapters	1347	19.11	icased	controlled by the city shall ever be <<icased>> to any	cased|incased
production-1925-vol1-chapters	1347	26.0	munteipal	<<munteipal>> b the board shall have power to	municipal
production-1925-vol1-chapters	1348	31.8	inconsieten	e anything contained in this charter inconsistent <<inconsieten>>	inconsistent
production-1925-vol1-chapters	1350	11.0	citapter	<<citapter>>	chapter
production-1925-vol1-chapters	1353	23.0	pollea	<<pollea>> chapter i of article vi of this	bollea|polla|polle|polled|pollen|poller
production-1925-vol1-chapters	1354	32.0	groundmen	<<groundmen>> fire alarm and police telegraph	grounded|groundman|groundsmen
production-1925-vol1-chapters	1356	21.12	omesrs	deem proper shall elect one of its <<omesrs>>	omers
production-1925-vol1-chapters	1357	35.5	seenre	cither upon bidding or to <<seenre>> the performance of the work	seene|seenie
production-1925-vol1-chapters	1362	32.8	tazatio	amended levy and collect taxes to levy <<tazatio>>	tapatio|taxation
production-1925-vol1-chapters	1365	42.0	hadlaw	<<hadlaw>> year one thousand nine hundred twenty pass	hadlow|harlaw
production-1925-vol1-chapters	1368	7.9	propmed	the senate the assembly concurring that the <<propmed>>	promed|propmen|propped
production-1925-vol1-chapters	1368	16.11	iuiicial	be a judicial council it shall consist <<iuiicial>>	judicial
production-1925-vol1-chapters	1370	30.10	bermsr	been taken and had for the san <<bermsr>>	berms
production-1925-vol1-chapters	1372	15.1	eereas	wo <<eereas>> in and by said ordinance said mayor	aereas
production-1925-vol1-chapters	1373	19.0	fdueation	<<fdueation>> fve of whom shall at the time	education
production-1925-vol1-chapters	1374	19.10	mdetectio	resident as provided in section of this <<mdetectio>>	detection
production-1925-vol1-chapters	1377	15.1	wierras	retirement <<wierras>> a bill known as h r eight	sierras|tierras
production-1925-vol1-chapters	1381	32.0	prinieson	<<prinieson>> district court of appeal or judge of	princeton
production-1925-vol1-chapters	1382	0.9	bervee	herein referred to not physically or mentally <<bervee>> after	bervie|tervee
production-1925-vol1-chapters	1383	3.0	coatita	<<coatita>> legislature of the state of california at	capita|coaita
production-1925-vol1-chapters	1396	7.8	timefor	time of payment of taxes the taxes <<timefor>>	timeform
production-1925-vol1-chapters	1399	28.0	eelebrati	<<eelebrati>> sand nine hundred twenty five and	celebrate
production-1925-vol1-chapters	1400	37.10	smeoiment	the fifth day of january one thousand <<smeoiment>>	sediment
production-1925-vol1-chapters	1404	23.11	tuxatio	vested in the legislature by this con <<tuxatio>> v	taxation
production-1925-vol1-chapters	1404	35.9	repug	classification herein made is inconsistent with or <<repug>>	repeg|replug|repu|repub|repugn|repugs
production-1925-vol1-chapters	1405	18.1	trict	hates <<trict>> courts of appeal and the judges of	strict|tract|triact|tric|trica|trice
production-1925-vol1-chapters	1412	8.7	breet	to order the opening extending widening straight <<breet>> at	beet|beret|braet|breat|bredt|bree
production-1925-vol1-chapters	1413	3.0	oranizstion	<<oranizstion>> their number president the person elected president	organization
production-1925-vol1-chapters	1414	47.9	paeroun	all public playgrounds recreation centers and summer <<paeroun>>	patron
production-1925-vol1-chapters	1415	31.0	gardencrs	<<gardencrs>> engineers and other officers and assistants in	gardeners
production-1925-vol1-chapters	1421	2.0	cilapter	<<cilapter>>	chapter
production-1923-vol1-chapters	1	24.8	arisci	and among other matters serious doubt has <<arisci>>	crisci
production-1923-vol1-chapters	2	30.9	eency	as this act concerns and is necessary <<eency>>	eeny|lency|mency|sency|tency
production-1923-vol1-chapters	3	8.1	clpal	mun <<clpal>> section in all cases where the legislative	cepal|clal|cleal|copal
production-1923-vol1-chapters	3	9.0	valnlated	<<valnlated>> municipality in this state has deemed it	validated|vallated
production-1923-vol1-chapters	4	14.0	intmediately	<<intmediately>>	immediately|inmediately
production-1923-vol1-chapters	4	22.5	favh	questioned as to their legality <<favh>> dav that the sale of	avh|faah|fach|fah|fash|fath
production-1923-vol1-chapters	4	25.0	cihlapter	<<cihlapter>>	chapter
production-1923-vol1-chapters	4	43.0	lreeney	<<lreeney>> measure and shall under the provisions of	freeney|greeney
production-1923-vol1-chapters	10	34.12	stbly	treasury of said county in equal monthly <<stbly>>	sably|sibly|stably
production-1923-vol1-chapters	11	13.1	amembly	wt <<amembly>> appropriated to meet the deficiency in the	assembly
production-1923-vol1-chapters	15	10.0	wnended	<<wnended>> entitled an act to provide for the	unended|wended
production-1923-vol1-chapters	15	31.0	bigays	<<bigays>> purchase or otherwise lands for squares parks	bigas|bigass
production-1923-vol1-chapters	16	25.10	bccn	the purpose of revenue and regulation all <<bccn>>	bacn|bcc|bcca|bcci|bccl|bccs
production-1923-vol1-chapters	16	31.8	fmorme	improve the rivers and streams flowing through <<fmorme>>	forme
production-1923-vol1-chapters	16	45.9	puidings	to acquire and maintain cemeteries situated inside <<puidings>>	buildings|puddings
production-1923-vol1-chapters	17	8.7	exered	or both but no such fine shall <<exered>> three hundred dollars	evered|exerted
production-1923-vol1-chapters	18	35.8	silidity	jf any section subsection sentence clause or <<silidity>>	sipidity|solidity
production-1923-vol1-chapters	19	0.0	cliapter	<<cliapter>>	chapter
production-1923-vol1-chapters	19	29.0	salldated	<<salldated>> bernardino or as the boundaries thereof may	validated
production-1923-vol1-chapters	21	29.0	depontaries	<<depontaries>> hank or banks outside this state necessary	depositaries
production-1923-vol1-chapters	22	5.9	seeity	the security of inactive deposits there shall <<seeity>> o	seeit|seity|seventy
production-1923-vol1-chapters	22	12.9	recuntty	of active deposits there shall be deposited <<recuntty>> ol	recently
production-1923-vol1-chapters	22	13.10	cevosts	treasury notes or bonds of the united <<cevosts>>	costs
production-1923-vol1-chapters	22	31.9	avprval	approver by the governor controller and treasurer <<avprval>>	approval
production-1923-vol1-chapters	22	40.0	snelt	<<snelt>> companies and unless said company shall also	knelt|selt|smelt|snel|snell|snet
production-1923-vol1-chapters	22	45.12	addtionl	or at any ime the security deposited <<addtionl>>	addtion|addtional
production-1923-vol1-chapters	22	48.0	lional	<<lional>> seeurily us may be satisfactory to them	lienal|liona|lionel|tional
production-1923-vol1-chapters	23	14.0	depoitaries	<<depoitaries>> depositaries a written contract in triplicate setting	depositaries
production-1923-vol1-chapters	23	24.0	riepositary	<<riepositary>> bank with a statement showing the amount	repositary
production-1923-vol1-chapters	23	38.0	iuine	<<iuine>> dy moneys deposited in a bank or	duine|guine|iine|imine|quine|ruine
production-1923-vol1-chapters	24	14.10	vevalty	or employee of this state who deposits <<vevalty>>	penalty
production-1923-vol1-chapters	24	19.13	repenied	this state and o repeal all acts <<repenied>>	repented
production-1923-vol1-chapters	25	5.0	tarics	<<tarics>> and they shall handle collect and pay	taric|tarifs|taris
production-1923-vol1-chapters	25	6.9	mmnici	exchange without cost to such county or <<mmnici>>	monica
production-1923-vol1-chapters	25	22.0	deterninu	<<deterninu>> bank shall be on the average daily	determine
production-1923-vol1-chapters	26	8.9	seeurty	shall he deposited with such treasurer treasury <<seeurty>> w	security
production-1923-vol1-chapters	26	17.9	seamty	which the municipality owning the money is <<seamty>> u	seamy
production-1923-vol1-chapters	26	44.5	unicss	accepted from any surety company <<unicss>> said company shall	unics
production-1923-vol1-chapters	27	22.0	teemanation	<<teemanation>> bond within said period of fifteen days	termination
production-1923-vol1-chapters	27	25.1	aatad	mi <<aatad>> sec such treasurer shall take from such	aaad|aata|batad
production-1923-vol1-chapters	28	18.9	frchel	county or municipality must be immediately deposited <<frchel>>	orchel
production-1923-vol1-chapters	28	24.9	mounici	officer or employee of any county or <<mounici>> fenaly	monica
production-1923-vol1-chapters	28	24.10	fenaly	or employee of any county or mounici <<fenaly>>	fealy|finaly
production-1923-vol1-chapters	28	45.10	commmity	of either husband or wife one half <<commmity>>	commuity|community
production-1923-vol1-chapters	29	12.0	weathot	<<weathot>> shall retain the same power to sell	weather
production-1923-vol1-chapters	29	34.0	rounddas	<<rounddas>> ses see the boundaries of any drainage	rounds
production-1923-vol1-chapters	30	3.11	tonat	same mode of drainage as the land <<tonat>> jana	conat|donat|monat|onat|sonat|toat
production-1923-vol1-chapters	30	51.0	shorthind	<<shorthind>> ond a record made thereof and filed	shorthand
production-1923-vol1-chapters	31	41.0	stalleon	<<stalleon>> jand described in said petition or any	stallion
production-1923-vol1-chapters	33	5.0	witiw	<<witiw>> which the said petition may be adjourned	witi
production-1923-vol1-chapters	33	19.3	filive	district and the <<filive>> of such petition with said board as	filipe|filite|ilive
production-1923-vol1-chapters	34	1.0	triet	<<triet>> al the time of the filing of	griet|priet|riet|thiet|tiet|tiret
production-1923-vol1-chapters	35	20.1	schcolhouses	state <<schcolhouses>> have been destroyed by explosion and	schoolhouses
production-1923-vol1-chapters	35	25.0	resniting	<<resniting>> in the issuance of bonds of sich	resiting|reuniting
production-1923-vol1-chapters	35	35.0	cliapter	<<cliapter>>	chapter
production-1923-vol1-chapters	36	26.0	cilapter	<<cilapter>>	chapter
production-1923-vol1-chapters	40	43.12	meadings	by the name of that candidate for <<meadings>>	headings|leadings|meanings|meddings|readings
production-1923-vol1-chapters	43	24.0	kevearch	<<kevearch>> sec such board of supervisors may conduct	research
production-1923-vol1-chapters	46	0.0	chavter	<<chavter>>	chanter|chapter|charter|chaster|chater|chatter
production-1923-vol1-chapters	47	24.0	tricl	<<tricl>> defining the powers duties and compensation of	trial|tric|trica|trice|trich|trick
production-1923-vol1-chapters	48	26.9	consfruc	lo the lands within said district by <<consfruc>>	construc|construct
production-1923-vol1-chapters	48	37.0	ercute	<<ercute>> a levee district to be called and	eacute
production-1923-vol1-chapters	48	42.0	inaintain	<<inaintain>> dhe same providing for the election and	maintain
production-1923-vol1-chapters	50	3.10	tawsutts	said trustees said district shall be deemed <<tawsutts>>	lawsuits
production-1923-vol1-chapters	50	11.6	reelaination	such district he adjudged a legal <<reelaination>> district the	reexamination
production-1923-vol1-chapters	51	0.0	meakiny	<<meakiny>> upppcation jor a permit to appropriate water	meakin|meakins
production-1923-vol1-chapters	51	44.0	hoarrs	<<hoarrs>> person firm association or corporation shall pay	harrs|hoards|hoars
production-1923-vol1-chapters	51	45.0	wnuec	<<wnuec>> of a permit the additional fee if	wnec
production-1923-vol1-chapters	53	5.5	stxly	siz sixty onc sixty lwo <<stxly>> five seventy eighty one	sexly
production-1923-vol1-chapters	53	13.1	sgorion	sas <<sgorion>> section nineteen of an act entitled an	gordon
production-1923-vol1-chapters	53	14.0	umende	<<umende>> fine and regulate th business of banking	amende|mende
production-1923-vol1-chapters	53	42.10	liabill	and surplus or reserve fund to deposit <<liabill>>	liable
production-1923-vol1-chapters	54	21.0	rediscounting	<<rediscounting>> with ov without guarantee or endorsement with	discounting
production-1923-vol1-chapters	54	23.6	winited	loans secured by obligations of the <<winited>> states is hereby	winsted
production-1923-vol1-chapters	54	32.5	reerive	state of california and may <<reerive>> such moneys or funds on	redrive
production-1923-vol1-chapters	55	23.1	restrie	xu <<restrie>> see a nothing in this act contained	estrie|restric|restrike|restrip|restrive
production-1923-vol1-chapters	55	32.5	repenled	repelled as amended is acrehy <<repenled>>	repealed|repelled|repented
production-1923-vol1-chapters	55	35.0	hnestment	<<hnestment>> sce no bank shall except as otherwise	investment
production-1923-vol1-chapters	55	36.0	sickof	<<sickof>> act purchase or invest its capital or	sick|sicko|sickos
production-1923-vol1-chapters	56	11.10	reir	may purchase or otherwise acquire and hold <<reir>>	beir|deir|eir|feir|freir|geir
production-1923-vol1-chapters	56	35.0	asscta	<<asscta>> in any onc bond issue except bonds	assata
production-1923-vol1-chapters	56	46.8	natoml	a any national banking association whose princi <<natoml>>	anatomy|natoma
production-1923-vol1-chapters	57	6.0	purhive	<<purhive>> of the lot and building in which	survive
production-1923-vol1-chapters	57	22.0	inoney	<<inoney>> so loaned aid such as may be	inone
production-1923-vol1-chapters	58	1.6	incated	the state in which it is <<incated>> has not defaulted in payment	incased|incited
production-1923-vol1-chapters	58	5.10	pmnet	district organized under the laws of the <<pmnet>>	mnet|panet|penet|pinet|pnet
production-1923-vol1-chapters	58	42.4	wilifies	defined in the public <<wilifies>> act incorporated under the	vilifies|wildfires
production-1923-vol1-chapters	61	7.3	velne	exceed the market <<velne>> of that portion of the security repre	velde|vele|velen|velie|velle|velte
production-1923-vol1-chapters	63	19.0	umened	<<umened>> as amended is hereby amended o read	omened|umeed
production-1923-vol1-chapters	63	36.0	lonsto	<<lonsto>> obtained in writing all directors may vote	lonato|lost
production-1923-vol1-chapters	65	38.0	earity	<<earity>> capital stock and surplus is not more	arity|darity|garity|parity|rarity|varity
production-1923-vol1-chapters	66	22.12	gryier	section shall not apply to bills yt <<gryier>>	grier
production-1923-vol1-chapters	66	30.6	scenring	goods provided shipping documents conveying or <<scenring>>	scending|scenting
production-1923-vol1-chapters	66	51.10	foreun	may accept drafts or bills of exchange <<foreun>>	fordun|foren|forerun|fortun
production-1923-vol1-chapters	67	3.4	usiyes	as required by the <<usiyes>> of trade in the respective countries	usines
production-1923-vol1-chapters	67	10.0	veving	<<veving>> or security title or by some other	beving|leving|reving|veling|vening|vering
production-1923-vol1-chapters	67	50.9	xeeed	shall pay annually a suin not to <<xeeed>> one one hundredth	neeed|seeed|xseed
production-1923-vol1-chapters	68	9.0	ieeted	<<ieeted>> or received by the superintendent of banks	yeeted
production-1923-vol1-chapters	68	11.12	neposted	the state who shall deposit the same <<neposted>>	reposted
production-1923-vol1-chapters	69	9.0	mailurew	<<mailurew>> f the directors of such bank shall	failure
production-1923-vol1-chapters	69	15.0	spovlal	<<spovlal>> ex whenever ihe board of directors of	spousal
production-1923-vol1-chapters	70	38.10	snsme	received by or deposited with the state <<snsme>>	ssme
production-1923-vol1-chapters	70	39.8	eaate	pursuant io section one thousand seven hundred <<eaate>>	aate|easte|eate|efate|egate|elate
production-1923-vol1-chapters	71	16.0	ciiapter	<<ciiapter>>	chapter
production-1923-vol1-chapters	72	40.10	reatee	of california by the board of supervisors <<reatee>>	beatee|reate|rentee|treatee
production-1923-vol1-chapters	73	42.0	kajid	<<kajid>> center line of lateral no through said	kaid|kaji|majid|sajid|wajid
production-1923-vol1-chapters	74	2.10	inputic	from gridley to east gridley station on <<inputic>>	input
production-1923-vol1-chapters	75	0.0	reclanatin	<<reclanatin>> da e and meridian thence westerly along	reclamation
production-1923-vol1-chapters	77	45.12	disere	the same manner in his or their <<disere>>	desere|diseme|isere|lisere|misere
production-1923-vol1-chapters	78	25.10	auncyor	copy plat or trace all maps filed <<auncyor>>	anchor
production-1923-vol1-chapters	81	21.0	repmle	<<repmle>> charged on any of the premises by	repale|repile
production-1923-vol1-chapters	81	36.3	actuely	docks and piers <<actuely>> constructed	actualy|actuel|actully|acutely
production-1923-vol1-chapters	81	44.11	icased	lessee have the right to sublet the <<icased>>	cased|incased
production-1923-vol1-chapters	85	0.0	lymg	<<lymg>> between the line of mean high tide	lmg|lomg|lyg|lym|lyme|lymm
production-1923-vol1-chapters	85	35.0	nodis	<<nodis>> c that in the management conduct or	codis|godis|jodis|lodis|modis|nadis
production-1923-vol1-chapters	86	14.0	sretion	<<sretion>> section two of an act entitled an	cretion
production-1923-vol1-chapters	88	27.10	prser	as used in this act includes every <<prser>>	orser|parser|poser|prier|proser|pryer
production-1923-vol1-chapters	89	23.0	orbroker	<<orbroker>> poker until sieh person or company shall	broker
production-1923-vol1-chapters	90	8.0	tifivate	<<tifivate>> executed hy the proper officer of such	titivate
production-1923-vol1-chapters	91	6.0	peenas	<<peenas>> requiring the attendance upon such examination andit	peens|penal|penas|pernas
production-1923-vol1-chapters	92	12.0	eslale	<<eslale>> commissioner and making an appropriation there	escale
production-1923-vol1-chapters	93	7.0	ubuker	<<ubuker>> another to buy or sell or exchange	buyer
production-1923-vol1-chapters	94	6.9	appnecations	for license as real estate broker shall <<appnecations>>	applications
production-1923-vol1-chapters	94	30.11	slesmor	real estate commissioner signed by the tor <<slesmor>>	lessor|slessor
production-1923-vol1-chapters	97	39.0	fumma	<<fumma>> prepare a questionnaire and to employ such	fuma|gumma|humma|jumma|mumma|summa
production-1923-vol1-chapters	97	49.0	thsart	<<thsart>> of any false written statement or representation	theart|thwart
production-1923-vol1-chapters	97	51.8	alvertisemont	every person who with knowledge that uny <<alvertisemont>>	advertisement
production-1923-vol1-chapters	102	2.4	untice	the county surveyor cause <<untice>> to be published in some	antice|entice|unice|unnice|untick|untie
production-1923-vol1-chapters	102	25.4	eluss	municipal corporations of the <<eluss>> which such proposed	elss|eluls|fluss|luss|pluss
production-1923-vol1-chapters	102	32.11	eleetlon	of the state excepting as to nomina <<eleetlon>>	election
production-1923-vol1-chapters	103	30.5	wmless	to vote at such election <<wmless>> he shall be a qualified elector	wemless
production-1923-vol1-chapters	104	4.7	sircet	ing for the issuance and payment of <<sircet>> improvement bonds	siret
production-1923-vol1-chapters	104	22.7	enrbs	walks steps parks and parkways culverts bridges <<enrbs>>	erbs
production-1923-vol1-chapters	104	45.1	conduifs	funnels <<conduifs>> pines hydrants meters or other appur	conduits
production-1923-vol1-chapters	104	45.7	appur	funnels conduifs pines hydrants meters or other <<appur>>	appar|apper|appr|appu|appui
production-1923-vol1-chapters	106	47.8	poscription	tn all resolutions notices orders and determinations <<poscription>>	proscription
production-1923-vol1-chapters	108	7.8	conattions	the superintendent of streets is hereby authorized <<conattions>>	conditions
production-1923-vol1-chapters	110	13.0	ollows	<<ollows>>	allows|follows|hollows|ollow
production-1923-vol1-chapters	110	16.0	foreeable	<<foreeable>> fur any cause or if bonds shall	forceable|forgeable|forseeable
production-1923-vol1-chapters	110	17.9	telered	to represent any asscssments and such issuance <<telered>>	telexed
production-1923-vol1-chapters	111	1.0	deerev	<<deerev>> such assessments or bonds to be void	deere
production-1923-vol1-chapters	112	23.2	reasye	payments sach <<reasye>> sinents shall be collectible and payable	rease|reasy
production-1923-vol1-chapters	112	23.3	sinents	payments sach reasye <<sinents>> shall be collectible and payable	intents|silents
production-1923-vol1-chapters	114	6.1	fecliny	assessment <<fecliny>> aggrieved by any act or determination of	felony
production-1923-vol1-chapters	115	15.0	wseaments	<<wseaments>> constitute full anthori y to the contractor	segments
production-1923-vol1-chapters	115	40.0	meneed	<<meneed>> without the consent of the plaintiff in	mended|meneer
production-1923-vol1-chapters	116	48.3	jnri	court within whose <<jnri>> diction the city is in which said	anri|cnri|enri|inri|jari|jeri
production-1923-vol1-chapters	116	48.12	sentec	the city is in which said work <<sentec>>	sente|sented|sentee|senter|suntec
production-1923-vol1-chapters	117	2.0	fonsolida	<<fonsolida>> tent to bring a single action under	consolida
production-1923-vol1-chapters	121	3.0	exvape	<<exvape>> having charge thereof or o spread to	excape
production-1923-vol1-chapters	121	31.0	gulshers	<<gulshers>> on	gushers
production-1923-vol1-chapters	121	49.0	engmes	<<engmes>> c it shall be unlawful during the	engles|names
production-1923-vol1-chapters	122	35.11	romly	vote determine by resolution that the pro <<romly>> wi	comly|roily|rolly|roly|romay|romey
production-1923-vol1-chapters	123	41.9	ercating	slate of california and in that behalf <<ercating>>	relating
production-1923-vol1-chapters	124	18.9	dectar	of the style and subject to appropriation <<dectar>>	declar|decter|detar|nectar
production-1923-vol1-chapters	124	48.0	cominission	<<cominission>> avd its members providing for the filling	commission
production-1923-vol1-chapters	126	3.9	ruvie	stream canyon ravine or other natural channel <<ruvie>>	juvie|revie|rubie|rudie|ruie|rupie
production-1923-vol1-chapters	126	21.0	prialion	<<prialion>> in accordance with the provisions of this	prillion
production-1923-vol1-chapters	126	33.11	sufii	no right was reserved to the lessor <<sufii>>	suffi|sufi|sufic|sufis
production-1923-vol1-chapters	126	49.8	disere	and appropriations and rights shall in the <<disere>>	desere|diseme|isere|lisere|misere
production-1923-vol1-chapters	127	12.0	coustables	<<coustables>> d constables and marshals except as in	constables
production-1923-vol1-chapters	127	13.0	vimly	<<vimly>> fee otherwise provided	dimly|mimly|villy|vimla|vimy
production-1923-vol1-chapters	127	20.0	ollar	<<ollar>>	collar|dollar|ellar|gollar|hollar|kollar
production-1923-vol1-chapters	128	35.8	palted	stations lighthouses range and beacon lights coast <<palted>>	halted|malted|palated|paled|palled|palmed
production-1923-vol1-chapters	129	19.0	ferics	<<ferics>> ete bridges toll roads byroads plank aud	erics|ferias|sferics
production-1923-vol1-chapters	129	37.3	maticr	tailings or refuse <<maticr>> from mines also an occupancy in	matic|matica|matice|matico|matics|matier
production-1923-vol1-chapters	131	29.0	sheprard	<<sheprard>> erosion the people of the state of	shepard|shephard|sheppard|sherard|sherrard
production-1923-vol1-chapters	131	30.1	herchy	aatemty <<herchy>> through their legislative authority accept the provisions	henchy|hereby|hershy|hetchy
production-1923-vol1-chapters	132	13.12	sulders	of the board of supervisors of each <<sulders>>	mulders|smulders|solders|sunders
production-1923-vol1-chapters	132	40.10	cmesin	in any place of burial of human <<cmesin>>	chesin|mesin
production-1923-vol1-chapters	132	43.10	bencvolemt	marines of the united states of america <<bencvolemt>>	benevolent
production-1923-vol1-chapters	133	14.11	irti	recognized and declared to be a valid <<irti>>	arti|iati|iiti|inti|iri|irit
production-1923-vol1-chapters	133	26.0	omeers	<<omeers>> tion of the following officers prescribe the	ameers|meers|omers
production-1923-vol1-chapters	134	0.12	oomty	property or both situate in this fr <<oomty>>	forty|ooty|tomty
production-1923-vol1-chapters	136	0.1	appomt	lo <<appomt>> the principal and other officers and employees	apport
production-1923-vol1-chapters	137	37.0	reresled	<<reresled>> dred thirty nine two thousand two hundred	repealed
production-1923-vol1-chapters	138	9.10	artenge	insane the husband or wife not insane <<artenge>> of	arrange
production-1923-vol1-chapters	140	32.0	ofiice	<<ofiice>>	office|ofice
production-1923-vol1-chapters	141	13.0	endun	<<endun>> petition and to deliver to the superintendent	edun|enden|endin|endon|endue|endup
production-1923-vol1-chapters	142	19.9	fillng	articles of incorporation if the capital stock <<fillng>>	filing|filling
production-1923-vol1-chapters	144	37.8	recomers	for recording every instrument paper or notice <<recomers>>	recovers
production-1923-vol1-chapters	144	46.1	econis	ten <<econis>>	conis|econs
production-1923-vol1-chapters	146	13.9	mneipal	the state of california the right construct <<mneipal>>	menial
production-1923-vol1-chapters	147	19.0	doncd	<<doncd>> child or child of a father who	donc|donck|dond
production-1923-vol1-chapters	149	1.0	menttily	<<menttily>> to said auction and all leases shall	mentally
production-1923-vol1-chapters	149	7.8	ueres	one lease in quantity to exceed forty <<ueres>> nor shall the	beres|ceres|deres|eres|eures|feres
production-1923-vol1-chapters	150	13.5	beenme	over tu the county and <<beenme>> the property of the county	beene|beenie
production-1923-vol1-chapters	150	33.3	unpum	thousand dollars per <<unpum>> two deputy sheriffs to act as	ungum|unput|unum
production-1923-vol1-chapters	152	4.7	anouin	the tax collector three thousand dollars per <<anouin>> in tx	anduin
production-1923-vol1-chapters	153	16.0	roirat	<<roirat>> the public administrator such fees as are	oirat
production-1923-vol1-chapters	153	18.0	snperintend	<<snperintend>> ji the superintendent of schools two thousand	superintend
production-1923-vol1-chapters	154	39.11	udeul	population of the several judicial town of <<udeul>>	deul|udell
production-1923-vol1-chapters	155	21.4	shcrien	shall he deemed to <<shcrien>> or extend the term of office or	shrien
production-1923-vol1-chapters	155	30.1	srotion	hhertrets <<srotion>> pine hee les and other insect pests	section
production-1923-vol1-chapters	156	27.10	jjstement	completion of said work so directed and <<jjstement>>	justment
production-1923-vol1-chapters	156	28.10	eenma	forester shall make and file with the <<eenma>>	eena|enema|enma|genma|kenma|menma
production-1923-vol1-chapters	156	49.9	yeomption	owner and all owners who upon receiving <<yeomption>>	emption
production-1923-vol1-chapters	159	29.3	camotta	and others joseph <<camotta>> rosina regusci j i ursin and	cotta|lamotta
production-1923-vol1-chapters	161	11.6	tlic	not less than twenty days before <<tlic>> date of hearing	alic|blic|clic|elic|flic|ilic
production-1923-vol1-chapters	163	40.0	htats	<<htats>> sxorion section nineteen ten of an act	etats|hats|heats|hoats|htat|stats
production-1923-vol1-chapters	164	13.9	mohstion	month and also two assistant probation officers <<mohstion>>	motion
production-1923-vol1-chapters	164	26.0	sgorion	<<sgorion>> section thirty three of the workmen s	gordon
production-1923-vol1-chapters	165	38.0	sateruard	<<sateruard>> given a broad interpretation so as to	safeguard
production-1923-vol1-chapters	166	0.7	oresmed	every transfer of personal property other than <<oresmed>>	oresme|presumed|resmed
production-1923-vol1-chapters	167	48.0	depositars	<<depositars>> sec every warehouseman conducting a warehouse	depositary|depositors
production-1923-vol1-chapters	167	49.0	preguets	<<preguets>> licensed under this act shall keep the	preguess
production-1923-vol1-chapters	169	11.0	repurute	<<repurute>> received by any such corporation in this	repute
production-1923-vol1-chapters	170	35.8	pataned	regulate the business of banking approved march <<pataned>>	patined
production-1923-vol1-chapters	173	20.0	tendentor	<<tendentor>> state shall whenever required by the superintendent	tendent
production-1923-vol1-chapters	174	21.8	paport	foreign corporation transacting the business of bank <<paport>> of	aport|apport|papert
production-1923-vol1-chapters	175	18.0	mentand	<<mentand>> county aid or state and county aid	menand|mental|montand
production-1923-vol1-chapters	175	19.0	etuneh	<<etuneh>> chapter two of title five of part	tune
production-1923-vol1-chapters	179	6.2	conelus	binding and <<conelus>> ye upon all parties interested in the	conesus
production-1923-vol1-chapters	179	20.0	trunsferof	<<trunsferof>> inbefore specilicd the insurance commissioner shall after	transferor
production-1923-vol1-chapters	179	20.1	inbefore	trunsferof <<inbefore>> specilicd the insurance commissioner shall after	before|pinbefore
production-1923-vol1-chapters	179	22.0	reere	<<reere>> fund transfer to it all such securities	beere|deere|eere|feere|heere|meere
production-1923-vol1-chapters	180	52.0	nrivileves	<<nrivileves>> ag may inure to them under said	privileges
production-1923-vol1-chapters	181	40.0	vommision	<<vommision>> cra and their successors in office ave	commision|commission
production-1923-vol1-chapters	181	42.0	ksamination	<<ksamination>> uty of said commissioners to examine all	examination
production-1923-vol1-chapters	182	50.7	seenre	to fulfill the following requirements tt shall <<seenre>>	seene|seenie
production-1923-vol1-chapters	185	20.5	redneed	of such sample ballots of <<redneed>> size one of which sample	redeed|redweed
production-1923-vol1-chapters	185	24.0	inbels	<<inbels>> sec two sets of ballot labels shall	incels|indels|ingels|intels
production-1923-vol1-chapters	186	2.10	rxaminatin	machine for any general election written notice <<rxaminatin>>	examination
production-1923-vol1-chapters	186	41.11	omrias	elections shall instruct each board of clec <<omrias>>	omits|orias
production-1923-vol1-chapters	187	45.0	reliminartes	<<reliminartes>> sec the board of election of cach	eliminates
production-1923-vol1-chapters	188	12.1	stulement	written <<stulement>> of the designating letter and number of	seulement
production-1923-vol1-chapters	189	48.0	verineation	<<verineation>> the same designating murder and letter after	delineation
production-1923-vol1-chapters	190	45.10	rerusa	shall appear that there is a dis <<rerusa>> s	retusa
production-1923-vol1-chapters	192	6.5	inbels	not appear on the ballot <<inbels>> the word vote indicator	incels|indels|ingels|intels
production-1923-vol1-chapters	192	33.0	chayter	<<chayter>>	chanter|chapter|charter|chaster|chater|chatter
production-1923-vol1-chapters	195	1.4	vaeale	diserction by formal resolution <<vaeale>> or abandon as state	veale
production-1923-vol1-chapters	197	3.0	tamesti	<<tamesti>> ing of said board of supervisors who	tamest
production-1923-vol1-chapters	197	51.0	materse	<<materse>> portion thereof the board of supervisors may	materie|maters
production-1923-vol1-chapters	199	47.0	valulity	<<valulity>> at any time after the execution of	validity
production-1923-vol1-chapters	201	16.0	urcr	<<urcr>> shall act as president pro tempore	krcr|rcr|ucr|urc|urca|urch
production-1923-vol1-chapters	205	9.0	notlee	<<notlee>> the board of directors shall immediately upon	notley
production-1923-vol1-chapters	206	30.9	costructio	assessment of benefits in establishing the constrnetion <<costructio>>	constructio|construction
production-1923-vol1-chapters	213	10.1	neross	improvement <<neross>> over or under any public highway canal	neros
production-1923-vol1-chapters	213	22.7	eressing	richt of way desire to construct such <<eressing>> within the time	dressing|pressing
production-1923-vol1-chapters	213	29.10	eorpora	envy to be returned and the officers <<eorpora>>	corpora|porpora
production-1923-vol1-chapters	213	50.1	svieh	only <<svieh>> crossings or portions thereof as would not	shieh|sieh
production-1923-vol1-chapters	214	6.11	furety	required to be given by this act <<furety>>	furet|furey|surety
production-1923-vol1-chapters	215	41.0	tetarn	<<tetarn>> forth in the plan for drainage hereinbefore	tetard
production-1923-vol1-chapters	216	11.8	comalid	any two or more adjacent districts whether <<comalid>>	complied
production-1923-vol1-chapters	216	30.12	yewins	of supervisors shall give notice to al <<yewins>>	ewins|hewins|lewins
production-1923-vol1-chapters	219	17.0	naltty	<<naltty>> of sec at any time after such	nalty|natty
production-1923-vol1-chapters	219	18.0	bomdares	<<bomdares>> board of directors or any interested party	compares
production-1923-vol1-chapters	219	22.0	bonndarics	<<bonndarics>>	boundaries
production-1923-vol1-chapters	219	24.0	trainaye	<<trainaye>> plan for drainage of lands included in	trainage
production-1923-vol1-chapters	220	22.10	rintings	and may determine the amount of any <<rintings>>	printings|rantings|ringings
production-1923-vol1-chapters	220	43.5	deerce	sec the court im its <<deerce>> shall have power to make cout	deere
production-1923-vol1-chapters	220	51.8	forecin	the amounts of any assessment or assessments <<forecin>>	forefin|foregin|foreign|foresin
production-1923-vol1-chapters	221	48.0	otroliey	<<otroliey>> foster and encourage the intelligent and orderly	trolley
production-1923-vol1-chapters	222	36.10	enwn	or in the financing of the above <<enwn>>	enan|enen|enin|enn|enon|enw
production-1923-vol1-chapters	223	3.0	meuciations	<<meuciations>> oot shall have the following powers	medications
production-1923-vol1-chapters	223	24.0	sauent	<<sauent>> or members in any of the above	suent
production-1923-vol1-chapters	223	34.0	resone	<<resone>> c to establish reserves and to invest	rebone|redone|repone|resene|resole|reson
production-1923-vol1-chapters	223	41.0	asesments	<<asesments>> to levy assessments in the manner and	assesments
production-1923-vol1-chapters	224	0.2	pifstil	ch forty <<pifstil>> session pe	pistil|pistol
production-1923-vol1-chapters	224	11.3	jcased	raised on the <<jcased>> premises	cased
production-1923-vol1-chapters	225	33.0	quoruin	<<quoruin>>	quorum
production-1923-vol1-chapters	226	33.8	direrlors	directors election the affairs of the association <<direrlors>>	directors
production-1923-vol1-chapters	227	13.9	vecurs	a vacancy on the board of directors <<vecurs>> other	recurs
production-1923-vol1-chapters	227	43.0	lanitt	<<lanitt>> an association in its by laws may	lanett|sanity
production-1923-vol1-chapters	227	51.0	retricied	<<retricied>> tock of the associations to persons not	restricted|retricked
production-1923-vol1-chapters	229	28.0	atorred	<<atorred>> qqg purchasing business of other associations per	stored
production-1923-vol1-chapters	229	52.0	itmaybe	<<itmaybe>> no person firm corporation or association hereafter	maybe
production-1923-vol1-chapters	230	51.12	rlro	breach of contract on the part of <<rlro>> pectix	alro|lro|raro|rero|rlo|rlr
production-1923-vol1-chapters	230	51.13	pectix	of contract on the part of rlro <<pectix>>	pectic|pectin
production-1923-vol1-chapters	231	22.0	wonallty	<<wonallty>> tion sentence clause or phrase of this	tonality
production-1923-vol1-chapters	231	40.0	altoneys	<<altoneys>> this state who has bova fide declared	attorneys
production-1923-vol1-chapters	234	15.5	impleaded	to such notices to be <<impleaded>> in said action to the end that	impleader
production-1923-vol1-chapters	235	26.7	yveat	indorse upon all process and notices the <<yveat>> month	yeat
production-1923-vol1-chapters	236	22.8	hepested	section one thousand eight hundred thirty five <<hepested>>	repeated
production-1923-vol1-chapters	236	35.12	renaty	arson or any of them shall be <<renaty>>	renat|renata|renate|renato|renay
production-1923-vol1-chapters	237	17.0	acertin	<<acertin>> ment for bids which advertisement shall be	acerin|acetin|avertin
production-1923-vol1-chapters	238	17.10	howreal	standing upon the records of the county <<howreal>>	howell
production-1923-vol1-chapters	238	19.13	sullbe	copy of the writ together with a <<sullbe>>	sulle
production-1923-vol1-chapters	241	2.0	bercd	<<bercd>> two thousand one hundred ninety two ua	berch|berck|bercy|berd|bernd
production-1923-vol1-chapters	241	11.0	pholuble	<<pholuble>> for feeble minded and securing his admission	soluble
production-1923-vol1-chapters	241	34.0	cilapter	<<cilapter>>	chapter
production-1923-vol1-chapters	244	5.9	reeretary	of secretary of state deputy and employees <<reeretary>>	secretary
production-1923-vol1-chapters	244	15.9	ntioller	state controller deputy and employees one hun <<ntioller>>	troller
production-1923-vol1-chapters	244	45.9	tenatu	of employees of state board of osteopathic <<tenatu>>	senate
production-1923-vol1-chapters	245	3.0	jners	<<jners>> nine thousand eight hundred dollars	jeers|jers|ners
production-1923-vol1-chapters	245	20.0	laborcom	<<laborcom>> for salaries of labor commissioner and employees	labordom
production-1923-vol1-chapters	246	4.10	mlct	employees of state board of pilot commission <<mlct>> com	lct|mact|mbct|mct|mdct|mict
production-1923-vol1-chapters	246	44.8	metectie	support detective license department board of prison <<metectie>>	detective
production-1923-vol1-chapters	250	16.10	crimmal	officers and employees of the state bureaty <<crimmal>>	criminal
production-1923-vol1-chapters	250	18.5	iuwan	sand one hundred sixty dollars <<iuwan>>	buwan|human|iowan|irwan|iwan|juwan
production-1923-vol1-chapters	250	34.10	redwoni	officers and employees of the redwood park <<redwoni>>	redwood
production-1923-vol1-chapters	251	23.0	muheay	<<muheay>> for salaries of the california highway commissioners	murray
production-1923-vol1-chapters	252	16.3	mincralogist	for salaries stat <<mincralogist>> deputies and employees two sng	mineralogist
production-1923-vol1-chapters	252	35.9	auutant	of adjutant general and employees thirty two <<auutant>>	adjutant|autant
production-1923-vol1-chapters	254	8.11	inega	officers and employers san diego state san <<inega>>	inegi|inga|invega|nega|onega
production-1923-vol1-chapters	255	5.0	penools	<<penools>> school for deaf and the california school	pools
production-1923-vol1-chapters	257	13.0	tumea	<<tumea>> vouchers which shall be presented for supplies	lumea|tamea|timea|tuma|tumba|tume
production-1923-vol1-chapters	257	41.0	namaland	<<namaland>> the several teachers colleges and special schools	nagaland
production-1923-vol1-chapters	259	33.8	zvven	dollars and reduce the amount to twenty <<zvven>> thousand dollars	zaven|zeven
production-1923-vol1-chapters	260	11.3	inrger	five thousand dollars <<inrger>> than necessary	inger
production-1923-vol1-chapters	260	58.12	reeoin	oth i again called attention to my <<reeoin>>	recoin|reelin|rejoin
production-1923-vol1-chapters	261	0.0	disam	<<disam>> ed nop provided for by existing statute	aisam|dasam|desam|diam|disa|disap
production-1923-vol1-chapters	261	45.4	seyeu	chapter five hundred thirty <<seyeu>> statutes of one thousand nine hundred	seeu|seye|seyed|seyer
production-1923-vol1-chapters	261	50.0	menlel	<<menlel>> rending as follows or highway bond interest	mendel|mengel|mental|mentel|menzel
production-1923-vol1-chapters	262	5.1	tifly	dre <<tifly>> pix statutes of one thousand nine hundred	ifly|tiffy|tilly|tily
production-1923-vol1-chapters	262	9.0	invuital	<<invuital>> reading as follows lor jes angeles flood	invital
production-1923-vol1-chapters	263	4.11	bliscel	item on page j under the heading <<bliscel>>	blister
production-1923-vol1-chapters	263	42.0	iuereases	<<iuereases>>	increases
production-1923-vol1-chapters	265	0.8	omeers	election said election shall be conducted bv <<omeers>> appointed for	ameers|meers|omers
production-1923-vol1-chapters	271	15.0	supernsors	<<supernsors>> ests will be promoted thereby it may	supervisors
production-1923-vol1-chapters	271	40.0	aindebledness	<<aindebledness>>	indebtedness
production-1923-vol1-chapters	273	29.0	pmbation	<<pmbation>> five dollars per month	probation
production-1923-vol1-chapters	273	33.3	enactiner	not as new <<enactiner>> ts and nothing in this act contained	enacting
production-1923-vol1-chapters	274	31.4	therchy	wherein the land affected <<therchy>> is situated provided how	thearchy
production-1923-vol1-chapters	274	38.2	impnen	avoid or <<impnen>> any such conveyance last mentioned shall be	impen
production-1923-vol1-chapters	275	17.0	umewed	<<umewed>> vide for work in and upon streets	mewed|umeed|unmewed
production-1923-vol1-chapters	276	42.9	dmera	is hereby amended to read as follows <<dmera>>	amera|deera|dera|dimera|emera|mera
production-1923-vol1-chapters	276	46.11	asvsments	twenty five dollars or over upon any <<asvsments>>	assents
production-1923-vol1-chapters	277	20.0	kutive	<<kutive>> the city treasurer shall at least fifteen	mutive
production-1923-vol1-chapters	277	37.0	senling	<<senling>> upon cach lot or parcel of land	sealing|seeling|seiling|seling|selling|sending
production-1923-vol1-chapters	279	29.0	amenet	<<amenet>> as amended is hereby amended to read	ameet|amene|ament|amunet
production-1923-vol1-chapters	279	31.0	mpable	<<mpable>> payable to the party to whom they	mable|meable|pable
production-1923-vol1-chapters	280	47.0	aceruing	<<aceruing>> wp to the date of payment	accruing
production-1923-vol1-chapters	282	30.8	caacl	people of the state of california do <<caacl>> as follows	caac|cacl
production-1923-vol1-chapters	283	12.0	alaty	<<alaty>> section a new section to be numbered	agaty|alamy|alany|alary|alat|alata
production-1923-vol1-chapters	285	0.0	sranere	<<sranere>> the director of institutions may prescribe the	ranere
production-1923-vol1-chapters	287	16.0	cilapter	<<cilapter>>	chapter
production-1923-vol1-chapters	289	14.0	wanant	<<wanant>> board of supervisors at anv time	anant|wanat|winant|wynant
production-1923-vol1-chapters	289	41.0	sheris	<<sheris>> expenditures from said fund legally made	cheris|seris|sheis|sherds|sheri|sheria
production-1923-vol1-chapters	290	38.7	cithcr	over the age of eighteen years having <<cithcr>> pleaded guilty	cither
production-1923-vol1-chapters	292	42.9	tyhulin	and deputy adult probation officer are hereby <<tyhulin>>	thulin
production-1923-vol1-chapters	295	38.0	omees	<<omees>> compensation board of supervisors of cities and	mees|omens|omers|omes|omnes
production-1923-vol1-chapters	297	0.0	hatemen	<<hatemen>> the probation officer shall furnish to each	gatemen
production-1923-vol1-chapters	297	1.0	wubation	<<wubation>> has been released on probation and committed	duration
production-1923-vol1-chapters	297	8.0	ofivers	<<ofivers>> committed to the care of said probation	fivers|officers|olivers
production-1923-vol1-chapters	297	19.0	aanities	<<aanities>> boards of school trustees high school boards	annuities|canities|vanities
production-1923-vol1-chapters	298	35.5	poctition	certificate shal show any such <<poctition>> as amended to be	postition
production-1923-vol1-chapters	299	45.8	cnlarge	rock section all proceedings in the organization <<cnlarge>>	enlarge|unlarge
production-1923-vol1-chapters	302	4.11	isuanre	final the city council shall then pre <<isuanre>>	issuance
production-1923-vol1-chapters	302	17.12	mutire	writing to the holder or owner thereof <<mutire>>	mutare|mutie|mutive
production-1923-vol1-chapters	303	12.0	avesments	<<avesments>> sec such unpaid assessments shall be payable	averments
production-1923-vol1-chapters	303	41.0	puvhose	<<puvhose>> thereon upon which said sale is made	purpose
production-1923-vol1-chapters	304	30.9	tterest	interest on all unpaid asscssments shall begin <<tterest>>	interest
production-1923-vol1-chapters	305	3.0	mpaas	<<mpaas>> ns the assessments remaining unpaid and upon	maas|mpaa|mpas|paas
production-1923-vol1-chapters	305	29.0	vasment	<<vasment>> making such collections taxpayers shall have the	payment|varment
production-1923-vol1-chapters	305	52.0	wmded	<<wmded>> however such division of the instalments shit	waded|wmed
production-1923-vol1-chapters	306	23.10	arnded	hereby amended to read as follows v <<arnded>>	arided
production-1923-vol1-chapters	309	21.0	sewhmester	<<sewhmester>> individuals engaged in the business of public	semester
production-1923-vol1-chapters	310	3.0	inaster	<<inaster>> within the meaning of this act	inkster|pinaster
production-1923-vol1-chapters	311	37.0	watersorks	<<watersorks>> works and other works and machinery canals	waterworks
production-1923-vol1-chapters	312	49.9	yorow	money and incur indebtedness and to issue <<yorow>>	borow|orow|yoro|yoroi
production-1923-vol1-chapters	313	23.0	rottce	<<rottce>> board of directors shall give notice of	rottie|rottle
production-1923-vol1-chapters	317	19.0	ofrent	<<ofrent>> year general shall receive ihe money and	okrent|orent
production-1923-vol1-chapters	317	34.0	rewaye	<<rewaye>> sro it shall be unlawful and shall	rewade|rewake|rewave|rewayle
production-1923-vol1-chapters	317	35.0	disroval	<<disroval>> sof any lease executed under the provisions	disposal|disproval
production-1923-vol1-chapters	317	45.0	sesrage	<<sesrage>> sec all privies and cesspools placed on	serrage
production-1923-vol1-chapters	318	10.10	mutung	shall be erected on said camp sites <<mutung>>	muting|mutual|mutunga
production-1923-vol1-chapters	318	19.10	tamtation	a period of more than twenty years <<tamtation>>	taxation
production-1923-vol1-chapters	318	29.0	treypasser	<<treypasser>> is hereby declared forfeited to the state	trespasser
production-1923-vol1-chapters	319	13.0	verety	<<verety>> by any of said bodies offices or	gerety|verey|verity
production-1923-vol1-chapters	319	38.0	bentec	<<bentec>> ln see service of a teacher in	bente|bentel|benten
production-1923-vol1-chapters	321	9.0	wondis	<<wondis>> snpplied with the money taken from him	bonds|londis
production-1923-vol1-chapters	322	29.0	secriow	<<secriow>> mendota irrigation district as formed by the	section
production-1923-vol1-chapters	322	29.8	wendta	mendota irrigation district as formed by the <<wendta>>	wenda|wendt
production-1923-vol1-chapters	322	31.10	winated	now existing is hereby recognized and declared <<winated>>	winsted
production-1923-vol1-chapters	326	35.1	ercek	honest <<ercek>> thence northeasterly up the honest erect and	erceg|erek
production-1923-vol1-chapters	329	2.0	tkenee	<<tkenee>> north onc half mile to the quarter	tenee|trenee
production-1923-vol1-chapters	330	18.5	ercek	point of intersections of rock <<ercek>> and southern line of town	erceg|erek
production-1923-vol1-chapters	330	25.9	ercek	on colusa county east line down butte <<ercek>>	erceg|erek
production-1923-vol1-chapters	331	13.4	ercek	of glenn to butte <<ercek>> thence down butte ereck to butte	erceg|erek
production-1923-vol1-chapters	332	2.0	nuies	<<nuies>> jrum shore being on the southvrn line	buies|nies|nubes|nudes|nudies|nues
production-1923-vol1-chapters	332	2.1	jrum	nuies <<jrum>> shore being on the southvrn line of	arum|brum|crum|drum|erum|frum
production-1923-vol1-chapters	333	3.9	alpme	hundred ten to the common corner of <<alpme>> amua	alme|alpe|alphe
production-1923-vol1-chapters	333	3.10	amua	ten to the common corner of alpme <<amua>>	adua|afua|agua|akua|alua|ama
production-1923-vol1-chapters	334	14.6	ercek	of the channel of said butte <<ercek>> to the point of intersection	erceg|erek
production-1923-vol1-chapters	335	48.0	camty	<<camty>> ion corner of san luis obispo kings	caity|camay|camby|cammy|campy|camry
production-1923-vol1-chapters	338	17.4	ilunting	most easterly end of <<ilunting>> valley thence down hunting	blunting
production-1923-vol1-chapters	340	29.2	thepee	and range <<thepee>> west one half mile to the quarter	teepee|tepee|theee
production-1923-vol1-chapters	341	22.0	thener	<<thener>> west two miles to the center of	teener|tener|theer|theiner|themer|thenar
production-1923-vol1-chapters	342	38.0	linndred	<<linndred>> fifty four thence west along the line	kindred
production-1923-vol1-chapters	344	34.8	ercek	fifty seven to the mouth of petaluma <<ercek>> thence	erceg|erek
production-1923-vol1-chapters	345	29.0	menioeino	<<menioeino>> alendocino beginning at the southwest corner of	mendocino
production-1923-vol1-chapters	345	29.1	alendocino	menioeino <<alendocino>> beginning at the southwest corner of	mendocino
production-1923-vol1-chapters	347	0.0	comty	<<comty>> ol the west half of said section	cmty|coaty|comay|comby|comey|comfy
production-1923-vol1-chapters	347	2.9	vorper	boundary of said section three to the <<vorper>> common	corper|vosper
production-1923-vol1-chapters	350	31.8	cornocr	one half mile to the quarter section <<cornocr>> between sections	cornock
production-1923-vol1-chapters	351	15.0	iiue	<<iiue>> south on said range line to the	iie|iife|iiie|iike|iine|iise
production-1923-vol1-chapters	351	27.0	theuee	<<theuee>> southerly along said summit on easterly line	theee
production-1923-vol1-chapters	351	51.2	sobranies	san lorenzo <<sobranies>> owned respectively by breen and	sobranie
production-1923-vol1-chapters	352	17.2	ereck	in huichica <<ereck>> where the said check empties into san	breck|dereck|dreck|eleck|erec|erect
production-1923-vol1-chapters	352	37.7	ercek	southerly to the center of the huichica <<ercek>> thence down	erceg|erek
production-1923-vol1-chapters	352	43.11	ercek	yuba river at the month of deer <<ercek>>	erceg|erek
production-1923-vol1-chapters	356	1.0	ereck	<<ereck>> hence northeasterly up said creek to its	breck|dereck|dreck|eleck|erec|erect
production-1923-vol1-chapters	357	29.2	thener	section eight <<thener>> west to the quarter corner of the	teener|tener|theer|theiner|themer|thenar
production-1923-vol1-chapters	358	4.7	daylor	eight miles above the house of william <<daylor>> thence south	aylor|baylor|caylor|daylon|faylor|gaylor
production-1923-vol1-chapters	358	32.1	sobrantes	lorenzo <<sobrantes>> rancho owned respectively by breen and	sobrante
production-1923-vol1-chapters	361	13.0	ralones	<<ralones>> farallons shall be attached to and be	alone|alones|malones|ramones
production-1923-vol1-chapters	361	13.1	farallons	ralones <<farallons>> shall be attached to and be a	farallon|farallone|farallones
production-1923-vol1-chapters	361	52.0	pardino	<<pardino>> base thence east on said line to	padrino|pardine|parking|parrino
production-1923-vol1-chapters	366	5.10	ercek	eastern channel to the mouth of battle <<ercek>>	erceg|erek
production-1923-vol1-chapters	366	21.8	slera	beginning at the south corner of plumas <<slera>>	alera|clera|lera|llera|sclera|seera
production-1923-vol1-chapters	366	40.7	cafion	said river to the mouth of big <<cafion>> creek and then up said	calion|camion|canion|carion|casion|cation
production-1923-vol1-chapters	366	46.8	ssishly	commencing on the northern fine of the <<ssishly>>	assishly
production-1923-vol1-chapters	368	0.0	sujof	<<sujof>> sonoma commencing at a point in the	sujoy
production-1923-vol1-chapters	369	2.3	tweuy	and thirty two <<tweuy>> cight and thirty three twenty seven	twewy
production-1923-vol1-chapters	369	19.3	ercek	mouth of huichica <<ercek>> to the point of intersection with the	erceg|erek
production-1923-vol1-chapters	369	35.0	btankslaus	<<btankslaus>> stanislaus beginning at common corner of stanis	stanislaus
production-1923-vol1-chapters	370	18.6	ercck	said township and range to butte <<ercck>> thence following said	ercc|erick|erock
production-1923-vol1-chapters	370	19.1	ercek	butte <<ercek>> to its intersection with the south line	erceg|erek
production-1923-vol1-chapters	373	25.9	ereck	divides the waters flowing east into bear <<ereck>>	breck|dereck|dreck|eleck|erec|erect
production-1923-vol1-chapters	373	44.4	ynha	and up the middle <<ynha>> ten miles to the southwest corner of	anha|bnha|inha|nha|nyha|unha
production-1923-vol1-chapters	373	48.8	cafion	the river to the mouth of big <<cafion>> creek thence up	calion|camion|canion|carion|casion|cation
production-1923-vol1-chapters	374	5.5	tlonent	twelve to the junction of <<tlonent>> creek with feather river	ponent
production-1923-vol1-chapters	377	15.1	egunty	recorded <<egunty>> recorder of the county in which the	gunty
production-1923-vol1-chapters	378	25.10	covincer	such there be or to such city <<covincer>> as	convincer
production-1923-vol1-chapters	379	2.4	ollered	public highways if any <<ollered>> tor dedication by said map or plat	hollered
production-1923-vol1-chapters	379	15.0	enrees	<<enrees>> flat is traversed by any natural water	entrees
production-1923-vol1-chapters	379	22.0	cilapter	<<cilapter>>	chapter
production-1923-vol1-chapters	380	19.8	precute	employ agents attorneys and inspectors to secure <<precute>>	preacute|precite|precure|precut
production-1923-vol1-chapters	380	42.10	eilt	wherein the science of optometry is y <<eilt>>	bilt|cilt|eil|eila|eilat|eile
production-1923-vol1-chapters	381	19.0	rekuier	<<rekuier>> names and addresses of all persons to	require
production-1923-vol1-chapters	381	47.2	helorc	an examination <<helorc>> said beard such application must be	heloc|heroic
production-1923-vol1-chapters	382	17.7	acered	graduation with recommendations from a high school <<acered>>	acred|cered
production-1923-vol1-chapters	383	14.0	regisiranm	<<regisiranm>> all applicants without discrimination who shall satisfacto	registrant
production-1923-vol1-chapters	383	23.0	nutlee	<<nutlee>> to sec before engaging in the practice	nutlet|nutley
production-1923-vol1-chapters	383	36.11	optom	any person who ig a regularly licensed <<optom>>	opcom|optim|option|opto|optoma|optos
production-1923-vol1-chapters	383	44.0	pxpotion	<<pxpotion>> from cach annual renewal license fee of	potion
production-1923-vol1-chapters	384	44.11	metice	use the same as evidence of the <<metice>>	matice|merice|metic|metics
production-1923-vol1-chapters	384	45.7	enitente	holder s qualification to practice optometry or <<enitente>>	entente
production-1923-vol1-chapters	385	12.10	opthal	without a prescription or to dispense an <<opthal>>	orthal
production-1923-vol1-chapters	385	30.0	riaty	<<riaty>> see section eleven of said uct approved	riady|riat|riata|rifty
production-1923-vol1-chapters	385	33.0	rewking	<<rewking>> erect as provided for in this act	reeking|reking|repking
production-1923-vol1-chapters	392	25.0	eceds	<<eceds>> to empower sanitary boards to make and	ceds|eces|eeds
production-1923-vol1-chapters	393	36.0	eessive	<<eessive>> weeks prior the election in three public	essive|lessive
production-1923-vol1-chapters	394	28.13	anitary	power to have and use a common <<anitary>>	sanitary|unitary
production-1923-vol1-chapters	395	22.0	omteers	<<omteers>> sree the officers of the district shall	others
production-1923-vol1-chapters	395	27.5	cleeted	ner and the person then <<cleeted>> shall hold office for two vears	cleated|cleeked|clefted|fleeted|sleeted
production-1923-vol1-chapters	397	15.0	ofvte	<<ofvte>> immediately after the closing of the polls	ofte|often
production-1923-vol1-chapters	397	25.0	omeers	<<omeers>> after as may be practicable the board	ameers|meers|omers
production-1923-vol1-chapters	397	36.0	fqualization	<<fqualization>> src on the first monday of july	equalization
production-1923-vol1-chapters	398	23.10	taxalien	and the amount of the tax shall <<taxalien>>	taxation
production-1923-vol1-chapters	398	49.10	disere	that the sanitary board may in its <<disere>>	desere|diseme|isere|lisere|misere
production-1923-vol1-chapters	400	0.0	culargement	<<culargement>> o sewers drains or septic tanks or	enlargement
production-1923-vol1-chapters	401	0.8	ineet	lection at eight o clock p m <<ineet>> aud canvass the returns	indet|inee|ineed|inept|inert|inet
production-1923-vol1-chapters	402	14.0	tieable	<<tieable>> at the same time as said installments	timable|timeable
production-1923-vol1-chapters	405	7.0	prvemeny	<<prvemeny>> work in and upon streets avenues janes	pavement
production-1923-vol1-chapters	405	8.0	woply	<<woply>> and sidewalks within municipalities and upon property	wolly|wooly
production-1923-vol1-chapters	407	12.0	ofvotes	<<ofvotes>> secretary or president of the sanitary beard	votes
production-1923-vol1-chapters	407	43.1	aherse	vote <<aherse>> cither the sanitary district or the district	aherne|ahorse|alerse|averse|herse
production-1923-vol1-chapters	407	48.0	reascnahle	<<reascnahle>> ecst of said election and if said	reasonable
production-1923-vol1-chapters	408	3.10	isueot	after the annexation of such contiguous terri <<isueot>>	suet
production-1923-vol1-chapters	408	19.0	tiguons	<<tiguons>> territory	pigeons|tigons
production-1923-vol1-chapters	408	29.5	clecis	or repair after a municipality <<clecis>> to keep the lateral	clecs|cleis|clevis
production-1923-vol1-chapters	409	10.0	uemination	<<uemination>> ond shall read substantially as follows	gemination|semination
production-1923-vol1-chapters	409	32.6	naines	tures of the persons wo c <<naines>> are signed thereto	baines|caines|daines|gaines|haines|laines
production-1923-vol1-chapters	410	24.2	callmg	thereby the <<callmg>> and conducting of elections in such	callme
production-1923-vol1-chapters	415	7.8	deserib	ordering certain work to be done without <<deserib>>	deseri
production-1923-vol1-chapters	415	20.0	comsel	<<comsel>> fee foreclose in such action the plaintiff	comel|compel|comsec
production-1923-vol1-chapters	415	23.0	cilapter	<<cilapter>>	chapter
production-1923-vol1-chapters	418	6.7	pequisite	sec all persons granted regular certificates authorizing <<pequisite>>	perquisite|requisite
production-1923-vol1-chapters	418	34.11	firand	duty of the grand jury annually to <<firand>> jury	firend|forand|frand|friand
production-1923-vol1-chapters	418	46.12	imestigation	every grand jury first impaneled in cyen <<imestigation>>	investigation
production-1923-vol1-chapters	418	47.11	cumny	and report upon the needs of all <<cumny>>	cumay|cummy|cunny|cuny
production-1923-vol1-chapters	419	25.0	ancnded	<<ancnded>>	amended
production-1923-vol1-chapters	419	36.0	wnverty	<<wnverty>> nl cecdings be not redeemed within one	poverty
production-1923-vol1-chapters	421	24.0	iabray	<<iabray>> highways from the county linc separating the	array|fabray
production-1923-vol1-chapters	423	0.1	duteet	ton <<duteet>> supervisors of the county of stanis aus	dutee|duties
production-1923-vol1-chapters	423	52.4	derrces	water line north sixty <<derrces>> thirty four minutes east one	derries
production-1923-vol1-chapters	424	0.9	hedane	eight fect thence north forty eight degrees <<hedane>>	hexane|humane
production-1923-vol1-chapters	424	51.6	thirlv	also north one thousand six hundred <<thirlv>> fect from the west	thirl
production-1923-vol1-chapters	425	14.5	miontes	north thirty five degrees nineteen <<miontes>> west four hundred	montes
production-1923-vol1-chapters	426	21.10	vehick	under the provisions of an act motw <<vehick>>	vehic|vehicle
production-1923-vol1-chapters	427	37.0	statelands	<<statelands>> on behalf of the state of california	stateland
production-1923-vol1-chapters	427	40.4	cadwalladers	and thirty eight in <<cadwalladers>> survey of the village of	cadwallader
production-1923-vol1-chapters	429	24.2	fersi	annual a <<fersi>> on or before the first day of	farsi|ferdi|feri|fermi|ferri|fers
production-1923-vol1-chapters	429	25.0	ioneal	<<ioneal>> year each city board of education shall	idoneal|oneal
production-1923-vol1-chapters	430	41.11	ettios	any person interested may file with the <<ettios>>	etios|etties
production-1923-vol1-chapters	431	44.0	sunen	<<sunen>> iso sec the board of supervisors of	funen|senen|suen|sugen|sunan|sune
production-1923-vol1-chapters	433	4.0	tentoy	<<tentoy>> fire protection district under the provisions of	tento|tenty
production-1923-vol1-chapters	433	27.0	qaay	<<qaay>> refuse to annex any territory to the	aay|gaay|qaa|qaly|quay|waay
production-1923-vol1-chapters	434	31.0	bercd	<<bercd>> one thousand two hundred eighty a and	berch|berck|bercy|berd|bernd
production-1923-vol1-chapters	436	34.0	seorion	<<seorion>> lakeland irrigation district as formed by the	section
production-1923-vol1-chapters	438	46.8	caneellatio	upon application by the surveyor general accompanied <<caneellatio>>	cancellation
production-1923-vol1-chapters	439	23.0	tanciner	<<tanciner>> suction the tracy clover irrigation district in	tanner
production-1923-vol1-chapters	440	6.0	wanization	<<wanization>> dissolution and alteration of boundaries of sanitary	danization|nanization|sanitation
production-1923-vol1-chapters	440	39.10	pbaine	and ninety two one hundredths dollars is <<pbaine>>	baine|paine|plaine|praine
production-1923-vol1-chapters	441	14.2	thesum	appronria section <<thesum>> of one thousand two hundred seventy	theasum|theseum|thesium|thesun
production-1923-vol1-chapters	441	16.0	ofjome	<<ofjome>> five dollars is hereby appropriated out of	ofsome
production-1923-vol1-chapters	441	37.0	orphers	<<orphers>> etr three thousand dollars or so much	morphers|orpheus
production-1923-vol1-chapters	442	15.9	amropn	sum of four hundred sixty one dollars <<amropn>>	amron
production-1923-vol1-chapters	442	25.11	ynnen	money in the state treasury to the <<ynnen>>	annen|ennen|innen|onnen
production-1923-vol1-chapters	443	19.1	gredths	yotbig <<gredths>> dollars out of any money in the	growths
production-1923-vol1-chapters	444	14.9	approprin	sum of four thousand six hundred ninety <<approprin>>	appropri
production-1923-vol1-chapters	446	18.11	tialm	any money in the state treasury n <<tialm>>	tial|tiam
production-1923-vol1-chapters	446	19.10	yoson	to pay the claim of park union <<yoson>> furs	boson|doson|joson|noson|yoon|yuson
production-1923-vol1-chapters	447	20.0	citapter	<<citapter>>	chapter
production-1923-vol1-chapters	448	34.7	bucheling	ties or commodities for the purpose of <<bucheling>> or buckel	busheling
production-1923-vol1-chapters	449	3.0	trntes	<<trntes>> trusted shal mean a person executing a	rates
production-1923-vol1-chapters	450	26.11	rerwdi	the duty of every person doing just <<rerwdi>> or	verdi
production-1923-vol1-chapters	451	0.3	ornta	statutes of cata <<ornta>> ch of	onta|orita|orna|ornata|orta
production-1923-vol1-chapters	451	48.0	wropeane	<<wropeane>> soo county intends to unite with such	propane
production-1923-vol1-chapters	452	10.9	rettion	petition which may consist of any number <<rettion>> te	nettion|rection|rention|retation|retton
production-1923-vol1-chapters	452	11.10	crsie	shall he presented to the secretary of <<crsie>>	casie|corsie|crie|crise|crusie|cusie
production-1923-vol1-chapters	455	39.0	tamsof	<<tamsof>> successors the term of office of directors	tamson
production-1923-vol1-chapters	456	52.10	compnensa	to the board of directors fix their <<compnensa>>	compense
production-1923-vol1-chapters	457	8.0	alicers	<<alicers>> and all subordinate officers not provided to	alices|slicers
production-1923-vol1-chapters	458	6.11	fmment	the right of eminent domain and in <<fmment>>	foment
production-1923-vol1-chapters	458	38.12	givmet	the district may be used by the <<givmet>>	givet
production-1923-vol1-chapters	459	30.0	rietal	<<rietal>> the general manager sccrctary auditor engineer and	dietal|retal|rictal
production-1923-vol1-chapters	461	13.6	newspay	directors and if there is no <<newspay>> er published in any one of	newsday
production-1923-vol1-chapters	464	17.9	sunesor	in the judgment of the surveyor general <<sunesor>>	sensor
production-1923-vol1-chapters	464	24.11	serute	any and all deeds or other instruments <<serute>>	serut|shrute
production-1923-vol1-chapters	464	35.10	pubia	public for the several counties and cities <<pubia>>	dubia|nubia|puba|pubian|pubic|pubis
production-1923-vol1-chapters	466	3.8	techion	for the prevention and extinguishment of fires <<techion>>	section|technion
production-1923-vol1-chapters	466	11.10	rropert	collect annually a property tax which shall <<rropert>>	propert
production-1923-vol1-chapters	466	17.4	overhow	tect such cities from <<overhow>> said board of trustees may levy	overbow|overcow|overhot|overlow|oversow
production-1923-vol1-chapters	466	24.9	iesnae	for the purpose of revenue and regulation <<iesnae>>	insane|isnae
production-1923-vol1-chapters	466	25.11	manens	of business authorized by law and trans <<manens>>	manees|manen|maneno|manent|maners|manes
production-1923-vol1-chapters	466	31.10	sisna	the same to widen straighten and deepen <<sisna>>	disna|isna|siana|siena|signa|sina
production-1923-vol1-chapters	470	23.12	asvalorem	such an ad valorem rate of tax <<asvalorem>>	advalorem
production-1923-vol1-chapters	470	41.11	eustl	of the state shall under the pro <<eustl>>	eusol|gustl|wustl
production-1923-vol1-chapters	471	26.0	fxtre	<<fxtre>> a the extra fancy grade shall consist	extre|futre
production-1923-vol1-chapters	472	47.5	fanev	except where the words extra <<fanev>> are used as the grade	fane|faner|fanes|ganev|kanev|tanev
production-1923-vol1-chapters	474	0.2	fifiti	ch yorty <<fifiti>> stsston	fifita
production-1923-vol1-chapters	474	11.12	anaes	for sale within the state of california <<anaes>>	adaes|anaces|anacs|anae|anaee|anais
production-1923-vol1-chapters	474	14.7	unicss	taine l in closed packages or otherwise <<unicss>> the same shall	unics
production-1923-vol1-chapters	474	16.9	saleot	as in this act expressly permitted no <<saleot>>	salet
production-1923-vol1-chapters	474	37.8	mileatm	no statement figure design or device appearing <<mileatm>>	mileage
production-1923-vol1-chapters	476	24.9	qualifca	inspectors appointed by the director of agri <<qualifca>>	qualify
production-1923-vol1-chapters	477	0.6	tivery	violation of any o its provisions <<tivery>> inspector in the	ivery|livery|rivery|tigery|tilery|tively
production-1923-vol1-chapters	477	6.12	oriz	of avy app es other than those <<oriz>>	ariz|briz|friz|griz|horiz|kriz
production-1923-vol1-chapters	478	2.8	guaanty	no person firm company organization or corpora <<guaanty>>	guaranty
production-1923-vol1-chapters	479	8.6	reguale	an act lo provide for and <<reguale>> municipal elections in	regale|regualr
production-1923-vol1-chapters	479	16.0	flectlons	<<flectlons>> in section au municipal elections in cities	flections
production-1923-vol1-chapters	479	20.0	biats	<<biats>> sxc section two of the above entitled	baits|bats|beats|bias|bits|bitts
production-1923-vol1-chapters	479	30.0	brichly	<<brichly>> a general description of the voting precincts	brickly|richly
production-1923-vol1-chapters	482	30.10	punou	ballots shall have the names of the <<punou>>	punku|puno
production-1923-vol1-chapters	482	41.4	cleeted	the number to be <<cleeted>> to such office on the top of	cleated|cleeked|clefted|fleeted|sleeted
production-1923-vol1-chapters	483	35.0	bnolled	<<bnolled>> see any voter who shall spoil a	bolled|enrolled
production-1923-vol1-chapters	484	7.6	fallics	of the line in which such <<fallics>> terminate and also write the	fallis
production-1923-vol1-chapters	484	31.9	permble	every race or color the full accommodations <<permble>>	peramble
production-1923-vol1-chapters	485	15.2	retaling	political code <<retaling>> to official bond	metaling|petaling|regaling|retailing|retaking
production-1923-vol1-chapters	486	41.1	colosseums	and <<colosseums>> thereon and may sel beantifv improve and	colosseum
production-1923-vol1-chapters	486	45.0	ormed	<<ormed>>	armed|formed|gormed|normed|orbed|orded
production-1923-vol1-chapters	488	4.0	wuerre	<<wuerre>> s large amounts of money are required	guerre|suerre|werre
production-1923-vol1-chapters	490	0.1	ehict	the <<ehict>> deputy shall be four thousand dollars the	edict|ehic|evict
production-1923-vol1-chapters	491	2.6	onographic	ical code relating to clerks pl <<onographic>> reporter serv	monographic|orographic|sonographic
production-1923-vol1-chapters	496	10.11	dpuit	money in the treasury should not enlarge <<dpuit>>	duit
production-1923-vol1-chapters	496	31.9	duaain	eminent domain all costs and expenses includ <<duaain>> pro	dualin|dumain|dupain|durain
production-1923-vol1-chapters	498	46.11	aistner	then upon the completion of the canvass <<aistner>>	kistner
production-1923-vol1-chapters	500	12.0	trirt	<<trirt>> a report setting forth	thirt|trint|trist|trit|tritt
production-1923-vol1-chapters	500	27.0	vevors	<<vevors>> and others as may be necessary to	vevers
production-1923-vol1-chapters	501	31.0	remanee	<<remanee>> sec if at such election two thirds	remanet|romanee
production-1923-vol1-chapters	502	19.10	fonstructi	board of directors may issue and sel <<fonstructi>>	construct
production-1923-vol1-chapters	502	47.0	triet	<<triet>> demands the issuance of additional bonds for	griet|priet|riet|thiet|tiet|tiret
production-1923-vol1-chapters	503	14.0	mincipal	<<mincipal>> to pay the interest on said bonds	minicipal
production-1923-vol1-chapters	503	49.0	jahor	<<jahor>>	jabor|jahar|jahr|jamor|javor|jawor
production-1923-vol1-chapters	504	40.9	depry	hoard of directors may by agreement with <<depry>>	deary|decry|deery|depay|depr|depre
production-1923-vol1-chapters	505	18.0	sspemes	<<sspemes>> section six of this act including the	schemes
production-1923-vol1-chapters	505	43.0	meintin	<<meintin>> trustees neglect or refuse to employ a	maintain
production-1923-vol1-chapters	506	7.0	citapter	<<citapter>>	chapter
production-1923-vol1-chapters	506	29.0	connly	<<connly>> including notaries public shall not collect demand	conly|connely|connoly|conny
production-1923-vol1-chapters	507	13.4	hahens	rendered in proceedings upon <<hahens>> corpus nor for administering	hagens|havens
production-1923-vol1-chapters	508	15.0	eontrated	<<eontrated>> milk shall be that proclaimed and established	contracted
production-1923-vol1-chapters	509	2.0	deineanor	<<deineanor>>	demeanor
production-1923-vol1-chapters	509	14.0	citapter	<<citapter>>	chapter
production-1923-vol1-chapters	509	22.0	pertrmance	<<pertrmance>> follows	performance
production-1923-vol1-chapters	509	26.8	saperin	whenever a contract approved by the county <<saperin>>	saverin
production-1923-vol1-chapters	510	27.10	sputies	his judgment he deems it necessary o <<sputies>>	suties
production-1923-vol1-chapters	512	34.8	posra	the election officers shall not constitute themselves <<posra>> must	bosra|pora|porra|posa|posca|possa
production-1923-vol1-chapters	513	0.6	suei	of the officer readine or calling <<suei>> ballot the provisions	guei|huei|kuei|quei|scei|seei
production-1923-vol1-chapters	513	33.0	micrepresen	<<micrepresen>> of any kind directly or through any	misrepresent
production-1923-vol1-chapters	514	0.2	pivitt	ch forty <<pivitt>> session	pavitt
production-1923-vol1-chapters	514	30.11	propuvition	one and one tenth times as many <<propuvition>>	proposition
production-1923-vol1-chapters	515	47.0	matol	<<matol>> after this act zoes into effect appoint	amatol|atol|madol|maltol|maol|matal
production-1923-vol1-chapters	516	13.12	flectiv	the high school hoard shall be held <<flectiv>>	elective
production-1923-vol1-chapters	516	49.4	enfuree	authorities to enact or <<enfuree>> ordinances rules or requ	enfree
production-1923-vol1-chapters	519	25.0	facturcr	<<facturcr>> is transacted	facture
production-1923-vol1-chapters	520	36.8	omees	offices of division the division shall maintain <<omees>> ot	mees|omens|omers|omes|omnes
production-1923-vol1-chapters	520	40.7	btatlons	sec division may maintain stations the division <<btatlons>>	stations
production-1923-vol1-chapters	521	42.0	bandry	<<bandry>> temporarily drawn moved or otherwise propelled	andry|badry|baldry|bandra|bandy|bantry
production-1923-vol1-chapters	528	23.0	sizih	<<sizih>> to fail or refuse to surrender to	sirih
production-1923-vol1-chapters	528	33.9	inotor	convcul or have in his posscssion any <<inotor>> vehicle fretory	inator
production-1923-vol1-chapters	528	33.11	fretory	have in his posscssion any inotor vehicle <<fretory>>	factory|feretory
production-1923-vol1-chapters	528	51.1	ertita	ee <<ertita>>	entity|ermita|ertiga
production-1923-vol1-chapters	529	3.0	eigwe	<<eigwe>>	eige|eighe|eight|eigne|igwe
production-1923-vol1-chapters	530	24.8	frrers	operators and chausicurs must be licensed it <<frrers>>	farers|ferrers|firers|frers|friers|fryers
production-1923-vol1-chapters	531	7.0	contonte	<<contonte>> every application shall also contain the name	contente
production-1923-vol1-chapters	531	47.0	mdusting	<<mdusting>> s license approved by it and arrange	dusting
production-1923-vol1-chapters	532	15.12	ulfeur	every person licensed as an operator mi <<ulfeur>> s	sulfur
production-1923-vol1-chapters	532	45.11	leense	valid until revoked or suspended as af <<leense>>	leese|lense
production-1923-vol1-chapters	533	7.0	revorutin	<<revorutin>> ot sec revocation or suspension of license	revolution
production-1923-vol1-chapters	534	49.10	teemme	any person whose operator s or chauffeur <<teemme>>	temme|theme
production-1923-vol1-chapters	535	16.0	chaufeu	<<chaufeu>> any person not licensed as in this	chauffeur
production-1923-vol1-chapters	535	39.0	whicles	<<whicles>> registration of every electric passenger motor vehicle	whiles
production-1923-vol1-chapters	537	16.0	nonfara	<<nonfara>> dealer s distinguishing number the following fees	fonfara|nonfarm
production-1923-vol1-chapters	537	39.0	duphieate	<<duphieate>> b whenever any certificate of registration or	duplicate
production-1923-vol1-chapters	538	20.0	eertificutes	<<eertificutes>>	certificates
production-1923-vol1-chapters	539	41.5	inads	object or contrivance for moving <<inads>> which has a total	iads|inad|inada|inas|inds|ipads
production-1923-vol1-chapters	540	5.10	cupaily	a permissible gross weight of twenty four <<cupaily>>	capably
production-1923-vol1-chapters	540	43.5	jondometers	either hy the use of <<jondometers>> or in the event that the nearest	odometers
production-1923-vol1-chapters	541	28.0	rermisible	<<rermisible>> ordinance reduce the permissible weight of vehicles	permissible
production-1923-vol1-chapters	541	29.0	werhis	<<werhis>> operated or moved upon unimproved county highways	werris
production-1923-vol1-chapters	543	21.3	froin	ways and bridges <<froin>> injury or provide indemnity for any	broin|foin|frain|frein|frin|froid
production-1923-vol1-chapters	543	39.0	putyor	<<putyor>> thereon whenever in the judgment of the	author
production-1923-vol1-chapters	543	40.0	lugway	<<lugway>> way commission any public bridge causeway viaduct	dugway|logway
production-1923-vol1-chapters	544	16.8	sawrce	to the contrary herein notwithstanding the owner <<sawrce>>	source
production-1923-vol1-chapters	546	24.6	lainps	level of the center of the <<lainps>> not more than fifteen hnn	laines
production-1923-vol1-chapters	548	35.1	sercen	testing <<sercen>> both with and without the device showing	percen|sereen|seren
production-1923-vol1-chapters	549	36.9	aeety	six inch spherical mirror and a standard <<aeety>>	beety|teety
production-1923-vol1-chapters	551	5.8	enrb	within twelve inches of the right hand <<enrb>>	enab|enb|enr|enrc|enri|enrib
production-1923-vol1-chapters	551	6.0	lpht	<<lpht>> or sec light or flag at end	hpht|lht|lph|lpt|pht
production-1923-vol1-chapters	552	23.9	mrivers	under influence of liquor or drugs no <<mrivers>>	drivers|rivers|trivers
production-1923-vol1-chapters	553	22.0	thefin	<<thefin>> thus sec business and residence districts defined	thein|thelin|therin|thetin
production-1923-vol1-chapters	553	23.0	asriet	<<asriet>> business district for the purposes of this	arriet|asriel
production-1923-vol1-chapters	553	39.0	inniness	<<inniness>> of supervisors of any county and the	inkiness|tinniness
production-1923-vol1-chapters	555	4.8	exelu	carrying loads weighing four tons or more <<exelu>>	exclu|execu|exel|exell
production-1923-vol1-chapters	555	16.0	butyor	<<butyor>> ve in the judgment of the california	butor|butyr
production-1923-vol1-chapters	556	36.8	svertaking	overtaking a vehicle a any vehicle over <<svertaking>>	overtaking
production-1923-vol1-chapters	557	9.0	woclosely	<<woclosely>> motor vehicle shall not follow another vehicle	closely
production-1923-vol1-chapters	558	22.10	merb	may submit a mechanical or electrical signal <<merb>>	cerb|derb|erb|ferb|gerb|herb
production-1923-vol1-chapters	559	13.0	iatot	<<iatot>> way over all other vehicles but mast	gatot|into
production-1923-vol1-chapters	560	24.3	trallie	the direction cf <<trallie>> nor to unused tracks whether inside or	tallie
production-1923-vol1-chapters	561	6.0	vnattended	<<vnattended>> src motor vehicle left unattended brakes to	unattended
production-1923-vol1-chapters	562	36.8	rersius	certain provisions of act applicable to vehicles <<rersius>>	persius
production-1923-vol1-chapters	564	38.9	renaues	a any person who shall be con <<renaues>>	renames
production-1923-vol1-chapters	565	25.1	borein	musdemewmr <<borein>> declared to be a felony the arresting	bordin|borean|boreen|borei|boren|borgin
production-1923-vol1-chapters	567	0.0	renahye	<<renahye>> d failure refusal or neglect to comply	rename
production-1923-vol1-chapters	567	5.0	feeay	<<feeay>> treasurer during each business day a report	feedy|feely|feeny|fleay
production-1923-vol1-chapters	567	7.3	tmder	collection of moneys <<tmder>> any of the provisions of this act	tider|toder|tuder
production-1923-vol1-chapters	567	33.0	reobing	<<reobing>> the state legislature the division may draw	robing
production-1923-vol1-chapters	567	47.0	comties	<<comties>> to counties of this state in proportion	comites|commies|comtes|cooties
production-1923-vol1-chapters	569	29.1	tofet	and <<tofet>> bail of any person charged with a	toft|tofte|toget|tonet
production-1923-vol1-chapters	572	7.10	rerora	shall keep a record in such form <<rerora>> to	remora
production-1923-vol1-chapters	573	20.10	equaliza	reports herein provided the state board of <<equaliza>>	equalize
production-1923-vol1-chapters	574	0.8	cunul	any person firm association or corporation who <<cunul>>	canul
production-1923-vol1-chapters	574	37.11	eeuted	the state treasury and credited to the <<eeuted>>	eluted
production-1923-vol1-chapters	575	7.0	iaiee	<<iaiee>> treasurer shall make a report to tle	aiee|iaee
production-1923-vol1-chapters	575	19.0	aepettion	<<aepettion>> annual report to the stale department of	repetition
production-1923-vol1-chapters	575	52.5	therene	a felony and upon conviction <<therene>> shall be punished by a	sherene|theren|therence|therese|threne
production-1923-vol1-chapters	576	33.3	cyual	degree of proficiency <<cyual>> to that required for the completion	cual
production-1923-vol1-chapters	577	22.9	ceared	when the need sor such classes bags <<ceared>>	beared|cared|ceased|cedared|cered|cleared
production-1923-vol1-chapters	580	10.0	eelli	<<eelli>> for said sum of three bnndred fifty	belli|celli|delli|eells|elli|felli
production-1923-vol1-chapters	581	1.6	sicet	an act making an appropriation to <<sicet>> the deficiency in the	icet|licet|sice|sicel|sicht|sicut
production-1923-vol1-chapters	581	9.0	wentin	<<wentin>> tate hereby appropriated out of any money	dentin|entin|lentin|wantin|westin|wetin
production-1923-vol1-chapters	583	26.0	guidians	<<guidians>> states and no company association or corporation	guardians
production-1923-vol1-chapters	586	37.8	pelbes	receipt of such application and affidavit within <<pelbes>> of	peles|pelves|plebes
production-1923-vol1-chapters	586	44.0	wnarking	<<wnarking>> said ballot provided however that before delivering	narking|snarking
production-1923-vol1-chapters	587	14.4	reeviving	cinct applying for and <<reeviving>> ballots under the provisions	reviving
production-1923-vol1-chapters	588	7.9	amayit	resident of and a qualified voter in <<amayit>>	await
production-1923-vol1-chapters	589	19.0	evunty	<<evunty>>	county
production-1923-vol1-chapters	589	42.0	nunie	<<nunie>> across said seal shall deliver suid envelope	aunie|junie|munie|nonie|nudie|nune
production-1923-vol1-chapters	590	19.4	clectivy	pertaining o such general <<clectivy>> except as hereinafter	elective
production-1923-vol1-chapters	590	52.7	farand	and propositions voted upon the identification envelopes <<farand>>	arand|farad|faran|farang|farland|farrand
production-1923-vol1-chapters	594	23.10	lhrce	a three hundred sixty three e and <<lhrce>>	larce
production-1923-vol1-chapters	596	28.5	threch	src section three hundred sixty <<threch>> of the politi	thresh
production-1923-vol1-chapters	596	45.14	ctinua	it docs not add to take from <<ctinua>>	chinua
production-1923-vol1-chapters	597	13.0	heelamation	<<heelamation>> whenever in any reclamation district in this	reclamation
production-1923-vol1-chapters	597	14.0	mybve	<<mybve>> now formed or which may hereafter be	move|mybe
production-1923-vol1-chapters	597	35.0	esnership	<<esnership>>	ownership
production-1923-vol1-chapters	600	30.10	romot	coupons may be substantially in the follow <<romot>>	promot|ramot|robot|romo|romon|romor
production-1923-vol1-chapters	601	18.0	ofbonds	<<ofbonds>> wyrer of the county an action may	bonds
production-1923-vol1-chapters	601	18.1	wyrer	ofbonds <<wyrer>> of the county an action may be	tyrer|wirer|wryer|wyer|wyler|wymer
production-1923-vol1-chapters	603	32.0	timpaid	<<timpaid>> assessments may be called without calling any	impair
production-1923-vol1-chapters	604	7.10	belinguent	is published in said county such publica <<belinguent>>	delinquent
production-1923-vol1-chapters	605	26.0	rreiited	<<rreiited>> money collected by him by sale or	credited
production-1923-vol1-chapters	606	4.11	balsnre	fund of the district any balance remain <<balsnre>>	balance
production-1923-vol1-chapters	606	43.13	kutlee	for four weeks prior to the date <<kutlee>> to	kutler
production-1923-vol1-chapters	606	44.10	poluers	are called for payment the county treasurer <<poluers>>	polders|polers
production-1923-vol1-chapters	607	0.0	fhaite	<<fhaite>> any land owner of te district who	faite
production-1923-vol1-chapters	607	13.0	ayectal	<<ayectal>> ing in manner as follows	rectal
production-1923-vol1-chapters	611	14.0	attes	<<attes>>	actes|altes|antes|aotes|artes|ates
production-1923-vol1-chapters	611	43.0	umerie	<<umerie>> relied upon to show the invalidity of	amerie
production-1923-vol1-chapters	613	14.0	rurseryman	<<rurseryman>> any nurserytaan agent jobber person firm or	nurseryman
production-1923-vol1-chapters	613	16.0	heense	<<heense>> selly or handles nursery stock trees plants	heene|heese|hense
production-1923-vol1-chapters	614	27.0	ereated	<<ereated>>	created|erected|greated|treated
production-1923-vol1-chapters	618	3.9	festimonlal	prior to the regular meeting thereof satisfactory <<festimonlal>>	testimonial
production-1923-vol1-chapters	620	44.0	amennt	<<amennt>> shall not be jess than five dollars	ament
production-1923-vol1-chapters	624	7.9	postoflice	the officials having jurisdiction and charge of <<postoflice>>	postoffice
production-1923-vol1-chapters	624	9.14	ttine	land and to iet said building ssb <<ttine>>	stine|taine|teine|thine|tine|toine
production-1923-vol1-chapters	626	40.9	asves	board of directors shall then within fifteen <<asves>> ments	alves|ases|ashes|askes|asses|aves
production-1923-vol1-chapters	628	34.0	trivts	<<trivts>> approved may as amended is hereby amended	trivets
production-1923-vol1-chapters	628	38.8	elertr	may provide for the construction acquisition operation <<elertr>>	electr|elert
production-1923-vol1-chapters	629	30.0	rtement	<<rtement>> water aud other public uses provided for	ratement
production-1923-vol1-chapters	629	33.1	impaid	remain <<impaid>> at the dime specific for the delivery	impair|impavid
production-1923-vol1-chapters	630	10.10	niatw	or person in possession of avy real <<niatw>>	niata
production-1923-vol1-chapters	631	12.0	vesswer	<<vesswer>> district may appoint as many deputies as	vesser
production-1923-vol1-chapters	635	27.0	wpalnst	<<wpalnst>> more than local or ordinary public benefit	walnut
production-1923-vol1-chapters	635	34.2	connly	faxes for <<connly>> purposes and allowing a reasonable depth	conly|connely|connoly|conny
production-1923-vol1-chapters	635	42.4	vosis	assessed to pay the <<vosis>> and expenses thereof the said rest	dosis|mosis|osis|vobis|vois|voris
production-1923-vol1-chapters	636	6.1	inaking	sons <<inaking>> such objections by depositing a notice thereof	inking|intaking|snaking
production-1923-vol1-chapters	637	10.0	unsetate	<<unsetate>> constitution of the united states or by	unsedate|unseptate|unstate
production-1923-vol1-chapters	638	26.12	umendei	as the juvenile court law and concerning <<umendei>>	amended
production-1923-vol1-chapters	639	32.0	venens	<<venens>> by virtue of the provisions of an	tenens|venene|veneno|veness
production-1923-vol1-chapters	641	19.6	uvven	to cover said first payment and <<uvven>> such subsequent pay	uvver
production-1923-vol1-chapters	641	22.0	cancelatton	<<cancelatton>> if however bonds based upon said assessment	cancelation
production-1923-vol1-chapters	642	14.9	emereney	legislature hereby declares that it deems it <<emereney>>	emergency
production-1923-vol1-chapters	643	9.0	pible	<<pible>> woth appropriated out of any money in	bible|cible|gible|ible|nible|pable
production-1923-vol1-chapters	644	9.10	exelu	this act becomes elective or for operations <<exelu>>	exclu|execu|exel|exell
