production-1917-vol1-chapters	1527	13.0	puners	<<puners>> of see the hoard of trustees of	pruners|punkers|punters|tuners
production-1917-vol1-chapters	1528	17.0	atdcd	<<atdcd>> however that in cities which have constructed	adcd|added|atdc
production-1917-vol1-chapters	1528	50.0	nasinms	<<nasinms>> parks and baths and to grant franchises	basins
production-1917-vol1-chapters	1531	25.5	negotiabilily	section additional provisions not affecting <<negotiabilily>>	negotiability
production-1917-vol1-chapters	1531	45.0	neyotiable	<<neyotiable>> following requirements	negotiable
production-1917-vol1-chapters	1531	46.0	netrmment	<<netrmment>> it must be in writing and signed	detriment
production-1917-vol1-chapters	1533	3.0	negotlability	<<negotlability>> the validity and negotiable character of an	negotiability
production-1917-vol1-chapters	1533	47.0	wstrument	<<wstrument>> act but any terms are sufficient which	instrument
production-1917-vol1-chapters	1534	31.13	lhered	hands of any holder as against any <<lhered>>	leered|thered|whered
production-1917-vol1-chapters	1535	51.0	voese	<<voese>> when a signature is forged or made	boese|hoese|voes|vorse|vose|woese
production-1917-vol1-chapters	1536	28.11	mtument	or by implication of law he ig <<mtument>>	student
production-1917-vol1-chapters	1537	27.8	indorsees	transfer the instrument to two or more <<indorsees>> severally	indorsee|indorsers|indorses
production-1917-vol1-chapters	1538	28.4	indorsces	or more payees or <<indorsces>> who are not partners all must pers	indorses
production-1917-vol1-chapters	1538	46.6	imdorse	except where the contrary appears every <<imdorse>> pace of	indorse
production-1917-vol1-chapters	1538	47.12	idorsement	fo have been made at the place <<idorsement>>	indorsement
production-1917-vol1-chapters	1540	24.11	ceeme	prima facie to be a holder who <<ceeme>>	ceme|cesme|cheme|creme|seeme
production-1917-vol1-chapters	1541	19.1	toaent	indwver <<toaent>> places thereon his signature in blank before	toment
production-1917-vol1-chapters	1542	38.9	preeentment	payment is not necessary in order to <<preeentment>>	presentment
production-1917-vol1-chapters	1543	5.0	oostitutes	<<oostitutes>>	constitutes
production-1917-vol1-chapters	1543	14.0	vinee	<<vinee>> uf at place presentment for payment is	inee|linee|vanee|viene|vince|vine
production-1917-vol1-chapters	1543	39.0	fersony	<<fersony>> where the persons primarily liable on the	ferson
production-1917-vol1-chapters	1547	12.0	besent	<<besent>> notice of dishonor must be sent to	bement|berent|besant|bescent|besen|beset
production-1917-vol1-chapters	1547	34.0	aetice	<<aetice>> notice of dishonor is dispensed with when	altice|antice|artice
production-1917-vol1-chapters	1548	10.0	uecommodation	<<uecommodation>>	accommodation
production-1917-vol1-chapters	1548	15.8	nonaccept	omission to give notice of dishonor by <<nonaccept>> fect of	nonaccent
production-1917-vol1-chapters	1550	18.9	bulof	of exchange is an unconditional order in <<bulof>>	bulo|buloh|bulot|bulow
production-1917-vol1-chapters	1551	38.0	accentanes	<<accentanes>> a bill may be accepted before it	acceptances
production-1917-vol1-chapters	1555	17.5	aftersight	section maturity of bill payable <<aftersight>> accepted for honor ete	afterlight|afternight
production-1917-vol1-chapters	1555	32.0	howmade	<<howmade>> an acceptance for honor supra protest must	homage
production-1917-vol1-chapters	1556	28.0	houor	<<houor>>	hodor|honor|hoor|hour
production-1917-vol1-chapters	1556	36.9	peeturation	act of honor must be founded on <<peeturation>>	penetration
production-1917-vol1-chapters	1557	21.0	nerotlated	<<nerotlated>> accrues is as between such holders the	negotiated
production-1917-vol1-chapters	1558	34.8	pennitions	this title unless the context otherwise requires <<pennitions>>	petitions
production-1917-vol1-chapters	1559	36.0	fsumate	<<fsumate>> of the board of school trustees or	sumate
production-1917-vol1-chapters	1560	18.9	nutding	so submitted and approved the funds s <<nutding>>	nuthing|nutting
production-1917-vol1-chapters	1561	35.1	unpotable	unwholesome <<unpotable>> polluted or dangerous to health	unnotable|unportable
production-1917-vol1-chapters	1562	24.11	mearin	such investigation and after ten days notice <<mearin>>	cearin|fearin|gearin|hearin|marin|meakin
production-1917-vol1-chapters	1562	34.8	unwhole	the circumstances and conditions it is impure <<unwhole>> ed	whole
production-1917-vol1-chapters	1562	35.2	unpotable	some or <<unpotable>> or may constitute a menace or danger	unnotable|unportable
production-1917-vol1-chapters	1563	11.0	shallbe	<<shallbe>> furnished or supplied to such human beings	shall
production-1917-vol1-chapters	1563	20.3	unpotable	impure unwholesome or <<unpotable>> or does or will endanger	unnotable|unportable
production-1917-vol1-chapters	1568	18.10	attorments	of under this act other than lands <<attorments>>	torments
production-1917-vol1-chapters	1568	34.12	pintw	bourd shall have the right in its <<pintw>>	pint|pinta|pinte|pinto|pints|pintu
production-1917-vol1-chapters	1570	1.8	caltivatior	every contract entered into between the board <<caltivatior>>	cultivation
production-1917-vol1-chapters	1570	7.10	tsurare	by fire excepted each scttler shall if <<tsurare>>	tulare
production-1917-vol1-chapters	1570	26.1	eaneel	fo <<eaneel>> the said contract of purchase and agreement	aneel|daneel
production-1917-vol1-chapters	1571	9.0	appropru	<<appropru>> fund hereinafter provided for the board shall	appropre|appropri
production-1917-vol1-chapters	1571	31.0	eotro	<<eotro>> to provide for advances of money to	entro|eoto|estro|etoro|etro|extro
production-1917-vol1-chapters	1572	12.0	cilapter	<<cilapter>>	chapter
production-1917-vol1-chapters	1575	18.0	sttomes	<<sttomes>> per annum provided that in counties of	stores
production-1917-vol1-chapters	1575	25.0	vdminis	<<vdminis>> hereafter be allowed by law	adminis
production-1917-vol1-chapters	1578	5.11	suron	of this class both grand and petty <<suron>>	auron|buron|duron|euron|furon|huron
production-1917-vol1-chapters	1578	37.12	cutate	the meaning of this act is reol <<cutate>>	acutate|cotate|cuate|curate|curtate|mutate
production-1917-vol1-chapters	1580	21.13	eatut	be known as the real estate real <<eatut>>	east
production-1917-vol1-chapters	1580	22.12	gmur	of said fund shall be paid all <<gmur>>	amur|gaur|ghur|gmr|gmu|gour
production-1917-vol1-chapters	1586	44.9	quaiies	deputy appointed by the supervisor shall be <<quaiies>>	qualies
production-1917-vol1-chapters	1587	0.0	qualifice	<<qualifice>> elapsed from the mailing of said notice	qualified
production-1917-vol1-chapters	1592	43.11	musdemean	in case of failure or neglect on <<musdemean>>	misdemean
production-1917-vol1-chapters	1593	30.0	commente	<<commente>> see on or before thirty days after	commence|comment|commented|commenter|commento|comments
production-1917-vol1-chapters	1600	17.9	controters	charges for oil protection the state con <<controters>>	controversy
production-1917-vol1-chapters	1602	10.11	detiquent	next following the delinquency of any charge <<detiquent>>	delinquent
production-1917-vol1-chapters	1602	24.0	alogist	<<alogist>> may employ additional counsel to assist the	algist|alogism|alquist|ologist
production-1917-vol1-chapters	1602	43.9	petroieun	the moneys heretofore paid to the state <<petroieun>>	petroleum
production-1917-vol1-chapters	1604	38.9	snenn	five thousand dollars per annum and the <<snenn>>	senn|sneen
production-1917-vol1-chapters	1605	38.0	sunerh	<<sunerh>> k the superintendent of schools two thousand	super
production-1917-vol1-chapters	1605	40.0	aehooks	<<aehooks>> hundred dollars per annum and traveling expenses	hooks
production-1917-vol1-chapters	1606	19.8	superison	the sum of one hundred twenty five <<superison>>	superion
production-1917-vol1-chapters	1606	42.0	therelo	<<therelo>>	thereto
production-1917-vol1-chapters	1607	15.8	vieksburg	held in the national domain within the <<vieksburg>> military	vicksburg
production-1917-vol1-chapters	1610	19.8	fighmy	appropriated there is hereby appropriated the sum <<fighmy>> tn	eighty|fighty
production-1917-vol1-chapters	1611	17.0	ollows	<<ollows>>	allows|follows|hollows|ollow
production-1917-vol1-chapters	1611	18.0	puliy	<<puliy>> mst b no insurance or surely company	puli|pulis|pully|pulpy|puly|yuliy
production-1917-vol1-chapters	1615	14.1	liewse	of <<liewse>> has wilfully misstated any material fact in	lierse|liese|liesse
production-1917-vol1-chapters	1618	38.12	fmuc	the controller of the state and paid <<fmuc>>	fmc|fmic|fmoc|fmu|fuc|muc
production-1917-vol1-chapters	1619	22.0	rulee	<<rulee>> icateq ol raising and selling domesticated game	brulee|dulee|julee|rilee|rolee|rubee
production-1917-vol1-chapters	1619	22.1	icateq	rulee <<icateq>> ol raising and selling domesticated game birds	cate
production-1917-vol1-chapters	1621	25.0	peene	<<peene>> pursuant to this section shal be surrounded	beene|deene|geene|heene|jeene|keene
production-1917-vol1-chapters	1621	29.0	larenie	<<larenie>> tf any person to whom such license	larene
production-1917-vol1-chapters	1622	8.12	itural	the state treasury not otherwise appro rate <<itural>>	tural
production-1917-vol1-chapters	1624	31.9	tutding	hoard of trustees shall erect the buildings <<tutding>>	funding|tutting
production-1917-vol1-chapters	1624	34.9	kmpment	board of trustees is authorized and required <<kmpment>>	moment
production-1917-vol1-chapters	1625	43.0	warantfor	<<warantfor>> sec the court may cause a warrant	warrantor
production-1917-vol1-chapters	1625	47.0	fxamtnation	<<fxamtnation>> sxc the judge of the said court	examination
production-1917-vol1-chapters	1626	43.11	feebie	or girl is brought before a juvenile <<feebie>>	feeble|freebie|heebie
production-1917-vol1-chapters	1629	19.0	ifome	<<ifome>> or to any similar institution hereafter created	fome|ifone|ihome
production-1917-vol1-chapters	1629	51.0	diseharxe	<<diseharxe>> clinical psychologist an examination of the mental	discharge
production-1917-vol1-chapters	1631	13.1	mtereted	ie <<mtereted>> he personally directly or indirectly interested in	terete
production-1917-vol1-chapters	1631	31.0	comraission	<<comraission>> operation of chapter one title five part	commission
production-1917-vol1-chapters	1634	30.8	souudan	that portion of the boundary line between <<souudan>>	soudan
production-1917-vol1-chapters	1634	33.5	vrountes	and permanently located as follows <<vrountes>>	routes
production-1917-vol1-chapters	1635	1.0	betweeino	<<betweeino>> uth boundary of said section twelve thence	between
production-1917-vol1-chapters	1638	1.10	bowdu	and seven said section twelve thence east <<bowdu>>	boadu|bodu|boldu|boudu|bowd
production-1917-vol1-chapters	1640	9.2	jmit	approved june <<jmit>> tn effect july sl	amit|emit|gmit|jit|jmi|jmt
production-1917-vol1-chapters	1641	41.0	aduleated	<<aduleated>> slx months or by both such fine	aculeated|adulated|adulterated
production-1917-vol1-chapters	1642	17.7	awesment	the assessor must prepare an assessment book <<awesment>>	averment
production-1917-vol1-chapters	1643	38.1	hercof	lions <<hercof>>	hercog|hereof
production-1917-vol1-chapters	1643	42.0	restfor	<<restfor>> corporation and whose hours of labor exceed	restor
production-1917-vol1-chapters	1644	25.9	steain	line of railroad within this state by <<steain>>	stain|stealin|steamin|stean|stearin|stearn
production-1917-vol1-chapters	1644	29.0	ciiapter	<<ciiapter>>	chapter
production-1917-vol1-chapters	1644	31.0	bercd	<<bercd>> one thousand six hundred seventeen one half	berch|berck|bercy|berd|bernd
production-1917-vol1-chapters	1645	1.0	wechnol	<<wechnol>> as shown by the annual report of	technol
production-1917-vol1-chapters	1645	42.0	froin	<<froin>> sale any order of sale or lease	broin|foin|frain|frein|frin|froid
production-1917-vol1-chapters	1647	10.0	swerm	<<swerm>> weights and measures shall be four years	serm|sherm|sperm|swarm|swem|swer
production-1917-vol1-chapters	1647	17.0	flollars	<<flollars>> conditioned upon the faithful performance of his	lollars
production-1917-vol1-chapters	1648	2.9	appointue	legislative body of any county or consolidated <<appointue>>	appointe|appointee
production-1917-vol1-chapters	1648	42.10	seputes	no county scaler or deputies shall be <<seputes>>	deputes|reputes
production-1917-vol1-chapters	1648	44.9	suverin	and measures shall assign to such counties <<suverin>>	saverin|severin|severing|suberin|suvorin
production-1917-vol1-chapters	1652	24.12	afiate	the state treasury not otherwise appro j <<afiate>>	abate|adiate|aviate|axiate
production-1917-vol1-chapters	1654	27.9	unssnitary	dairy shall be deemed unsanitary within the <<unssnitary>>	unsanitary
production-1917-vol1-chapters	1657	29.3	ercam	buying milk or <<ercam>> for private use	arcam|ecam|eram|ercan|ircam
production-1917-vol1-chapters	1657	30.0	weewe	<<weewe>> to severy creamery shipping station milk factory	weee|weeee|weeke|weele|weese|weewee
production-1917-vol1-chapters	1657	31.5	condensory	onbassof tory ice cream factory <<condensory>> or any person firm or	condensary|condensery|condensor
production-1917-vol1-chapters	1657	35.4	condensory	shipping station milk factory <<condensory>> ice cream factory	condensary|condensery|condensor
production-1917-vol1-chapters	1658	30.7	spreites	see the term standard babcock testing glassware <<spreites>>	spireites|sprites|sureties
production-1917-vol1-chapters	1661	7.3	pimbered	code to be <<pimbered>> one thousand eight hundred sixty one a	limbered|timbered
production-1917-vol1-chapters	1661	10.0	funeied	<<funeied>> lien upon the baggage and other property	funded
production-1917-vol1-chapters	1662	11.6	cnlilled	hundred sixty five of an act <<cnlilled>> an act to provide	unfilled
production-1917-vol1-chapters	1663	2.0	orelty	<<orelty>> and a majority of the electors voting	owelty
production-1917-vol1-chapters	1665	35.0	knacting	<<knacting>> see the enacting clause of all ordinances	enacting|unacting
production-1917-vol1-chapters	1666	27.11	murnc	for conducting the business of the insur <<murnc>>	murni|muroc
production-1917-vol1-chapters	1669	1.0	commmim	<<commmim>> market director may be proper	commit
production-1917-vol1-chapters	1670	18.8	scerc	the state market commission shall have a <<scerc>> term of	cerc|scrc|serc
production-1917-vol1-chapters	1672	27.12	vurome	that it is the purpose of this <<vurome>>	kurome
production-1917-vol1-chapters	1673	13.1	tomsh	jie <<tomsh>> sec it is hereby declared that the	tomah|tomish|toms|tomsk|toosh|tosh
production-1917-vol1-chapters	1675	8.10	destrne	pounds and varieties of fish reason for <<destrne>>	destine
production-1917-vol1-chapters	1677	20.2	ddlanks	vate er <<ddlanks>> of the form and class designated by	blanks
production-1917-vol1-chapters	1678	8.9	twles	state market director shall establish and en <<twles>> snd	tales|teles|tiles|toles|towles|tules
production-1917-vol1-chapters	1679	44.0	subpeenas	<<subpeenas>> b the superior court in and for	subpenas|subpoenas
production-1917-vol1-chapters	1688	40.10	camase	of every election shall be delivered to <<camase>>	camage|camas|camass|camise
production-1917-vol1-chapters	1691	1.0	impeme	<<impeme>> ont the provisions of paragraph a of	impede
production-1917-vol1-chapters	1691	5.8	ecanse	of the majority of the frontage to <<ecanse>> proceedings for	ecause
production-1917-vol1-chapters	1692	19.10	mwion	or construction of any building structure o <<mwion>>	gwion|mion|wion
production-1917-vol1-chapters	1693	4.7	jeasc	and to acquire and take by purchase <<jeasc>> condemnation or	neasc
production-1917-vol1-chapters	1693	11.0	ceriric	<<ceriric>> required for use within its limits to	ceramic
production-1917-vol1-chapters	1697	11.0	lepalizing	<<lepalizing>> whereas the oil industry of california is	legalizing
production-1917-vol1-chapters	1702	23.0	thercon	<<thercon>> sections six one hundred sixty seven one	thereon|therion|theron|therron
production-1917-vol1-chapters	1704	24.11	indebtednes	the grantee the city if and when <<indebtednes>>	indebtedness
production-1917-vol1-chapters	1708	1.10	sufan	forth a proposal to the qualified elec <<sufan>>	soufan|suan|suban|sudan|sufa|sufian
production-1917-vol1-chapters	1710	43.0	ehanter	<<ehanter>> relating to the police court	chanter|shanter
production-1917-vol1-chapters	1712	0.11	frav	such elections in said city and su <<frav>>	arav|brav|fav|flav|fra|frab
production-1917-vol1-chapters	1712	2.0	wueres	<<wueres>> thereafter wit on the twenty fifth day	queres|weres|wheres
production-1917-vol1-chapters	1715	22.0	oftetal	<<oftetal>> section a the board of election commissioners	fetal
production-1917-vol1-chapters	1716	29.2	cuorcr	vote srcoxp <<cuorcr>> if any for the same number	corer
production-1917-vol1-chapters	1716	39.3	omcen	ing order nr <<omcen>>	omen|ommen
production-1917-vol1-chapters	1725	0.0	slatutl	<<slatutl>> uf california ch	statute
production-1917-vol1-chapters	1726	0.10	rensions	section shall file a verified petition therefor <<rensions>>	pensions|tensions
production-1917-vol1-chapters	1727	8.9	resoln	section whenever the board of education hy <<resoln>>	resol|resold|resole|resolu|resolv|reson
production-1917-vol1-chapters	1727	28.0	ollows	<<ollows>>	allows|follows|hollows|ollow
production-1917-vol1-chapters	1727	40.0	solivit	<<solivit>> signatures and make the affidavit of verification	solicit|solvit
production-1917-vol1-chapters	1728	42.0	cincting	<<cincting>> shall be done by the office of	cinching|tincting
production-1917-vol1-chapters	1729	10.0	henatures	<<henatures>> gays after the filing of such petition	denatures
production-1917-vol1-chapters	1733	43.0	asnevsments	<<asnevsments>> ae	assessments
production-1917-vol1-chapters	1735	1.0	avewment	<<avewment>> the board of supervisors if it be	averment
production-1917-vol1-chapters	1735	13.7	sircet	upon any property for street work or <<sircet>> improvements	siret
production-1917-vol1-chapters	1740	19.0	fronticrsman	<<fronticrsman>> whose life stands forth in the establishment	frontiersman
production-1917-vol1-chapters	1742	17.0	evlation	<<evlation>> in the said city of eureka to	elation|eolation|velation
production-1917-vol1-chapters	1742	43.9	legslatir	legislative power of the city of eureka <<legslatir>>	legislator
production-1917-vol1-chapters	1743	41.1	nanees	cmc <<nanees>>	anees|manees|nafees|nanes|nannes|nantes
production-1917-vol1-chapters	1749	2.0	eoune	<<eoune>> maintenance	doune|elune|eone|eune
production-1917-vol1-chapters	1750	21.10	burcka	of the charter of the city of <<burcka>> be amended	burck|burka|burtka
production-1917-vol1-chapters	1750	28.6	evigam	this is to certify that we <<evigam>> faux mayor of the	evigan
production-1917-vol1-chapters	1753	18.0	bemdser	<<bemdser>> section the city of alameda shall continue	bedser
production-1917-vol1-chapters	1756	31.8	neenact	no ordinance shall be revised reenacted or <<neenact>>	reenact
production-1917-vol1-chapters	1759	45.0	igstrate	<<igstrate>> iie may administer and certify oaths and	istrate
production-1917-vol1-chapters	1762	12.9	pankas	may be treasurer when not in conflict <<pankas>>	bankas|mankas|panas|pandas|pangas|pankaj
production-1917-vol1-chapters	1763	52.3	vnerformed	shall be full <<vnerformed>>	performed
production-1917-vol1-chapters	1770	3.12	contrut	not be subject to the control no <<contrut>>	contrat
production-1917-vol1-chapters	1770	39.8	pollre	police department the city manager shall ap <<pollre>>	polle|poller|pollie
production-1917-vol1-chapters	1773	7.0	genistion	<<genistion>> sec the board shall control the generation	gestion
production-1917-vol1-chapters	1773	17.0	suethy	<<suethy>> water gas or electrical energy or for	suety|surety
production-1917-vol1-chapters	1774	19.7	windnuw	src withdrawal any candidate may withdraw by <<windnuw>>	window
production-1917-vol1-chapters	1777	8.0	iierc	<<iierc>> insert reasons contained in affidavit for recall	iirc
production-1917-vol1-chapters	1777	43.0	teputles	<<teputles>> desiring to circulate recall petitions shall apply	deputies
production-1917-vol1-chapters	1778	40.9	rerai	election if the officer whose recall is <<rerai>>	perai|reai|remai|renai|repai|rera
production-1917-vol1-chapters	1779	9.0	retums	<<retums>> tors who shall act as a canvassing	rectums
production-1917-vol1-chapters	1782	2.8	etth	granting re settlement franchises re settlement re <<etth>>	eath|eith|enth|erth|esth|etah
production-1917-vol1-chapters	1782	28.7	valuam	sec new and re settlement franchises valuation <<valuam>>	valaam|value
production-1917-vol1-chapters	1783	15.0	determm	<<determm>> determination of net revenue the annual net	deter|determ|determi
production-1917-vol1-chapters	1784	16.9	consee	himself therefrom for more than thirty days <<consee>>	congee|conlee|connee|conse|consec|conser
production-1917-vol1-chapters	1785	1.0	prinisions	<<prinisions>> promise to give to any person any	provisions
production-1917-vol1-chapters	1786	1.3	provasi	ter relative thereto <<provasi>>	pravasi
production-1917-vol1-chapters	1787	26.8	ilally	ti dillman a o gott frank w <<ilally>> p jorgenson	ically|lally
production-1917-vol1-chapters	1789	32.0	raetinc	<<raetinc>> et in the office of the secretary	rating
production-1917-vol1-chapters	1792	0.9	fignrer	charter so ratified is in words and <<fignrer>> as	figurer
production-1917-vol1-chapters	1793	10.3	cleeted	and the supervisors <<cleeted>> at the election held in and	cleated|cleeked|clefted|fleeted|sleeted
production-1917-vol1-chapters	1794	33.8	omecrs	all county officers except the probation officer <<omecrs>>	omers
production-1917-vol1-chapters	1795	31.2	iinndred	total six <<iinndred>> dollars per annum	kindred
production-1917-vol1-chapters	1796	36.11	tomzh	one justice of the peace and one <<tomzh>>	tomah
production-1917-vol1-chapters	1797	27.0	pamentot	<<pamentot>> section the salaries of township officers shall	ramento
production-1917-vol1-chapters	1798	35.11	ednea	five years experience as a teacher or <<ednea>>	edea|edna|edney|enea
production-1917-vol1-chapters	1801	1.0	rimtt	<<rimtt>> fiscal year together with all other expenses	imtt|rimet|riott|ritt
production-1917-vol1-chapters	1801	47.0	imenton	<<imenton>> of section the auditor acting in conjunction	menton|pimenton
production-1917-vol1-chapters	1802	18.9	ciims	claims against the county shall be allowed <<ciims>>	aiims|cims|crims|iims
production-1917-vol1-chapters	1805	1.0	eupineer	<<eupineer>> cost of the work and matters of	engineer
production-1917-vol1-chapters	1806	16.8	requisium	the road engineer shall make requisition upon <<requisium>>	requisite
production-1917-vol1-chapters	1808	6.0	seerctary	<<seerctary>>	secretary
production-1917-vol1-chapters	1808	40.1	buife	of <<buife>> state of california	buie
production-1917-vol1-chapters	1809	0.2	cleeled	certificate of <<cleeled>> on the second day of may in	cleeked
production-1917-vol1-chapters	1809	1.0	cumty	<<cumty>> clerk onder of the board of supervisors	cmty|culty|cumay|cummy|cunty|cutty
production-1917-vol1-chapters	1809	20.2	waernor	ix witness <<waernor>> i have hereunto set my hand and	warner
production-1917-vol1-chapters	1809	28.2	locry	i a <<locry>> county recorder of the county of butte	locey|lochy|locky|locri|locy|lorry
production-1917-vol1-chapters	1809	36.2	woerror	ix wrrxress <<woerror>> t have hereunto set my hand and	error
production-1917-vol1-chapters	1809	41.0	lealslature	<<lealslature>> resolved by the senate of the slate	legislature
production-1917-vol1-chapters	1814	0.9	rukeley	government said amendment relating to the officers <<rukeley>>	rugeley
production-1917-vol1-chapters	1817	30.0	dislston	<<dislston>> of every such re settlement franchise permit	disston|isleton
production-1917-vol1-chapters	1818	29.9	puwbe	shall hold public hearings on every pro <<puwbe>>	pube
production-1917-vol1-chapters	1821	12.0	ugsume	<<ugsume>> every resettlement franchise shall be granted upon	ugsome
production-1917-vol1-chapters	1826	2.11	cowelt	of the city except as otherwise pro <<cowelt>>	cowell|lowest
production-1917-vol1-chapters	1828	4.13	icilman	ballot at a general or special tor <<icilman>>	gilman
production-1917-vol1-chapters	1831	31.0	enactine	<<enactine>> cause	enacting|enactive
production-1917-vol1-chapters	1831	38.0	reapine	<<reapine>> or proposed ordinances	rapine|reaping|repine
production-1917-vol1-chapters	1832	2.1	ogpinance	apoptine <<ogpinance>>	ordinance
production-1917-vol1-chapters	1832	15.0	fruine	<<fruine>> and publication	fruin|gruine|ruine
production-1917-vol1-chapters	1833	32.0	crry	<<crry>> anp county officials combined	arry|carry|cary|cery|chry|corry
production-1917-vol1-chapters	1834	33.11	cteri	serve as secretary of the council tity <<cteri>>	ceri|cheri|cieri|cleri|eteri|oteri
production-1917-vol1-chapters	1834	39.10	uditr	for the payment of money by the <<uditr>>	udit
production-1917-vol1-chapters	1835	40.0	dortes	<<dortes>>	cortes|dores|dories|dorte|dorter|dorts
production-1917-vol1-chapters	1835	42.0	neent	<<neent>> chasing agent shall purchase all supplies for	neen|neena|neet|nent|newent|seent
production-1917-vol1-chapters	1836	18.10	treaswer	shal be the custodian of all moneys <<treaswer>>	treaster
production-1917-vol1-chapters	1837	0.0	beardof	<<beardof>> first appointment under this charter one shall	beard|beardo|beardom|beardon
production-1917-vol1-chapters	1837	30.0	dvtties	<<dvtties>>	ditties
production-1917-vol1-chapters	1838	36.0	dotiss	<<dotiss>>	dotish|duties
production-1917-vol1-chapters	1840	2.8	pottce	all fines penalties and forfeitures collected shall <<pottce>> court	pottie|pottle
production-1917-vol1-chapters	1841	10.0	rvurding	<<rvurding>> city shall annually on such date as	rounding
production-1917-vol1-chapters	1841	18.0	pusliciry	<<pusliciry>>	publicity
production-1917-vol1-chapters	1842	25.0	neporism	<<neporism>> forsbipden	nephrism|nepotism
production-1917-vol1-chapters	1842	25.1	forsbipden	neporism <<forsbipden>>	forbidden
production-1917-vol1-chapters	1848	14.11	limitor	of the city shall at no time <<limitor>>	limiter|lipitor
production-1917-vol1-chapters	1848	28.9	bertal	bonds shall be payable serially an equal <<bertal>>	beral|bereal|bernal|berta|bertat|bertel
production-1917-vol1-chapters	1851	20.2	banxor	form or <<banxor>>	bancor|bandor|bangor
production-1917-vol1-chapters	1852	1.5	cyual	there signed by qualified electors <<cyual>> to or in excess of ten	cual
production-1917-vol1-chapters	1852	6.0	catiina	<<catiina>> election	catilina|catina|catrina
production-1917-vol1-chapters	1854	23.3	crry	surrs against tue <<crry>>	arry|carry|cary|cery|chry|corry
production-1917-vol1-chapters	1854	29.0	reea	<<reea>> uiations suspect to council s approval	deea|eea|leea|raea|rea|reba
production-1917-vol1-chapters	1855	0.0	miseel	<<miseel>> b the council shall have power to	misael|mishel|missel
production-1917-vol1-chapters	1855	24.7	hercof	divisions and officers and distributing the functions <<hercof>>	hercog|hereof
production-1917-vol1-chapters	1857	27.3	lovesoy	by c everett <<lovesoy>> deputy	lovejoy
production-1917-vol1-chapters	1859	41.0	udarter	<<udarter>> amendment number eighteen	darter
production-1917-vol1-chapters	1860	18.6	ciranies	this is to certify that we <<ciranies>> p cootry mayor of the	cranes
production-1917-vol1-chapters	1860	18.8	cootry	is to certify that we ciranies p <<cootry>> mayor of the	contry|coutry
production-1917-vol1-chapters	1861	10.9	commitices	of the finance and hospitals and asylums <<commitices>>	committees
production-1917-vol1-chapters	1861	25.0	facroach	<<facroach>> whereas in the exercise of its taxing	encroach
production-1917-vol1-chapters	1861	28.0	kmeniment	<<kmeniment>> hot availed of by that government and	amendment
production-1917-vol1-chapters	1864	8.8	wtkon	the hydrographical work of the coast and <<wtkon>>	otkon|wakon|wton
production-1917-vol1-chapters	1865	12.0	dauited	<<dauited>> states and for other purposes	daunted
production-1917-vol1-chapters	1869	1.0	freclams	<<freclams>> the reclamation law	reclama
production-1917-vol1-chapters	1869	12.1	wirrress	anp <<wirrress>> the passage of such bill would be	wireless
production-1917-vol1-chapters	1869	24.0	citapter	<<citapter>>	chapter
production-1917-vol1-chapters	1869	44.0	wureress	<<wureress>> one hundred forty thousand people who live	wireless
production-1917-vol1-chapters	1870	15.0	wuersas	<<wuersas>> tt is estimated that private parties and	whereas
production-1917-vol1-chapters	1870	24.8	prospeeted	section of country has not been thoroughly <<prospeeted>>	prospected
production-1917-vol1-chapters	1870	26.3	scawalls	whereas when the <<scawalls>> have been completed accord	seawalls
production-1917-vol1-chapters	1870	32.0	wuoerks	<<wuoerks>> crescent city bay with the proposed seawalls	works
production-1917-vol1-chapters	1870	38.10	joca	and mexico on the sonth its geographical <<joca>>	boca|coca|doca|foca|hoca|jaca
production-1917-vol1-chapters	1872	1.11	ttecession	or rhett jake goose lake and clear <<ttecession>> o	recession
production-1917-vol1-chapters	1872	17.1	warreas	anp <<warreas>> the reclamation service of the united states	warrens
production-1917-vol1-chapters	1873	29.0	dhiriets	<<dhiriets>> two and one half per cent interest	dairies
production-1917-vol1-chapters	1874	5.9	sccie	service station on humboldt bay to the <<sccie>>	ccie|schie|scie|socie
production-1917-vol1-chapters	1874	10.0	wireneas	<<wireneas>> the facilities for moving and transporting the	wireless
production-1917-vol1-chapters	1875	10.0	germuts	<<germuts>> gnd in behalf of humanity everywhere has	permits
production-1917-vol1-chapters	1880	13.0	visorial	<<visorial>> district no such boundaries shall ever be	mistrial|risorial
production-1917-vol1-chapters	1880	27.0	trict	<<trict>> officers other than elective officers their assistants	strict|tract|triact|tric|trica|trice
production-1917-vol1-chapters	1880	31.0	appointces	<<appointces>> unless such terms of office and compensation	appointees
production-1917-vol1-chapters	1881	46.0	inlees	<<inlees>> sated sze the following county officers are	inlets
production-1917-vol1-chapters	1883	41.0	burdof	<<burdof>> section on the first friday after the	burdon
production-1917-vol1-chapters	1884	5.11	supein	by a majority vote of those pres <<supein>>	super
production-1917-vol1-chapters	1884	26.10	avdltor	entering upon the discharge of the duties <<avdltor>>	auditor
production-1917-vol1-chapters	1884	50.7	navable	during such month have become due or <<navable>> to such officer	lavable|namable|navale|savable|wavable
production-1917-vol1-chapters	1886	9.8	mopty	the auditor shal keep a property account <<mopty>>	moity|monty|mooty|mopey|moppy|mopsy
production-1917-vol1-chapters	1886	28.6	wileurn	one constable for each judicial township <<wileurn>>	wilbur|wilburn
production-1917-vol1-chapters	1886	30.2	cleeted	nominated and <<cleeted>> at the times and in the manner	cleated|cleeked|clefted|fleeted|sleeted
production-1917-vol1-chapters	1889	22.0	lmeow	<<lmeow>> than eight hours of actual service shall	leow|meow
production-1917-vol1-chapters	1892	40.7	reulon	wauerress the california statutes governing municipal corporations <<reulon>>	regulon|revlon|rulon|teulon
production-1917-vol1-chapters	1893	10.0	ciiapter	<<ciiapter>>	chapter
production-1917-vol1-chapters	1894	1.11	najonl	township seventeen south both in range seven <<najonl>>	cajon
production-1917-vol1-chapters	1894	43.11	hnent	of california at its regular session oo <<hnent>>	anent|hent|nent
production-1917-vol1-chapters	1895	36.0	mizsioners	<<mizsioners>> terms for which the members of the	misioners|missioners
production-1917-vol1-chapters	1895	50.0	omees	<<omees>> article for any city or consolidated city	mees|omens|omers|omes|omnes
production-1917-vol1-chapters	1896	44.10	temtoy	which consists wholly of only one f <<temtoy>>	tempo
production-1917-vol1-chapters	1896	45.9	unincor	or town or which consists wholly of <<unincor>> se	unicor
production-1917-vol1-chapters	1897	28.0	unncor	<<unncor>> includes unincorporated territory and one or more	unicor
production-1917-vol1-chapters	1897	29.1	sporated	poratea <<sporated>> cities or towns or which includes more	operated|spirated|sported
production-1917-vol1-chapters	1897	31.0	oneeity	<<oneeity>> city or town shall be obtained hy	obesity
production-1917-vol1-chapters	1898	44.10	temtory	which consists wholly of only one if <<temtory>>	memory
production-1917-vol1-chapters	1898	47.10	temton	city and county now existing or which <<temton>>	tecton|tekton|terton|teston|teton|teuton
production-1917-vol1-chapters	1899	27.0	tertilury	<<tertilury>> if additional territory including unincorporated territory	tertiary
production-1917-vol1-chapters	1899	31.0	ocls	<<ocls>> city and county now existing or which	acls|ccls|cls|cols|icls|lcls
production-1917-vol1-chapters	1900	36.0	ecssive	<<ecssive>> publications in a newspaper of general circulation	essive
production-1917-vol1-chapters	1902	31.10	indedtednes	or the consolidation of two or more <<indedtednes>>	indebtedness
production-1917-vol1-chapters	1903	15.0	tnegation	<<tnegation>> whereas the monument erected to the memory	negation
production-1917-vol1-chapters	1903	20.0	witereas	<<witereas>> doubt has been east upon the correctness	whereas
production-1917-vol1-chapters	1904	4.8	volcd	the county of marin slate of california <<volcd>>	volc|volca|vold
production-1917-vol1-chapters	1906	2.12	amemment	by a majority of the electors voting <<amemment>>	amendment
production-1917-vol1-chapters	1906	10.6	rafac	ter of the city of san <<rafac>> to be numbered section	rafa|rafah|rafal|rafat|rafic
production-1917-vol1-chapters	1908	16.0	tosurance	<<tosurance>>	insurance
production-1917-vol1-chapters	1908	45.3	therchy	he better served <<therchy>> shall arrange for a joint meeting of	thearchy
production-1917-vol1-chapters	1909	6.0	jont	<<jont>> ani joint resolutions are those which relate	bont|cont|dont|font|gont|hont
production-1917-vol1-chapters	1909	13.11	jtouse	be read but one time in each <<jtouse>>	jouse|touse
production-1917-vol1-chapters	1910	2.10	bsamin	by the house in which the bill <<bsamin>>	osamin|samin
production-1917-vol1-chapters	1910	21.9	hetum	on revision and printing shall return to <<hetum>> of	hetu|tetum
production-1917-vol1-chapters	1911	26.10	aecred	to authors copies of their own bills <<aecred>>	acred|aelred|decred
production-1917-vol1-chapters	1913	20.0	aletion	<<aletion>> in one house on bill transmitted from	alation|alebion|alerion|alexion
production-1917-vol1-chapters	1913	38.0	tieable	<<tieable>> and report the same hack to the	timable|timeable
production-1917-vol1-chapters	1914	38.11	vasing	in the usual course upon all bills <<vasing>> o	asing|basing|casing|easing|gasing|kasing
production-1917-vol1-chapters	1915	12.9	itouse	emergency clause be again introduced into such <<itouse>>	touse
production-1917-vol1-chapters	1916	13.12	saments	a senate bill the senate if it <<saments>>	aments|laments
production-1917-vol1-chapters	1918	19.1	wtiit	dispensing <<wtiit>> joint rules	writ
production-1917-vol1-chapters	1918	20.11	dopering	be dispensed with except by vole of <<dopering>>	doering|dowering
production-1917-vol1-chapters	1920	10.0	wierras	<<wierras>> the massing of these indians in certain	sierras|tierras
production-1917-vol1-chapters	1920	19.3	poliev	whereas the general <<poliev>> of state aud national coupera	polie|polier
production-1917-vol1-chapters	1920	19.8	coupera	the general poliev of state aud national <<coupera>>	coopera|couper
production-1917-vol1-chapters	1924	41.1	vitics	incorporated <<vitics>> and towns and if there be no	vitis|vitrics
production-1917-vol1-chapters	1927	0.0	bendaie	<<bendaie>> je board of freeholders must also include	bandage
production-1917-vol1-chapters	1928	8.11	dietrle	the filing of the proposed charter as <<dietrle>>	dieterle
production-1917-vol1-chapters	1929	0.0	sumcation	<<sumcation>> printed and circulated in the county such	sulcation|summation
production-1917-vol1-chapters	1929	33.0	indsinect	<<indsinect>> jn the district ercatcd by the resolution	indirect
production-1917-vol1-chapters	1931	31.0	mssioers	<<mssioers>> terms for which the members of the	missioners
production-1917-vol1-chapters	1932	18.1	cleeted	officers <<cleeted>> after the adoption of such charter by	cleated|cleeked|clefted|fleeted|sleeted
production-1917-vol1-chapters	1934	3.8	deweed	city together with all other incorporated cities <<deweed>>	deseed|dewees|dyeweed
production-1917-vol1-chapters	1934	48.10	nomiatio	hy the legislature of any charter framed <<nomiatio>>	nomination
production-1917-vol1-chapters	1935	43.0	untrersal	<<untrersal>> whereas it is vital to the life	universal
production-1917-vol1-chapters	1937	0.0	chaptehy	<<chaptehy>>	chapter
production-1917-vol1-chapters	1937	20.10	mnnici	state any county city und county or <<mnnici>>	monica
production-1917-vol1-chapters	1937	34.3	fitlingly	great west may <<fitlingly>> honor the distinguished representatives	fillingly|fittingly
production-1917-vol1-chapters	1939	18.0	allfornia	<<allfornia>>	alfornia|california
production-1917-vol1-chapters	1940	9.0	tieal	<<tieal>> agriculture and mechanic arts in accordance with	teal|tial|tical|tidal|tiel|tikal
production-1917-vol1-chapters	1941	46.7	arnerich	w anderson joseph m argabrite paul j <<arnerich>> geo w	argerich
production-1917-vol1-chapters	1942	4.4	eksward	lawrence edwards frank leonard <<eksward>> bert l farmer	edward
production-1917-vol1-chapters	1942	9.1	horbach	robert <<horbach>> r oh hudson a burlingame johnson	forbach|harbach|holbach|horace|hornbach|orbach
production-1917-vol1-chapters	1942	23.0	sexale	<<sexale>> concurrent resolution no relative lo lidclands	seale|secale|segale|sexuale|sexwale
production-1917-vol1-chapters	1942	23.6	lidclands	sexale concurrent resolution no relative lo <<lidclands>>	tidelands
production-1917-vol1-chapters	1942	28.14	vinteo	the city of san diego in furtherance <<vinteo>>	into|vinte|vintem|vinten|vinter|vinto
production-1917-vol1-chapters	1943	8.0	oatsy	<<oatsy>> whereas the mayor and city clerk of	batsy|oatey|oatly|oats|oaty|patsy
production-1917-vol1-chapters	1945	14.9	resewer	or repile cap or recap sewer or <<resewer>> surface	renewer|resawer|resever|resewed
production-1917-vol1-chapters	1948	1.8	oattand	municipal corporation in the county of alameda <<oattand>>	oatland
production-1917-vol1-chapters	1951	16.0	sbai	<<sbai>>	abai|bai|sabai|sabi|sai|sba
production-1917-vol1-chapters	1951	34.0	cilapter	<<cilapter>>	chapter
production-1917-vol1-chapters	1953	39.0	rocailed	<<rocailed>> wirerkas the so called sutter basin controversy	recalled
production-1917-vol1-chapters	1954	17.1	icvee	eastern <<icvee>> of said by pass	icee
production-1917-vol1-chapters	1955	5.0	ciiapter	<<ciiapter>>	chapter
production-1917-vol1-chapters	1955	6.0	senaly	<<senaly>> constitutional amendment no resolution pre	sealy|senal|senary|senay
production-1917-vol1-chapters	1955	16.4	cleeted	thirds of ihe members <<cleeted>> to each of the two houses of	cleated|cleeked|clefted|fleeted|sleeted
production-1917-vol1-chapters	1959	36.10	oceupa	registered voters who by reason of their <<oceupa>>	occupy
production-1917-vol1-chapters	1960	18.6	jnris	elssenbly joint resolution no accepting lomporary <<jnris>>	jeris|joris|juris|nris|snris
production-1917-vol1-chapters	1961	0.9	exposti	be granted to the panama pacific international <<exposti>>	exposit
production-1917-vol1-chapters	1963	0.1	elmter	city <<elmter>> ereas such copies could he had upon	elater|elmer|elster|elter|emter
production-1917-vol1-chapters	1964	24.2	custmies	l w <<custmies>>	cuties
production-1917-vol1-chapters	1964	45.11	smenimen	of california at its forty second session <<smenimen>>	specimen
production-1917-vol1-chapters	1965	18.1	ofrive	fale <<ofrive>> whereas it is estimated there are many	orive
production-1917-vol1-chapters	1966	28.0	wirernss	<<wirernss>> the city of san rafael in the	wireless
production-1917-vol1-chapters	1966	28.12	batuel	rafael in the county of marin san <<batuel>>	batel|battel|batule
production-1917-vol1-chapters	1968	45.1	evcene	seal <<evcene>> w samira	eocene
production-1917-vol1-chapters	1969	0.0	psiatue	<<psiatue>> nd whereas the said proposed amendments to	statue
production-1917-vol1-chapters	1969	32.0	citapter	<<citapter>>	chapter
production-1917-vol1-chapters	1969	38.0	pablle	<<pablle>> general laws and	pabble|pable|paille|palle
production-1917-vol1-chapters	1970	32.10	macnent	the burden and sacrifice incidental to the <<macnent>>	manent
production-1917-vol1-chapters	1971	0.0	chaptisr	<<chaptisr>>	chapter
production-1917-vol1-chapters	1971	5.2	laxcs	cities for <<laxcs>> lost on account of exemptions	lacs|lancs|laxus
production-1917-vol1-chapters	1971	34.0	thoseln	<<thoseln>> brothers are called upon to leave their	those
production-1917-vol1-chapters	1971	35.0	artne	<<artne>> seniee professions and enter upon the servive	arene|arine|arne|artane|arte|artee
production-1917-vol1-chapters	1971	35.1	seniee	artne <<seniee>> professions and enter upon the servive of	sendee|senie|senile|sentee
production-1917-vol1-chapters	1972	3.11	mihe	duty and his dependents in their great <<mihe>> yeni	ihe|mahe|mhe|mice|miche|mide
production-1917-vol1-chapters	1972	5.0	wuerss	<<wuerss>> those loyal americans not engaged in active	duress
production-1917-vol1-chapters	1972	34.9	tohnx	property shall not be taken or damaged <<tohnx>> of	thnx|tohno
production-1917-vol1-chapters	1973	0.0	takingol	<<takingol>> right of way required for u public	taking
production-1917-vol1-chapters	1974	7.10	comnw	the state of california at its regular <<comnw>>	comn
production-1917-vol1-chapters	1975	34.0	fiabe	<<fiabe>> and county of san francisco may at	fabe|fibe
production-1917-vol1-chapters	1977	16.0	coustitn	<<coustitn>> resolved by the assembly the senate concurring	cousin
production-1917-vol1-chapters	1977	24.0	relnbure	<<relnbure>> see anything in this constitution to the	reinsure
production-1913-statutes	2	6.1	sormo	boynton <<sormo>> i dohnstonr w	mormo|sermo|somo|sorbo|sordo|sorgo
production-1913-statutes	2	6.3	dohnstonr	boynton sormo i <<dohnstonr>> w	johnston
production-1913-statutes	2	8.3	moorhoure	j buynton we <<moorhoure>> wae	moorhouse
production-1913-statutes	2	12.3	filueation	oo buthertan von <<filueation>> sw gunepa i	filtration
production-1913-statutes	2	12.5	gunepa	oo buthertan von filueation sw <<gunepa>> i	genera
production-1913-statutes	2	15.6	woille	w ary breed eee occ aaa <<woille>> doveoenceneessersees	whille|wille|wolle
production-1913-statutes	2	21.1	nocoee	i <<nocoee>> jones corer bohnett ae ot	ocoee
production-1913-statutes	2	25.1	wnnnee	w <<wnnnee>> vot i aaa tf esa smith on	winner
production-1913-statutes	2	26.7	cuiberson	mn need ee tmivlyon a bh b <<cuiberson>> ba	culberson|guiberson
production-1913-statutes	2	32.2	uippy	cii age <<uippy>> como iy gg brown tog	bippy|dippy|gippy|hippy|ippy|kippy
production-1913-statutes	2	38.2	birdsan	b benedict <<birdsan>> os	birdman|birds
production-1913-statutes	2	43.5	ourtin	bt ee wom chandler oy <<ourtin>> nt	burtin|courtin|curtin|hurtin|ortin
production-1913-statutes	2	46.0	oriftin	<<oriftin>> cen a sanford ee	driftin|origin
production-1913-statutes	2	47.0	trenedict	<<trenedict>> ti in cohn e	benedict
production-1913-statutes	2	49.1	onmpbell	benedict <<onmpbell>>	campbell
production-1913-statutes	2	50.1	benevitet	ib <<benevitet>> af s eoi benedict ttt	benefited
production-1913-statutes	2	55.3	ohandler	al sutherland asa <<ohandler>> eee	chandler|handler
production-1913-statutes	3	11.7	yurtn	ie ie cian oa aaa au es <<yurtn>>	yuren|yurt|yurta|yurts
production-1913-statutes	3	22.5	prnator	ae fie a a az <<prnator>> z	preator|pronator
production-1913-statutes	3	23.4	tuilla	br vst an a <<tuilla>> comm i	muilla|quilla|tilla|trilla|tuille|tulla
production-1913-statutes	3	39.2	pooena	aide poi <<pooena>> rah cm	poena|poona|poorna
production-1913-statutes	3	46.0	bovnton	<<bovnton>> hsb te	bonton|boonton|boynton
production-1913-statutes	3	57.1	bhowron	eae <<bhowron>> ns paseo boy ween fi z	bowron
production-1913-statutes	3	58.1	roynton	sa <<roynton>> woo rneeeevesecee tee noe	boynton|poynton|royston|royton
production-1913-statutes	4	7.3	stewstt	a ee au <<stewstt>> cee	stewart
production-1913-statutes	4	19.2	bloodguod	h a <<bloodguod>> ya a d oo cn pal	bloodgood
production-1913-statutes	4	20.1	anieae	za <<anieae>> copewell iit whan ion rober	animae|animal
production-1913-statutes	4	20.2	copewell	za anieae <<copewell>> iit whan ion rober	capewell|hopewell
production-1913-statutes	4	25.2	vnany	dt a <<vnany>> walsh toveeneeeveneennae ys a ssyitie en	nany|vanny
production-1913-statutes	4	27.1	wnanee	ren <<wnanee>> jone cinter voecaeenceeeen y ral ree esenecene	nance|wanee
production-1913-statutes	4	28.3	uinkle	oo ae is <<uinkle>> ne w a tr ren it	dinkle|finkle|hinkle|inkle|jinkle|kinkle
production-1913-statutes	4	31.7	chanelier	a as tt rehoe ne p toon <<chanelier>> ee	chandelier|chandler|chatelier
production-1913-statutes	4	36.1	iizy	a <<iizy>> irene aunlerson eee sutherinnd serene	itzy|izy|izzy|lizy|nizy|sizy
production-1913-statutes	4	36.3	aunlerson	a iizy irene <<aunlerson>> eee sutherinnd serene	anderson
production-1913-statutes	4	36.5	sutherinnd	a iizy irene aunlerson eee <<sutherinnd>> serene	sutherland
production-1913-statutes	4	37.9	aiatad	ee we bd co wht wore ond <<aiatad>>	abated
production-1913-statutes	4	38.7	lnarl	rag benedict g j at b berner <<lnarl>> ovrerennoeseee	gnarl|snarl
production-1913-statutes	4	41.8	neteon	ei mccarthy ani mol ts zit ore <<neteon>> peccctcnmeeteen	nation
production-1913-statutes	4	47.7	nnannan	uit thompson studi oo as ten o <<nnannan>> ore	nannan
production-1913-statutes	4	54.5	adatad	aus bryant gra on fdu <<adatad>>	adata
production-1913-statutes	4	55.2	shnnahan	lta w <<shnnahan>> von bbd ey honffeun eee	shanahan|shannahan
production-1913-statutes	4	56.6	noeee	a aver a bad a ae <<noeee>> pho adge e	neee|novee
production-1913-statutes	4	61.2	copswell	m cores <<copswell>> as rez biz j butler sono	cogswell
production-1913-statutes	4	70.5	killingeworth	thomp ttt ttt s sep <<killingeworth>>	killingsworth|killingworth
production-1913-statutes	4	73.6	uepy	bes ot voyuton a mb bro <<uepy>> nee	pepy|uep|uppy
production-1913-statutes	4	76.5	teythe	aug rush ase ars gen <<teythe>>	teathe|teethe
production-1913-statutes	5	5.3	gobn	pa author ae <<gobn>> woos oe	gbn|goan|gob|goba|goban|gobe
production-1913-statutes	5	15.4	ponm	aoe ba a nanan <<ponm>> bor	onm|pnm|poem|pom|pon|pona
production-1913-statutes	5	20.0	johnat	<<johnat>> eb be hewit ee	johna|joint
production-1913-statutes	5	21.7	yotem	ls mien te do oh sis fs <<yotem>> i	gotem|rotem|totem|yotam|yote|yotel
production-1913-statutes	5	22.7	cannbel	ey an jonnsien one bal pos i <<cannbel>> soit	cannel
production-1913-statutes	5	28.6	samiin	m nd hom innegon ann a <<samiin>> wocennnseeeeenes ea	samian|samii|samin|samini|samrin
production-1913-statutes	5	29.1	beott	mi <<beott>> cll wenn sor me a gates en	bbott|bett|blott|boott|bott|brott
production-1913-statutes	5	31.4	iarp	tan hott eee ae <<iarp>> goxswel a	aarp|arp|carp|darp|earp|garp
production-1913-statutes	5	31.5	goxswel	tan hott eee ae iarp <<goxswel>> a	gospel
production-1913-statutes	5	34.1	jorewe	ea <<jorewe>> see see ake eee a	joree
production-1913-statutes	5	36.0	anaes	<<anaes>> verre bi ts anee ra an ae	adaes|anaces|anacs|anae|anaee|anais
production-1913-statutes	5	41.6	mnannn	rush ae bo ee po rater <<mnannn>> i	mann|mannn|mannnn
production-1913-statutes	5	44.5	tenmee	wes m i rush ges <<tenmee>> t pane u	tenee
production-1913-statutes	5	48.7	pahiner	ae con pall ie aaa ot ass <<pahiner>>	partner
production-1913-statutes	5	50.2	gaminett	ia c <<gaminett>> eieie gm at ts palmer cee ee	caminetti
production-1913-statutes	5	50.3	eieie	ia c gaminett <<eieie>> gm at ts palmer cee ee a	piece
production-1913-statutes	5	55.7	ikle	ae ane pret a ae co iw <<ikle>> wcneccncccomn m	ible|ickle|idle|iele|ihle|ike
production-1913-statutes	5	64.3	ennnen	om butler lone <<ennnen>> a i jre murray ot one	ennen
production-1913-statutes	5	67.1	julllard	i <<julllard>> wore onee ae a yroodlc ttt tt	juillard|julliard
production-1913-statutes	6	14.8	furwell	ne oy young nan on a ora <<furwell>> a wig	burwell|farwell|fulwell|furnell
production-1913-statutes	6	17.3	ndier	a wet one <<ndier>> iit o rm wou norbetend so ina	dier|nder|nier|nodier|odier
production-1913-statutes	6	18.1	ghandier	ns <<ghandier>> ie be a es ellis oe mir	grandier|handier
production-1913-statutes	6	20.2	omenny	chaud on <<omenny>> far civil	menny
production-1913-statutes	6	23.5	cuminet	chandler ae a xn j <<cuminet>> na	cabinet
production-1913-statutes	6	26.1	obandler	ae <<obandler>> veneenen oe ois soy jopl ay byrnes	bandler|handler
production-1913-statutes	6	33.2	tuhnston	bad tol <<tuhnston>> comet of oon ory finn oa onecn	johnston
production-1913-statutes	6	33.9	onecn	tuhnston comet of oon ory finn oa <<onecn>> canes	necn|onen
production-1913-statutes	6	35.2	tlob	oo a <<tlob>> johnstone waa alate breed wewe ewer eee	blob|clob|flob|glob|lob|slob
production-1913-statutes	6	39.2	sutheviand	ce lust <<sutheviand>> neeno pve bene se pokey cm	sutherland
production-1913-statutes	6	39.3	neeno	ce lust sutheviand <<neeno>> pve bene se pokey cm	keeno|neeko|neemo|neen|neena|neno
production-1913-statutes	6	40.3	perens	ones a emis <<perens>> ocean wo onan at gue os has	berens|erens|ferens|kerens|parens|pedens
production-1913-statutes	6	43.2	chareiier	fo ses <<chareiier>> ene ganhan ro ee smith rack ee	charier
production-1913-statutes	6	43.4	ganhan	fo ses chareiier ene <<ganhan>> ro ee smith rack ee	gaghan|gahan|gangan|ganyan
production-1913-statutes	6	45.1	bobnett	wiz <<bobnett>> won eneeneeeee eee ag i j a	bohnett|bonnett
production-1913-statutes	6	50.2	tlinkle	oi anon <<tlinkle>> aaa ewe ioe slater pe	linkle|tinkle|trinkle|twinkle
production-1913-statutes	6	69.6	yyag	ari s ington t comeccots uso <<yyag>>	yag
production-1913-statutes	7	8.2	pewirs	bib gabbert <<pewirs>>	peairs|pewits|powers
production-1913-statutes	7	15.0	tulloeh	<<tulloeh>> meee ec en nn en eee eo	tulloch
production-1913-statutes	7	18.4	terkine	b nelson naa woe <<terkine>> et i	tarkine|tercine|termine|terpine|terrine
production-1913-statutes	7	19.7	suntord	wa a shartel oo nat aes jp <<suntord>> et ta	suntory
production-1913-statutes	7	24.3	tarkins	shearer ngo on <<tarkins>>	arkins|harkins|larkins|parkins|takins|tarkin
production-1913-statutes	7	28.4	boyntom	w weisel j mvl <<boyntom>> tt	bottom|boynton
production-1913-statutes	7	30.9	merece	ne kmingeworth nneeeenn nno g ono gimme <<merece>> eneeeeennnnen her	meece|merce|merete|merice
production-1913-statutes	7	33.1	dowet	eee <<dowet>> ae neenaeenenen young	bowet|doet|donet|dowcet|dowe|dowed
production-1913-statutes	8	17.1	caminetth	sr <<caminetth>> ol gr a rush ne	caminetti
production-1913-statutes	8	18.0	camjnettl	<<camjnettl>> wane enone lou cc r gatep totes	caminetti
production-1913-statutes	8	19.2	suntord	j b <<suntord>> s g r b curtin ring	suntory
production-1913-statutes	8	27.2	toynton	j bis <<toynton>> v ob j rl j syanaban wana	boynton|poynton|tointon|tonton
production-1913-statutes	8	28.1	bohoett	ht <<bohoett>> wk s dd rw onion ene	bohnett
production-1913-statutes	8	35.4	teoal	gr tt ryan ee <<teoal>> c r d morgenstern m	teal|tebal|tefal|tegal|tepal|teral
production-1913-statutes	8	39.4	rboal	olr ft cron nn <<rboal>> clr wm onnepa	boal|roal
production-1913-statutes	8	39.7	onnepa	olr ft cron nn rboal clr wm <<onnepa>>	annexa
production-1913-statutes	8	40.2	wilght	c r <<wilght>> ee eh st orl finnegan	wieght|wight
production-1913-statutes	8	49.2	moagenstern	a r <<moagenstern>> wire me al g sutherland	morgenstern
production-1913-statutes	8	52.6	sutherluud	rr queen ty tb oac asst <<sutherluud>>	sutherland
production-1913-statutes	9	3.1	omelal	name <<omelal>> position residence	omelas
production-1913-statutes	9	15.1	mecabo	alexander <<mecabo>> ttt private secretary to governor ban francisco	metabo
production-1913-statutes	9	22.1	rolkin	edward <<rolkin>> plrst o eee eel ne sm fpranescy	rockin|rodkin|rolin|rollin|tolkin
production-1913-statutes	9	25.7	nenenn	jot mcelvaine fourth wan reewnre ne nnennnne <<nenenn>> seme ne mene soeneee san bernardino	neneng
production-1913-statutes	9	39.1	ofmfeo	name <<ofmfeo>> whence elected	offer
production-1913-statutes	9	41.5	rataa	m angellotti associate justice ban <<rataa>>	ataa|raaa|rabaa|rata|ratal|ratan
production-1913-statutes	9	45.8	nmene	a melvin associate justice wat tenn enna <<nmene>> renee meme at cn nen oakland	amene|mene|nene
production-1913-statutes	10	2.8	francisen	fargo building seesnd and mission streets snp <<francisen>>	francise
production-1913-statutes	10	4.2	leanon	how j <<leanon>> presiding justice en rafael	eanon|leadon|leamon|leanin|leann|leason
production-1913-statutes	10	7.2	hayselden	p j <<hayselden>> clerk oakland	haselden
production-1913-statutes	10	20.0	elitnh	<<elitnh>> o part associate justice sacramento	elitch
production-1913-statutes	10	24.1	pollties	name <<pollties>> das address	polities|pollies
production-1913-statutes	10	27.1	ourry	o <<ourry>> republi an gu j ptreel sacramento cal	burry|curry|durry|furry|gurry|hurry
production-1913-statutes	10	27.6	ptreel	o ourry republi an gu j <<ptreel>> sacramento cal	streel
production-1913-statutes	10	29.5	gnerrero	john i nolan republican th <<gnerrero>> alreet ran francisco cal	guerrero
production-1913-statutes	10	29.6	alreet	john i nolan republican th gnerrero <<alreet>> ran francisco cal	afreet
production-1913-statutes	10	32.2	uoyes	every a <<uoyes>> republican th fdenvale santa ciara county cul	boyes|moyes|noyes
production-1913-statutes	10	32.5	fdenvale	every a uoyes republican th <<fdenvale>> santa ciara county cul	edenvale
production-1913-statutes	10	35.1	kettuer	wiliam <<kettuer>> democrat lth union street sun diego cal	ketter|kettler|kettner
production-1913-statutes	11	2.0	wartek	<<wartek>> n pannisu of stockton secretary	artek|bartek|warte|warted|warten|warter
production-1913-statutes	11	28.6	pruitvale	hans george j republican ith alameda <<pruitvale>>	fruitvale
production-1913-statutes	11	33.0	larlans	<<larlans>> e o republican tulare visallu	lallans
production-1913-statutes	11	38.5	svlano	rush benjamin f republican oth <<svlano>> suisuu	solano
production-1913-statutes	11	38.6	suisuu	rush benjamin f republican oth svlano <<suisuu>>	suisun
production-1913-statutes	11	48.8	clork	b man oxy of los gatos chlef <<clork>>	clark|clerk|cloak|clock|clonk|clor
production-1913-statutes	11	54.0	lievk	<<lievk>> george democrat th alameda livermore	liek|liev|lieve
production-1913-statutes	12	5.8	reedloy	charles w republican d san franelseo ul <<reedloy>>	reedley
production-1913-statutes	12	9.0	giurk	<<giurk>> willam c republican th inyo day street	gierk|girk|gurk
production-1913-statutes	12	21.9	paendenn	j jr republican th ventura ot routh <<paendenn>>	pendent
production-1913-statutes	12	24.0	cclder	<<cclder>> george republican d san luis obispo ae	calder|colder
production-1913-statutes	12	24.8	mereott	george republican d san luis obispo ae <<mereott>>	merritt
production-1913-statutes	12	27.8	obleo	hn sen democrat ath butte oa g <<obleo>>	bleo|obledo|obley|oleo
production-1913-statutes	12	29.0	tinyes	<<tinyes>> d b rayublean th j fan diego	tines|tinges|tinies
production-1913-statutes	12	30.8	ernardinn	e o republican th sacramento ro bao <<ernardinn>>	bernardino
production-1913-statutes	12	32.5	ountra	johnson george h republican th <<ountra>> coxto povecrerrcsoteree san dimas	outra
production-1913-statutes	12	32.6	coxto	johnson george h republican th ountra <<coxto>> povecrerrcsoteree san dimas	conto|corto|costo|coto|cotto|couto
production-1913-statutes	12	39.8	tmesota	g w democrat th san francisco ee <<tmesota>> street	testa
production-1913-statutes	12	40.0	meoarthy	<<meoarthy>> william o republican st san francisco hoher	mccarthy
production-1913-statutes	12	44.7	enrekn	murray ea so republican th bumbag oa <<enrekn>>	eureka
production-1913-statutes	12	45.6	atroot	murray j a d hum ee <<atroot>>	alroot|stroot|troot
production-1913-statutes	12	47.8	plneo	edward j d erat th napa xth <<plneo>>	pleno|pleo
production-1913-statutes	12	48.0	pealrs	<<pealrs>> howard av a rewublieas d ios pe	peairs|peals|pearls|pears
production-1913-statutes	12	49.5	biaft	rs rat beh teams rad <<biaft>>	baft
production-1913-statutes	12	52.3	repnbliean	saimitt milton loc <<repnbliean>> sist san francisco wer nth ont	republican
production-1913-statutes	12	54.6	menras	boots willie dernoernt d san francisco <<menras>>	menas|mental|mnras
production-1913-statutes	12	67.0	weldod	<<weldod>> ty j v u democrat sth bongecine	welded|weldon|weldor
production-1913-statutes	12	69.7	dinubs	white c willam republican th los angeles <<dinubs>>	dinuba|dinus|minus
production-1913-statutes	12	70.1	wonca	wyle <<wonca>> repnblienn bae eon nono nono ges	conca|onca|ponca|woca|wona|wonda
production-1913-statutes	13	7.0	ienac	<<ienac>> r hitt washington february	cenac|enac|inac
production-1913-statutes	13	17.0	wilam	<<wilam>> johnson new york olty september	ilam|milam|nilam|wiam|wila|wiliam
production-1913-statutes	13	23.4	poph	arthur p tht ccccececeeeee <<poph>> arg ooeeeeenenneeeceeneee ev e ee e september	koph|moph|ooph|oph|poch|poh
production-1913-statutes	13	33.3	domrr	robert wmoughby hamilton <<domrr>> england december	doerr|domar|domer|dorr
production-1913-statutes	13	36.2	tlendry	j burke <<tlendry>> il london england noavembor	plenary
production-1913-statutes	13	36.6	noavembor	j burke tlendry il london england <<noavembor>>	november
production-1913-statutes	13	39.2	fdinborough	horatius stuart <<fdinborough>> seotiand april	edinborough|finborough
production-1913-statutes	13	40.3	edinborongh	frederick patterson midlgan <<edinborongh>> srotiand apri	edinborough
production-1913-statutes	13	46.3	ondou	sydney h pedktar <<ondou>> england march	andou|endou|kondou|ndou|ondo|ondoy
production-1913-statutes	13	48.3	oookhill	charles e murphy <<oookhill>> ireland april	foothill
production-1913-statutes	13	49.2	oarrickmacross	alexander lang <<oarrickmacross>> ireland april	carrickmacross
production-1913-statutes	13	55.2	pawding	wm h <<pawding>> emrich paris october	padding|pawing|pawling|pawning
production-1913-statutes	13	61.0	hawall	<<hawall>>	hawala
production-1913-statutes	14	40.1	byery	seo <<byery>> citizen may freely speak write and publish	beery|bery|byer|byerly|byers|lyery
production-1913-statutes	15	8.1	renwon	iv <<renwon>> fo believe that the witness from inability	rendon|renon|renown|renton
production-1913-statutes	15	28.8	acrienn	foreigners of the white race or of <<acrienn>> descent eligible to become	adrienn
production-1913-statutes	15	30.14	pussrs	same rights in respect to the acquisition <<pussrs>>	pusses|pussys
production-1913-statutes	15	41.6	enuse	warrant shall issue but on probable <<enuse>> a rported by oath or affirmation particn	ense|ensue|enure|enus|exuse|neuse
production-1913-statutes	15	41.13	particn	enuse a rported by oath or affirmation <<particn>>	partic|partici|partick|particu|partin
production-1913-statutes	15	42.14	recixed	and the person and things to he <<recixed>>	recited|recived|remixed
production-1913-statutes	15	57.14	innds	to fish upon and from the public <<innds>>	inds|innes|innis|inns|ninds
production-1913-statutes	15	58.10	innds	end in ihe waters thereof excepting upon <<innds>> sel aside for fish	inds|innes|innis|inns|ninds
production-1913-statutes	15	59.0	haicherioes	<<haicherioes>> nud no lund owned by the state	hatcheries
production-1913-statutes	16	4.0	ezime	<<ezime>> no person hereafter convicted of the embezzlement	ehime|ezine
production-1913-statutes	16	19.9	nlzp	known and designated as primary viections and <<nlzp>> to determine the	nlp
production-1913-statutes	16	28.7	enuet	provided however that until the legislature shall <<enuet>> a direct primary election jaw	enet|enset|menuet
production-1913-statutes	16	50.0	srevion	<<srevion>> j the powers of the government of	region
production-1913-statutes	16	57.12	sonnle	this state shall he vested in a <<sonnle>> nnd	songle|sonne|sonnie
production-1913-statutes	16	62.12	clanec	act passed by the legislature the enacting <<clanec>> of every	clane
production-1913-statutes	17	24.3	initntive	type the following <<initntive>> measure to be presented to the legislature	initative
production-1913-statutes	17	45.0	inture	<<inture>> be submitted to the electors for their	injure|insure|intere|intire|intube|intue
production-1913-statutes	18	3.1	noless	election <<noless>> nl the same election there shall be	doless|nless|noles
production-1913-statutes	18	21.8	fnacic	such petitions so verified shall be prima <<fnacic>> evidence that the signatures	fnatic
production-1913-statutes	18	24.0	sunierl	<<sunierl>> that the petition presented contains the signatures	suniel
production-1913-statutes	18	40.11	supplementn	the body of the petition but containing <<supplementn>> names may	supplement|supplements
production-1913-statutes	18	47.0	lifieate	<<lifieate>> to the secretary of state	litigate
production-1913-statutes	18	58.0	yolers	<<yolers>> exists	polers
production-1913-statutes	19	9.7	therecl	consent of three fourths of the members <<therecl>> nur shall mure than two bills be	thereal
production-1913-statutes	19	17.2	vilice	term of <<vilice>> shall be two year and cach election	cilice|milice
production-1913-statutes	19	45.0	intive	<<intive>> districts and the legislature shall al ils	initive|intime|intine|intire
production-1913-statutes	19	48.2	heenme	eligible tn <<heenme>> citizens of the united stairs under the	heene
production-1913-statutes	19	52.12	eljcc	its officers and judge of the qualifications <<eljcc>>	elect
production-1913-statutes	19	60.10	honxe	and pays of the members of either <<honxe>> on any question shall at the	honde|hone|honie|honne|honte
production-1913-statutes	20	40.7	remoya	in such cases shall extend only to <<remoya>> from office and disqualification to hold	remaya|remora
production-1913-statutes	20	56.14	xiate	of honor trust or profit under this <<xiate>> and the	axiate|ciate|hiate|iate
production-1913-statutes	21	63.0	evereding	<<evereding>> thirty and mileage to be fixed by	everding
production-1913-statutes	21	64.0	auich	<<auich>> mileage shall not exceed ten cents per	aich|anich|auch|aurich|vuich
production-1913-statutes	22	48.0	proenty	<<proenty>> fourth authorizing the creation extension or imposing	property
production-1913-statutes	22	50.0	ticenty	<<ticenty>> sieth ronilting fines penalties or forfeitures	twenty
production-1913-statutes	22	50.1	sieth	ticenty <<sieth>> ronilting fines penalties or forfeitures	dieth|kieth|lieth|rieth|seeth|seith
production-1913-statutes	22	60.4	ennet	game districts aud may <<ennet>> such jaws for the protection of fish	annet|bennet|dennet|enet|enne|ennen
production-1913-statutes	23	1.0	norcmber	<<norcmber>>	november
production-1913-statutes	23	30.5	esiale	of personal property or real <<esiale>> ever be made by tbe staic or	escale|siale
production-1913-statutes	23	49.1	nzent	officer <<nzent>> servant or contractor after service has been	nent|szent|zent
production-1913-statutes	24	22.3	tniled	citizen of the <<tniled>> states and a resident of this style	tailed|tiled|toiled
production-1913-statutes	24	28.8	hnye	but in crise avy two or more <<hnye>> an equal nnd the highest number of	anye|haye|heye|hne|hoye|huye
production-1913-statutes	24	41.10	procln	on extraordinary occasions convene the legislature by <<procln>>	procon|proven
production-1913-statutes	25	14.0	rensurer	<<rensurer>> attorney general and surveyor general shall at	censurer|ensurer|reinsurer
production-1913-statutes	25	19.10	dolints	controller treasurer und surveyor general five thousand <<dolints>>	points
production-1913-statutes	25	23.8	dimish	however that the legislature may by law <<dimish>> the compensation ot	dimiss|dimmish|timish
production-1913-statutes	26	8.5	ollivers	und places at which state <<ollivers>> are elected and the term of office	olivers|olliver
production-1913-statutes	26	35.7	imbeas	shall have power to issue writs of <<imbeas>> corpus io any part of the plate	imbeds
production-1913-statutes	26	63.3	nelions	insolvency nnd in <<nelions>> to prevent or abate a nuisance in	nelsons
production-1913-statutes	26	64.0	thimus	<<thimus>> certiorari and prohibition usurpation of office contesting	thamus|thymus
production-1913-statutes	26	70.0	cnsea	<<cnsea>> matters and proceedings pending before the supreme	casea|cnsa|csea|insea
production-1913-statutes	27	22.12	pustions	shall appoint nine persons to serve ar <<pustions>>	postions
production-1913-statutes	27	66.4	ennse	examination of the entire <<ennse>> including the evidence the court shall be	enne|ennes|ennie|enns|ense
production-1913-statutes	28	19.2	eleete	shal be <<eleete>> for the counties of yuba and sutter	leete
production-1913-statutes	28	31.7	clerlion	first monday of january next succeeding their <<clerlion>> provided thal the twelve	coercion
production-1913-statutes	28	58.8	jafge	as there nre judges thereof including any <<jafge>> or judges acting upon request	afge|jaffe|jage
production-1913-statutes	28	62.1	juiers	tho <<juiers>> of such enurt presidefl nt such session	juicers
production-1913-statutes	28	62.4	enurt	tho juiers of such <<enurt>> presidefl nt such session amendment adopted november	enrut|enure|snurt
production-1913-statutes	28	62.5	presidefl	tho juiers of such enurt <<presidefl>> nt such session amendment adopted november	president
production-1913-statutes	29	32.3	ollicer	sro nu judicial <<ollicer>> execpt court commissioners shnll receive to his	ollice|ollier|olliver
production-1913-statutes	29	45.13	diwin	time shall not hereafter be increased or <<diwin>>	dinin|divin|diwan|iwin
production-1913-statutes	30	13.0	aonble	<<aonble>> to coneuny inn judgment they shall give	honble
production-1913-statutes	30	15.0	voremter	<<voremter>>	forester
production-1913-statutes	30	46.4	reeviving	of his state and <<reeviving>> state anpport shall while under arms either	reviving
production-1913-statutes	30	46.6	anpport	of his state and reeviving state <<anpport>> shall while under arms either for cere	apport
production-1913-statutes	30	50.0	fducs	<<fducs>> tion	ducs|fdcs
production-1913-statutes	30	63.0	vountion	<<vountion>> so uniting	vocation
production-1913-statutes	31	20.1	echoole	the <<echoole>> for which such special tax shall be	schoole
production-1913-statutes	31	66.4	esinfes	sree the irnsix aud <<esinfes>> created for the founding cudowiment and main	seines
production-1913-statutes	31	71.5	thtve	nud recorded in liber eighty <<thtve>> of deeds at page twenty three ct	thave|thte
production-1913-statutes	32	0.0	hurior	<<hurior>> university ax such or in the name	prior
production-1913-statutes	32	8.2	privilezer	powers nud <<privilezer>> bul it shall pot thereby nlier their	privileger
production-1913-statutes	32	8.8	nlier	nud privilezer bul it shall pot thereby <<nlier>> their tenure or limit their	alier|blier|flier|inlier|lier|nier
production-1913-statutes	32	13.0	eranr	<<eranr>> to the trustees of the university and	eran|erano
production-1913-statutes	32	16.5	noless	charged no fees for tuition <<noless>> such fees be authorized by act of	doless|nless|noles
production-1913-statutes	32	17.1	avetion	vere <<avetion>> adult d november j	action
production-1913-statutes	32	37.7	jenrning	college an institution for the advancement of <<jenrning>> incorporated under the iis	jenning
production-1913-statutes	32	41.0	latnre	<<latnre>> may modify suspend and revive at will	lanre|lattre
production-1913-statutes	32	48.0	lumuner	<<lumuner>> a the legislature may direct be so	lumber
production-1913-statutes	32	68.0	varry	<<varry>> info effect the provisions of this article	arry|barry|carry|darry|farry|garry
production-1913-statutes	33	9.0	haierer	<<haierer>> that no new county shall be established	hairer|haverer
production-1913-statutes	33	14.1	etented	ov <<etented>> from territory taken from any other county	evented|tented
production-1913-statutes	34	14.10	vecur	provided that if a general election shall <<vecur>> im seid county	recur|secur
production-1913-statutes	34	28.0	euxe	<<euxe>> said proposed charter to be published for	eue|euge|eule|eune|eure|eux
production-1913-statutes	34	28.9	ienst	proposed charter to be published for at <<ienst>> ten times ina daily newspaper	dienst|einst|iest|inst
production-1913-statutes	34	29.9	connly	circulation printed published and circulated in said <<connly>> provided that	conly|connely|connoly|conny
production-1913-statutes	34	37.10	ehacter	publication or the posting of such proposed <<ehacter>> shall be made within	exacter
production-1913-statutes	34	54.12	inwe	all amendments thereof and shall supersede nll <<inwe>> inconsistent	ifwe|igwe|inbe|ince|inde|ine
production-1913-statutes	36	20.13	compensn	compensation or for the fixing of such <<compensn>>	compens|compense
production-1913-statutes	37	4.0	xolidated	<<xolidated>> with any city vew section adopted october	validated
production-1913-statutes	37	9.14	clarter	the census of cities may frame n <<clarter>>	carter|charter|clatter|larter
production-1913-statutes	37	61.1	aforesid	ux <<aforesid>> iu the office of the city clerk	aforesaid
production-1913-statutes	37	70.13	tegishi	session or inny be submitted to the <<tegishi>>	negishi
production-1913-statutes	38	22.0	eulated	<<eulated>> in said city ur for three times	elated|emulated
production-1913-statutes	38	34.10	idlod	cerlibed recorded and filed ax herein pros <<idlod>> for the charter	idled
production-1913-statutes	38	38.2	cleeted	governor was <<cleeted>> is filed in the obiee of the	cleated|cleeked|clefted|fleeted|sleeted
production-1913-statutes	39	35.0	kiid	<<kiid>> panama pacific international exposition company for the	biid|iid|iiid|kaid|keid|kid
production-1913-statutes	39	40.5	vacitie	e granting to said panama <<vacitie>> international exposition company the	vacate
production-1913-statutes	39	48.4	innds	exposition purposes of any <<innds>> held by the lourd of education of	inds|innes|innis|inns|ninds
production-1913-statutes	39	65.12	proponedl	such election on such proposed amendment ruid <<proponedl>>	proposed
production-1913-statutes	39	72.2	setice	including any <<setice>> by publication or otherwise of ench proposals	sevice|stice
production-1913-statutes	40	41.1	hepcald	see <<hepcald>> november	herald
production-1913-statutes	40	51.10	uppro	or individual nny power to make control <<uppro>>	appro|upper|upprop
production-1913-statutes	40	52.0	priute	<<priute>> supervise or in any way interfere with	paiute|piute
production-1913-statutes	40	65.0	pornte	<<pornte>> debt of any political or municipal corporation	pointe|ponte|porite|porte
production-1913-statutes	41	3.0	pupner	<<pupner>> and under such conditions a may be	punner|pupper
production-1913-statutes	41	6.0	twunicipality	<<twunicipality>> ovr school district within this state ur	municipality
production-1913-statutes	41	23.7	yoling	two thirds of the qualified electors thereof <<yoling>> al an election to be held for	boling|coling|doling|holing|loling|poling
production-1913-statutes	41	31.12	foriz	county during the forty first forty second <<foriz>> third forty	fariz|forez|fori|foris|friz|horiz
production-1913-statutes	41	33.12	yenra	and revenue of any succeeding year or <<yenra>> the amount to	yeara|yena|yenta|yera
production-1913-statutes	41	39.11	nuaper	statute of limitations shall apply in nus <<nuaper>> any indebted	naper|nuper
production-1913-statutes	41	42.0	nvelion	<<nvelion>> amended by adding the following adopted november	nelson
production-1913-statutes	41	44.0	inmay	<<inmay>> nuke provision for a sinking fund to	imay|inay|inday|inlay|inma|inman
production-1913-statutes	41	52.3	ueaus	service or other <<ueaus>> of communication such works may be acquired	beaus
production-1913-statutes	41	61.10	udupted	such other municipality expressed by ordinance cllanendituat <<udupted>>	adopted
production-1913-statutes	43	25.12	cominon	nor in the business of transportation o <<cominon>>	comicon|comino
production-1913-statutes	44	53.6	individun	src every private corporation and every <<individun>> or association of individuals	individu|individua
production-1913-statutes	44	54.2	monnging	owning operating <<monnging>> or controlling any commercial railroad inter	monning
production-1913-statutes	45	41.13	iarive	the army navy marine corps or revenue <<iarive>> service	arive|idrive
production-1913-statutes	45	69.0	asgenved	<<asgenved>> at the same value	assented
production-1913-statutes	45	71.4	sectionized	aud which hae been <<sectionized>> by the united states government shall be	sectionize
production-1913-statutes	46	0.14	sectionized	in small tracts of all inds not <<sectionized>>	sectionize
production-1913-statutes	46	12.0	larca	<<larca>>	arca|barca|laca|lacca|lara|larc
production-1913-statutes	46	48.10	iunle	not jess than two dollars on every <<iunle>> inhabitant of this state over	inle|kunle
production-1913-statutes	47	62.9	seenre	and upen any dividends declared thereon to <<seenre>> the amount so paid	seene|seenie
production-1913-statutes	47	69.1	tnsed	unl <<tnsed>> at the same rate that is levied	tased|tensed
production-1913-statutes	48	14.1	nssocialions	lonn <<nssocialions>>	associations
production-1913-statutes	48	24.0	honal	<<honal>> purposes there may be levied in the	conal|donal|gonal|hinal|hona|honam
production-1913-statutes	48	26.11	cnumer	sufficient to meet the deficiency aj property <<cnumer>>	numer
production-1913-statutes	48	36.0	setibe	<<setibe>> the duties of the state board of	setibo
production-1913-statutes	48	47.14	watil	in force until chnnged by the legislature <<watil>>	datil|fatil|patil|wail|wakil|watel
production-1913-statutes	49	4.0	rerihe	<<rerihe>> any person company or corporation collecting water	reihe|rerise
production-1913-statutes	49	31.7	uniesr	war to repe invasion or suppress insurrection <<uniesr>> the same shall he authorized	niesr|unies
production-1913-statutes	49	43.9	sinted	applied only to the specific object therein <<sinted>> ur to the payment of the	hinted|inted|minted|sainted|sented|sifted
production-1913-statutes	50	6.0	intnre	<<intnre>> shall deem it necessary o review this	intere|intire
production-1913-statutes	50	28.9	discares	or invalids afflicted with contagious or infectious <<discares>> and	discards
production-1913-statutes	52	38.3	poctition	tion by a <<poctition>> signed by electors qualified vote at such	postition
production-1913-statutes	53	13.0	enlated	<<enlated>> bul nll such sections circulated in nny	elated|enlaced
production-1913-statutes	53	19.0	elork	<<elork>> or registrar upon the completion of such	elora
production-1913-statutes	53	31.2	ovecept	mental petition <<ovecept>> as to the signatures thereon together with	precept
production-1913-statutes	54	3.8	puntian	j ayres conrad hero m r c <<puntian>>	pontian|putian
production-1913-statutes	54	4.0	crirus	<<crirus>> barbour s g hirzorn cnas if reep	cirrus|cirus|crixus
production-1913-statutes	54	6.8	roxre	n barton sam a tloraes horace c <<roxre>>	rore|roure|roxie
production-1913-statutes	54	7.7	beppy	cu j beerstrcurr w j mowanrp patrick <<beppy>>	bappy|beppe|beppi|beppo|beppu|bespy
production-1913-statutes	54	8.3	uvestis	isaac belcher w <<uvestis>> jas s reynolds	uveitis|vestis|vests
production-1913-statutes	54	10.0	masiow	<<masiow>> bices g w hunter gro w schell	maslow
production-1913-statutes	54	10.1	bices	masiow <<bices>> g w hunter gro w schell	bice|bicep|biceps|biches|bicks|bics
production-1913-statutes	54	12.0	jogian	<<jogian>> botcner force a johnson be o sati	jogan|jogia|jovian
production-1913-statutes	54	12.1	botcner	jogian <<botcner>> force a johnson be o sati	botcher
production-1913-statutes	54	13.0	josery	<<josery>> c brown perez j joker james acm	josey|jowery|rosery
production-1913-statutes	54	14.0	saunt	<<saunt>> b bert l f jones rurvus simoemakel	aunt|daunt|gaunt|haunt|jaunt|naunt
production-1913-statutes	54	16.8	sairu	w cross john j keyyxy guo venable <<sairu>>	nairu|saidu|sair|saira|saire|sairy
production-1913-statutes	54	18.5	klerke	ave h chapman oc r <<klerke>> d c stevenson	clerke|klerk
production-1913-statutes	54	19.2	cirarys	j m <<cirarys>> henry larkin chas v sruagt	cigars
production-1913-statutes	54	19.7	sruagt	j m cirarys henry larkin chas v <<sruagt>>	suant
production-1913-statutes	54	20.4	cuag	hammer davis r laviexe <<cuag>> es swenson	cag|chag|clag|cmag|coag|cpag
production-1913-statutes	54	21.7	sauru	jas ki dran davin lewis h w <<sauru>>	bauru|nauru|sapru|saru|saur|saura
production-1913-statutes	54	23.0	luxr	<<luxr>> d dox r m lampson gso steere	luar|luer|luhr|lur|lux|luxe
production-1913-statutes	54	28.6	luny	ilusry evgerron jno mansriecp p b <<luny>>	cluny|cuny|duny|funy|juny|lany
production-1913-statutes	54	30.3	tiinam	m m uses <<tiinam>> mils d terry	tiina
production-1913-statutes	54	31.0	kpwarp	<<kpwarp>> evry jonn g mccallum f o townsend	upward|upwarp
production-1913-statutes	54	32.0	sinion	<<sinion>> j pasrest tuomas mcconneely danixx turtttie	binion|inion|minion|pinion|simion|sindon
production-1913-statutes	54	32.4	mcconneely	sinion j pasrest tuomas <<mcconneely>> danixx turtttie	mcconnell
production-1913-statutes	54	32.5	danixx	sinion j pasrest tuomas mcconneely <<danixx>> turtttie	daniel
production-1913-statutes	54	33.1	richsarp	jacop <<richsarp>> reon jonn mccoy a p vacqurgnn	richard
production-1913-statutes	54	35.5	morrart	aprauaam c freeman ww s <<morrart>> wn van voorhies	mortar
production-1913-statutes	54	36.2	gabyry	j b <<gabyry>> john fieaine mcnutt tlvucn walker	gary
production-1913-statutes	54	37.0	josren	<<josren>> co gobman ll d morse byrnuon wartrrs	joren|jose|josten
production-1913-statutes	54	37.2	gobman	josren co <<gobman>> ll d morse byrnuon wartrrs	goban|gobian|godman|gofman|goman|gorman
production-1913-statutes	54	42.1	hactr	jno <<hactr>> tigxry n unaber john p wrst	actr|hacer
production-1913-statutes	54	42.2	tigxry	jno hactr <<tigxry>> n unaber john p wrst	tigery
production-1913-statutes	54	42.4	unaber	jno hactr tigxry n <<unaber>> john p wrst	naber
production-1913-statutes	54	45.2	hrisker	t d <<hrisker>> groxcr ohleyer h c wilson	brisker|frisker|risker
production-1913-statutes	54	45.3	groxcr	t d hrisker <<groxcr>> ohleyer h c wilson	grower
production-1913-statutes	56	31.3	eitt	to make anv <<eitt>>	bitt|citt|ditt|eist|eit|eita
production-1913-statutes	59	29.1	jivery	bonks <<jivery>> clerical or other help and all other	ivery|jiver|jivey|livery|rivery
production-1913-statutes	60	28.4	faration	ing to revenue and <<faration>> approved april by	aration
production-1913-statutes	61	24.0	poreent	<<poreent>> percentages above mentioned shal be as follows	portent
production-1913-statutes	63	11.0	seniative	<<seniative>> during the year ending the first monday	sensative
production-1913-statutes	63	32.0	wkanks	<<wkanks>> the word banks as used in this	skanks|wanks
production-1913-statutes	63	41.0	yaxen	<<yaxen>> section all franchises other than those of	waxen|yamen|yaren|yasen
production-1913-statutes	65	24.0	imite	<<imite>> however that the secretary of state shall	amite|idite|imide|imine|imita|imvite
production-1913-statutes	65	45.0	uunt	<<uunt>> issued and no bond or affidavit previous	aunt|bunt|cunt|dunt|funt|gunt
production-1913-statutes	66	40.0	mipon	<<mipon>> and respecting the value of each and	gipon|ipon|micon|mikon|milon|minon
production-1913-statutes	66	43.1	subiert	property <<subiert>> to taxation of anv kind within the	subvert
production-1913-statutes	68	32.10	sehonl	in tho state school book fund is <<sehonl>>	sehon
production-1913-statutes	69	27.0	sorlations	<<sorlations>> upon the death of the member not	solutions
production-1913-statutes	70	4.4	cilics	ring of indebtedness by <<cilics>> towns and municipal corpo	cilic|cilice|civics|colics
production-1913-statutes	70	21.8	submus	whenever the legislative branch of any city <<submus>>	summus|sumus
production-1913-statutes	70	43.0	tnated	<<tnated>> cost of ihe proposed public improvements the	nated|teated
production-1913-statutes	73	11.0	oaruet	<<oaruet>> made by chapter statutes of approved may	market
production-1913-statutes	73	27.0	ciiapter	<<ciiapter>>	chapter
production-1913-statutes	73	33.4	anguat	approved april tn effect <<anguat>>	angat
production-1913-statutes	73	37.0	mortrace	<<mortrace>> whenever in any estate now being administered	mortgage
production-1913-statutes	73	38.0	saleot	<<saleot>> that may hereafter be administered or in	salet
production-1913-statutes	77	36.0	nulsanee	<<nulsanee>> place wherein or upon which acts of	nuisance
production-1913-statutes	78	5.9	temnporar	complaint in such action must be verified <<temnporar>>	temporary
production-1913-statutes	79	16.0	otecon	<<otecon>> guilty of any contempt of court in	otacon|tecon
production-1913-statutes	80	0.0	couapter	<<couapter>>	chapter
production-1913-statutes	86	17.4	wmeurring	an act authorizing the <<wmeurring>> of indebtedness by	demurring
production-1913-statutes	87	33.0	denomine	<<denomine>> from the time of contracting the same	denoting
production-1913-statutes	89	27.0	byday	<<byday>> provided further after rejecting bids the board	bday|beday|byway|yday
production-1913-statutes	90	8.7	rereatod	section sections and of the act entitled <<rereatod>>	repeated
production-1913-statutes	90	17.3	cllee	approved apri in <<cllee>> august	allee|callee|clee|colee|collee
production-1913-statutes	91	31.0	inlatke	<<inlatke>> thereof as may he necessary is hereby	inlake
production-1913-statutes	93	28.0	aprropriae	<<aprropriae>> src the sum of three thousand dollars	appropriate
production-1913-statutes	95	5.1	szorton	appro <<szorton>> the sum of cleven thousand dollars or	scorton
production-1913-statutes	96	36.12	jntice	statute of limitations and no assets and <<jntice>>	antice|entice
production-1913-statutes	98	6.10	pynion	any moneys in the state treasury not <<pynion>>	pinion|tynion
production-1913-statutes	98	18.0	cihlapter	<<cihlapter>>	chapter
production-1913-statutes	101	34.0	ofstatus	<<ofstatus>> cach county in the state of california	status
production-1913-statutes	102	7.0	cilapter	<<cilapter>>	chapter
production-1913-statutes	105	2.0	necnt	<<necnt>> tor and thirty sixth sections granted to	necn|nect|nent
production-1913-statutes	107	14.0	ratoty	<<ratoty>> sec in addition o ihe duties imposed	ratify|ratty
production-1913-statutes	108	11.12	fyien	any county and not in any high <<fyien>>	fien|frien|yien
production-1913-statutes	108	12.11	restien	tax shall he annually levied by the <<restien>>	restin|restine
production-1913-statutes	110	8.12	metot	this state shall by resolution or ordi <<metot>>	methot|meto|metod|metol|metoo|metop
production-1913-statutes	110	29.10	pentot	suitable and competent person as county for <<pentot>>	pentit|pentol|penton|pentos
production-1913-statutes	111	5.0	arimming	<<arimming>> seo jt shall be unlawful for any	brimming|rimming|trimming
production-1913-statutes	112	0.9	apportio	in another the county superintendent must appor <<apportio>>	apportion
production-1913-statutes	112	27.9	flertion	election for school trustees must be held <<flertion>>	flection
production-1913-statutes	113	0.1	rfih	annual <<rfih>> except as provided in subdivisions two and	fih|rfh|rfi|rfid|rih
production-1913-statutes	118	21.12	urtty	purposes of the district has not been <<urtty>>	rtty|rutty|surety
production-1913-statutes	120	0.10	consolta	yolo and colusa pursuant to notice thereof <<consolta>>	consola|consolata|consulta
production-1913-statutes	120	31.8	monnge	the management control and government of said <<monnge>>	manage|monge|monnie
production-1913-statutes	121	21.7	ihrce	mile through the center of said section <<ihrce>> to the town	ihrc|ihre
production-1913-statutes	126	32.10	certineat	by the publication of the summons pro <<certineat>>	pertinent
production-1913-statutes	127	11.0	stafeland	<<stafeland>> that certain lot and parcel of land	stageland|stateland
production-1913-statutes	127	12.0	francisen	<<francisen>> county of san francisco and described as	francise
production-1913-statutes	129	26.0	tendents	<<tendents>> contiguous school districts or parts of such	pendents|tendent|tenents|tennents
production-1913-statutes	129	37.11	mmnici	a district shall be united with a <<mmnici>>	monica
production-1913-statutes	130	23.0	citapter	<<citapter>>	chapter
production-1913-statutes	131	31.0	ueket	<<ueket>> knowingly and designedly offers or gives with	eket|unket
production-1913-statutes	131	32.0	prbibited	<<prbibited>> bers at any drawing of numbers or	prohibited
production-1913-statutes	132	17.9	eertifi	thereof or the absence of any sneh <<eertifi>>	certifi|certify
production-1913-statutes	133	8.0	comty	<<comty>> plus money in the treasury thereof not	cmty|coaty|comay|comby|comey|comfy
production-1913-statutes	133	23.0	salcot	<<salcot>> thus issued any bonds thus purchased and	calcot|salacot|walcot
production-1913-statutes	134	20.0	sgorion	<<sgorion>> section seven hundred ninety one of the	gordon
production-1913-statutes	136	4.11	iret	this act which expense shall not include <<iret>>	aret|bret|cret|eret|fret|gret
production-1913-statutes	137	21.0	ofstreet	<<ofstreet>> manholes sewers cesspools culverts crosswalks piling and	offstreet|street
production-1913-statutes	137	30.0	polneing	<<polneing>> jand belonging to the united states or	polling
production-1913-statutes	139	50.0	dedni	<<dedni>> subdivision the terms lot lots lands piece	dedi|dendi|deni|denni
production-1913-statutes	140	0.10	inicr	or corporation as a railroad street or <<inicr>>	incr
production-1913-statutes	140	14.0	citapter	<<citapter>>	chapter
production-1913-statutes	140	22.9	cortinea	person firm or corporation shall sell or <<cortinea>>	cortina|cortines|cortinez
production-1913-statutes	141	1.3	ercam	billing of any <<ercam>> skimmed milk buttermilk ice cream	arcam|ecam|eram|ercan|ircam
production-1913-statutes	141	22.0	vietion	<<vietion>> shall be punished by a fine of	viation
production-1913-statutes	141	39.0	pobla	<<pobla>> tion their lessees trustees receivers or trustees	dobla|poble|pola|polla|robla
production-1913-statutes	142	19.7	pilvato	sec whenever any private corporation or association <<pilvato>>	pilato
production-1913-statutes	143	44.3	mmutes	boiling for forty <<mmutes>> in a solution containing five per cent	mutes
production-1913-statutes	144	3.11	gtinca	for wiping and cleaning the surfaces of <<gtinca>>	tinca
production-1913-statutes	144	50.9	penuity	person firm or corporation who shall violate <<penuity>>	genuity|tenuity
production-1913-statutes	145	25.0	srorion	<<srorion>> j section one thousand four hundred and	erosion
production-1913-statutes	147	20.0	ciiapter	<<ciiapter>>	chapter
production-1913-statutes	149	22.0	dispou	<<dispou>> a receiver having any funds in his	dispo|dispos|dispose
production-1913-statutes	149	24.0	handsot	<<handsot>> before receiving his discharge as such receiver	handset|handsom|handson
production-1913-statutes	150	31.8	stectings	union and joint union high school boards <<stectings>>	settings
production-1913-statutes	152	28.11	entid	necessary in case of any abandoned child <<entid>>	enid|entad|enti|entia|entin|entir
production-1913-statutes	153	0.0	chiiin	<<chiiin>> abandoned child within the terms of this	chain|chikin|chilin|chinin|chitin
production-1913-statutes	154	42.10	zotot	be voted upon any form of bal <<zotot>>	motor|zoot|zotov|zotto
production-1913-statutes	155	0.0	tolnt	<<tolnt>> third aa union school district formed of	tolt|tont
production-1913-statutes	156	10.10	snioot	further that the proceeds of any sale <<snioot>>	snoot
production-1913-statutes	156	29.10	ciassine	or more school districts divide the dis <<ciassine>>	cassine
production-1913-statutes	157	35.0	powersot	<<powersot>> tenth the powers and duties of boards	powers|powerset|powershot
production-1913-statutes	158	19.9	suver	in their judgment it may be deemed <<suver>>	sauver|saver|sever|siver|sover|suaver
production-1913-statutes	158	41.10	enrot	teachers shall keep the enrollment and attend <<enrot>>	enrol|enron|enroot|enroth|enrut
production-1913-statutes	159	7.0	dsiriets	<<dsiriets>> supervisors of the county in which such	dairies
production-1913-statutes	159	43.4	contiznous	school district to a <<contiznous>> original school district forming	continous
production-1913-statutes	161	44.0	inexise	<<inexise>> and after the time of the making	inexist
production-1913-statutes	162	28.7	repratea	section the act approved april and entitled <<repratea>>	repeated
production-1913-statutes	163	30.0	sunerin	<<sunerin>> required by law or ordinance shall be	suberin
production-1913-statutes	165	0.0	jovet	<<jovet>> treasury the sum of ten thousand dollars	bovet|covet|hovet|jonet|jouet|jouvet
production-1913-statutes	165	26.0	gratete	<<gratete>> state treasurer under the provisions of this	grantee
production-1913-statutes	166	16.10	bratnas	of which said district shall be as <<bratnas>>	brands
production-1913-statutes	171	36.0	listof	<<listof>> powers und approved december suid reclamation	listo|liston|listos
production-1913-statutes	173	17.0	cathot	<<cathot>> legally elected within fifteen days after receiving	cahot|catho|cathop
production-1913-statutes	174	0.8	mueage	receive ten dollars per day and necessary <<mueage>> actually	murage|mutage
production-1913-statutes	175	6.1	egnal	slough <<egnal>> or ridge or in or near sycamore	egal|engal|ernal|genal|regnal
production-1913-statutes	176	36.10	smey	respective county the charges assessed upon pro <<smey>>	amey|mey|omey|samey|sey|shey
production-1913-statutes	176	49.12	petum	district at the end of thirty davs <<petum>> o	pedum|perum|petm|petur|tetum
production-1913-statutes	179	21.0	cancetla	<<cancetla>> within four years after the date of	cancel|cancela
production-1913-statutes	179	40.0	writot	<<writot>> of said four years from the date	writt
production-1913-statutes	180	9.9	teauance	in said knight s landing ridge drainage <<teauance>>	tendance
production-1913-statutes	180	20.10	xicction	entered upon the records of said board <<xicction>>	diction
production-1913-statutes	182	37.9	pormot	landing ridge drainage district in the counties <<pormot>>	promot
production-1913-statutes	184	28.5	jovicd	ment of the assessment theretofore <<jovicd>> on the lands of said	jovic|novice
production-1913-statutes	190	44.11	punas	in this act all funds of said <<punas>>	bunas|cunas|dunas|gunas|kunas|lunas
production-1913-statutes	192	13.2	quicling	establishment and <<quicling>> of title to real property in case	quilling|quisling
production-1913-statutes	192	29.0	beenme	<<beenme>> a law under constitutional provision without governor	beene|beenie
production-1913-statutes	193	10.0	panking	<<panking>> moneys in the state treasury belonging to	anking|banking|ganking|nanking|packing|pankin
production-1913-statutes	193	22.0	cilapter	<<cilapter>>	chapter
production-1913-statutes	194	7.11	ayank	as used in this act shall be <<ayank>>	adank|ayan|ayana|ayane|ayano|ayant
production-1913-statutes	194	45.8	poretgn	no foreign corporation shall transact a banking <<poretgn>>	foreign
production-1913-statutes	197	11.0	copyof	<<copyof>> section every corporation at the time it	copy
production-1913-statutes	197	28.0	oflieo	<<oflieo>> thereof shall hereafter open or keep an	folio
production-1913-statutes	198	4.9	violat	bank und every such officer or director <<violat>> royalty	viola|violal|violas|violate|violati|violet
production-1913-statutes	198	45.7	adverth	section no person firm company copartnership or <<adverth>>	advert|adverts
production-1913-statutes	199	9.8	biliheads	make use of or circulate any letterheads <<biliheads>>	bulkheads
production-1913-statutes	199	30.0	notap	<<notap>> pany provided that this section shall not	nofap|nota|notal|notam|notan|notar
production-1913-statutes	199	31.0	piieable	<<piieable>> corporaic name of avy building and loan	plicable
production-1913-statutes	199	48.0	injone	<<injone>> upon action brought by the superintendent of	indone|injune|inone|intone
production-1913-statutes	201	42.0	adyer	<<adyer>> section no bank or officer thereof shall	adder|ader|adger|adler|adver|adyar
production-1913-statutes	205	44.0	overdratt	<<overdratt>> posit in no case shall an overdraft	overdraft
production-1913-statutes	205	45.0	asasset	<<asasset>> standing be allowed as an asset of	asset
production-1913-statutes	205	48.0	baddebt	<<baddebt>> secured and is in process of collection	baddest
production-1913-statutes	206	35.9	pavons	persons but does not exceed twenty five <<pavons>>	avons|patons|pavon|pavone|pavoni|pavonis
production-1913-statutes	207	18.0	copece	<<copece>> already in existence which has received from	copeck
production-1913-statutes	210	0.9	oonsolida	consolidate with one or more banks incorporated <<oonsolida>>	consolida
production-1913-statutes	212	10.10	ropented	three of said act is hereby rec <<ropented>>	repented
production-1913-statutes	212	15.11	tnvort	its depositors or any part of either <<tnvort>> in	tort
production-1913-statutes	212	36.0	ploree	<<ploree>> or controlling stockholder of any bank who	loree|poree
production-1913-statutes	213	24.0	depositot	<<depositot>> section no bank shall deposit any of	deposito|depositor
production-1913-statutes	214	7.10	limton	shall loan in the aggregate more than <<limton>>	lifton|limon|linton|lipton|liston|liton
production-1913-statutes	214	40.10	yertwe	to advertise or put forth a sign <<yertwe>> a	yertle
production-1913-statutes	216	35.12	fepmits	exchange and the like in the trans <<fepmits>>	permits
production-1913-statutes	217	24.0	garitol	<<garitol>> section every savings bank hereafter organized must	geritol
production-1913-statutes	221	8.2	tedness	mortgage indel <<tedness>> or	redness
production-1913-statutes	222	35.10	nnim	frst lien upon real estate improved or <<nnim>> font	anim|enim|naim|nim|nni|nnm
production-1913-statutes	224	43.9	valllty	certificate issued under anv provision thereof shall <<valllty>>	valley
production-1913-statutes	225	34.0	graplis	<<graplis>> of subdivision three of section sixty one	graphis
production-1913-statutes	226	2.11	resorve	its reserve fund subject to the pro <<resorve>>	reserve|resolve
production-1913-statutes	227	29.0	oftoan	<<oftoan>> renewal or extension of any loan heretofore	often|oftown
production-1913-statutes	227	39.0	timita	<<timita>> section no savings bank shall loan monev	imita|tamita|tomita
production-1913-statutes	227	40.0	fionon	<<fionon>> adequate security of real or personal property	fignon|fionn
production-1913-statutes	232	7.9	particn	director agent or other employee the fact <<particn>>	partic|partici|partick|particu|partin
production-1913-statutes	232	8.10	losn	loan the names of the directors authorizing <<losn>>	bosn|hosn|loan|loen|logn|lohn
production-1913-statutes	232	9.11	tported	of the director agent or employee obtain <<tported>>	ported|sported
production-1913-statutes	233	11.0	tmder	<<tmder>> the general corporation laws of this state	tider|toder|tuder
production-1913-statutes	233	50.10	seenur	thousand dollars of paid up capital as <<seenur>>	seenu
production-1913-statutes	234	43.9	hnusi	any qualified trust company organized and doing <<hnusi>>	house|husi
production-1913-statutes	234	51.0	dtiot	<<dtiot>> uc of issue	diot
production-1913-statutes	235	22.4	compnpy	ance by such trust <<compnpy>> the said officer or trustee shall	compnay
production-1913-statutes	235	28.0	depositot	<<depositot>> section any public administrator may deposit any	deposito|depositor
production-1913-statutes	235	39.0	ecompauy	<<ecompauy>> moneys so deposited by a public administrator	company
production-1913-statutes	235	46.0	uepouit	<<uepouit>> process of administration or any other proceeding	deposit
production-1913-statutes	238	33.9	farust	with said state treasurer the term trust <<farust>>	farst|faust
production-1913-statutes	239	35.0	ropenied	<<ropenied>> suc section one hundred of said act	opened
production-1913-statutes	240	12.7	discontinn	section any corporation which desires to withdraw <<discontinn>>	discontinue
production-1913-statutes	242	12.10	conseeu	of the superintendent of banks for thirty <<conseeu>>	consent
production-1913-statutes	244	9.9	certitent	bank shall transact any business in this <<certitent>>	pertinent
production-1913-statutes	244	41.9	ssuanee	the certified copy of articles of incorporation <<ssuanee>>	issuance|suanee
production-1913-statutes	246	40.10	portseo	section one hundred thirty of this act <<portseo>>	portsea
production-1913-statutes	246	49.10	sopita	the superintendent of banks shall have reason <<sopita>>	capita|copita|solita|sonita|sopite|sospita
production-1913-statutes	248	0.9	victation	it shail appear to the superintendent of <<victation>>	dictation|fictation|nictation
production-1913-statutes	249	0.0	sunerin	<<sunerin>> section whenever it shal appear to the	suberin
production-1913-statutes	250	47.11	hauida	under his hand and official seal jp <<hauida>>	haida|halide|hamida
production-1913-statutes	251	4.0	bpecal	<<bpecal>> the superintendent of banks may from tinie	pecal
production-1913-statutes	251	23.0	valling	<<valling>> op all persons who may have claims	alling|balling|calling|dalling|falling|galling
production-1913-statutes	253	47.0	atterpay	<<atterpay>> the code of civil procedure whenever the	afterpay
production-1913-statutes	254	6.11	mectine	is located at such meeting the stock <<mectine>>	meeting
production-1913-statutes	254	7.8	hotters	shall determine whether the superintendent of banks <<hotters>>	cotters|hatters|hitters|hooters|hosters|hotter
production-1913-statutes	258	44.11	incities	such trust business and if the princi <<incities>>	incites
production-1913-statutes	259	44.1	eltios	in <<eltios>> d in any city in which the	elios|etios
production-1913-statutes	260	12.10	fopule	of this section the population shown and <<fopule>>	foule
production-1913-statutes	261	24.0	ingde	<<ingde>> cash revolving fund to facilitate the work	inde|inge|ingle|inode
production-1913-statutes	262	20.0	cizapter	<<cizapter>>	chapter
production-1913-statutes	262	28.9	pristion	the state treasury not otherwise appropriated the <<pristion>>	prision|pristin
production-1913-statutes	262	29.9	synenses	three thousand dollars for the contingent expenses <<synenses>>	senses
production-1913-statutes	263	13.0	citapter	<<citapter>>	chapter
production-1913-statutes	263	21.0	omeers	<<omeers>> marshal or policeman of ao township city	ameers|meers|omers
production-1913-statutes	264	23.12	oraor	the provisions of this act any heir <<oraor>>	oraon|orator
production-1913-statutes	264	48.10	casepotd	or other interest in real property y <<casepotd>>	caseload
production-1913-statutes	265	19.0	cilapter	<<cilapter>>	chapter
production-1913-statutes	268	0.0	wasonl	<<wasonl>> poaa	wason
production-1913-statutes	268	0.1	poaa	wasonl <<poaa>>	doaa|noaa|oaa|paa|paaa|pcaa
production-1913-statutes	268	15.9	phmty	state treasury not otherwise appropriated in accordance <<phmty>>	party
production-1913-statutes	269	2.0	siaie	<<siaie>> highway	siae|siale
production-1913-statutes	269	13.0	ciiapter	<<ciiapter>>	chapter
production-1913-statutes	269	20.0	gaproad	<<gaproad>> wise appropriated in accordance with law for	abroad
production-1913-statutes	271	0.0	oompen	<<oompen>> assistant gardeners at a salary of one	oomen|oommen
production-1913-statutes	276	22.11	tesive	place of election and after such proclamation <<tesive>>	tensive
production-1913-statutes	282	8.10	qunines	the constitution or laws of this state <<qunines>>	quines
production-1913-statutes	282	43.10	chalieng	is on the ground that the person <<chalieng>>	challeng
production-1913-statutes	283	8.0	juability	<<juability>> the challenge shall be determined by the	suability
production-1913-statutes	283	14.0	cilapter	<<cilapter>>	chapter
production-1913-statutes	284	13.11	engurer	the stato treasurer s office shall execute <<engurer>>	endurer|ensurer
production-1913-statutes	284	28.9	certinen	has been a general or special election <<certinen>>	pertinent
production-1913-statutes	286	0.9	snech	refunding by the said board shali give <<snech>> treasurer	nech|sech|seech|sneck|sneech|sneh
production-1913-statutes	286	25.0	ciiapter	<<ciiapter>>	chapter
production-1913-statutes	289	16.0	citapter	<<citapter>>	chapter
production-1913-statutes	290	18.11	nivss	district and of every board of trustees <<nivss>>	niess|niss|nivas|nives
production-1913-statutes	291	39.0	bervicg	<<bervicg>> age prepaid thereon provided that such notice	service
production-1913-statutes	292	21.11	petand	and blind asylum shall hereafter be named <<petand>>	demand|petan|petani|petard|petland
production-1913-statutes	293	6.0	ueting	<<ueting>> as an appraiser under the provisions of	dueting|feting|geting|leting|meting|reting
production-1913-statutes	294	8.10	enpito	for the purpose of decorating the rotunda <<enpito>>	entity
production-1913-statutes	294	9.12	rotmnen	floor of the state capitol building the <<rotmnen>>	rotten
production-1913-statutes	295	33.0	citapter	<<citapter>>	chapter
production-1913-statutes	296	13.14	orae	in which it shall be made unto <<orae>>	arae|brae|crae|drae|frae|grae
production-1913-statutes	297	6.0	sionof	<<sionof>> use of water belonging io riparian owners	sion
production-1913-statutes	299	1.1	gnurds	cattle <<gnurds>> in an action on such bond the	gaurds|gourds
production-1913-statutes	301	0.0	citapter	<<citapter>>	chapter
production-1913-statutes	301	28.0	citapter	<<citapter>>	chapter
production-1913-statutes	304	3.11	volving	legal objection or the reference may be <<volving>>	evolving|solving|valving|volling
production-1913-statutes	304	14.0	ciiapter	<<ciiapter>>	chapter
production-1913-statutes	304	40.9	destzna	designation of the quantity of the commodity <<destzna>>	destina
production-1913-statutes	307	34.0	forother	<<forother>> railroad in the state of california operating	frother|further
production-1913-statutes	308	2.10	qualtser	be unlawful for any such common car <<qualtser>>	quarter
production-1913-statutes	308	21.10	rennity	of this act shall be a misdemeanor <<rennity>>	entity
production-1913-statutes	308	33.10	appit	in this act shall be construed nut <<appit>>	appet|appi|appia|appie|appii|appin
production-1913-statutes	308	34.11	taxoino	apply to gasoline motor cars operated exclusively <<taxoino>>	taxing
production-1913-statutes	316	18.8	joncut	mouth of ijoneut creek thence up said <<joncut>> creek to	concur
production-1913-statutes	316	23.0	thevee	<<thevee>> south to a point one and ene	teevee|theee
production-1913-statutes	316	35.0	thepee	<<thepee>> south of a mile to the line	teepee|tepee|theee
production-1913-statutes	323	28.0	nanied	<<nanied>> or appointed by the governor shall hold	nanded|nannied
production-1913-statutes	323	47.1	ssneh	ww <<ssneh>> levees embankments and channel rectification as will	sneh
production-1913-statutes	324	9.10	iberm	every part thereof shall be liberally construed <<iberm>>	berm|iber|iberi|ibero|ibert|inerm
production-1913-statutes	324	36.0	incmber	<<incmber>> of the board shall receive the necessary	incumber
production-1913-statutes	325	35.5	maicria	of way casements property or <<maicria>> necessary or requisite	mairia|maria
production-1913-statutes	325	40.10	ueees	other property for any injury or damage <<ueees>>	utees|yeees
production-1913-statutes	326	11.9	sceurtty	abated by the reclamation hoard upon application <<sceurtty>>	security
production-1913-statutes	326	19.10	anscas	the opinion of said board it shall <<anscas>>	kansas
production-1913-statutes	329	27.8	exeepting	properly free of all liens and imewnbrances <<exeepting>>	excepting|exempting
production-1913-statutes	329	42.0	incumbrunces	<<incumbrunces>> execpt state county aud other municipal taxes	incumbrances
production-1913-statutes	330	29.2	gucl	aor seaiel <<gucl>> warrants were issued the reclamation board	cucl|gcl|gual|guc|guch|guck
production-1913-statutes	331	10.0	houmate	<<houmate>> of the sacramento river ln the estimate	humane|humate
production-1913-statutes	331	25.0	maloto	<<maloto>> sec it shall he the duty of	makoto|malolo|maloo|maloti|malott|malto
production-1913-statutes	333	37.0	pritives	<<pritives>> oy much thereof as may he necessary	privies
production-1913-statutes	334	6.9	lortnges	much thereof as may be necessary is <<lortnges>>	oranges
production-1913-statutes	337	6.0	ceganse	<<ceganse>> tho term compensation means compensation under	cease
production-1913-statutes	339	31.0	expenas	<<expenas>> board of control all expenses incurred by	expends|expens
production-1913-statutes	340	7.8	yowere	the commission shall also have power and <<yowere>>	yoweri
production-1913-statutes	340	48.9	miseon	the employer s gross negligence or wilful <<miseon>>	miseno|mision|mison|misson|miyeon
production-1913-statutes	341	33.1	yvipsing	treatment <<yvipsing>> medicines medical and surgical supplies crutches and	vising
production-1913-statutes	343	43.0	acpendents	<<acpendents>> efit shall be a sum sufficient when	dependents
production-1913-statutes	343	49.4	eenis	dollars and thirty three <<eenis>> por more than one thousand six	benis|cenis|denis|eenie|eens|enis
production-1913-statutes	344	0.9	tenving	the deceased employee leaves no person wholly <<tenving>>	tending|tensing|tenting|tenzing
production-1913-statutes	344	31.12	inonus	fifteen or for the collection of the <<inonus>>	inonu
production-1913-statutes	345	47.0	nentone	<<nentone>> ment whether for the samc employer or	entone|mentone
production-1913-statutes	347	20.0	andpar	<<andpar>> partially dependent shall receive no part thereof	anda|andar
production-1913-statutes	349	46.0	mdemnity	<<mdemnity>> five inclusive of this act it is	indemnity
production-1913-statutes	351	1.1	ficlary	interest <<ficlary>> thereof interest thereon al not to exceed	ficary
production-1913-statutes	351	10.0	allowat	<<allowat>> lien against any amount to be paid	alloway
production-1913-statutes	351	30.0	hmited	<<hmited>> hereof or for the expense mentioned in	smited
production-1913-statutes	352	2.11	mrleyer	thereto the right to enforce in his <<mrleyer>>	meyer
production-1913-statutes	352	38.3	reevver	any right to <<reevver>> damages which the injured employee or	reever
production-1913-statutes	353	0.0	noexemp	<<noexemp>> seo a no contract rule or regulation	nonexempt
production-1913-statutes	353	27.0	otrelease	<<otrelease>> writing duly executed and attested by two	release|trelease
production-1913-statutes	353	45.0	inrap	<<inrap>> due notice to the other may in	inap|incap|inra|inwrap|irap
production-1913-statutes	354	49.11	compante	or other insurance company or any exist <<compante>>	companie
production-1913-statutes	354	50.11	xctca	or the richt of the employer to <<xctca>>	ctca
production-1913-statutes	355	7.0	anected	<<anected>> affected by any insurance contribution or other	nected
production-1913-statutes	356	5.11	sosor	such insurance carrier shall serve or os <<sosor>>	sobor|sodor|solor|sonor|soor|sopor
production-1913-statutes	356	21.9	liahilty	that may become payable the employer may <<liahilty>>	liability
production-1913-statutes	356	30.7	eompensa	insurance or otherwise assumed such liability for <<eompensa>>	compense
production-1913-statutes	356	50.6	voliey	addition thereilo fhe words limijiited compcnsnalion <<voliey>>	volley|volney
production-1913-statutes	357	3.0	ableat	<<ableat>> of the employer for damages recoverable at	ablest|ablett|bleat
production-1913-statutes	359	28.0	uaned	<<uaned>>	caned|laned|maned|paned|uned|vaned
production-1913-statutes	361	0.0	seml	<<seml>> valuation to he made of the properties	beml|eml|heml|meml|saml|seal
production-1913-statutes	361	2.0	otprop	<<otprop>> shall report the results of the same	prop
production-1913-statutes	361	38.0	ricr	<<ricr>> unless such fund shall refuse to accept	icr|micr|rcr|recr|riar|ric
production-1913-statutes	362	10.8	rnuty	any employer who shall wilfully misrepresent the <<rnuty>>	runty
production-1913-statutes	362	11.12	fesonting	upon which his premium moder this act <<fesonting>>	fronting
production-1913-statutes	362	20.12	fntion	at less than the proper rate for <<fntion>>	funtion
production-1913-statutes	362	42.3	mauulacture	or process vf <<mauulacture>> m which any person may be	manufacture
production-1913-statutes	363	1.0	vleyee	<<vleyee>> person who nay be required or directed	levee
production-1913-statutes	364	33.8	structiun	repair and maintenance of places of employment <<structiun>>	struction
production-1913-statutes	367	28.0	nevidents	<<nevidents>> anee carrier is hereby required to file	residents
production-1913-statutes	367	48.0	puble	<<puble>> tion or made public except on order	buble|dpuble|duble|pable|poble|pubble
production-1913-statutes	368	15.10	bayset	authorized to make under the provisions of <<bayset>>	baset|basset|baylet
production-1913-statutes	369	15.0	notives	<<notives>> ec any such notice order or decision	motives|natives|notices|votives
production-1913-statutes	369	16.0	oveting	<<oveting>>	coveting|overing
production-1913-statutes	369	48.0	notlees	<<notlees>> to regulate and prescribe the kind and	notleys
production-1913-statutes	370	8.10	reteres	may appoint one or more referees in <<reteres>>	retires|reveres|veteres
production-1913-statutes	371	12.0	weneand	<<weneand>> to all official acts and to issue	wetland
production-1913-statutes	371	42.4	therchy	thereof or referee appointed <<therchy>> shall have the power to	thearchy
production-1913-statutes	372	23.11	remay	for contempt of court the remedy provided <<remay>>	demay|lemay|reamy|reay|relay|rema
production-1913-statutes	373	5.6	acerne	action uo decision or award shall <<acerne>> in any court to any person	acerae|aherne|cerne|scerne
production-1913-statutes	373	31.0	aplica	<<aplica>> ce upon filing of an application for	alica|applica|plica
