token	freq	tier	prior_category
ducheny	414	high_freq	NAMELIKE
karnette	397	high_freq	NAMELIKE
escutia	389	high_freq	NAMELIKE
margett	340	high_freq	NAMELIKE
aroner	327	high_freq	TYPO
frusetta	306	high_freq	NAMELIKE
migden	287	high_freq	NAMELIKE
kaloogian	238	high_freq	NAMELIKE
poochigian	238	high_freq	NAMELIKE
weggeland	202	high_freq	NAMELIKE
whon	154	high_freq	TYPO
repressuring	145	high_freq	NAMELIKE
islais	130	high_freq	NAMELIKE
tuly	114	high_freq	TYPO
bronshvag	110	high_freq	NAMELIKE
agricul	109	high_freq	FRAGMENT
setencich	106	high_freq	NAMELIKE
meanor	97	high_freq	TYPO
fricot	73	high_freq	NAMELIKE
sereen	67	high_freq	TYPO
sinkyone	66	high_freq	NAMELIKE
jines	61	high_freq	TYPO
aanestad	59	high_freq	NAMELIKE
ollice	59	high_freq	TYPO
sinte	57	high_freq	TYPO
calipatria	55	high_freq	NAMELIKE
anee	54	high_freq	TYPO
gabilan	50	high_freq	NAMELIKE
monagan	45	high_freq	TYPO
vuich	44	high_freq	NAMELIKE
drytown	43	high_freq	GARBLE
domenigoni	41	high_freq	NAMELIKE
elee	40	high_freq	TYPO
culy	38	high_freq	TYPO
clate	36	high_freq	TYPO
mcsheehy	35	high_freq	NAMELIKE
ottice	35	high_freq	NAMELIKE
sattley	35	high_freq	NAMELIKE
mackerricher	34	high_freq	NAMELIKE
ramento	34	high_freq	FRAGMENT
sively	34	high_freq	TYPO
trahern	34	high_freq	NAMELIKE
havenner	32	high_freq	NAMELIKE
japatul	32	high_freq	NAMELIKE
turer	32	high_freq	TYPO
elverta	31	high_freq	NAMELIKE
tants	31	high_freq	TYPO
cnter	30	high_freq	TYPO
rimpau	30	high_freq	NAMELIKE
cawelo	29	high_freq	TYPO
ribier	29	high_freq	NAMELIKE
blairsden	28	high_freq	NAMELIKE
calpella	28	high_freq	TYPO
sehoo	28	high_freq	TYPO
transue	28	high_freq	NAMELIKE
vowers	28	high_freq	TYPO
bohnett	27	high_freq	NAMELIKE
cholame	27	high_freq	NAMELIKE
jender	27	high_freq	TYPO
markleeville	27	high_freq	NAMELIKE
stantial	27	high_freq	FRAGMENT
cervantez	26	high_freq	TYPO
jamacha	26	high_freq	NAMELIKE
nutgrass	26	high_freq	NAMELIKE
schabarum	26	high_freq	NAMELIKE
buchon	25	high_freq	TYPO
nisene	25	high_freq	TYPO
sinsheimer	25	high_freq	NAMELIKE
aguanga	24	high_freq	NAMELIKE
cless	24	high_freq	TYPO
llagas	24	high_freq	TYPO
delaveaga	23	high_freq	NAMELIKE
devisadero	23	high_freq	NAMELIKE
devree	23	high_freq	TYPO
represa	23	high_freq	TYPO
strohecker	23	high_freq	NAMELIKE
tirey	23	high_freq	TYPO
chetcuti	22	high_freq	NAMELIKE
felando	22	high_freq	NAMELIKE
heisinger	22	high_freq	NAMELIKE
huichica	22	high_freq	NAMELIKE
rapozo	22	high_freq	NAMELIKE
recla	22	high_freq	FRAGMENT
tuffree	22	high_freq	NAMELIKE
arnum	21	high_freq	TYPO
batiquitos	21	high_freq	NAMELIKE
elijo	21	high_freq	TYPO
kennick	20	high_freq	NAMELIKE
kumeyaay	20	high_freq	NAMELIKE
penasquitos	20	high_freq	NAMELIKE
puddingstone	20	high_freq	NAMELIKE
talawa	20	high_freq	NAMELIKE
biscailuz	19	high_freq	NAMELIKE
britschgi	19	high_freq	NAMELIKE
koverman	19	high_freq	NAMELIKE
neering	19	high_freq	TYPO
thermalito	19	high_freq	NAMELIKE
tinnin	19	high_freq	TYPO
berkemeyer	18	high_freq	NAMELIKE
crannell	18	high_freq	NAMELIKE
deanza	18	high_freq	TYPO
fredonyer	18	high_freq	NAMELIKE
jacumba	18	high_freq	NAMELIKE
saucelito	18	high_freq	NAMELIKE
weitchpec	18	high_freq	NAMELIKE
andriano	17	high_freq	TYPO
calleguas	17	high_freq	NAMELIKE
komandorski	17	high_freq	NAMELIKE
laveaga	17	high_freq	NAMELIKE
lavor	17	high_freq	TYPO
perey	17	high_freq	TYPO
schomp	17	high_freq	TYPO
siens	17	high_freq	TYPO
sieroty	17	high_freq	NAMELIKE
weisbaum	17	high_freq	NAMELIKE
carmenita	16	high_freq	NAMELIKE
comptche	16	high_freq	NAMELIKE
eneh	16	high_freq	TYPO
garrapata	16	high_freq	NAMELIKE
guajome	16	high_freq	NAMELIKE
munie	16	high_freq	TYPO
suly	16	high_freq	TYPO
unap	16	high_freq	TYPO
aaca	15	high_freq	TYPO
hydesville	15	high_freq	NAMELIKE
leshe	15	high_freq	TYPO
maae	15	high_freq	TYPO
neunaber	15	high_freq	NAMELIKE
olema	15	high_freq	NAMELIKE
orestimba	15	high_freq	NAMELIKE
pedrotti	15	high_freq	NAMELIKE
precita	15	high_freq	NAMELIKE
seera	15	high_freq	TYPO
suscol	15	high_freq	NAMELIKE
tracen	15	high_freq	TYPO
jughandle	14	high_freq	NAMELIKE
loara	14	high_freq	TYPO
moabi	14	high_freq	TYPO
mojonnier	14	high_freq	NAMELIKE
nachand	14	high_freq	NAMELIKE
retam	14	high_freq	TYPO
rohnerville	14	high_freq	NAMELIKE
sausal	14	high_freq	TYPO
xil	14	high_freq	TYPO
cral	13	high_freq	TYPO
frago	13	high_freq	TYPO
kapiloff	13	high_freq	NAMELIKE
planada	13	high_freq	NAMELIKE
sance	13	high_freq	TYPO
afterbay	12	high_freq	NAMELIKE
alisos	12	high_freq	TYPO
annadel	12	high_freq	TYPO
berrenda	12	high_freq	NAMELIKE
debellis	12	high_freq	NAMELIKE
frizzelle	12	high_freq	NAMELIKE
hollibaugh	12	high_freq	NAMELIKE
konocti	12	high_freq	NAMELIKE
neumiller	12	high_freq	NAMELIKE
pulgas	12	high_freq	NAMELIKE
reter	12	high_freq	TYPO
sarae	12	high_freq	TYPO
wcab	12	high_freq	TYPO
brundige	11	high_freq	NAMELIKE
chuckawalla	11	high_freq	NAMELIKE
finel	11	high_freq	TYPO
hurdygurdy	11	high_freq	NAMELIKE
lowis	11	high_freq	TYPO
molera	11	high_freq	NAMELIKE
seeton	11	high_freq	TYPO
sisquoc	11	high_freq	NAMELIKE
soniat	11	high_freq	TYPO
tequesquite	11	high_freq	NAMELIKE
tularcitos	11	high_freq	NAMELIKE
wlio	11	high_freq	TYPO
encinita	10	high_freq	NAMELIKE
erreca	10	high_freq	NAMELIKE
fleishhacker	10	high_freq	NAMELIKE
helding	10	high_freq	TYPO
hillegass	10	high_freq	NAMELIKE
lamanda	10	high_freq	TYPO
marily	10	high_freq	TYPO
michillinda	10	high_freq	NAMELIKE
perent	10	high_freq	TYPO
preter	10	high_freq	TYPO
rosemon	10	high_freq	TYPO
sequit	10	high_freq	TYPO
vider	10	high_freq	TYPO
amenge	9	low_freq	TYPO
argabrite	9	low_freq	NAMELIKE
barl	9	low_freq	TYPO
baylands	9	low_freq	TYPO
calion	9	low_freq	TYPO
cavness	9	low_freq	NAMELIKE
chargos	9	low_freq	TYPO
conty	9	low_freq	TYPO
corneil	9	low_freq	TYPO
cown	9	low_freq	TYPO
deily	9	low_freq	TYPO
eiven	9	low_freq	TYPO
erene	9	low_freq	TYPO
fants	9	low_freq	TYPO
fotia	9	low_freq	TYPO
gitts	9	low_freq	TYPO
grawn	9	low_freq	TYPO
heryford	9	low_freq	TYPO
idence	9	low_freq	FRAGMENT
jent	9	low_freq	TYPO
kisling	9	low_freq	TYPO
knightsen	9	low_freq	NAMELIKE
kuskov	9	low_freq	NAMELIKE
lanare	9	low_freq	TYPO
laugharn	9	low_freq	NAMELIKE
mamer	9	low_freq	TYPO
mecical	9	low_freq	TYPO
megal	9	low_freq	TYPO
natonal	9	low_freq	TYPO
nubieber	9	low_freq	NAMELIKE
odies	9	low_freq	TYPO
pisce	9	low_freq	TYPO
polsley	9	low_freq	NAMELIKE
pulice	9	low_freq	TYPO
purissima	9	low_freq	NAMELIKE
pursel	9	low_freq	TYPO
reene	9	low_freq	TYPO
seccion	9	low_freq	TYPO
spadra	9	low_freq	NAMELIKE
stevenot	9	low_freq	NAMELIKE
stoakes	9	low_freq	TYPO
tijera	9	low_freq	NAMELIKE
turee	9	low_freq	TYPO
uding	9	low_freq	TYPO
wken	9	low_freq	TYPO
yonkin	9	low_freq	TYPO
aleda	8	low_freq	TYPO
allardt	8	low_freq	TYPO
arroya	8	low_freq	TYPO
bante	8	low_freq	TYPO
belony	8	low_freq	TYPO
bollibokka	8	low_freq	NAMELIKE
brance	8	low_freq	TYPO
burre	8	low_freq	TYPO
burvey	8	low_freq	TYPO
casmalia	8	low_freq	NAMELIKE
chiriaco	8	low_freq	NAMELIKE
cleri	8	low_freq	TYPO
clura	8	low_freq	TYPO
conservaton	8	low_freq	TYPO
covarubias	8	low_freq	NAMELIKE
demund	8	low_freq	TYPO
deuth	8	low_freq	TYPO
dufficy	8	low_freq	NAMELIKE
duits	8	low_freq	TYPO
dumke	8	low_freq	TYPO
dwinelle	8	low_freq	NAMELIKE
eaen	8	low_freq	TYPO
emia	8	low_freq	TYPO
francise	8	low_freq	TYPO
freyermuth	8	low_freq	NAMELIKE
fykes	8	low_freq	TYPO
gibaldi	8	low_freq	NAMELIKE
goard	8	low_freq	TYPO
guinda	8	low_freq	TYPO
hegland	8	low_freq	NAMELIKE
hegy	8	low_freq	TYPO
heur	8	low_freq	TYPO
houte	8	low_freq	TYPO
kinzli	8	low_freq	NAMELIKE
koep	8	low_freq	TYPO
kossen	8	low_freq	NAMELIKE
laake	8	low_freq	TYPO
marshai	8	low_freq	TYPO
mcdanel	8	low_freq	TYPO
minicipal	8	low_freq	TYPO
naire	8	low_freq	TYPO
namos	8	low_freq	TYPO
naufus	8	low_freq	NAMELIKE
nolina	8	low_freq	TYPO
nudel	8	low_freq	TYPO
olrich	8	low_freq	TYPO
onice	8	low_freq	TYPO
oree	8	low_freq	TYPO
osit	8	low_freq	TYPO
pable	8	low_freq	TYPO
penee	8	low_freq	TYPO
pomerado	8	low_freq	NAMELIKE
prisor	8	low_freq	TYPO
purk	8	low_freq	TYPO
purks	8	low_freq	TYPO
replat	8	low_freq	TYPO
retes	8	low_freq	TYPO
roate	8	low_freq	TYPO
satus	8	low_freq	TYPO
servie	8	low_freq	TYPO
sinele	8	low_freq	TYPO
tehachapis	8	low_freq	NAMELIKE
teon	8	low_freq	TYPO
terminous	8	low_freq	TYPO
theren	8	low_freq	TYPO
tocaloma	8	low_freq	NAMELIKE
tomki	8	low_freq	TYPO
tury	8	low_freq	TYPO
ulatis	8	low_freq	NAMELIKE
venard	8	low_freq	TYPO
wozencraft	8	low_freq	NAMELIKE
yuha	8	low_freq	TYPO
yurk	8	low_freq	TYPO
aeree	7	low_freq	TYPO
albinger	7	low_freq	NAMELIKE
annuel	7	low_freq	TYPO
artice	7	low_freq	TYPO
atler	7	low_freq	TYPO
avor	7	low_freq	TYPO
buman	7	low_freq	TYPO
cooledge	7	low_freq	TYPO
covill	7	low_freq	TYPO
daries	7	low_freq	TYPO
dierssen	7	low_freq	NAMELIKE
eding	7	low_freq	TYPO
fread	7	low_freq	TYPO
gadwell	7	low_freq	TYPO
gallegly	7	low_freq	NAMELIKE
garvanza	7	low_freq	NAMELIKE
gerk	7	low_freq	TYPO
glenard	7	low_freq	NAMELIKE
greuter	7	low_freq	TYPO
gunty	7	low_freq	TYPO
hiett	7	low_freq	NAMELIKE
hoats	7	low_freq	TYPO
hollenhorst	7	low_freq	NAMELIKE
juaquin	7	low_freq	TYPO
lagios	7	low_freq	TYPO
leverette	7	low_freq	NAMELIKE
lompico	7	low_freq	NAMELIKE
malaikah	7	low_freq	NAMELIKE
malpaso	7	low_freq	NAMELIKE
mansy	7	low_freq	TYPO
manwell	7	low_freq	TYPO
maxxam	7	low_freq	NAMELIKE
mcclaskey	7	low_freq	TYPO
mcelheney	7	low_freq	NAMELIKE
mckinster	7	low_freq	NAMELIKE
megee	7	low_freq	TYPO
millien	7	low_freq	TYPO
monner	7	low_freq	TYPO
moreys	7	low_freq	TYPO
munber	7	low_freq	TYPO
paner	7	low_freq	TYPO
protem	7	low_freq	NAMELIKE
publice	7	low_freq	TYPO
purcel	7	low_freq	TYPO
registe	7	low_freq	TYPO
rolufs	7	low_freq	NAMELIKE
roum	7	low_freq	TYPO
rron	7	low_freq	TYPO
ruie	7	low_freq	TYPO
seevee	7	low_freq	TYPO
stady	7	low_freq	TYPO
sutt	7	low_freq	TYPO
taley	7	low_freq	TYPO
tenaja	7	low_freq	NAMELIKE
tolay	7	low_freq	TYPO
tsurai	7	low_freq	NAMELIKE
ucross	7	low_freq	TYPO
vallambrosa	7	low_freq	NAMELIKE
veats	7	low_freq	TYPO
weex	7	low_freq	TYPO
westbay	7	low_freq	NAMELIKE
wilseyville	7	low_freq	NAMELIKE
womer	7	low_freq	TYPO
xum	7	low_freq	TYPO
zeto	7	low_freq	TYPO
abdelnour	6	low_freq	NAMELIKE
acty	6	low_freq	TYPO
advalorem	6	low_freq	NAMELIKE
anaum	6	low_freq	TYPO
annur	6	low_freq	TYPO
areus	6	low_freq	TYPO
bagdouma	6	low_freq	NAMELIKE
bect	6	low_freq	TYPO
bosland	6	low_freq	TYPO
branza	6	low_freq	NAMELIKE
briceland	6	low_freq	NAMELIKE
broderson	6	low_freq	NAMELIKE
brusie	6	low_freq	TYPO
bulen	6	low_freq	TYPO
cairy	6	low_freq	TYPO
calwa	6	low_freq	TYPO
cantua	6	low_freq	TYPO
chimiles	6	low_freq	NAMELIKE
ciin	6	low_freq	TYPO
clief	6	low_freq	TYPO
coglan	6	low_freq	NAMELIKE
conibear	6	low_freq	NAMELIKE
cordua	6	low_freq	NAMELIKE
corralitos	6	low_freq	NAMELIKE
cressa	6	low_freq	TYPO
croskey	6	low_freq	NAMELIKE
cutri	6	low_freq	NAMELIKE
denee	6	low_freq	TYPO
dinsmores	6	low_freq	NAMELIKE
dowda	6	low_freq	TYPO
elce	6	low_freq	TYPO
eney	6	low_freq	TYPO
enil	6	low_freq	TYPO
ennen	6	low_freq	NAMELIKE
erial	6	low_freq	TYPO
ervey	6	low_freq	TYPO
faciity	6	low_freq	TYPO
garoutte	6	low_freq	NAMELIKE
gelwicks	6	low_freq	NAMELIKE
gierk	6	low_freq	NAMELIKE
guejito	6	low_freq	NAMELIKE
harges	6	low_freq	TYPO
heang	6	low_freq	TYPO
hghts	6	low_freq	GARBLE
hichborn	6	low_freq	NAMELIKE
hieatt	6	low_freq	NAMELIKE
indea	6	low_freq	TYPO
isand	6	low_freq	TYPO
jomes	6	low_freq	TYPO
keeny	6	low_freq	TYPO
kellems	6	low_freq	NAMELIKE
kevt	6	low_freq	TYPO
leeat	6	low_freq	NAMELIKE
lobue	6	low_freq	TYPO
locey	6	low_freq	TYPO
lofthus	6	low_freq	TYPO
lollars	6	low_freq	TYPO
lomitas	6	low_freq	NAMELIKE
lorbeer	6	low_freq	NAMELIKE
menager	6	low_freq	TYPO
merket	6	low_freq	TYPO
metam	6	low_freq	TYPO
mowday	6	low_freq	TYPO
mury	6	low_freq	TYPO
nayor	6	low_freq	TYPO
ngeles	6	low_freq	TYPO
opy	6	low_freq	TYPO
otmer	6	low_freq	TYPO
ovee	6	low_freq	TYPO
pasajero	6	low_freq	NAMELIKE
pature	6	low_freq	TYPO
pishon	6	low_freq	TYPO
placey	6	low_freq	TYPO
plams	6	low_freq	TYPO
poad	6	low_freq	TYPO
powes	6	low_freq	TYPO
quall	6	low_freq	TYPO
radanovich	6	low_freq	NAMELIKE
rious	6	low_freq	TYPO
salsman	6	low_freq	TYPO
sarvey	6	low_freq	TYPO
saucito	6	low_freq	NAMELIKE
scollan	6	low_freq	NAMELIKE
seese	6	low_freq	TYPO
selis	6	low_freq	TYPO
sengers	6	low_freq	TYPO
siek	6	low_freq	TYPO
somis	6	low_freq	TYPO
sooy	6	low_freq	TYPO
stys	6	low_freq	TYPO
sulter	6	low_freq	TYPO
sumers	6	low_freq	TYPO
tallac	6	low_freq	NAMELIKE
tideline	6	low_freq	TYPO
touchard	6	low_freq	TYPO
townsh	6	low_freq	TYPO
trevel	6	low_freq	TYPO
tumber	6	low_freq	TYPO
tuty	6	low_freq	TYPO
uyon	6	low_freq	TYPO
valicity	6	low_freq	TYPO
vartabedian	6	low_freq	NAMELIKE
veason	6	low_freq	TYPO
veral	6	low_freq	TYPO
visitacion	6	low_freq	TYPO
waughop	6	low_freq	NAMELIKE
weok	6	low_freq	TYPO
weske	6	low_freq	NAMELIKE
yent	6	low_freq	TYPO
yund	6	low_freq	TYPO
abarr	5	low_freq	TYPO
aceon	5	low_freq	TYPO
aguajito	5	low_freq	GARBLE
ainer	5	low_freq	TYPO
angiola	5	low_freq	TYPO
argust	5	low_freq	TYPO
arovista	5	low_freq	NAMELIKE
arrants	5	low_freq	TYPO
banis	5	low_freq	TYPO
bayland	5	low_freq	TYPO
beack	5	low_freq	TYPO
beles	5	low_freq	TYPO
bervin	5	low_freq	TYPO
bloemer	5	low_freq	TYPO
branen	5	low_freq	TYPO
buhne	5	low_freq	NAMELIKE
campodonico	5	low_freq	NAMELIKE
camptonville	5	low_freq	NAMELIKE
camuesa	5	low_freq	NAMELIKE
cayote	5	low_freq	TYPO
chaj	5	low_freq	TYPO
chanze	5	low_freq	TYPO
chapp	5	low_freq	TYPO
charre	5	low_freq	TYPO
chetco	5	low_freq	NAMELIKE
chier	5	low_freq	TYPO
cichowski	5	low_freq	NAMELIKE
clums	5	low_freq	TYPO
coane	5	low_freq	TYPO
coee	5	low_freq	TYPO
colee	5	low_freq	TYPO
covil	5	low_freq	TYPO
daygo	5	low_freq	NAMELIKE
deater	5	low_freq	TYPO
debree	5	low_freq	TYPO
decarli	5	low_freq	NAMELIKE
deea	5	low_freq	TYPO
deeth	5	low_freq	TYPO
defino	5	low_freq	TYPO
defond	5	low_freq	TYPO
delger	5	low_freq	NAMELIKE
demmon	5	low_freq	TYPO
detray	5	low_freq	TYPO
deturk	5	low_freq	NAMELIKE
devinney	5	low_freq	NAMELIKE
dezree	5	low_freq	TYPO
dibiaso	5	low_freq	NAMELIKE
ditchers	5	low_freq	TYPO
dunean	5	low_freq	TYPO
edminister	5	low_freq	TYPO
eera	5	low_freq	TYPO
enael	5	low_freq	TYPO
ennes	5	low_freq	TYPO
ermal	5	low_freq	TYPO
erter	5	low_freq	TYPO
escandon	5	low_freq	NAMELIKE
everee	5	low_freq	GARBLE
ewal	5	low_freq	TYPO
executve	5	low_freq	TYPO
fancisco	5	low_freq	TYPO
faud	5	low_freq	TYPO
franceses	5	low_freq	NAMELIKE
fullenwider	5	low_freq	NAMELIKE
ganic	5	low_freq	TYPO
gennine	5	low_freq	TYPO
gutenberger	5	low_freq	NAMELIKE
haraszthy	5	low_freq	NAMELIKE
harrall	5	low_freq	TYPO
havins	5	low_freq	TYPO
heffren	5	low_freq	NAMELIKE
hersko	5	low_freq	NAMELIKE
hosptal	5	low_freq	TYPO
hudner	5	low_freq	NAMELIKE
ikem	5	low_freq	TYPO
ilinois	5	low_freq	TYPO
jabur	5	low_freq	NAMELIKE
jaus	5	low_freq	TYPO
jeral	5	low_freq	TYPO
juny	5	low_freq	TYPO
juron	5	low_freq	TYPO
kallea	5	low_freq	NAMELIKE
keing	5	low_freq	TYPO
kilpatric	5	low_freq	TYPO
laen	5	low_freq	TYPO
larvie	5	low_freq	TYPO
lecy	5	low_freq	TYPO
lezer	5	low_freq	TYPO
likins	5	low_freq	TYPO
lindero	5	low_freq	TYPO
loars	5	low_freq	TYPO
lodg	5	low_freq	TYPO
loyed	5	low_freq	TYPO
lusks	5	low_freq	TYPO
mathiew	5	low_freq	TYPO
mccourtney	5	low_freq	NAMELIKE
meane	5	low_freq	TYPO
meloney	5	low_freq	TYPO
menalto	5	low_freq	NAMELIKE
menning	5	low_freq	TYPO
merical	5	low_freq	TYPO
millor	5	low_freq	TYPO
molate	5	low_freq	TYPO
mudhen	5	low_freq	NAMELIKE
mutnal	5	low_freq	TYPO
ncmc	5	low_freq	TYPO
ogram	5	low_freq	TYPO
olivenhain	5	low_freq	NAMELIKE
orean	5	low_freq	TYPO
orler	5	low_freq	TYPO
orter	5	low_freq	TYPO
parone	5	low_freq	TYPO
payce	5	low_freq	TYPO
pepers	5	low_freq	TYPO
percer	5	low_freq	TYPO
pilarcitos	5	low_freq	NAMELIKE
primery	5	low_freq	TYPO
priver	5	low_freq	TYPO
rackliffe	5	low_freq	NAMELIKE
recard	5	low_freq	TYPO
ruell	5	low_freq	TYPO
ruid	5	low_freq	TYPO
sacramen	5	low_freq	TYPO
sagehen	5	low_freq	NAMELIKE
sealanes	5	low_freq	NAMELIKE
seasor	5	low_freq	TYPO
septer	5	low_freq	TYPO
serles	5	low_freq	TYPO
sevena	5	low_freq	TYPO
shallin	5	low_freq	TYPO
shartel	5	low_freq	NAMELIKE
sintes	5	low_freq	TYPO
skofield	5	low_freq	TYPO
slaugh	5	low_freq	TYPO
soat	5	low_freq	TYPO
sonta	5	low_freq	TYPO
spering	5	low_freq	TYPO
stants	5	low_freq	TYPO
stepo	5	low_freq	TYPO
stevinson	5	low_freq	TYPO
stoe	5	low_freq	TYPO
strybing	5	low_freq	GARBLE
suce	5	low_freq	TYPO
suek	5	low_freq	TYPO
sycuan	5	low_freq	NAMELIKE
tacie	5	low_freq	TYPO
tatus	5	low_freq	TYPO
teag	5	low_freq	TYPO
tency	5	low_freq	FRAGMENT
tenthouse	5	low_freq	TYPO
thav	5	low_freq	TYPO
tolla	5	low_freq	TYPO
treaster	5	low_freq	NAMELIKE
tulls	5	low_freq	TYPO
uver	5	low_freq	TYPO
vances	5	low_freq	TYPO
vancy	5	low_freq	TYPO
vanee	5	low_freq	TYPO
voiers	5	low_freq	TYPO
wasmuth	5	low_freq	NAMELIKE
werson	5	low_freq	TYPO
whcm	5	low_freq	TYPO
whetner	5	low_freq	TYPO
wmch	5	low_freq	TYPO
wrich	5	low_freq	TYPO
xec	5	low_freq	TYPO
yerly	5	low_freq	TYPO
zmudowski	5	low_freq	NAMELIKE
adiministration	4	low_freq	TYPO
aily	4	low_freq	TYPO
airpor	4	low_freq	TYPO
algier	4	low_freq	TYPO
allega	4	low_freq	TYPO
amento	4	low_freq	FRAGMENT
andings	4	low_freq	TYPO
antee	4	low_freq	TYPO
antsell	4	low_freq	NAMELIKE
arminta	4	low_freq	NAMELIKE
auces	4	low_freq	TYPO
aviani	4	low_freq	TYPO
baltzar	4	low_freq	NAMELIKE
bandoni	4	low_freq	NAMELIKE
behre	4	low_freq	NAMELIKE
beiter	4	low_freq	TYPO
besore	4	low_freq	TYPO
beteta	4	low_freq	TYPO
betge	4	low_freq	TYPO
betler	4	low_freq	TYPO
billye	4	low_freq	TYPO
bockman	4	low_freq	TYPO
boero	4	low_freq	TYPO
bonato	4	low_freq	TYPO
boncl	4	low_freq	NAMELIKE
bondor	4	low_freq	TYPO
bonse	4	low_freq	TYPO
bowcutt	4	low_freq	NAMELIKE
breakenridge	4	low_freq	TYPO
brickett	4	low_freq	TYPO
broida	4	low_freq	NAMELIKE
bumbaugh	4	low_freq	NAMELIKE
bunyard	4	low_freq	NAMELIKE
buria	4	low_freq	TYPO
burres	4	low_freq	TYPO
butrick	4	low_freq	NAMELIKE
byrl	4	low_freq	TYPO
calvine	4	low_freq	TYPO
caneer	4	low_freq	TYPO
carrison	4	low_freq	TYPO
castagnola	4	low_freq	NAMELIKE
catons	4	low_freq	TYPO
charies	4	low_freq	TYPO
claira	4	low_freq	TYPO
clarken	4	low_freq	TYPO
cloudman	4	low_freq	NAMELIKE
coile	4	low_freq	TYPO
colbourn	4	low_freq	TYPO
colvig	4	low_freq	TYPO
concow	4	low_freq	NAMELIKE
coolbrith	4	low_freq	NAMELIKE
couey	4	low_freq	TYPO
covy	4	low_freq	TYPO
cridge	4	low_freq	TYPO
cuffey	4	low_freq	TYPO
cushenbury	4	low_freq	NAMELIKE
damsite	4	low_freq	NAMELIKE
danver	4	low_freq	TYPO
delery	4	low_freq	TYPO
deluz	4	low_freq	NAMELIKE
denzler	4	low_freq	NAMELIKE
domitila	4	low_freq	NAMELIKE
dornin	4	low_freq	TYPO
ducor	4	low_freq	TYPO
dufrane	4	low_freq	NAMELIKE
duto	4	low_freq	TYPO
ebbetts	4	low_freq	NAMELIKE
echon	4	low_freq	TYPO
egard	4	low_freq	TYPO
elams	4	low_freq	TYPO
elay	4	low_freq	TYPO
elvera	4	low_freq	TYPO
empore	4	low_freq	TYPO
eque	4	low_freq	TYPO
erah	4	low_freq	TYPO
etters	4	low_freq	TYPO
eward	4	low_freq	TYPO
ewch	4	low_freq	TYPO
faling	4	low_freq	TYPO
fange	4	low_freq	TYPO
farst	4	low_freq	TYPO
fauls	4	low_freq	TYPO
fermen	4	low_freq	TYPO
fortine	4	low_freq	TYPO
frang	4	low_freq	TYPO
fues	4	low_freq	TYPO
gaestel	4	low_freq	NAMELIKE
garding	4	low_freq	TYPO
gillenwaters	4	low_freq	NAMELIKE
godsil	4	low_freq	NAMELIKE
granice	4	low_freq	TYPO
griset	4	low_freq	TYPO
grounts	4	low_freq	TYPO
gualco	4	low_freq	NAMELIKE
gubser	4	low_freq	NAMELIKE
haerle	4	low_freq	NAMELIKE
haskill	4	low_freq	TYPO
havy	4	low_freq	TYPO
hedionda	4	low_freq	NAMELIKE
hellmers	4	low_freq	NAMELIKE
heusing	4	low_freq	TYPO
hishway	4	low_freq	TYPO
horm	4	low_freq	TYPO
houge	4	low_freq	TYPO
hutching	4	low_freq	TYPO
inyokern	4	low_freq	NAMELIKE
israe	4	low_freq	TYPO
ivdu	4	low_freq	NAMELIKE
jalama	4	low_freq	NAMELIKE
jayman	4	low_freq	TYPO
jerke	4	low_freq	TYPO
jnay	4	low_freq	TYPO
jore	4	low_freq	TYPO
jourden	4	low_freq	TYPO
keesling	4	low_freq	TYPO
kener	4	low_freq	TYPO
kenfield	4	low_freq	TYPO
klope	4	low_freq	TYPO
kobata	4	low_freq	NAMELIKE
kons	4	low_freq	TYPO
lackee	4	low_freq	TYPO
lambden	4	low_freq	NAMELIKE
langenberger	4	low_freq	NAMELIKE
lasuen	4	low_freq	TYPO
leavesley	4	low_freq	NAMELIKE
legel	4	low_freq	TYPO
lejo	4	low_freq	TYPO
limerock	4	low_freq	TYPO
lonis	4	low_freq	TYPO
lorigan	4	low_freq	NAMELIKE
loughrin	4	low_freq	NAMELIKE
louttit	4	low_freq	NAMELIKE
luevano	4	low_freq	NAMELIKE
magram	4	low_freq	TYPO
mallagh	4	low_freq	NAMELIKE
mannery	4	low_freq	TYPO
mcelvaine	4	low_freq	NAMELIKE
mcenerney	4	low_freq	NAMELIKE
medaris	4	low_freq	NAMELIKE
menary	4	low_freq	TYPO
meneely	4	low_freq	NAMELIKE
mentel	4	low_freq	TYPO
mindham	4	low_freq	TYPO
moct	4	low_freq	TYPO
muertas	4	low_freq	NAMELIKE
mulos	4	low_freq	TYPO
nend	4	low_freq	TYPO
nojoqui	4	low_freq	NAMELIKE
norice	4	low_freq	TYPO
norviel	4	low_freq	NAMELIKE
notleys	4	low_freq	NAMELIKE
obligacion	4	low_freq	TYPO
ocate	4	low_freq	TYPO
olompali	4	low_freq	NAMELIKE
oneo	4	low_freq	TYPO
oneys	4	low_freq	TYPO
orben	4	low_freq	TYPO
ordbend	4	low_freq	NAMELIKE
oross	4	low_freq	TYPO
pands	4	low_freq	TYPO
panhorst	4	low_freq	NAMELIKE
pastoria	4	low_freq	TYPO
pastorino	4	low_freq	NAMELIKE
paulden	4	low_freq	TYPO
pearis	4	low_freq	TYPO
penston	4	low_freq	TYPO
persyn	4	low_freq	TYPO
picknicking	4	low_freq	NAMELIKE
pisana	4	low_freq	NAMELIKE
poge	4	low_freq	TYPO
pohono	4	low_freq	TYPO
pondosa	4	low_freq	NAMELIKE
posas	4	low_freq	TYPO
prothe	4	low_freq	NAMELIKE
raffetto	4	low_freq	NAMELIKE
raunt	4	low_freq	TYPO
reace	4	low_freq	TYPO
relia	4	low_freq	TYPO
rention	4	low_freq	TYPO
rylaarsdam	4	low_freq	NAMELIKE
saire	4	low_freq	TYPO
saley	4	low_freq	TYPO
samz	4	low_freq	TYPO
sanks	4	low_freq	TYPO
saroni	4	low_freq	NAMELIKE
schoel	4	low_freq	TYPO
seate	4	low_freq	TYPO
seber	4	low_freq	TYPO
selting	4	low_freq	TYPO
senal	4	low_freq	TYPO
seventenths	4	low_freq	NAMELIKE
sfty	4	low_freq	TYPO
sherfey	4	low_freq	NAMELIKE
shiells	4	low_freq	TYPO
shuckman	4	low_freq	NAMELIKE
shusta	4	low_freq	TYPO
siener	4	low_freq	TYPO
simmen	4	low_freq	TYPO
sisar	4	low_freq	TYPO
smothermon	4	low_freq	NAMELIKE
sneden	4	low_freq	TYPO
soards	4	low_freq	TYPO
soine	4	low_freq	TYPO
sonie	4	low_freq	TYPO
sovern	4	low_freq	TYPO
sportman	4	low_freq	TYPO
stees	4	low_freq	TYPO
steinheimer	4	low_freq	NAMELIKE
strance	4	low_freq	TYPO
strohn	4	low_freq	GARBLE
subivision	4	low_freq	TYPO
suell	4	low_freq	TYPO
sulik	4	low_freq	TYPO
suon	4	low_freq	TYPO
swall	4	low_freq	TYPO
syid	4	low_freq	TYPO
tarley	4	low_freq	TYPO
tendra	4	low_freq	TYPO
tenee	4	low_freq	TYPO
teney	4	low_freq	TYPO
theilen	4	low_freq	NAMELIKE
tione	4	low_freq	TYPO
tuhey	4	low_freq	TYPO
tunitas	4	low_freq	NAMELIKE
tyes	4	low_freq	TYPO
uali	4	low_freq	TYPO
valinda	4	low_freq	NAMELIKE
vallecitos	4	low_freq	NAMELIKE
vallot	4	low_freq	TYPO
vanalden	4	low_freq	NAMELIKE
vasona	4	low_freq	NAMELIKE
vener	4	low_freq	TYPO
verbeck	4	low_freq	NAMELIKE
veree	4	low_freq	TYPO
vering	4	low_freq	TYPO
verning	4	low_freq	TYPO
walpert	4	low_freq	TYPO
wantland	4	low_freq	NAMELIKE
wasteway	4	low_freq	NAMELIKE
weny	4	low_freq	TYPO
whitendale	4	low_freq	NAMELIKE
wifo	4	low_freq	TYPO
wlen	4	low_freq	TYPO
wnon	4	low_freq	TYPO
yessel	4	low_freq	TYPO
zore	4	low_freq	TYPO
acalanes	3	low_freq	NAMELIKE
addine	3	low_freq	TYPO
adkison	3	low_freq	TYPO
adron	3	low_freq	TYPO
aian	3	low_freq	TYPO
aill	3	low_freq	TYPO
aimy	3	low_freq	TYPO
airpoint	3	low_freq	NAMELIKE
alemeda	3	low_freq	TYPO
alvardo	3	low_freq	TYPO
alvens	3	low_freq	TYPO
amerige	3	low_freq	NAMELIKE
amuel	3	low_freq	TYPO
analine	3	low_freq	NAMELIKE
anly	3	low_freq	TYPO
arismendi	3	low_freq	NAMELIKE
arres	3	low_freq	TYPO
asmundson	3	low_freq	NAMELIKE
atie	3	low_freq	TYPO
atir	3	low_freq	TYPO
auen	3	low_freq	TYPO
aughinbaugh	3	low_freq	NAMELIKE
ballos	3	low_freq	TYPO
barbare	3	low_freq	TYPO
barte	3	low_freq	TYPO
beneficient	3	low_freq	NAMELIKE
beneto	3	low_freq	TYPO
berun	3	low_freq	TYPO
bihler	3	low_freq	NAMELIKE
bither	3	low_freq	TYPO
biven	3	low_freq	TYPO
bokkelen	3	low_freq	NAMELIKE
bolado	3	low_freq	NAMELIKE
bonora	3	low_freq	TYPO
booras	3	low_freq	NAMELIKE
borm	3	low_freq	TYPO
borregas	3	low_freq	NAMELIKE
bothin	3	low_freq	TYPO
brookey	3	low_freq	TYPO
buhach	3	low_freq	NAMELIKE
buildng	3	low_freq	TYPO
burron	3	low_freq	TYPO
cachagua	3	low_freq	NAMELIKE
campbel	3	low_freq	TYPO
capiral	3	low_freq	TYPO
cerce	3	low_freq	TYPO
certral	3	low_freq	TYPO
chabolla	3	low_freq	NAMELIKE
champie	3	low_freq	NAMELIKE
chartez	3	low_freq	TYPO
cinnamond	3	low_freq	TYPO
clata	3	low_freq	TYPO
clates	3	low_freq	TYPO
clera	3	low_freq	TYPO
clevon	3	low_freq	TYPO
coaty	3	low_freq	TYPO
codornices	3	low_freq	NAMELIKE
combie	3	low_freq	TYPO
conces	3	low_freq	TYPO
conery	3	low_freq	TYPO
connot	3	low_freq	TYPO
cories	3	low_freq	TYPO
coui	3	low_freq	TYPO
craveiro	3	low_freq	NAMELIKE
cuce	3	low_freq	TYPO
dable	3	low_freq	TYPO
damare	3	low_freq	TYPO
dayley	3	low_freq	TYPO
dehon	3	low_freq	TYPO
delotto	3	low_freq	NAMELIKE
desere	3	low_freq	TYPO
detri	3	low_freq	TYPO
dexheimer	3	low_freq	NAMELIKE
difani	3	low_freq	NAMELIKE
distrct	3	low_freq	TYPO
distrist	3	low_freq	TYPO
doelger	3	low_freq	NAMELIKE
dominquez	3	low_freq	TYPO
drath	3	low_freq	TYPO
drussel	3	low_freq	TYPO
dueno	3	low_freq	TYPO
dulzura	3	low_freq	NAMELIKE
dupart	3	low_freq	TYPO
dykhouse	3	low_freq	NAMELIKE
edings	3	low_freq	TYPO
elet	3	low_freq	TYPO
elien	3	low_freq	TYPO
endert	3	low_freq	TYPO
ersity	3	low_freq	FRAGMENT
eshom	3	low_freq	TYPO
etties	3	low_freq	NAMELIKE
evada	3	low_freq	TYPO
everit	3	low_freq	TYPO
ewards	3	low_freq	TYPO
faken	3	low_freq	TYPO
feacher	3	low_freq	TYPO
fedro	3	low_freq	TYPO
felsch	3	low_freq	GARBLE
fencil	3	low_freq	TYPO
fether	3	low_freq	TYPO
fouty	3	low_freq	TYPO
frieberg	3	low_freq	NAMELIKE
fulsom	3	low_freq	TYPO
gailon	3	low_freq	TYPO
galinas	3	low_freq	TYPO
galstian	3	low_freq	NAMELIKE
gante	3	low_freq	TYPO
gazos	3	low_freq	TYPO
genee	3	low_freq	TYPO
gerlock	3	low_freq	NAMELIKE
gevedon	3	low_freq	NAMELIKE
golars	3	low_freq	TYPO
gonser	3	low_freq	TYPO
governeur	3	low_freq	NAMELIKE
guilicos	3	low_freq	NAMELIKE
guiter	3	low_freq	TYPO
guse	3	low_freq	TYPO
hagle	3	low_freq	TYPO
hallidie	3	low_freq	NAMELIKE
halll	3	low_freq	TYPO
hamell	3	low_freq	TYPO
hanify	3	low_freq	NAMELIKE
hartsough	3	low_freq	NAMELIKE
hasket	3	low_freq	TYPO
hendrichs	3	low_freq	TYPO
henrine	3	low_freq	NAMELIKE
hermosilla	3	low_freq	NAMELIKE
hewston	3	low_freq	TYPO
hitchner	3	low_freq	NAMELIKE
hopeton	3	low_freq	NAMELIKE
houd	3	low_freq	TYPO
huasna	3	low_freq	NAMELIKE
hudy	3	low_freq	TYPO
huntzinger	3	low_freq	NAMELIKE
hustin	3	low_freq	TYPO
hyampom	3	low_freq	NAMELIKE
inhome	3	low_freq	TYPO
jabora	3	low_freq	NAMELIKE
jaily	3	low_freq	TYPO
jairy	3	low_freq	TYPO
jance	3	low_freq	TYPO
jaree	3	low_freq	TYPO
jassen	3	low_freq	TYPO
jemon	3	low_freq	TYPO
jerms	3	low_freq	TYPO
jerson	3	low_freq	TYPO
jesue	3	low_freq	TYPO
jimes	3	low_freq	TYPO
joso	3	low_freq	TYPO
jron	3	low_freq	TYPO
junion	3	low_freq	TYPO
kagle	3	low_freq	TYPO
keagle	3	low_freq	TYPO
kimlin	3	low_freq	TYPO
knopti	3	low_freq	NAMELIKE
kobert	3	low_freq	TYPO
koones	3	low_freq	NAMELIKE
ktw	3	low_freq	TYPO
laily	3	low_freq	TYPO
lanis	3	low_freq	TYPO
lankersham	3	low_freq	NAMELIKE
larce	3	low_freq	TYPO
leew	3	low_freq	TYPO
lenger	3	low_freq	TYPO
lepire	3	low_freq	NAMELIKE
levern	3	low_freq	TYPO
liad	3	low_freq	TYPO
liguor	3	low_freq	TYPO
litia	3	low_freq	TYPO
lonoak	3	low_freq	NAMELIKE
lpon	3	low_freq	TYPO
luly	3	low_freq	TYPO
lutrell	3	low_freq	TYPO
magalia	3	low_freq	NAMELIKE
majores	3	low_freq	TYPO
makaira	3	low_freq	NAMELIKE
makley	3	low_freq	TYPO
mareus	3	low_freq	TYPO
matzen	3	low_freq	NAMELIKE
maxwellton	3	low_freq	NAMELIKE
mayacmas	3	low_freq	NAMELIKE
mayhugh	3	low_freq	NAMELIKE
mccoppin	3	low_freq	NAMELIKE
mecan	3	low_freq	TYPO
megowen	3	low_freq	NAMELIKE
meharg	3	low_freq	NAMELIKE
menear	3	low_freq	NAMELIKE
mertie	3	low_freq	TYPO
meryle	3	low_freq	TYPO
mhoon	3	low_freq	TYPO
milagra	3	low_freq	NAMELIKE
milar	3	low_freq	TYPO
minots	3	low_freq	TYPO
misae	3	low_freq	TYPO
miskimen	3	low_freq	NAMELIKE
miste	3	low_freq	TYPO
monen	3	low_freq	TYPO
moranda	3	low_freq	TYPO
morder	3	low_freq	TYPO
mukes	3	low_freq	TYPO
myrtie	3	low_freq	TYPO
nalty	3	low_freq	TYPO
navor	3	low_freq	TYPO
nerger	3	low_freq	TYPO
nern	3	low_freq	TYPO
niley	3	low_freq	TYPO
nior	3	low_freq	TYPO
northwes	3	low_freq	TYPO
notario	3	low_freq	TYPO
nottoli	3	low_freq	NAMELIKE
novee	3	low_freq	TYPO
ocel	3	low_freq	TYPO
oconnell	3	low_freq	TYPO
odett	3	low_freq	TYPO
offfice	3	low_freq	TYPO
officel	3	low_freq	TYPO
oreen	3	low_freq	TYPO
orent	3	low_freq	TYPO
ormal	3	low_freq	TYPO
osner	3	low_freq	TYPO
osting	3	low_freq	TYPO
overshiner	3	low_freq	NAMELIKE
pardoes	3	low_freq	TYPO
pason	3	low_freq	TYPO
paulucci	3	low_freq	NAMELIKE
pecal	3	low_freq	TYPO
pecson	3	low_freq	TYPO
peirano	3	low_freq	NAMELIKE
penden	3	low_freq	TYPO
penon	3	low_freq	TYPO
percel	3	low_freq	TYPO
perservation	3	low_freq	TYPO
peserve	3	low_freq	TYPO
peyson	3	low_freq	TYPO
phelon	3	low_freq	TYPO
pirkey	3	low_freq	NAMELIKE
plance	3	low_freq	TYPO
pody	3	low_freq	TYPO
poen	3	low_freq	TYPO
polee	3	low_freq	TYPO
poleline	3	low_freq	NAMELIKE
prayor	3	low_freq	TYPO
preo	3	low_freq	TYPO
prott	3	low_freq	TYPO
provino	3	low_freq	TYPO
puhe	3	low_freq	TYPO
purkis	3	low_freq	TYPO
purta	3	low_freq	TYPO
purter	3	low_freq	TYPO
pyburn	3	low_freq	GARBLE
quish	3	low_freq	TYPO
rasmusen	3	low_freq	TYPO
rause	3	low_freq	TYPO
readway	3	low_freq	TYPO
reever	3	low_freq	TYPO
rehabiliation	3	low_freq	TYPO
reher	3	low_freq	TYPO
reney	3	low_freq	TYPO
rengstorff	3	low_freq	NAMELIKE
riede	3	low_freq	TYPO
rienstra	3	low_freq	NAMELIKE
rients	3	low_freq	TYPO
ripperdan	3	low_freq	NAMELIKE
roake	3	low_freq	TYPO
roeding	3	low_freq	NAMELIKE
rogert	3	low_freq	TYPO
roner	3	low_freq	TYPO
rowls	3	low_freq	TYPO
ruggio	3	low_freq	TYPO
runte	3	low_freq	TYPO
ruster	3	low_freq	TYPO
saee	3	low_freq	TYPO
sanjon	3	low_freq	NAMELIKE
schiek	3	low_freq	TYPO
schoals	3	low_freq	TYPO
sebrina	3	low_freq	TYPO
seever	3	low_freq	TYPO
senie	3	low_freq	TYPO
senon	3	low_freq	TYPO
sentenac	3	low_freq	NAMELIKE
servel	3	low_freq	TYPO
sesnon	3	low_freq	NAMELIKE
sesser	3	low_freq	TYPO
sessing	3	low_freq	TYPO
settino	3	low_freq	TYPO
shaen	3	low_freq	TYPO
shandin	3	low_freq	NAMELIKE
shapter	3	low_freq	TYPO
sherff	3	low_freq	TYPO
shures	3	low_freq	TYPO
sical	3	low_freq	TYPO
siskiyous	3	low_freq	NAMELIKE
solic	3	low_freq	TYPO
sonera	3	low_freq	TYPO
southeas	3	low_freq	TYPO
southwes	3	low_freq	TYPO
stabe	3	low_freq	TYPO
stalf	3	low_freq	TYPO
standeford	3	low_freq	NAMELIKE
staughter	3	low_freq	TYPO
steie	3	low_freq	TYPO
steurer	3	low_freq	NAMELIKE
strangman	3	low_freq	TYPO
stulen	3	low_freq	TYPO
suties	3	low_freq	TYPO
sydenstricker	3	low_freq	NAMELIKE
syeamore	3	low_freq	TYPO
teasons	3	low_freq	TYPO
teaver	3	low_freq	TYPO
teft	3	low_freq	TYPO
tencer	3	low_freq	TYPO
terease	3	low_freq	NAMELIKE
tetting	3	low_freq	TYPO
therease	3	low_freq	TYPO
tith	3	low_freq	TYPO
toay	3	low_freq	TYPO
toee	3	low_freq	TYPO
tourtillotte	3	low_freq	NAMELIKE
toval	3	low_freq	TYPO
trabucco	3	low_freq	NAMELIKE
trescony	3	low_freq	NAMELIKE
truit	3	low_freq	TYPO
tsat	3	low_freq	TYPO
tsue	3	low_freq	TYPO
tuers	3	low_freq	TYPO
tyon	3	low_freq	TYPO
ulness	3	low_freq	TYPO
uone	3	low_freq	TYPO
usave	3	low_freq	TYPO
vaea	3	low_freq	TYPO
valyermo	3	low_freq	NAMELIKE
veas	3	low_freq	TYPO
veath	3	low_freq	TYPO
ventu	3	low_freq	TYPO
versel	3	low_freq	TYPO
versie	3	low_freq	TYPO
volden	3	low_freq	TYPO
voorheis	3	low_freq	TYPO
waara	3	low_freq	NAMELIKE
watel	3	low_freq	TYPO
waymire	3	low_freq	NAMELIKE
wdge	3	low_freq	TYPO
wehe	3	low_freq	TYPO
wenth	3	low_freq	TYPO
wesi	3	low_freq	TYPO
weze	3	low_freq	TYPO
whou	3	low_freq	TYPO
whth	3	low_freq	TYPO
wiker	3	low_freq	TYPO
wilcoxen	3	low_freq	NAMELIKE
wilhams	3	low_freq	NAMELIKE
wiso	3	low_freq	TYPO
witnessess	3	low_freq	TYPO
wkom	3	low_freq	TYPO
wores	3	low_freq	TYPO
wpor	3	low_freq	TYPO
wrod	3	low_freq	TYPO
yampolsky	3	low_freq	NAMELIKE
yantz	3	low_freq	NAMELIKE
yendor	3	low_freq	TYPO
yulo	3	low_freq	TYPO
yulupa	3	low_freq	NAMELIKE
zayante	3	low_freq	NAMELIKE
zeiders	3	low_freq	NAMELIKE
zents	3	low_freq	TYPO
zohe	3	low_freq	TYPO
aaad	2	low_freq	TYPO
aale	2	low_freq	TYPO
aarn	2	low_freq	TYPO
aavi	2	low_freq	TYPO
abeling	2	low_freq	TYPO
abens	2	low_freq	NAMELIKE
acorner	2	low_freq	TYPO
adane	2	low_freq	TYPO
adent	2	low_freq	TYPO
adera	2	low_freq	TYPO
administative	2	low_freq	TYPO
aeter	2	low_freq	TYPO
aggen	2	low_freq	TYPO
alamea	2	low_freq	TYPO
alease	2	low_freq	TYPO
almansor	2	low_freq	NAMELIKE
alore	2	low_freq	TYPO
alpaugh	2	low_freq	NAMELIKE
alphe	2	low_freq	TYPO
ameda	2	low_freq	TYPO
amestoy	2	low_freq	NAMELIKE
andronica	2	low_freq	NAMELIKE
androw	2	low_freq	TYPO
aneel	2	low_freq	TYPO
antor	2	low_freq	TYPO
arakelian	2	low_freq	NAMELIKE
arcohe	2	low_freq	NAMELIKE
ardala	2	low_freq	NAMELIKE
ardilla	2	low_freq	NAMELIKE
arith	2	low_freq	TYPO
aromitas	2	low_freq	NAMELIKE
arpaia	2	low_freq	TYPO
arric	2	low_freq	TYPO
artim	2	low_freq	TYPO
asphalto	2	low_freq	TYPO
astry	2	low_freq	TYPO
asury	2	low_freq	TYPO
atrea	2	low_freq	TYPO
auberry	2	low_freq	NAMELIKE
auby	2	low_freq	TYPO
aults	2	low_freq	TYPO
avet	2	low_freq	TYPO
avisadero	2	low_freq	NAMELIKE
avoy	2	low_freq	TYPO
avrora	2	low_freq	TYPO
ayaa	2	low_freq	TYPO
azadian	2	low_freq	NAMELIKE
bable	2	low_freq	TYPO
bacb	2	low_freq	TYPO
badaracco	2	low_freq	NAMELIKE
bainer	2	low_freq	TYPO
balar	2	low_freq	TYPO
ballor	2	low_freq	TYPO
balmers	2	low_freq	TYPO
banaszek	2	low_freq	NAMELIKE
banion	2	low_freq	TYPO
bankey	2	low_freq	TYPO
barbagelata	2	low_freq	NAMELIKE
barboni	2	low_freq	NAMELIKE
barners	2	low_freq	TYPO
barrea	2	low_freq	TYPO
bastanchury	2	low_freq	NAMELIKE
bathen	2	low_freq	TYPO
batmale	2	low_freq	NAMELIKE
batto	2	low_freq	TYPO
bearor	2	low_freq	TYPO
bebber	2	low_freq	TYPO
befort	2	low_freq	TYPO
belloli	2	low_freq	NAMELIKE
benefiel	2	low_freq	NAMELIKE
beneral	2	low_freq	TYPO
benit	2	low_freq	TYPO
berenda	2	low_freq	TYPO
bettem	2	low_freq	TYPO
bevenue	2	low_freq	TYPO
beving	2	low_freq	TYPO
bodfish	2	low_freq	NAMELIKE
boisseranc	2	low_freq	NAMELIKE
bollers	2	low_freq	TYPO
bonome	2	low_freq	NAMELIKE
bonsack	2	low_freq	NAMELIKE
boore	2	low_freq	TYPO
boostrom	2	low_freq	NAMELIKE
borego	2	low_freq	TYPO
boude	2	low_freq	TYPO
bouer	2	low_freq	TYPO
boure	2	low_freq	TYPO
bozes	2	low_freq	TYPO
braet	2	low_freq	TYPO
brandeburg	2	low_freq	TYPO
breneiser	2	low_freq	NAMELIKE
bried	2	low_freq	TYPO
brielly	2	low_freq	TYPO
brockliss	2	low_freq	NAMELIKE
broering	2	low_freq	TYPO
brommer	2	low_freq	NAMELIKE
brossman	2	low_freq	TYPO
bruener	2	low_freq	TYPO
bryand	2	low_freq	TYPO
bufano	2	low_freq	NAMELIKE
bulot	2	low_freq	TYPO
bumiller	2	low_freq	NAMELIKE
burget	2	low_freq	TYPO
burket	2	low_freq	TYPO
burkham	2	low_freq	TYPO
burrall	2	low_freq	TYPO
bussman	2	low_freq	TYPO
buter	2	low_freq	TYPO
cabes	2	low_freq	TYPO
cacb	2	low_freq	TYPO
cace	2	low_freq	TYPO
cacy	2	low_freq	TYPO
cahlan	2	low_freq	TYPO
cahto	2	low_freq	TYPO
calip	2	low_freq	TYPO
calstar	2	low_freq	NAMELIKE
cambrie	2	low_freq	TYPO
campbe	2	low_freq	FRAGMENT
candic	2	low_freq	TYPO
canip	2	low_freq	TYPO
cantrall	2	low_freq	TYPO
canul	2	low_freq	TYPO
carbonera	2	low_freq	NAMELIKE
carmarillo	2	low_freq	NAMELIKE
casea	2	low_freq	TYPO
cassagne	2	low_freq	NAMELIKE
cassinelli	2	low_freq	NAMELIKE
catu	2	low_freq	TYPO
cavagnaro	2	low_freq	NAMELIKE
cenetery	2	low_freq	TYPO
centel	2	low_freq	TYPO
chaderjian	2	low_freq	NAMELIKE
chapparal	2	low_freq	NAMELIKE
charmlee	2	low_freq	NAMELIKE
chellis	2	low_freq	NAMELIKE
cherles	2	low_freq	TYPO
chesin	2	low_freq	NAMELIKE
chinere	2	low_freq	TYPO
chlora	2	low_freq	NAMELIKE
cinto	2	low_freq	TYPO
clatin	2	low_freq	TYPO
clor	2	low_freq	TYPO
clusky	2	low_freq	TYPO
cockins	2	low_freq	TYPO
colf	2	low_freq	TYPO
collene	2	low_freq	TYPO
comly	2	low_freq	TYPO
conie	2	low_freq	TYPO
connee	2	low_freq	TYPO
conrey	2	low_freq	TYPO
contempory	2	low_freq	NAMELIKE
contreraz	2	low_freq	TYPO
cornez	2	low_freq	TYPO
corpas	2	low_freq	TYPO
corron	2	low_freq	TYPO
coults	2	low_freq	TYPO
couy	2	low_freq	TYPO
cowdin	2	low_freq	NAMELIKE
cowhead	2	low_freq	NAMELIKE
cozean	2	low_freq	NAMELIKE
creller	2	low_freq	NAMELIKE
cressler	2	low_freq	NAMELIKE
crever	2	low_freq	TYPO
crons	2	low_freq	TYPO
crumes	2	low_freq	TYPO
crumrine	2	low_freq	NAMELIKE
cuin	2	low_freq	TYPO
cummunity	2	low_freq	TYPO
cusolito	2	low_freq	NAMELIKE
cutton	2	low_freq	TYPO
cyer	2	low_freq	TYPO
daby	2	low_freq	TYPO
dails	2	low_freq	TYPO
damel	2	low_freq	TYPO
damrell	2	low_freq	TYPO
danly	2	low_freq	TYPO
dapplegray	2	low_freq	NAMELIKE
dargie	2	low_freq	TYPO
deavor	2	low_freq	FRAGMENT
decas	2	low_freq	TYPO
decou	2	low_freq	TYPO
deeda	2	low_freq	TYPO
deera	2	low_freq	TYPO
deichler	2	low_freq	NAMELIKE
delamo	2	low_freq	TYPO
delellis	2	low_freq	NAMELIKE
deley	2	low_freq	TYPO
delsy	2	low_freq	TYPO
delwin	2	low_freq	NAMELIKE
demsky	2	low_freq	GARBLE
demunds	2	low_freq	TYPO
denair	2	low_freq	NAMELIKE
dendor	2	low_freq	TYPO
denegri	2	low_freq	NAMELIKE
denese	2	low_freq	TYPO
denil	2	low_freq	TYPO
denwood	2	low_freq	TYPO
depner	2	low_freq	NAMELIKE
dereon	2	low_freq	TYPO
derly	2	low_freq	TYPO
deseri	2	low_freq	TYPO
desiena	2	low_freq	NAMELIKE
detz	2	low_freq	TYPO
deverter	2	low_freq	TYPO
dieg	2	low_freq	TYPO
dienna	2	low_freq	TYPO
diepenbrock	2	low_freq	NAMELIKE
diny	2	low_freq	TYPO
dions	2	low_freq	TYPO
doebele	2	low_freq	NAMELIKE
doell	2	low_freq	TYPO
donihue	2	low_freq	TYPO
dorcus	2	low_freq	TYPO
dorse	2	low_freq	TYPO
dovico	2	low_freq	NAMELIKE
doxsee	2	low_freq	NAMELIKE
drobish	2	low_freq	NAMELIKE
druin	2	low_freq	TYPO
dsire	2	low_freq	TYPO
duard	2	low_freq	TYPO
dubes	2	low_freq	TYPO
ducket	2	low_freq	TYPO
ducy	2	low_freq	TYPO
durphy	2	low_freq	TYPO
dward	2	low_freq	TYPO
dwy	2	low_freq	TYPO
eacher	2	low_freq	TYPO
eana	2	low_freq	TYPO
eann	2	low_freq	TYPO
eberley	2	low_freq	NAMELIKE
eckhout	2	low_freq	NAMELIKE
edee	2	low_freq	TYPO
edwall	2	low_freq	NAMELIKE
eisco	2	low_freq	TYPO
eiter	2	low_freq	TYPO
elese	2	low_freq	TYPO
elester	2	low_freq	TYPO
emee	2	low_freq	TYPO
emelyn	2	low_freq	TYPO
emmon	2	low_freq	TYPO
engan	2	low_freq	TYPO
engebretsen	2	low_freq	NAMELIKE
enice	2	low_freq	TYPO
enion	2	low_freq	TYPO
ennor	2	low_freq	NAMELIKE
ermer	2	low_freq	TYPO
ermina	2	low_freq	TYPO
erner	2	low_freq	TYPO
erves	2	low_freq	TYPO
eschen	2	low_freq	TYPO
espress	2	low_freq	TYPO
estby	2	low_freq	NAMELIKE
estefana	2	low_freq	NAMELIKE
etie	2	low_freq	TYPO
ettersburg	2	low_freq	NAMELIKE
eual	2	low_freq	TYPO
eugenes	2	low_freq	TYPO
eull	2	low_freq	TYPO
euto	2	low_freq	TYPO
evant	2	low_freq	TYPO
evard	2	low_freq	TYPO
everal	2	low_freq	TYPO
fabor	2	low_freq	TYPO
fagerstrom	2	low_freq	NAMELIKE
farallone	2	low_freq	NAMELIKE
farni	2	low_freq	TYPO
farraher	2	low_freq	NAMELIKE
farrens	2	low_freq	TYPO
faylane	2	low_freq	NAMELIKE
faylor	2	low_freq	TYPO
faymont	2	low_freq	NAMELIKE
feary	2	low_freq	TYPO
fedaa	2	low_freq	NAMELIKE
fedrickson	2	low_freq	NAMELIKE
fencl	2	low_freq	TYPO
fial	2	low_freq	TYPO
ficht	2	low_freq	TYPO
fird	2	low_freq	TYPO
flanary	2	low_freq	NAMELIKE
fleckner	2	low_freq	NAMELIKE
flegal	2	low_freq	TYPO
florestine	2	low_freq	TYPO
folls	2	low_freq	TYPO
folsum	2	low_freq	TYPO
fornation	2	low_freq	TYPO
fraak	2	low_freq	TYPO
francisquita	2	low_freq	NAMELIKE
fulwider	2	low_freq	NAMELIKE
funns	2	low_freq	TYPO
fusting	2	low_freq	TYPO
fyan	2	low_freq	TYPO
garine	2	low_freq	TYPO
gatens	2	low_freq	TYPO
gawne	2	low_freq	NAMELIKE
geneal	2	low_freq	TYPO
genung	2	low_freq	NAMELIKE
gesford	2	low_freq	TYPO
gibbe	2	low_freq	TYPO
gierl	2	low_freq	TYPO
gillilands	2	low_freq	NAMELIKE
ginnings	2	low_freq	TYPO
gitchell	2	low_freq	TYPO
glascow	2	low_freq	TYPO
godina	2	low_freq	TYPO
golt	2	low_freq	TYPO
gorlick	2	low_freq	NAMELIKE
gosline	2	low_freq	TYPO
goux	2	low_freq	TYPO
gowe	2	low_freq	TYPO
grack	2	low_freq	TYPO
graul	2	low_freq	TYPO
grett	2	low_freq	TYPO
grippen	2	low_freq	TYPO
groe	2	low_freq	TYPO
guelff	2	low_freq	NAMELIKE
guhin	2	low_freq	NAMELIKE
guinane	2	low_freq	NAMELIKE
gulde	2	low_freq	TYPO
gurden	2	low_freq	TYPO
gurtner	2	low_freq	TYPO
halev	2	low_freq	TYPO
halkyard	2	low_freq	NAMELIKE
hamb	2	low_freq	TYPO
hances	2	low_freq	TYPO
hankard	2	low_freq	TYPO
harns	2	low_freq	TYPO
harritt	2	low_freq	TYPO
hasic	2	low_freq	TYPO
hausch	2	low_freq	TYPO
havior	2	low_freq	TYPO
haypen	2	low_freq	TYPO
hefferman	2	low_freq	TYPO
heinsch	2	low_freq	NAMELIKE
helitak	2	low_freq	NAMELIKE
hellam	2	low_freq	TYPO
hensill	2	low_freq	NAMELIKE
herkey	2	low_freq	TYPO
herreres	2	low_freq	NAMELIKE
hershy	2	low_freq	TYPO
hiah	2	low_freq	TYPO
hilby	2	low_freq	TYPO
hilligoss	2	low_freq	NAMELIKE
hiouchi	2	low_freq	NAMELIKE
hirschey	2	low_freq	NAMELIKE
hirz	2	low_freq	TYPO
hiza	2	low_freq	TYPO
hoitt	2	low_freq	TYPO
hollub	2	low_freq	NAMELIKE
honie	2	low_freq	TYPO
houks	2	low_freq	TYPO
hudlow	2	low_freq	TYPO
hules	2	low_freq	TYPO
hunds	2	low_freq	TYPO
hurden	2	low_freq	TYPO
hurse	2	low_freq	TYPO
hynick	2	low_freq	GARBLE
ibay	2	low_freq	TYPO
ibrar	2	low_freq	TYPO
ichard	2	low_freq	TYPO
iele	2	low_freq	TYPO
ifland	2	low_freq	TYPO
invy	2	low_freq	TYPO
isaae	2	low_freq	TYPO
isers	2	low_freq	TYPO
istrate	2	low_freq	FRAGMENT
itmay	2	low_freq	NAMELIKE
itow	2	low_freq	TYPO
jabaut	2	low_freq	NAMELIKE
jacalyn	2	low_freq	TYPO
jackins	2	low_freq	TYPO
jacqua	2	low_freq	TYPO
jamily	2	low_freq	TYPO
jarbo	2	low_freq	TYPO
jasis	2	low_freq	TYPO
jaton	2	low_freq	TYPO
jeannene	2	low_freq	NAMELIKE
jefcoat	2	low_freq	NAMELIKE
jeneral	2	low_freq	TYPO
jeriod	2	low_freq	TYPO
jezel	2	low_freq	TYPO
jjames	2	low_freq	TYPO
jjjj	2	low_freq	NOISE
joles	2	low_freq	TYPO
jolon	2	low_freq	TYPO
jonata	2	low_freq	TYPO
jonns	2	low_freq	TYPO
jonnson	2	low_freq	TYPO
jors	2	low_freq	TYPO
jott	2	low_freq	TYPO
jurs	2	low_freq	TYPO
justien	2	low_freq	TYPO
kabian	2	low_freq	TYPO
kallam	2	low_freq	TYPO
kamph	2	low_freq	TYPO
kaprelian	2	low_freq	NAMELIKE
kcop	2	low_freq	TYPO
kcpt	2	low_freq	TYPO
keey	2	low_freq	TYPO
keig	2	low_freq	TYPO
kelow	2	low_freq	TYPO
kelr	2	low_freq	TYPO
kelshaw	2	low_freq	TYPO
keune	2	low_freq	TYPO
kilbreth	2	low_freq	NAMELIKE
kingley	2	low_freq	TYPO
kinly	2	low_freq	TYPO
klements	2	low_freq	TYPO
klicka	2	low_freq	NAMELIKE
klisch	2	low_freq	GARBLE
knid	2	low_freq	TYPO
knme	2	low_freq	TYPO
kopplin	2	low_freq	NAMELIKE
kotowski	2	low_freq	NAMELIKE
kounty	2	low_freq	TYPO
koutz	2	low_freq	NAMELIKE
krcd	2	low_freq	TYPO
kroesen	2	low_freq	NAMELIKE
kronkite	2	low_freq	TYPO
krumel	2	low_freq	NAMELIKE
krych	2	low_freq	GARBLE
kuhnle	2	low_freq	NAMELIKE
kuzmic	2	low_freq	NAMELIKE
kxam	2	low_freq	TYPO
kxox	2	low_freq	TYPO
kzep	2	low_freq	TYPO
laclair	2	low_freq	NAMELIKE
ladine	2	low_freq	TYPO
lahodny	2	low_freq	NAMELIKE
laier	2	low_freq	TYPO
laisa	2	low_freq	TYPO
lambard	2	low_freq	TYPO
landram	2	low_freq	NAMELIKE
lanee	2	low_freq	TYPO
lanse	2	low_freq	TYPO
lapalma	2	low_freq	NAMELIKE
larene	2	low_freq	NAMELIKE
larre	2	low_freq	TYPO
lawver	2	low_freq	TYPO
leare	2	low_freq	TYPO
leasor	2	low_freq	NAMELIKE
lebright	2	low_freq	NAMELIKE
leflar	2	low_freq	NAMELIKE
leising	2	low_freq	TYPO
leiters	2	low_freq	TYPO
lelow	2	low_freq	TYPO
lenes	2	low_freq	TYPO
lentell	2	low_freq	NAMELIKE
lenvil	2	low_freq	TYPO
leor	2	low_freq	TYPO
leport	2	low_freq	TYPO
levion	2	low_freq	TYPO
lezin	2	low_freq	TYPO
lidy	2	low_freq	TYPO
lills	2	low_freq	TYPO
lisenby	2	low_freq	NAMELIKE
livoti	2	low_freq	NAMELIKE
lobl	2	low_freq	TYPO
locan	2	low_freq	TYPO
lodl	2	low_freq	TYPO
loea	2	low_freq	TYPO
logansville	2	low_freq	NAMELIKE
lorayne	2	low_freq	NAMELIKE
losure	2	low_freq	TYPO
loustalot	2	low_freq	NAMELIKE
lucito	2	low_freq	TYPO
lunita	2	low_freq	TYPO
lutgens	2	low_freq	NAMELIKE
lydy	2	low_freq	TYPO
lyv	2	low_freq	TYPO
mables	2	low_freq	TYPO
mabra	2	low_freq	TYPO
macera	2	low_freq	TYPO
madary	2	low_freq	NAMELIKE
madelen	2	low_freq	NAMELIKE
mador	2	low_freq	TYPO
magy	2	low_freq	TYPO
mailin	2	low_freq	TYPO
mailliard	2	low_freq	NAMELIKE
malson	2	low_freq	TYPO
malstrom	2	low_freq	TYPO
mandall	2	low_freq	TYPO
manees	2	low_freq	TYPO
maners	2	low_freq	TYPO
mapers	2	low_freq	TYPO
margerite	2	low_freq	TYPO
marlissa	2	low_freq	TYPO
marshel	2	low_freq	TYPO
marylu	2	low_freq	NAMELIKE
massman	2	low_freq	NAMELIKE
masturzo	2	low_freq	NAMELIKE
matro	2	low_freq	TYPO
mccaulley	2	low_freq	TYPO
mcclarren	2	low_freq	TYPO
mcdermont	2	low_freq	TYPO
mcgetrick	2	low_freq	NAMELIKE
mcgucken	2	low_freq	NAMELIKE
mckevett	2	low_freq	NAMELIKE
mckinneys	2	low_freq	TYPO
mcwalters	2	low_freq	NAMELIKE
medano	2	low_freq	TYPO
meisenbach	2	low_freq	NAMELIKE
mekee	2	low_freq	TYPO
melveny	2	low_freq	NAMELIKE
mency	2	low_freq	TYPO
menting	2	low_freq	TYPO
merts	2	low_freq	TYPO
mesias	2	low_freq	TYPO
mesita	2	low_freq	NAMELIKE
messler	2	low_freq	TYPO
metters	2	low_freq	TYPO
middough	2	low_freq	NAMELIKE
mikon	2	low_freq	TYPO
milien	2	low_freq	TYPO
millux	2	low_freq	NAMELIKE
minio	2	low_freq	TYPO
mitchner	2	low_freq	NAMELIKE
mogle	2	low_freq	TYPO
molone	2	low_freq	TYPO
monache	2	low_freq	NAMELIKE
monce	2	low_freq	TYPO
montere	2	low_freq	TYPO
montery	2	low_freq	TYPO
moquelumnes	2	low_freq	NAMELIKE
moynier	2	low_freq	NAMELIKE
mrazik	2	low_freq	NAMELIKE
muel	2	low_freq	TYPO
mues	2	low_freq	TYPO
mugridge	2	low_freq	NAMELIKE
muhleman	2	low_freq	NAMELIKE
murietta	2	low_freq	TYPO
murrietta	2	low_freq	NAMELIKE
muscupiabe	2	low_freq	NAMELIKE
mussell	2	low_freq	TYPO
muzzi	2	low_freq	NAMELIKE
myhand	2	low_freq	GARBLE
myrtte	2	low_freq	TYPO
mystie	2	low_freq	TYPO
najor	2	low_freq	TYPO
nalf	2	low_freq	TYPO
nanz	2	low_freq	TYPO
navato	2	low_freq	TYPO
nayes	2	low_freq	TYPO
neeser	2	low_freq	NAMELIKE
negit	2	low_freq	TYPO
neveen	2	low_freq	TYPO
nicle	2	low_freq	TYPO
niess	2	low_freq	TYPO
ninde	2	low_freq	TYPO
normil	2	low_freq	TYPO
northbrae	2	low_freq	NAMELIKE
noven	2	low_freq	TYPO
nyes	2	low_freq	TYPO
oakzanita	2	low_freq	NAMELIKE
ocheltree	2	low_freq	NAMELIKE
odice	2	low_freq	TYPO
oeth	2	low_freq	TYPO
ohey	2	low_freq	TYPO
olancha	2	low_freq	NAMELIKE
oldt	2	low_freq	TYPO
olig	2	low_freq	TYPO
olus	2	low_freq	TYPO
olwell	2	low_freq	TYPO
omco	2	low_freq	TYPO
ometa	2	low_freq	TYPO
onton	2	low_freq	TYPO
orand	2	low_freq	TYPO
ordas	2	low_freq	TYPO
orfe	2	low_freq	TYPO
orlena	2	low_freq	NAMELIKE
ornduff	2	low_freq	NAMELIKE
ornes	2	low_freq	TYPO
orral	2	low_freq	TYPO
orran	2	low_freq	TYPO
orres	2	low_freq	TYPO
orsborn	2	low_freq	TYPO
osar	2	low_freq	TYPO
ostrye	2	low_freq	NAMELIKE
otie	2	low_freq	TYPO
ottering	2	low_freq	TYPO
ottmann	2	low_freq	NAMELIKE
otty	2	low_freq	TYPO
ovard	2	low_freq	TYPO
overfelt	2	low_freq	NAMELIKE
oysterbed	2	low_freq	NAMELIKE
pacifi	2	low_freq	TYPO
paida	2	low_freq	TYPO
pamala	2	low_freq	TYPO
pamely	2	low_freq	TYPO
pamet	2	low_freq	TYPO
pamo	2	low_freq	TYPO
pardun	2	low_freq	TYPO
parmers	2	low_freq	TYPO
pecor	2	low_freq	TYPO
pedad	2	low_freq	TYPO
peddicord	2	low_freq	NAMELIKE
pelow	2	low_freq	TYPO
penate	2	low_freq	TYPO
pewe	2	low_freq	TYPO
pfeifle	2	low_freq	NAMELIKE
philleo	2	low_freq	NAMELIKE
piatts	2	low_freq	TYPO
pieh	2	low_freq	TYPO
pineridge	2	low_freq	NAMELIKE
pitan	2	low_freq	TYPO
pitel	2	low_freq	TYPO
plair	2	low_freq	TYPO
pleasan	2	low_freq	TYPO
plesko	2	low_freq	NAMELIKE
ploss	2	low_freq	TYPO
poee	2	low_freq	TYPO
polce	2	low_freq	TYPO
polich	2	low_freq	TYPO
polick	2	low_freq	TYPO
pomery	2	low_freq	TYPO
poper	2	low_freq	TYPO
porrazzo	2	low_freq	NAMELIKE
preator	2	low_freq	TYPO
preton	2	low_freq	TYPO
prevete	2	low_freq	NAMELIKE
proos	2	low_freq	TYPO
ptere	2	low_freq	TYPO
puia	2	low_freq	TYPO
pullie	2	low_freq	TYPO
purd	2	low_freq	TYPO
purpus	2	low_freq	NAMELIKE
puson	2	low_freq	NAMELIKE
putze	2	low_freq	NAMELIKE
qualin	2	low_freq	NAMELIKE
quintara	2	low_freq	TYPO
radov	2	low_freq	TYPO
raene	2	low_freq	TYPO
raile	2	low_freq	TYPO
ralo	2	low_freq	TYPO
ramonia	2	low_freq	TYPO
reada	2	low_freq	TYPO
reany	2	low_freq	TYPO
recors	2	low_freq	TYPO
redeen	2	low_freq	TYPO
redinger	2	low_freq	NAMELIKE
redlick	2	low_freq	TYPO
regelman	2	low_freq	NAMELIKE
regensburger	2	low_freq	NAMELIKE
reing	2	low_freq	TYPO
remmi	2	low_freq	TYPO
renas	2	low_freq	TYPO
rennee	2	low_freq	TYPO
reservior	2	low_freq	TYPO
resio	2	low_freq	TYPO
restauran	2	low_freq	TYPO
rewers	2	low_freq	TYPO
richmon	2	low_freq	TYPO
riday	2	low_freq	TYPO
robla	2	low_freq	TYPO
roduner	2	low_freq	NAMELIKE
roee	2	low_freq	TYPO
rolee	2	low_freq	TYPO
rollow	2	low_freq	TYPO
romay	2	low_freq	TYPO
romesburg	2	low_freq	NAMELIKE
rotell	2	low_freq	TYPO
rovan	2	low_freq	TYPO
royball	2	low_freq	NAMELIKE
ruces	2	low_freq	TYPO
rudrud	2	low_freq	NAMELIKE
ruper	2	low_freq	TYPO
rutu	2	low_freq	TYPO
ruus	2	low_freq	TYPO
ruven	2	low_freq	TYPO
saati	2	low_freq	TYPO
sagaser	2	low_freq	NAMELIKE
sahiry	2	low_freq	NAMELIKE
salberg	2	low_freq	NAMELIKE
salsipuedes	2	low_freq	NAMELIKE
samsel	2	low_freq	TYPO
sarely	2	low_freq	TYPO
sarle	2	low_freq	TYPO
sarol	2	low_freq	TYPO
sauerwein	2	low_freq	NAMELIKE
saula	2	low_freq	TYPO
scaman	2	low_freq	TYPO
scamen	2	low_freq	TYPO
schaber	2	low_freq	TYPO
schaufele	2	low_freq	NAMELIKE
scheiman	2	low_freq	NAMELIKE
schetter	2	low_freq	NAMELIKE
schlageter	2	low_freq	NAMELIKE
schluckebier	2	low_freq	NAMELIKE
sciots	2	low_freq	TYPO
scripp	2	low_freq	TYPO
scul	2	low_freq	TYPO
seabridge	2	low_freq	NAMELIKE
searly	2	low_freq	TYPO
seases	2	low_freq	TYPO
secum	2	low_freq	TYPO
sederquist	2	low_freq	NAMELIKE
segler	2	low_freq	TYPO
sember	2	low_freq	TYPO
semian	2	low_freq	TYPO
semma	2	low_freq	TYPO
sency	2	low_freq	NAMELIKE
sevene	2	low_freq	TYPO
sevick	2	low_freq	NAMELIKE
shald	2	low_freq	TYPO
sheafe	2	low_freq	TYPO
shimko	2	low_freq	NAMELIKE
shont	2	low_freq	TYPO
sieck	2	low_freq	TYPO
siene	2	low_freq	TYPO
siep	2	low_freq	TYPO
sieps	2	low_freq	TYPO
silmon	2	low_freq	TYPO
silveria	2	low_freq	NAMELIKE
silveyville	2	low_freq	NAMELIKE
simer	2	low_freq	TYPO
sinay	2	low_freq	TYPO
sinkus	2	low_freq	TYPO
siskyou	2	low_freq	NAMELIKE
sixta	2	low_freq	TYPO
slaughterpen	2	low_freq	NAMELIKE
slipout	2	low_freq	NAMELIKE
smull	2	low_freq	TYPO
sollars	2	low_freq	TYPO
sonom	2	low_freq	TYPO
sorial	2	low_freq	TYPO
sorich	2	low_freq	NAMELIKE
sork	2	low_freq	TYPO
sorth	2	low_freq	TYPO
soster	2	low_freq	TYPO
southen	2	low_freq	TYPO
southmayd	2	low_freq	NAMELIKE
sphon	2	low_freq	TYPO
srock	2	low_freq	TYPO
srun	2	low_freq	TYPO
sschool	2	low_freq	TYPO
stabilzation	2	low_freq	TYPO
stalion	2	low_freq	TYPO
steavens	2	low_freq	TYPO
steets	2	low_freq	TYPO
sterkel	2	low_freq	NAMELIKE
stices	2	low_freq	TYPO
stinett	2	low_freq	NAMELIKE
stio	2	low_freq	TYPO
stoeck	2	low_freq	TYPO
stommel	2	low_freq	NAMELIKE
stravers	2	low_freq	TYPO
strawder	2	low_freq	NAMELIKE
streem	2	low_freq	TYPO
stribley	2	low_freq	NAMELIKE
strifler	2	low_freq	NAMELIKE
stroble	2	low_freq	TYPO
stucks	2	low_freq	TYPO
stuke	2	low_freq	TYPO
substa	2	low_freq	TYPO
sudy	2	low_freq	TYPO
suitt	2	low_freq	TYPO
sular	2	low_freq	TYPO
sulay	2	low_freq	TYPO
sulfer	2	low_freq	TYPO
sulton	2	low_freq	TYPO
sumate	2	low_freq	NAMELIKE
sumey	2	low_freq	TYPO
suminit	2	low_freq	NAMELIKE
sundale	2	low_freq	TYPO
sunie	2	low_freq	TYPO
sunior	2	low_freq	TYPO
sunstate	2	low_freq	NAMELIKE
suos	2	low_freq	TYPO
surfcomber	2	low_freq	NAMELIKE
susor	2	low_freq	NAMELIKE
sustaita	2	low_freq	NAMELIKE
suty	2	low_freq	TYPO
svare	2	low_freq	TYPO
swartout	2	low_freq	NAMELIKE
sweaney	2	low_freq	TYPO
swins	2	low_freq	TYPO
syckles	2	low_freq	GARBLE
taain	2	low_freq	TYPO
tabing	2	low_freq	TYPO
tadey	2	low_freq	NAMELIKE
taea	2	low_freq	TYPO
taix	2	low_freq	TYPO
takos	2	low_freq	TYPO
talamantes	2	low_freq	NAMELIKE
tamblin	2	low_freq	NAMELIKE
tambra	2	low_freq	TYPO
tario	2	low_freq	TYPO
tayes	2	low_freq	TYPO
tectah	2	low_freq	NAMELIKE
tehipite	2	low_freq	NAMELIKE
temm	2	low_freq	TYPO
terald	2	low_freq	TYPO
teree	2	low_freq	TYPO
terion	2	low_freq	TYPO
therrin	2	low_freq	TYPO
therron	2	low_freq	TYPO
thimann	2	low_freq	NAMELIKE
thoits	2	low_freq	NAMELIKE
throp	2	low_freq	TYPO
tilk	2	low_freq	TYPO
tily	2	low_freq	TYPO
tinen	2	low_freq	TYPO
tivis	2	low_freq	NAMELIKE
tjon	2	low_freq	TYPO
toce	2	low_freq	TYPO
toled	2	low_freq	TYPO
tomey	2	low_freq	TYPO
tonry	2	low_freq	TYPO
toulumne	2	low_freq	NAMELIKE
traner	2	low_freq	TYPO
trasportation	2	low_freq	TYPO
trede	2	low_freq	TYPO
trence	2	low_freq	TYPO
trene	2	low_freq	TYPO
trint	2	low_freq	TYPO
tuere	2	low_freq	TYPO
tuey	2	low_freq	TYPO
tuls	2	low_freq	TYPO
tunon	2	low_freq	NAMELIKE
twogood	2	low_freq	NAMELIKE
tyia	2	low_freq	TYPO
umis	2	low_freq	TYPO
umphreys	2	low_freq	TYPO
unet	2	low_freq	TYPO
uplifters	2	low_freq	NAMELIKE
uree	2	low_freq	TYPO
urmy	2	low_freq	TYPO
utilzation	2	low_freq	TYPO
vaaler	2	low_freq	NAMELIKE
vaeh	2	low_freq	NAMELIKE
valnes	2	low_freq	TYPO
vaue	2	low_freq	TYPO
vece	2	low_freq	TYPO
vejar	2	low_freq	NAMELIKE
veling	2	low_freq	TYPO
verver	2	low_freq	TYPO
veue	2	low_freq	TYPO
vians	2	low_freq	TYPO
viarengo	2	low_freq	NAMELIKE
viation	2	low_freq	TYPO
viego	2	low_freq	TYPO
villo	2	low_freq	TYPO
virtie	2	low_freq	TYPO
voge	2	low_freq	TYPO
voluntee	2	low_freq	TYPO
vorce	2	low_freq	TYPO
wagerman	2	low_freq	TYPO
wargin	2	low_freq	TYPO
warthan	2	low_freq	NAMELIKE
waukena	2	low_freq	NAMELIKE
wayment	2	low_freq	TYPO
wcrk	2	low_freq	TYPO
wemp	2	low_freq	TYPO
wesl	2	low_freq	TYPO
wessendorf	2	low_freq	NAMELIKE
weum	2	low_freq	NAMELIKE
whcn	2	low_freq	TYPO
whei	2	low_freq	TYPO
wheo	2	low_freq	TYPO
widing	2	low_freq	TYPO
wilacre	2	low_freq	NAMELIKE
wilbourn	2	low_freq	NAMELIKE
wilcoxson	2	low_freq	NAMELIKE
wilderman	2	low_freq	NAMELIKE
williaa	2	low_freq	TYPO
willine	2	low_freq	TYPO
wiln	2	low_freq	TYPO
witbeck	2	low_freq	NAMELIKE
wkat	2	low_freq	TYPO
wlly	2	low_freq	TYPO
wmay	2	low_freq	TYPO
wmeh	2	low_freq	TYPO
wnte	2	low_freq	TYPO
wocd	2	low_freq	TYPO
wolfsen	2	low_freq	TYPO
woollomes	2	low_freq	NAMELIKE
wornum	2	low_freq	NAMELIKE
wortz	2	low_freq	TYPO
wozk	2	low_freq	TYPO
wrage	2	low_freq	TYPO
wrom	2	low_freq	TYPO
wrst	2	low_freq	TYPO
wsec	2	low_freq	TYPO
wsue	2	low_freq	TYPO
wton	2	low_freq	TYPO
wtth	2	low_freq	TYPO
wvon	2	low_freq	TYPO
xila	2	low_freq	TYPO
xona	2	low_freq	TYPO
yances	2	low_freq	TYPO
yary	2	low_freq	TYPO
yeto	2	low_freq	TYPO
ygnacia	2	low_freq	NAMELIKE
yoes	2	low_freq	TYPO
yolla	2	low_freq	TYPO
yons	2	low_freq	TYPO
yonts	2	low_freq	TYPO
yuima	2	low_freq	TYPO
zalud	2	low_freq	TYPO
zank	2	low_freq	TYPO
zenter	2	low_freq	TYPO
ziemann	2	low_freq	TYPO
zillgitt	2	low_freq	NAMELIKE
zivkovich	2	low_freq	NAMELIKE
zocchi	2	low_freq	NAMELIKE
zoree	2	low_freq	NAMELIKE
aabd	1	singleton	TYPO
aamber	1	singleton	TYPO
aaral	1	singleton	TYPO
aaran	1	singleton	TYPO
aarin	1	singleton	TYPO
aary	1	singleton	TYPO
aasac	1	singleton	NAMELIKE
aats	1	singleton	TYPO
aavan	1	singleton	TYPO
abato	1	singleton	TYPO
abbd	1	singleton	TYPO
abero	1	singleton	TYPO
abete	1	singleton	TYPO
abing	1	singleton	TYPO
abish	1	singleton	TYPO
abold	1	singleton	TYPO
abonce	1	singleton	NAMELIKE
abrol	1	singleton	NAMELIKE
abson	1	singleton	TYPO
acain	1	singleton	TYPO
acin	1	singleton	TYPO
adae	1	singleton	TYPO
adael	1	singleton	TYPO
adaes	1	singleton	TYPO
adaily	1	singleton	TYPO
adanis	1	singleton	TYPO
adank	1	singleton	TYPO
adcd	1	singleton	TYPO
addia	1	singleton	TYPO
addision	1	singleton	TYPO
adine	1	singleton	TYPO
adle	1	singleton	TYPO
admas	1	singleton	TYPO
admininstration	1	singleton	TYPO
adril	1	singleton	TYPO
adrin	1	singleton	TYPO
adux	1	singleton	TYPO
advace	1	singleton	TYPO
adway	1	singleton	TYPO
adwin	1	singleton	TYPO
aenon	1	singleton	TYPO
aeven	1	singleton	TYPO
agaan	1	singleton	TYPO
agirre	1	singleton	TYPO
agnor	1	singleton	NAMELIKE
ailo	1	singleton	TYPO
airmed	1	singleton	TYPO
airpo	1	singleton	FRAGMENT
aisel	1	singleton	TYPO
aiva	1	singleton	TYPO
ajae	1	singleton	TYPO
akem	1	singleton	TYPO
alann	1	singleton	TYPO
alanthus	1	singleton	NAMELIKE
alany	1	singleton	TYPO
aldemar	1	singleton	NAMELIKE
alece	1	singleton	TYPO
alegacy	1	singleton	TYPO
alel	1	singleton	TYPO
alender	1	singleton	TYPO
alernative	1	singleton	TYPO
alexandor	1	singleton	TYPO
aleys	1	singleton	TYPO
alfafara	1	singleton	NAMELIKE
alfornia	1	singleton	NAMELIKE
aliea	1	singleton	TYPO
alimeda	1	singleton	TYPO
alisen	1	singleton	TYPO
allec	1	singleton	TYPO
almus	1	singleton	TYPO
alsbrook	1	singleton	NAMELIKE
alsion	1	singleton	TYPO
alternatve	1	singleton	TYPO
altrusa	1	singleton	NAMELIKE
alux	1	singleton	TYPO
alvara	1	singleton	TYPO
alvion	1	singleton	TYPO
alzora	1	singleton	NAMELIKE
amanee	1	singleton	GARBLE
ambir	1	singleton	TYPO
amerine	1	singleton	NAMELIKE
amni	1	singleton	TYPO
amondo	1	singleton	TYPO
amonni	1	singleton	NAMELIKE
amons	1	singleton	TYPO
amorette	1	singleton	NAMELIKE
amott	1	singleton	TYPO
amouri	1	singleton	TYPO
amous	1	singleton	TYPO
ampe	1	singleton	TYPO
anable	1	singleton	TYPO
anaee	1	singleton	GARBLE
analyz	1	singleton	TYPO
anaorange	1	singleton	NAMELIKE
anark	1	singleton	TYPO
anass	1	singleton	TYPO
anauri	1	singleton	GARBLE
anderso	1	singleton	TYPO
andia	1	singleton	TYPO
andler	1	singleton	TYPO
andlor	1	singleton	NAMELIKE
andoe	1	singleton	TYPO
andruss	1	singleton	TYPO
anest	1	singleton	TYPO
angee	1	singleton	TYPO
angelea	1	singleton	TYPO
angeley	1	singleton	TYPO
angelles	1	singleton	TYPO
angur	1	singleton	TYPO
anich	1	singleton	NAMELIKE
aniel	1	singleton	TYPO
aniv	1	singleton	TYPO
anmed	1	singleton	TYPO
annea	1	singleton	TYPO
annel	1	singleton	TYPO
annella	1	singleton	NAMELIKE
anre	1	singleton	TYPO
anter	1	singleton	TYPO
anthras	1	singleton	TYPO
antice	1	singleton	TYPO
antie	1	singleton	TYPO
antioca	1	singleton	TYPO
antiock	1	singleton	TYPO
apartmen	1	singleton	TYPO
apone	1	singleton	TYPO
appersons	1	singleton	NAMELIKE
appii	1	singleton	NAMELIKE
aprea	1	singleton	TYPO
aprel	1	singleton	TYPO
apria	1	singleton	TYPO
arace	1	singleton	TYPO
arame	1	singleton	TYPO
arand	1	singleton	TYPO
arbolado	1	singleton	NAMELIKE
arbore	1	singleton	TYPO
arcala	1	singleton	TYPO
arcement	1	singleton	NAMELIKE
arciniegas	1	singleton	NAMELIKE
ardine	1	singleton	TYPO
arenda	1	singleton	TYPO
argenal	1	singleton	TYPO
arick	1	singleton	TYPO
ariele	1	singleton	TYPO
arilla	1	singleton	NAMELIKE
arine	1	singleton	TYPO
armanini	1	singleton	NAMELIKE
armold	1	singleton	TYPO
armorel	1	singleton	TYPO
arnn	1	singleton	TYPO
arnoldy	1	singleton	TYPO
arold	1	singleton	TYPO
aronsen	1	singleton	TYPO
arrio	1	singleton	TYPO
arrison	1	singleton	TYPO
arsn	1	singleton	TYPO
artee	1	singleton	TYPO
artil	1	singleton	TYPO
arvan	1	singleton	TYPO
arvana	1	singleton	TYPO
arvil	1	singleton	TYPO
asafe	1	singleton	TYPO
ascherman	1	singleton	NAMELIKE
aseer	1	singleton	TYPO
ashment	1	singleton	NAMELIKE
assebly	1	singleton	TYPO
assemmbly	1	singleton	TYPO
ataly	1	singleton	TYPO
ateret	1	singleton	NAMELIKE
aternative	1	singleton	TYPO
atete	1	singleton	TYPO
athant	1	singleton	NAMELIKE
athay	1	singleton	TYPO
athern	1	singleton	TYPO
athye	1	singleton	NAMELIKE
attai	1	singleton	TYPO
attam	1	singleton	TYPO
aubre	1	singleton	TYPO
auck	1	singleton	TYPO
auker	1	singleton	TYPO
aument	1	singleton	TYPO
aumua	1	singleton	GARBLE
auna	1	singleton	TYPO
auni	1	singleton	TYPO
aunie	1	singleton	TYPO
aurant	1	singleton	TYPO
aurine	1	singleton	TYPO
aury	1	singleton	TYPO
ausec	1	singleton	NAMELIKE
auslin	1	singleton	TYPO
auter	1	singleton	TYPO
autie	1	singleton	TYPO
avaline	1	singleton	NAMELIKE
avalo	1	singleton	TYPO
avawatz	1	singleton	NAMELIKE
avee	1	singleton	TYPO
averee	1	singleton	TYPO
averey	1	singleton	TYPO
averi	1	singleton	TYPO
avitable	1	singleton	NAMELIKE
avonne	1	singleton	TYPO
awalds	1	singleton	TYPO
awong	1	singleton	TYPO
axie	1	singleton	TYPO
ayard	1	singleton	TYPO
aylsworth	1	singleton	NAMELIKE
ayma	1	singleton	TYPO
azard	1	singleton	TYPO
azden	1	singleton	TYPO
azuba	1	singleton	TYPO
baac	1	singleton	TYPO
babbin	1	singleton	TYPO
babit	1	singleton	TYPO
bacay	1	singleton	TYPO
badget	1	singleton	TYPO
baers	1	singleton	TYPO
bahe	1	singleton	TYPO
balassi	1	singleton	NAMELIKE
balclutha	1	singleton	NAMELIKE
balich	1	singleton	TYPO
baliff	1	singleton	TYPO
balles	1	singleton	TYPO
ballico	1	singleton	NAMELIKE
ballock	1	singleton	TYPO
balough	1	singleton	NAMELIKE
balsdon	1	singleton	NAMELIKE
balton	1	singleton	TYPO
bames	1	singleton	TYPO
banie	1	singleton	TYPO
barany	1	singleton	TYPO
barara	1	singleton	TYPO
barbars	1	singleton	TYPO
bardens	1	singleton	TYPO
bargar	1	singleton	NAMELIKE
bargman	1	singleton	TYPO
barness	1	singleton	TYPO
barrales	1	singleton	NAMELIKE
barsanti	1	singleton	NAMELIKE
barsh	1	singleton	TYPO
barthell	1	singleton	NAMELIKE
basurto	1	singleton	NAMELIKE
bateh	1	singleton	TYPO
baties	1	singleton	TYPO
battaile	1	singleton	NAMELIKE
battee	1	singleton	TYPO
baugess	1	singleton	NAMELIKE
baula	1	singleton	TYPO
baulines	1	singleton	NAMELIKE
baver	1	singleton	TYPO
bavis	1	singleton	TYPO
bayete	1	singleton	NAMELIKE
bayis	1	singleton	TYPO
baylan	1	singleton	NAMELIKE
bayot	1	singleton	TYPO
bbdd	1	singleton	TYPO
bdbd	1	singleton	GARBLE
beazell	1	singleton	NAMELIKE
bectons	1	singleton	TYPO
beddie	1	singleton	TYPO
bedinger	1	singleton	NAMELIKE
beeds	1	singleton	TYPO
beeger	1	singleton	TYPO
beegum	1	singleton	TYPO
beetem	1	singleton	NAMELIKE
beethe	1	singleton	TYPO
begole	1	singleton	TYPO
behel	1	singleton	TYPO
beigh	1	singleton	TYPO
beily	1	singleton	TYPO
beining	1	singleton	TYPO
belic	1	singleton	TYPO
belice	1	singleton	TYPO
belland	1	singleton	TYPO
bellers	1	singleton	TYPO
belleve	1	singleton	TYPO
benecia	1	singleton	NAMELIKE
benela	1	singleton	NAMELIKE
benic	1	singleton	TYPO
benker	1	singleton	TYPO
benona	1	singleton	NAMELIKE
bentown	1	singleton	TYPO
berardino	1	singleton	TYPO
beris	1	singleton	TYPO
berkly	1	singleton	TYPO
bermes	1	singleton	TYPO
bernarding	1	singleton	TYPO
bernes	1	singleton	TYPO
bernest	1	singleton	TYPO
bernitt	1	singleton	NAMELIKE
berrey	1	singleton	TYPO
berroa	1	singleton	TYPO
bertoglio	1	singleton	NAMELIKE
besel	1	singleton	TYPO
betor	1	singleton	TYPO
betze	1	singleton	TYPO
betzer	1	singleton	TYPO
beute	1	singleton	TYPO
beuter	1	singleton	TYPO
bevon	1	singleton	TYPO
beyor	1	singleton	TYPO
biay	1	singleton	TYPO
bibler	1	singleton	TYPO
bicounty	1	singleton	NAMELIKE
bidleman	1	singleton	NAMELIKE
biek	1	singleton	TYPO
bigcone	1	singleton	NAMELIKE
bigneck	1	singleton	NAMELIKE
bilderbeck	1	singleton	NAMELIKE
bilot	1	singleton	TYPO
binnes	1	singleton	TYPO
birru	1	singleton	NAMELIKE
birty	1	singleton	TYPO
bisio	1	singleton	NAMELIKE
bius	1	singleton	TYPO
bivo	1	singleton	TYPO
bixel	1	singleton	TYPO
blace	1	singleton	TYPO
blanchar	1	singleton	TYPO
blenk	1	singleton	TYPO
blenman	1	singleton	NAMELIKE
bline	1	singleton	TYPO
blucker	1	singleton	TYPO
boale	1	singleton	TYPO
boam	1	singleton	TYPO
boarts	1	singleton	TYPO
boatslip	1	singleton	NAMELIKE
bodet	1	singleton	TYPO
bogun	1	singleton	TYPO
boheman	1	singleton	TYPO
bolea	1	singleton	TYPO
bolfing	1	singleton	TYPO
bollom	1	singleton	NAMELIKE
bondin	1	singleton	TYPO
bonel	1	singleton	TYPO
bonen	1	singleton	TYPO
bonness	1	singleton	TYPO
boorn	1	singleton	TYPO
borke	1	singleton	TYPO
borlin	1	singleton	TYPO
boronda	1	singleton	NAMELIKE
borow	1	singleton	TYPO
borree	1	singleton	NAMELIKE
bostonia	1	singleton	NAMELIKE
botsch	1	singleton	TYPO
bouis	1	singleton	TYPO
bounde	1	singleton	TYPO
bovenzi	1	singleton	NAMELIKE
bover	1	singleton	TYPO
bowar	1	singleton	TYPO
braen	1	singleton	TYPO
braich	1	singleton	TYPO
braten	1	singleton	TYPO
breckett	1	singleton	TYPO
bredy	1	singleton	TYPO
breiling	1	singleton	NAMELIKE
brenizer	1	singleton	NAMELIKE
brete	1	singleton	TYPO
brider	1	singleton	TYPO
bridgepointe	1	singleton	NAMELIKE
broadous	1	singleton	NAMELIKE
brobeck	1	singleton	NAMELIKE
broce	1	singleton	TYPO
brodigan	1	singleton	NAMELIKE
broel	1	singleton	TYPO
bronnenberg	1	singleton	NAMELIKE
brookly	1	singleton	TYPO
brooner	1	singleton	TYPO
brothwell	1	singleton	TYPO
brouses	1	singleton	TYPO
broyer	1	singleton	TYPO
bruhel	1	singleton	TYPO
brumsey	1	singleton	NAMELIKE
brunjes	1	singleton	NAMELIKE
brusha	1	singleton	TYPO
brushville	1	singleton	NAMELIKE
buce	1	singleton	TYPO
buckbee	1	singleton	NAMELIKE
buckel	1	singleton	TYPO
buckelew	1	singleton	NAMELIKE
buckleberry	1	singleton	TYPO
bueker	1	singleton	TYPO
buffey	1	singleton	TYPO
buhlert	1	singleton	NAMELIKE
bulfer	1	singleton	TYPO
bulin	1	singleton	TYPO
bulson	1	singleton	NAMELIKE
bunday	1	singleton	TYPO
bunes	1	singleton	TYPO
bunis	1	singleton	TYPO
bupp	1	singleton	TYPO
bural	1	singleton	TYPO
burau	1	singleton	TYPO
burbeck	1	singleton	NAMELIKE
burcher	1	singleton	TYPO
burey	1	singleton	TYPO
burgy	1	singleton	TYPO
burie	1	singleton	TYPO
burko	1	singleton	TYPO
byan	1	singleton	TYPO
byrle	1	singleton	TYPO
caby	1	singleton	TYPO
caed	1	singleton	TYPO
cajalco	1	singleton	NAMELIKE
calavo	1	singleton	NAMELIKE
calei	1	singleton	TYPO
calian	1	singleton	TYPO
calil	1	singleton	TYPO
calisse	1	singleton	NAMELIKE
calleros	1	singleton	TYPO
calob	1	singleton	TYPO
calverts	1	singleton	TYPO
calvit	1	singleton	TYPO
camage	1	singleton	TYPO
camal	1	singleton	TYPO
camen	1	singleton	TYPO
camery	1	singleton	TYPO
camill	1	singleton	TYPO
campas	1	singleton	TYPO
campgroun	1	singleton	TYPO
camulos	1	singleton	NAMELIKE
canala	1	singleton	TYPO
caneda	1	singleton	TYPO
canie	1	singleton	TYPO
canil	1	singleton	TYPO
canita	1	singleton	TYPO
canmer	1	singleton	TYPO
cantorna	1	singleton	TYPO
canuso	1	singleton	TYPO
caperon	1	singleton	TYPO
capitoland	1	singleton	NAMELIKE
cappell	1	singleton	TYPO
capuchino	1	singleton	NAMELIKE
cardinell	1	singleton	NAMELIKE
carea	1	singleton	TYPO
careaga	1	singleton	NAMELIKE
carmal	1	singleton	TYPO
carmell	1	singleton	TYPO
carnadero	1	singleton	NAMELIKE
carrols	1	singleton	TYPO
carthen	1	singleton	TYPO
cartin	1	singleton	TYPO
casaretto	1	singleton	NAMELIKE
casil	1	singleton	TYPO
casilli	1	singleton	NAMELIKE
castac	1	singleton	NAMELIKE
castellini	1	singleton	NAMELIKE
casterline	1	singleton	NAMELIKE
castulo	1	singleton	NAMELIKE
casway	1	singleton	NAMELIKE
catli	1	singleton	TYPO
catone	1	singleton	TYPO
cators	1	singleton	TYPO
catrons	1	singleton	TYPO
cattie	1	singleton	TYPO
cattlemens	1	singleton	NAMELIKE
cattrell	1	singleton	TYPO
caude	1	singleton	TYPO
cawes	1	singleton	TYPO
cayse	1	singleton	TYPO
cebrian	1	singleton	NAMELIKE
cedine	1	singleton	TYPO
ceia	1	singleton	TYPO
celebrado	1	singleton	NAMELIKE
cemeter	1	singleton	TYPO
cemtery	1	singleton	TYPO
cenco	1	singleton	TYPO
centery	1	singleton	TYPO
cepres	1	singleton	TYPO
cermeno	1	singleton	NAMELIKE
cerreto	1	singleton	NAMELIKE
ceven	1	singleton	TYPO
chalen	1	singleton	TYPO
challman	1	singleton	NAMELIKE
chandre	1	singleton	TYPO
chanes	1	singleton	TYPO
chantale	1	singleton	TYPO
chaples	1	singleton	TYPO
charen	1	singleton	TYPO
charlow	1	singleton	TYPO
charnes	1	singleton	TYPO
chauffe	1	singleton	FRAGMENT
chayce	1	singleton	TYPO
chenee	1	singleton	TYPO
cherity	1	singleton	TYPO
cheser	1	singleton	TYPO
chever	1	singleton	TYPO
chilcoot	1	singleton	NAMELIKE
childres	1	singleton	TYPO
chinie	1	singleton	TYPO
choxen	1	singleton	TYPO
chuns	1	singleton	TYPO
ciea	1	singleton	TYPO
cienaga	1	singleton	NAMELIKE
cienga	1	singleton	NAMELIKE
cieri	1	singleton	TYPO
cilas	1	singleton	TYPO
cincinnat	1	singleton	TYPO
cirbo	1	singleton	TYPO
cisler	1	singleton	NAMELIKE
cison	1	singleton	TYPO
cital	1	singleton	TYPO
civer	1	singleton	TYPO
civilan	1	singleton	TYPO
clairman	1	singleton	TYPO
claveria	1	singleton	NAMELIKE
clewe	1	singleton	TYPO
cliffton	1	singleton	TYPO
cliney	1	singleton	TYPO
clinter	1	singleton	TYPO
cloar	1	singleton	TYPO
clonts	1	singleton	TYPO
clora	1	singleton	TYPO
closses	1	singleton	TYPO
clotis	1	singleton	TYPO
cloye	1	singleton	TYPO
cloyes	1	singleton	TYPO
clugs	1	singleton	TYPO
cmar	1	singleton	TYPO
coalings	1	singleton	TYPO
coans	1	singleton	TYPO
cobian	1	singleton	TYPO
cocca	1	singleton	TYPO
cochard	1	singleton	NAMELIKE
coenties	1	singleton	TYPO
cohassett	1	singleton	NAMELIKE
coldren	1	singleton	NAMELIKE
coldsmith	1	singleton	TYPO
colis	1	singleton	TYPO
collge	1	singleton	TYPO
collons	1	singleton	TYPO
colness	1	singleton	TYPO
coltn	1	singleton	TYPO
colzie	1	singleton	TYPO
comerce	1	singleton	TYPO
commers	1	singleton	TYPO
commston	1	singleton	NAMELIKE
communcations	1	singleton	TYPO
comservation	1	singleton	TYPO
conable	1	singleton	NAMELIKE
conat	1	singleton	TYPO
conata	1	singleton	TYPO
concrd	1	singleton	TYPO
conen	1	singleton	TYPO
coners	1	singleton	TYPO
conerty	1	singleton	NAMELIKE
conferen	1	singleton	FRAGMENT
coniff	1	singleton	NAMELIKE
conim	1	singleton	TYPO
conmy	1	singleton	TYPO
connectiv	1	singleton	TYPO
connis	1	singleton	TYPO
conour	1	singleton	TYPO
conri	1	singleton	TYPO
conron	1	singleton	TYPO
consola	1	singleton	TYPO
consolo	1	singleton	TYPO
constine	1	singleton	NAMELIKE
contenta	1	singleton	TYPO
contina	1	singleton	TYPO
contiuation	1	singleton	TYPO
conventio	1	singleton	TYPO
conwill	1	singleton	NAMELIKE
conye	1	singleton	TYPO
conz	1	singleton	TYPO
cookville	1	singleton	NAMELIKE
cooner	1	singleton	TYPO
corders	1	singleton	TYPO
cordoza	1	singleton	TYPO
cordts	1	singleton	TYPO
corenne	1	singleton	TYPO
corent	1	singleton	TYPO
coreon	1	singleton	TYPO
corles	1	singleton	TYPO
corly	1	singleton	TYPO
corma	1	singleton	TYPO
cornia	1	singleton	TYPO
corpe	1	singleton	TYPO
cortada	1	singleton	TYPO
cortinez	1	singleton	NAMELIKE
cortnee	1	singleton	NAMELIKE
cosand	1	singleton	NAMELIKE
cotas	1	singleton	TYPO
cotate	1	singleton	TYPO
cotie	1	singleton	TYPO
couble	1	singleton	TYPO
counciling	1	singleton	NAMELIKE
countis	1	singleton	TYPO
countiss	1	singleton	TYPO
courie	1	singleton	TYPO
courtnay	1	singleton	TYPO
courtot	1	singleton	NAMELIKE
couters	1	singleton	TYPO
coutin	1	singleton	TYPO
coutre	1	singleton	TYPO
coveny	1	singleton	TYPO
cowey	1	singleton	TYPO
coxcy	1	singleton	NAMELIKE
cozie	1	singleton	NAMELIKE
crader	1	singleton	TYPO
craley	1	singleton	TYPO
crandal	1	singleton	TYPO
crano	1	singleton	TYPO
crases	1	singleton	TYPO
cratic	1	singleton	TYPO
craycraft	1	singleton	NAMELIKE
craycroft	1	singleton	NAMELIKE
creacion	1	singleton	TYPO
creens	1	singleton	TYPO
creery	1	singleton	TYPO
creft	1	singleton	TYPO
creque	1	singleton	TYPO
cresenta	1	singleton	NAMELIKE
cresthaven	1	singleton	NAMELIKE
crissey	1	singleton	NAMELIKE
croan	1	singleton	TYPO
croil	1	singleton	TYPO
cromwe	1	singleton	TYPO
cronley	1	singleton	TYPO
cronn	1	singleton	TYPO
croper	1	singleton	TYPO
crowly	1	singleton	TYPO
cruess	1	singleton	TYPO
cruit	1	singleton	TYPO
crute	1	singleton	TYPO
crystel	1	singleton	TYPO
ctry	1	singleton	TYPO
cuate	1	singleton	TYPO
cubdivision	1	singleton	TYPO
cuen	1	singleton	TYPO
cullan	1	singleton	TYPO
culli	1	singleton	TYPO
culverdale	1	singleton	NAMELIKE
cunnane	1	singleton	NAMELIKE
cunnard	1	singleton	TYPO
curey	1	singleton	TYPO
curtia	1	singleton	TYPO
cuva	1	singleton	TYPO
cyress	1	singleton	TYPO
dailee	1	singleton	TYPO
dailing	1	singleton	TYPO
dains	1	singleton	TYPO
daizy	1	singleton	TYPO
dakes	1	singleton	TYPO
dalanee	1	singleton	NAMELIKE
dalary	1	singleton	TYPO
daloisio	1	singleton	GARBLE
damain	1	singleton	TYPO
damor	1	singleton	TYPO
danee	1	singleton	TYPO
daner	1	singleton	TYPO
danice	1	singleton	TYPO
dantel	1	singleton	TYPO
darcel	1	singleton	TYPO
darge	1	singleton	TYPO
darrach	1	singleton	NAMELIKE
darsy	1	singleton	TYPO
dasie	1	singleton	TYPO
dateland	1	singleton	NAMELIKE
datla	1	singleton	TYPO
daton	1	singleton	TYPO
datton	1	singleton	TYPO
dauphiny	1	singleton	TYPO
daved	1	singleton	TYPO
davee	1	singleton	TYPO
daviston	1	singleton	TYPO
daymen	1	singleton	TYPO
dayse	1	singleton	TYPO
declin	1	singleton	TYPO
decoto	1	singleton	TYPO
decristoforo	1	singleton	NAMELIKE
decuire	1	singleton	NAMELIKE
deddo	1	singleton	NAMELIKE
deens	1	singleton	TYPO
defees	1	singleton	TYPO
defue	1	singleton	TYPO
degross	1	singleton	NAMELIKE
dehne	1	singleton	TYPO
dehning	1	singleton	TYPO
deits	1	singleton	TYPO
delan	1	singleton	TYPO
deleissigues	1	singleton	NAMELIKE
deliz	1	singleton	TYPO
dellies	1	singleton	TYPO
delnor	1	singleton	NAMELIKE
delost	1	singleton	TYPO
demani	1	singleton	TYPO
demarais	1	singleton	NAMELIKE
demion	1	singleton	TYPO
demoney	1	singleton	NAMELIKE
demoni	1	singleton	TYPO
deney	1	singleton	TYPO
denger	1	singleton	TYPO
denike	1	singleton	TYPO
denler	1	singleton	TYPO
denos	1	singleton	TYPO
dention	1	singleton	TYPO
denu	1	singleton	TYPO
denune	1	singleton	NAMELIKE
denunzio	1	singleton	NAMELIKE
denzal	1	singleton	TYPO
depari	1	singleton	TYPO
departe	1	singleton	TYPO
depatie	1	singleton	NAMELIKE
depee	1	singleton	NAMELIKE
depree	1	singleton	TYPO
dequina	1	singleton	NAMELIKE
deral	1	singleton	TYPO
derl	1	singleton	TYPO
dernal	1	singleton	TYPO
deroo	1	singleton	TYPO
deseree	1	singleton	TYPO
desiltation	1	singleton	NAMELIKE
desira	1	singleton	TYPO
desja	1	singleton	TYPO
desler	1	singleton	TYPO
desree	1	singleton	TYPO
dester	1	singleton	TYPO
detert	1	singleton	TYPO
detner	1	singleton	TYPO
detor	1	singleton	TYPO
detore	1	singleton	NAMELIKE
detre	1	singleton	TYPO
detric	1	singleton	TYPO
detrich	1	singleton	TYPO
detron	1	singleton	TYPO
dettor	1	singleton	TYPO
devico	1	singleton	TYPO
devier	1	singleton	TYPO
devrick	1	singleton	TYPO
deward	1	singleton	TYPO
dewel	1	singleton	TYPO
dewert	1	singleton	TYPO
deweyville	1	singleton	NAMELIKE
dewitts	1	singleton	TYPO
dewoody	1	singleton	NAMELIKE
deyle	1	singleton	TYPO
deyoe	1	singleton	TYPO
dhaene	1	singleton	NAMELIKE
dicha	1	singleton	NAMELIKE
diew	1	singleton	TYPO
digh	1	singleton	TYPO
diich	1	singleton	TYPO
diles	1	singleton	TYPO
dilliard	1	singleton	TYPO
dimia	1	singleton	TYPO
dimir	1	singleton	TYPO
dimitt	1	singleton	NAMELIKE
dimou	1	singleton	NAMELIKE
dinet	1	singleton	TYPO
dinkelspiel	1	singleton	NAMELIKE
dinoto	1	singleton	NAMELIKE
dinson	1	singleton	TYPO
dipe	1	singleton	TYPO
dissie	1	singleton	NAMELIKE
distirct	1	singleton	TYPO
ditalia	1	singleton	TYPO
divernon	1	singleton	NAMELIKE
doans	1	singleton	TYPO
dochet	1	singleton	TYPO
doheney	1	singleton	NAMELIKE
dolie	1	singleton	TYPO
dolven	1	singleton	NAMELIKE
domonick	1	singleton	TYPO
donel	1	singleton	TYPO
donic	1	singleton	TYPO
donnis	1	singleton	TYPO
dorance	1	singleton	NAMELIKE
dorand	1	singleton	TYPO
dorch	1	singleton	TYPO
dorest	1	singleton	TYPO
dosal	1	singleton	TYPO
doua	1	singleton	TYPO
doublehead	1	singleton	FRAGMENT
dovan	1	singleton	TYPO
dovel	1	singleton	TYPO
dovy	1	singleton	TYPO
dpuble	1	singleton	TYPO
drader	1	singleton	TYPO
drange	1	singleton	TYPO
draus	1	singleton	TYPO
drec	1	singleton	TYPO
drevin	1	singleton	TYPO
drisdom	1	singleton	NAMELIKE
driston	1	singleton	NAMELIKE
dubach	1	singleton	NAMELIKE
ducre	1	singleton	TYPO
dufer	1	singleton	TYPO
duhn	1	singleton	TYPO
duie	1	singleton	TYPO
dulee	1	singleton	TYPO
dumes	1	singleton	TYPO
dunnam	1	singleton	TYPO
dunta	1	singleton	TYPO
dupy	1	singleton	TYPO
durig	1	singleton	TYPO
durner	1	singleton	TYPO
dursey	1	singleton	TYPO
dusi	1	singleton	TYPO
dusin	1	singleton	TYPO
dustion	1	singleton	TYPO
dutil	1	singleton	NAMELIKE
dutter	1	singleton	TYPO
dutz	1	singleton	TYPO
dvid	1	singleton	TYPO
eader	1	singleton	TYPO
eakle	1	singleton	TYPO
ealand	1	singleton	TYPO
ealm	1	singleton	TYPO
eammon	1	singleton	TYPO
eanon	1	singleton	TYPO
earlynn	1	singleton	NAMELIKE
earney	1	singleton	TYPO
earon	1	singleton	TYPO
eato	1	singleton	TYPO
eaven	1	singleton	TYPO
ecse	1	singleton	TYPO
edding	1	singleton	TYPO
edian	1	singleton	TYPO
edinborough	1	singleton	NAMELIKE
edro	1	singleton	TYPO
edwarda	1	singleton	TYPO
eeman	1	singleton	FRAGMENT
eena	1	singleton	TYPO
eeten	1	singleton	TYPO
egenes	1	singleton	TYPO
egstrom	1	singleton	NAMELIKE
ehan	1	singleton	TYPO
ehani	1	singleton	TYPO
ehrens	1	singleton	NAMELIKE
eiad	1	singleton	TYPO
eian	1	singleton	TYPO
eidy	1	singleton	TYPO
eifort	1	singleton	TYPO
eikenbary	1	singleton	NAMELIKE
eiser	1	singleton	TYPO
eisinore	1	singleton	GARBLE
eiting	1	singleton	TYPO
eito	1	singleton	TYPO
ekert	1	singleton	TYPO
elaira	1	singleton	TYPO
eleccion	1	singleton	TYPO
eleck	1	singleton	TYPO
elemer	1	singleton	TYPO
elight	1	singleton	TYPO
elisnore	1	singleton	NAMELIKE
ellert	1	singleton	TYPO
elline	1	singleton	TYPO
ellsworrth	1	singleton	TYPO
elsea	1	singleton	TYPO
elsemore	1	singleton	NAMELIKE
elter	1	singleton	TYPO
eluster	1	singleton	TYPO
elve	1	singleton	TYPO
elyh	1	singleton	TYPO
emare	1	singleton	TYPO
embert	1	singleton	TYPO
embly	1	singleton	TYPO
emelene	1	singleton	NAMELIKE
emeree	1	singleton	TYPO
emier	1	singleton	TYPO
emmaton	1	singleton	NAMELIKE
emter	1	singleton	TYPO
enchanto	1	singleton	TYPO
endale	1	singleton	FRAGMENT
endee	1	singleton	TYPO
endes	1	singleton	TYPO
engum	1	singleton	NAMELIKE
enie	1	singleton	TYPO
enney	1	singleton	TYPO
enod	1	singleton	TYPO
enom	1	singleton	TYPO
enyce	1	singleton	NAMELIKE
eona	1	singleton	TYPO
epees	1	singleton	TYPO
eperson	1	singleton	TYPO
equan	1	singleton	TYPO
eremy	1	singleton	TYPO
erger	1	singleton	TYPO
erien	1	singleton	TYPO
erke	1	singleton	TYPO
ermann	1	singleton	TYPO
ermen	1	singleton	TYPO
ermon	1	singleton	TYPO
ernal	1	singleton	TYPO
eroh	1	singleton	TYPO
erville	1	singleton	TYPO
ervy	1	singleton	TYPO
erway	1	singleton	TYPO
erys	1	singleton	TYPO
escourt	1	singleton	TYPO
esel	1	singleton	TYPO
esman	1	singleton	TYPO
esmen	1	singleton	TYPO
eson	1	singleton	TYPO
essl	1	singleton	TYPO
estal	1	singleton	TYPO
estay	1	singleton	TYPO
estenson	1	singleton	NAMELIKE
esterly	1	singleton	TYPO
estling	1	singleton	TYPO
estock	1	singleton	TYPO
ethelyn	1	singleton	NAMELIKE
ethopian	1	singleton	TYPO
ethyle	1	singleton	TYPO
etris	1	singleton	TYPO
ettleson	1	singleton	NAMELIKE
ettner	1	singleton	NAMELIKE
eulice	1	singleton	TYPO
eulis	1	singleton	TYPO
euper	1	singleton	TYPO
eural	1	singleton	TYPO
eurek	1	singleton	TYPO
euton	1	singleton	TYPO
evely	1	singleton	TYPO
eveny	1	singleton	TYPO
everding	1	singleton	NAMELIKE
everets	1	singleton	TYPO
evern	1	singleton	TYPO
evoy	1	singleton	TYPO
evun	1	singleton	TYPO
ewiiaapaayp	1	singleton	GARBLE
executel	1	singleton	TYPO
exeelsior	1	singleton	TYPO
exira	1	singleton	TYPO
exsted	1	singleton	TYPO
eyner	1	singleton	TYPO
fabin	1	singleton	TYPO
fabland	1	singleton	NAMELIKE
faby	1	singleton	TYPO
fagundes	1	singleton	NAMELIKE
fahie	1	singleton	TYPO
fahrens	1	singleton	NAMELIKE
fairgound	1	singleton	TYPO
fairgounds	1	singleton	TYPO
fairsite	1	singleton	NAMELIKE
falfa	1	singleton	TYPO
falge	1	singleton	TYPO
falia	1	singleton	TYPO
fanci	1	singleton	TYPO
faner	1	singleton	TYPO
fanita	1	singleton	TYPO
fanto	1	singleton	TYPO
fantry	1	singleton	TYPO
farers	1	singleton	TYPO
fargen	1	singleton	NAMELIKE
fargher	1	singleton	TYPO
farly	1	singleton	TYPO
farmdale	1	singleton	NAMELIKE
farres	1	singleton	TYPO
farrs	1	singleton	TYPO
farview	1	singleton	TYPO
fashing	1	singleton	TYPO
fasman	1	singleton	TYPO
fauber	1	singleton	TYPO
fayes	1	singleton	TYPO
fayt	1	singleton	TYPO
febra	1	singleton	TYPO
febre	1	singleton	TYPO
fedco	1	singleton	NAMELIKE
feemster	1	singleton	NAMELIKE
feerer	1	singleton	TYPO
feese	1	singleton	TYPO
fehl	1	singleton	TYPO
fehlhaberhouk	1	singleton	NAMELIKE
feickert	1	singleton	NAMELIKE
feigh	1	singleton	TYPO
felena	1	singleton	TYPO
fellews	1	singleton	TYPO
felz	1	singleton	TYPO
fenns	1	singleton	TYPO
fereira	1	singleton	TYPO
fergusen	1	singleton	TYPO
fiato	1	singleton	TYPO
fical	1	singleton	TYPO
fillbach	1	singleton	NAMELIKE
finerty	1	singleton	TYPO
finlen	1	singleton	TYPO
finme	1	singleton	TYPO
fiock	1	singleton	TYPO
fiscalini	1	singleton	NAMELIKE
fiser	1	singleton	TYPO
fishtrap	1	singleton	NAMELIKE
fistler	1	singleton	NAMELIKE
flaim	1	singleton	TYPO
flateau	1	singleton	TYPO
fleischacker	1	singleton	NAMELIKE
floer	1	singleton	TYPO
fobert	1	singleton	TYPO
fogal	1	singleton	TYPO
fogt	1	singleton	TYPO
foland	1	singleton	TYPO
follas	1	singleton	TYPO
folson	1	singleton	TYPO
foman	1	singleton	TYPO
fonce	1	singleton	TYPO
fonner	1	singleton	TYPO
forbestown	1	singleton	NAMELIKE
forgach	1	singleton	NAMELIKE
forgen	1	singleton	TYPO
formans	1	singleton	TYPO
fornis	1	singleton	TYPO
forresthill	1	singleton	NAMELIKE
forrett	1	singleton	TYPO
forsen	1	singleton	TYPO
fortna	1	singleton	TYPO
fortt	1	singleton	TYPO
fortyacre	1	singleton	NAMELIKE
foundary	1	singleton	TYPO
fourteenmile	1	singleton	NAMELIKE
fourts	1	singleton	TYPO
foux	1	singleton	TYPO
francico	1	singleton	TYPO
francsico	1	singleton	TYPO
frato	1	singleton	TYPO
fredon	1	singleton	TYPO
freeo	1	singleton	TYPO
frence	1	singleton	TYPO
frendship	1	singleton	TYPO
frene	1	singleton	TYPO
frenn	1	singleton	TYPO
freno	1	singleton	TYPO
freundt	1	singleton	TYPO
frint	1	singleton	TYPO
froehling	1	singleton	NAMELIKE
frohm	1	singleton	TYPO
froio	1	singleton	TYPO
fross	1	singleton	TYPO
fruchter	1	singleton	NAMELIKE
frustee	1	singleton	TYPO
frymire	1	singleton	NAMELIKE
fuents	1	singleton	TYPO
fullen	1	singleton	TYPO
fullon	1	singleton	TYPO
fuls	1	singleton	TYPO
furch	1	singleton	TYPO
furcher	1	singleton	TYPO
furgerson	1	singleton	NAMELIKE
furnia	1	singleton	NAMELIKE
gabrie	1	singleton	TYPO
gadea	1	singleton	TYPO
gaely	1	singleton	TYPO
galanes	1	singleton	NAMELIKE
galatin	1	singleton	TYPO
gallaugher	1	singleton	TYPO
galmon	1	singleton	TYPO
galyen	1	singleton	TYPO
ganal	1	singleton	TYPO
ganer	1	singleton	TYPO
gansner	1	singleton	NAMELIKE
ganung	1	singleton	NAMELIKE
gapen	1	singleton	TYPO
garecht	1	singleton	NAMELIKE
garette	1	singleton	TYPO
garick	1	singleton	TYPO
gariel	1	singleton	TYPO
gasaway	1	singleton	NAMELIKE
gasu	1	singleton	TYPO
gatten	1	singleton	TYPO
gattons	1	singleton	NAMELIKE
gawf	1	singleton	TYPO
geater	1	singleton	TYPO
geeding	1	singleton	TYPO
geene	1	singleton	TYPO
geery	1	singleton	TYPO
gemeda	1	singleton	NAMELIKE
gemise	1	singleton	TYPO
genice	1	singleton	TYPO
gennell	1	singleton	NAMELIKE
genses	1	singleton	TYPO
gentral	1	singleton	TYPO
geore	1	singleton	TYPO
georgianne	1	singleton	NAMELIKE
georgis	1	singleton	TYPO
geovanni	1	singleton	TYPO
gereaux	1	singleton	NAMELIKE
gerene	1	singleton	TYPO
gerrel	1	singleton	NAMELIKE
getchel	1	singleton	NAMELIKE
gettle	1	singleton	TYPO
geyers	1	singleton	TYPO
ghio	1	singleton	TYPO
giacobbi	1	singleton	NAMELIKE
gianone	1	singleton	NAMELIKE
gibbel	1	singleton	NAMELIKE
gieg	1	singleton	TYPO
gieske	1	singleton	NAMELIKE
giess	1	singleton	TYPO
gillogly	1	singleton	NAMELIKE
gister	1	singleton	TYPO
gitch	1	singleton	TYPO
gitmore	1	singleton	TYPO
glant	1	singleton	TYPO
glat	1	singleton	TYPO
glena	1	singleton	TYPO
glende	1	singleton	TYPO
glenmar	1	singleton	NAMELIKE
gnan	1	singleton	TYPO
godeffroy	1	singleton	NAMELIKE
goeller	1	singleton	TYPO
goetting	1	singleton	TYPO
goldcoin	1	singleton	NAMELIKE
goldtree	1	singleton	NAMELIKE
goler	1	singleton	TYPO
golter	1	singleton	TYPO
goltl	1	singleton	NAMELIKE
goodmon	1	singleton	TYPO
gorrill	1	singleton	TYPO
gouse	1	singleton	TYPO
govany	1	singleton	TYPO
governmnet	1	singleton	TYPO
graas	1	singleton	TYPO
graen	1	singleton	TYPO
grando	1	singleton	TYPO
grangerville	1	singleton	NAMELIKE
grato	1	singleton	TYPO
gratto	1	singleton	TYPO
grayham	1	singleton	TYPO
gream	1	singleton	TYPO
greensbor	1	singleton	TYPO
grel	1	singleton	TYPO
grode	1	singleton	TYPO
grona	1	singleton	TYPO
groundlevel	1	singleton	NAMELIKE
grous	1	singleton	TYPO
growe	1	singleton	TYPO
grummett	1	singleton	NAMELIKE
grunin	1	singleton	NAMELIKE
gschwind	1	singleton	GARBLE
guadacanal	1	singleton	TYPO
guadalasca	1	singleton	NAMELIKE
guadulupe	1	singleton	TYPO
guder	1	singleton	NAMELIKE
guenoc	1	singleton	NAMELIKE
guernewood	1	singleton	NAMELIKE
guesisosi	1	singleton	NAMELIKE
guge	1	singleton	TYPO
guiberson	1	singleton	NAMELIKE
guined	1	singleton	TYPO
guist	1	singleton	TYPO
gulledge	1	singleton	NAMELIKE
gundelfinger	1	singleton	NAMELIKE
gunds	1	singleton	TYPO
guradian	1	singleton	TYPO
gustaveson	1	singleton	NAMELIKE
guther	1	singleton	TYPO
gutii	1	singleton	NAMELIKE
gutin	1	singleton	TYPO
gyde	1	singleton	TYPO
haberlin	1	singleton	NAMELIKE
hacien	1	singleton	FRAGMENT
hadan	1	singleton	TYPO
haehl	1	singleton	NAMELIKE
haein	1	singleton	TYPO
halfpint	1	singleton	NAMELIKE
hallford	1	singleton	TYPO
hameen	1	singleton	NAMELIKE
hamen	1	singleton	TYPO
hamim	1	singleton	TYPO
hammersly	1	singleton	NAMELIKE
hanas	1	singleton	TYPO
hanek	1	singleton	TYPO
hante	1	singleton	TYPO
harban	1	singleton	TYPO
harce	1	singleton	TYPO
hardyville	1	singleton	NAMELIKE
harles	1	singleton	TYPO
harloe	1	singleton	TYPO
haroldsen	1	singleton	NAMELIKE
haror	1	singleton	TYPO
harpine	1	singleton	TYPO
harpst	1	singleton	TYPO
harrs	1	singleton	TYPO
hartell	1	singleton	TYPO
hartge	1	singleton	TYPO
harvan	1	singleton	TYPO
harves	1	singleton	TYPO
haskells	1	singleton	TYPO
hatchs	1	singleton	TYPO
haton	1	singleton	TYPO
hauers	1	singleton	TYPO
haung	1	singleton	TYPO
havie	1	singleton	TYPO
haydenn	1	singleton	TYPO
haywa	1	singleton	TYPO
hazzards	1	singleton	TYPO
heagerty	1	singleton	NAMELIKE
hearit	1	singleton	TYPO
hearnes	1	singleton	TYPO
heathe	1	singleton	TYPO
hedrin	1	singleton	NAMELIKE
heeg	1	singleton	TYPO
heerdt	1	singleton	NAMELIKE
heght	1	singleton	TYPO
heher	1	singleton	TYPO
heien	1	singleton	TYPO
heild	1	singleton	TYPO
heisch	1	singleton	NAMELIKE
heleni	1	singleton	TYPO
henard	1	singleton	TYPO
henck	1	singleton	TYPO
henes	1	singleton	TYPO
henion	1	singleton	TYPO
henness	1	singleton	TYPO
hennion	1	singleton	NAMELIKE
henon	1	singleton	TYPO
herfurth	1	singleton	NAMELIKE
herna	1	singleton	TYPO
herres	1	singleton	TYPO
herte	1	singleton	TYPO
herth	1	singleton	TYPO
herwood	1	singleton	TYPO
hetten	1	singleton	NAMELIKE
heup	1	singleton	TYPO
heustis	1	singleton	NAMELIKE
heuton	1	singleton	TYPO
heverin	1	singleton	NAMELIKE
hgts	1	singleton	TYPO
hiack	1	singleton	TYPO
hicke	1	singleton	TYPO
hido	1	singleton	TYPO
higgenbotham	1	singleton	NAMELIKE
highridge	1	singleton	NAMELIKE
highter	1	singleton	TYPO
higway	1	singleton	TYPO
hiline	1	singleton	NAMELIKE
hilligas	1	singleton	NAMELIKE
hillsite	1	singleton	TYPO
hilp	1	singleton	TYPO
hinal	1	singleton	TYPO
hipass	1	singleton	NAMELIKE
hisler	1	singleton	TYPO
hister	1	singleton	TYPO
hiton	1	singleton	TYPO
hobkirk	1	singleton	NAMELIKE
hoblitzell	1	singleton	NAMELIKE
hoker	1	singleton	TYPO
hokit	1	singleton	NAMELIKE
holdins	1	singleton	TYPO
holek	1	singleton	TYPO
holice	1	singleton	TYPO
holidaysburg	1	singleton	NAMELIKE
holines	1	singleton	TYPO
hollingshed	1	singleton	NAMELIKE
hollinshed	1	singleton	NAMELIKE
hollinsworth	1	singleton	TYPO
holoman	1	singleton	TYPO
homets	1	singleton	TYPO
honas	1	singleton	TYPO
honghton	1	singleton	TYPO
honn	1	singleton	TYPO
honts	1	singleton	TYPO
hoock	1	singleton	TYPO
hoogasian	1	singleton	NAMELIKE
hoq	1	singleton	TYPO
horsemens	1	singleton	TYPO
hortt	1	singleton	TYPO
hosto	1	singleton	TYPO
hottle	1	singleton	TYPO
houdyshell	1	singleton	NAMELIKE
houfs	1	singleton	TYPO
houghs	1	singleton	TYPO
houke	1	singleton	TYPO
houy	1	singleton	TYPO
howen	1	singleton	TYPO
hser	1	singleton	TYPO
hual	1	singleton	TYPO
hueter	1	singleton	TYPO
hulitt	1	singleton	NAMELIKE
huls	1	singleton	TYPO
huner	1	singleton	TYPO
hunewill	1	singleton	NAMELIKE
hupe	1	singleton	TYPO
hurleton	1	singleton	NAMELIKE
hurton	1	singleton	TYPO
huser	1	singleton	TYPO
huset	1	singleton	NAMELIKE
hutchin	1	singleton	TYPO
hute	1	singleton	TYPO
hutsell	1	singleton	NAMELIKE
huttman	1	singleton	NAMELIKE
huza	1	singleton	TYPO
hydo	1	singleton	TYPO
hyser	1	singleton	TYPO
ianson	1	singleton	TYPO
icess	1	singleton	TYPO
ichter	1	singleton	TYPO
icia	1	singleton	TYPO
icie	1	singleton	TYPO
icsis	1	singleton	TYPO
idell	1	singleton	TYPO
iean	1	singleton	TYPO
ihde	1	singleton	TYPO
iiti	1	singleton	TYPO
ilag	1	singleton	TYPO
ilee	1	singleton	TYPO
illian	1	singleton	TYPO
illinoistown	1	singleton	NAMELIKE
illwill	1	singleton	NAMELIKE
imina	1	singleton	TYPO
imira	1	singleton	TYPO
impet	1	singleton	FRAGMENT
imtt	1	singleton	TYPO
imvite	1	singleton	TYPO
incian	1	singleton	TYPO
incoporated	1	singleton	TYPO
indepent	1	singleton	TYPO
indria	1	singleton	TYPO
industies	1	singleton	TYPO
inett	1	singleton	TYPO
iney	1	singleton	TYPO
ingledue	1	singleton	NAMELIKE
ingol	1	singleton	NAMELIKE
ingred	1	singleton	TYPO
inian	1	singleton	TYPO
inlow	1	singleton	TYPO
institutue	1	singleton	TYPO
intermediat	1	singleton	TYPO
interntional	1	singleton	TYPO
inzo	1	singleton	TYPO
ioder	1	singleton	TYPO
ioma	1	singleton	TYPO
iott	1	singleton	TYPO
irport	1	singleton	TYPO
irva	1	singleton	TYPO
isable	1	singleton	TYPO
isalia	1	singleton	TYPO
ishs	1	singleton	TYPO
islnd	1	singleton	TYPO
isnd	1	singleton	TYPO
israelson	1	singleton	NAMELIKE
issic	1	singleton	TYPO
isum	1	singleton	TYPO
itia	1	singleton	TYPO
itood	1	singleton	TYPO
ivet	1	singleton	TYPO
ivoryton	1	singleton	NAMELIKE
ivree	1	singleton	NAMELIKE
iyas	1	singleton	TYPO
izaac	1	singleton	TYPO
izah	1	singleton	NAMELIKE
jaad	1	singleton	TYPO
jach	1	singleton	TYPO
jacobe	1	singleton	TYPO
jacop	1	singleton	TYPO
jadine	1	singleton	TYPO
jagels	1	singleton	TYPO
jahel	1	singleton	TYPO
jaila	1	singleton	TYPO
jailin	1	singleton	TYPO
jaimir	1	singleton	NAMELIKE
jaland	1	singleton	TYPO
jallen	1	singleton	TYPO
jamay	1	singleton	TYPO
jamer	1	singleton	TYPO
jamez	1	singleton	TYPO
jamor	1	singleton	TYPO
jamus	1	singleton	TYPO
janal	1	singleton	TYPO
jandel	1	singleton	TYPO
janece	1	singleton	TYPO
janies	1	singleton	TYPO
jansing	1	singleton	TYPO
janss	1	singleton	TYPO
jantes	1	singleton	TYPO
jarica	1	singleton	NAMELIKE
jarol	1	singleton	TYPO
jarus	1	singleton	TYPO
jasi	1	singleton	TYPO
jastin	1	singleton	TYPO
jastro	1	singleton	TYPO
jatory	1	singleton	NAMELIKE
javers	1	singleton	TYPO
jawor	1	singleton	NAMELIKE
jaxi	1	singleton	TYPO
jeese	1	singleton	TYPO
jeferson	1	singleton	TYPO
jefferds	1	singleton	TYPO
jehn	1	singleton	TYPO
jeison	1	singleton	TYPO
jemere	1	singleton	NAMELIKE
jenes	1	singleton	TYPO
jeneva	1	singleton	TYPO
jenry	1	singleton	TYPO
jerilynn	1	singleton	NAMELIKE
jermon	1	singleton	TYPO
jeror	1	singleton	TYPO
jesa	1	singleton	TYPO
jestus	1	singleton	TYPO
jeven	1	singleton	TYPO
jhay	1	singleton	TYPO
jilson	1	singleton	TYPO
jiman	1	singleton	TYPO
jinal	1	singleton	TYPO
jisa	1	singleton	TYPO
jlan	1	singleton	TYPO
jnae	1	singleton	TYPO
jodes	1	singleton	TYPO
joens	1	singleton	TYPO
joersz	1	singleton	NAMELIKE
johm	1	singleton	TYPO
jollet	1	singleton	TYPO
jonee	1	singleton	TYPO
jonethan	1	singleton	TYPO
jonetta	1	singleton	NAMELIKE
jonne	1	singleton	TYPO
jopl	1	singleton	TYPO
joren	1	singleton	TYPO
joron	1	singleton	TYPO
josetta	1	singleton	TYPO
joshue	1	singleton	TYPO
joud	1	singleton	TYPO
journni	1	singleton	NAMELIKE
jouse	1	singleton	TYPO
jowes	1	singleton	TYPO
jsan	1	singleton	TYPO
juanamaria	1	singleton	NAMELIKE
jubie	1	singleton	TYPO
judies	1	singleton	TYPO
judio	1	singleton	TYPO
juhola	1	singleton	NAMELIKE
juncal	1	singleton	NAMELIKE
junet	1	singleton	TYPO
junez	1	singleton	TYPO
juras	1	singleton	TYPO
jurdan	1	singleton	TYPO
juree	1	singleton	TYPO
jursi	1	singleton	TYPO
jurus	1	singleton	TYPO
jusic	1	singleton	TYPO
jwon	1	singleton	TYPO
kacb	1	singleton	TYPO
kadell	1	singleton	NAMELIKE
kaech	1	singleton	NAMELIKE
kagh	1	singleton	TYPO
kalr	1	singleton	TYPO
kalves	1	singleton	TYPO
kamc	1	singleton	TYPO
kanouse	1	singleton	NAMELIKE
kares	1	singleton	TYPO
karlynn	1	singleton	GARBLE
karty	1	singleton	TYPO
kastman	1	singleton	TYPO
katheryne	1	singleton	TYPO
kating	1	singleton	TYPO
katr	1	singleton	TYPO
kaxe	1	singleton	TYPO
kbnl	1	singleton	GARBLE
kbor	1	singleton	TYPO
kcho	1	singleton	TYPO
kdic	1	singleton	TYPO
kearsage	1	singleton	NAMELIKE
kebr	1	singleton	TYPO
kecy	1	singleton	TYPO
keepes	1	singleton	TYPO
keers	1	singleton	TYPO
keesline	1	singleton	NAMELIKE
keip	1	singleton	TYPO
keley	1	singleton	TYPO
keln	1	singleton	TYPO
kenitzer	1	singleton	NAMELIKE
kenroy	1	singleton	NAMELIKE
keom	1	singleton	TYPO
kepc	1	singleton	TYPO
keph	1	singleton	TYPO
kerstens	1	singleton	NAMELIKE
kesp	1	singleton	TYPO
kesy	1	singleton	TYPO
ketc	1	singleton	TYPO
keul	1	singleton	TYPO
keysville	1	singleton	NAMELIKE
kiea	1	singleton	TYPO
kimiyo	1	singleton	NAMELIKE
kimshew	1	singleton	NAMELIKE
kinneys	1	singleton	TYPO
kipley	1	singleton	TYPO
kirschenmann	1	singleton	NAMELIKE
kittell	1	singleton	NAMELIKE
kixe	1	singleton	TYPO
kizi	1	singleton	TYPO
kleinsmid	1	singleton	NAMELIKE
kleman	1	singleton	TYPO
klutznick	1	singleton	NAMELIKE
kmer	1	singleton	TYPO
knepprath	1	singleton	NAMELIKE
kngs	1	singleton	TYPO
knmo	1	singleton	TYPO
knocke	1	singleton	TYPO
knon	1	singleton	TYPO
knoten	1	singleton	NAMELIKE
knous	1	singleton	TYPO
koal	1	singleton	TYPO
kocn	1	singleton	TYPO
koeper	1	singleton	TYPO
koher	1	singleton	TYPO
kolich	1	singleton	NAMELIKE
koliopoulos	1	singleton	NAMELIKE
konold	1	singleton	NAMELIKE
kosanke	1	singleton	NAMELIKE
kostenbader	1	singleton	NAMELIKE
kottinger	1	singleton	NAMELIKE
koua	1	singleton	TYPO
kpoo	1	singleton	TYPO
kranitz	1	singleton	TYPO
krasney	1	singleton	NAMELIKE
krbn	1	singleton	GARBLE
krep	1	singleton	TYPO
kric	1	singleton	TYPO
kristovich	1	singleton	NAMELIKE
krough	1	singleton	TYPO
krox	1	singleton	TYPO
krpa	1	singleton	TYPO
ksid	1	singleton	TYPO
kter	1	singleton	TYPO
kton	1	singleton	TYPO
kuad	1	singleton	TYPO
kuap	1	singleton	TYPO
kuehnert	1	singleton	NAMELIKE
kugs	1	singleton	TYPO
kuks	1	singleton	NAMELIKE
kungle	1	singleton	TYPO
kupke	1	singleton	NAMELIKE
kurk	1	singleton	TYPO
kuryla	1	singleton	NAMELIKE
kvie	1	singleton	TYPO
kwiz	1	singleton	TYPO
kxrx	1	singleton	GARBLE
laborator	1	singleton	TYPO
lacas	1	singleton	TYPO
lacasa	1	singleton	NAMELIKE
laes	1	singleton	TYPO
laison	1	singleton	TYPO
lakee	1	singleton	TYPO
lakenan	1	singleton	NAMELIKE
lalone	1	singleton	TYPO
lameca	1	singleton	TYPO
lamn	1	singleton	TYPO
lanan	1	singleton	TYPO
lancaste	1	singleton	TYPO
lanci	1	singleton	TYPO
lancto	1	singleton	NAMELIKE
landee	1	singleton	TYPO
landels	1	singleton	TYPO
landove	1	singleton	NAMELIKE
lanel	1	singleton	TYPO
langenheim	1	singleton	NAMELIKE
lapina	1	singleton	TYPO
larie	1	singleton	TYPO
larris	1	singleton	TYPO
larrison	1	singleton	TYPO
larwin	1	singleton	TYPO
lasam	1	singleton	NAMELIKE
laspina	1	singleton	NAMELIKE
lassotovitch	1	singleton	NAMELIKE
lastine	1	singleton	TYPO
lateer	1	singleton	TYPO
lathrup	1	singleton	TYPO
latic	1	singleton	TYPO
latory	1	singleton	FRAGMENT
lattery	1	singleton	TYPO
lauerman	1	singleton	NAMELIKE
laugenour	1	singleton	NAMELIKE
laughrey	1	singleton	NAMELIKE
laule	1	singleton	TYPO
laurice	1	singleton	TYPO
lauw	1	singleton	TYPO
lauzier	1	singleton	TYPO
lavel	1	singleton	TYPO
lavels	1	singleton	TYPO
lavene	1	singleton	TYPO
lawvers	1	singleton	TYPO
layon	1	singleton	TYPO
ldy	1	singleton	TYPO
lealer	1	singleton	TYPO
lebby	1	singleton	TYPO
lecca	1	singleton	TYPO
leding	1	singleton	TYPO
leeston	1	singleton	NAMELIKE
leeville	1	singleton	NAMELIKE
legas	1	singleton	TYPO
lehew	1	singleton	NAMELIKE
leiah	1	singleton	TYPO
leible	1	singleton	TYPO
leiny	1	singleton	TYPO
leip	1	singleton	TYPO
leita	1	singleton	TYPO
leler	1	singleton	TYPO
lembert	1	singleton	TYPO
lemenager	1	singleton	NAMELIKE
lemoi	1	singleton	TYPO
lenant	1	singleton	TYPO
lency	1	singleton	TYPO
lentes	1	singleton	TYPO
leoncini	1	singleton	NAMELIKE
leoville	1	singleton	NAMELIKE
lerette	1	singleton	NAMELIKE
leshon	1	singleton	TYPO
lesle	1	singleton	TYPO
lesman	1	singleton	TYPO
letsinger	1	singleton	NAMELIKE
levai	1	singleton	TYPO
lewand	1	singleton	TYPO
lewelling	1	singleton	TYPO
lewing	1	singleton	TYPO
liany	1	singleton	TYPO
libke	1	singleton	TYPO
licket	1	singleton	TYPO
liena	1	singleton	TYPO
liewellyn	1	singleton	TYPO
ligget	1	singleton	NAMELIKE
liller	1	singleton	TYPO
lillye	1	singleton	TYPO
linaje	1	singleton	NAMELIKE
linan	1	singleton	TYPO
linary	1	singleton	TYPO
linneus	1	singleton	TYPO
linns	1	singleton	TYPO
linquist	1	singleton	TYPO
linto	1	singleton	TYPO
lioy	1	singleton	TYPO
lippencott	1	singleton	TYPO
lique	1	singleton	TYPO
lisbed	1	singleton	TYPO
lises	1	singleton	TYPO
lisher	1	singleton	TYPO
lising	1	singleton	TYPO
liso	1	singleton	TYPO
lital	1	singleton	TYPO
littke	1	singleton	TYPO
lium	1	singleton	TYPO
livington	1	singleton	TYPO
livon	1	singleton	TYPO
liyah	1	singleton	TYPO
loah	1	singleton	TYPO
loai	1	singleton	TYPO
loats	1	singleton	TYPO
lobenstein	1	singleton	NAMELIKE
locy	1	singleton	TYPO
loer	1	singleton	TYPO
logde	1	singleton	TYPO
lohrberg	1	singleton	NAMELIKE
loleta	1	singleton	TYPO
lonard	1	singleton	TYPO
lonne	1	singleton	TYPO
lonz	1	singleton	TYPO
loofbourrow	1	singleton	NAMELIKE
lorance	1	singleton	NAMELIKE
lorea	1	singleton	TYPO
lorma	1	singleton	TYPO
lotis	1	singleton	TYPO
louia	1	singleton	TYPO
louy	1	singleton	TYPO
lovall	1	singleton	TYPO
lowsville	1	singleton	NAMELIKE
lozen	1	singleton	TYPO
lubke	1	singleton	TYPO
luel	1	singleton	TYPO
luey	1	singleton	TYPO
lugene	1	singleton	TYPO
lunis	1	singleton	TYPO
lusane	1	singleton	NAMELIKE
lutey	1	singleton	TYPO
lutons	1	singleton	TYPO
luttrels	1	singleton	TYPO
lysy	1	singleton	TYPO
maacama	1	singleton	NAMELIKE
maanum	1	singleton	TYPO
maatman	1	singleton	NAMELIKE
macabee	1	singleton	TYPO
macero	1	singleton	TYPO
macgillivary	1	singleton	NAMELIKE
machmer	1	singleton	NAMELIKE
macki	1	singleton	TYPO
madelynne	1	singleton	NAMELIKE
madeson	1	singleton	TYPO
madle	1	singleton	TYPO
madrene	1	singleton	NAMELIKE
madria	1	singleton	TYPO
maelo	1	singleton	TYPO
mahany	1	singleton	TYPO
maidonado	1	singleton	TYPO
mailea	1	singleton	TYPO
mailk	1	singleton	TYPO
mailroute	1	singleton	NAMELIKE
maingate	1	singleton	NAMELIKE
mainor	1	singleton	TYPO
makay	1	singleton	TYPO
manack	1	singleton	NAMELIKE
manago	1	singleton	TYPO
mandato	1	singleton	TYPO
manery	1	singleton	NAMELIKE
maneys	1	singleton	TYPO
mankas	1	singleton	NAMELIKE
manoun	1	singleton	TYPO
manry	1	singleton	TYPO
mansville	1	singleton	NAMELIKE
manthei	1	singleton	NAMELIKE
marbing	1	singleton	TYPO
mareli	1	singleton	NAMELIKE
margee	1	singleton	TYPO
marinelife	1	singleton	NAMELIKE
marjani	1	singleton	NAMELIKE
markea	1	singleton	TYPO
marlet	1	singleton	TYPO
marovich	1	singleton	NAMELIKE
marshan	1	singleton	TYPO
martain	1	singleton	TYPO
marteen	1	singleton	TYPO
marters	1	singleton	TYPO
marther	1	singleton	TYPO
martner	1	singleton	TYPO
martnez	1	singleton	TYPO
marvina	1	singleton	TYPO
masden	1	singleton	TYPO
masem	1	singleton	NAMELIKE
mastel	1	singleton	TYPO
mastern	1	singleton	TYPO
mastick	1	singleton	NAMELIKE
masure	1	singleton	TYPO
mathemetics	1	singleton	TYPO
mathles	1	singleton	NAMELIKE
matice	1	singleton	TYPO
matix	1	singleton	TYPO
matli	1	singleton	TYPO
matoy	1	singleton	TYPO
matthe	1	singleton	TYPO
maucher	1	singleton	NAMELIKE
mauller	1	singleton	TYPO
maurico	1	singleton	TYPO
mautino	1	singleton	TYPO
mavel	1	singleton	TYPO
mavo	1	singleton	TYPO
maxwel	1	singleton	TYPO
mayhews	1	singleton	TYPO
maymun	1	singleton	NAMELIKE
mcadow	1	singleton	TYPO
mccanless	1	singleton	NAMELIKE
mccartysville	1	singleton	NAMELIKE
mcclannahan	1	singleton	NAMELIKE
mcclouds	1	singleton	TYPO
mccurtney	1	singleton	TYPO
mccutchan	1	singleton	NAMELIKE
mcdoel	1	singleton	NAMELIKE
mcguffy	1	singleton	GARBLE
mcgurrin	1	singleton	NAMELIKE
mckaig	1	singleton	NAMELIKE
mcking	1	singleton	TYPO
mckune	1	singleton	NAMELIKE
mcleran	1	singleton	TYPO
mcmannus	1	singleton	TYPO
mcnutty	1	singleton	TYPO
mcquin	1	singleton	NAMELIKE
mcwade	1	singleton	NAMELIKE
mcworthy	1	singleton	GARBLE
mechnical	1	singleton	TYPO
mecia	1	singleton	TYPO
mecks	1	singleton	TYPO
medders	1	singleton	NAMELIKE
medus	1	singleton	TYPO
meengs	1	singleton	NAMELIKE
megel	1	singleton	TYPO
megill	1	singleton	TYPO
megli	1	singleton	TYPO
meguire	1	singleton	TYPO
mehne	1	singleton	NAMELIKE
mehrkens	1	singleton	NAMELIKE
meil	1	singleton	TYPO
meincke	1	singleton	NAMELIKE
meise	1	singleton	TYPO
melaney	1	singleton	TYPO
melean	1	singleton	TYPO
memery	1	singleton	TYPO
meml	1	singleton	TYPO
menal	1	singleton	TYPO
menasco	1	singleton	NAMELIKE
mendheim	1	singleton	NAMELIKE
menser	1	singleton	TYPO
menson	1	singleton	TYPO
mentzel	1	singleton	TYPO
menual	1	singleton	TYPO
meoni	1	singleton	TYPO
merrihew	1	singleton	NAMELIKE
mertons	1	singleton	TYPO
meseal	1	singleton	NAMELIKE
mesick	1	singleton	FRAGMENT
mesk	1	singleton	TYPO
methol	1	singleton	TYPO
metropolitian	1	singleton	TYPO
metser	1	singleton	TYPO
mettee	1	singleton	TYPO
meuth	1	singleton	TYPO
mevis	1	singleton	TYPO
mher	1	singleton	TYPO
micharl	1	singleton	TYPO
micia	1	singleton	TYPO
midchannel	1	singleton	NAMELIKE
midence	1	singleton	NAMELIKE
midpines	1	singleton	NAMELIKE
mieka	1	singleton	TYPO
miess	1	singleton	TYPO
miiking	1	singleton	TYPO
miken	1	singleton	TYPO
milee	1	singleton	TYPO
mileo	1	singleton	TYPO
miliken	1	singleton	TYPO
millison	1	singleton	TYPO
milus	1	singleton	TYPO
minea	1	singleton	TYPO
minely	1	singleton	TYPO
miniter	1	singleton	TYPO
minnewawa	1	singleton	NAMELIKE
mintle	1	singleton	TYPO
mior	1	singleton	TYPO
miraleste	1	singleton	NAMELIKE
mirimar	1	singleton	TYPO
misac	1	singleton	TYPO
misioners	1	singleton	NAMELIKE
misoe	1	singleton	TYPO
mital	1	singleton	TYPO
mitia	1	singleton	TYPO
mixco	1	singleton	NAMELIKE
mmary	1	singleton	TYPO
mnich	1	singleton	TYPO
moake	1	singleton	TYPO
mobilhome	1	singleton	TYPO
moiese	1	singleton	GARBLE
momar	1	singleton	TYPO
monicia	1	singleton	TYPO
monize	1	singleton	FRAGMENT
montair	1	singleton	NAMELIKE
montalvin	1	singleton	NAMELIKE
montanya	1	singleton	TYPO
montcla	1	singleton	FRAGMENT
montion	1	singleton	TYPO
montys	1	singleton	TYPO
morace	1	singleton	TYPO
moraya	1	singleton	TYPO
morch	1	singleton	TYPO
morcos	1	singleton	TYPO
morcy	1	singleton	TYPO
morefield	1	singleton	NAMELIKE
morica	1	singleton	TYPO
morisa	1	singleton	TYPO
morphet	1	singleton	TYPO
morring	1	singleton	TYPO
mouintain	1	singleton	TYPO
moymer	1	singleton	TYPO
moys	1	singleton	TYPO
muav	1	singleton	TYPO
muer	1	singleton	TYPO
muex	1	singleton	TYPO
mulea	1	singleton	TYPO
mulhollard	1	singleton	TYPO
multer	1	singleton	TYPO
munding	1	singleton	TYPO
mundorf	1	singleton	NAMELIKE
munot	1	singleton	TYPO
murke	1	singleton	TYPO
murnan	1	singleton	NAMELIKE
murrie	1	singleton	TYPO
mursh	1	singleton	TYPO
murua	1	singleton	NAMELIKE
musicipal	1	singleton	TYPO
mussig	1	singleton	NAMELIKE
mycol	1	singleton	NAMELIKE
myren	1	singleton	TYPO
nagles	1	singleton	TYPO
nahon	1	singleton	TYPO
naill	1	singleton	TYPO
nales	1	singleton	TYPO
nanco	1	singleton	TYPO
naney	1	singleton	TYPO
nanor	1	singleton	TYPO
nared	1	singleton	TYPO
nareh	1	singleton	NAMELIKE
narel	1	singleton	TYPO
naron	1	singleton	TYPO
nasons	1	singleton	TYPO
natae	1	singleton	TYPO
natea	1	singleton	TYPO
natson	1	singleton	TYPO
nauce	1	singleton	TYPO
nauerth	1	singleton	NAMELIKE
naup	1	singleton	TYPO
navu	1	singleton	TYPO
ndrew	1	singleton	TYPO
neading	1	singleton	TYPO
nealley	1	singleton	NAMELIKE
neang	1	singleton	TYPO
necholas	1	singleton	TYPO
neecy	1	singleton	TYPO
neew	1	singleton	TYPO
nehmer	1	singleton	NAMELIKE
neia	1	singleton	TYPO
neie	1	singleton	TYPO
neirs	1	singleton	TYPO
neland	1	singleton	TYPO
nelius	1	singleton	FRAGMENT
nellans	1	singleton	NAMELIKE
nenney	1	singleton	TYPO
nerce	1	singleton	TYPO
nerem	1	singleton	TYPO
nereo	1	singleton	TYPO
nerey	1	singleton	TYPO
nering	1	singleton	TYPO
nerney	1	singleton	NAMELIKE
nesvig	1	singleton	NAMELIKE
nething	1	singleton	TYPO
netties	1	singleton	TYPO
neuva	1	singleton	TYPO
nevon	1	singleton	TYPO
newball	1	singleton	TYPO
newbert	1	singleton	NAMELIKE
newse	1	singleton	TYPO
ngom	1	singleton	TYPO
nible	1	singleton	TYPO
niell	1	singleton	TYPO
niere	1	singleton	TYPO
nigu	1	singleton	TYPO
nikkel	1	singleton	TYPO
nimit	1	singleton	TYPO
nink	1	singleton	TYPO
ninke	1	singleton	TYPO
ninti	1	singleton	TYPO
nirah	1	singleton	TYPO
nmber	1	singleton	TYPO
noan	1	singleton	TYPO
nobriga	1	singleton	NAMELIKE
nohe	1	singleton	TYPO
nolia	1	singleton	TYPO
nomie	1	singleton	TYPO
nonac	1	singleton	TYPO
noral	1	singleton	TYPO
noron	1	singleton	TYPO
nortey	1	singleton	TYPO
northbay	1	singleton	NAMELIKE
nortonville	1	singleton	NAMELIKE
norvin	1	singleton	NAMELIKE
novaa	1	singleton	TYPO
nowark	1	singleton	TYPO
nowing	1	singleton	TYPO
ntral	1	singleton	FRAGMENT
nuci	1	singleton	TYPO
numbes	1	singleton	TYPO
numner	1	singleton	TYPO
nunery	1	singleton	TYPO
nurto	1	singleton	NAMELIKE
nuse	1	singleton	TYPO
nuth	1	singleton	TYPO
nyen	1	singleton	TYPO
oakl	1	singleton	TYPO
oaklan	1	singleton	TYPO
oaklen	1	singleton	TYPO
oali	1	singleton	TYPO
oark	1	singleton	TYPO
oatts	1	singleton	TYPO
obee	1	singleton	TYPO
obledo	1	singleton	NAMELIKE
oborn	1	singleton	TYPO
oceanie	1	singleton	TYPO
ocee	1	singleton	TYPO
ocey	1	singleton	TYPO
ochard	1	singleton	TYPO
ocran	1	singleton	TYPO
oddstad	1	singleton	NAMELIKE
odeen	1	singleton	TYPO
odena	1	singleton	TYPO
oerns	1	singleton	TYPO
offman	1	singleton	TYPO
ofner	1	singleton	TYPO
oggs	1	singleton	TYPO
ohde	1	singleton	TYPO
ohev	1	singleton	NAMELIKE
ohley	1	singleton	TYPO
oine	1	singleton	TYPO
oiva	1	singleton	TYPO
okn	1	singleton	TYPO
olano	1	singleton	TYPO
olee	1	singleton	TYPO
olete	1	singleton	FRAGMENT
olfers	1	singleton	TYPO
olita	1	singleton	TYPO
olker	1	singleton	TYPO
ollive	1	singleton	TYPO
olnes	1	singleton	TYPO
olon	1	singleton	TYPO
olumbus	1	singleton	TYPO
olvie	1	singleton	TYPO
omaley	1	singleton	NAMELIKE
omere	1	singleton	TYPO
omete	1	singleton	TYPO
omstott	1	singleton	NAMELIKE
onica	1	singleton	TYPO
onks	1	singleton	TYPO
onnen	1	singleton	NAMELIKE
onomea	1	singleton	GARBLE
ontis	1	singleton	TYPO
onyon	1	singleton	TYPO
oole	1	singleton	TYPO
ooten	1	singleton	TYPO
opat	1	singleton	TYPO
orbon	1	singleton	TYPO
orchardview	1	singleton	NAMELIKE
ordal	1	singleton	TYPO
ordone	1	singleton	NAMELIKE
orendorf	1	singleton	NAMELIKE
orens	1	singleton	TYPO
orenthal	1	singleton	NAMELIKE
orfa	1	singleton	TYPO
orive	1	singleton	TYPO
orneys	1	singleton	FRAGMENT
ornie	1	singleton	TYPO
orow	1	singleton	TYPO
oroz	1	singleton	TYPO
orrel	1	singleton	TYPO
orrey	1	singleton	TYPO
orsen	1	singleton	TYPO
ortic	1	singleton	TYPO
ortin	1	singleton	TYPO
orvan	1	singleton	TYPO
orven	1	singleton	TYPO
oscer	1	singleton	TYPO
osean	1	singleton	TYPO
osell	1	singleton	TYPO
oseph	1	singleton	TYPO
oset	1	singleton	TYPO
osmers	1	singleton	TYPO
ossing	1	singleton	TYPO
osullivan	1	singleton	TYPO
otaez	1	singleton	NAMELIKE
oteen	1	singleton	TYPO
oten	1	singleton	TYPO
othan	1	singleton	TYPO
ottmer	1	singleton	TYPO
ottoboni	1	singleton	NAMELIKE
ottwell	1	singleton	NAMELIKE
oumy	1	singleton	NAMELIKE
ourses	1	singleton	TYPO
outley	1	singleton	TYPO
overn	1	singleton	TYPO
overturff	1	singleton	NAMELIKE
ovin	1	singleton	TYPO
owle	1	singleton	TYPO
owon	1	singleton	TYPO
oxear	1	singleton	NAMELIKE
oxner	1	singleton	TYPO
oxpen	1	singleton	TYPO
pabey	1	singleton	TYPO
pabor	1	singleton	TYPO
pacatte	1	singleton	NAMELIKE
pacet	1	singleton	TYPO
packert	1	singleton	TYPO
padelford	1	singleton	NAMELIKE
padon	1	singleton	TYPO
pady	1	singleton	TYPO
pafford	1	singleton	TYPO
pague	1	singleton	TYPO
paig	1	singleton	TYPO
paises	1	singleton	TYPO
paitin	1	singleton	TYPO
palonis	1	singleton	NAMELIKE
palys	1	singleton	TYPO
pamly	1	singleton	TYPO
pampanito	1	singleton	NAMELIKE
panell	1	singleton	TYPO
pangan	1	singleton	TYPO
panguingue	1	singleton	NAMELIKE
panks	1	singleton	TYPO
panum	1	singleton	NAMELIKE
papazoglou	1	singleton	NAMELIKE
papez	1	singleton	TYPO
parde	1	singleton	TYPO
parete	1	singleton	TYPO
parez	1	singleton	TYPO
parket	1	singleton	TYPO
parksdale	1	singleton	TYPO
parrilli	1	singleton	NAMELIKE
patee	1	singleton	TYPO
patito	1	singleton	TYPO
pattes	1	singleton	TYPO
paulsell	1	singleton	NAMELIKE
paun	1	singleton	TYPO
pavant	1	singleton	TYPO
pavit	1	singleton	NAMELIKE
payea	1	singleton	TYPO
paymon	1	singleton	TYPO
peairs	1	singleton	TYPO
pearo	1	singleton	TYPO
pebly	1	singleton	NAMELIKE
pecwan	1	singleton	TYPO
pedens	1	singleton	NAMELIKE
pedit	1	singleton	TYPO
pedron	1	singleton	TYPO
pedroncelli	1	singleton	NAMELIKE
peenen	1	singleton	NAMELIKE
peese	1	singleton	TYPO
peforming	1	singleton	TYPO
pehl	1	singleton	TYPO
peila	1	singleton	TYPO
peler	1	singleton	TYPO
peligreen	1	singleton	NAMELIKE
pemel	1	singleton	TYPO
pemi	1	singleton	TYPO
pendell	1	singleton	TYPO
pendl	1	singleton	TYPO
penera	1	singleton	TYPO
penin	1	singleton	TYPO
penitencia	1	singleton	NAMELIKE
penke	1	singleton	TYPO
pennee	1	singleton	TYPO
penners	1	singleton	TYPO
penter	1	singleton	TYPO
penwell	1	singleton	NAMELIKE
peone	1	singleton	TYPO
perault	1	singleton	NAMELIKE
perazzo	1	singleton	NAMELIKE
percle	1	singleton	TYPO
perco	1	singleton	TYPO
perigot	1	singleton	TYPO
perins	1	singleton	TYPO
permar	1	singleton	TYPO
personette	1	singleton	NAMELIKE
pertee	1	singleton	NAMELIKE
pervan	1	singleton	NAMELIKE
peryear	1	singleton	NAMELIKE
peryer	1	singleton	NAMELIKE
pessel	1	singleton	TYPO
petee	1	singleton	TYPO
petery	1	singleton	TYPO
pethe	1	singleton	TYPO
petitto	1	singleton	NAMELIKE
petock	1	singleton	NAMELIKE
peton	1	singleton	TYPO
pette	1	singleton	TYPO
pettee	1	singleton	TYPO
pettey	1	singleton	TYPO
peugh	1	singleton	TYPO
peveler	1	singleton	TYPO
pevy	1	singleton	TYPO
peytan	1	singleton	TYPO
pfaeffle	1	singleton	NAMELIKE
phiel	1	singleton	TYPO
philyaw	1	singleton	NAMELIKE
piah	1	singleton	TYPO
piber	1	singleton	TYPO
picht	1	singleton	TYPO
pierso	1	singleton	TYPO
piez	1	singleton	TYPO
pineline	1	singleton	TYPO
pinnaeles	1	singleton	TYPO
pinnix	1	singleton	NAMELIKE
pinske	1	singleton	TYPO
piret	1	singleton	TYPO
pirk	1	singleton	TYPO
pisc	1	singleton	TYPO
pishi	1	singleton	TYPO
pism	1	singleton	TYPO
piver	1	singleton	TYPO
pivers	1	singleton	TYPO
plaat	1	singleton	TYPO
placeritos	1	singleton	NAMELIKE
pladson	1	singleton	NAMELIKE
ploor	1	singleton	TYPO
plotner	1	singleton	TYPO
plymire	1	singleton	NAMELIKE
pocans	1	singleton	TYPO
poice	1	singleton	TYPO
poine	1	singleton	TYPO
polasky	1	singleton	NAMELIKE
polise	1	singleton	TYPO
polles	1	singleton	TYPO
polny	1	singleton	TYPO
pomante	1	singleton	NAMELIKE
pomonis	1	singleton	NAMELIKE
poneto	1	singleton	NAMELIKE
ponse	1	singleton	TYPO
poormans	1	singleton	NAMELIKE
popkes	1	singleton	TYPO
populatic	1	singleton	NAMELIKE
porciuncula	1	singleton	NAMELIKE
poree	1	singleton	TYPO
poret	1	singleton	TYPO
porier	1	singleton	TYPO
poris	1	singleton	TYPO
portrero	1	singleton	NAMELIKE
porum	1	singleton	TYPO
potee	1	singleton	NAMELIKE
pouncil	1	singleton	TYPO
poyen	1	singleton	TYPO
praine	1	singleton	TYPO
praire	1	singleton	TYPO
prasch	1	singleton	GARBLE
pratl	1	singleton	TYPO
prebe	1	singleton	TYPO
prechool	1	singleton	TYPO
preder	1	singleton	TYPO
preli	1	singleton	TYPO
prepatory	1	singleton	TYPO
preseve	1	singleton	TYPO
presten	1	singleton	TYPO
pretto	1	singleton	TYPO
preville	1	singleton	TYPO
prial	1	singleton	TYPO
prida	1	singleton	TYPO
priel	1	singleton	TYPO
priet	1	singleton	TYPO
prinel	1	singleton	NAMELIKE
printy	1	singleton	TYPO
proch	1	singleton	TYPO
procise	1	singleton	TYPO
profita	1	singleton	TYPO
propes	1	singleton	TYPO
prosen	1	singleton	TYPO
protain	1	singleton	TYPO
prouts	1	singleton	TYPO
pruneridge	1	singleton	NAMELIKE
puaa	1	singleton	TYPO
pucha	1	singleton	TYPO
pucket	1	singleton	TYPO
pueble	1	singleton	TYPO
pueschel	1	singleton	NAMELIKE
puesta	1	singleton	NAMELIKE
pulcifer	1	singleton	NAMELIKE
puming	1	singleton	TYPO
pumo	1	singleton	TYPO
punay	1	singleton	TYPO
punn	1	singleton	TYPO
purches	1	singleton	TYPO
purington	1	singleton	NAMELIKE
purol	1	singleton	NAMELIKE
puroy	1	singleton	TYPO
pyer	1	singleton	TYPO
pyror	1	singleton	TYPO
qori	1	singleton	TYPO
quacken	1	singleton	TYPO
quacy	1	singleton	TYPO
quailwood	1	singleton	NAMELIKE
quala	1	singleton	TYPO
quana	1	singleton	TYPO
quane	1	singleton	TYPO
quaratine	1	singleton	TYPO
quarterhorse	1	singleton	NAMELIKE
quates	1	singleton	TYPO
quati	1	singleton	TYPO
queshon	1	singleton	NAMELIKE
quida	1	singleton	TYPO
quiel	1	singleton	TYPO
quinly	1	singleton	TYPO
quosation	1	singleton	TYPO
raaen	1	singleton	TYPO
raap	1	singleton	TYPO
rachamim	1	singleton	NAMELIKE
racio	1	singleton	TYPO
radig	1	singleton	TYPO
raea	1	singleton	TYPO
rafes	1	singleton	TYPO
rafuel	1	singleton	TYPO
ragoo	1	singleton	NAMELIKE
raisch	1	singleton	NAMELIKE
ralon	1	singleton	TYPO
ramig	1	singleton	TYPO
ranchhouse	1	singleton	NAMELIKE
randler	1	singleton	TYPO
ranen	1	singleton	TYPO
raner	1	singleton	TYPO
ranon	1	singleton	TYPO
ranots	1	singleton	TYPO
ransomville	1	singleton	NAMELIKE
rasts	1	singleton	TYPO
rawad	1	singleton	NAMELIKE
raway	1	singleton	TYPO
raymen	1	singleton	TYPO
rcha	1	singleton	TYPO
reachel	1	singleton	TYPO
readie	1	singleton	TYPO
reaman	1	singleton	TYPO
reape	1	singleton	TYPO
reather	1	singleton	TYPO
reavey	1	singleton	TYPO
rebb	1	singleton	TYPO
rebekahs	1	singleton	TYPO
rechtin	1	singleton	NAMELIKE
recondo	1	singleton	TYPO
recreaton	1	singleton	TYPO
rederick	1	singleton	TYPO
rediess	1	singleton	TYPO
redler	1	singleton	TYPO
redne	1	singleton	TYPO
reeber	1	singleton	TYPO
reeny	1	singleton	TYPO
reeping	1	singleton	TYPO
regnia	1	singleton	TYPO
regrut	1	singleton	TYPO
rehabilitiation	1	singleton	TYPO
rehg	1	singleton	TYPO
reier	1	singleton	TYPO
reither	1	singleton	TYPO
relan	1	singleton	TYPO
relos	1	singleton	TYPO
remaya	1	singleton	NAMELIKE
remee	1	singleton	TYPO
remm	1	singleton	TYPO
remme	1	singleton	TYPO
remmes	1	singleton	TYPO
remsing	1	singleton	TYPO
renaee	1	singleton	TYPO
renel	1	singleton	TYPO
rennells	1	singleton	NAMELIKE
rentel	1	singleton	TYPO
repke	1	singleton	NAMELIKE
repking	1	singleton	NAMELIKE
reres	1	singleton	TYPO
resighini	1	singleton	NAMELIKE
resser	1	singleton	TYPO
ressie	1	singleton	TYPO
restine	1	singleton	TYPO
reton	1	singleton	TYPO
retsil	1	singleton	TYPO
retson	1	singleton	TYPO
rettler	1	singleton	TYPO
reule	1	singleton	TYPO
revine	1	singleton	TYPO
revore	1	singleton	TYPO
rewis	1	singleton	TYPO
rexland	1	singleton	NAMELIKE
reynaga	1	singleton	NAMELIKE
rhiel	1	singleton	TYPO
rhion	1	singleton	TYPO
rhodo	1	singleton	TYPO
riar	1	singleton	TYPO
ribal	1	singleton	TYPO
ricon	1	singleton	TYPO
riedeman	1	singleton	NAMELIKE
rierdon	1	singleton	NAMELIKE
riessen	1	singleton	NAMELIKE
rigge	1	singleton	TYPO
rigis	1	singleton	TYPO
rigot	1	singleton	TYPO
rimber	1	singleton	TYPO
rimlinger	1	singleton	NAMELIKE
rinc	1	singleton	TYPO
rinco	1	singleton	TYPO
riola	1	singleton	TYPO
rioly	1	singleton	NAMELIKE
ritacca	1	singleton	NAMELIKE
ritney	1	singleton	TYPO
rivee	1	singleton	TYPO
riverlea	1	singleton	NAMELIKE
riveside	1	singleton	TYPO
robers	1	singleton	TYPO
roehr	1	singleton	TYPO
rogar	1	singleton	TYPO
roine	1	singleton	TYPO
rolff	1	singleton	TYPO
romerly	1	singleton	NAMELIKE
romon	1	singleton	TYPO
romor	1	singleton	TYPO
romple	1	singleton	NAMELIKE
ronces	1	singleton	NAMELIKE
rondot	1	singleton	TYPO
ropi	1	singleton	TYPO
rosaly	1	singleton	TYPO
rosenfeldt	1	singleton	TYPO
rotger	1	singleton	TYPO
rotoli	1	singleton	NAMELIKE
roua	1	singleton	TYPO
roulo	1	singleton	TYPO
rouss	1	singleton	TYPO
roverto	1	singleton	TYPO
rovey	1	singleton	TYPO
roxford	1	singleton	TYPO
royaltie	1	singleton	TYPO
rozema	1	singleton	NAMELIKE
rport	1	singleton	TYPO
ruaa	1	singleton	TYPO
rubee	1	singleton	TYPO
ruchita	1	singleton	NAMELIKE
rudement	1	singleton	NAMELIKE
ruede	1	singleton	TYPO
ruedy	1	singleton	TYPO
ruise	1	singleton	TYPO
rular	1	singleton	TYPO
ruley	1	singleton	TYPO
runnoe	1	singleton	NAMELIKE
rupple	1	singleton	TYPO
rusan	1	singleton	TYPO
russelville	1	singleton	NAMELIKE
russiaville	1	singleton	NAMELIKE
russom	1	singleton	TYPO
ruste	1	singleton	TYPO
rutters	1	singleton	TYPO
ryat	1	singleton	TYPO
ryver	1	singleton	TYPO
saair	1	singleton	TYPO
saak	1	singleton	TYPO
sabelhaus	1	singleton	NAMELIKE
sabies	1	singleton	TYPO
sabion	1	singleton	TYPO
sacta	1	singleton	TYPO
sadaa	1	singleton	TYPO
sadee	1	singleton	TYPO
sael	1	singleton	TYPO
saeli	1	singleton	NAMELIKE
sagor	1	singleton	TYPO
sagouspe	1	singleton	NAMELIKE
saiaz	1	singleton	NAMELIKE
saimon	1	singleton	TYPO
sajor	1	singleton	TYPO
sakry	1	singleton	NAMELIKE
salea	1	singleton	TYPO
salemen	1	singleton	TYPO
salet	1	singleton	TYPO
salete	1	singleton	TYPO
salge	1	singleton	TYPO
sallons	1	singleton	TYPO
saltese	1	singleton	TYPO
samber	1	singleton	TYPO
sammuel	1	singleton	TYPO
sanatarium	1	singleton	TYPO
sanburg	1	singleton	NAMELIKE
sances	1	singleton	TYPO
sandr	1	singleton	TYPO
sandry	1	singleton	TYPO
sandymush	1	singleton	NAMELIKE
sangus	1	singleton	TYPO
sanjose	1	singleton	NAMELIKE
sanmateo	1	singleton	NAMELIKE
sannes	1	singleton	TYPO
santus	1	singleton	TYPO
sarac	1	singleton	TYPO
sarden	1	singleton	TYPO
sares	1	singleton	TYPO
sarter	1	singleton	TYPO
sarty	1	singleton	TYPO
sarzotti	1	singleton	NAMELIKE
sassarini	1	singleton	NAMELIKE
sauget	1	singleton	NAMELIKE
sauis	1	singleton	TYPO
saure	1	singleton	TYPO
savantine	1	singleton	NAMELIKE
saven	1	singleton	TYPO
saviers	1	singleton	TYPO
savine	1	singleton	TYPO
sayne	1	singleton	TYPO
sbarbaro	1	singleton	NAMELIKE
scata	1	singleton	TYPO
schaler	1	singleton	TYPO
schallenberger	1	singleton	NAMELIKE
scharer	1	singleton	TYPO
schaut	1	singleton	TYPO
schieck	1	singleton	TYPO
schoenemann	1	singleton	NAMELIKE
schooland	1	singleton	NAMELIKE
schoos	1	singleton	TYPO
schottland	1	singleton	NAMELIKE
schrack	1	singleton	GARBLE
schwegmann	1	singleton	NAMELIKE
schwellenbach	1	singleton	NAMELIKE
schyler	1	singleton	TYPO
sclar	1	singleton	TYPO
scorton	1	singleton	NAMELIKE
scovern	1	singleton	NAMELIKE
scrugham	1	singleton	NAMELIKE
seace	1	singleton	TYPO
seanice	1	singleton	NAMELIKE
sebens	1	singleton	TYPO
sebie	1	singleton	TYPO
sebor	1	singleton	TYPO
secena	1	singleton	TYPO
secline	1	singleton	TYPO
secora	1	singleton	NAMELIKE
secore	1	singleton	TYPO
secrease	1	singleton	TYPO
secretarys	1	singleton	TYPO
sedor	1	singleton	TYPO
seering	1	singleton	TYPO
seets	1	singleton	TYPO
sehlmeyer	1	singleton	NAMELIKE
sehn	1	singleton	TYPO
sehon	1	singleton	TYPO
seleen	1	singleton	TYPO
selent	1	singleton	TYPO
selester	1	singleton	TYPO
seley	1	singleton	TYPO
selief	1	singleton	TYPO
selme	1	singleton	TYPO
semone	1	singleton	TYPO
senati	1	singleton	TYPO
sendie	1	singleton	NAMELIKE
senno	1	singleton	TYPO
sentee	1	singleton	TYPO
seny	1	singleton	TYPO
senz	1	singleton	TYPO
separater	1	singleton	TYPO
sepenter	1	singleton	NAMELIKE
seper	1	singleton	TYPO
sequen	1	singleton	TYPO
sereena	1	singleton	TYPO
serno	1	singleton	TYPO
serraino	1	singleton	TYPO
serrania	1	singleton	NAMELIKE
serret	1	singleton	TYPO
servick	1	singleton	TYPO
sesen	1	singleton	TYPO
sesina	1	singleton	TYPO
sester	1	singleton	TYPO
setien	1	singleton	NAMELIKE
settement	1	singleton	TYPO
seuler	1	singleton	TYPO
sevara	1	singleton	NAMELIKE
sevell	1	singleton	TYPO
seversens	1	singleton	NAMELIKE
severt	1	singleton	TYPO
severty	1	singleton	TYPO
sevren	1	singleton	TYPO
sextonville	1	singleton	NAMELIKE
seyfer	1	singleton	NAMELIKE
seyon	1	singleton	TYPO
shadelands	1	singleton	NAMELIKE
shagnasty	1	singleton	NAMELIKE
shamp	1	singleton	TYPO
sharea	1	singleton	TYPO
sharees	1	singleton	TYPO
sharey	1	singleton	TYPO
shaser	1	singleton	TYPO
sheali	1	singleton	NAMELIKE
sheddan	1	singleton	NAMELIKE
shelba	1	singleton	TYPO
sheria	1	singleton	TYPO
sheril	1	singleton	TYPO
sherra	1	singleton	TYPO
sherrey	1	singleton	TYPO
shipe	1	singleton	TYPO
shippe	1	singleton	TYPO
shipy	1	singleton	TYPO
shober	1	singleton	TYPO
sholly	1	singleton	TYPO
shontz	1	singleton	GARBLE
shothole	1	singleton	TYPO
shour	1	singleton	TYPO
shult	1	singleton	TYPO
shurch	1	singleton	TYPO
sibles	1	singleton	TYPO
siby	1	singleton	TYPO
sickmann	1	singleton	NAMELIKE
siere	1	singleton	TYPO
sillem	1	singleton	TYPO
siltanen	1	singleton	NAMELIKE
simers	1	singleton	TYPO
simir	1	singleton	TYPO
simy	1	singleton	TYPO
sincer	1	singleton	TYPO
sinnes	1	singleton	TYPO
sinsheim	1	singleton	NAMELIKE
siok	1	singleton	TYPO
sippl	1	singleton	TYPO
sirey	1	singleton	TYPO
sirretta	1	singleton	NAMELIKE
siry	1	singleton	TYPO
sivek	1	singleton	TYPO
sixtythird	1	singleton	NAMELIKE
siyer	1	singleton	TYPO
skare	1	singleton	TYPO
skau	1	singleton	TYPO
skiffington	1	singleton	NAMELIKE
skow	1	singleton	TYPO
slaff	1	singleton	TYPO
slais	1	singleton	TYPO
slanes	1	singleton	TYPO
slator	1	singleton	TYPO
sleder	1	singleton	TYPO
sleem	1	singleton	TYPO
slie	1	singleton	TYPO
slins	1	singleton	TYPO
slovers	1	singleton	TYPO
sloyer	1	singleton	TYPO
slys	1	singleton	TYPO
smarr	1	singleton	TYPO
smay	1	singleton	TYPO
smch	1	singleton	TYPO
smithneck	1	singleton	NAMELIKE
smoley	1	singleton	TYPO
smotherman	1	singleton	NAMELIKE
snage	1	singleton	TYPO
sneech	1	singleton	TYPO
sneen	1	singleton	TYPO
sockel	1	singleton	TYPO
socona	1	singleton	NAMELIKE
solane	1	singleton	TYPO
solany	1	singleton	TYPO
solario	1	singleton	TYPO
soleit	1	singleton	TYPO
soleo	1	singleton	TYPO
solice	1	singleton	TYPO
sollano	1	singleton	TYPO
somersville	1	singleton	TYPO
somona	1	singleton	TYPO
soncy	1	singleton	TYPO
sonome	1	singleton	TYPO
sonon	1	singleton	TYPO
sonum	1	singleton	TYPO
sorange	1	singleton	TYPO
sorsen	1	singleton	TYPO
sotano	1	singleton	TYPO
sotoyome	1	singleton	NAMELIKE
souers	1	singleton	TYPO
southi	1	singleton	TYPO
soverns	1	singleton	TYPO
sparacino	1	singleton	NAMELIKE
speca	1	singleton	TYPO
speese	1	singleton	NAMELIKE
spena	1	singleton	TYPO
spenceville	1	singleton	NAMELIKE
sperr	1	singleton	TYPO
spingola	1	singleton	NAMELIKE
sponsler	1	singleton	NAMELIKE
sporl	1	singleton	TYPO
spraker	1	singleton	TYPO
springstowne	1	singleton	NAMELIKE
stablization	1	singleton	TYPO
staen	1	singleton	TYPO
stago	1	singleton	TYPO
stams	1	singleton	TYPO
stateland	1	singleton	NAMELIKE
statts	1	singleton	TYPO
steddum	1	singleton	NAMELIKE
stege	1	singleton	TYPO
steif	1	singleton	TYPO
steifer	1	singleton	TYPO
steiny	1	singleton	TYPO
steir	1	singleton	TYPO
steltz	1	singleton	GARBLE
stember	1	singleton	NAMELIKE
stence	1	singleton	TYPO
stencer	1	singleton	TYPO
stene	1	singleton	TYPO
stento	1	singleton	TYPO
stephons	1	singleton	TYPO
steritt	1	singleton	NAMELIKE
sterle	1	singleton	TYPO
stidger	1	singleton	TYPO
stiens	1	singleton	NAMELIKE
stillwagon	1	singleton	NAMELIKE
stoeckle	1	singleton	NAMELIKE
stoen	1	singleton	TYPO
stoesser	1	singleton	NAMELIKE
stofer	1	singleton	TYPO
stoten	1	singleton	TYPO
stotko	1	singleton	NAMELIKE
strane	1	singleton	TYPO
strating	1	singleton	TYPO
stratmeyer	1	singleton	NAMELIKE
strator	1	singleton	TYPO
stratter	1	singleton	NAMELIKE
streeet	1	singleton	TYPO
strieter	1	singleton	TYPO
stritt	1	singleton	TYPO
strool	1	singleton	TYPO
stroughter	1	singleton	NAMELIKE
stucken	1	singleton	TYPO
stuit	1	singleton	TYPO
stukes	1	singleton	TYPO
stulc	1	singleton	NAMELIKE
stuper	1	singleton	TYPO
sturms	1	singleton	TYPO
stuter	1	singleton	TYPO
stutler	1	singleton	TYPO
styn	1	singleton	TYPO
suanee	1	singleton	GARBLE
suares	1	singleton	TYPO
subdividion	1	singleton	TYPO
subeer	1	singleton	NAMELIKE
subeet	1	singleton	TYPO
subler	1	singleton	TYPO
suding	1	singleton	TYPO
suela	1	singleton	TYPO
suello	1	singleton	NAMELIKE
suent	1	singleton	TYPO
sugarloat	1	singleton	NAMELIKE
suisan	1	singleton	TYPO
sullian	1	singleton	TYPO
sumlar	1	singleton	NAMELIKE
sunel	1	singleton	TYPO
sungate	1	singleton	NAMELIKE
suniga	1	singleton	NAMELIKE
sunnymeade	1	singleton	NAMELIKE
supeal	1	singleton	NAMELIKE
supera	1	singleton	TYPO
supon	1	singleton	TYPO
sureno	1	singleton	NAMELIKE
surie	1	singleton	TYPO
suters	1	singleton	TYPO
sutfin	1	singleton	NAMELIKE
sutorius	1	singleton	NAMELIKE
suttenfield	1	singleton	NAMELIKE
suverkrup	1	singleton	NAMELIKE
sved	1	singleton	TYPO
svee	1	singleton	TYPO
svens	1	singleton	TYPO
swanp	1	singleton	TYPO
swary	1	singleton	TYPO
sweasy	1	singleton	TYPO
swenty	1	singleton	TYPO
syes	1	singleton	TYPO
syth	1	singleton	TYPO
szot	1	singleton	TYPO
tabatt	1	singleton	NAMELIKE
tabeling	1	singleton	TYPO
tacher	1	singleton	TYPO
tady	1	singleton	TYPO
taegan	1	singleton	TYPO
taeo	1	singleton	TYPO
tahc	1	singleton	TYPO
tailee	1	singleton	TYPO
taire	1	singleton	TYPO
takh	1	singleton	TYPO
talken	1	singleton	TYPO
talome	1	singleton	TYPO
tamea	1	singleton	TYPO
tamita	1	singleton	NAMELIKE
tammia	1	singleton	NAMELIKE
tamson	1	singleton	TYPO
tancy	1	singleton	TYPO
tanea	1	singleton	TYPO
tanee	1	singleton	NAMELIKE
tanon	1	singleton	TYPO
tansill	1	singleton	NAMELIKE
tapawingo	1	singleton	NAMELIKE
tarae	1	singleton	TYPO
taral	1	singleton	TYPO
tarke	1	singleton	TYPO
tarmey	1	singleton	NAMELIKE
tarris	1	singleton	TYPO
tashon	1	singleton	NAMELIKE
tasley	1	singleton	TYPO
taten	1	singleton	TYPO
tatera	1	singleton	TYPO
taton	1	singleton	TYPO
tauke	1	singleton	TYPO
taure	1	singleton	TYPO
tavare	1	singleton	TYPO
tavious	1	singleton	NAMELIKE
tawater	1	singleton	TYPO
taway	1	singleton	TYPO
tayamen	1	singleton	NAMELIKE
taylon	1	singleton	TYPO
taylur	1	singleton	TYPO
teacheys	1	singleton	TYPO
teack	1	singleton	TYPO
teagues	1	singleton	TYPO
teaire	1	singleton	GARBLE
teann	1	singleton	TYPO
teate	1	singleton	TYPO
teator	1	singleton	TYPO
teav	1	singleton	TYPO
technicans	1	singleton	TYPO
teckla	1	singleton	NAMELIKE
tecle	1	singleton	TYPO
tecolate	1	singleton	NAMELIKE
teea	1	singleton	TYPO
teeds	1	singleton	TYPO
teels	1	singleton	TYPO
teener	1	singleton	TYPO
teha	1	singleton	TYPO
telfor	1	singleton	TYPO
temploy	1	singleton	TYPO
temre	1	singleton	TYPO
temte	1	singleton	TYPO
tenan	1	singleton	TYPO
tenbroek	1	singleton	NAMELIKE
tendollar	1	singleton	NAMELIKE
tenen	1	singleton	TYPO
tenery	1	singleton	NAMELIKE
tepan	1	singleton	TYPO
teply	1	singleton	TYPO
teral	1	singleton	TYPO
terie	1	singleton	TYPO
terria	1	singleton	TYPO
tesia	1	singleton	TYPO
tesmer	1	singleton	TYPO
tesso	1	singleton	TYPO
teters	1	singleton	TYPO
tevs	1	singleton	TYPO
thams	1	singleton	TYPO
therkildsen	1	singleton	NAMELIKE
thibadeau	1	singleton	NAMELIKE
thiego	1	singleton	TYPO
thiri	1	singleton	TYPO
thomast	1	singleton	TYPO
thomos	1	singleton	TYPO
thompsen	1	singleton	TYPO
thompsom	1	singleton	TYPO
thonn	1	singleton	TYPO
thorsness	1	singleton	NAMELIKE
threets	1	singleton	TYPO
thren	1	singleton	TYPO
tiak	1	singleton	TYPO
tibbitts	1	singleton	NAMELIKE
tichnor	1	singleton	NAMELIKE
tickel	1	singleton	TYPO
ticon	1	singleton	TYPO
tieden	1	singleton	TYPO
tiedt	1	singleton	TYPO
tieg	1	singleton	TYPO
tiese	1	singleton	TYPO
tifts	1	singleton	TYPO
tiggett	1	singleton	NAMELIKE
tigner	1	singleton	TYPO
tiiu	1	singleton	TYPO
tilan	1	singleton	TYPO
tilsen	1	singleton	TYPO
timpe	1	singleton	TYPO
tinber	1	singleton	TYPO
tinity	1	singleton	TYPO
tinl	1	singleton	TYPO
tiptonville	1	singleton	NAMELIKE
tiret	1	singleton	TYPO
tiscornia	1	singleton	NAMELIKE
titla	1	singleton	TYPO
tiyon	1	singleton	TYPO
toale	1	singleton	TYPO
toats	1	singleton	TYPO
tobogan	1	singleton	NAMELIKE
toder	1	singleton	TYPO
tohe	1	singleton	TYPO
tohm	1	singleton	TYPO
tojan	1	singleton	TYPO
tolen	1	singleton	TYPO
tolfee	1	singleton	TYPO
tolke	1	singleton	TYPO
tollar	1	singleton	TYPO
tomal	1	singleton	TYPO
tomeo	1	singleton	TYPO
tomty	1	singleton	TYPO
tonae	1	singleton	TYPO
tonata	1	singleton	TYPO
tonet	1	singleton	TYPO
topliff	1	singleton	NAMELIKE
toquin	1	singleton	NAMELIKE
torance	1	singleton	TYPO
tornes	1	singleton	TYPO
torrel	1	singleton	TYPO
torrell	1	singleton	TYPO
totz	1	singleton	TYPO
towes	1	singleton	TYPO
townshp	1	singleton	TYPO
toyn	1	singleton	TYPO
tracine	1	singleton	TYPO
traft	1	singleton	TYPO
trailway	1	singleton	TYPO
trainways	1	singleton	NAMELIKE
tralon	1	singleton	TYPO
tranay	1	singleton	TYPO
trancos	1	singleton	NAMELIKE
tranee	1	singleton	TYPO
trany	1	singleton	TYPO
trape	1	singleton	TYPO
trasi	1	singleton	TYPO
traster	1	singleton	TYPO
tratts	1	singleton	TYPO
traus	1	singleton	TYPO
travele	1	singleton	TYPO
trease	1	singleton	TYPO
treatme	1	singleton	FRAGMENT
treavon	1	singleton	TYPO
treba	1	singleton	TYPO
trenea	1	singleton	NAMELIKE
trenee	1	singleton	TYPO
trenise	1	singleton	NAMELIKE
trenkle	1	singleton	NAMELIKE
trenn	1	singleton	TYPO
tresure	1	singleton	TYPO
trices	1	singleton	TYPO
trinay	1	singleton	TYPO
trinks	1	singleton	TYPO
trinty	1	singleton	TYPO
tritsch	1	singleton	GARBLE
trivian	1	singleton	TYPO
troland	1	singleton	TYPO
truckdrivers	1	singleton	NAMELIKE
trusz	1	singleton	TYPO
truz	1	singleton	TYPO
tsiu	1	singleton	TYPO
tsuruda	1	singleton	NAMELIKE
tucs	1	singleton	TYPO
tuder	1	singleton	TYPO
tuland	1	singleton	TYPO
tulocay	1	singleton	NAMELIKE
tunison	1	singleton	TYPO
turry	1	singleton	TYPO
tustes	1	singleton	TYPO
tuwa	1	singleton	TYPO
twede	1	singleton	TYPO
tyice	1	singleton	TYPO
tyland	1	singleton	TYPO
tymber	1	singleton	TYPO
tyna	1	singleton	TYPO
tyren	1	singleton	TYPO
tyrre	1	singleton	TYPO
tyuana	1	singleton	NAMELIKE
ubet	1	singleton	TYPO
ucdmc	1	singleton	NAMELIKE
udee	1	singleton	TYPO
uebel	1	singleton	TYPO
uken	1	singleton	TYPO
ulery	1	singleton	NAMELIKE
uless	1	singleton	TYPO
ulice	1	singleton	TYPO
umme	1	singleton	TYPO
ungles	1	singleton	TYPO
unick	1	singleton	TYPO
unsell	1	singleton	TYPO
unui	1	singleton	TYPO
uona	1	singleton	TYPO
upsher	1	singleton	TYPO
urben	1	singleton	TYPO
urell	1	singleton	NAMELIKE
urith	1	singleton	TYPO
usht	1	singleton	TYPO
usona	1	singleton	TYPO
usry	1	singleton	TYPO
ussary	1	singleton	NAMELIKE
utec	1	singleton	TYPO
vagnozzi	1	singleton	NAMELIKE
valary	1	singleton	TYPO
valoree	1	singleton	NAMELIKE
vanclief	1	singleton	NAMELIKE
vandall	1	singleton	TYPO
vanely	1	singleton	NAMELIKE
vaney	1	singleton	TYPO
vanice	1	singleton	TYPO
vanmatre	1	singleton	NAMELIKE
vansaun	1	singleton	NAMELIKE
vanwormer	1	singleton	NAMELIKE
varee	1	singleton	TYPO
varel	1	singleton	TYPO
varion	1	singleton	TYPO
varners	1	singleton	TYPO
varns	1	singleton	TYPO
vasel	1	singleton	TYPO
vatters	1	singleton	TYPO
vaval	1	singleton	TYPO
vecere	1	singleton	NAMELIKE
veek	1	singleton	TYPO
veeser	1	singleton	NAMELIKE
veis	1	singleton	TYPO
velco	1	singleton	TYPO
velerie	1	singleton	TYPO
velev	1	singleton	TYPO
velicity	1	singleton	TYPO
veney	1	singleton	NAMELIKE
verbank	1	singleton	FRAGMENT
verch	1	singleton	TYPO
verginia	1	singleton	TYPO
veril	1	singleton	TYPO
verlene	1	singleton	NAMELIKE
vernee	1	singleton	TYPO
verree	1	singleton	NAMELIKE
versluys	1	singleton	NAMELIKE
vertice	1	singleton	TYPO
vertis	1	singleton	NAMELIKE
vesser	1	singleton	TYPO
veton	1	singleton	TYPO
vible	1	singleton	TYPO
videau	1	singleton	GARBLE
vierk	1	singleton	NAMELIKE
vigh	1	singleton	TYPO
villag	1	singleton	TYPO
vinsons	1	singleton	TYPO
vinston	1	singleton	TYPO
virgia	1	singleton	TYPO
viscaino	1	singleton	NAMELIKE
visger	1	singleton	TYPO
visher	1	singleton	TYPO
visk	1	singleton	TYPO
vivs	1	singleton	TYPO
vogelgesang	1	singleton	NAMELIKE
volling	1	singleton	TYPO
vonada	1	singleton	NAMELIKE
voner	1	singleton	TYPO
vonie	1	singleton	NAMELIKE
vonner	1	singleton	TYPO
vonsen	1	singleton	NAMELIKE
vonte	1	singleton	TYPO
vorice	1	singleton	TYPO
vosti	1	singleton	NAMELIKE
voute	1	singleton	TYPO
voves	1	singleton	TYPO
vranas	1	singleton	NAMELIKE
vuu	1	singleton	TYPO
wacm	1	singleton	TYPO
wact	1	singleton	TYPO
waddie	1	singleton	TYPO
wagn	1	singleton	TYPO
waic	1	singleton	TYPO
waids	1	singleton	TYPO
waiea	1	singleton	GARBLE
waiv	1	singleton	TYPO
walber	1	singleton	TYPO
waldens	1	singleton	TYPO
walf	1	singleton	TYPO
walgren	1	singleton	NAMELIKE
walier	1	singleton	TYPO
walmerado	1	singleton	NAMELIKE
walten	1	singleton	TYPO
walthal	1	singleton	TYPO
wamboldt	1	singleton	NAMELIKE
wamer	1	singleton	TYPO
wanser	1	singleton	TYPO
wapama	1	singleton	NAMELIKE
waple	1	singleton	TYPO
warbass	1	singleton	NAMELIKE
warfa	1	singleton	FRAGMENT
warke	1	singleton	TYPO
warkins	1	singleton	TYPO
warnerville	1	singleton	NAMELIKE
warshauer	1	singleton	NAMELIKE
warv	1	singleton	TYPO
wasb	1	singleton	TYPO
wasdin	1	singleton	NAMELIKE
washingto	1	singleton	TYPO
waterbox	1	singleton	NAMELIKE
watermarke	1	singleton	TYPO
watk	1	singleton	TYPO
watne	1	singleton	TYPO
wattis	1	singleton	TYPO
wauc	1	singleton	TYPO
waukell	1	singleton	NAMELIKE
waus	1	singleton	TYPO
wavel	1	singleton	TYPO
wayc	1	singleton	TYPO
wbbd	1	singleton	GARBLE
wbes	1	singleton	TYPO
wble	1	singleton	TYPO
wbob	1	singleton	TYPO
wced	1	singleton	TYPO
wcht	1	singleton	GARBLE
wcty	1	singleton	GARBLE
wdce	1	singleton	NAMELIKE
wdee	1	singleton	TYPO
wdex	1	singleton	TYPO
wdse	1	singleton	TYPO
wedde	1	singleton	TYPO
wedy	1	singleton	TYPO
wefer	1	singleton	TYPO
wegal	1	singleton	TYPO
wehs	1	singleton	TYPO
weidert	1	singleton	NAMELIKE
weith	1	singleton	TYPO
welb	1	singleton	TYPO
welchs	1	singleton	TYPO
wellock	1	singleton	TYPO
welm	1	singleton	TYPO
welson	1	singleton	TYPO
welu	1	singleton	TYPO
welw	1	singleton	TYPO
wemer	1	singleton	TYPO
wenas	1	singleton	NAMELIKE
wenee	1	singleton	TYPO
wenzell	1	singleton	TYPO
weot	1	singleton	TYPO
werdel	1	singleton	NAMELIKE
werkman	1	singleton	TYPO
werme	1	singleton	TYPO
wermes	1	singleton	TYPO
werning	1	singleton	TYPO
wersching	1	singleton	NAMELIKE
werve	1	singleton	TYPO
wesses	1	singleton	TYPO
wesston	1	singleton	TYPO
westl	1	singleton	TYPO
westlawn	1	singleton	NAMELIKE
wewer	1	singleton	TYPO
wext	1	singleton	TYPO
weys	1	singleton	TYPO
wezk	1	singleton	TYPO
wezy	1	singleton	TYPO
whallon	1	singleton	NAMELIKE
whatco	1	singleton	NAMELIKE
whco	1	singleton	TYPO
whec	1	singleton	TYPO
wheeland	1	singleton	NAMELIKE
whep	1	singleton	TYPO
whez	1	singleton	TYPO
whitthorne	1	singleton	NAMELIKE
whmi	1	singleton	TYPO
whvn	1	singleton	TYPO
wial	1	singleton	TYPO
wiam	1	singleton	TYPO
wibg	1	singleton	TYPO
wicd	1	singleton	TYPO
wickware	1	singleton	NAMELIKE
wicn	1	singleton	TYPO
widenmann	1	singleton	NAMELIKE
widlife	1	singleton	TYPO
wieew	1	singleton	NAMELIKE
wieme	1	singleton	NAMELIKE
wietzel	1	singleton	NAMELIKE
wiggenhorn	1	singleton	NAMELIKE
wihn	1	singleton	TYPO
wiita	1	singleton	NAMELIKE
wilbar	1	singleton	TYPO
wilc	1	singleton	TYPO
wilhelmenia	1	singleton	NAMELIKE
willaura	1	singleton	NAMELIKE
willene	1	singleton	NAMELIKE
williaw	1	singleton	TYPO
williom	1	singleton	TYPO
wilmin	1	singleton	FRAGMENT
wilow	1	singleton	TYPO
wilse	1	singleton	TYPO
winber	1	singleton	TYPO
winedale	1	singleton	NAMELIKE
winet	1	singleton	TYPO
winnibulli	1	singleton	NAMELIKE
winv	1	singleton	TYPO
wiot	1	singleton	TYPO
wishon	1	singleton	NAMELIKE
wison	1	singleton	TYPO
witke	1	singleton	TYPO
witmore	1	singleton	TYPO
witners	1	singleton	TYPO
witsoe	1	singleton	NAMELIKE
wium	1	singleton	TYPO
wked	1	singleton	TYPO
wkic	1	singleton	TYPO
wlag	1	singleton	TYPO
wlar	1	singleton	TYPO
wlay	1	singleton	TYPO
wlec	1	singleton	TYPO
wled	1	singleton	TYPO
wlet	1	singleton	TYPO
wlic	1	singleton	TYPO
wlln	1	singleton	GARBLE
wman	1	singleton	TYPO
wmed	1	singleton	TYPO
wmet	1	singleton	TYPO
wmie	1	singleton	TYPO
wmme	1	singleton	TYPO
wmne	1	singleton	TYPO
wmwk	1	singleton	GARBLE
wnak	1	singleton	TYPO
wnan	1	singleton	TYPO
wnea	1	singleton	TYPO
wnec	1	singleton	TYPO
wneo	1	singleton	TYPO
wnes	1	singleton	TYPO
wngz	1	singleton	GARBLE
wnin	1	singleton	TYPO
wnle	1	singleton	TYPO
wnne	1	singleton	TYPO
wnnn	1	singleton	TYPO
wnow	1	singleton	TYPO
wnpt	1	singleton	TYPO
wnsh	1	singleton	TYPO
wnuz	1	singleton	NAMELIKE
wnys	1	singleton	TYPO
woas	1	singleton	TYPO
woay	1	singleton	TYPO
woca	1	singleton	TYPO
woch	1	singleton	TYPO
wohelo	1	singleton	NAMELIKE
wokm	1	singleton	TYPO
wolfcreek	1	singleton	NAMELIKE
wollner	1	singleton	NAMELIKE
wona	1	singleton	TYPO
wonn	1	singleton	TYPO
wonw	1	singleton	TYPO
woodglen	1	singleton	NAMELIKE
woodminster	1	singleton	NAMELIKE
woor	1	singleton	TYPO
worten	1	singleton	TYPO
wotto	1	singleton	TYPO
wour	1	singleton	TYPO
wowd	1	singleton	TYPO
wowe	1	singleton	TYPO
wowl	1	singleton	TYPO
wpat	1	singleton	TYPO
wpen	1	singleton	TYPO
wpum	1	singleton	TYPO
wranch	1	singleton	TYPO
wrapes	1	singleton	TYPO
wree	1	singleton	TYPO
wrege	1	singleton	NAMELIKE
wret	1	singleton	TYPO
wrgc	1	singleton	TYPO
wrie	1	singleton	TYPO
wrol	1	singleton	TYPO
wrow	1	singleton	TYPO
wrus	1	singleton	TYPO
wsne	1	singleton	TYPO
wsts	1	singleton	TYPO
wstu	1	singleton	TYPO
wtai	1	singleton	TYPO
wtam	1	singleton	TYPO
wtom	1	singleton	TYPO
wtte	1	singleton	TYPO
wtto	1	singleton	TYPO
wtur	1	singleton	TYPO
wuat	1	singleton	TYPO
wube	1	singleton	TYPO
wuerz	1	singleton	NAMELIKE
wuic	1	singleton	TYPO
wune	1	singleton	TYPO
wuom	1	singleton	TYPO
wutc	1	singleton	TYPO
wver	1	singleton	TYPO
wvol	1	singleton	TYPO
wwee	1	singleton	TYPO
wwns	1	singleton	TYPO
wwnt	1	singleton	TYPO
wwon	1	singleton	TYPO
wwwy	1	singleton	TYPO
wyben	1	singleton	NAMELIKE
wyht	1	singleton	GARBLE
wymes	1	singleton	NAMELIKE
wytv	1	singleton	GARBLE
wzon	1	singleton	TYPO
xalo	1	singleton	TYPO
xane	1	singleton	TYPO
xiah	1	singleton	TYPO
xxz	1	singleton	TYPO
xzorion	1	singleton	NAMELIKE
yajome	1	singleton	NAMELIKE
yamily	1	singleton	TYPO
yaney	1	singleton	TYPO
yanty	1	singleton	TYPO
yath	1	singleton	TYPO
yeany	1	singleton	NAMELIKE
yeaw	1	singleton	TYPO
yeek	1	singleton	TYPO
yenis	1	singleton	TYPO
yeny	1	singleton	TYPO
yettem	1	singleton	NAMELIKE
yhap	1	singleton	TYPO
yina	1	singleton	TYPO
ynes	1	singleton	TYPO
ynot	1	singleton	TYPO
yoana	1	singleton	TYPO
yokaya	1	singleton	NAMELIKE
yokayo	1	singleton	NAMELIKE
yokohl	1	singleton	NAMELIKE
yokom	1	singleton	TYPO
yolan	1	singleton	TYPO
yonn	1	singleton	TYPO
yoos	1	singleton	TYPO
yoran	1	singleton	TYPO
yountz	1	singleton	NAMELIKE
youst	1	singleton	TYPO
youte	1	singleton	TYPO
yri	1	singleton	TYPO
yuly	1	singleton	TYPO
yunk	1	singleton	TYPO
yunt	1	singleton	TYPO
yuren	1	singleton	TYPO
yuts	1	singleton	TYPO
zachy	1	singleton	TYPO
zage	1	singleton	TYPO
zaiter	1	singleton	TYPO
zalvidea	1	singleton	NAMELIKE
zarena	1	singleton	TYPO
zarie	1	singleton	TYPO
zean	1	singleton	TYPO
zelley	1	singleton	TYPO
zennon	1	singleton	TYPO
zerger	1	singleton	TYPO
zess	1	singleton	TYPO
zeyn	1	singleton	TYPO
ziver	1	singleton	TYPO
zlac	1	singleton	TYPO
zold	1	singleton	TYPO
zotti	1	singleton	TYPO
zully	1	singleton	TYPO
zupon	1	singleton	TYPO
zust	1	singleton	TYPO
