vol	page	tier	kind	margin_words	head	tail	joined	margin_text
production-1861	100	HYPHEN	blankgap	0	cal	averas	calaveras	
production-1861	11	HYPHEN	blankgap	0	prop	erty	property	
production-1861	113	HYPHEN	margin	13	preced	e	precede	the day on which the same shall be due stating at what of
production-1861	12	HYPHEN	blankgap	0	incorpo	rate	incorporate	
production-1861	130	HYPHEN	blankgap	0	gov	ernor	governor	
production-1861	130	HYPHEN	blankgap	0	re	spectively	respectively	
production-1861	131	HYPHEN	margin	2	appro	priated	appropriated	ppropria n
production-1861	133	HYPHEN	blankgap	0	con	tinue	continue	
production-1861	138	HYPHEN	blankgap	0	supervi	sors	supervisors	
production-1861	14	HYPHEN	blankgap	0	indebt	edness	indebtedness	
production-1861	162	HYPHEN	blankgap	0	prop	erty	property	
production-1861	172	HYPHEN	blankgap	0	per	fecting	perfecting	
production-1861	19	NOHYPHEN	blankgap	0	compen	sation	compensation	
production-1861	200	HYPHEN	blankgap	0	com	pletion	completion	
production-1861	207	HYPHEN	margin	9	treasu	re	treasure	said counties respectively in the same manner as tho
production-1861	217	HYPHEN	margin	13	supervis	ing	supervising	county ors of said county to redistrict the county at their regular meot
production-1861	22	HYPHEN	blankgap	0	con	cerning	concerning	
production-1861	220	HYPHEN	blankgap	0	treas	urer	treasurer	
production-1861	222	HYPHEN	blankgap	0	con	veyed	conveyed	
production-1861	223	HYPHEN	blankgap	0	thirti	eth	thirtieth	
production-1861	226	HYPHEN	margin	20	per	ceive	perceive	form such other duties as the court may direct | Sec Said Commissioners in Equity shall be entitled to re yee
production-1861	226	HYPHEN	blankgap	0	re	quired	required	
production-1861	241	HYPHEN	margin	11	de	tached	detached	sign to defraud or delay creditors which affidavit shall be at
production-1861	248	HYPHEN	blankgap	0	appro	priated	appropriated	
production-1861	25	HYPHEN	blankgap	0	siski	you	siskiyou	
production-1861	291	HYPHEN	blankgap	0	ren	dered	rendered	
production-1861	295	HYPHEN	blankgap	0	as	sembly	assembly	
production-1861	315	HYPHEN	blankgap	0	im	provements	improvements	
production-1861	315	HYPHEN	blankgap	0	so	ciety	society	
production-1861	322	HYPHEN	blankgap	0	com	pensation	compensation	
production-1861	340	HYPHEN	blankgap	0	con	tingent	contingent	
production-1861	351	HYPHEN	blankgap	0	amend	atory	amendatory	
production-1861	376	HYPHEN	blankgap	0	arti	ficer	artificer	
production-1861	391	HYPHEN	blankgap	0	recog	nizance	recognizance	
production-1861	398	HYPHEN	blankgap	0	segre	gation	segregation	
production-1861	414	NOHYPHEN	margin	1	empow	ered	empowered	execnte
production-1861	425	HYPHEN	blankgap	0	as	sembly	assembly	
production-1861	425	HYPHEN	blankgap	0	commenc	ing	commencing	
production-1861	441	HYPHEN	blankgap	0	discon	tinued	discontinued	
production-1861	450	HYPHEN	blankgap	0	as	sembly	assembly	
production-1861	48	HYPHEN	blankgap	0	set	tlement	settlement	
production-1861	502	HYPHEN	blankgap	0	col	lected	collected	
production-1861	507	HYPHEN	margin	12	re	ceive	receive	corder by Jaw are reqnired to collect or are authorized to re
production-1861	510	HYPHEN	blankgap	0	ex	piration	expiration	
production-1861	518	HYPHEN	blankgap	0	con	cerning	concerning	
production-1861	527	HYPHEN	blankgap	0	men	tioned	mentioned	
production-1861	528	HYPHEN	blankgap	0	adminis	tratrix	administratrix	
production-1861	536	HYPHEN	margin	25	man	urer	manurer	ner as those that may be redeemed and an account of all the | bonds redeemed or paid shall be kept by the Auditor and Treas
production-1861	540	HYPHEN	blankgap	0	as	sembly	assembly	
production-1861	547	HYPHEN	margin	12	con	gregate	congregate	tract or create any debts or liabilities which shall in the ag
production-1861	549	HYPHEN	blankgap	0	prop	erty	property	
production-1861	551	HYPHEN	blankgap	0	as	sembly	assembly	
production-1861	551	HYPHEN	blankgap	0	incor	porated	incorporated	
production-1861	562	HYPHEN	blankgap	0	prop	erty	property	
production-1861	566	HYPHEN	blankgap	0	legisla	ture	legislature	
production-1861	568	HYPHEN	blankgap	0	treas	urer	treasurer	
production-1861	570	HYPHEN	blankgap	0	su	pervisors	supervisors	
production-1861	571	HYPHEN	blankgap	0	as	sembly	assembly	
production-1861	589	HYPHEN	margin	25	im	provements	improvements	petition prove the samo when the Board of Supervisors shall order the | same to be done after notice of their intention to make such im
production-1861	592	HYPHEN	blankgap	0	depu	ties	deputies	
production-1861	592	HYPHEN	blankgap	0	con	ferred	conferred	
production-1861	593	HYPHEN	margin	2	val	uation	valuation	ebt Fand
production-1861	643	HYPHEN	blankgap	0	cap	itol	capitol	
production-1861	648	HYPHEN	blankgap	0	en	larged	enlarged	
production-1861	654	HYPHEN	blankgap	0	con	venient	convenient	
production-1861	655	HYPHEN	blankgap	0	com	pliance	compliance	
production-1861	66	HYPHEN	blankgap	0	com	pensation	compensation	
production-1861	676	HYPHEN	blankgap	0	acknowledg	ments	acknowledgments	
production-1861	677	HYPHEN	margin	14	per	ceive	perceive	sons any two of whom may act and who shall be entitled to re
production-1861	682	HYPHEN	blankgap	0	no	tices	notices	
production-1861	685	HYPHEN	margin	14	re	pelled	repelled	fuse to make a sale under the order of sale he muy be com
production-1861	685	HYPHEN	blankgap	0	com	pelled	compelled	
production-1861	70	HYPHEN	margin	24	reg	istered	registered	ister and indorse the same as required by luw and said warrant | or warrants shall be redeemed in the same manner as other reg
production-1861	707	HYPHEN	blankgap	0	ju	risdiction	jurisdiction	
production-1861	724	HYPHEN	blankgap	0	indis	pensable	indispensable	
production-1861	724	HYPHEN	blankgap	0	obliga	tion	obligation	
production-1861	725	HYPHEN	blankgap	0	repre	sentatives	representatives	
production-1861	726	HYPHEN	blankgap	0	re	spective	respective	
production-1861	8	HYPHEN	blankgap	0	supplemen	tary	supplementary	
production-1861	81	HYPHEN	blankgap	0	immedi	ately	immediately	
production-1861	86	HYPHEN	blankgap	0	feb	ruary	february	
production-1862	114	HYPHEN	blankgap	0	set	tlements	settlements	
production-1862	131	HYPHEN	blankgap	0	commis	sioners	commissioners	
production-1862	160	HYPHEN	margin	13	con	ceptions	conceptions	vey the same in the same manner and form with the sume ex
production-1862	171	HYPHEN	blankgap	0	sup	plemental	supplemental	
production-1862	174	HYPHEN	blankgap	0	tiche	nor	tichenor	
production-1862	187	HYPHEN	margin	24	sub	stantial	substantial	scribed for and from time to timo cause the same to be proporl | arranged and bound in volumes of convenient size in a snb
production-1862	187	HYPHEN	blankgap	0	suc	cessful	successful	
production-1862	202	HYPHEN	blankgap	0	ficti	tious	fictitious	
production-1862	207	HYPHEN	margin	23	de	pletion	depletion	termine not cast of Leavenworth street und to levy and collect | such tolls thereat as may be reasonable and just until tho com
production-1862	211	HYPHEN	blankgap	0	dis	trict	district	
production-1862	249	HYPHEN	blankgap	0	preced	ing	preceding	
production-1862	258	HYPHEN	blankgap	0	ber	nardino	bernardino	
production-1862	264	HYPHEN	blankgap	0	attor	ney	attorney	
production-1862	268	HYPHEN	blankgap	0	propo	sition	proposition	
production-1862	270	HYPHEN	blankgap	0	compensa	tion	compensation	
production-1862	299	HYPHEN	blankgap	0	con	cerning	concerning	
production-1862	30	HYPHEN	blankgap	0	pro	ceedings	proceedings	
production-1862	300	HYPHEN	blankgap	0	amend	atory	amendatory	
production-1862	304	HYPHEN	blankgap	0	su	pervisors	supervisors	
production-1862	333	HYPHEN	blankgap	0	jan	uary	january	
production-1862	335	HYPHEN	margin	20	re	ceiving	receiving	ceived transmitted or delivered unless the charges thereon | shall have been paid or tendered nor to require the sending re
production-1862	347	HYPHEN	blankgap	0	pros	ecute	prosecute	
production-1862	396	HYPHEN	margin	12	prop	erty	property	Provie Orty provided that the Sheriff or Marshal in solling said prop
production-1862	399	HYPHEN	margin	24	re	lishing	relishing	sponsiblo bidder utter ten days notice given by posting the | same in three of the most public places in tho city or by pub
production-1862	406	HYPHEN	margin	24	treas	urer	treasurer	uror of suid county and his receipt takon thorefor aud tiled by | the Clerk of the Board of Supervisors in his office The Treas
production-1862	431	HYPHEN	blankgap	0	acknowl	edged	acknowledged	
production-1862	451	HYPHEN	blankgap	0	in	debtedness	indebtedness	
production-1862	481	HYPHEN	blankgap	0	cor	porations	corporations	
production-1862	485	HYPHEN	blankgap	0	denomina	tion	denomination	
production-1862	502	HYPHEN	blankgap	0	cer	tificate	certificate	
production-1862	505	HYPHEN	blankgap	0	rev	enue	revenue	
production-1862	515	HYPHEN	blankgap	0	com	pleting	completing	
production-1862	528	HYPHEN	margin	11	acknowl	edgments	acknowledgments	edvud by him heforo an officer authorized to take the acknowl
production-1862	552	HYPHEN	blankgap	0	accom	modate	accommodate	
production-1862	57	HYPHEN	blankgap	0	expira	tion	expiration	
production-1862	579	HYPHEN	blankgap	0	men	tioned	mentioned	
production-1862	584	HYPHEN	margin	24	col	lecting	collecting	lection of tuxcs on consigned goods nor to repeal or affect the | laws heretofore or now in force in rogard to issuing or col
production-1862	592	HYPHEN	blankgap	0	in	terest	interest	
production-1862	600	HYPHEN	blankgap	0	deficien	cies	deficiencies	
production-1862	602	HYPHEN	margin	12	appro	priated	appropriated	atious priated out of any money in the Treasury not otherwise appro
production-1862	618	HYPHEN	blankgap	0	transporta	tion	transportation	
production-1862	621	HYPHEN	blankgap	0	inhabi	tants	inhabitants	
production-1862	63	HYPHEN	blankgap	0	con	cerning	concerning	
production-1862	645	HYPHEN	blankgap	0	dis	trict	district	
production-1862	91	HYPHEN	blankgap	0	feb	ruary	february	
production-1863	107	HYPHEN	margin	15	col	lected	collected	Iected for foreign miners licenses | Phird The amount paid to said Treasurer for money col
production-1863	126	HYPHEN	blankgap	0	discre	tion	discretion	
production-1863	126	HYPHEN	blankgap	0	im	plements	implements	
production-1863	126	HYPHEN	blankgap	0	ordi	nances	ordinances	
production-1863	141	HYPHEN	blankgap	0	su	perintendent	superintendent	
production-1863	160	HYPHEN	blankgap	0	pro	tection	protection	
production-1863	200	HYPHEN	blankgap	0	treas	urer	treasurer	
production-1863	212	HYPHEN	blankgap	0	commis	sioners	commissioners	
production-1863	229	HYPHEN	margin	22	man	urer	manurer	ner that the same can be removed without mutilation to the | bond Said coupons shall exch be signed by the Mayor Treas
production-1863	243	HYPHEN	blankgap	0	con	ditions	conditions	
production-1863	275	HYPHEN	blankgap	0	prop	erty	property	
production-1863	290	HYPHEN	blankgap	0	obstruc	tion	obstruction	
production-1863	315	HYPHEN	blankgap	0	pro	prietor	proprietor	
production-1863	315	HYPHEN	blankgap	0	con	trary	contrary	
production-1863	330	HYPHEN	blankgap	0	treas	urer	treasurer	
production-1863	338	HYPHEN	blankgap	0	prop	erty	property	
production-1863	338	HYPHEN	blankgap	0	inhabi	tants	inhabitants	
production-1863	344	HYPHEN	blankgap	0	ex	ceeding	exceeding	
production-1863	369	HYPHEN	blankgap	0	adminis	trator	administrator	
production-1863	370	HYPHEN	blankgap	0	ryck	man	ryckman	
production-1863	410	HYPHEN	blankgap	0	prop	erty	property	
production-1863	426	HYPHEN	blankgap	0	estimat	ing	estimating	
production-1863	429	HYPHEN	blankgap	0	treas	urer	treasurer	
production-1863	446	HYPHEN	blankgap	0	re	fusal	refusal	
production-1863	467	HYPHEN	blankgap	0	com	petent	competent	
production-1863	471	HYPHEN	blankgap	0	men	tioned	mentioned	
production-1863	475	HYPHEN	margin	12	con	cordance	concordance	tract and all contracts for that purpose shal be made in ac
production-1863	504	HYPHEN	blankgap	0	sup	plementary	supplementary	
production-1863	504	HYPHEN	blankgap	0	con	flict	conflict	
production-1863	504	HYPHEN	blankgap	0	organi	zation	organization	
production-1863	516	HYPHEN	blankgap	0	treas	urer	treasurer	
production-1863	526	HYPHEN	blankgap	0	prop	erty	property	
production-1863	529	HYPHEN	blankgap	0	com	pleted	completed	
production-1863	529	HYPHEN	blankgap	0	commis	sioners	commissioners	
production-1863	529	HYPHEN	blankgap	0	commis	sioners	commissioners	
production-1863	531	HYPHEN	blankgap	0	dis	trict	district	
production-1863	545	HYPHEN	blankgap	0	pre	viously	previously	
production-1863	573	HYPHEN	blankgap	0	per	quisites	perquisites	
production-1863	573	HYPHEN	blankgap	0	pris	oners	prisoners	
production-1863	573	HYPHEN	blankgap	0	dep	uties	deputies	
production-1863	579	HYPHEN	margin	12	ac	tioned	actioned	and Audit count accrued during any period for which the estimate men
production-1863	588	HYPHEN	blankgap	0	compen	sation	compensation	
production-1863	591	HYPHEN	blankgap	0	ter	minates	terminates	
production-1863	596	HYPHEN	blankgap	0	discontinu	ance	discontinuance	
production-1863	605	HYPHEN	blankgap	0	ac	cordance	accordance	
production-1863	634	HYPHEN	margin	22	appro	priated	appropriated	dollars and fifty cents is hereby appropriated out of any monoy | in tho General Fund in the Stato Treasury not otherwise appro
production-1863	669	HYPHEN	blankgap	0	treas	urer	treasurer	
production-1863	680	HYPHEN	blankgap	0	exam	iners	examiners	
production-1863	701	HYPHEN	blankgap	0	re	quired	required	
production-1863	704	HYPHEN	blankgap	0	ren	dered	rendered	
production-1863	721	HYPHEN	blankgap	0	prin	cipal	principal	
production-1863	735	HYPHEN	blankgap	0	con	stitution	constitution	
production-1863	74	HYPHEN	blankgap	0	ex	ecution	execution	
production-1863	766	HYPHEN	blankgap	0	con	cerning	concerning	
production-1863	769	HYPHEN	blankgap	0	prop	erty	property	
production-1863	788	HYPHEN	blankgap	0	pro	ceeding	proceeding	
production-1863	794	HYPHEN	blankgap	0	reg	ulation	regulation	
production-1863	811	HYPHEN	blankgap	0	con	cealed	concealed	
production-1863	843	NOHYPHEN	margin	4	machiy	a	machiya	Rpeaker of the Assembly
production-1863	97	HYPHEN	blankgap	0	prop	erty	property	
production-1863-64	108	HYPHEN	blankgap	0	authoriz	ing	authorizing	
production-1863-64	160	HYPHEN	blankgap	0	misde	meanor	misdemeanor	
production-1863-64	172	HYPHEN	blankgap	0	imme	diately	immediately	
production-1863-64	190	HYPHEN	blankgap	0	expendi	tures	expenditures	
production-1863-64	202	HYPHEN	blankgap	0	asso	ciates	associates	
production-1863-64	222	HYPHEN	blankgap	0	im	provements	improvements	
production-1863-64	224	HYPHEN	blankgap	0	col	lecting	collecting	
production-1863-64	233	HYPHEN	blankgap	0	superin	tendent	superintendent	
production-1863-64	234	HYPHEN	blankgap	0	dis	trict	district	
production-1863-64	239	HYPHEN	blankgap	0	con	formity	conformity	
production-1863-64	239	HYPHEN	blankgap	0	com	pletion	completion	
production-1863-64	247	HYPHEN	margin	12	ex	aminers	examiners	empted from the provisions of an Act creating a Board of Ex
production-1863-64	248	HYPHEN	blankgap	0	incor	porate	incorporate	
production-1863-64	265	HYPHEN	blankgap	0	com	mencement	commencement	
production-1863-64	267	HYPHEN	blankgap	0	attor	ney	attorney	
production-1863-64	267	HYPHEN	blankgap	0	dis	trict	district	
production-1863-64	267	HYPHEN	blankgap	0	com	menced	commenced	
production-1863-64	285	HYPHEN	blankgap	0	com	pletion	completion	
production-1863-64	285	HYPHEN	blankgap	0	su	pervisors	supervisors	
production-1863-64	285	HYPHEN	blankgap	0	men	tioned	mentioned	
production-1863-64	285	HYPHEN	blankgap	0	ex	penses	expenses	
production-1863-64	311	HYPHEN	blankgap	0	tuol	umne	tuolumne	
production-1863-64	314	HYPHEN	blankgap	0	dis	trict	district	
production-1863-64	314	HYPHEN	margin	24	con	gregate	congregate	troller to draw his warrants on the State Treasurer payable | out of the Fund of such district to an aniount equal in the ag
production-1863-64	320	HYPHEN	blankgap	0	unauthor	ized	unauthorized	
production-1863-64	321	HYPHEN	blankgap	0	feb	ruary	february	
production-1863-64	342	HYPHEN	blankgap	0	col	lected	collected	
production-1863-64	360	HYPHEN	blankgap	0	chargea	ble	chargeable	
production-1863-64	369	HYPHEN	blankgap	0	cir	culation	circulation	
production-1863-64	372	HYPHEN	blankgap	0	as	sociates	associates	
production-1863-64	383	HYPHEN	blankgap	0	sub	poenas	subpoenas	
production-1863-64	395	HYPHEN	margin	12	col	lected	collected	lection of the annual tax herein directed to be levied and col
production-1863-64	406	HYPHEN	blankgap	0	supervi	sor	supervisor	
production-1863-64	417	HYPHEN	margin	28	men	tioned	mentioned	forim oned in section one of this Act or their duly authorized A gents | Provemen may petition the said City Council to order any of the work men
production-1863-64	420	HYPHEN	margin	12	de	formity	deformity	cision shall be given by said Council on appeal then in con
production-1863-64	424	HYPHEN	blankgap	0	con	tracted	contracted	
production-1863-64	428	HYPHEN	blankgap	0	exhibi	tion	exhibition	
production-1863-64	438	HYPHEN	blankgap	0	asso	ciates	associates	
production-1863-64	446	HYPHEN	margin	21	de	sition	desition	gree of kindred to the intestate otherwise according to the | right of representation and in the absence of both such dispo
production-1863-64	456	HYPHEN	blankgap	0	pe	tition	petition	
production-1863-64	461	HYPHEN	blankgap	0	sac	ramento	sacramento	
production-1863-64	467	HYPHEN	margin	1	supervi	sors	supervisors	iption
production-1863-64	47	HYPHEN	blankgap	0	inhab	itants	inhabitants	
production-1863-64	487	HYPHEN	margin	13	pub	lication	publication	lished for two weeks previous to the day of sale the first pub
production-1863-64	488	HYPHEN	blankgap	0	mac	adamized	macadamized	
production-1863-64	498	HYPHEN	margin	13	appropria	tion	appropriation	of the Senate and Assembly shall be disbursed under the direc fons sxemt
production-1863-64	51	HYPHEN	blankgap	0	be	havior	behavior	
production-1863-64	518	HYPHEN	blankgap	0	con	sidered	considered	
production-1863-64	532	HYPHEN	margin	11	appro	priated	appropriated	this Act the sum of eighty thousand dollars is hereby appro
production-1863-64	559	HYPHEN	blankgap	0	men	docino	mendocino	
production-1863-64	566	HYPHEN	blankgap	0	dis	trict	district	
production-1863-64	576	HYPHEN	blankgap	0	irregu	larity	irregularity	
production-1863-64	58	HYPHEN	blankgap	0	pun	ishments	punishments	
production-1863-64	599	HYPHEN	blankgap	0	treas	urer	treasurer	
production-1863-64	606	HYPHEN	blankgap	0	exer	cises	exercises	
production-1863-64	624	HYPHEN	blankgap	0	repre	sentative	representative	
production-1863-64	624	HYPHEN	blankgap	0	re	ceive	receive	
production-1863-64	630	HYPHEN	blankgap	0	prac	tically	practically	
production-1863-64	634	HYPHEN	blankgap	0	pro	clamation	proclamation	
production-1863-64	638	HYPHEN	blankgap	0	ser	vants	servants	
production-1863-64	643	HYPHEN	blankgap	0	mon	terey	monterey	
production-1863-64	84	HYPHEN	blankgap	0	con	stitution	constitution	
production-1865-66	107	HYPHEN	blankgap	0	com	petent	competent	
production-1865-66	130	HYPHEN	blankgap	0	main	tenance	maintenance	
production-1865-66	158	HYPHEN	blankgap	0	conve	nience	convenience	
production-1865-66	16	HYPHEN	blankgap	0	ju	dicial	judicial	
production-1865-66	187	HYPHEN	blankgap	0	reg	ulations	regulations	
production-1865-66	19	HYPHEN	blankgap	0	siski	you	siskiyou	
production-1865-66	199	HYPHEN	blankgap	0	col	lected	collected	
production-1865-66	201	HYPHEN	blankgap	0	condi	tioned	conditioned	
production-1865-66	219	HYPHEN	blankgap	0	com	mencing	commencing	
production-1865-66	22	HYPHEN	blankgap	0	sup	plementary	supplementary	
production-1865-66	230	NOHYPHEN	blankgap	0	supervi	sors	supervisors	
production-1865-66	230	HYPHEN	blankgap	0	treas	urer	treasurer	
production-1865-66	231	HYPHEN	blankgap	0	hun	dredths	hundredths	
production-1865-66	24	HYPHEN	blankgap	0	organi	zation	organization	
production-1865-66	24	HYPHEN	blankgap	0	tuol	umne	tuolumne	
production-1865-66	259	HYPHEN	blankgap	0	sur	veyor	surveyor	
production-1865-66	262	HYPHEN	blankgap	0	cur	rency	currency	
production-1865-66	267	HYPHEN	blankgap	0	pro	ceedings	proceedings	
production-1865-66	269	HYPHEN	blankgap	0	propor	tion	proportion	
production-1865-66	276	HYPHEN	blankgap	0	notwith	standing	notwithstanding	
production-1865-66	322	HYPHEN	blankgap	0	confir	mation	confirmation	
production-1865-66	325	HYPHEN	blankgap	0	con	ditions	conditions	
production-1865-66	343	HYPHEN	blankgap	0	com	pleted	completed	
production-1865-66	402	HYPHEN	blankgap	0	treas	urer	treasurer	
production-1865-66	408	HYPHEN	blankgap	0	dis	trict	district	
production-1865-66	427	HYPHEN	blankgap	0	treas	urer	treasurer	
production-1865-66	432	HYPHEN	blankgap	0	col	lected	collected	
production-1865-66	436	HYPHEN	margin	10	incorpora	tion	incorporation	become incorporated under the general laws and its Constitu theety
production-1865-66	497	HYPHEN	blankgap	0	dis	trict	district	
production-1865-66	497	HYPHEN	blankgap	0	cer	tify	certify	
production-1865-66	501	HYPHEN	blankgap	0	com	petent	competent	
production-1865-66	508	HYPHEN	blankgap	0	convic	tion	conviction	
production-1865-66	547	HYPHEN	blankgap	0	par	ticular	particular	
production-1865-66	547	HYPHEN	blankgap	0	adver	tising	advertising	
production-1865-66	557	HYPHEN	blankgap	0	cor	porate	corporate	
production-1865-66	557	HYPHEN	margin	10	con	stitute	constitute	ducting their meetings the number of members that shall con
production-1865-66	559	HYPHEN	blankgap	0	col	lectable	collectable	
production-1865-66	586	HYPHEN	blankgap	0	unne	cessary	unnecessary	
production-1865-66	6	HYPHEN	blankgap	0	incorpo	ration	incorporation	
production-1865-66	603	HYPHEN	blankgap	0	jan	uary	january	
production-1865-66	631	HYPHEN	blankgap	0	dis	tricts	districts	
production-1865-66	635	HYPHEN	blankgap	0	qualifica	tion	qualification	
production-1865-66	64	HYPHEN	blankgap	0	pro	tection	protection	
production-1865-66	643	HYPHEN	margin	22	pro	ceedings	proceedings	ceed to consider all matters touching the petition for the loca | tion alteration or vacation of any road and all subsequent pro
production-1865-66	643	HYPHEN	blankgap	0	pro	ceedings	proceedings	
production-1865-66	683	HYPHEN	blankgap	0	liquida	tion	liquidation	
production-1865-66	70	HYPHEN	blankgap	0	re	spective	respective	
production-1865-66	705	HYPHEN	blankgap	0	propor	tion	proportion	
production-1865-66	718	HYPHEN	blankgap	0	obli	gations	obligations	
production-1865-66	729	HYPHEN	blankgap	0	con	tinue	continue	
production-1865-66	770	HYPHEN	margin	23	pro	ceeding	proceeding	visions of this Act except as hereinafter provided And in the Redemption | year one thousand eight hundred and seventy six and each suc
production-1865-66	790	HYPHEN	blankgap	0	contro	verted	controverted	
production-1865-66	834	HYPHEN	blankgap	0	divi	dend	dividend	
production-1865-66	840	HYPHEN	blankgap	0	incorpo	rated	incorporated	
production-1865-66	843	HYPHEN	blankgap	0	sol	vency	solvency	
production-1865-66	847	HYPHEN	blankgap	0	prop	osition	proposition	
production-1865-66	859	HYPHEN	blankgap	0	commis	sioners	commissioners	
production-1865-66	877	HYPHEN	blankgap	0	equali	zation	equalization	
production-1865-66	880	HYPHEN	blankgap	0	col	lected	collected	
production-1865-66	887	HYPHEN	blankgap	0	commis	sioners	commissioners	
production-1865-66	89	HYPHEN	blankgap	0	legisla	ture	legislature	
production-1865-66	892	HYPHEN	blankgap	0	com	pensation	compensation	
production-1865-66	912	HYPHEN	blankgap	0	prop	erty	property	
production-1865-66	920	HYPHEN	margin	20	dis	trict	district	provided being presented to them shall transfer all papers and | documents in their possession belonging to that portion of Dis
production-1865-66	922	HYPHEN	margin	22	pro	ferred	proferred	portion as in this Act provided provided further that the sur | plus Hospital Fund of one hospital district shall not be trans
production-1865-66	929	HYPHEN	blankgap	0	asso	ciates	associates	
production-1865-66	931	HYPHEN	blankgap	0	repug	nant	repugnant	
production-1865-66	933	HYPHEN	blankgap	0	attor	neys	attorneys	
production-1865-66	944	HYPHEN	blankgap	0	exam	iners	examiners	
production-1865-66	96	HYPHEN	blankgap	0	dis	trict	district	
production-1865-66	970	HYPHEN	blankgap	0	sur	veyed	surveyed	
production-1865-66	976	HYPHEN	blankgap	0	here	tofore	heretofore	
production-1865-66	985	HYPHEN	margin	12	com	municate	communicate	mittee bave power to send for persons and papers and to com
production-1867-68	114	HYPHEN	blankgap	0	feb	ruary	february	
production-1867-68	165	HYPHEN	blankgap	0	mon	terey	monterey	
production-1867-68	19	HYPHEN	blankgap	0	prop	erty	property	
production-1867-68	220	HYPHEN	blankgap	0	discre	tion	discretion	
production-1867-68	23	HYPHEN	blankgap	0	ber	nardino	bernardino	
production-1867-68	23	HYPHEN	blankgap	0	tuol	umne	tuolumne	
production-1867-68	31	HYPHEN	blankgap	0	mainten	ance	maintenance	
production-1867-68	31	HYPHEN	blankgap	0	commis	sioners	commissioners	
production-1867-68	313	HYPHEN	blankgap	0	treas	urer	treasurer	
production-1867-68	336	HYPHEN	blankgap	0	treas	urer	treasurer	
production-1867-68	336	HYPHEN	blankgap	0	in	terest	interest	
production-1867-68	348	HYPHEN	blankgap	0	asso	ciates	associates	
production-1867-68	349	HYPHEN	blankgap	0	relin	quishment	relinquishment	
production-1867-68	378	HYPHEN	blankgap	0	cer	tify	certify	
production-1867-68	391	HYPHEN	blankgap	0	com	pletion	completion	
production-1867-68	410	HYPHEN	blankgap	0	commis	sioner	commissioner	
production-1867-68	416	HYPHEN	blankgap	0	liabili	ties	liabilities	
production-1867-68	423	HYPHEN	blankgap	0	treas	urer	treasurer	
production-1867-68	425	HYPHEN	blankgap	0	surren	dered	surrendered	
production-1867-68	445	HYPHEN	blankgap	0	conspic	uous	conspicuous	
production-1867-68	445	HYPHEN	blankgap	0	des	ignated	designated	
production-1867-68	487	HYPHEN	blankgap	0	val	uation	valuation	
production-1867-68	489	HYPHEN	blankgap	0	prop	erty	property	
production-1867-68	491	HYPHEN	blankgap	0	dis	bursed	disbursed	
production-1867-68	5	HYPHEN	blankgap	0	in	debtedness	indebtedness	
production-1867-68	503	HYPHEN	blankgap	0	sit	uated	situated	
production-1867-68	539	HYPHEN	blankgap	0	au	thority	authority	
production-1867-68	543	HYPHEN	blankgap	0	com	pleted	completed	
production-1867-68	546	HYPHEN	blankgap	0	gov	ernor	governor	
production-1867-68	574	HYPHEN	margin	12	con	veyed	conveyed	vey to the suid Thomas Edwards the said property by him con
production-1867-68	574	HYPHEN	blankgap	0	con	veyed	conveyed	
production-1867-68	583	HYPHEN	blankgap	0	treas	urer	treasurer	
production-1867-68	583	HYPHEN	blankgap	0	treas	urer	treasurer	
production-1867-68	603	HYPHEN	blankgap	0	empow	ered	empowered	
production-1867-68	676	HYPHEN	blankgap	0	con	flict	conflict	
production-1867-68	684	HYPHEN	blankgap	0	re	ceipt	receipt	
production-1867-68	710	HYPHEN	blankgap	0	re	ceipts	receipts	
production-1867-68	721	HYPHEN	blankgap	0	regis	tering	registering	
production-1867-68	726	HYPHEN	blankgap	0	suc	cessors	successors	
production-1867-68	729	HYPHEN	blankgap	0	asso	ciates	associates	
production-1867-68	732	HYPHEN	blankgap	0	incorpora	tion	incorporation	
production-1867-68	733	HYPHEN	blankgap	0	com	mencing	commencing	
production-1867-68	748	HYPHEN	blankgap	0	treas	urer	treasurer	
production-1867-68	759	HYPHEN	blankgap	0	feb	ruary	february	
production-1867-68	779	HYPHEN	blankgap	0	im	provements	improvements	
production-1867-68	779	HYPHEN	blankgap	0	here	tofore	heretofore	
production-1867-68	780	HYPHEN	blankgap	0	commenc	ing	commencing	
production-1867-68	802	HYPHEN	blankgap	0	prin	cipal	principal	
production-1867-68	805	HYPHEN	margin	22	con	structed	constructed	nected with the condition of affairs here briefly sketched no roads | leading into the section mentioned bave been or could be con
production-1867-68	824	HYPHEN	blankgap	0	res	ervation	reservation	
production-1867-68	824	HYPHEN	blankgap	0	procla	mation	proclamation	
production-1867-68	83	HYPHEN	blankgap	0	prac	ticable	practicable	
production-1869-70	1000	HYPHEN	blankgap	0	particu	larly	particularly	
production-1869-70	179	HYPHEN	margin	2	dis	bursed	disbursed	eep iecoun
production-1869-70	201	HYPHEN	blankgap	0	prop	erty	property	
production-1869-70	208	HYPHEN	blankgap	0	legisla	ture	legislature	
production-1869-70	217	HYPHEN	blankgap	0	discon	tinuance	discontinuance	
production-1869-70	223	HYPHEN	blankgap	0	com	pensation	compensation	
production-1869-70	243	HYPHEN	blankgap	0	admin	istering	administering	
production-1869-70	259	HYPHEN	blankgap	0	adminis	tering	administering	
production-1869-70	295	HYPHEN	blankgap	0	appropria	ting	appropriating	
production-1869-70	314	HYPHEN	blankgap	0	examina	tion	examination	
production-1869-70	358	HYPHEN	margin	12	mokel	umne	mokelumne	umoe River to its junction with the west branch of nid Mokel
production-1869-70	368	HYPHEN	blankgap	0	stan	islaus	stanislaus	
production-1869-70	386	HYPHEN	blankgap	0	con	tinue	continue	
production-1869-70	399	HYPHEN	blankgap	0	prop	erty	property	
production-1869-70	428	HYPHEN	blankgap	0	sepa	rately	separately	
production-1869-70	462	HYPHEN	blankgap	0	prop	erty	property	
production-1869-70	485	HYPHEN	blankgap	0	treas	urer	treasurer	
production-1869-70	494	HYPHEN	blankgap	0	incon	sistent	inconsistent	
production-1869-70	501	HYPHEN	blankgap	0	ren	dered	rendered	
production-1869-70	533	HYPHEN	blankgap	0	prop	erty	property	
production-1869-70	567	HYPHEN	blankgap	0	com	mencing	commencing	
production-1869-70	573	HYPHEN	blankgap	0	reg	ularly	regularly	
production-1869-70	585	HYPHEN	blankgap	0	cer	tificate	certificate	
production-1869-70	729	HYPHEN	blankgap	0	con	firmation	confirmation	
production-1869-70	729	HYPHEN	blankgap	0	aforemen	tioned	aforementioned	
production-1869-70	758	HYPHEN	blankgap	0	cer	tify	certify	
production-1869-70	758	HYPHEN	blankgap	0	col	lected	collected	
production-1869-70	764	HYPHEN	blankgap	0	propo	sition	proposition	
production-1869-70	790	HYPHEN	blankgap	0	ben	eficial	beneficial	
production-1869-70	810	HYPHEN	margin	12	col	lected	collected	lector one per centum on the amount of taxes levied and ol
production-1869-70	818	HYPHEN	blankgap	0	inter	ested	interested	
production-1869-70	822	HYPHEN	blankgap	0	dis	trict	district	
production-1869-70	832	HYPHEN	margin	10	compensa	tion	compensation	Collector and District Attorney shall be entitled to compensa Race
production-1869-70	843	HYPHEN	blankgap	0	com	pletion	completion	
production-1869-70	851	HYPHEN	blankgap	0	superin	tendent	superintendent	
production-1869-70	889	HYPHEN	blankgap	0	agricul	tural	agricultural	
production-1869-70	919	HYPHEN	blankgap	0	col	lected	collected	
production-1869-70	941	HYPHEN	blankgap	0	cal	ifornia	california	
production-1869-70	951	HYPHEN	blankgap	0	appur	tenances	appurtenances	
production-1869-70	951	HYPHEN	blankgap	0	commis	sioners	commissioners	
production-1869-70	951	HYPHEN	blankgap	0	misde	meanor	misdemeanor	
production-1869-70	951	HYPHEN	blankgap	0	impris	onment	imprisonment	
production-1869-70	958	HYPHEN	blankgap	0	immedi	ately	immediately	
production-1869-70	958	HYPHEN	blankgap	0	respect	ively	respectively	
production-1871-72	10	HYPHEN	blankgap	0	dis	trict	district	
production-1871-72	10	HYPHEN	blankgap	0	attor	ney	attorney	
production-1871-72	1000	HYPHEN	blankgap	0	modi	fications	modifications	
production-1871-72	1021	HYPHEN	blankgap	0	supervi	sors	supervisors	
production-1871-72	1022	HYPHEN	blankgap	0	commis	sioner	commissioner	
production-1871-72	1048	HYPHEN	blankgap	0	re	quired	required	
production-1871-72	1048	HYPHEN	blankgap	0	unquali	fied	unqualified	
production-1871-72	1060	HYPHEN	blankgap	0	sen	ators	senators	
production-1871-72	1063	HYPHEN	margin	10	con	formity	conformity	gress be requested to make the necessary appropriations in con
production-1871-72	128	HYPHEN	margin	11	superin	tendent	superintendent	are hereby authorized and empowered to furnish the Superin tendent of
production-1871-72	14	NOHYPHEN	blankgap	0	triangu	lar	triangular	
production-1871-72	14	HYPHEN	blankgap	0	main	tenance	maintenance	
production-1871-72	141	HYPHEN	blankgap	0	sep	tember	september	
production-1871-72	16	HYPHEN	margin	19	ap	petitive	appetitive	proved March th cscccseersssrrcseerscrsesecsrseereersteee As B | An Act to amend an Act entitled An Act to provide five com
production-1871-72	176	HYPHEN	margin	11	com	plemental	complemental	missioners appointed under the Act to which this Act is sup
production-1871-72	18	HYPHEN	blankgap	0	twen	tieth	twentieth	
production-1871-72	183	HYPHEN	blankgap	0	treas	urer	treasurer	
production-1871-72	223	HYPHEN	blankgap	0	dis	trict	district	
production-1871-72	223	HYPHEN	blankgap	0	dis	trict	district	
production-1871-72	29	HYPHEN	blankgap	0	stan	islaus	stanislaus	
production-1871-72	32	HYPHEN	blankgap	0	recla	mation	reclamation	
production-1871-72	325	HYPHEN	blankgap	0	incor	porate	incorporate	
production-1871-72	330	HYPHEN	blankgap	0	mon	terey	monterey	
production-1871-72	364	HYPHEN	blankgap	0	col	lecting	collecting	
production-1871-72	369	HYPHEN	blankgap	0	compen	sation	compensation	
production-1871-72	409	HYPHEN	blankgap	0	col	lected	collected	
production-1871-72	41	HYPHEN	blankgap	0	appro	priation	appropriation	
production-1871-72	41	HYPHEN	blankgap	0	legisla	ture	legislature	
production-1871-72	430	HYPHEN	blankgap	0	inconve	nience	inconvenience	
production-1871-72	459	HYPHEN	margin	25	commis	sioner	commissioner	office sion shall remain in existence for the term of six years and no | longer No person shall be cligible to the office of Commis
production-1871-72	517	HYPHEN	blankgap	0	disinter	ested	disinterested	
production-1871-72	517	HYPHEN	blankgap	0	dis	tances	distances	
production-1871-72	542	HYPHEN	blankgap	0	neces	sarily	necessarily	
production-1871-72	542	HYPHEN	blankgap	0	com	puted	computed	
production-1871-72	591	HYPHEN	margin	11	recom	mendation	recommendation	mended by the Oversecr of the district or without such recom
production-1871-72	681	HYPHEN	blankgap	0	impris	oned	imprisoned	
production-1871-72	729	HYPHEN	blankgap	0	sat	isfaction	satisfaction	
production-1871-72	731	HYPHEN	blankgap	0	pur	suance	pursuance	
production-1871-72	742	HYPHEN	margin	23	ac	tioned	actioned	quire the right to crect and maintain a wharf over the same | not exceeding the dimensions in section one of this Act men
production-1871-72	764	HYPHEN	blankgap	0	satisfac	tory	satisfactory	
production-1871-72	768	HYPHEN	margin	25	poi	sonous	poisonous	son enumerated in Schedules A and B to any person unless | on due inquiry it is found that the person is aware of its poi
production-1871-72	792	HYPHEN	blankgap	0	denomina	tion	denomination	
production-1871-72	811	HYPHEN	blankgap	0	attor	ney	attorney	
production-1871-72	826	HYPHEN	blankgap	0	embrac	ing	embracing	
production-1871-72	826	HYPHEN	blankgap	0	compensa	tion	compensation	
production-1871-72	845	HYPHEN	blankgap	0	mon	terey	monterey	
production-1871-72	85	HYPHEN	blankgap	0	treas	urer	treasurer	
production-1871-72	881	HYPHEN	blankgap	0	pre	viously	previously	
production-1871-72	919	HYPHEN	blankgap	0	dis	trict	district	
production-1871-72	947	HYPHEN	blankgap	0	convic	tion	conviction	
production-1871-72	973	HYPHEN	blankgap	0	incon	venience	inconvenience	
production-1873-74	1003	HYPHEN	blankgap	0	pro	fession	profession	
production-1873-74	1003	HYPHEN	blankgap	0	ac	cused	accused	
production-1873-74	1007	HYPHEN	blankgap	0	gov	ernor	governor	
production-1873-74	1013	HYPHEN	blankgap	0	gov	ernor	governor	
production-1873-74	1013	HYPHEN	blankgap	0	con	stitution	constitution	
production-1873-74	1014	HYPHEN	blankgap	0	cal	ifornia	california	
production-1873-74	1016	HYPHEN	blankgap	0	ex	piration	expiration	
production-1873-74	1025	HYPHEN	blankgap	0	trans	ferred	transferred	
production-1873-74	1029	HYPHEN	blankgap	0	misde	meanors	misdemeanors	
production-1873-74	1040	HYPHEN	blankgap	0	indebt	edness	indebtedness	
production-1873-74	1041	HYPHEN	blankgap	0	com	pensation	compensation	
production-1873-74	1042	HYPHEN	blankgap	0	com	pensation	compensation	
production-1873-74	1046	HYPHEN	blankgap	0	redemp	tion	redemption	
production-1873-74	1056	HYPHEN	blankgap	0	con	tracted	contracted	
production-1873-74	1056	HYPHEN	blankgap	0	here	tofore	heretofore	
production-1873-74	1056	HYPHEN	blankgap	0	con	venience	convenience	
production-1873-74	1062	HYPHEN	blankgap	0	representa	tives	representatives	
production-1873-74	1063	HYPHEN	blankgap	0	prom	inent	prominent	
production-1873-74	1067	HYPHEN	blankgap	0	sen	ators	senators	
production-1873-74	1081	HYPHEN	blankgap	0	im	provement	improvement	
production-1873-74	1084	HYPHEN	blankgap	0	reso	lutions	resolutions	
production-1873-74	113	HYPHEN	blankgap	0	pro	ceedings	proceedings	
production-1873-74	113	HYPHEN	blankgap	0	reser	voirs	reservoirs	
production-1873-74	113	HYPHEN	blankgap	0	ordi	nances	ordinances	
production-1873-74	126	HYPHEN	blankgap	0	unincorpo	rated	unincorporated	
production-1873-74	131	HYPHEN	blankgap	0	prin	cipal	principal	
production-1873-74	14	HYPHEN	blankgap	0	sis	kiyou	siskiyou	
production-1873-74	14	HYPHEN	blankgap	0	mainte	nance	maintenance	
production-1873-74	154	HYPHEN	blankgap	0	valua	tion	valuation	
production-1873-74	155	HYPHEN	blankgap	0	dis	turbance	disturbance	
production-1873-74	163	HYPHEN	blankgap	0	re	quired	required	
production-1873-74	163	HYPHEN	blankgap	0	im	provements	improvements	
production-1873-74	167	HYPHEN	margin	23	man	urer	manurer	ner any tux list placed in his hands for that purpose without | any unnecessary delay and pay all taxes to the Town Treas
production-1873-74	179	HYPHEN	margin	21	dep	uties	deputies	uty or deputies the number of whom ang their compensation | shall be fixed by the Board of Supervisors provided such dep
production-1873-74	179	HYPHEN	blankgap	0	dep	uties	deputies	
production-1873-74	185	HYPHEN	blankgap	0	re	quired	required	
production-1873-74	186	HYPHEN	blankgap	0	proclama	tion	proclamation	
production-1873-74	207	HYPHEN	blankgap	0	men	tioned	mentioned	
production-1873-74	216	HYPHEN	blankgap	0	sis	kiyou	siskiyou	
production-1873-74	220	HYPHEN	blankgap	0	pre	sentment	presentment	
production-1873-74	225	HYPHEN	blankgap	0	cer	tificates	certificates	
production-1873-74	225	HYPHEN	blankgap	0	dis	trict	district	
production-1873-74	233	HYPHEN	blankgap	0	nui	sances	nuisances	
production-1873-74	244	HYPHEN	blankgap	0	redemp	tion	redemption	
production-1873-74	255	HYPHEN	blankgap	0	dis	trict	district	
production-1873-74	262	HYPHEN	blankgap	0	prop	erty	property	
production-1873-74	277	HYPHEN	blankgap	0	com	pensation	compensation	
production-1873-74	282	HYPHEN	blankgap	0	per	formances	performances	
production-1873-74	288	HYPHEN	blankgap	0	inter	ested	interested	
production-1873-74	308	HYPHEN	blankgap	0	sep	arate	separate	
production-1873-74	316	HYPHEN	blankgap	0	con	structed	constructed	
production-1873-74	316	HYPHEN	blankgap	0	dis	bursed	disbursed	
production-1873-74	326	HYPHEN	blankgap	0	neces	sarily	necessarily	
production-1873-74	335	HYPHEN	blankgap	0	treas	urer	treasurer	
production-1873-74	339	HYPHEN	blankgap	0	pe	titioned	petitioned	
production-1873-74	339	HYPHEN	blankgap	0	prop	erty	property	
production-1873-74	34	HYPHEN	blankgap	0	inde	pendence	independence	
production-1873-74	34	HYPHEN	blankgap	0	supervi	sors	supervisors	
production-1873-74	350	HYPHEN	blankgap	0	valua	tion	valuation	
production-1873-74	376	HYPHEN	blankgap	0	examina	tion	examination	
production-1873-74	382	HYPHEN	blankgap	0	prin	cipal	principal	
production-1873-74	383	HYPHEN	blankgap	0	ex	ceeding	exceeding	
production-1873-74	384	HYPHEN	blankgap	0	incorpo	rating	incorporating	
production-1873-74	391	HYPHEN	blankgap	0	pub	lication	publication	
production-1873-74	397	HYPHEN	blankgap	0	peti	tioners	petitioners	
production-1873-74	403	HYPHEN	blankgap	0	cir	culation	circulation	
production-1873-74	403	HYPHEN	blankgap	0	superin	tendent	superintendent	
production-1873-74	405	HYPHEN	blankgap	0	treas	urer	treasurer	
production-1873-74	408	HYPHEN	margin	25	misde	meanor	misdemeanor	take up all bogs or goats running at large within the limits of | the town site of Fiddletown shall be deemed guilty of a misde
production-1873-74	408	HYPHEN	blankgap	0	misde	meanor	misdemeanor	
production-1873-74	437	HYPHEN	blankgap	0	ex	penses	expenses	
production-1873-74	441	HYPHEN	blankgap	0	res	ignation	resignation	
production-1873-74	443	HYPHEN	blankgap	0	re	quired	required	
production-1873-74	450	HYPHEN	blankgap	0	compensa	tion	compensation	
production-1873-74	450	HYPHEN	blankgap	0	con	ferred	conferred	
production-1873-74	463	HYPHEN	blankgap	0	treas	urer	treasurer	
production-1873-74	467	HYPHEN	blankgap	0	auc	tioneers	auctioneers	
production-1873-74	471	HYPHEN	blankgap	0	ren	dered	rendered	
production-1873-74	478	HYPHEN	blankgap	0	dis	trict	district	
production-1873-74	480	HYPHEN	blankgap	0	amend	atory	amendatory	
production-1873-74	481	HYPHEN	blankgap	0	jan	uary	january	
production-1873-74	511	HYPHEN	blankgap	0	men	tioned	mentioned	
production-1873-74	513	HYPHEN	blankgap	0	treas	urer	treasurer	
production-1873-74	513	HYPHEN	blankgap	0	ad	ditional	additional	
production-1873-74	513	HYPHEN	blankgap	0	ex	haustion	exhaustion	
production-1873-74	547	HYPHEN	blankgap	0	attor	ney	attorney	
production-1873-74	547	HYPHEN	blankgap	0	com	menced	commenced	
production-1873-74	548	HYPHEN	margin	13	compensa	tion	compensation	provisions of this Act in reference to the view location altera tion for
production-1873-74	555	HYPHEN	blankgap	0	bounda	ries	boundaries	
production-1873-74	556	HYPHEN	blankgap	0	prac	ticable	practicable	
production-1873-74	570	HYPHEN	blankgap	0	supervi	sors	supervisors	
production-1873-74	570	HYPHEN	blankgap	0	pris	oners	prisoners	
production-1873-74	577	HYPHEN	blankgap	0	su	perintendent	superintendent	
production-1873-74	577	HYPHEN	margin	5	com	pensation	compensation	ney s fees Me wt
production-1873-74	587	HYPHEN	blankgap	0	prop	erty	property	
production-1873-74	587	HYPHEN	blankgap	0	exclu	sively	exclusively	
production-1873-74	587	HYPHEN	blankgap	0	treas	urer	treasurer	
production-1873-74	590	HYPHEN	blankgap	0	exhibi	tion	exhibition	
production-1873-74	596	NOHYPHEN	blankgap	0	subse	quent	subsequent	
production-1873-74	596	HYPHEN	blankgap	0	inter	ested	interested	
production-1873-74	605	HYPHEN	blankgap	0	accru	ing	accruing	
production-1873-74	625	HYPHEN	blankgap	0	accom	panied	accompanied	
production-1873-74	627	HYPHEN	blankgap	0	unex	pired	unexpired	
production-1873-74	644	HYPHEN	blankgap	0	surren	der	surrender	
production-1873-74	647	HYPHEN	blankgap	0	prop	erty	property	
production-1873-74	651	HYPHEN	blankgap	0	equali	zation	equalization	
production-1873-74	668	HYPHEN	blankgap	0	jurisdic	tions	jurisdictions	
production-1873-74	682	HYPHEN	blankgap	0	com	pensation	compensation	
production-1873-74	697	HYPHEN	blankgap	0	pro	posals	proposals	
production-1873-74	717	HYPHEN	blankgap	0	dan	gerous	dangerous	
production-1873-74	730	HYPHEN	blankgap	0	jus	tices	justices	
production-1873-74	735	HYPHEN	blankgap	0	com	mences	commences	
production-1873-74	735	HYPHEN	blankgap	0	prop	erty	property	
production-1873-74	735	HYPHEN	blankgap	0	appor	tionment	apportionment	
production-1873-74	736	HYPHEN	blankgap	0	im	provement	improvement	
production-1873-74	745	HYPHEN	blankgap	0	au	thority	authority	
production-1873-74	750	HYPHEN	margin	24	misde	meanor	misdemeanor	any of tho provisions of this Act by any officer or officers | herein named he or they shall be deemed guilty of a misde
production-1873-74	760	HYPHEN	blankgap	0	com	pensation	compensation	
production-1873-74	763	HYPHEN	blankgap	0	healds	burg	healdsburg	
production-1873-74	763	HYPHEN	blankgap	0	treas	urer	treasurer	
production-1873-74	763	HYPHEN	blankgap	0	healds	burg	healdsburg	
production-1873-74	767	HYPHEN	blankgap	0	pre	vious	previous	
production-1873-74	770	HYPHEN	blankgap	0	remon	strance	remonstrance	
production-1873-74	780	HYPHEN	blankgap	0	destruc	tion	destruction	
production-1873-74	782	HYPHEN	blankgap	0	treas	urer	treasurer	
production-1873-74	783	HYPHEN	blankgap	0	fur	niture	furniture	
production-1873-74	793	HYPHEN	blankgap	0	pen	alties	penalties	
production-1873-74	798	HYPHEN	blankgap	0	repre	senting	representing	
production-1873-74	81	HYPHEN	blankgap	0	gov	ernor	governor	
production-1873-74	81	HYPHEN	blankgap	0	legis	lative	legislative	
production-1873-74	815	HYPHEN	blankgap	0	con	tinue	continue	
production-1873-74	847	HYPHEN	blankgap	0	prop	erty	property	
production-1873-74	847	HYPHEN	blankgap	0	com	pensations	compensations	
production-1873-74	852	HYPHEN	blankgap	0	dis	trict	district	
production-1873-74	857	HYPHEN	blankgap	0	re	ceive	receive	
production-1873-74	86	HYPHEN	blankgap	0	rejec	tion	rejection	
production-1873-74	897	HYPHEN	blankgap	0	nego	tiate	negotiate	
production-1873-74	898	HYPHEN	blankgap	0	men	tioned	mentioned	
production-1873-74	920	HYPHEN	blankgap	0	commis	sioners	commissioners	
production-1873-74	925	HYPHEN	blankgap	0	re	quired	required	
production-1873-74	929	HYPHEN	blankgap	0	ma	turity	maturity	
production-1873-74	930	HYPHEN	blankgap	0	col	lected	collected	
production-1873-74	931	HYPHEN	blankgap	0	re	quired	required	
production-1873-74	932	HYPHEN	blankgap	0	compen	sation	compensation	
production-1873-74	939	HYPHEN	blankgap	0	pro	posals	proposals	
production-1873-74	939	HYPHEN	blankgap	0	redemp	tion	redemption	
production-1873-74	94	HYPHEN	blankgap	0	amend	atory	amendatory	
production-1873-74	952	HYPHEN	blankgap	0	re	ceive	receive	
production-1873-74	959	HYPHEN	blankgap	0	con	stitute	constitute	
production-1873-74	96	HYPHEN	blankgap	0	denomina	tions	denominations	
production-1873-74	963	HYPHEN	blankgap	0	pub	lication	publication	
production-1873-74	965	HYPHEN	blankgap	0	col	lected	collected	
production-1873-74	97	HYPHEN	blankgap	0	col	lected	collected	
production-1873-74	972	HYPHEN	blankgap	0	secu	rity	security	
production-1873-74	98	HYPHEN	blankgap	0	con	sidered	considered	
production-1873-74	98	HYPHEN	blankgap	0	con	structing	constructing	
production-1873-74	980	HYPHEN	blankgap	0	as	sessment	assessment	
production-1873-74	981	HYPHEN	blankgap	0	subse	quent	subsequent	
production-1873-74	984	HYPHEN	margin	11	con	vertise	convertise	sume all the funds are not redeemed the Treasurer shall ad
production-1873-74	985	HYPHEN	blankgap	0	sis	kiyou	siskiyou	
production-1873-74	996	HYPHEN	blankgap	0	po	litical	political	
production-1873-74	998	HYPHEN	blankgap	0	com	pensation	compensation	
production-1873-74-code	110	HYPHEN	margin	18	examina	tory	examinatory	applicant for a State certificate shall be examined by certificates | written and oral questions in algebra geography his
production-1873-74-code	136	HYPHEN	blankgap	0	ad	vertise	advertise	
production-1873-74-code	146	HYPHEN	blankgap	0	col	lected	collected	
production-1873-74-code	199	HYPHEN	margin	2	men	tioned	mentioned	made when
production-1873-74-code	23	HYPHEN	blankgap	0	in	spection	inspection	
production-1873-74-code	230	HYPHEN	blankgap	0	excava	tions	excavations	
production-1873-74-code	231	HYPHEN	blankgap	0	exe	cuted	executed	
production-1873-74-code	231	HYPHEN	blankgap	0	sur	vivors	survivors	
production-1873-74-code	263	HYPHEN	blankgap	0	part	nership	partnership	
production-1873-74-code	290	HYPHEN	margin	9	jurisdic	tion	jurisdiction	power to issue writs of mandamus certiorari prohibi Stprome
production-1873-74-code	292	HYPHEN	blankgap	0	prop	erty	property	
production-1873-74-code	313	HYPHEN	margin	1	de	fendant	defendant	defendant
production-1873-74-code	315	HYPHEN	blankgap	0	prop	erty	property	
production-1873-74-code	325	HYPHEN	blankgap	0	par	ticulars	particulars	
production-1873-74-code	329	HYPHEN	blankgap	0	con	veyance	conveyance	
production-1873-74-code	331	HYPHEN	blankgap	0	con	sidering	considering	
production-1873-74-code	332	HYPHEN	blankgap	0	com	petent	competent	
production-1873-74-code	333	HYPHEN	blankgap	0	re	demption	redemption	
production-1873-74-code	355	HYPHEN	blankgap	0	ter	minated	terminated	
production-1873-74-code	369	HYPHEN	blankgap	0	smug	gled	smuggled	
production-1873-74-code	369	HYPHEN	blankgap	0	ex	amined	examined	
production-1873-74-code	37	HYPHEN	blankgap	0	com	menced	commenced	
production-1873-74-code	378	HYPHEN	blankgap	0	prop	erty	property	
production-1873-74-code	383	HYPHEN	blankgap	0	pro	ceedings	proceedings	
production-1873-74-code	41	HYPHEN	blankgap	0	me	chanic	mechanic	
production-1873-74-code	414	HYPHEN	blankgap	0	ex	ceeding	exceeding	
production-1873-74-code	417	HYPHEN	blankgap	0	prop	erty	property	
production-1873-74-code	421	HYPHEN	blankgap	0	attor	ney	attorney	
production-1873-74-code	430	HYPHEN	blankgap	0	transporta	tion	transportation	
production-1873-74-code	438	HYPHEN	blankgap	0	an	noyed	annoyed	
production-1873-74-code	449	HYPHEN	blankgap	0	de	fendant	defendant	
production-1873-74-code	453	HYPHEN	blankgap	0	con	viction	conviction	
production-1873-74-code	456	HYPHEN	blankgap	0	discre	tion	discretion	
production-1873-74-code	49	HYPHEN	blankgap	0	indem	nify	indemnify	
production-1873-74-code	49	HYPHEN	blankgap	0	ex	penses	expenses	
production-1873-74-code	49	HYPHEN	blankgap	0	appro	priated	appropriated	
production-1873-74-code	49	HYPHEN	blankgap	0	compensa	tion	compensation	
production-1873-74-code	82	HYPHEN	blankgap	0	of	ficial	official	
production-1873-74-code	87	HYPHEN	blankgap	0	coun	tersigned	countersigned	
production-1873-74-code	88	HYPHEN	blankgap	0	incon	sistent	inconsistent	
production-1875-76	1002	HYPHEN	blankgap	0	modifica	tion	modification	
production-1875-76	1003	HYPHEN	blankgap	0	abund	ance	abundance	
production-1875-76	1008	HYPHEN	blankgap	0	prin	ciples	principles	
production-1875-76	1008	HYPHEN	blankgap	0	cer	tificates	certificates	
production-1875-76	1009	HYPHEN	blankgap	0	memo	rialist	memorialist	
production-1875-76	1012	HYPHEN	blankgap	0	appro	priation	appropriation	
production-1875-76	1015	HYPHEN	margin	20	con	sisted	consisted	don was procured by testimony of a very questionable | character and that the nature of his offense if any con
production-1875-76	1020	HYPHEN	margin	12	con	tection	contection	gress the adoption of such measures as will result in the pro
production-1875-76	1021	HYPHEN	blankgap	0	subse	quent	subsequent	
production-1875-76	1021	HYPHEN	blankgap	0	con	flict	conflict	
production-1875-76	120	HYPHEN	blankgap	0	ber	nardino	bernardino	
production-1875-76	127	HYPHEN	margin	21	ex	ecution	execution	Sheriff and ex officio Tax Collector of Trinity County for | sums expended and losses incurred by him in a certain pros
production-1875-76	135	HYPHEN	blankgap	0	treas	urer	treasurer	
production-1875-76	138	HYPHEN	blankgap	0	supervis	ors	supervisors	
production-1875-76	138	HYPHEN	blankgap	0	exe	cuted	executed	
production-1875-76	140	HYPHEN	blankgap	0	dis	trict	district	
production-1875-76	16	HYPHEN	blankgap	0	amenda	tory	amendatory	
production-1875-76	165	HYPHEN	blankgap	0	pro	posals	proposals	
production-1875-76	18	HYPHEN	blankgap	0	dis	trict	district	
production-1875-76	182	HYPHEN	blankgap	0	incor	porate	incorporate	
production-1875-76	216	HYPHEN	blankgap	0	compen	sations	compensations	
production-1875-76	244	HYPHEN	blankgap	0	dis	trict	district	
production-1875-76	246	HYPHEN	margin	11	pre	senting	presenting	sented said Board may allow the architect or person so pre
production-1875-76	261	HYPHEN	blankgap	0	im	provements	improvements	
production-1875-76	261	HYPHEN	blankgap	0	con	tracted	contracted	
production-1875-76	267	HYPHEN	blankgap	0	cer	tified	certified	
production-1875-76	267	HYPHEN	blankgap	0	re	quired	required	
production-1875-76	272	HYPHEN	blankgap	0	dis	trict	district	
production-1875-76	290	HYPHEN	blankgap	0	con	strued	construed	
production-1875-76	296	HYPHEN	blankgap	0	dis	trict	district	
production-1875-76	321	HYPHEN	blankgap	0	jurisdic	tion	jurisdiction	
production-1875-76	321	HYPHEN	blankgap	0	prose	cutions	prosecutions	
production-1875-76	321	HYPHEN	blankgap	0	affida	vits	affidavits	
production-1875-76	321	HYPHEN	blankgap	0	acknowledg	ments	acknowledgments	
production-1875-76	321	HYPHEN	blankgap	0	expendi	tures	expenditures	
production-1875-76	330	HYPHEN	blankgap	0	prop	erty	property	
production-1875-76	330	HYPHEN	blankgap	0	propor	tion	proportion	
production-1875-76	350	HYPHEN	blankgap	0	sis	kiyou	siskiyou	
production-1875-76	429	HYPHEN	blankgap	0	sen	tenced	sentenced	
production-1875-76	433	HYPHEN	blankgap	0	com	pensation	compensation	
production-1875-76	434	HYPHEN	blankgap	0	compensa	tion	compensation	
production-1875-76	451	HYPHEN	blankgap	0	col	lected	collected	
production-1875-76	457	HYPHEN	blankgap	0	com	pleted	completed	
production-1875-76	457	HYPHEN	blankgap	0	commenc	ing	commencing	
production-1875-76	457	HYPHEN	blankgap	0	equaliza	tion	equalization	
production-1875-76	457	HYPHEN	blankgap	0	col	umns	columns	
production-1875-76	471	HYPHEN	blankgap	0	tuol	umne	tuolumne	
production-1875-76	494	HYPHEN	blankgap	0	for	feited	forfeited	
production-1875-76	495	HYPHEN	blankgap	0	ad	ditional	additional	
production-1875-76	495	HYPHEN	blankgap	0	speci	fically	specifically	
production-1875-76	497	HYPHEN	blankgap	0	attor	neys	attorneys	
production-1875-76	500	HYPHEN	blankgap	0	des	ignated	designated	
production-1875-76	500	HYPHEN	blankgap	0	treas	urer	treasurer	
production-1875-76	517	HYPHEN	margin	25	con	veyor	conveyor	costs tract to do any such work after advertising for bids or when | they shall have caused any grade to be established by a sur
production-1875-76	536	HYPHEN	blankgap	0	deter	mination	determination	
production-1875-76	54	HYPHEN	blankgap	0	exe	cution	execution	
production-1875-76	548	HYPHEN	blankgap	0	compen	sation	compensation	
production-1875-76	568	HYPHEN	blankgap	0	main	tenance	maintenance	
production-1875-76	6	HYPHEN	margin	15	feb	ruary	february	tuary A B T | An Act to create the Twenty first Judicial District approved Feb
production-1875-76	618	HYPHEN	blankgap	0	pris	oners	prisoners	
production-1875-76	639	HYPHEN	blankgap	0	deficien	cies	deficiencies	
production-1875-76	650	HYPHEN	blankgap	0	sub	limate	sublimate	
production-1875-76	658	HYPHEN	blankgap	0	sep	tember	september	
production-1875-76	670	HYPHEN	blankgap	0	dis	tances	distances	
production-1875-76	677	HYPHEN	blankgap	0	conve	nience	convenience	
production-1875-76	695	HYPHEN	blankgap	0	commis	sioner	commissioner	
production-1875-76	697	HYPHEN	blankgap	0	sen	tenced	sentenced	
production-1875-76	742	HYPHEN	blankgap	0	con	tinued	continued	
production-1875-76	753	HYPHEN	blankgap	0	ex	penses	expenses	
production-1875-76	762	HYPHEN	blankgap	0	sen	tenced	sentenced	
production-1875-76	762	HYPHEN	blankgap	0	inflam	mable	inflammable	
production-1875-76	782	HYPHEN	blankgap	0	exca	vations	excavations	
production-1875-76	808	HYPHEN	blankgap	0	satisfac	tion	satisfaction	
production-1875-76	832	HYPHEN	blankgap	0	obstruc	tions	obstructions	
production-1875-76	847	HYPHEN	blankgap	0	cap	itol	capitol	
production-1875-76	871	HYPHEN	blankgap	0	com	mencing	commencing	
production-1875-76	871	HYPHEN	blankgap	0	intersec	tion	intersection	
production-1875-76	882	HYPHEN	blankgap	0	pro	ceedings	proceedings	
production-1875-76	882	HYPHEN	blankgap	0	sur	veyor	surveyor	
production-1875-76	882	HYPHEN	blankgap	0	bene	fited	benefited	
production-1875-76	900	HYPHEN	margin	22	con	victs	convicts	ones Viet according to his sentence the Directors are hereby | authorized and required to let and hire the labor of the con
production-1875-76	914	HYPHEN	blankgap	0	consti	tuted	constituted	
production-1875-76	914	HYPHEN	blankgap	0	treas	urer	treasurer	
production-1875-76	948	HYPHEN	blankgap	0	valua	tion	valuation	
production-1875-76	948	HYPHEN	blankgap	0	dis	trict	district	
production-1875-76	949	HYPHEN	blankgap	0	irriga	tion	irrigation	
production-1875-76	953	HYPHEN	blankgap	0	treas	urer	treasurer	
production-1875-76	986	HYPHEN	blankgap	0	com	pleted	completed	
production-1875-76-code	109	HYPHEN	blankgap	0	per	fecting	perfecting	
production-1875-76-code	109	HYPHEN	blankgap	0	propor	tion	proportion	
production-1875-76-code	39	HYPHEN	blankgap	0	cer	tificate	certificate	
production-1875-76-code	45	HYPHEN	blankgap	0	rev	enue	revenue	
production-1875-76-code	51	HYPHEN	blankgap	0	commis	sioners	commissioners	
production-1875-76-code	53	HYPHEN	blankgap	0	newspa	pers	newspapers	
production-1875-76-code	74	HYPHEN	blankgap	0	pre	ferred	preferred	
production-1875-76-code	94	HYPHEN	blankgap	0	pro	cedure	procedure	
production-1877-78	1055	HYPHEN	blankgap	0	mokel	umne	mokelumne	
production-1877-78	1055	HYPHEN	blankgap	0	segrega	tion	segregation	
production-1877-78	1079	HYPHEN	blankgap	0	superin	tendent	superintendent	
production-1877-78	1086	HYPHEN	blankgap	0	treas	urer	treasurer	
production-1877-78	1124	HYPHEN	margin	18	appropria	tions	appropriations	Senators and Representatives in Congress be and are hereby fon sed | respectfully and earnestly requested to procure appropria
production-1877-78	1125	HYPHEN	blankgap	0	inhab	itants	inhabitants	
production-1877-78	1138	HYPHEN	blankgap	0	authenti	cated	authenticated	
production-1877-78	1138	HYPHEN	blankgap	0	repre	sentatives	representatives	
production-1877-78	1144	HYPHEN	blankgap	0	repre	sentatives	representatives	
production-1877-78	1150	HYPHEN	blankgap	0	guar	antee	guarantee	
production-1877-78	136	HYPHEN	blankgap	0	feb	ruary	february	
production-1877-78	193	HYPHEN	blankgap	0	con	ferred	conferred	
production-1877-78	2	HYPHEN	blankgap	0	destruc	tion	destruction	
production-1877-78	206	HYPHEN	blankgap	0	bounda	ries	boundaries	
production-1877-78	245	HYPHEN	blankgap	0	depo	sitions	depositions	
production-1877-78	283	HYPHEN	blankgap	0	con	structed	constructed	
production-1877-78	286	HYPHEN	blankgap	0	squir	rel	squirrel	
production-1877-78	302	NOHYPHEN	margin	20	compensa	tion	compensation	as aforesaid may be performed by any two of them and each | of the Commissioners shall receive a reasonable compensa
production-1877-78	315	HYPHEN	blankgap	0	compensa	tion	compensation	
production-1877-78	335	HYPHEN	blankgap	0	incum	brance	incumbrance	
production-1877-78	346	HYPHEN	blankgap	0	here	tofore	heretofore	
production-1877-78	346	HYPHEN	blankgap	0	inhab	itants	inhabitants	
production-1877-78	351	HYPHEN	blankgap	0	denomi	nation	denomination	
production-1877-78	351	HYPHEN	blankgap	0	per	tinent	pertinent	
production-1877-78	356	HYPHEN	blankgap	0	attor	ney	attorney	
production-1877-78	358	HYPHEN	blankgap	0	amenda	tory	amendatory	
production-1877-78	370	HYPHEN	blankgap	0	ensu	ing	ensuing	
production-1877-78	374	HYPHEN	blankgap	0	consecu	tive	consecutive	
production-1877-78	383	HYPHEN	margin	11	com	pensation	compensation	missioners and they shall not receive any other fees or com
production-1877-78	383	HYPHEN	blankgap	0	com	pensation	compensation	
production-1877-78	391	HYPHEN	blankgap	0	jan	uary	january	
production-1877-78	408	HYPHEN	blankgap	0	montgom	ery	montgomery	
production-1877-78	408	HYPHEN	blankgap	0	reso	lutions	resolutions	
production-1877-78	426	HYPHEN	blankgap	0	num	bered	numbered	
production-1877-78	429	HYPHEN	blankgap	0	misde	meanor	misdemeanor	
production-1877-78	450	HYPHEN	margin	19	per	spicuous	perspicuous	sonal service of the notice hereinbefore mentioned such | notice may be served by posting the same upon some con
production-1877-78	459	HYPHEN	margin	11	dis	trict	district	ferredon trict Tax Collector chall have and exercise within said dis
production-1877-78	463	HYPHEN	blankgap	0	con	structing	constructing	
production-1877-78	495	HYPHEN	blankgap	0	com	pensation	compensation	
production-1877-78	495	HYPHEN	blankgap	0	commis	sioners	commissioners	
production-1877-78	497	HYPHEN	blankgap	0	con	veyance	conveyance	
production-1877-78	501	HYPHEN	margin	20	ques	tioned	questioned	tion whether said city shall acquire the said property works | and franchises by condemnation and if at such last men
production-1877-78	514	HYPHEN	blankgap	0	propor	tion	proportion	
production-1877-78	521	HYPHEN	blankgap	0	compen	sation	compensation	
production-1877-78	521	HYPHEN	blankgap	0	equaliza	tion	equalization	
production-1877-78	536	HYPHEN	blankgap	0	hun	dredths	hundredths	
production-1877-78	57	HYPHEN	blankgap	0	appor	tionment	apportionment	
production-1877-78	58	HYPHEN	blankgap	0	gov	ernor	governor	
production-1877-78	588	HYPHEN	blankgap	0	commis	sioners	commissioners	
production-1877-78	589	HYPHEN	blankgap	0	imme	diately	immediately	
production-1877-78	595	HYPHEN	blankgap	0	commis	sioners	commissioners	
production-1877-78	598	HYPHEN	blankgap	0	dis	trict	district	
production-1877-78	61	HYPHEN	blankgap	0	legisla	ture	legislature	
production-1877-78	617	HYPHEN	blankgap	0	treas	urer	treasurer	
production-1877-78	626	HYPHEN	blankgap	0	com	pensation	compensation	
production-1877-78	628	HYPHEN	blankgap	0	respect	ively	respectively	
production-1877-78	656	HYPHEN	blankgap	0	substan	tially	substantially	
production-1877-78	681	HYPHEN	blankgap	0	prop	erty	property	
production-1877-78	694	HYPHEN	blankgap	0	sub	poenas	subpoenas	
production-1877-78	719	HYPHEN	margin	3	pros	ecute	prosecute	rney ers Y
production-1877-78	728	HYPHEN	blankgap	0	bene	fited	benefited	
production-1877-78	775	HYPHEN	blankgap	0	dis	trict	district	
production-1877-78	792	HYPHEN	blankgap	0	par	ticularly	particularly	
production-1877-78	847	HYPHEN	blankgap	0	sur	veyor	surveyor	
production-1877-78	860	HYPHEN	margin	12	pre	cedence	precedence	ceding the levy and until paid and such lien shall take pre
production-1877-78	895	HYPHEN	blankgap	0	expend	itures	expenditures	
production-1877-78	935	HYPHEN	blankgap	0	com	pensation	compensation	
production-1877-78	942	HYPHEN	blankgap	0	bene	fited	benefited	
production-1877-78	945	HYPHEN	blankgap	0	par	ticular	particular	
production-1877-78	949	HYPHEN	blankgap	0	secu	rities	securities	
production-1877-78	960	HYPHEN	blankgap	0	impris	oned	imprisoned	
production-1877-78	967	HYPHEN	blankgap	0	con	tracted	contracted	
production-1877-78	973	HYPHEN	margin	21	pro	ferred	proferred	vided thesaid Marshal being hereby yested with the same | powers to make collections of taxcs as are or shall be con
production-1877-78-code	126	HYPHEN	blankgap	0	unincor	porated	unincorporated	
production-1877-78-code	15	HYPHEN	blankgap	0	dis	tribution	distribution	
production-1877-78-code	16	HYPHEN	blankgap	0	sec	retary	secretary	
production-1877-78-code	16	HYPHEN	blankgap	0	treas	urer	treasurer	
production-1877-78-code	16	HYPHEN	blankgap	0	attor	ney	attorney	
production-1877-78-code	30	HYPHEN	blankgap	0	pro	cedure	procedure	
production-1877-78-code	32	HYPHEN	blankgap	0	remit	titur	remittitur	
production-1877-78-code	32	HYPHEN	blankgap	0	remit	titur	remittitur	
production-1877-78-code	46	HYPHEN	blankgap	0	absen	tees	absentees	
production-1877-78-code	49	HYPHEN	blankgap	0	embroid	ered	embroidered	
production-1877-78-code	49	HYPHEN	blankgap	0	embroid	ered	embroidered	
production-1877-78-code	51	HYPHEN	blankgap	0	con	cerning	concerning	
production-1877-78-code	94	HYPHEN	blankgap	0	cor	poration	corporation	
production-1877-78-code	94	HYPHEN	blankgap	0	limita	tions	limitations	
production-1877-78-code	94	HYPHEN	blankgap	0	reg	ulations	regulations	
production-1877-78-code	94	HYPHEN	blankgap	0	denomina	tion	denomination	
production-1877-78-code	94	HYPHEN	blankgap	0	incor	poration	incorporation	
production-1880	100	HYPHEN	blankgap	0	fer	tilizing	fertilizing	
production-1880	104	HYPHEN	blankgap	0	can	celed	canceled	
production-1880	111	HYPHEN	blankgap	0	treas	urer	treasurer	
production-1880	115	HYPHEN	blankgap	0	examina	tions	examinations	
production-1880	123	HYPHEN	blankgap	0	appro	priated	appropriated	
production-1880	136	HYPHEN	blankgap	0	inconveni	ent	inconvenient	
production-1880	140	HYPHEN	blankgap	0	prop	erty	property	
production-1880	145	HYPHEN	blankgap	0	pre	ferred	preferred	
production-1880	152	HYPHEN	blankgap	0	sac	ramento	sacramento	
production-1880	165	HYPHEN	blankgap	0	aforemen	tioned	aforementioned	
production-1880	206	HYPHEN	blankgap	0	admis	sible	admissible	
production-1880	208	HYPHEN	blankgap	0	des	ignated	designated	
production-1880	213	HYPHEN	blankgap	0	accompa	nied	accompanied	
production-1880	248	HYPHEN	margin	8	con	stitute	constitute	nected therewith Two of said Commissioners shall con
production-1880	256	HYPHEN	blankgap	0	satisfac	tion	satisfaction	
production-1880	259	HYPHEN	blankgap	0	sur	veyor	surveyor	
production-1880	276	HYPHEN	blankgap	0	cem	etery	cemetery	
production-1880	286	HYPHEN	blankgap	0	prece	dents	precedents	
production-1880	288	HYPHEN	blankgap	0	sep	tember	september	
production-1880	288	HYPHEN	blankgap	0	com	munication	communication	
production-1880	293	HYPHEN	blankgap	0	com	pelled	compelled	
production-1880	298	HYPHEN	blankgap	0	impractica	ble	impracticable	
production-1880	298	HYPHEN	blankgap	0	set	tlers	settlers	
production-1880	37	HYPHEN	blankgap	0	jan	uary	january	
production-1880	53	HYPHEN	blankgap	0	thir	tieth	thirtieth	
production-1880	64	NOHYPHEN	blankgap	0	transcrip	tion	transcription	
production-1880	7	HYPHEN	blankgap	0	thirti	eth	thirtieth	
production-1880	70	HYPHEN	blankgap	0	dis	trict	district	
production-1880	93	HYPHEN	blankgap	0	exigen	cies	exigencies	
production-1880-code	121	HYPHEN	blankgap	0	treas	urer	treasurer	
production-1880-code	188	HYPHEN	blankgap	0	unex	pired	unexpired	
production-1880-code	207	HYPHEN	blankgap	0	con	tradistinguished	contradistinguished	
production-1880-code	221	HYPHEN	blankgap	0	con	stitution	constitution	
production-1880-code	324	HYPHEN	margin	13	lar	ceny	larceny	person of any such property it is sufficient to allege the lar teatement
production-1880-code	327	HYPHEN	blankgap	0	con	stitute	constitute	
production-1880-code	40	HYPHEN	blankgap	0	sta	tionery	stationery	
production-1880-code	73	HYPHEN	blankgap	0	supervis	ors	supervisors	
production-1880-code	89	HYPHEN	blankgap	0	nui	sance	nuisance	
production-1881	102	HYPHEN	blankgap	0	con	strued	construed	
production-1881	108	HYPHEN	blankgap	0	liquidat	ing	liquidating	
production-1881	117	HYPHEN	blankgap	0	jan	uary	january	
production-1881	118	HYPHEN	blankgap	0	set	tlers	settlers	
production-1881	123	HYPHEN	blankgap	0	com	municated	communicated	
production-1881	125	HYPHEN	blankgap	0	pur	suance	pursuance	
production-1881	146	HYPHEN	blankgap	0	com	pensation	compensation	
production-1881	150	HYPHEN	blankgap	0	res	olutions	resolutions	
production-1881	51	HYPHEN	blankgap	0	subse	quent	subsequent	
production-1881	67	HYPHEN	blankgap	0	trans	portation	transportation	
production-1881	71	HYPHEN	blankgap	0	cor	porations	corporations	
production-1881	80	HYPHEN	blankgap	0	convic	tion	conviction	
production-1883-84	12	HYPHEN	blankgap	0	de	partments	departments	
production-1883-84	12	HYPHEN	blankgap	0	acquisi	tion	acquisition	
production-1883-84-regular	102	NOHYPHEN	margin	20	individuat	or	individuator	detail the amounts and dates of all payments from outside | sources made to each such veteran during his said residence
production-1883-84-regular	111	HYPHEN	blankgap	0	agricult	ural	agricultural	
production-1883-84-regular	139	HYPHEN	blankgap	0	con	stitute	constitute	
production-1883-84-regular	150	HYPHEN	blankgap	0	depu	ties	deputies	
production-1883-84-regular	164	HYPHEN	blankgap	0	subordi	nates	subordinates	
production-1883-84-regular	173	HYPHEN	blankgap	0	sub	stantially	substantially	
production-1883-84-regular	227	HYPHEN	blankgap	0	dis	tinguishing	distinguishing	
production-1883-84-regular	232	HYPHEN	blankgap	0	coun	cilman	councilman	
production-1883-84-regular	236	HYPHEN	blankgap	0	con	spicuous	conspicuous	
production-1883-84-regular	237	HYPHEN	blankgap	0	munici	pality	municipality	
production-1883-84-regular	247	HYPHEN	blankgap	0	compen	sation	compensation	
production-1883-84-regular	253	HYPHEN	blankgap	0	prop	erty	property	
production-1883-84-regular	261	HYPHEN	blankgap	0	im	provement	improvement	
production-1883-84-regular	263	HYPHEN	blankgap	0	jurisdic	tion	jurisdiction	
production-1883-84-regular	295	HYPHEN	blankgap	0	dis	bursement	disbursement	
production-1883-84-regular	301	HYPHEN	blankgap	0	prop	erty	property	
production-1883-84-regular	314	HYPHEN	blankgap	0	prop	erty	property	
production-1883-84-regular	339	HYPHEN	blankgap	0	treas	urer	treasurer	
production-1883-84-regular	362	HYPHEN	margin	11	dis	pensation	dispensation	charge all the duties pertaining to each and receive the com
production-1883-84-regular	37	HYPHEN	margin	34	elect	uary	electuary	ors thereof at the regular gubernatorial elections whose salary shall be fixed by law and whose | term of office shall be four years commencing on the first Monday after the first day of Jan
production-1883-84-regular	415	HYPHEN	blankgap	0	re	quired	required	
production-1883-84-regular	415	HYPHEN	blankgap	0	col	lected	collected	
production-1883-84-regular	424	HYPHEN	blankgap	0	pro	ceeding	proceeding	
production-1883-84-regular	426	HYPHEN	blankgap	0	appro	priation	appropriation	
production-1883-84-regular	445	HYPHEN	blankgap	0	set	tlers	settlers	
production-1883-84-regular	80	HYPHEN	blankgap	0	bene	fited	benefited	
production-1883-84-regular	81	HYPHEN	blankgap	0	corre	sponding	corresponding	
production-1883-84-regular	81	HYPHEN	blankgap	0	accom	panying	accompanying	
production-1883-84-regular	86	HYPHEN	blankgap	0	men	tioned	mentioned	
production-1885-86	104	HYPHEN	margin	23	appropria	tion	appropriation	in the treasury not otherwise appropriated the sum of twenty oo Nations | five thousand dollars to be expended in the discre ment Grand
production-1885-86	111	HYPHEN	blankgap	0	appro	priation	appropriation	
production-1885-86	113	HYPHEN	margin	24	appro	priation	appropriation	lum at Napa Hriated out of any money in the State Treasury not otherwise | appropriated for the payment of the deficiency in the appro
production-1885-86	120	HYPHEN	blankgap	0	appro	priation	appropriation	
production-1885-86	127	HYPHEN	blankgap	0	cor	poration	corporation	
production-1885-86	142	HYPHEN	blankgap	0	redemp	tioner	redemptioner	
production-1885-86	147	HYPHEN	blankgap	0	men	tioned	mentioned	
production-1885-86	147	HYPHEN	blankgap	0	man	agement	management	
production-1885-86	164	HYPHEN	blankgap	0	pun	ishment	punishment	
production-1885-86	166	HYPHEN	blankgap	0	inhab	itants	inhabitants	
production-1885-86	172	HYPHEN	blankgap	0	prop	erty	property	
production-1885-86	195	HYPHEN	blankgap	0	men	tioned	mentioned	
production-1885-86	201	HYPHEN	blankgap	0	superin	tendent	superintendent	
production-1885-86	203	HYPHEN	blankgap	0	su	perintendent	superintendent	
production-1885-86	203	HYPHEN	blankgap	0	exemp	tion	exemption	
production-1885-86	205	HYPHEN	blankgap	0	respect	ively	respectively	
production-1885-86	207	HYPHEN	blankgap	0	determina	tion	determination	
production-1885-86	207	HYPHEN	blankgap	0	com	plained	complained	
production-1885-86	209	HYPHEN	blankgap	0	con	strued	construed	
production-1885-86	236	HYPHEN	blankgap	0	res	idences	residences	
production-1885-86	248	HYPHEN	blankgap	0	thir	tieth	thirtieth	
production-1885-86	257	HYPHEN	blankgap	0	treas	urer	treasurer	
production-1885-86	261	HYPHEN	margin	10	pro	cedure	procedure	visions in this Code contained regulating the mode of pro
production-1885-86	266	HYPHEN	blankgap	0	re	quired	required	
production-1885-86	278	HYPHEN	blankgap	0	legisla	tion	legislation	
production-1885-86	281	HYPHEN	blankgap	0	con	tinue	continue	
production-1885-86	281	HYPHEN	blankgap	0	legisla	tion	legislation	
production-1885-86	283	HYPHEN	blankgap	0	propor	tion	proportion	
production-1885-86	283	HYPHEN	blankgap	0	sophis	ticated	sophisticated	
production-1885-86	283	HYPHEN	blankgap	0	viticult	ure	viticulture	
production-1885-86	286	HYPHEN	blankgap	0	exporta	tion	exportation	
production-1885-86	288	HYPHEN	blankgap	0	ade	quately	adequately	
production-1885-86	288	HYPHEN	blankgap	0	gov	ernor	governor	
production-1885-86	33	HYPHEN	blankgap	0	attor	ney	attorney	
production-1885-86	36	HYPHEN	blankgap	0	distrib	uting	distributing	
production-1885-86	39	HYPHEN	blankgap	0	con	stitute	constitute	
production-1885-86	41	HYPHEN	margin	34	elect	uary	electuary	ors thereof at the regular gubernatorial elections whose salary shall be fixed by Jaw and whose | term of office shall be four years commencing on the first Monday after the first day of Jan
production-1885-86	56	HYPHEN	blankgap	0	horticult	ural	horticultural	
production-1885-86	70	HYPHEN	blankgap	0	treas	urer	treasurer	
production-1885-86	72	HYPHEN	blankgap	0	be	queathed	bequeathed	
production-1885-86	79	HYPHEN	blankgap	0	ascer	tained	ascertained	
production-1885-86	80	HYPHEN	blankgap	0	dis	trict	district	
production-1885-86	80	HYPHEN	blankgap	0	con	trary	contrary	
production-1885-86	90	HYPHEN	blankgap	0	asso	ciations	associations	
production-1885-86	95	HYPHEN	blankgap	0	mineral	ogical	mineralogical	
production-1887	105	HYPHEN	blankgap	0	gov	ernor	governor	
production-1887	105	HYPHEN	blankgap	0	sur	veyor	surveyor	
production-1887	106	HYPHEN	blankgap	0	sac	ramento	sacramento	
production-1887	106	HYPHEN	blankgap	0	depu	ties	deputies	
production-1887	106	HYPHEN	blankgap	0	au	thority	authority	
production-1887	138	HYPHEN	blankgap	0	prop	erty	property	
production-1887	140	HYPHEN	blankgap	0	ex	isting	existing	
production-1887	143	HYPHEN	margin	2	liquida	tion	liquidation	n hquida
production-1887	144	HYPHEN	margin	12	qualifica	tion	qualification	engaged in business of any kind requiring his personal atten fontot Com
production-1887	173	HYPHEN	blankgap	0	im	provement	improvement	
production-1887	195	HYPHEN	blankgap	0	dis	tricts	districts	
production-1887	198	HYPHEN	blankgap	0	ex	penses	expenses	
production-1887	199	HYPHEN	blankgap	0	cer	tificate	certificate	
production-1887	211	HYPHEN	blankgap	0	hereinbe	fore	hereinbefore	
production-1887	218	HYPHEN	blankgap	0	incor	porated	incorporated	
production-1887	230	HYPHEN	blankgap	0	unex	pired	unexpired	
production-1887	248	HYPHEN	blankgap	0	incorpora	tion	incorporation	
production-1887	274	HYPHEN	blankgap	0	dredg	ing	dredging	
production-1887	278	HYPHEN	margin	10	col	lecting	collecting	jected in the vear eighteen hundred and seventy five col
production-1887	279	HYPHEN	blankgap	0	con	ditioned	conditioned	
production-1887	279	HYPHEN	blankgap	0	commis	sioners	commissioners	
production-1887	285	HYPHEN	blankgap	0	pros	ecution	prosecution	
production-1887	294	HYPHEN	blankgap	0	jus	tices	justices	
production-1887	3	HYPHEN	blankgap	0	mu	nicipal	municipal	
production-1887	300	HYPHEN	margin	12	libra	rians	librarians	be and he is hereby directed to communicate with the Libra tirected
production-1887	300	HYPHEN	blankgap	0	prac	tices	practices	
production-1887	41	HYPHEN	margin	34	elect	uary	electuary	ors thereof at the regular gubernatorial elections whose salary shall be fixed by law and whose | term of office shall be four years commencing on the first Monday after the first day of Jan
production-1887	64	HYPHEN	blankgap	0	indebt	edness	indebtedness	
production-1887	69	HYPHEN	blankgap	0	imme	diate	immediate	
production-1887	80	HYPHEN	blankgap	0	irri	gation	irrigation	
production-1887	81	HYPHEN	blankgap	0	peti	tioners	petitioners	
production-1887	81	HYPHEN	blankgap	0	re	quired	required	
production-1887	82	HYPHEN	blankgap	0	pre	cincts	precincts	
production-1889	108	HYPHEN	blankgap	0	treas	urer	treasurer	
production-1889	109	HYPHEN	blankgap	0	treas	urer	treasurer	
production-1889	125	HYPHEN	blankgap	0	ex	piration	expiration	
production-1889	132	NOHYPHEN	margin	14	forin	sec	forinsec	this Act shall be necessary to give validity to any proceed | ings had thereunder
production-1889	139	HYPHEN	blankgap	0	pre	senting	presenting	
production-1889	151	HYPHEN	blankgap	0	pro	cedure	procedure	
production-1889	153	HYPHEN	blankgap	0	treas	urer	treasurer	
production-1889	155	HYPHEN	blankgap	0	jus	tices	justices	
production-1889	237	HYPHEN	blankgap	0	au	ditor	auditor	
production-1889	258	HYPHEN	blankgap	0	sev	enteen	seventeen	
production-1889	261	HYPHEN	blankgap	0	immedi	ately	immediately	
production-1889	274	HYPHEN	blankgap	0	attor	ney	attorney	
production-1889	283	HYPHEN	blankgap	0	vol	unteers	volunteers	
production-1889	309	HYPHEN	margin	9	tran	sition	transition	scription thereof duly certified to shall constitute the depo
production-1889	327	HYPHEN	blankgap	0	ascer	tain	ascertain	
production-1889	347	HYPHEN	blankgap	0	com	pensation	compensation	
production-1889	358	HYPHEN	margin	13	appropria	tors	appropriators	dred dollars is hereby appropriated to be paid to the Direc m ig
production-1889	365	HYPHEN	blankgap	0	ap	pointee	appointee	
production-1889	382	HYPHEN	blankgap	0	distribut	ing	distributing	
production-1889	390	HYPHEN	blankgap	0	recla	mation	reclamation	
production-1889	392	HYPHEN	blankgap	0	com	pensation	compensation	
production-1889	394	HYPHEN	blankgap	0	re	ceive	receive	
production-1889	430	HYPHEN	blankgap	0	dis	tricts	districts	
production-1889	439	HYPHEN	blankgap	0	re	quired	required	
production-1889	439	HYPHEN	blankgap	0	commis	sioners	commissioners	
production-1889	444	HYPHEN	blankgap	0	cor	porations	corporations	
production-1889	450	HYPHEN	blankgap	0	treas	urer	treasurer	
production-1889	454	HYPHEN	blankgap	0	appro	priate	appropriate	
production-1889	454	HYPHEN	blankgap	0	in	corporated	incorporated	
production-1889	47	HYPHEN	margin	34	elect	uary	electuary	ors thereof at the regular gubernatorial elections whose salary shall be fixed by law and whose | term of office shall be four years commencing on the first Monday after the first day of Jan
production-1889	497	HYPHEN	blankgap	0	ac	cepted	accepted	
production-1889	503	HYPHEN	blankgap	0	indebt	edness	indebtedness	
production-1889	504	HYPHEN	blankgap	0	com	pensation	compensation	
production-1889	517	HYPHEN	blankgap	0	jurisdic	tion	jurisdiction	
production-1889	527	HYPHEN	blankgap	0	prop	erty	property	
production-1889	565	HYPHEN	blankgap	0	inhab	itants	inhabitants	
production-1889	577	HYPHEN	blankgap	0	muni	cipal	municipal	
production-1889	591	HYPHEN	blankgap	0	accom	panied	accompanied	
production-1889	62	HYPHEN	blankgap	0	treas	urer	treasurer	
production-1889	627	HYPHEN	blankgap	0	sup	plement	supplement	
production-1889	63	HYPHEN	blankgap	0	pub	lishing	publishing	
production-1889	630	HYPHEN	blankgap	0	hab	itation	habitation	
production-1889	637	HYPHEN	blankgap	0	con	structed	constructed	
production-1889	67	HYPHEN	blankgap	0	impris	onment	imprisonment	
production-1889	70	HYPHEN	blankgap	0	acquisi	tion	acquisition	
production-1889	700	HYPHEN	blankgap	0	penin	sula	peninsula	
production-1889	746	HYPHEN	blankgap	0	dis	trict	district	
production-1889	749	HYPHEN	blankgap	0	fahr	enheit	fahrenheit	
production-1889	76	HYPHEN	blankgap	0	irriga	tion	irrigation	
production-1889	788	HYPHEN	blankgap	0	im	provement	improvement	
production-1889	791	HYPHEN	blankgap	0	con	curring	concurring	
production-1889	88	HYPHEN	blankgap	0	cal	averas	calaveras	
production-1891	108	HYPHEN	blankgap	0	irri	gation	irrigation	
production-1891	119	HYPHEN	blankgap	0	misde	meanor	misdemeanor	
production-1891	138	HYPHEN	margin	23	pre	torial	pretorial	cinct or other local subdivision of any county city city and | county or town so as to change the boundaries of any sena
production-1891	149	HYPHEN	blankgap	0	here	inafter	hereinafter	
production-1891	175	HYPHEN	blankgap	0	cer	tified	certified	
production-1891	175	HYPHEN	blankgap	0	incor	porated	incorporated	
production-1891	182	HYPHEN	blankgap	0	com	pleted	completed	
production-1891	189	HYPHEN	margin	22	prop	erty	property	beserved erty purchased or upon the person occupying the property if | said property is occupied a written notice stating that said prop
production-1891	193	HYPHEN	blankgap	0	dis	trict	district	
production-1891	193	HYPHEN	blankgap	0	agricult	ural	agricultural	
production-1891	193	HYPHEN	blankgap	0	con	stitute	constitute	
production-1891	193	HYPHEN	blankgap	0	con	stitute	constitute	
production-1891	2	HYPHEN	blankgap	0	de	ficiency	deficiency	
production-1891	232	HYPHEN	blankgap	0	dis	tinctly	distinctly	
production-1891	247	HYPHEN	margin	21	prose	cution	prosecution	tion in cution for murder the embezzlement of publi moneys and | erimes the falsification of public records must be commenced Prose
production-1891	270	HYPHEN	blankgap	0	mu	nicipalities	municipalities	
production-1891	280	HYPHEN	blankgap	0	infec	tious	infectious	
production-1891	286	HYPHEN	blankgap	0	dis	trict	district	
production-1891	308	HYPHEN	blankgap	0	accumu	lated	accumulated	
production-1891	312	HYPHEN	blankgap	0	con	tinue	continue	
production-1891	352	HYPHEN	blankgap	0	classifi	cation	classification	
production-1891	352	HYPHEN	margin	23	qualifica	tion	qualification	an elector of the district which he represents and must have Hon | been such for at least one year immediately preceding his elec
production-1891	357	HYPHEN	blankgap	0	con	ferred	conferred	
production-1891	358	HYPHEN	blankgap	0	cancella	tion	cancellation	
production-1891	358	HYPHEN	blankgap	0	in	debtedness	indebtedness	
production-1891	40	HYPHEN	margin	16	pro	ceedings	proceedings	ate of divorce and for annulment of marriage and of all such special cases and pro
production-1891	408	NOHYPHEN	margin	19	gerk	in	gerkin	by such Clerk thereon to and including the filing of the | remittitur from the Supreme Court on such appeal
production-1891	449	HYPHEN	blankgap	0	acknowl	edgments	acknowledgments	
production-1891	453	HYPHEN	blankgap	0	deposi	tions	depositions	
production-1891	474	HYPHEN	blankgap	0	naturaliza	tion	naturalization	
production-1891	482	HYPHEN	blankgap	0	pro	cedure	procedure	
production-1891	499	HYPHEN	margin	18	equali	zation	equalization	duties of zation are as follows | of Equali To prescribe rules for its own government and for the
production-1891	517	HYPHEN	blankgap	0	admin	istered	administered	
production-1891	525	HYPHEN	blankgap	0	num	bered	numbered	
production-1891	537	HYPHEN	blankgap	0	ine	briate	inebriate	
production-1891	537	HYPHEN	blankgap	0	inebri	ate	inebriate	
production-1891	538	HYPHEN	blankgap	0	appro	priate	appropriate	
production-1891	585	HYPHEN	blankgap	0	expo	sition	exposition	
production-1891	586	HYPHEN	blankgap	0	con	stitution	constitution	
production-1891	586	HYPHEN	blankgap	0	legis	lature	legislature	
production-1891	586	HYPHEN	blankgap	0	agricult	ure	agriculture	
production-1891	586	HYPHEN	blankgap	0	cur	rency	currency	
production-1891	589	HYPHEN	blankgap	0	legisla	tive	legislative	
production-1891	591	HYPHEN	blankgap	0	estab	lishing	establishing	
production-1891	62	HYPHEN	blankgap	0	min	isterial	ministerial	
production-1891	72	HYPHEN	blankgap	0	legis	lature	legislature	
production-1891	79	HYPHEN	blankgap	0	munic	ipal	municipal	
production-1891	86	HYPHEN	blankgap	0	qualifica	tions	qualifications	
production-1891	92	HYPHEN	blankgap	0	cer	tified	certified	
production-1891	96	HYPHEN	blankgap	0	dis	trict	district	
production-1893	101	HYPHEN	margin	20	preser	vation	preservation	apres Vation of fish in the waters of the State for the forty second | oration and forty third fiscal years
production-1893	101	HYPHEN	blankgap	0	sta	tionery	stationery	
production-1893	116	HYPHEN	blankgap	0	incor	porated	incorporated	
production-1893	116	HYPHEN	blankgap	0	men	tioned	mentioned	
production-1893	122	HYPHEN	blankgap	0	appro	priate	appropriate	
production-1893	124	HYPHEN	blankgap	0	respect	ively	respectively	
production-1893	142	NOHYPHEN	margin	16	pued	a	pueda	such person out of the proceeds of the sale or in the event of be paid
production-1893	146	HYPHEN	blankgap	0	bene	fited	benefited	
production-1893	16	HYPHEN	margin	9	for	agement	foragement	mation of agricultural associations therein and for the man
production-1893	174	HYPHEN	blankgap	0	immedi	ately	immediately	
production-1893	181	HYPHEN	blankgap	0	fur	niture	furniture	
production-1893	201	HYPHEN	blankgap	0	exam	iners	examiners	
production-1893	206	HYPHEN	blankgap	0	gov	ernor	governor	
production-1893	218	HYPHEN	blankgap	0	indebt	edness	indebtedness	
production-1893	218	HYPHEN	blankgap	0	prop	erty	property	
production-1893	219	HYPHEN	blankgap	0	indebt	edness	indebtedness	
production-1893	22	HYPHEN	blankgap	0	peda	gogics	pedagogics	
production-1893	229	HYPHEN	blankgap	0	appropria	tion	appropriation	
production-1893	230	HYPHEN	blankgap	0	dis	tribution	distribution	
production-1893	241	HYPHEN	blankgap	0	thir	tieth	thirtieth	
production-1893	243	HYPHEN	blankgap	0	commis	sioners	commissioners	
production-1893	243	HYPHEN	blankgap	0	exam	iners	examiners	
production-1893	244	NOHYPHEN	margin	22	appropria	tion	appropriation	appropriated out of the General Fund in the State Treasury | to be expended by the State Board of Health under the direc
production-1893	244	HYPHEN	blankgap	0	appro	priation	appropriation	
production-1893	287	HYPHEN	blankgap	0	attor	ney	attorney	
production-1893	294	HYPHEN	blankgap	0	dis	trict	district	
production-1893	307	HYPHEN	blankgap	0	in	stitutions	institutions	
production-1893	337	HYPHEN	blankgap	0	dis	trict	district	
production-1893	350	HYPHEN	blankgap	0	dis	tricts	districts	
production-1893	350	HYPHEN	blankgap	0	acquisi	tion	acquisition	
production-1893	382	HYPHEN	blankgap	0	incon	sistent	inconsistent	
production-1893	398	HYPHEN	blankgap	0	expendi	tures	expenditures	
production-1893	408	HYPHEN	blankgap	0	empow	ered	empowered	
production-1893	436	HYPHEN	blankgap	0	magis	trates	magistrates	
production-1893	438	HYPHEN	margin	21	de	sition	desition	scription of the deceased as may be sufficient for identification | property found on the person of deceased if any what dispo
production-1893	438	HYPHEN	blankgap	0	dispo	sition	disposition	
production-1893	443	HYPHEN	blankgap	0	dock	eting	docketing	
production-1893	444	HYPHEN	blankgap	0	in	ventory	inventory	
production-1893	473	HYPHEN	blankgap	0	com	menced	commenced	
production-1893	494	HYPHEN	margin	12	trans	ferred	transferred	mit the papers and the Justice before whom the case is trans
production-1893	507	HYPHEN	blankgap	0	exam	ination	examination	
production-1893	509	HYPHEN	blankgap	0	justifi	cation	justification	
production-1893	509	HYPHEN	blankgap	0	remit	titur	remittitur	
production-1893	529	HYPHEN	blankgap	0	incor	poration	incorporation	
production-1893	533	HYPHEN	blankgap	0	incorpora	tion	incorporation	
production-1893	533	HYPHEN	blankgap	0	incor	poration	incorporation	
production-1893	533	HYPHEN	blankgap	0	admin	istration	administration	
production-1893	551	HYPHEN	blankgap	0	neces	sarily	necessarily	
production-1893	575	HYPHEN	blankgap	0	dis	trict	district	
production-1893	579	HYPHEN	blankgap	0	irriga	tion	irrigation	
production-1893	597	HYPHEN	blankgap	0	imme	diate	immediate	
production-1893	600	HYPHEN	blankgap	0	prin	ciples	principles	
production-1893	625	HYPHEN	blankgap	0	com	pletion	completion	
production-1893	656	HYPHEN	blankgap	0	spec	ifications	specifications	
production-1893	667	HYPHEN	blankgap	0	legisla	ture	legislature	
production-1893	673	HYPHEN	blankgap	0	attor	ney	attorney	
production-1893	678	HYPHEN	blankgap	0	repre	sentatives	representatives	
production-1893	681	HYPHEN	blankgap	0	endeav	ors	endeavors	
production-1893	703	HYPHEN	blankgap	0	occupa	tions	occupations	
production-1893	703	HYPHEN	blankgap	0	col	lecting	collecting	
production-1893	703	HYPHEN	blankgap	0	col	lected	collected	
production-1893	711	HYPHEN	blankgap	0	trans	portation	transportation	
production-1893	713	HYPHEN	blankgap	0	legis	lature	legislature	
production-1893	73	HYPHEN	margin	25	lodg	ing	lodging	fodging Dg or maintaining a person at any place or domicile in any | voters election precinct or ward or district with the purpose of secur
production-1893	76	HYPHEN	blankgap	0	unex	pired	unexpired	
production-1893	95	HYPHEN	blankgap	0	satisfac	tion	satisfaction	
production-1895	104	HYPHEN	blankgap	0	thir	tieth	thirtieth	
production-1895	109	HYPHEN	blankgap	0	examina	tion	examination	
production-1895	119	HYPHEN	blankgap	0	appro	priated	appropriated	
production-1895	138	HYPHEN	blankgap	0	dis	tricts	districts	
production-1895	146	HYPHEN	blankgap	0	superin	tendents	superintendents	
production-1895	148	HYPHEN	blankgap	0	in	debtedness	indebtedness	
production-1895	151	HYPHEN	blankgap	0	ac	cordance	accordance	
production-1895	161	HYPHEN	blankgap	0	com	pensation	compensation	
production-1895	164	HYPHEN	blankgap	0	treas	urer	treasurer	
production-1895	169	HYPHEN	blankgap	0	disin	corporation	disincorporation	
production-1895	169	HYPHEN	blankgap	0	in	debtedness	indebtedness	
production-1895	183	HYPHEN	blankgap	0	appro	priation	appropriation	
production-1895	202	HYPHEN	blankgap	0	insolv	ency	insolvency	
production-1895	211	HYPHEN	blankgap	0	men	tioned	mentioned	
production-1895	212	HYPHEN	blankgap	0	incorpora	tion	incorporation	
production-1895	220	HYPHEN	blankgap	0	preserva	tion	preservation	
production-1895	223	HYPHEN	blankgap	0	bene	ficiaries	beneficiaries	
production-1895	23	HYPHEN	blankgap	0	tuol	umne	tuolumne	
production-1895	250	HYPHEN	blankgap	0	dis	tricts	districts	
production-1895	254	HYPHEN	blankgap	0	com	mitment	commitment	
production-1895	254	HYPHEN	blankgap	0	con	flict	conflict	
production-1895	281	HYPHEN	blankgap	0	assem	blage	assemblage	
production-1895	281	HYPHEN	blankgap	0	com	pleted	completed	
production-1895	285	HYPHEN	blankgap	0	con	veyed	conveyed	
production-1895	288	HYPHEN	blankgap	0	commis	sioners	commissioners	
production-1895	288	HYPHEN	blankgap	0	legis	lature	legislature	
production-1895	295	HYPHEN	blankgap	0	accom	modation	accommodation	
production-1895	300	HYPHEN	blankgap	0	rectifica	tion	rectification	
production-1895	314	HYPHEN	blankgap	0	con	viction	conviction	
production-1895	343	HYPHEN	blankgap	0	agricult	ural	agricultural	
production-1895	344	HYPHEN	blankgap	0	teha	chapi	tehachapi	
production-1895	344	HYPHEN	blankgap	0	appropria	tion	appropriation	
production-1895	395	HYPHEN	blankgap	0	affilia	tion	affiliation	
production-1895	397	HYPHEN	margin	11	commis	sioners	commissioners	ulation gioners under the direction of the Board of Election Commis
production-1895	398	HYPHEN	blankgap	0	system	atizing	systematizing	
production-1895	399	HYPHEN	blankgap	0	requi	sition	requisition	
production-1895	4	HYPHEN	blankgap	0	appro	priate	appropriate	
production-1895	40	HYPHEN	blankgap	0	commu	tations	commutations	
production-1895	401	HYPHEN	blankgap	0	representa	tives	representatives	
production-1895	418	HYPHEN	blankgap	0	occupa	tions	occupations	
production-1895	420	HYPHEN	blankgap	0	preju	dice	prejudice	
production-1895	431	HYPHEN	blankgap	0	com	menced	commenced	
production-1895	439	HYPHEN	blankgap	0	prop	erty	property	
production-1895	460	HYPHEN	blankgap	0	repre	sentatives	representatives	
production-1895	487	HYPHEN	blankgap	0	col	lected	collected	
production-1895	495	HYPHEN	blankgap	0	repre	sentatives	representatives	
production-1895	497	HYPHEN	blankgap	0	repub	lican	republican	
production-1895	497	HYPHEN	blankgap	0	repre	sentatives	representatives	
production-1895	8	HYPHEN	blankgap	0	im	provements	improvements	
production-1895	83	HYPHEN	blankgap	0	con	viction	conviction	
production-1895	84	HYPHEN	blankgap	0	inter	ested	interested	
production-1895	98	HYPHEN	blankgap	0	appro	priated	appropriated	
production-1897	117	HYPHEN	blankgap	0	sur	vivor	survivor	
production-1897	144	HYPHEN	blankgap	0	incorpora	tion	incorporation	
production-1897	15	HYPHEN	margin	13	in	flict	inflict	mates therein and to repeal all Acts or parts of Acts in con
production-1897	160	HYPHEN	blankgap	0	dis	trict	district	
production-1897	161	HYPHEN	blankgap	0	hun	dredths	hundredths	
production-1897	171	HYPHEN	blankgap	0	organi	zation	organization	
production-1897	190	HYPHEN	blankgap	0	fran	chises	franchises	
production-1897	193	HYPHEN	blankgap	0	regis	trars	registrars	
production-1897	194	HYPHEN	blankgap	0	regis	trars	registrars	
production-1897	22	HYPHEN	blankgap	0	inhab	itants	inhabitants	
production-1897	228	HYPHEN	blankgap	0	commis	sioner	commissioner	
production-1897	23	HYPHEN	blankgap	0	gov	ernor	governor	
production-1897	23	HYPHEN	blankgap	0	con	stitution	constitution	
production-1897	260	HYPHEN	margin	12	appropria	tion	appropriation	is hereby appropriated to pay the deficiency in the appropria Yon for
production-1897	263	HYPHEN	blankgap	0	manu	factures	manufactures	
production-1897	266	NOHYPHEN	margin	23	appropria	tion	appropriation	hereby appropriated out of any money in the state treasury not fon Jor | otherwise appropriated to pay the deficiency in the appropria Atiorney
production-1897	328	HYPHEN	blankgap	0	preced	ing	preceding	
production-1897	361	HYPHEN	margin	13	dis	trict	district	seieun trict No | fore ta The County of Tehama shall constitute Agricultural Dis
production-1897	361	HYPHEN	blankgap	0	dis	trict	district	
production-1897	366	HYPHEN	blankgap	0	appre	hension	apprehension	
production-1897	368	HYPHEN	margin	24	examina	tion	examination	or a majority of the members thereof shall from time to time of | make an examination of all records and methods of administra methods
production-1897	368	HYPHEN	blankgap	0	recommen	dations	recommendations	
production-1897	401	HYPHEN	blankgap	0	appro	priating	appropriating	
production-1897	439	HYPHEN	margin	10	com	pensation	compensation	Jee or com pensation whatever for assessing collecting receiving keep
production-1897	446	HYPHEN	blankgap	0	appro	priation	appropriation	
production-1897	449	HYPHEN	blankgap	0	amend	atory	amendatory	
production-1897	471	HYPHEN	blankgap	0	examina	tion	examination	
production-1897	473	HYPHEN	blankgap	0	pur	suance	pursuance	
production-1897	479	HYPHEN	blankgap	0	treas	urer	treasurer	
production-1897	498	HYPHEN	blankgap	0	appro	priation	appropriation	
production-1897	505	HYPHEN	blankgap	0	cultiva	tion	cultivation	
production-1897	505	HYPHEN	blankgap	0	cultiva	tion	cultivation	
production-1897	508	HYPHEN	blankgap	0	attor	ney	attorney	
production-1897	516	HYPHEN	blankgap	0	prin	cipal	principal	
production-1897	516	HYPHEN	blankgap	0	indebt	edness	indebtedness	
production-1897	516	HYPHEN	blankgap	0	can	celed	canceled	
production-1897	52	HYPHEN	blankgap	0	com	pletion	completion	
production-1897	527	HYPHEN	blankgap	0	inter	ested	interested	
production-1897	527	HYPHEN	blankgap	0	trans	ferred	transferred	
production-1897	57	HYPHEN	blankgap	0	irriga	tion	irrigation	
production-1897	57	HYPHEN	blankgap	0	prop	erty	property	
production-1897	577	HYPHEN	blankgap	0	compensa	tion	compensation	
production-1897	594	HYPHEN	blankgap	0	col	lected	collected	
production-1897	613	HYPHEN	blankgap	0	prelimi	nary	preliminary	
production-1897	636	HYPHEN	blankgap	0	peti	tioned	petitioned	
production-1897	636	HYPHEN	blankgap	0	con	gressional	congressional	
production-1897	66	HYPHEN	blankgap	0	pro	posals	proposals	
production-1897	700	HYPHEN	blankgap	0	con	stitution	constitution	
production-1897	700	HYPHEN	blankgap	0	legis	lature	legislature	
production-1897	700	HYPHEN	blankgap	0	com	mencing	commencing	
production-1897	705	HYPHEN	margin	13	legisla	tion	legislation	of the ture of the State of California commencing on the fourth day
production-1897	706	HYPHEN	blankgap	0	legisla	ture	legislature	
production-1897	87	HYPHEN	blankgap	0	prop	erty	property	
production-1897	97	HYPHEN	blankgap	0	redemp	tion	redemption	
production-1897	97	HYPHEN	blankgap	0	redemp	tion	redemption	
production-1899	105	HYPHEN	blankgap	0	dis	trict	district	
production-1899	140	HYPHEN	blankgap	0	redemp	tion	redemption	
production-1899	146	HYPHEN	blankgap	0	injuri	ous	injurious	
production-1899	148	HYPHEN	blankgap	0	appro	priation	appropriation	
production-1899	174	HYPHEN	blankgap	0	commis	sioner	commissioner	
production-1899	184	HYPHEN	blankgap	0	infec	tious	infectious	
production-1899	204	HYPHEN	blankgap	0	appro	priate	appropriate	
production-1899	209	HYPHEN	blankgap	0	in	cluding	including	
production-1899	213	HYPHEN	blankgap	0	treas	urer	treasurer	
production-1899	214	HYPHEN	blankgap	0	commis	sioner	commissioner	
production-1899	217	HYPHEN	blankgap	0	legis	lature	legislature	
production-1899	234	HYPHEN	blankgap	0	appro	priation	appropriation	
production-1899	235	HYPHEN	blankgap	0	con	veyance	conveyance	
production-1899	272	HYPHEN	blankgap	0	healds	burg	healdsburg	
production-1899	275	HYPHEN	blankgap	0	di	rected	directed	
production-1899	314	HYPHEN	blankgap	0	con	tracted	contracted	
production-1899	332	HYPHEN	blankgap	0	cor	poration	corporation	
production-1899	335	HYPHEN	blankgap	0	dis	trict	district	
production-1899	341	NOHYPHEN	margin	10	courl	and	courland	Rules Suc The police judges shall adopt all necessary rules
production-1899	350	HYPHEN	blankgap	0	supervis	ors	supervisors	
production-1899	350	HYPHEN	margin	13	recom	mendation	recommendation	ordered to be done by the supervisors unless a written recom fons by
production-1899	356	HYPHEN	blankgap	0	suc	cessors	successors	
production-1899	364	HYPHEN	blankgap	0	priv	ilege	privilege	
production-1899	375	HYPHEN	margin	19	sec	tionary	sectionary	tion shall be construed to prevent the board from removing | teachers holding only special certificates or serving a proba
production-1899	397	HYPHEN	blankgap	0	appro	priation	appropriation	
production-1899	4	HYPHEN	blankgap	0	para	sitical	parasitical	
production-1899	408	HYPHEN	blankgap	0	commis	sioners	commissioners	
production-1899	433	HYPHEN	blankgap	0	ordi	nances	ordinances	
production-1899	471	HYPHEN	blankgap	0	pro	fession	profession	
production-1899	471	HYPHEN	blankgap	0	ordi	nances	ordinances	
production-1899	482	HYPHEN	blankgap	0	treas	urer	treasurer	
production-1899	499	HYPHEN	blankgap	0	nica	ragua	nicaragua	
production-1899	5	HYPHEN	blankgap	0	incor	porated	incorporated	
production-1899	5	HYPHEN	blankgap	0	con	ventions	conventions	
production-1899	540	HYPHEN	blankgap	0	prop	erty	property	
production-1899	551	HYPHEN	blankgap	0	simi	larly	similarly	
production-1899	559	HYPHEN	blankgap	0	propor	tion	proportion	
production-1899	56	HYPHEN	blankgap	0	legis	lature	legislature	
production-1899	69	HYPHEN	margin	12	cor	poration	corporation	Disincor poration or if there is no newspaper published in said corpo
production-1899	87	HYPHEN	blankgap	0	collect	ively	collectively	
production-1899	92	HYPHEN	blankgap	0	incorpo	rated	incorporated	
production-1900-01	1004	HYPHEN	blankgap	0	appro	priate	appropriate	
production-1900-01	1017	HYPHEN	blankgap	0	con	stitution	constitution	
production-1900-01	1021	HYPHEN	blankgap	0	commis	sioners	commissioners	
production-1900-01	1025	HYPHEN	blankgap	0	com	pilation	compilation	
production-1900-01	13	HYPHEN	blankgap	0	gov	ernor	governor	
production-1900-01	13	HYPHEN	blankgap	0	con	stitutional	constitutional	
production-1900-01	13	HYPHEN	blankgap	0	incor	porated	incorporated	
production-1900-01	13	HYPHEN	blankgap	0	pro	ceedings	proceedings	
production-1900-01	220	HYPHEN	blankgap	0	compen	sation	compensation	
production-1900-01	3	HYPHEN	blankgap	0	investi	gation	investigation	
production-1900-01	3	HYPHEN	blankgap	0	gov	ernor	governor	
production-1900-01	3	HYPHEN	blankgap	0	com	pensation	compensation	
production-1900-01	306	HYPHEN	blankgap	0	prop	erty	property	
production-1900-01	323	HYPHEN	blankgap	0	fran	chises	franchises	
production-1900-01	363	HYPHEN	blankgap	0	agricul	tural	agricultural	
production-1900-01	365	HYPHEN	blankgap	0	authoriz	ing	authorizing	
production-1900-01	37	HYPHEN	blankgap	0	exer	cising	exercising	
production-1900-01	378	HYPHEN	margin	11	disincorpora	tion	disincorporation	peroreore tion no further petition shall be entertained or election ordered
production-1900-01	379	HYPHEN	margin	10	ques	tioning	questioning	tion and appoint three qualified electors in each district peti
production-1900-01	39	HYPHEN	blankgap	0	appropria	tion	appropriation	
production-1900-01	409	HYPHEN	margin	11	prop	erty	property	wise specially provided A corporation may acquire real prop how muct
production-1900-01	425	HYPHEN	blankgap	0	prop	erty	property	
production-1900-01	431	HYPHEN	blankgap	0	incorpora	tion	incorporation	
production-1900-01	476	HYPHEN	blankgap	0	neces	sarily	necessarily	
production-1900-01	525	HYPHEN	blankgap	0	accommo	dation	accommodation	
production-1900-01	623	HYPHEN	blankgap	0	den	tistry	dentistry	
production-1900-01	629	HYPHEN	blankgap	0	preserva	tion	preservation	
production-1900-01	635	HYPHEN	blankgap	0	jus	tices	justices	
production-1900-01	664	HYPHEN	blankgap	0	repre	sentatives	representatives	
production-1900-01	666	HYPHEN	blankgap	0	dis	trict	district	
production-1900-01	666	HYPHEN	blankgap	0	nom	ination	nomination	
production-1900-01	67	NOHYPHEN	blankgap	0	appropria	tion	appropriation	
production-1900-01	675	HYPHEN	blankgap	0	legis	lative	legislative	
production-1900-01	675	HYPHEN	blankgap	0	can	vassed	canvassed	
production-1900-01	681	HYPHEN	blankgap	0	men	tioned	mentioned	
production-1900-01	682	HYPHEN	blankgap	0	commis	sioners	commissioners	
production-1900-01	682	HYPHEN	blankgap	0	impedi	ment	impediment	
production-1900-01	697	HYPHEN	blankgap	0	cer	tified	certified	
production-1900-01	725	HYPHEN	margin	13	recom	mendation	recommendation	education shall present to the state board of education a recom tions from
production-1900-01	750	HYPHEN	margin	13	depu	ties	deputies	Auditor ties and clerks who shall be appointed by the auditor and who
production-1900-01	751	HYPHEN	blankgap	0	prose	cution	prosecution	
production-1900-01	770	HYPHEN	blankgap	0	exer	cising	exercising	
production-1900-01	816	HYPHEN	blankgap	0	examina	tions	examinations	
production-1900-01	823	HYPHEN	blankgap	0	prelimi	nary	preliminary	
production-1900-01	841	HYPHEN	blankgap	0	superin	tendent	superintendent	
production-1900-01	845	HYPHEN	blankgap	0	prelimi	nary	preliminary	
production-1900-01	851	HYPHEN	blankgap	0	trans	cription	transcription	
production-1900-01	856	HYPHEN	blankgap	0	legisla	tive	legislative	
production-1900-01	867	HYPHEN	blankgap	0	prop	erty	property	
production-1900-01	872	HYPHEN	margin	3	pro	ceeds	proceeds	property F P
production-1900-01	898	HYPHEN	blankgap	0	con	structed	constructed	
production-1900-01	908	HYPHEN	blankgap	0	litiga	tion	litigation	
production-1900-01	91	HYPHEN	blankgap	0	appro	priation	appropriation	
production-1900-01	910	HYPHEN	margin	19	fur	nishing	furnishing	nished under written contract except as hereinafter provided | Before awarding any such contract for doing any work or fur
production-1900-01	933	HYPHEN	blankgap	0	con	sidered	considered	
production-1900-01	94	HYPHEN	blankgap	0	legis	lative	legislative	
production-1900-01	941	HYPHEN	blankgap	0	jan	uary	january	
production-1900-01	950	HYPHEN	blankgap	0	prin	cipal	principal	
production-1900-01	96	HYPHEN	blankgap	0	prin	cipal	principal	
production-1900-01	983	HYPHEN	blankgap	0	dis	trict	district	
production-1903	105	HYPHEN	blankgap	0	ex	tremity	extremity	
production-1903	158	HYPHEN	blankgap	0	suc	cessful	successful	
production-1903	168	HYPHEN	blankgap	0	num	bered	numbered	
production-1903	176	HYPHEN	blankgap	0	ascer	taining	ascertaining	
production-1903	178	HYPHEN	blankgap	0	fraudu	lent	fraudulent	
production-1903	178	HYPHEN	blankgap	0	imme	diate	immediate	
production-1903	179	HYPHEN	blankgap	0	recorda	tion	recordation	
production-1903	180	HYPHEN	blankgap	0	compen	sation	compensation	
production-1903	188	HYPHEN	blankgap	0	prop	erty	property	
production-1903	190	HYPHEN	blankgap	0	amenda	tory	amendatory	
production-1903	194	HYPHEN	blankgap	0	appro	priate	appropriate	
production-1903	229	HYPHEN	blankgap	0	corre	sponding	corresponding	
production-1903	239	HYPHEN	blankgap	0	pop	ulation	population	
production-1903	240	HYPHEN	blankgap	0	appropria	tion	appropriation	
production-1903	246	HYPHEN	blankgap	0	appro	priate	appropriate	
production-1903	255	HYPHEN	blankgap	0	secu	rity	security	
production-1903	273	HYPHEN	blankgap	0	inhab	itants	inhabitants	
production-1903	291	HYPHEN	blankgap	0	sur	veyor	surveyor	
production-1903	303	HYPHEN	blankgap	0	accom	plishment	accomplishment	
production-1903	317	HYPHEN	blankgap	0	treas	urer	treasurer	
production-1903	322	HYPHEN	blankgap	0	cor	porations	corporations	
production-1903	34	HYPHEN	blankgap	0	dis	trict	district	
production-1903	344	HYPHEN	blankgap	0	propor	tion	proportion	
production-1903	344	HYPHEN	blankgap	0	men	tioned	mentioned	
production-1903	344	HYPHEN	blankgap	0	men	tioned	mentioned	
production-1903	385	HYPHEN	blankgap	0	agricul	tural	agricultural	
production-1903	389	HYPHEN	blankgap	0	quali	fications	qualifications	
production-1903	396	HYPHEN	blankgap	0	con	flicting	conflicting	
production-1903	397	HYPHEN	blankgap	0	jurisdic	tion	jurisdiction	
production-1903	4	HYPHEN	blankgap	0	mu	nicipal	municipal	
production-1903	4	HYPHEN	blankgap	0	quar	antine	quarantine	
production-1903	4	HYPHEN	blankgap	0	ex	penses	expenses	
production-1903	4	HYPHEN	blankgap	0	feb	ruary	february	
production-1903	408	HYPHEN	blankgap	0	dis	trict	district	
production-1903	414	HYPHEN	blankgap	0	sit	uated	situated	
production-1903	427	HYPHEN	blankgap	0	incorpo	rated	incorporated	
production-1903	431	HYPHEN	blankgap	0	superin	tendent	superintendent	
production-1903	437	HYPHEN	blankgap	0	col	lected	collected	
production-1903	464	HYPHEN	blankgap	0	con	strued	construed	
production-1903	513	HYPHEN	blankgap	0	num	bered	numbered	
production-1903	521	HYPHEN	blankgap	0	supe	rior	superior	
production-1903	523	HYPHEN	blankgap	0	ber	nardino	bernardino	
production-1903	537	HYPHEN	blankgap	0	num	bered	numbered	
production-1903	537	HYPHEN	blankgap	0	jan	uary	january	
production-1903	547	HYPHEN	blankgap	0	compensa	tion	compensation	
production-1903	547	HYPHEN	blankgap	0	stenog	rapher	stenographer	
production-1903	583	HYPHEN	blankgap	0	appro	priation	appropriation	
production-1903	586	HYPHEN	blankgap	0	exam	iners	examiners	
production-1903	592	HYPHEN	blankgap	0	sec	retary	secretary	
production-1903	6	HYPHEN	blankgap	0	pro	tection	protection	
production-1903	6	HYPHEN	blankgap	0	appro	priation	appropriation	
production-1903	623	HYPHEN	blankgap	0	legis	lature	legislature	
production-1903	667	HYPHEN	blankgap	0	mon	terey	monterey	
production-1903	698	HYPHEN	blankgap	0	infec	tion	infection	
production-1903	722	HYPHEN	blankgap	0	prostitu	tion	prostitution	
production-1903	752	HYPHEN	blankgap	0	representa	tives	representatives	
production-1903	77	HYPHEN	blankgap	0	sur	viving	surviving	
production-1903	77	HYPHEN	blankgap	0	con	cerning	concerning	
production-1903	77	HYPHEN	blankgap	0	surren	dering	surrendering	
production-1903	784	HYPHEN	blankgap	0	treas	urer	treasurer	
production-1903	796	HYPHEN	blankgap	0	ordi	nances	ordinances	
production-1903	90	HYPHEN	blankgap	0	pres	ervation	preservation	
production-1903	90	HYPHEN	margin	13	disposi	tion	disposition	collected for any violation of any of the provisions of this sec om
production-1903	99	HYPHEN	blankgap	0	horticul	tural	horticultural	
production-1905	1023	HYPHEN	blankgap	0	pro	ceedings	proceedings	
production-1905	1051	HYPHEN	blankgap	0	superin	tendent	superintendent	
production-1905	1054	HYPHEN	blankgap	0	appro	priate	appropriate	
production-1905	1068	HYPHEN	blankgap	0	compen	sation	compensation	
production-1905	1077	HYPHEN	blankgap	0	num	bered	numbered	
production-1905	1079	HYPHEN	blankgap	0	feb	ruary	february	
production-1905	108	HYPHEN	blankgap	0	prop	erty	property	
production-1905	1096	HYPHEN	blankgap	0	inser	tion	insertion	
production-1905	1103	HYPHEN	blankgap	0	compensa	tion	compensation	
production-1905	1111	HYPHEN	blankgap	0	represent	atives	representatives	
production-1905	1113	HYPHEN	blankgap	0	inhab	itants	inhabitants	
production-1905	1114	HYPHEN	blankgap	0	assem	blyman	assemblyman	
production-1905	1115	HYPHEN	blankgap	0	dis	trict	district	
production-1905	122	HYPHEN	blankgap	0	jus	tices	justices	
production-1905	142	HYPHEN	margin	20	pro	hibiting	prohibiting	mote the purity of elections by regulating the conduct | thereof and to support the privilege of free suffrage by pro
production-1905	146	HYPHEN	blankgap	0	sec	retary	secretary	
production-1905	152	HYPHEN	blankgap	0	mar	riages	marriages	
production-1905	157	HYPHEN	blankgap	0	con	veying	conveying	
production-1905	164	HYPHEN	blankgap	0	estab	lishment	establishment	
production-1905	17	HYPHEN	blankgap	0	mer	cantile	mercantile	
production-1905	17	HYPHEN	blankgap	0	asso	ciation	association	
production-1905	17	HYPHEN	blankgap	0	asso	ciation	association	
production-1905	17	HYPHEN	blankgap	0	asso	ciation	association	
production-1905	170	NOHYPHEN	margin	22	compensa	tion	compensation	such services shall be fixed by the board of supervisors Toca | city council or other governing body of such local registra shan
production-1905	179	HYPHEN	blankgap	0	mer	chandise	merchandise	
production-1905	187	HYPHEN	margin	18	con	flict	conflict	sumption shall be guilty of a misdemeanor | Sec All acts and parts of acts inconsistent or in con
production-1905	188	HYPHEN	blankgap	0	cer	tificate	certificate	
production-1905	192	HYPHEN	blankgap	0	disinfec	tion	disinfection	
production-1905	195	HYPHEN	blankgap	0	prop	erty	property	
production-1905	195	HYPHEN	blankgap	0	pub	lication	publication	
production-1905	222	HYPHEN	margin	9	qualifica	tion	qualification	possess all the other qualifications required of precinct elec
production-1905	223	HYPHEN	blankgap	0	chal	lenged	challenged	
production-1905	232	HYPHEN	blankgap	0	cal	ifornia	california	
production-1905	232	HYPHEN	blankgap	0	for	estry	forestry	
production-1905	240	HYPHEN	blankgap	0	vet	erans	veterans	
production-1905	247	HYPHEN	blankgap	0	con	sidered	considered	
production-1905	248	HYPHEN	blankgap	0	appro	priation	appropriation	
production-1905	250	HYPHEN	blankgap	0	commis	sioners	commissioners	
production-1905	251	HYPHEN	margin	1	commis	sioners	commissioners	commis
production-1905	260	HYPHEN	blankgap	0	con	structing	constructing	
production-1905	263	HYPHEN	blankgap	0	im	provements	improvements	
production-1905	275	HYPHEN	blankgap	0	satisfac	tion	satisfaction	
production-1905	281	HYPHEN	blankgap	0	admin	istration	administration	
production-1905	292	HYPHEN	blankgap	0	prop	erty	property	
production-1905	293	HYPHEN	blankgap	0	pro	cedure	procedure	
production-1905	303	HYPHEN	blankgap	0	inad	vertence	inadvertence	
production-1905	304	HYPHEN	blankgap	0	preserva	tion	preservation	
production-1905	330	HYPHEN	blankgap	0	con	flict	conflict	
production-1905	357	HYPHEN	blankgap	0	mer	chandise	merchandise	
production-1905	376	HYPHEN	blankgap	0	pro	tecting	protecting	
production-1905	433	HYPHEN	blankgap	0	ministra	tor	ministrator	
production-1905	453	HYPHEN	blankgap	0	sec	retary	secretary	
production-1905	472	HYPHEN	blankgap	0	legisla	ture	legislature	
production-1905	492	HYPHEN	margin	10	supervis	ing	supervising	dollars per annum and his necessary expenses when attend ons
production-1905	508	HYPHEN	blankgap	0	notwith	standing	notwithstanding	
production-1905	534	HYPHEN	blankgap	0	compen	sation	compensation	
production-1905	550	NOHYPHEN	blankgap	0	compen	sation	compensation	
production-1905	58	HYPHEN	blankgap	0	com	pensation	compensation	
production-1905	58	HYPHEN	blankgap	0	pro	cedure	procedure	
production-1905	584	HYPHEN	margin	13	revoca	tion	revocation	fornia shall have power to revoke any certificate of registra Lon ot ate
production-1905	587	HYPHEN	blankgap	0	suc	cessful	successful	
production-1905	589	HYPHEN	blankgap	0	manufac	turer	manufacturer	
production-1905	589	HYPHEN	blankgap	0	fraud	ulently	fraudulently	
production-1905	589	HYPHEN	blankgap	0	convic	tion	conviction	
production-1905	599	HYPHEN	margin	13	encum	bered	encumbered	wou bered by trust deed or mortgage and the taxes for which the
production-1905	613	HYPHEN	blankgap	0	prop	erty	property	
production-1905	66	HYPHEN	blankgap	0	legisla	tive	legislative	
production-1905	685	HYPHEN	blankgap	0	tech	nical	technical	
production-1905	704	HYPHEN	blankgap	0	num	bered	numbered	
production-1905	716	HYPHEN	blankgap	0	men	tioned	mentioned	
production-1905	720	HYPHEN	margin	11	supervis	ing	supervising	dollars per annum and ten cents per mile mileage in travel
production-1905	732	HYPHEN	blankgap	0	num	bered	numbered	
production-1905	732	HYPHEN	blankgap	0	cor	porations	corporations	
production-1905	764	HYPHEN	blankgap	0	cor	porations	corporations	
production-1905	765	HYPHEN	margin	23	legisla	tion	legislation	election tive body shall give notice thereof by publication in a news | Publica Paper printed and published in such corporation for a period
production-1905	793	HYPHEN	blankgap	0	ex	penses	expenses	
production-1905	800	HYPHEN	margin	22	superin	tendent	superintendent	dollars per annum provided that in counties of this class tendent | there shall be and hereby is allowed to the county superin
production-1905	806	HYPHEN	blankgap	0	num	bered	numbered	
production-1905	811	HYPHEN	blankgap	0	cor	rectness	correctness	
production-1905	826	HYPHEN	blankgap	0	con	ditions	conditions	
production-1905	830	HYPHEN	blankgap	0	prede	cessor	predecessor	
production-1905	844	HYPHEN	margin	8	pro	hibited	prohibited	the California State Agricultural Society are hereby pro
production-1905	868	HYPHEN	blankgap	0	intersec	tion	intersection	
production-1905	946	HYPHEN	blankgap	0	redemp	tions	redemptions	
production-1905	953	HYPHEN	margin	12	ordi	nances	ordinances	ofordi nance The enacting clause of every ordinance shall be Be it
production-1905	972	HYPHEN	blankgap	0	con	tinue	continue	
production-1906-07	100	HYPHEN	blankgap	0	determina	tion	determination	
production-1906-07	1009	HYPHEN	blankgap	0	incor	porated	incorporated	
production-1906-07	1012	HYPHEN	blankgap	0	disincor	porated	disincorporated	
production-1906-07	1026	HYPHEN	blankgap	0	admis	sion	admission	
production-1906-07	1027	HYPHEN	blankgap	0	pre	clude	preclude	
production-1906-07	1057	HYPHEN	blankgap	0	epi	demics	epidemics	
production-1906-07	1092	NOHYPHEN	margin	13	interpreta	ment	interpretament	it means the City of Santa Monica and whenever any depart of terms
production-1906-07	1099	HYPHEN	blankgap	0	coun	cilmen	councilmen	
production-1906-07	1128	HYPHEN	margin	10	expendi	tures	expenditures	and secretary on the library fund to pay authorized expendi
production-1906-07	1148	HYPHEN	blankgap	0	jan	uary	january	
production-1906-07	116	HYPHEN	margin	23	acquisi	tion	acquisition	by laws have been filed may acquire rights of way for canals Honot | drains embankments and other works necessary to the reclama way
production-1906-07	1177	HYPHEN	blankgap	0	suc	cessful	successful	
production-1906-07	1185	HYPHEN	blankgap	0	compen	sation	compensation	
production-1906-07	1209	HYPHEN	blankgap	0	exe	cuted	executed	
production-1906-07	1221	HYPHEN	blankgap	0	incor	porated	incorporated	
production-1906-07	1230	HYPHEN	blankgap	0	pro	hibited	prohibited	
production-1906-07	1237	HYPHEN	margin	1	dan	gerous	dangerous	chimneys
production-1906-07	1293	HYPHEN	blankgap	0	ordi	nances	ordinances	
production-1906-07	1293	HYPHEN	blankgap	0	em	ployees	employees	
production-1906-07	1308	HYPHEN	blankgap	0	interrup	tion	interruption	
production-1906-07	132	HYPHEN	blankgap	0	compen	sation	compensation	
production-1906-07	1333	HYPHEN	blankgap	0	in	spection	inspection	
production-1906-07	1337	HYPHEN	blankgap	0	compensa	tion	compensation	
production-1906-07	1349	HYPHEN	blankgap	0	com	pensation	compensation	
production-1906-07	1405	HYPHEN	blankgap	0	legis	lature	legislature	
production-1906-07	1405	HYPHEN	blankgap	0	em	ployee	employee	
production-1906-07	141	HYPHEN	blankgap	0	dis	trict	district	
production-1906-07	141	HYPHEN	blankgap	0	restora	tion	restoration	
production-1906-07	1414	HYPHEN	blankgap	0	gov	ernor	governor	
production-1906-07	1414	HYPHEN	blankgap	0	here	inbefore	hereinbefore	
production-1906-07	144	HYPHEN	blankgap	0	appa	ratus	apparatus	
production-1906-07	145	HYPHEN	blankgap	0	here	inafter	hereinafter	
production-1906-07	157	HYPHEN	blankgap	0	num	bered	numbered	
production-1906-07	157	HYPHEN	blankgap	0	systemat	ically	systematically	
production-1906-07	158	HYPHEN	blankgap	0	regis	trar	registrar	
production-1906-07	164	HYPHEN	blankgap	0	con	tiguous	contiguous	
production-1906-07	169	HYPHEN	blankgap	0	coccu	lus	cocculus	
production-1906-07	187	HYPHEN	blankgap	0	with	drawal	withdrawal	
production-1906-07	191	HYPHEN	blankgap	0	authoriz	ing	authorizing	
production-1906-07	222	HYPHEN	blankgap	0	appropria	tion	appropriation	
production-1906-07	227	HYPHEN	blankgap	0	treas	urer	treasurer	
production-1906-07	247	HYPHEN	blankgap	0	investi	gational	investigational	
production-1906-07	252	HYPHEN	blankgap	0	inju	riously	injuriously	
production-1906-07	253	HYPHEN	blankgap	0	manufac	turers	manufacturers	
production-1906-07	253	HYPHEN	blankgap	0	inclos	ing	inclosing	
production-1906-07	270	HYPHEN	blankgap	0	pro	posals	proposals	
production-1906-07	272	HYPHEN	blankgap	0	con	fided	confided	
production-1906-07	274	HYPHEN	blankgap	0	for	eign	foreign	
production-1906-07	279	HYPHEN	blankgap	0	exam	iners	examiners	
production-1906-07	286	HYPHEN	blankgap	0	appropria	tion	appropriation	
production-1906-07	299	HYPHEN	blankgap	0	cer	tificate	certificate	
production-1906-07	306	HYPHEN	blankgap	0	expira	tion	expiration	
production-1906-07	313	HYPHEN	blankgap	0	pro	ceedings	proceedings	
production-1906-07	358	NOHYPHEN	margin	10	probat	or	probator	Whether the person named as executor consents to act oh
production-1906-07	358	HYPHEN	blankgap	0	pro	cedure	procedure	
production-1906-07	368	HYPHEN	blankgap	0	trans	ferred	transferred	
production-1906-07	372	HYPHEN	blankgap	0	pro	cedure	procedure	
production-1906-07	414	HYPHEN	blankgap	0	fran	chises	franchises	
production-1906-07	464	HYPHEN	blankgap	0	ex	ceeding	exceeding	
production-1906-07	464	HYPHEN	blankgap	0	depu	ties	deputies	
production-1906-07	605	HYPHEN	blankgap	0	con	strued	construed	
production-1906-07	606	NOHYPHEN	margin	19	compensa	tion	compensation	proper compensation for all the services performed by them | under the foregoing provisions of this act but such compensa
production-1906-07	616	HYPHEN	blankgap	0	prin	cipal	principal	
production-1906-07	62	HYPHEN	margin	20	qualifica	tion	qualification	held under the provisions of this act unless he possesses all | the qualifications required of electors under the general elec
production-1906-07	652	HYPHEN	blankgap	0	in	curring	incurring	
production-1906-07	684	HYPHEN	blankgap	0	num	bered	numbered	
production-1906-07	697	HYPHEN	blankgap	0	equaliza	tion	equalization	
production-1906-07	697	HYPHEN	blankgap	0	congres	sional	congressional	
production-1906-07	697	HYPHEN	blankgap	0	men	tioned	mentioned	
production-1906-07	701	HYPHEN	blankgap	0	collect	ively	collectively	
production-1906-07	701	HYPHEN	blankgap	0	num	bered	numbered	
production-1906-07	707	HYPHEN	margin	13	incor	poration	incorporation	vrosusead porated under the laws of this state and of every foreign cor
production-1906-07	741	HYPHEN	blankgap	0	prop	erty	property	
production-1906-07	741	HYPHEN	blankgap	0	reg	istered	registered	
production-1906-07	768	HYPHEN	blankgap	0	pro	cedure	procedure	
production-1906-07	774	HYPHEN	margin	23	deposi	tion	deposition	and answer The words of the witness must be written down | in the presence of the witness by the officer taking the deposi
production-1906-07	775	HYPHEN	blankgap	0	depo	sition	deposition	
production-1906-07	808	HYPHEN	blankgap	0	con	strued	construed	
production-1906-07	848	HYPHEN	blankgap	0	prop	erty	property	
production-1906-07	86	HYPHEN	blankgap	0	num	bered	numbered	
production-1906-07	86	HYPHEN	blankgap	0	commis	sioners	commissioners	
production-1906-07	866	HYPHEN	blankgap	0	pro	posals	proposals	
production-1906-07	867	HYPHEN	blankgap	0	engi	neers	engineers	
production-1906-07	886	HYPHEN	blankgap	0	accom	panied	accompanied	
production-1906-07	920	HYPHEN	blankgap	0	lanceo	latus	lanceolatus	
production-1906-07	94	HYPHEN	blankgap	0	col	lected	collected	
production-1906-07	946	HYPHEN	blankgap	0	appropria	tion	appropriation	
production-1906-07	962	HYPHEN	blankgap	0	com	pensation	compensation	
production-1906-07	962	HYPHEN	blankgap	0	con	trary	contrary	
production-1906-07	97	HYPHEN	blankgap	0	legis	lative	legislative	
production-1906-07	986	HYPHEN	blankgap	0	pro	cedure	procedure	
production-1907-09	1007	HYPHEN	blankgap	0	ap	proach	approach	
production-1907-09	1031	HYPHEN	blankgap	0	com	menced	commenced	
production-1907-09	1033	HYPHEN	blankgap	0	dis	trict	district	
production-1907-09	1046	HYPHEN	blankgap	0	dis	trict	district	
production-1907-09	1050	HYPHEN	blankgap	0	con	stituting	constituting	
production-1907-09	1051	HYPHEN	blankgap	0	here	inbefore	hereinbefore	
production-1907-09	1052	HYPHEN	margin	13	horticul	tural	horticultural	land for tural purposes for a longer period than fifteen years in which
production-1907-09	1060	HYPHEN	margin	2	cor	poration	corporation	alty for
production-1907-09	1064	HYPHEN	blankgap	0	legis	lature	legislature	
production-1907-09	1074	HYPHEN	blankgap	0	com	menced	commenced	
production-1907-09	1074	HYPHEN	margin	13	pro	ceedings	proceedings	visions hereof shall be void and of no effect as to the pro
production-1907-09	1074	HYPHEN	blankgap	0	pro	ceedings	proceedings	
production-1907-09	1091	HYPHEN	blankgap	0	prop	erty	property	
production-1907-09	1107	HYPHEN	blankgap	0	de	stroyed	destroyed	
production-1907-09	1118	HYPHEN	blankgap	0	con	venient	convenient	
production-1907-09	1160	HYPHEN	blankgap	0	ex	penses	expenses	
production-1907-09	1180	HYPHEN	blankgap	0	sac	ramento	sacramento	
production-1907-09	1181	HYPHEN	blankgap	0	preser	vation	preservation	
production-1907-09	1224	HYPHEN	blankgap	0	immedi	ately	immediately	
production-1907-09	1235	HYPHEN	blankgap	0	ren	dered	rendered	
production-1907-09	1340	HYPHEN	blankgap	0	accom	modating	accommodating	
production-1907-09	1342	HYPHEN	blankgap	0	here	inafter	hereinafter	
production-1907-09	1392	HYPHEN	blankgap	0	legisla	tion	legislation	
production-1907-09	1392	HYPHEN	blankgap	0	navi	gation	navigation	
production-1907-09	158	HYPHEN	blankgap	0	cer	tificates	certificates	
production-1907-09	197	HYPHEN	blankgap	0	imme	diately	immediately	
production-1907-09	214	HYPHEN	blankgap	0	prop	erty	property	
production-1907-09	228	HYPHEN	blankgap	0	con	stitute	constitute	
production-1907-09	237	HYPHEN	blankgap	0	unex	pired	unexpired	
production-1907-09	240	HYPHEN	blankgap	0	pro	ceeds	proceeds	
production-1907-09	240	HYPHEN	blankgap	0	commis	sioner	commissioner	
production-1907-09	240	HYPHEN	blankgap	0	horticul	tural	horticultural	
production-1907-09	240	HYPHEN	blankgap	0	commis	sioner	commissioner	
production-1907-09	271	HYPHEN	margin	20	pro	ceedings	proceedings	eeedings shall forthwith cause such person to be taken before | the juvenile court of his county for consideration and pro
production-1907-09	278	HYPHEN	blankgap	0	delin	quency	delinquency	
production-1907-09	286	HYPHEN	blankgap	0	regu	larity	regularity	
production-1907-09	295	HYPHEN	blankgap	0	obstruc	tions	obstructions	
production-1907-09	296	HYPHEN	blankgap	0	con	structed	constructed	
production-1907-09	298	HYPHEN	blankgap	0	num	bered	numbered	
production-1907-09	303	HYPHEN	blankgap	0	ren	dered	rendered	
production-1907-09	312	HYPHEN	blankgap	0	restora	tion	restoration	
production-1907-09	340	HYPHEN	blankgap	0	num	bered	numbered	
production-1907-09	340	HYPHEN	blankgap	0	organi	zation	organization	
production-1907-09	346	HYPHEN	blankgap	0	num	bered	numbered	
production-1907-09	348	HYPHEN	blankgap	0	cor	poration	corporation	
production-1907-09	350	HYPHEN	blankgap	0	num	bered	numbered	
production-1907-09	376	HYPHEN	blankgap	0	con	veying	conveying	
production-1907-09	380	HYPHEN	margin	12	incom	petent	incompetent	that any person is insane or from any cause mentally incom Person
production-1907-09	380	HYPHEN	blankgap	0	con	nection	connection	
production-1907-09	390	HYPHEN	blankgap	0	dis	trict	district	
production-1907-09	436	HYPHEN	blankgap	0	insti	tutions	institutions	
production-1907-09	454	HYPHEN	blankgap	0	cor	porations	corporations	
production-1907-09	463	HYPHEN	blankgap	0	con	flict	conflict	
production-1907-09	482	HYPHEN	margin	22	pro	priation	propriation	wide for the appointment and dutics of officials to carry into | effect the provisions of this act and lo provide an appro
production-1907-09	482	HYPHEN	blankgap	0	appro	priation	appropriation	
production-1907-09	488	HYPHEN	blankgap	0	liabili	ties	liabilities	
production-1907-09	503	HYPHEN	blankgap	0	appre	hension	apprehension	
production-1907-09	512	HYPHEN	blankgap	0	dis	trict	district	
production-1907-09	548	HYPHEN	blankgap	0	appor	tion	apportion	
production-1907-09	548	HYPHEN	blankgap	0	preced	ing	preceding	
production-1907-09	548	HYPHEN	blankgap	0	superin	tendent	superintendent	
production-1907-09	570	HYPHEN	blankgap	0	pro	tection	protection	
production-1907-09	622	HYPHEN	blankgap	0	compensa	tion	compensation	
production-1907-09	631	HYPHEN	blankgap	0	occupa	tion	occupation	
production-1907-09	635	HYPHEN	blankgap	0	attor	ney	attorney	
production-1907-09	635	HYPHEN	blankgap	0	de	linquent	delinquent	
production-1907-09	635	HYPHEN	blankgap	0	prop	erty	property	
production-1907-09	635	HYPHEN	blankgap	0	de	linquent	delinquent	
production-1907-09	635	HYPHEN	blankgap	0	redemp	tion	redemption	
production-1907-09	679	HYPHEN	margin	10	com	manded	commanded	panics may be assigned thereto A brigade shall be com
production-1907-09	690	HYPHEN	blankgap	0	exigen	cies	exigencies	
production-1907-09	726	HYPHEN	blankgap	0	superin	tendent	superintendent	
production-1907-09	729	HYPHEN	blankgap	0	munici	pal	municipal	
production-1907-09	729	HYPHEN	blankgap	0	legis	lative	legislative	
production-1907-09	729	HYPHEN	blankgap	0	munici	pal	municipal	
production-1907-09	766	HYPHEN	blankgap	0	con	secutively	consecutively	
production-1907-09	827	HYPHEN	margin	21	examina	tion	examination	etry in this state after the passage of this act shall pass an | examination before said board of examiners Such examina
production-1907-09	844	HYPHEN	blankgap	0	appro	priated	appropriated	
production-1907-09	850	HYPHEN	blankgap	0	treas	urer	treasurer	
production-1907-09	852	HYPHEN	blankgap	0	com	pensation	compensation	
production-1907-09	854	HYPHEN	blankgap	0	indi	rectly	indirectly	
production-1907-09	856	HYPHEN	blankgap	0	pre	vious	previous	
production-1907-09	889	HYPHEN	blankgap	0	conjunc	tion	conjunction	
production-1907-09	890	HYPHEN	blankgap	0	appro	priated	appropriated	
production-1907-09	901	NOHYPHEN	margin	21	appropria	tion	appropriation	in the state treasury not otherwise appropriated the sum of creamery | four thousand dollars for the purchase und installa u p
production-1907-09	913	HYPHEN	blankgap	0	exer	cises	exercises	
production-1907-09	920	HYPHEN	blankgap	0	agricul	ture	agriculture	
production-1907-09	922	HYPHEN	blankgap	0	appro	priation	appropriation	
production-1907-09	941	HYPHEN	blankgap	0	amenda	tory	amendatory	
production-1907-09	947	HYPHEN	blankgap	0	pub	lishing	publishing	
production-1907-09	948	HYPHEN	blankgap	0	immedi	ately	immediately	
production-1907-09	96	HYPHEN	blankgap	0	cer	tified	certified	
production-1907-09	968	HYPHEN	blankgap	0	com	bined	combined	
production-1907-09	968	HYPHEN	blankgap	0	ex	penses	expenses	
production-1907-09	972	HYPHEN	margin	11	pur	suance	pursuance	chasers of property made by tax collectors under and in pur
production-1907-09	989	HYPHEN	blankgap	0	incorpora	tion	incorporation	
production-1910-11	100	HYPHEN	blankgap	0	treas	urer	treasurer	
production-1910-11	101	HYPHEN	blankgap	0	appro	priation	appropriation	
production-1910-11	1010	HYPHEN	blankgap	0	cor	poration	corporation	
production-1910-11	1011	HYPHEN	blankgap	0	me	chanical	mechanical	
production-1910-11	1012	HYPHEN	blankgap	0	oleomar	garine	oleomargarine	
production-1910-11	1018	HYPHEN	blankgap	0	notifica	tion	notification	
production-1910-11	1032	HYPHEN	blankgap	0	pro	ceedings	proceedings	
production-1910-11	1035	HYPHEN	blankgap	0	appropria	tion	appropriation	
production-1910-11	1052	HYPHEN	blankgap	0	stenog	rapher	stenographer	
production-1910-11	1061	HYPHEN	margin	9	trans	poration	transporation	neted and every person firm company copartnership or cor
production-1910-11	1073	HYPHEN	blankgap	0	pub	lication	publication	
production-1910-11	1075	HYPHEN	blankgap	0	satisfac	tory	satisfactory	
production-1910-11	1075	HYPHEN	blankgap	0	munici	pality	municipality	
production-1910-11	1075	HYPHEN	blankgap	0	for	feited	forfeited	
production-1910-11	108	HYPHEN	blankgap	0	treas	urer	treasurer	
production-1910-11	1080	HYPHEN	blankgap	0	subdivi	sions	subdivisions	
production-1910-11	1083	HYPHEN	blankgap	0	sur	veyor	surveyor	
production-1910-11	1083	HYPHEN	blankgap	0	pro	ceedings	proceedings	
production-1910-11	1083	HYPHEN	blankgap	0	pro	ceedings	proceedings	
production-1910-11	1083	HYPHEN	blankgap	0	determina	tions	determinations	
production-1910-11	1083	HYPHEN	blankgap	0	par	ticular	particular	
production-1910-11	1101	HYPHEN	blankgap	0	vet	erans	veterans	
production-1910-11	1108	HYPHEN	blankgap	0	reser	voirs	reservoirs	
production-1910-11	1112	HYPHEN	blankgap	0	appro	priated	appropriated	
production-1910-11	1115	HYPHEN	blankgap	0	accom	modate	accommodate	
production-1910-11	1119	HYPHEN	blankgap	0	requisi	tion	requisition	
production-1910-11	1138	HYPHEN	blankgap	0	dis	tribution	distribution	
production-1910-11	1144	HYPHEN	blankgap	0	gov	ernor	governor	
production-1910-11	1145	HYPHEN	blankgap	0	ex	penditure	expenditure	
production-1910-11	1147	HYPHEN	blankgap	0	cor	poration	corporation	
production-1910-11	1147	HYPHEN	blankgap	0	for	feiture	forfeiture	
production-1910-11	1180	HYPHEN	blankgap	0	compensa	tion	compensation	
production-1910-11	1181	HYPHEN	blankgap	0	re	quired	required	
production-1910-11	1189	HYPHEN	blankgap	0	con	fession	confession	
production-1910-11	1224	HYPHEN	blankgap	0	com	pleted	completed	
production-1910-11	1224	HYPHEN	blankgap	0	pro	ceedings	proceedings	
production-1910-11	124	HYPHEN	blankgap	0	revolv	ing	revolving	
production-1910-11	1252	HYPHEN	blankgap	0	num	bered	numbered	
production-1910-11	1252	HYPHEN	blankgap	0	con	solidation	consolidation	
production-1910-11	1253	HYPHEN	blankgap	0	here	inbefore	hereinbefore	
production-1910-11	1253	HYPHEN	blankgap	0	prop	erty	property	
production-1910-11	1303	HYPHEN	blankgap	0	insecti	cides	insecticides	
production-1910-11	1322	HYPHEN	blankgap	0	compen	sation	compensation	
production-1910-11	1344	HYPHEN	blankgap	0	legisla	ture	legislature	
production-1910-11	1363	HYPHEN	blankgap	0	conta	gious	contagious	
production-1910-11	1382	HYPHEN	blankgap	0	col	lected	collected	
production-1910-11	1382	HYPHEN	blankgap	0	com	puted	computed	
production-1910-11	1382	HYPHEN	blankgap	0	submis	sion	submission	
production-1910-11	1382	HYPHEN	blankgap	0	mor	tality	mortality	
production-1910-11	1382	HYPHEN	blankgap	0	ben	efits	benefits	
production-1910-11	1392	HYPHEN	blankgap	0	requisi	tion	requisition	
production-1910-11	1406	HYPHEN	blankgap	0	incorpo	rated	incorporated	
production-1910-11	1415	HYPHEN	blankgap	0	com	puted	computed	
production-1910-11	1442	HYPHEN	blankgap	0	num	bered	numbered	
production-1910-11	1442	HYPHEN	margin	24	tnuv	a	tnuva	corporation interested the board of supervisors of any county t | of this state may by ordinance declare all or any portion of muy be
production-1910-11	1458	HYPHEN	blankgap	0	recla	mation	reclamation	
production-1910-11	1476	HYPHEN	blankgap	0	cer	tified	certified	
production-1910-11	1482	HYPHEN	blankgap	0	dis	trict	district	
production-1910-11	1482	HYPHEN	blankgap	0	prop	erty	property	
production-1910-11	1492	HYPHEN	blankgap	0	examina	tions	examinations	
production-1910-11	1493	HYPHEN	blankgap	0	oste	opathy	osteopathy	
production-1910-11	1493	HYPHEN	blankgap	0	oste	opathy	osteopathy	
production-1910-11	1496	HYPHEN	blankgap	0	natu	ralization	naturalization	
production-1910-11	1509	HYPHEN	blankgap	0	prop	erty	property	
production-1910-11	1509	HYPHEN	blankgap	0	prop	erty	property	
production-1910-11	1510	HYPHEN	blankgap	0	con	cerning	concerning	
production-1910-11	1512	HYPHEN	blankgap	0	incor	poration	incorporation	
production-1910-11	1522	HYPHEN	blankgap	0	con	stitution	constitution	
production-1910-11	1567	HYPHEN	blankgap	0	aban	donment	abandonment	
production-1910-11	161	HYPHEN	blankgap	0	em	ployees	employees	
production-1910-11	1691	HYPHEN	blankgap	0	mainte	nance	maintenance	
production-1910-11	1691	HYPHEN	blankgap	0	notwith	standing	notwithstanding	
production-1910-11	1700	HYPHEN	blankgap	0	sec	retary	secretary	
production-1910-11	1721	HYPHEN	blankgap	0	expo	sition	exposition	
production-1910-11	1740	HYPHEN	blankgap	0	prop	erty	property	
production-1910-11	1777	HYPHEN	blankgap	0	munic	ipal	municipal	
production-1910-11	1785	HYPHEN	margin	26	expira	tion	expiration	ownerhiP tion of the period for which the franchise was granted or at | any time before as slated in the ordinance the city at its elec
production-1910-11	1809	HYPHEN	blankgap	0	pro	cedure	procedure	
production-1910-11	1812	HYPHEN	margin	25	compen	sation	compensation	trustees who shall reveive nu remuneration shall be by salary He Sh | to he fixed by ordinance The council shall also fix the compen plvyees
production-1910-11	1820	HYPHEN	blankgap	0	discre	tion	discretion	
production-1910-11	1852	HYPHEN	blankgap	0	representa	tives	representatives	
production-1910-11	1876	NOHYPHEN	margin	12	vity	a	vitya	appointed by the city council and shal hold office at their | pleasure
production-1910-11	1896	HYPHEN	blankgap	0	for	feiture	forfeiture	
production-1910-11	2021	HYPHEN	margin	12	revoca	tion	revocation	tiou of his signature to such petition And in case said revoca
production-1910-11	2096	HYPHEN	margin	10	con	nection	connection	nect their several premises therewith or to cause such con
production-1910-11	2123	HYPHEN	blankgap	0	con	tinued	continued	
production-1910-11	2130	HYPHEN	blankgap	0	boule	vards	boulevards	
production-1910-11	2169	HYPHEN	blankgap	0	investi	gation	investigation	
production-1910-11	2199	HYPHEN	margin	13	con	sidered	considered	tract if the same be awarded to him No bid shall be con
production-1910-11	220	HYPHEN	blankgap	0	dep	uties	deputies	
production-1910-11	2213	HYPHEN	blankgap	0	men	tioned	mentioned	
production-1910-11	2217	HYPHEN	blankgap	0	con	stitution	constitution	
production-1910-11	2219	HYPHEN	blankgap	0	qualifica	tions	qualifications	
production-1910-11	2229	HYPHEN	blankgap	0	legis	lative	legislative	
production-1910-11	256	HYPHEN	blankgap	0	ren	dered	rendered	
production-1910-11	304	HYPHEN	blankgap	0	exe	cutions	executions	
production-1910-11	305	HYPHEN	blankgap	0	compen	sation	compensation	
production-1910-11	308	HYPHEN	blankgap	0	pro	ceedings	proceedings	
production-1910-11	309	HYPHEN	blankgap	0	men	tioned	mentioned	
production-1910-11	315	HYPHEN	blankgap	0	recla	mation	reclamation	
production-1910-11	318	HYPHEN	blankgap	0	immedi	ately	immediately	
production-1910-11	318	HYPHEN	blankgap	0	com	pensation	compensation	
production-1910-11	335	HYPHEN	blankgap	0	prin	cipal	principal	
production-1910-11	345	HYPHEN	blankgap	0	in	spection	inspection	
production-1910-11	345	HYPHEN	blankgap	0	commis	sioners	commissioners	
production-1910-11	351	HYPHEN	blankgap	0	fur	nishing	furnishing	
production-1910-11	353	HYPHEN	blankgap	0	dis	trict	district	
production-1910-11	353	HYPHEN	blankgap	0	munic	ipal	municipal	
production-1910-11	353	HYPHEN	blankgap	0	con	stitution	constitution	
production-1910-11	353	HYPHEN	blankgap	0	munic	ipal	municipal	
production-1910-11	354	HYPHEN	blankgap	0	con	structing	constructing	
production-1910-11	364	HYPHEN	blankgap	0	prop	erty	property	
production-1910-11	370	HYPHEN	blankgap	0	immedi	ately	immediately	
production-1910-11	382	HYPHEN	blankgap	0	cav	alry	cavalry	
production-1910-11	398	HYPHEN	blankgap	0	dis	trict	district	
production-1910-11	399	HYPHEN	blankgap	0	dis	trict	district	
production-1910-11	399	HYPHEN	blankgap	0	dis	trict	district	
production-1910-11	428	HYPHEN	blankgap	0	di	rected	directed	
production-1910-11	447	HYPHEN	blankgap	0	examina	tion	examination	
production-1910-11	454	HYPHEN	blankgap	0	prop	erty	property	
production-1910-11	456	HYPHEN	blankgap	0	sep	arate	separate	
production-1910-11	463	HYPHEN	blankgap	0	cor	porate	corporate	
production-1910-11	469	HYPHEN	blankgap	0	magis	trate	magistrate	
production-1910-11	469	HYPHEN	blankgap	0	bot	tling	bottling	
production-1910-11	486	HYPHEN	blankgap	0	inter	preter	interpreter	
production-1910-11	488	HYPHEN	blankgap	0	estab	lishment	establishment	
production-1910-11	497	HYPHEN	blankgap	0	im	provement	improvement	
production-1910-11	498	HYPHEN	margin	10	pro	tection	protection	posed to assess all property embraced in said proposed pro
production-1910-11	50	HYPHEN	blankgap	0	presi	dential	presidential	
production-1910-11	52	NOHYPHEN	margin	10	appropria	tive	appropriative	in the state treasury not otherwise appropriated the sum of
production-1910-11	522	HYPHEN	blankgap	0	dis	trict	district	
production-1910-11	542	HYPHEN	blankgap	0	con	tinue	continue	
production-1910-11	549	HYPHEN	blankgap	0	repre	sentative	representative	
production-1910-11	556	HYPHEN	blankgap	0	im	provement	improvement	
production-1910-11	566	HYPHEN	blankgap	0	dis	trict	district	
production-1910-11	577	HYPHEN	blankgap	0	kava	nagh	kavanagh	
production-1910-11	583	HYPHEN	blankgap	0	munic	ipal	municipal	
production-1910-11	610	HYPHEN	blankgap	0	prop	erty	property	
production-1910-11	612	HYPHEN	blankgap	0	misde	meanor	misdemeanor	
production-1910-11	616	HYPHEN	blankgap	0	pen	alties	penalties	
production-1910-11	618	HYPHEN	blankgap	0	obstruc	tion	obstruction	
production-1910-11	640	HYPHEN	blankgap	0	im	provement	improvement	
production-1910-11	643	HYPHEN	margin	22	con	stitutions	constitutions	tracts and other matters pertaining to their respective offices | Wieiting It shall be the duty of one or more members of the
production-1910-11	662	HYPHEN	blankgap	0	exam	ination	examination	
production-1910-11	67	HYPHEN	margin	10	pre	ferred	preferred	scribe The assistant secretary shall have aJl the power con
production-1910-11	688	HYPHEN	blankgap	0	appro	priation	appropriation	
production-1910-11	703	HYPHEN	blankgap	0	dis	trict	district	
production-1910-11	725	HYPHEN	blankgap	0	delin	quency	delinquency	
production-1910-11	75	HYPHEN	margin	20	trans	portation	transportation	mation portation by any railroad or other transportation company | between places or persons or in the facilities for the trans
production-1910-11	752	HYPHEN	blankgap	0	transporta	tion	transportation	
production-1910-11	761	HYPHEN	blankgap	0	pur	suance	pursuance	
production-1910-11	77	HYPHEN	margin	25	transporta	tions	transportations	fafure tion company shall fail or refuse to fill out and return any | blanks as above required or fail or refuse to angwer any ques
production-1910-11	779	HYPHEN	blankgap	0	affilia	tion	affiliation	
production-1910-11	779	HYPHEN	blankgap	0	presi	dential	presidential	
production-1910-11	80	HYPHEN	blankgap	0	injuri	ous	injurious	
production-1910-11	811	HYPHEN	blankgap	0	in	terest	interest	
production-1910-11	840	HYPHEN	blankgap	0	subdi	vision	subdivision	
production-1910-11	841	HYPHEN	margin	20	sub	sistent	subsistent	division thereof for the purpose of promulgating platforms | and transacting such other business of the party as is not incon
production-1910-11	841	HYPHEN	blankgap	0	incon	sistent	inconsistent	
production-1910-11	85	HYPHEN	blankgap	0	transporta	tion	transportation	
production-1910-11	850	HYPHEN	blankgap	0	compen	sation	compensation	
production-1910-11	855	HYPHEN	blankgap	0	compen	sation	compensation	
production-1910-11	87	HYPHEN	blankgap	0	misde	meanor	misdemeanor	
production-1910-11	87	HYPHEN	blankgap	0	misde	meanor	misdemeanor	
production-1910-11	874	HYPHEN	blankgap	0	irriga	tion	irrigation	
production-1910-11	882	HYPHEN	blankgap	0	engi	neers	engineers	
production-1910-11	895	HYPHEN	blankgap	0	com	mencement	commencement	
production-1910-11	895	HYPHEN	blankgap	0	in	terest	interest	
production-1910-11	896	HYPHEN	blankgap	0	responsibili	ties	responsibilities	
production-1910-11	896	HYPHEN	blankgap	0	compensa	tion	compensation	
production-1910-11	903	HYPHEN	blankgap	0	des	ignated	designated	
production-1910-11	907	HYPHEN	blankgap	0	mu	nicipalities	municipalities	
production-1910-11	911	HYPHEN	blankgap	0	an	nexed	annexed	
production-1910-11	911	HYPHEN	blankgap	0	propo	sition	proposition	
production-1910-11	911	HYPHEN	blankgap	0	prac	ticable	practicable	
production-1910-11	911	HYPHEN	blankgap	0	legisla	tive	legislative	
production-1910-11	911	HYPHEN	blankgap	0	can	vassed	canvassed	
production-1910-11	912	HYPHEN	blankgap	0	ter	ritory	territory	
production-1910-11	912	HYPHEN	blankgap	0	sec	retary	secretary	
production-1910-11	912	HYPHEN	blankgap	0	legisla	tive	legislative	
production-1910-11	928	HYPHEN	blankgap	0	dan	gerous	dangerous	
production-1910-11	95	HYPHEN	blankgap	0	munic	ipality	municipality	
production-1910-11	95	HYPHEN	blankgap	0	prop	erty	property	
production-1910-11	958	HYPHEN	blankgap	0	munic	ipal	municipal	
production-1910-11	961	HYPHEN	blankgap	0	legis	lative	legislative	
production-1910-11	961	HYPHEN	blankgap	0	prop	erty	property	
production-1910-11	997	HYPHEN	blankgap	0	con	veying	conveying	
production-1913-statutes	1018	HYPHEN	margin	13	sub	lative	sublative	stance of protests and shall be filed with the clerk of the lcgis
production-1913-statutes	1030	HYPHEN	blankgap	0	munici	pality	municipality	
production-1913-statutes	1051	HYPHEN	blankgap	0	dis	trict	district	
production-1913-statutes	1051	HYPHEN	blankgap	0	oppo	sition	opposition	
production-1913-statutes	1060	HYPHEN	blankgap	0	con	tinuance	continuance	
production-1913-statutes	1060	HYPHEN	blankgap	0	litiga	tion	litigation	
production-1913-statutes	1071	HYPHEN	blankgap	0	commis	sioners	commissioners	
production-1913-statutes	1085	HYPHEN	blankgap	0	inves	tigation	investigation	
production-1913-statutes	1085	HYPHEN	blankgap	0	asso	ciations	associations	
production-1913-statutes	1092	HYPHEN	blankgap	0	unex	pired	unexpired	
production-1913-statutes	1095	HYPHEN	blankgap	0	commis	sioner	commissioner	
production-1913-statutes	1095	HYPHEN	blankgap	0	sum	moned	summoned	
production-1913-statutes	1099	HYPHEN	blankgap	0	occupa	tions	occupations	
production-1913-statutes	1105	HYPHEN	blankgap	0	com	pensation	compensation	
production-1913-statutes	1105	HYPHEN	blankgap	0	reim	bursed	reimbursed	
production-1913-statutes	1124	NOHYPHEN	margin	11	redent	or	redentor	homestead Jaws of this state from any person dying sejzed vetrnte
production-1913-statutes	1141	HYPHEN	blankgap	0	rev	enues	revenues	
production-1913-statutes	1141	HYPHEN	blankgap	0	ex	penditure	expenditure	
production-1913-statutes	1154	HYPHEN	blankgap	0	inter	ested	interested	
production-1913-statutes	1154	HYPHEN	blankgap	0	prop	erty	property	
production-1913-statutes	1166	HYPHEN	blankgap	0	prop	erty	property	
production-1913-statutes	117	HYPHEN	blankgap	0	dis	trict	district	
production-1913-statutes	1194	HYPHEN	blankgap	0	appor	tioned	apportioned	
production-1913-statutes	1284	HYPHEN	blankgap	0	re	ferred	referred	
production-1913-statutes	1348	HYPHEN	blankgap	0	ineffec	tive	ineffective	
production-1913-statutes	1360	HYPHEN	blankgap	0	infec	tious	infectious	
production-1913-statutes	1362	HYPHEN	blankgap	0	deten	tion	detention	
production-1913-statutes	1385	HYPHEN	blankgap	0	pro	cedure	procedure	
production-1913-statutes	1385	HYPHEN	blankgap	0	sub	stantially	substantially	
production-1913-statutes	1409	HYPHEN	blankgap	0	commis	sioners	commissioners	
production-1913-statutes	1409	HYPHEN	blankgap	0	appro	priation	appropriation	
production-1913-statutes	1416	HYPHEN	blankgap	0	re	ceive	receive	
production-1913-statutes	1451	HYPHEN	blankgap	0	can	didate	candidate	
production-1913-statutes	1470	HYPHEN	blankgap	0	jurisdic	tion	jurisdiction	
production-1913-statutes	1471	HYPHEN	blankgap	0	re	quired	required	
production-1913-statutes	1488	HYPHEN	blankgap	0	admin	istrator	administrator	
production-1913-statutes	1488	HYPHEN	blankgap	0	in	cluding	including	
production-1913-statutes	1490	HYPHEN	blankgap	0	lodg	ing	lodging	
production-1913-statutes	1495	HYPHEN	blankgap	0	incor	porated	incorporated	
production-1913-statutes	155	HYPHEN	margin	11	ques	tioning	questioning	tion and appoint three qualified clectors in each of such peti
production-1913-statutes	1563	HYPHEN	blankgap	0	here	inbefore	hereinbefore	
production-1913-statutes	1572	HYPHEN	blankgap	0	inaugurat	ing	inaugurating	
production-1913-statutes	1572	HYPHEN	blankgap	0	legisla	ture	legislature	
production-1913-statutes	161	HYPHEN	blankgap	0	superin	tendent	superintendent	
production-1913-statutes	1714	HYPHEN	margin	11	super	visorial	supervisorial	visors one from the second and one from the fourth super
production-1913-statutes	1737	HYPHEN	blankgap	0	represen	tative	representative	
production-1913-statutes	1747	HYPHEN	blankgap	0	recommenda	tions	recommendations	
production-1913-statutes	1756	HYPHEN	margin	13	tripli	city	triplicity	eate by or on behalf of its proponents shall be filed with the
production-1913-statutes	1763	HYPHEN	blankgap	0	rejec	tion	rejection	
production-1913-statutes	1769	HYPHEN	blankgap	0	modifica	tions	modifications	
production-1913-statutes	1795	HYPHEN	blankgap	0	com	pletion	completion	
production-1913-statutes	1803	HYPHEN	blankgap	0	classifi	cation	classification	
production-1913-statutes	182	HYPHEN	blankgap	0	consecu	tive	consecutive	
production-1913-statutes	196	HYPHEN	blankgap	0	cor	poration	corporation	
production-1913-statutes	196	HYPHEN	blankgap	0	cor	poration	corporation	
production-1913-statutes	200	HYPHEN	blankgap	0	for	eign	foreign	
production-1913-statutes	233	HYPHEN	blankgap	0	cer	tificate	certificate	
production-1913-statutes	233	HYPHEN	blankgap	0	depos	itary	depositary	
production-1913-statutes	250	HYPHEN	blankgap	0	compro	mised	compromised	
production-1913-statutes	252	HYPHEN	blankgap	0	in	ventory	inventory	
production-1913-statutes	253	HYPHEN	blankgap	0	prop	erty	property	
production-1913-statutes	260	HYPHEN	blankgap	0	subse	quent	subsequent	
production-1913-statutes	269	HYPHEN	blankgap	0	appropria	tion	appropriation	
production-1913-statutes	278	HYPHEN	blankgap	0	con	ditions	conditions	
production-1913-statutes	286	HYPHEN	blankgap	0	treas	urer	treasurer	
production-1913-statutes	296	HYPHEN	blankgap	0	mag	istrate	magistrate	
production-1913-statutes	302	HYPHEN	blankgap	0	requisi	tion	requisition	
production-1913-statutes	311	HYPHEN	blankgap	0	intersec	tion	intersection	
production-1913-statutes	323	HYPHEN	blankgap	0	recla	mation	reclamation	
production-1913-statutes	327	HYPHEN	blankgap	0	expendi	tures	expenditures	
production-1913-statutes	334	HYPHEN	margin	13	appro	priated	appropriated	lars or So much thereof as may he neeessary is hereby appro pemeiou
production-1913-statutes	337	HYPHEN	margin	19	com	pensation	compensation	pany corporation or mutual association authorized under the | laws of this state to insure employers against Jiability for com
production-1913-statutes	34	HYPHEN	blankgap	0	sub	stantially	substantially	
production-1913-statutes	343	HYPHEN	blankgap	0	conclu	sively	conclusively	
production-1913-statutes	399	HYPHEN	margin	13	sta	tioned	stationed	tions render possible | ApDTO Sec There is hereby appropriated for the purpose men
production-1913-statutes	418	HYPHEN	blankgap	0	readver	tise	readvertise	
production-1913-statutes	438	NOHYPHEN	margin	12	anten	or	antenor	tion or receiver operating any line of steam electric railroad tury pit
production-1913-statutes	451	HYPHEN	blankgap	0	amenda	tory	amendatory	
production-1913-statutes	479	HYPHEN	margin	21	dis	provement	disprovement	eretion order in said resolution of intention that a certain | portion or percentage of the cost and expenses of said im
production-1913-statutes	492	HYPHEN	blankgap	0	irreg	ular	irregular	
production-1913-statutes	492	HYPHEN	blankgap	0	determina	tion	determination	
production-1913-statutes	584	HYPHEN	blankgap	0	pur	suance	pursuance	
production-1913-statutes	606	HYPHEN	blankgap	0	prop	erty	property	
production-1913-statutes	611	HYPHEN	blankgap	0	par	ticipate	participate	
production-1913-statutes	622	HYPHEN	blankgap	0	indebt	edness	indebtedness	
production-1913-statutes	624	HYPHEN	blankgap	0	attor	neys	attorneys	
production-1913-statutes	633	HYPHEN	blankgap	0	ter	minate	terminate	
production-1913-statutes	633	HYPHEN	blankgap	0	car	quinez	carquinez	
production-1913-statutes	635	HYPHEN	blankgap	0	con	solidated	consolidated	
production-1913-statutes	636	HYPHEN	blankgap	0	con	solidation	consolidation	
production-1913-statutes	636	HYPHEN	blankgap	0	con	formity	conformity	
production-1913-statutes	639	HYPHEN	blankgap	0	com	pleted	completed	
production-1913-statutes	639	HYPHEN	blankgap	0	con	solidated	consolidated	
production-1913-statutes	641	HYPHEN	blankgap	0	cor	poration	corporation	
production-1913-statutes	641	HYPHEN	blankgap	0	con	solidated	consolidated	
production-1913-statutes	641	HYPHEN	blankgap	0	legisla	tive	legislative	
production-1913-statutes	641	HYPHEN	blankgap	0	munic	ipal	municipal	
production-1913-statutes	641	HYPHEN	margin	8	con	solidated	consolidated	golidated therewith cach snch municipal corporation so con
production-1913-statutes	641	HYPHEN	blankgap	0	con	solidated	consolidated	
production-1913-statutes	668	HYPHEN	blankgap	0	extor	tion	extortion	
production-1913-statutes	68	HYPHEN	blankgap	0	superin	tendent	superintendent	
production-1913-statutes	691	HYPHEN	margin	18	com	pelled	compelled	mission compel obedience in the same manner by contempt | proceedings or otherwise that such obedience would he com
production-1913-statutes	695	HYPHEN	blankgap	0	com	pensation	compensation	
production-1913-statutes	731	HYPHEN	blankgap	0	dan	gerous	dangerous	
production-1913-statutes	744	HYPHEN	margin	11	com	pensation	compensation	mission as the just compensation to be paid Upon such eom
production-1913-statutes	754	HYPHEN	blankgap	0	nar	cotics	narcotics	
production-1913-statutes	763	HYPHEN	blankgap	0	main	tenance	maintenance	
production-1913-statutes	763	HYPHEN	blankgap	0	con	sistent	consistent	
production-1913-statutes	765	HYPHEN	blankgap	0	im	provements	improvements	
production-1913-statutes	765	HYPHEN	blankgap	0	res	ervation	reservation	
production-1913-statutes	795	HYPHEN	blankgap	0	incor	porated	incorporated	
production-1913-statutes	80	HYPHEN	blankgap	0	treas	urer	treasurer	
production-1913-statutes	815	HYPHEN	blankgap	0	recog	nized	recognized	
production-1913-statutes	844	HYPHEN	margin	13	dis	trict	district	triet and incurring a debt by the issnance of bonds of such dis
production-1913-statutes	848	HYPHEN	blankgap	0	con	strued	construed	
production-1913-statutes	86	HYPHEN	blankgap	0	dis	trict	district	
production-1913-statutes	868	HYPHEN	blankgap	0	cor	poration	corporation	
production-1913-statutes	892	HYPHEN	blankgap	0	dis	trict	district	
production-1913-statutes	899	HYPHEN	blankgap	0	con	trary	contrary	
production-1913-statutes	900	HYPHEN	blankgap	0	obli	gations	obligations	
production-1913-statutes	908	HYPHEN	blankgap	0	redemp	tion	redemption	
production-1913-statutes	909	HYPHEN	blankgap	0	com	pletion	completion	
production-1913-statutes	912	HYPHEN	blankgap	0	ma	terial	material	
production-1913-statutes	920	HYPHEN	margin	12	appropria	tion	appropriation	be used in accordance with law for the purchase and installa steain
production-1913-statutes	925	HYPHEN	blankgap	0	ex	istence	existence	
production-1913-statutes	94	HYPHEN	margin	23	appro	priated	appropriated	and forty eight dollars and five cents is hereby appropriated Wiition | out of any moneys in the state treasury not otherwise appro Ghut
production-1913-statutes	943	HYPHEN	blankgap	0	appro	priated	appropriated	
production-1913-statutes	945	HYPHEN	blankgap	0	con	flagration	conflagration	
production-1913-statutes	949	HYPHEN	blankgap	0	appro	priated	appropriated	
production-1913-statutes	949	HYPHEN	blankgap	0	appro	priated	appropriated	
production-1913-statutes	96	HYPHEN	margin	23	appro	priated	appropriated	much thereof as may be necessary is hereby appropriated out Bytom | of any moneys in the state treasury not otherwise appro and mile
production-1913-statutes	961	HYPHEN	blankgap	0	appro	priated	appropriated	
production-1913-statutes	976	HYPHEN	margin	18	pro	priation	propriation	ride for assisting paroled and discharged prisoners and | to secure employment for the same and making an appro
production-1913-statutes	978	HYPHEN	blankgap	0	treas	urer	treasurer	
production-1913-statutes	981	HYPHEN	blankgap	0	com	pletion	completion	
production-1913-statutes	988	HYPHEN	blankgap	0	treas	urer	treasurer	
production-1913-statutes	989	HYPHEN	blankgap	0	prin	cipal	principal	
production-1913-statutes	99	HYPHEN	blankgap	0	dis	trict	district	
production-1913-statutes	995	HYPHEN	blankgap	0	cor	poration	corporation	
production-1913-statutes	997	HYPHEN	blankgap	0	pas	sengers	passengers	
production-1913-statutes	997	HYPHEN	blankgap	0	exclu	sively	exclusively	
production-1913-statutes	998	HYPHEN	blankgap	0	car	riers	carriers	
production-1915-vol1-chapters	103	HYPHEN	margin	11	pro	lative	prolative	vided shall be let to the lowest responsible bidder The legis
production-1915-vol1-chapters	1033	HYPHEN	blankgap	0	own	ership	ownership	
production-1915-vol1-chapters	1033	HYPHEN	blankgap	0	pub	lisher	publisher	
production-1915-vol1-chapters	1062	HYPHEN	blankgap	0	compensa	tion	compensation	
production-1915-vol1-chapters	1075	HYPHEN	blankgap	0	profes	sional	professional	
production-1915-vol1-chapters	1075	HYPHEN	blankgap	0	profes	sional	professional	
production-1915-vol1-chapters	1079	HYPHEN	blankgap	0	compensa	tion	compensation	
production-1915-vol1-chapters	1094	HYPHEN	blankgap	0	main	tenance	maintenance	
production-1915-vol1-chapters	1107	HYPHEN	margin	17	compensa	ting	compensating	fion or death benefits provided by this act | Sec Section seventy six of said workmen s compensa
production-1915-vol1-chapters	1120	HYPHEN	blankgap	0	dis	trict	district	
production-1915-vol1-chapters	1120	HYPHEN	blankgap	0	irri	gation	irrigation	
production-1915-vol1-chapters	1146	HYPHEN	blankgap	0	sur	viving	surviving	
production-1915-vol1-chapters	1146	HYPHEN	blankgap	0	men	tioned	mentioned	
production-1915-vol1-chapters	1156	HYPHEN	blankgap	0	speci	fications	specifications	
production-1915-vol1-chapters	122	HYPHEN	blankgap	0	sched	ules	schedules	
production-1915-vol1-chapters	1271	HYPHEN	blankgap	0	re	quirements	requirements	
production-1915-vol1-chapters	1271	HYPHEN	blankgap	0	bene	ficiaries	beneficiaries	
production-1915-vol1-chapters	1271	HYPHEN	blankgap	0	treas	urer	treasurer	
production-1915-vol1-chapters	1282	HYPHEN	margin	12	proposi	tion	proposition	tious set forth in such ordinance of intention or in such peti
production-1915-vol1-chapters	1327	HYPHEN	blankgap	0	num	bered	numbered	
production-1915-vol1-chapters	1330	HYPHEN	blankgap	0	valua	tion	valuation	
production-1915-vol1-chapters	1350	HYPHEN	margin	10	excava	tion	excavation	bs tion enlargement revtifiertion or control or for the constrie
production-1915-vol1-chapters	1374	HYPHEN	margin	21	pro	ceedings	proceedings	visions of the Code of Civil Procedure relating to pleadings | proofs trials and pleas are hereby made applicable to the pro
production-1915-vol1-chapters	1396	HYPHEN	blankgap	0	transporta	tion	transportation	
production-1915-vol1-chapters	142	HYPHEN	blankgap	0	dis	trict	district	
production-1915-vol1-chapters	143	HYPHEN	blankgap	0	irri	gation	irrigation	
production-1915-vol1-chapters	143	HYPHEN	blankgap	0	depre	ciation	depreciation	
production-1915-vol1-chapters	143	HYPHEN	blankgap	0	dis	trict	district	
production-1915-vol1-chapters	144	HYPHEN	blankgap	0	prop	erty	property	
production-1915-vol1-chapters	1470	HYPHEN	blankgap	0	com	monly	commonly	
production-1915-vol1-chapters	1470	HYPHEN	blankgap	0	legisla	tive	legislative	
production-1915-vol1-chapters	1490	HYPHEN	margin	1	undertak	ing	undertaking	hearing
production-1915-vol1-chapters	1516	HYPHEN	margin	11	pro	tection	protection	vided for in this act and any such reelamation district pro
production-1915-vol1-chapters	16	HYPHEN	blankgap	0	treas	urer	treasurer	
production-1915-vol1-chapters	16	HYPHEN	blankgap	0	adver	tised	advertised	
production-1915-vol1-chapters	1606	HYPHEN	blankgap	0	immedi	ately	immediately	
production-1915-vol1-chapters	1707	HYPHEN	margin	25	peti	tioners	petitioners	tion is shown to be insufficient it may be armended within ten | days from the date of the return of said certificate to the peti
production-1915-vol1-chapters	1718	HYPHEN	blankgap	0	prop	erty	property	
production-1915-vol1-chapters	172	HYPHEN	blankgap	0	dis	trict	district	
production-1915-vol1-chapters	1724	HYPHEN	margin	21	ordi	nances	ordinances	nanees passed by a vote of two thirds of the members voting | affirmatively thereon anything in this charter or the ordi
production-1915-vol1-chapters	1752	HYPHEN	margin	11	man	agement	management	ager as in this charter provided shall take the active man
production-1915-vol1-chapters	1855	HYPHEN	blankgap	0	pub	lication	publication	
production-1915-vol1-chapters	1855	HYPHEN	blankgap	0	extraor	dinary	extraordinary	
production-1915-vol1-chapters	1871	HYPHEN	blankgap	0	prop	erty	property	
production-1915-vol1-chapters	196	HYPHEN	blankgap	0	revoca	tion	revocation	
production-1915-vol1-chapters	21	HYPHEN	blankgap	0	suc	cessful	successful	
production-1915-vol1-chapters	249	HYPHEN	margin	22	de	ficient	deficient	livery of a nomination paper to a county clerk shall entitle the | candidate to have all signatures thereon found to be suf
production-1915-vol1-chapters	262	HYPHEN	margin	2	tem	porary	temporary	of votes
production-1915-vol1-chapters	277	HYPHEN	margin	11	man	ipal	manipal	ner on the back the words Municipal ticket AN munic Muniewp
production-1915-vol1-chapters	317	HYPHEN	blankgap	0	men	tioned	mentioned	
production-1915-vol1-chapters	317	HYPHEN	blankgap	0	cir	culate	circulate	
production-1915-vol1-chapters	396	HYPHEN	blankgap	0	treas	urer	treasurer	
production-1915-vol1-chapters	444	HYPHEN	margin	1	defeasi	ble	defeasible	expectanry
production-1915-vol1-chapters	453	HYPHEN	margin	22	appropria	tion	appropriation	is hereby appropriated out of any money in the state treas | ury not ctherwise appropriated for the purchase and installa Menor mmo
production-1915-vol1-chapters	471	HYPHEN	blankgap	0	here	inafter	hereinafter	
production-1915-vol1-chapters	483	HYPHEN	blankgap	0	subdivi	sion	subdivision	
production-1915-vol1-chapters	486	HYPHEN	margin	2	appro	priated	appropriated	Wer bux
production-1915-vol1-chapters	493	HYPHEN	blankgap	0	engi	neering	engineering	
production-1915-vol1-chapters	506	HYPHEN	blankgap	0	cor	poration	corporation	
production-1915-vol1-chapters	510	HYPHEN	margin	1	appropria	tion	appropriation	expenses
production-1915-vol1-chapters	528	HYPHEN	blankgap	0	commis	sioner	commissioner	
production-1915-vol1-chapters	632	HYPHEN	margin	1	cor	rections	corrections	emrections
production-1915-vol1-chapters	639	HYPHEN	blankgap	0	pro	cedure	procedure	
production-1915-vol1-chapters	692	HYPHEN	blankgap	0	submis	sion	submission	
production-1915-vol1-chapters	694	HYPHEN	blankgap	0	gov	ernor	governor	
production-1915-vol1-chapters	722	HYPHEN	margin	22	nine	tieth	ninetieth	teen twenty one twenty four twenty six twenty eight and | twenty nine between the first day of Decem er and the thir
production-1915-vol1-chapters	727	HYPHEN	margin	10	pro	ferred	proferred	eceding inust be on motion of the said defendant trans
production-1915-vol1-chapters	759	HYPHEN	blankgap	0	legisla	ture	legislature	
production-1915-vol1-chapters	771	HYPHEN	blankgap	0	regu	larly	regularly	
production-1915-vol1-chapters	772	HYPHEN	margin	11	superin	tendent	superintendent	tendenit of schools or the board of education or county superin
production-1915-vol1-chapters	777	HYPHEN	blankgap	0	bookkeep	ing	bookkeeping	
production-1915-vol1-chapters	78	HYPHEN	blankgap	0	num	bered	numbered	
production-1915-vol1-chapters	78	HYPHEN	blankgap	0	exter	minate	exterminate	
production-1915-vol1-chapters	820	HYPHEN	margin	11	commis	sioner	commissioner	sion and the deputies and agents of the said Jabor commis
production-1915-vol1-chapters	820	HYPHEN	blankgap	0	commis	sioner	commissioner	
production-1915-vol1-chapters	822	HYPHEN	blankgap	0	incor	porated	incorporated	
production-1915-vol1-chapters	840	HYPHEN	blankgap	0	im	provement	improvement	
production-1915-vol1-chapters	857	HYPHEN	margin	13	sub	stantially	substantially	division in which the election is to be held a notice in sub
production-1915-vol1-chapters	903	HYPHEN	blankgap	0	constitu	tionality	constitutionality	
production-1915-vol1-chapters	927	HYPHEN	blankgap	0	con	ditions	conditions	
production-1915-vol1-chapters	984	HYPHEN	margin	1	pro	ceedings	proceedings	prostitution
production-1915-vol1-chapters	992	HYPHEN	blankgap	0	con	stitution	constitution	
production-1917-vol1-chapters	10	HYPHEN	blankgap	0	organi	zation	organization	
production-1917-vol1-chapters	102	HYPHEN	blankgap	0	chi	ropody	chiropody	
production-1917-vol1-chapters	1070	HYPHEN	blankgap	0	dis	trict	district	
production-1917-vol1-chapters	1070	HYPHEN	blankgap	0	dis	trict	district	
production-1917-vol1-chapters	1074	HYPHEN	blankgap	0	nullifica	tion	nullification	
production-1917-vol1-chapters	1074	HYPHEN	blankgap	0	dis	trict	district	
production-1917-vol1-chapters	108	HYPHEN	blankgap	0	examina	tion	examination	
production-1917-vol1-chapters	1093	HYPHEN	blankgap	0	con	clusive	conclusive	
production-1917-vol1-chapters	1093	HYPHEN	blankgap	0	dis	trict	district	
production-1917-vol1-chapters	1093	HYPHEN	blankgap	0	ren	dered	rendered	
production-1917-vol1-chapters	1097	HYPHEN	blankgap	0	indebt	edness	indebtedness	
production-1917-vol1-chapters	1097	HYPHEN	blankgap	0	irriga	tion	irrigation	
production-1917-vol1-chapters	11	HYPHEN	blankgap	0	sep	tember	september	
production-1917-vol1-chapters	1104	HYPHEN	blankgap	0	treas	urer	treasurer	
production-1917-vol1-chapters	1169	HYPHEN	margin	1	discre	tion	discretion	missioner
production-1917-vol1-chapters	1171	HYPHEN	blankgap	0	commis	sioner	commissioner	
production-1917-vol1-chapters	1172	HYPHEN	blankgap	0	liabili	ties	liabilities	
production-1917-vol1-chapters	1182	HYPHEN	blankgap	0	dis	trict	district	
production-1917-vol1-chapters	1196	HYPHEN	blankgap	0	sec	retary	secretary	
production-1917-vol1-chapters	1198	HYPHEN	blankgap	0	dis	trict	district	
production-1917-vol1-chapters	1198	HYPHEN	blankgap	0	expendi	tures	expenditures	
production-1917-vol1-chapters	1216	HYPHEN	blankgap	0	treas	urer	treasurer	
production-1917-vol1-chapters	122	HYPHEN	blankgap	0	hun	dredths	hundredths	
production-1917-vol1-chapters	1298	HYPHEN	blankgap	0	com	pensation	compensation	
production-1917-vol1-chapters	1299	HYPHEN	blankgap	0	dis	tricts	districts	
production-1917-vol1-chapters	1359	HYPHEN	margin	1	nom	ination	nomination	sutcancles
production-1917-vol1-chapters	1363	HYPHEN	blankgap	0	pre	cincts	precincts	
production-1917-vol1-chapters	1368	HYPHEN	blankgap	0	neces	sarily	necessarily	
production-1917-vol1-chapters	1389	HYPHEN	blankgap	0	attor	ney	attorney	
production-1917-vol1-chapters	139	HYPHEN	blankgap	0	impris	onment	imprisonment	
production-1917-vol1-chapters	1392	HYPHEN	blankgap	0	fugi	tives	fugitives	
production-1917-vol1-chapters	1393	HYPHEN	blankgap	0	com	pensation	compensation	
production-1917-vol1-chapters	1394	HYPHEN	blankgap	0	col	lected	collected	
production-1917-vol1-chapters	1410	HYPHEN	blankgap	0	violat	ing	violating	
production-1917-vol1-chapters	1461	HYPHEN	blankgap	0	con	structed	constructed	
production-1917-vol1-chapters	1522	HYPHEN	blankgap	0	con	stituted	constituted	
production-1917-vol1-chapters	1522	HYPHEN	blankgap	0	incorpo	rated	incorporated	
production-1917-vol1-chapters	1522	HYPHEN	blankgap	0	incorpo	rated	incorporated	
production-1917-vol1-chapters	1582	HYPHEN	margin	23	commis	sioner	commissioner	sioncr may grant to such applicant in his discretion the right | to prosecute such bond in the name of said real estate commis
production-1917-vol1-chapters	160	NOHYPHEN	blankgap	0	munici	pality	municipality	
production-1917-vol1-chapters	1601	HYPHEN	blankgap	0	cor	porations	corporations	
production-1917-vol1-chapters	161	HYPHEN	blankgap	0	cer	tificate	certificate	
production-1917-vol1-chapters	1617	HYPHEN	margin	23	com	minations	comminations	missioner In any such action the court shall have full power | to investigate all the facts de novo without regard to the deter
production-1917-vol1-chapters	1623	HYPHEN	blankgap	0	compen	sation	compensation	
production-1917-vol1-chapters	163	HYPHEN	blankgap	0	soci	eties	societies	
production-1917-vol1-chapters	1654	HYPHEN	margin	18	sland	ers	slanders	ard glassware for testing and weighing milk cream and | buiter fat and providing for licensing creameries and test
production-1917-vol1-chapters	1667	HYPHEN	margin	12	commis	sioner	commissioner	mune ssioner s special fund except that there shall be a revolving
production-1917-vol1-chapters	1671	HYPHEN	blankgap	0	inves	tigation	investigation	
production-1917-vol1-chapters	1673	HYPHEN	blankgap	0	jurisdic	tion	jurisdiction	
production-1917-vol1-chapters	1734	HYPHEN	blankgap	0	limita	tion	limitation	
production-1917-vol1-chapters	1751	HYPHEN	blankgap	0	rejec	tion	rejection	
production-1917-vol1-chapters	1778	HYPHEN	blankgap	0	verifi	cation	verification	
production-1917-vol1-chapters	1779	HYPHEN	margin	1	cor	poration	corporation	qUoTe
production-1917-vol1-chapters	1789	HYPHEN	blankgap	0	legis	lature	legislature	
production-1917-vol1-chapters	181	HYPHEN	blankgap	0	unin	corporated	unincorporated	
production-1917-vol1-chapters	181	HYPHEN	blankgap	0	con	solidation	consolidation	
production-1917-vol1-chapters	185	HYPHEN	blankgap	0	unan	nexed	unannexed	
production-1917-vol1-chapters	185	HYPHEN	blankgap	0	ter	ritory	territory	
production-1917-vol1-chapters	185	HYPHEN	blankgap	0	legisla	tive	legislative	
production-1917-vol1-chapters	185	HYPHEN	blankgap	0	unincorpo	rated	unincorporated	
production-1917-vol1-chapters	1858	HYPHEN	blankgap	0	adver	tising	advertising	
production-1917-vol1-chapters	1859	HYPHEN	blankgap	0	renum	bered	renumbered	
production-1917-vol1-chapters	187	HYPHEN	blankgap	0	prose	cution	prosecution	
production-1917-vol1-chapters	187	HYPHEN	blankgap	0	legis	lative	legislative	
production-1917-vol1-chapters	1891	HYPHEN	blankgap	0	cir	culated	circulated	
production-1917-vol1-chapters	1904	HYPHEN	blankgap	0	cor	poration	corporation	
production-1917-vol1-chapters	192	HYPHEN	blankgap	0	appro	priation	appropriation	
production-1917-vol1-chapters	1939	HYPHEN	blankgap	0	gov	ernor	governor	
production-1917-vol1-chapters	1939	HYPHEN	blankgap	0	asso	ciation	association	
production-1917-vol1-chapters	208	HYPHEN	blankgap	0	legis	lative	legislative	
production-1917-vol1-chapters	21	HYPHEN	blankgap	0	immedi	ately	immediately	
production-1917-vol1-chapters	21	HYPHEN	blankgap	0	prop	erty	property	
production-1917-vol1-chapters	21	HYPHEN	blankgap	0	con	tinued	continued	
production-1917-vol1-chapters	212	HYPHEN	blankgap	0	prop	erty	property	
production-1917-vol1-chapters	220	HYPHEN	blankgap	0	man	ufacturing	manufacturing	
production-1917-vol1-chapters	225	HYPHEN	margin	12	pro	venient	provenient	vided that the buard may adjourn the hearing to a more con
production-1917-vol1-chapters	248	HYPHEN	blankgap	0	peniten	tiaries	penitentiaries	
production-1917-vol1-chapters	255	HYPHEN	blankgap	0	con	tinued	continued	
production-1917-vol1-chapters	266	HYPHEN	margin	23	compensa	tion	compensation	or destruction of said Jands property and rights or said part | or portion thereof or a part thereof or by reason of deprecia
production-1917-vol1-chapters	307	HYPHEN	blankgap	0	com	missioned	commissioned	
production-1917-vol1-chapters	31	HYPHEN	margin	1	there	tofore	theretofore	NPs
production-1917-vol1-chapters	322	HYPHEN	margin	11	com	pensation	compensation	mission should not proceed after hearing to fix the just com
production-1917-vol1-chapters	347	HYPHEN	blankgap	0	dissolu	tion	dissolution	
production-1917-vol1-chapters	413	HYPHEN	margin	17	con	necting	connecting	struction maintenance and improvement of streets bridges | and culverts within the city limits along routes directly con
production-1917-vol1-chapters	419	HYPHEN	blankgap	0	com	puted	computed	
production-1917-vol1-chapters	419	HYPHEN	blankgap	0	proposi	tion	proposition	
production-1917-vol1-chapters	441	HYPHEN	blankgap	0	im	provement	improvement	
production-1917-vol1-chapters	454	HYPHEN	blankgap	0	appropria	tion	appropriation	
production-1917-vol1-chapters	519	HYPHEN	blankgap	0	appro	priated	appropriated	
production-1917-vol1-chapters	527	HYPHEN	blankgap	0	man	agement	management	
production-1917-vol1-chapters	530	HYPHEN	blankgap	0	acquisi	tion	acquisition	
production-1917-vol1-chapters	530	HYPHEN	blankgap	0	appro	priation	appropriation	
production-1917-vol1-chapters	531	HYPHEN	blankgap	0	con	structing	constructing	
production-1917-vol1-chapters	547	HYPHEN	blankgap	0	appro	priated	appropriated	
production-1917-vol1-chapters	557	HYPHEN	blankgap	0	appro	priated	appropriated	
production-1917-vol1-chapters	593	HYPHEN	margin	18	ques	tioned	questioned	tion of fact concerning or affeeting such bonds or securities | the security thereof the franchise conditions herein men
production-1917-vol1-chapters	620	HYPHEN	blankgap	0	copart	nerships	copartnerships	
production-1917-vol1-chapters	621	HYPHEN	blankgap	0	prin	cipal	principal	
production-1917-vol1-chapters	626	HYPHEN	margin	15	com	pensation	compensation	missioners local inspectors and quarantine guardians | prescribing their dulics and powers and fixing their com
production-1917-vol1-chapters	63	HYPHEN	blankgap	0	con	sistent	consistent	
production-1917-vol1-chapters	631	HYPHEN	blankgap	0	irriga	tion	irrigation	
production-1917-vol1-chapters	631	HYPHEN	blankgap	0	commis	sioner	commissioner	
production-1917-vol1-chapters	655	HYPHEN	blankgap	0	gal	linules	gallinules	
production-1917-vol1-chapters	681	HYPHEN	margin	11	com	petent	competent	missioner under his officia seal of such service shall be com
production-1917-vol1-chapters	705	HYPHEN	blankgap	0	pub	lishing	publishing	
production-1917-vol1-chapters	724	HYPHEN	blankgap	0	regis	trar	registrar	
production-1917-vol1-chapters	724	HYPHEN	blankgap	0	affida	vit	affidavit	
production-1917-vol1-chapters	724	HYPHEN	blankgap	0	affida	vits	affidavits	
production-1917-vol1-chapters	746	HYPHEN	blankgap	0	revoca	tion	revocation	
production-1917-vol1-chapters	753	HYPHEN	blankgap	0	peti	tioned	petitioned	
production-1917-vol1-chapters	763	HYPHEN	blankgap	0	dis	trict	district	
production-1917-vol1-chapters	777	HYPHEN	blankgap	0	dis	trict	district	
production-1917-vol1-chapters	805	HYPHEN	blankgap	0	pas	teurization	pasteurization	
production-1917-vol1-chapters	81	HYPHEN	blankgap	0	prop	erty	property	
production-1917-vol1-chapters	829	HYPHEN	blankgap	0	assem	blages	assemblages	
production-1917-vol1-chapters	836	HYPHEN	blankgap	0	physi	cians	physicians	
production-1917-vol1-chapters	883	HYPHEN	blankgap	0	exemp	tion	exemption	
production-1917-vol1-chapters	891	HYPHEN	blankgap	0	modifica	tion	modification	
production-1917-vol1-chapters	891	HYPHEN	blankgap	0	attor	ney	attorney	
production-1917-vol1-chapters	892	HYPHEN	blankgap	0	here	inabove	hereinabove	
production-1917-vol1-chapters	9	HYPHEN	blankgap	0	appro	priation	appropriation	
production-1917-vol1-chapters	906	HYPHEN	blankgap	0	con	sistent	consistent	
production-1917-vol1-chapters	939	HYPHEN	blankgap	0	undertak	ing	undertaking	
production-1917-vol1-chapters	94	HYPHEN	blankgap	0	gov	ernor	governor	
production-1917-vol1-chapters	949	HYPHEN	margin	1	sec	retary	secretary	asvessment
production-1917-vol1-chapters	966	HYPHEN	blankgap	0	recla	mation	reclamation	
production-1917-vol1-chapters	966	HYPHEN	blankgap	0	treas	urer	treasurer	
production-1917-vol1-chapters	966	HYPHEN	blankgap	0	con	ferred	conferred	
production-1917-vol1-chapters	966	HYPHEN	blankgap	0	dis	trict	district	
production-1917-vol1-chapters	988	HYPHEN	blankgap	0	compensa	tion	compensation	
production-1919-vol1-chapters	0	HYPHEN	margin	13	appropria	tions	appropriations	appeal for the second appellate district to perform its func Or wes of
production-1919-vol1-chapters	1000	HYPHEN	blankgap	0	conven	ience	convenience	
production-1919-vol1-chapters	1011	HYPHEN	blankgap	0	con	sistent	consistent	
production-1919-vol1-chapters	102	HYPHEN	blankgap	0	reg	istered	registered	
production-1919-vol1-chapters	1020	HYPHEN	blankgap	0	com	pleted	completed	
production-1919-vol1-chapters	1028	HYPHEN	blankgap	0	aban	doned	abandoned	
production-1919-vol1-chapters	1034	HYPHEN	blankgap	0	compen	sation	compensation	
production-1919-vol1-chapters	1081	HYPHEN	blankgap	0	trans	portation	transportation	
production-1919-vol1-chapters	1083	HYPHEN	blankgap	0	munici	palities	municipalities	
production-1919-vol1-chapters	1108	HYPHEN	blankgap	0	treas	urer	treasurer	
production-1919-vol1-chapters	1116	HYPHEN	blankgap	0	compensa	tions	compensations	
production-1919-vol1-chapters	1124	HYPHEN	blankgap	0	par	ticular	particular	
production-1919-vol1-chapters	1171	HYPHEN	blankgap	0	commis	sioners	commissioners	
production-1919-vol1-chapters	1180	HYPHEN	blankgap	0	con	veyances	conveyances	
production-1919-vol1-chapters	1181	HYPHEN	blankgap	0	sup	plemental	supplemental	
production-1919-vol1-chapters	1183	HYPHEN	blankgap	0	adver	tising	advertising	
production-1919-vol1-chapters	1192	HYPHEN	blankgap	0	prop	erty	property	
production-1919-vol1-chapters	1193	HYPHEN	margin	8	com	pensation	compensation	missioner Such pro tempore commissioner shall have com
production-1919-vol1-chapters	1214	HYPHEN	blankgap	0	spe	cified	specified	
production-1919-vol1-chapters	1216	HYPHEN	margin	21	appropria	tion	appropriation	appropriated ont of any moneys belonging to the state not | otherwise appropriated for the use of the state board of educa
production-1919-vol1-chapters	122	HYPHEN	blankgap	0	con	flict	conflict	
production-1919-vol1-chapters	122	HYPHEN	blankgap	0	num	bered	numbered	
production-1919-vol1-chapters	1252	HYPHEN	blankgap	0	commis	sioner	commissioner	
production-1919-vol1-chapters	1254	HYPHEN	blankgap	0	recom	mendation	recommendation	
production-1919-vol1-chapters	1259	HYPHEN	blankgap	0	incon	sistent	inconsistent	
production-1919-vol1-chapters	1262	HYPHEN	blankgap	0	trans	ferred	transferred	
production-1919-vol1-chapters	1277	HYPHEN	blankgap	0	deriva	tives	derivatives	
production-1919-vol1-chapters	1277	HYPHEN	blankgap	0	pro	fession	profession	
production-1919-vol1-chapters	1278	HYPHEN	blankgap	0	fur	nishing	furnishing	
production-1919-vol1-chapters	1284	HYPHEN	blankgap	0	mana	gerial	managerial	
production-1919-vol1-chapters	1287	HYPHEN	blankgap	0	appro	priation	appropriation	
production-1919-vol1-chapters	1342	HYPHEN	blankgap	0	attor	ney	attorney	
production-1919-vol1-chapters	1375	HYPHEN	margin	11	pro	stitution	prostitution	vided and required hy article five section four of the enn
production-1919-vol1-chapters	139	HYPHEN	blankgap	0	per	manently	permanently	
production-1919-vol1-chapters	14	HYPHEN	blankgap	0	reser	voirs	reservoirs	
production-1919-vol1-chapters	1421	HYPHEN	blankgap	0	unde	termined	undetermined	
production-1919-vol1-chapters	1432	HYPHEN	blankgap	0	prop	erty	property	
production-1919-vol1-chapters	1454	HYPHEN	blankgap	0	legisla	ture	legislature	
production-1919-vol1-chapters	1521	HYPHEN	blankgap	0	com	pleted	completed	
production-1919-vol1-chapters	1539	HYPHEN	blankgap	0	legis	lature	legislature	
production-1919-vol1-chapters	1551	HYPHEN	blankgap	0	legisla	ture	legislature	
production-1919-vol1-chapters	1553	HYPHEN	blankgap	0	dis	covery	discovery	
production-1919-vol1-chapters	178	HYPHEN	blankgap	0	gov	erning	governing	
production-1919-vol1-chapters	182	HYPHEN	blankgap	0	cer	tificate	certificate	
production-1919-vol1-chapters	189	HYPHEN	blankgap	0	prop	erty	property	
production-1919-vol1-chapters	194	HYPHEN	blankgap	0	cor	poration	corporation	
production-1919-vol1-chapters	2	HYPHEN	blankgap	0	con	stitution	constitution	
production-1919-vol1-chapters	202	HYPHEN	blankgap	0	distin	guishing	distinguishing	
production-1919-vol1-chapters	210	HYPHEN	blankgap	0	superin	tendent	superintendent	
production-1919-vol1-chapters	235	HYPHEN	blankgap	0	trans	ferred	transferred	
production-1919-vol1-chapters	238	HYPHEN	blankgap	0	num	bered	numbered	
production-1919-vol1-chapters	244	HYPHEN	blankgap	0	con	structed	constructed	
production-1919-vol1-chapters	254	HYPHEN	blankgap	0	prop	erty	property	
production-1919-vol1-chapters	261	HYPHEN	blankgap	0	con	venient	convenient	
production-1919-vol1-chapters	264	HYPHEN	blankgap	0	con	strued	construed	
production-1919-vol1-chapters	275	HYPHEN	blankgap	0	pro	ceedings	proceedings	
production-1919-vol1-chapters	280	HYPHEN	blankgap	0	prop	erty	property	
production-1919-vol1-chapters	282	HYPHEN	blankgap	0	unsani	tary	unsanitary	
production-1919-vol1-chapters	282	HYPHEN	blankgap	0	appropriat	ing	appropriating	
production-1919-vol1-chapters	286	HYPHEN	blankgap	0	appropria	tions	appropriations	
production-1919-vol1-chapters	286	HYPHEN	blankgap	0	denomina	tion	denomination	
production-1919-vol1-chapters	292	HYPHEN	blankgap	0	exclud	ing	excluding	
production-1919-vol1-chapters	310	HYPHEN	blankgap	0	incor	poration	incorporation	
production-1919-vol1-chapters	314	HYPHEN	blankgap	0	compen	sation	compensation	
production-1919-vol1-chapters	317	HYPHEN	blankgap	0	dis	tribution	distribution	
production-1919-vol1-chapters	321	HYPHEN	blankgap	0	con	strued	construed	
production-1919-vol1-chapters	347	HYPHEN	blankgap	0	discre	tion	discretion	
production-1919-vol1-chapters	348	HYPHEN	blankgap	0	pas	sengers	passengers	
production-1919-vol1-chapters	349	HYPHEN	blankgap	0	cor	porations	corporations	
production-1919-vol1-chapters	349	HYPHEN	blankgap	0	mer	chandise	merchandise	
production-1919-vol1-chapters	351	HYPHEN	blankgap	0	main	tenance	maintenance	
production-1919-vol1-chapters	352	HYPHEN	blankgap	0	commis	sioner	commissioner	
production-1919-vol1-chapters	354	HYPHEN	blankgap	0	boule	vards	boulevards	
production-1919-vol1-chapters	374	HYPHEN	blankgap	0	cer	tify	certify	
production-1919-vol1-chapters	38	HYPHEN	blankgap	0	con	ventions	conventions	
production-1919-vol1-chapters	396	HYPHEN	margin	12	dis	trict	district	F trict exeept a city high school district such high school dis
production-1919-vol1-chapters	4	HYPHEN	blankgap	0	dis	trict	district	
production-1919-vol1-chapters	408	HYPHEN	blankgap	0	superin	tendent	superintendent	
production-1919-vol1-chapters	409	HYPHEN	blankgap	0	pro	hibiting	prohibiting	
production-1919-vol1-chapters	409	HYPHEN	blankgap	0	pro	hibiting	prohibiting	
production-1919-vol1-chapters	421	HYPHEN	blankgap	0	dis	tricts	districts	
production-1919-vol1-chapters	421	HYPHEN	blankgap	0	mol	lusks	mollusks	
production-1919-vol1-chapters	436	HYPHEN	blankgap	0	organ	izations	organizations	
production-1919-vol1-chapters	44	HYPHEN	blankgap	0	alpha	betical	alphabetical	
production-1919-vol1-chapters	441	HYPHEN	blankgap	0	dis	trict	district	
production-1919-vol1-chapters	441	HYPHEN	blankgap	0	ascer	tain	ascertain	
production-1919-vol1-chapters	45	HYPHEN	blankgap	0	at	tached	attached	
production-1919-vol1-chapters	45	HYPHEN	blankgap	0	presi	dential	presidential	
production-1919-vol1-chapters	458	HYPHEN	blankgap	0	compen	s	compens	
production-1919-vol1-chapters	463	HYPHEN	blankgap	0	prop	erty	property	
production-1919-vol1-chapters	472	HYPHEN	blankgap	0	aban	doned	abandoned	
production-1919-vol1-chapters	474	NOHYPHEN	margin	10	prota	x	protax	half of the total expense necessarily incurred by the state
production-1919-vol1-chapters	477	HYPHEN	blankgap	0	vari	cocele	varicocele	
production-1919-vol1-chapters	490	HYPHEN	blankgap	0	con	duits	conduits	
production-1919-vol1-chapters	490	NOHYPHEN	margin	18	telephon	ing	telephoning	act includes every corporation or person their lessees trustees | reccivers or trustces appointed by any court whatsoever own
production-1919-vol1-chapters	502	HYPHEN	blankgap	0	superin	tendents	superintendents	
production-1919-vol1-chapters	508	HYPHEN	blankgap	0	superin	tendent	superintendent	
production-1919-vol1-chapters	512	HYPHEN	blankgap	0	unconstitu	tional	unconstitutional	
production-1919-vol1-chapters	514	HYPHEN	blankgap	0	recla	mation	reclamation	
production-1919-vol1-chapters	518	HYPHEN	blankgap	0	dis	tricts	districts	
production-1919-vol1-chapters	518	HYPHEN	blankgap	0	misde	meanor	misdemeanor	
production-1919-vol1-chapters	522	HYPHEN	blankgap	0	adminis	trator	administrator	
production-1919-vol1-chapters	528	HYPHEN	blankgap	0	bene	fited	benefited	
production-1919-vol1-chapters	534	HYPHEN	blankgap	0	superin	tendent	superintendent	
production-1919-vol1-chapters	544	HYPHEN	blankgap	0	con	ferred	conferred	
production-1919-vol1-chapters	544	HYPHEN	blankgap	0	con	tinued	continued	
production-1919-vol1-chapters	544	HYPHEN	blankgap	0	supple	menting	supplementing	
production-1919-vol1-chapters	545	HYPHEN	blankgap	0	im	provement	improvement	
production-1919-vol1-chapters	56	HYPHEN	blankgap	0	treas	urer	treasurer	
production-1919-vol1-chapters	560	HYPHEN	blankgap	0	sew	erage	sewerage	
production-1919-vol1-chapters	566	HYPHEN	blankgap	0	estab	lishing	establishing	
production-1919-vol1-chapters	572	HYPHEN	blankgap	0	examina	tions	examinations	
production-1919-vol1-chapters	572	HYPHEN	blankgap	0	con	servancy	conservancy	
production-1919-vol1-chapters	575	HYPHEN	margin	20	con	tinue	continue	currence of the majority in any matter within their duties shall | be sufficient for its determination Said appraisers shall con
production-1919-vol1-chapters	597	HYPHEN	margin	23	juris	dictional	jurisdictional	proreed diction of the parties to and of the subject matter of this | proceeding shal be equivalent to a finding that each juris
production-1919-vol1-chapters	60	HYPHEN	blankgap	0	crusta	ceans	crustaceans	
production-1919-vol1-chapters	613	HYPHEN	blankgap	0	ensu	ing	ensuing	
production-1919-vol1-chapters	614	HYPHEN	blankgap	0	men	tioned	mentioned	
production-1919-vol1-chapters	614	HYPHEN	blankgap	0	expira	tion	expiration	
production-1919-vol1-chapters	619	HYPHEN	margin	23	pro	ceedings	proceedings	visions of this act and of such amendments thereof as may he | hereafter adopted and no other shall apply to all such pro
production-1919-vol1-chapters	624	HYPHEN	blankgap	0	divi	dends	dividends	
production-1919-vol1-chapters	632	HYPHEN	blankgap	0	prop	erty	property	
production-1919-vol1-chapters	667	HYPHEN	blankgap	0	particu	larly	particularly	
production-1919-vol1-chapters	667	HYPHEN	blankgap	0	con	ditioned	conditioned	
production-1919-vol1-chapters	67	HYPHEN	blankgap	0	com	monly	commonly	
production-1919-vol1-chapters	670	HYPHEN	blankgap	0	con	nection	connection	
production-1919-vol1-chapters	676	HYPHEN	blankgap	0	dis	trict	district	
production-1919-vol1-chapters	688	HYPHEN	blankgap	0	suf	ficient	sufficient	
production-1919-vol1-chapters	688	HYPHEN	blankgap	0	delin	quencies	delinquencies	
production-1919-vol1-chapters	691	HYPHEN	blankgap	0	adminis	trators	administrators	
production-1919-vol1-chapters	704	HYPHEN	blankgap	0	irriga	tion	irrigation	
production-1919-vol1-chapters	71	HYPHEN	blankgap	0	adminis	trator	administrator	
production-1919-vol1-chapters	714	HYPHEN	blankgap	0	dis	trict	district	
production-1919-vol1-chapters	717	HYPHEN	blankgap	0	dis	tricts	districts	
production-1919-vol1-chapters	718	HYPHEN	blankgap	0	misde	meanor	misdemeanor	
production-1919-vol1-chapters	723	HYPHEN	blankgap	0	superin	tendent	superintendent	
production-1919-vol1-chapters	748	HYPHEN	blankgap	0	suf	ficiently	sufficiently	
production-1919-vol1-chapters	751	HYPHEN	margin	22	indebt	edness	indebtedness	Fuuds edness All funds remaining after all outstanding indebted | gt mess has been paid shall be apportioned and be paid to the
production-1919-vol1-chapters	754	HYPHEN	blankgap	0	pro	cedure	procedure	
production-1919-vol1-chapters	757	HYPHEN	blankgap	0	mar	riages	marriages	
production-1919-vol1-chapters	759	HYPHEN	blankgap	0	commis	sioner	commissioner	
production-1919-vol1-chapters	776	HYPHEN	blankgap	0	modifi	cations	modifications	
production-1919-vol1-chapters	786	HYPHEN	blankgap	0	perma	nently	permanently	
production-1919-vol1-chapters	797	HYPHEN	blankgap	0	sur	veyor	surveyor	
production-1919-vol1-chapters	802	HYPHEN	blankgap	0	main	tenance	maintenance	
production-1919-vol1-chapters	802	HYPHEN	blankgap	0	dan	gerous	dangerous	
production-1919-vol1-chapters	811	HYPHEN	blankgap	0	com	pletion	completion	
production-1919-vol1-chapters	816	HYPHEN	blankgap	0	prop	erty	property	
production-1919-vol1-chapters	816	HYPHEN	blankgap	0	essen	tially	essentially	
production-1919-vol1-chapters	818	HYPHEN	blankgap	0	expendi	ture	expenditure	
production-1919-vol1-chapters	823	HYPHEN	blankgap	0	disqualifica	tions	disqualifications	
production-1919-vol1-chapters	84	HYPHEN	blankgap	0	emer	gencies	emergencies	
production-1919-vol1-chapters	844	HYPHEN	blankgap	0	num	bered	numbered	
production-1919-vol1-chapters	856	HYPHEN	blankgap	0	inves	tigation	investigation	
production-1919-vol1-chapters	891	HYPHEN	margin	20	merid	ian	meridian	jinn and sections thirty five and thirty six township twenty | two north range sixteen cast Mount Diablo base and merid
production-1919-vol1-chapters	891	HYPHEN	blankgap	0	merid	ian	meridian	
production-1919-vol1-chapters	90	HYPHEN	blankgap	0	pro	portionate	proportionate	
production-1919-vol1-chapters	912	HYPHEN	blankgap	0	dis	trict	district	
production-1919-vol1-chapters	921	HYPHEN	blankgap	0	com	pensation	compensation	
production-1919-vol1-chapters	930	HYPHEN	blankgap	0	men	tioned	mentioned	
production-1919-vol1-chapters	932	HYPHEN	blankgap	0	proclama	tion	proclamation	
production-1919-vol1-chapters	939	HYPHEN	blankgap	0	vet	erinarian	veterinarian	
production-1919-vol1-chapters	94	HYPHEN	blankgap	0	prescrip	tion	prescription	
production-1919-vol1-chapters	94	HYPHEN	blankgap	0	culi	nary	culinary	
production-1919-vol1-chapters	947	HYPHEN	blankgap	0	redemp	tion	redemption	
production-1919-vol1-chapters	953	HYPHEN	margin	12	por	porate	porporate	tion of the property of the district that lies without the cor
production-1919-vol1-chapters	960	HYPHEN	margin	11	proposi	tion	proposition	I tion by placing upon their ballots the words for rcorganiza
production-1919-vol1-chapters	976	HYPHEN	blankgap	0	dep	uties	deputies	
production-1921-vol1-chapters	1000	HYPHEN	blankgap	0	estab	lishment	establishment	
production-1921-vol1-chapters	1029	HYPHEN	blankgap	0	prop	erty	property	
production-1921-vol1-chapters	1037	HYPHEN	blankgap	0	appro	priation	appropriation	
production-1921-vol1-chapters	1053	HYPHEN	blankgap	0	regis	tering	registering	
production-1921-vol1-chapters	1059	HYPHEN	blankgap	0	pro	bation	probation	
production-1921-vol1-chapters	1074	HYPHEN	blankgap	0	col	lected	collected	
production-1921-vol1-chapters	1076	HYPHEN	blankgap	0	superin	tendent	superintendent	
production-1921-vol1-chapters	1081	HYPHEN	blankgap	0	estab	lishing	establishing	
production-1921-vol1-chapters	11	HYPHEN	blankgap	0	appropria	tion	appropriation	
production-1921-vol1-chapters	1105	HYPHEN	blankgap	0	mainte	nance	maintenance	
production-1921-vol1-chapters	112	HYPHEN	blankgap	0	alpha	betical	alphabetical	
production-1921-vol1-chapters	1124	HYPHEN	blankgap	0	incon	sistent	inconsistent	
production-1921-vol1-chapters	1128	HYPHEN	blankgap	0	compen	sation	compensation	
production-1921-vol1-chapters	1159	HYPHEN	margin	12	examina	tion	examination	business Of tion and qualification of any person persons firm or corpora
production-1921-vol1-chapters	1173	HYPHEN	blankgap	0	cor	poration	corporation	
production-1921-vol1-chapters	1185	HYPHEN	margin	1	copart	nership	copartnership	containers
production-1921-vol1-chapters	1188	HYPHEN	blankgap	0	con	nection	connection	
production-1921-vol1-chapters	1189	HYPHEN	blankgap	0	asso	ciations	associations	
production-1921-vol1-chapters	1190	HYPHEN	blankgap	0	prescrib	ing	prescribing	
production-1921-vol1-chapters	1200	HYPHEN	blankgap	0	indebt	edness	indebtedness	
production-1921-vol1-chapters	1218	HYPHEN	blankgap	0	munici	pality	municipality	
production-1921-vol1-chapters	1264	HYPHEN	blankgap	0	man	ufacture	manufacture	
production-1921-vol1-chapters	1264	HYPHEN	blankgap	0	reno	vated	renovated	
production-1921-vol1-chapters	1269	HYPHEN	margin	11	in	spected	inspected	spector at the time of inxpection with the words Cal in
production-1921-vol1-chapters	128	HYPHEN	blankgap	0	cor	poration	corporation	
production-1921-vol1-chapters	1322	HYPHEN	blankgap	0	dis	trict	district	
production-1921-vol1-chapters	1344	HYPHEN	blankgap	0	prin	cipal	principal	
production-1921-vol1-chapters	1360	HYPHEN	blankgap	0	com	pensation	compensation	
production-1921-vol1-chapters	1365	HYPHEN	blankgap	0	com	petent	competent	
production-1921-vol1-chapters	1365	HYPHEN	blankgap	0	subse	quent	subsequent	
production-1921-vol1-chapters	1389	HYPHEN	blankgap	0	obli	gation	obligation	
production-1921-vol1-chapters	1391	HYPHEN	blankgap	0	superin	tendent	superintendent	
production-1921-vol1-chapters	1391	HYPHEN	blankgap	0	superin	tendent	superintendent	
production-1921-vol1-chapters	14	HYPHEN	blankgap	0	excava	tions	excavations	
production-1921-vol1-chapters	1405	HYPHEN	blankgap	0	adminis	trator	administrator	
production-1921-vol1-chapters	1421	HYPHEN	blankgap	0	con	spicuous	conspicuous	
production-1921-vol1-chapters	1421	HYPHEN	blankgap	0	superin	tendent	superintendent	
production-1921-vol1-chapters	1426	NOHYPHEN	blankgap	0	determina	tion	determination	
production-1921-vol1-chapters	1437	HYPHEN	blankgap	0	estab	lishing	establishing	
production-1921-vol1-chapters	1445	HYPHEN	blankgap	0	estab	lishing	establishing	
production-1921-vol1-chapters	1453	HYPHEN	blankgap	0	estab	lishing	establishing	
production-1921-vol1-chapters	1478	HYPHEN	blankgap	0	mainte	nance	maintenance	
production-1921-vol1-chapters	1478	HYPHEN	blankgap	0	estab	lishing	establishing	
production-1921-vol1-chapters	1493	HYPHEN	blankgap	0	com	mitment	commitment	
production-1921-vol1-chapters	1537	HYPHEN	margin	12	pro	cedure	procedure	visions of title seven part three of the Code of Civil Pro
production-1921-vol1-chapters	1541	HYPHEN	margin	12	pro	cedure	procedure	vided he has held his office at loust six months The pro
production-1921-vol1-chapters	1578	HYPHEN	blankgap	0	commis	sioner	commissioner	
production-1921-vol1-chapters	1597	HYPHEN	blankgap	0	com	pensation	compensation	
production-1921-vol1-chapters	1602	HYPHEN	margin	18	con	fidential	confidential	taining the names and addresses of the subscribers but any | information obtained therefrom shall be regarded as con
production-1921-vol1-chapters	1616	HYPHEN	margin	21	fur	therance	furtherance	nished The board shall also adopt rules governing the admin | istration of such farm or camp and discipline thereon in fur
production-1921-vol1-chapters	1625	HYPHEN	blankgap	0	sub	stantially	substantially	
production-1921-vol1-chapters	1638	HYPHEN	blankgap	0	submis	sion	submission	
production-1921-vol1-chapters	1638	HYPHEN	blankgap	0	deter	minations	determinations	
production-1921-vol1-chapters	166	HYPHEN	blankgap	0	sur	veyor	surveyor	
production-1921-vol1-chapters	1720	HYPHEN	blankgap	0	commis	sioners	commissioners	
production-1921-vol1-chapters	1740	HYPHEN	blankgap	0	treas	urer	treasurer	
production-1921-vol1-chapters	1740	HYPHEN	blankgap	0	dis	trict	district	
production-1921-vol1-chapters	1745	HYPHEN	blankgap	0	treas	urer	treasurer	
production-1921-vol1-chapters	1745	HYPHEN	blankgap	0	expira	tion	expiration	
production-1921-vol1-chapters	1752	HYPHEN	blankgap	0	condemna	tion	condemnation	
production-1921-vol1-chapters	1759	HYPHEN	margin	12	pro	cedure	procedure	vided he has held his office at least six months The pro
production-1921-vol1-chapters	1812	HYPHEN	blankgap	0	dis	tribution	distribution	
production-1921-vol1-chapters	1828	HYPHEN	blankgap	0	commis	sioner	commissioner	
production-1921-vol1-chapters	185	HYPHEN	blankgap	0	examina	tion	examination	
production-1921-vol1-chapters	1859	HYPHEN	margin	1	re	newals	renewals	regulation
production-1921-vol1-chapters	186	HYPHEN	blankgap	0	appro	priations	appropriations	
production-1921-vol1-chapters	1864	HYPHEN	margin	7	em	ployees	employees	ployment | See SUBORDINATE OFFICERS AND EM Subordinat
production-1921-vol1-chapters	1875	HYPHEN	blankgap	0	prop	erty	property	
production-1921-vol1-chapters	1884	HYPHEN	blankgap	0	de	cember	december	
production-1921-vol1-chapters	1900	HYPHEN	margin	22	per	ceive	perceive	formed by the Superintendent of Public Works and all eler | ical work shall be perforined by the City Clerk who shall re
production-1921-vol1-chapters	1925	HYPHEN	margin	10	pro	tection	protection	vided with fenders or other appliances for the better pro
production-1921-vol1-chapters	2005	HYPHEN	margin	17	pos	sessed	possessed	sess all legislative administrative judicial and executive | powers functions and duties heretofore had vested in or pos
production-1921-vol1-chapters	2128	HYPHEN	blankgap	0	indebt	edness	indebtedness	
production-1921-vol1-chapters	2128	HYPHEN	blankgap	0	con	stitutional	constitutional	
production-1921-vol1-chapters	2155	HYPHEN	blankgap	0	con	tinued	continued	
production-1921-vol1-chapters	2157	HYPHEN	blankgap	0	par	allel	parallel	
production-1921-vol1-chapters	2169	HYPHEN	blankgap	0	con	stitution	constitution	
production-1921-vol1-chapters	2176	HYPHEN	blankgap	0	jus	tices	justices	
production-1921-vol1-chapters	2176	HYPHEN	blankgap	0	dis	trict	district	
production-1921-vol1-chapters	2181	HYPHEN	margin	8	com	pensation	compensation	mercial industrial or agricultural enterprise when the com
production-1921-vol1-chapters	2184	HYPHEN	blankgap	0	prop	erty	property	
production-1921-vol1-chapters	2188	HYPHEN	blankgap	0	con	tinue	continue	
production-1921-vol1-chapters	2198	HYPHEN	blankgap	0	con	ditions	conditions	
production-1921-vol1-chapters	2267	HYPHEN	blankgap	0	legis	lature	legislature	
production-1921-vol1-chapters	235	HYPHEN	blankgap	0	den	tistry	dentistry	
production-1921-vol1-chapters	25	HYPHEN	blankgap	0	gov	erning	governing	
production-1921-vol1-chapters	250	HYPHEN	blankgap	0	com	modities	commodities	
production-1921-vol1-chapters	293	HYPHEN	blankgap	0	prin	cipal	principal	
production-1921-vol1-chapters	347	HYPHEN	blankgap	0	col	umns	columns	
production-1921-vol1-chapters	364	HYPHEN	blankgap	0	examina	tion	examination	
production-1921-vol1-chapters	369	HYPHEN	blankgap	0	pen	alties	penalties	
production-1921-vol1-chapters	373	HYPHEN	blankgap	0	misde	meanor	misdemeanor	
production-1921-vol1-chapters	421	HYPHEN	blankgap	0	fur	nishing	furnishing	
production-1921-vol1-chapters	421	HYPHEN	blankgap	0	munici	pal	municipal	
production-1921-vol1-chapters	443	HYPHEN	blankgap	0	appro	priator	appropriator	
production-1921-vol1-chapters	451	HYPHEN	blankgap	0	commis	sioner	commissioner	
production-1921-vol1-chapters	467	HYPHEN	blankgap	0	reso	lutions	resolutions	
production-1921-vol1-chapters	503	HYPHEN	blankgap	0	con	structed	constructed	
production-1921-vol1-chapters	512	HYPHEN	blankgap	0	prac	ticable	practicable	
production-1921-vol1-chapters	539	HYPHEN	blankgap	0	engi	neering	engineering	
production-1921-vol1-chapters	542	HYPHEN	blankgap	0	exclu	sively	exclusively	
production-1921-vol1-chapters	55	HYPHEN	blankgap	0	hun	dredths	hundredths	
production-1921-vol1-chapters	57	HYPHEN	blankgap	0	recog	nized	recognized	
production-1921-vol1-chapters	587	HYPHEN	blankgap	0	con	nection	connection	
production-1921-vol1-chapters	606	HYPHEN	blankgap	0	cer	tificate	certificate	
production-1921-vol1-chapters	609	HYPHEN	blankgap	0	con	tinuing	continuing	
production-1921-vol1-chapters	640	HYPHEN	blankgap	0	cor	porations	corporations	
production-1921-vol1-chapters	649	HYPHEN	blankgap	0	sub	stantially	substantially	
production-1921-vol1-chapters	661	HYPHEN	blankgap	0	sub	stantially	substantially	
production-1921-vol1-chapters	67	HYPHEN	blankgap	0	corruga	tions	corrugations	
production-1921-vol1-chapters	714	HYPHEN	blankgap	0	preced	ing	preceding	
production-1921-vol1-chapters	714	HYPHEN	blankgap	0	superin	tendent	superintendent	
production-1921-vol1-chapters	737	HYPHEN	margin	23	pro	ferred	proferred	aided that a student for good cause may upon recommendation | of the president of the college from which he seeks to be trans
production-1921-vol1-chapters	75	HYPHEN	blankgap	0	dis	trict	district	
production-1921-vol1-chapters	767	HYPHEN	blankgap	0	cor	porations	corporations	
production-1921-vol1-chapters	767	HYPHEN	blankgap	0	reviv	ing	reviving	
production-1921-vol1-chapters	8	HYPHEN	blankgap	0	sta	tistics	statistics	
production-1921-vol1-chapters	828	HYPHEN	blankgap	0	irriga	tion	irrigation	
production-1921-vol1-chapters	843	HYPHEN	blankgap	0	estab	lishing	establishing	
production-1921-vol1-chapters	851	HYPHEN	blankgap	0	pro	vider	provider	
production-1921-vol1-chapters	853	HYPHEN	blankgap	0	compensa	tion	compensation	
production-1921-vol1-chapters	856	HYPHEN	blankgap	0	estab	lishing	establishing	
production-1921-vol1-chapters	858	HYPHEN	blankgap	0	estab	lishing	establishing	
production-1921-vol1-chapters	892	HYPHEN	blankgap	0	regis	trars	registrars	
production-1921-vol1-chapters	895	HYPHEN	margin	20	pub	lication	publication	lished in each county shall he designated is or arc hereby | designated as the newspaper or newspapers for making pub
production-1921-vol1-chapters	931	HYPHEN	blankgap	0	com	pletion	completion	
production-1921-vol1-chapters	931	HYPHEN	blankgap	0	misde	meanor	misdemeanor	
production-1921-vol1-chapters	931	HYPHEN	blankgap	0	dis	trict	district	
production-1921-vol1-chapters	939	HYPHEN	blankgap	0	sec	retary	secretary	
production-1921-vol1-chapters	991	HYPHEN	margin	23	depu	ties	deputies	tics for a period not exceeding four months in any one year | at salaries of one hundred dollars cach per month six depu
production-1923-vol1-chapters	1012	HYPHEN	blankgap	0	con	tinuing	continuing	
production-1923-vol1-chapters	1012	HYPHEN	blankgap	0	engi	neers	engineers	
production-1923-vol1-chapters	1050	HYPHEN	blankgap	0	con	nection	connection	
production-1923-vol1-chapters	1052	HYPHEN	blankgap	0	superin	tendents	superintendents	
production-1923-vol1-chapters	1052	HYPHEN	blankgap	0	engi	neers	engineers	
production-1923-vol1-chapters	1074	HYPHEN	blankgap	0	dis	trict	district	
production-1923-vol1-chapters	1087	HYPHEN	blankgap	0	con	duits	conduits	
production-1923-vol1-chapters	1087	HYPHEN	blankgap	0	prop	erty	property	
production-1923-vol1-chapters	109	HYPHEN	blankgap	0	superin	tendent	superintendent	
production-1923-vol1-chapters	109	HYPHEN	blankgap	0	municipali	ties	municipalities	
production-1923-vol1-chapters	109	HYPHEN	blankgap	0	com	pleted	completed	
production-1923-vol1-chapters	1090	HYPHEN	blankgap	0	dis	trict	district	
production-1923-vol1-chapters	119	HYPHEN	blankgap	0	legis	lative	legislative	
production-1923-vol1-chapters	119	HYPHEN	blankgap	0	inser	tions	insertions	
production-1923-vol1-chapters	119	HYPHEN	blankgap	0	modifica	tion	modification	
production-1923-vol1-chapters	119	HYPHEN	blankgap	0	bene	fited	benefited	
production-1923-vol1-chapters	1200	HYPHEN	blankgap	0	commis	sioner	commissioner	
production-1923-vol1-chapters	1213	HYPHEN	margin	10	agricul	ture	agriculture	Salrs tural fairs and to stimulate better agriculture and horticul
production-1923-vol1-chapters	1222	HYPHEN	blankgap	0	dis	trict	district	
production-1923-vol1-chapters	1226	HYPHEN	blankgap	0	authenti	cated	authenticated	
production-1923-vol1-chapters	1229	HYPHEN	margin	24	irriga	tions	irrigations	Prec tion engineer nd shall be certified by him The plans to be | earricd out may be divided by snid board into separate por
production-1923-vol1-chapters	129	HYPHEN	blankgap	0	unincor	porated	unincorporated	
production-1923-vol1-chapters	1293	HYPHEN	blankgap	0	legis	lature	legislature	
production-1923-vol1-chapters	1345	HYPHEN	blankgap	0	com	pensation	compensation	
production-1923-vol1-chapters	140	HYPHEN	blankgap	0	encum	bered	encumbered	
production-1923-vol1-chapters	1413	HYPHEN	blankgap	0	appropria	tion	appropriation	
production-1923-vol1-chapters	1422	HYPHEN	margin	22	con	tribution	contribution	clerk of the assembly who shall compile the same with the ttn | elimination of duplication as a general mailing list The dis
production-1923-vol1-chapters	1429	HYPHEN	blankgap	0	here	inafter	hereinafter	
production-1923-vol1-chapters	146	HYPHEN	blankgap	0	appur	tenances	appurtenances	
production-1923-vol1-chapters	1461	HYPHEN	blankgap	0	accom	panied	accompanied	
production-1923-vol1-chapters	1474	HYPHEN	blankgap	0	con	sidered	considered	
production-1923-vol1-chapters	1501	HYPHEN	blankgap	0	ordi	nances	ordinances	
production-1923-vol1-chapters	1510	HYPHEN	blankgap	0	con	secutively	consecutively	
production-1923-vol1-chapters	1531	HYPHEN	margin	13	benc	e	bence	ficial consumptive use of such waters by one million aere Sect | per annum
production-1923-vol1-chapters	1558	HYPHEN	margin	12	regis	trator	registrator	ter of electors | d The District Attorney and ex officio Public Adminis
production-1923-vol1-chapters	1574	HYPHEN	blankgap	0	expendi	ture	expenditure	
production-1923-vol1-chapters	1645	HYPHEN	blankgap	0	men	tioned	mentioned	
production-1923-vol1-chapters	1650	HYPHEN	blankgap	0	appro	priation	appropriation	
production-1923-vol1-chapters	1654	HYPHEN	blankgap	0	hereinbe	fore	hereinbefore	
production-1923-vol1-chapters	196	HYPHEN	blankgap	0	dis	trict	district	
production-1923-vol1-chapters	197	HYPHEN	blankgap	0	bene	fited	benefited	
production-1923-vol1-chapters	2	HYPHEN	blankgap	0	prop	erty	property	
production-1923-vol1-chapters	209	HYPHEN	blankgap	0	irri	gation	irrigation	
production-1923-vol1-chapters	212	HYPHEN	blankgap	0	insuffi	cient	insufficient	
production-1923-vol1-chapters	217	HYPHEN	blankgap	0	reorganiza	tion	reorganization	
production-1923-vol1-chapters	217	HYPHEN	blankgap	0	pro	ceedings	proceedings	
production-1923-vol1-chapters	234	HYPHEN	blankgap	0	pro	ceedings	proceedings	
production-1923-vol1-chapters	285	HYPHEN	blankgap	0	con	duits	conduits	
production-1923-vol1-chapters	285	HYPHEN	blankgap	0	main	tenance	maintenance	
production-1923-vol1-chapters	285	HYPHEN	blankgap	0	dis	tricts	districts	
production-1923-vol1-chapters	32	HYPHEN	blankgap	0	peti	tioners	petitioners	
production-1923-vol1-chapters	35	HYPHEN	blankgap	0	dis	trict	district	
production-1923-vol1-chapters	369	HYPHEN	blankgap	0	stan	islaus	stanislaus	
production-1923-vol1-chapters	377	HYPHEN	blankgap	0	sur	veyor	surveyor	
production-1923-vol1-chapters	390	HYPHEN	blankgap	0	boule	vards	boulevards	
production-1923-vol1-chapters	405	HYPHEN	blankgap	0	con	structing	constructing	
production-1923-vol1-chapters	406	HYPHEN	blankgap	0	describ	ing	describing	
production-1923-vol1-chapters	407	HYPHEN	blankgap	0	immedi	ately	immediately	
production-1923-vol1-chapters	407	HYPHEN	blankgap	0	dis	trict	district	
production-1923-vol1-chapters	412	HYPHEN	blankgap	0	con	ditions	conditions	
production-1923-vol1-chapters	421	HYPHEN	blankgap	0	boule	vards	boulevards	
production-1923-vol1-chapters	426	HYPHEN	blankgap	0	oper	ators	operators	
production-1923-vol1-chapters	429	HYPHEN	blankgap	0	dis	tricts	districts	
production-1923-vol1-chapters	430	HYPHEN	blankgap	0	pro	tection	protection	
production-1923-vol1-chapters	436	HYPHEN	blankgap	0	irriga	tion	irrigation	
production-1923-vol1-chapters	477	HYPHEN	blankgap	0	transporta	tion	transportation	
production-1923-vol1-chapters	49	HYPHEN	blankgap	0	commis	sioner	commissioner	
production-1923-vol1-chapters	490	HYPHEN	blankgap	0	attor	ney	attorney	
production-1923-vol1-chapters	504	HYPHEN	blankgap	0	con	formity	conformity	
production-1923-vol1-chapters	508	HYPHEN	blankgap	0	for	eign	foreign	
production-1923-vol1-chapters	545	HYPHEN	margin	20	con	ditions	conditions	ae ats structed arranged and adjusted that they will at all times | mentioned in section and under normal atmospheric con
production-1923-vol1-chapters	551	HYPHEN	margin	18	con	ditions	conditions	Gitions specified in section ninety nine a lighted lantern or | ether light plainly visible under normal atmospheric con
production-1923-vol1-chapters	554	HYPHEN	blankgap	0	hori	zontal	horizontal	
production-1923-vol1-chapters	563	HYPHEN	margin	12	pre	vious	previous	sumed or implied because of such owner s consent on a pre
production-1923-vol1-chapters	577	HYPHEN	blankgap	0	ensu	ing	ensuing	
production-1923-vol1-chapters	577	HYPHEN	blankgap	0	discon	tinue	discontinue	
production-1923-vol1-chapters	605	HYPHEN	blankgap	0	treas	urer	treasurer	
production-1923-vol1-chapters	605	HYPHEN	blankgap	0	dis	trict	district	
production-1923-vol1-chapters	606	HYPHEN	blankgap	0	dis	trict	district	
production-1923-vol1-chapters	620	HYPHEN	blankgap	0	pre	ferred	preferred	
production-1923-vol1-chapters	621	HYPHEN	blankgap	0	incorpora	tion	incorporation	
production-1923-vol1-chapters	673	HYPHEN	blankgap	0	appro	priated	appropriated	
production-1923-vol1-chapters	685	HYPHEN	blankgap	0	amenda	tory	amendatory	
production-1923-vol1-chapters	688	HYPHEN	blankgap	0	equiv	alent	equivalent	
production-1923-vol1-chapters	712	HYPHEN	blankgap	0	hun	dredths	hundredths	
production-1923-vol1-chapters	742	HYPHEN	blankgap	0	con	ditions	conditions	
production-1923-vol1-chapters	749	HYPHEN	blankgap	0	notwith	standing	notwithstanding	
production-1923-vol1-chapters	784	HYPHEN	blankgap	0	reconstruc	tion	reconstruction	
production-1923-vol1-chapters	81	HYPHEN	margin	21	con	nection	connection	struction of all wharves docks picrs slips aud the construc | tion and operation of a municipal belt line railroad in con
production-1923-vol1-chapters	823	HYPHEN	blankgap	0	sub	stantially	substantially	
production-1923-vol1-chapters	826	HYPHEN	blankgap	0	ventila	tion	ventilation	
production-1923-vol1-chapters	826	HYPHEN	blankgap	0	obnox	ious	obnoxious	
production-1923-vol1-chapters	83	HYPHEN	blankgap	0	dis	trict	district	
production-1923-vol1-chapters	850	HYPHEN	blankgap	0	for	eign	foreign	
production-1923-vol1-chapters	852	HYPHEN	blankgap	0	geographi	cal	geographical	
production-1923-vol1-chapters	936	HYPHEN	blankgap	0	estab	lishment	establishment	
production-1923-vol1-chapters	943	HYPHEN	blankgap	0	com	pleted	completed	
production-1923-vol1-chapters	949	HYPHEN	blankgap	0	dis	trict	district	
production-1923-vol1-chapters	958	HYPHEN	blankgap	0	dis	trict	district	
production-1923-vol1-chapters	958	HYPHEN	blankgap	0	treas	urer	treasurer	
production-1923-vol1-chapters	977	HYPHEN	blankgap	0	consti	tuted	constituted	
production-1923-vol1-chapters	985	HYPHEN	blankgap	0	irri	gation	irrigation	
production-1925-vol1-chapters	1	HYPHEN	blankgap	0	appropria	tion	appropriation	
production-1925-vol1-chapters	1023	HYPHEN	blankgap	0	legisla	ture	legislature	
production-1925-vol1-chapters	105	HYPHEN	blankgap	0	subdi	visions	subdivisions	
production-1925-vol1-chapters	1120	HYPHEN	blankgap	0	examina	tion	examination	
production-1925-vol1-chapters	1150	NOHYPHEN	margin	19	cuarter	on	cuarteron	in July provided that for the purpose of nominating ete | candidates at the primary nominating election to be held
production-1925-vol1-chapters	1154	HYPHEN	blankgap	0	com	monly	commonly	
production-1925-vol1-chapters	1171	HYPHEN	blankgap	0	num	bered	numbered	
production-1925-vol1-chapters	1204	HYPHEN	margin	22	con	tribution	contribution	elerk of the assembly who shall compile the same with the Mitutool | elimination of duplication as a general mailing list The dis
production-1925-vol1-chapters	1267	HYPHEN	blankgap	0	commis	sioners	commissioners	
production-1925-vol1-chapters	136	HYPHEN	blankgap	0	enum	erated	enumerated	
production-1925-vol1-chapters	1368	HYPHEN	margin	12	pro	stitution	prostitution	pose to the people of the State of California that the con
production-1925-vol1-chapters	1368	HYPHEN	blankgap	0	con	stitution	constitution	
production-1925-vol1-chapters	14	HYPHEN	blankgap	0	in	corporated	incorporated	
production-1925-vol1-chapters	1404	HYPHEN	margin	22	sub	stitution	substitution	division of said section and to read as follows | Subject to the power vested in the legislature by this con Tuxatio v
production-1925-vol1-chapters	161	HYPHEN	blankgap	0	mineralo	gist	mineralogist	
production-1925-vol1-chapters	169	HYPHEN	blankgap	0	cor	rections	corrections	
production-1925-vol1-chapters	179	HYPHEN	margin	11	pro	lative	prolative	vided shall be Iet to the lowest responsible bidder The legis
production-1925-vol1-chapters	188	HYPHEN	blankgap	0	deten	tion	detention	
production-1925-vol1-chapters	190	HYPHEN	blankgap	0	dis	tricts	districts	
production-1925-vol1-chapters	237	HYPHEN	blankgap	0	estab	lishment	establishment	
production-1925-vol1-chapters	250	HYPHEN	margin	22	trans	poration	transporation	porting water for use by or in a municipal corporation or for | the purpose of supplying the needs of any municipal cor
production-1925-vol1-chapters	287	HYPHEN	blankgap	0	unappro	priated	unappropriated	
production-1925-vol1-chapters	289	HYPHEN	blankgap	0	examina	tion	examination	
production-1925-vol1-chapters	360	HYPHEN	blankgap	0	con	stitution	constitution	
production-1925-vol1-chapters	371	HYPHEN	blankgap	0	superin	tend	superintend	
production-1925-vol1-chapters	378	HYPHEN	blankgap	0	appro	priations	appropriations	
production-1925-vol1-chapters	390	HYPHEN	blankgap	0	incon	sistent	inconsistent	
production-1925-vol1-chapters	445	HYPHEN	blankgap	0	con	stitutional	constitutional	
production-1925-vol1-chapters	446	HYPHEN	blankgap	0	estimat	ing	estimating	
production-1925-vol1-chapters	447	HYPHEN	blankgap	0	pur	suance	pursuance	
production-1925-vol1-chapters	454	HYPHEN	blankgap	0	pro	posals	proposals	
production-1925-vol1-chapters	468	HYPHEN	blankgap	0	con	flict	conflict	
production-1925-vol1-chapters	487	HYPHEN	blankgap	0	eradi	cated	eradicated	
production-1925-vol1-chapters	553	HYPHEN	blankgap	0	con	nection	connection	
production-1925-vol1-chapters	554	HYPHEN	blankgap	0	appro	priation	appropriation	
production-1925-vol1-chapters	597	HYPHEN	margin	11	com	mination	commination	mission shall have the powers hereby granted to make a deter
production-1925-vol1-chapters	600	HYPHEN	blankgap	0	negoti	ates	negotiates	
production-1925-vol1-chapters	600	HYPHEN	blankgap	0	prop	erty	property	
production-1925-vol1-chapters	716	HYPHEN	blankgap	0	regis	trars	registrars	
production-1925-vol1-chapters	722	HYPHEN	blankgap	0	dis	trict	district	
production-1925-vol1-chapters	731	HYPHEN	blankgap	0	dis	trict	district	
production-1925-vol1-chapters	731	HYPHEN	blankgap	0	pro	ceedings	proceedings	
production-1925-vol1-chapters	763	HYPHEN	blankgap	0	munici	pal	municipal	
production-1925-vol1-chapters	84	HYPHEN	blankgap	0	trans	portation	transportation	
production-1925-vol1-chapters	865	HYPHEN	blankgap	0	pub	lication	publication	
production-1925-vol1-chapters	870	HYPHEN	blankgap	0	defec	tive	defective	
production-1925-vol1-chapters	876	HYPHEN	blankgap	0	determina	tions	determinations	
production-1925-vol1-chapters	91	HYPHEN	blankgap	0	exe	cuted	executed	
production-1925-vol1-chapters	91	HYPHEN	blankgap	0	pro	jected	projected	
production-1925-vol1-chapters	932	HYPHEN	blankgap	0	organi	zation	organization	
production-1925-vol1-chapters	941	HYPHEN	blankgap	0	cor	poration	corporation	
production-1925-vol1-chapters	971	HYPHEN	margin	13	pro	ceeding	proceeding	vided in section three of this act and in any action or pro
production-1925-vol1-chapters	972	HYPHEN	blankgap	0	incorpora	tion	incorporation	
production-1927-vol1-26chapters	2	HYPHEN	blankgap	0	extraor	dinary	extraordinary	
production-1927-vol1-chapters	1015	HYPHEN	blankgap	0	dis	trict	district	
production-1927-vol1-chapters	1020	HYPHEN	blankgap	0	num	bered	numbered	
production-1927-vol1-chapters	1030	HYPHEN	blankgap	0	engi	neers	engineers	
production-1927-vol1-chapters	1044	HYPHEN	blankgap	0	num	bered	numbered	
production-1927-vol1-chapters	1048	HYPHEN	blankgap	0	com	petent	competent	
production-1927-vol1-chapters	1066	HYPHEN	blankgap	0	bene	fited	benefited	
production-1927-vol1-chapters	1108	HYPHEN	margin	11	com	petent	competent	with the advice of the Senate three experienced and com fosu
production-1927-vol1-chapters	1110	HYPHEN	margin	20	appropria	tion	appropriation	appropriated out of any money in the state treasury not other | wise appropriated for the purpose of paying the compensa
production-1927-vol1-chapters	1132	HYPHEN	blankgap	0	equaliza	tion	equalization	
production-1927-vol1-chapters	1145	HYPHEN	blankgap	0	compensa	tion	compensation	
production-1927-vol1-chapters	117	HYPHEN	blankgap	0	insuffi	cient	insufficient	
production-1927-vol1-chapters	1201	HYPHEN	blankgap	0	respon	sibilities	responsibilities	
production-1927-vol1-chapters	1201	HYPHEN	blankgap	0	appor	tion	apportion	
production-1927-vol1-chapters	1218	HYPHEN	margin	11	com	pensation	compensation	mission should not proceed after hearing to fix the just com
production-1927-vol1-chapters	1228	HYPHEN	blankgap	0	dissolu	tion	dissolution	
production-1927-vol1-chapters	1228	HYPHEN	blankgap	0	dis	tricts	districts	
production-1927-vol1-chapters	1247	HYPHEN	blankgap	0	expira	tion	expiration	
production-1927-vol1-chapters	1260	HYPHEN	blankgap	0	hereinbe	fore	hereinbefore	
production-1927-vol1-chapters	1277	HYPHEN	blankgap	0	valua	tion	valuation	
production-1927-vol1-chapters	128	HYPHEN	blankgap	0	compen	sation	compensation	
production-1927-vol1-chapters	1304	HYPHEN	blankgap	0	cor	porations	corporations	
production-1927-vol1-chapters	1308	HYPHEN	blankgap	0	appro	priations	appropriations	
production-1927-vol1-chapters	1308	HYPHEN	blankgap	0	exam	ination	examination	
production-1927-vol1-chapters	1310	HYPHEN	blankgap	0	con	ferred	conferred	
production-1927-vol1-chapters	1310	HYPHEN	blankgap	0	com	pensation	compensation	
production-1927-vol1-chapters	1335	HYPHEN	blankgap	0	appor	tioned	apportioned	
production-1927-vol1-chapters	1355	HYPHEN	margin	11	pro	lative	prolative	vided shall be let to the lowest responsible bidder The legis
production-1927-vol1-chapters	1380	HYPHEN	blankgap	0	appur	tenances	appurtenances	
production-1927-vol1-chapters	1399	HYPHEN	blankgap	0	dis	trict	district	
production-1927-vol1-chapters	1416	HYPHEN	blankgap	0	speci	fications	specifications	
production-1927-vol1-chapters	1424	HYPHEN	blankgap	0	manufac	turer	manufacturer	
production-1927-vol1-chapters	1424	HYPHEN	blankgap	0	com	mencing	commencing	
production-1927-vol1-chapters	1444	HYPHEN	blankgap	0	appro	priation	appropriation	
production-1927-vol1-chapters	1458	HYPHEN	blankgap	0	pro	ceedings	proceedings	
production-1927-vol1-chapters	1466	HYPHEN	blankgap	0	dis	trict	district	
production-1927-vol1-chapters	147	HYPHEN	blankgap	0	ter	ritories	territories	
production-1927-vol1-chapters	151	HYPHEN	blankgap	0	volun	tarily	voluntarily	
production-1927-vol1-chapters	1511	HYPHEN	margin	11	commis	sioner	commissioner	horticultural sioner shall receive a salary of two thousand four hundred
production-1927-vol1-chapters	1548	HYPHEN	margin	11	con	strued	construed	sumption by the public Nothing in this section shall be con
production-1927-vol1-chapters	1560	HYPHEN	blankgap	0	pro	ceeding	proceeding	
production-1927-vol1-chapters	1607	HYPHEN	blankgap	0	dis	trict	district	
production-1927-vol1-chapters	1665	HYPHEN	margin	22	com	mination	commination	of order mission shall make and enter the crder granting the said | petition or selecting the stream system upon which the deter
production-1927-vol1-chapters	1704	HYPHEN	blankgap	0	inter	ruptus	interruptus	
production-1927-vol1-chapters	1726	HYPHEN	margin	21	col	lecting	collecting	lection of taxes to pay the annual installment of principal | and interest on said bonds to provide for levying and col
production-1927-vol1-chapters	1745	HYPHEN	blankgap	0	cer	tificate	certificate	
production-1927-vol1-chapters	179	HYPHEN	blankgap	0	uncon	stitutional	unconstitutional	
production-1927-vol1-chapters	188	HYPHEN	blankgap	0	munici	pality	municipality	
production-1927-vol1-chapters	190	HYPHEN	blankgap	0	organi	zation	organization	
production-1927-vol1-chapters	1900	HYPHEN	margin	8	util	izations	utilizations	ity companies civic education professional and other organ
production-1927-vol1-chapters	1910	HYPHEN	blankgap	0	subdivi	sion	subdivision	
production-1927-vol1-chapters	1915	HYPHEN	blankgap	0	incon	sistent	inconsistent	
production-1927-vol1-chapters	1923	HYPHEN	margin	9	estab	lishment	establishment	lish conduct maintain or operate a clothes cleaning estab
production-1927-vol1-chapters	1938	HYPHEN	blankgap	0	part	nership	partnership	
production-1927-vol1-chapters	1986	HYPHEN	blankgap	0	em	ployees	employees	
production-1927-vol1-chapters	204	HYPHEN	blankgap	0	depu	ties	deputies	
production-1927-vol1-chapters	2065	HYPHEN	margin	18	commis	sioners	commissioners	sion Trustees of Public Library Board of Police and Fire | Commissioners Board of Fire and olice Pension Commis
production-1927-vol1-chapters	2070	HYPHEN	blankgap	0	admin	istration	administration	
production-1927-vol1-chapters	2082	HYPHEN	blankgap	0	andrein	a	andreina	
production-1927-vol1-chapters	2097	HYPHEN	margin	2	per	sonally	personally	of grlevances
production-1927-vol1-chapters	2120	HYPHEN	blankgap	0	recom	mendation	recommendation	
production-1927-vol1-chapters	215	HYPHEN	blankgap	0	unappor	tioned	unapportioned	
production-1927-vol1-chapters	2154	HYPHEN	blankgap	0	con	tinue	continue	
production-1927-vol1-chapters	216	HYPHEN	blankgap	0	cer	tificate	certificate	
production-1927-vol1-chapters	2168	HYPHEN	blankgap	0	por	terville	porterville	
production-1927-vol1-chapters	2190	HYPHEN	blankgap	0	cor	rections	corrections	
production-1927-vol1-chapters	2213	HYPHEN	blankgap	0	com	mencing	commencing	
production-1927-vol1-chapters	2222	HYPHEN	blankgap	0	unex	pired	unexpired	
production-1927-vol1-chapters	2279	HYPHEN	blankgap	0	pro	tection	protection	
production-1927-vol1-chapters	2282	HYPHEN	blankgap	0	con	ditions	conditions	
production-1927-vol1-chapters	2291	HYPHEN	blankgap	0	repre	sentatives	representatives	
production-1927-vol1-chapters	230	HYPHEN	blankgap	0	ren	dered	rendered	
production-1927-vol1-chapters	2357	HYPHEN	margin	20	pro	posals	proposals	posal of Amendment to the Okarter of the City of Compton | known as Amendment Number Three and that said pro
production-1927-vol1-chapters	2378	HYPHEN	blankgap	0	for	eign	foreign	
production-1927-vol1-chapters	2390	HYPHEN	blankgap	0	exposi	tion	exposition	
production-1927-vol1-chapters	2394	HYPHEN	blankgap	0	preced	ing	preceding	
production-1927-vol1-chapters	2395	HYPHEN	blankgap	0	dis	trict	district	
production-1927-vol1-chapters	2395	HYPHEN	blankgap	0	munic	ipal	municipal	
production-1927-vol1-chapters	2396	HYPHEN	blankgap	0	comprehen	sive	comprehensive	
production-1927-vol1-chapters	241	HYPHEN	blankgap	0	cer	tificate	certificate	
production-1927-vol1-chapters	247	HYPHEN	blankgap	0	cor	poration	corporation	
production-1927-vol1-chapters	248	HYPHEN	blankgap	0	dis	trict	district	
production-1927-vol1-chapters	26	HYPHEN	blankgap	0	dis	trict	district	
production-1927-vol1-chapters	262	HYPHEN	blankgap	0	elimina	tions	eliminations	
production-1927-vol1-chapters	28	HYPHEN	blankgap	0	munic	ipal	municipal	
production-1927-vol1-chapters	285	HYPHEN	blankgap	0	appro	priations	appropriations	
production-1927-vol1-chapters	314	HYPHEN	blankgap	0	recommenda	tions	recommendations	
production-1927-vol1-chapters	314	HYPHEN	blankgap	0	admin	istrative	administrative	
production-1927-vol1-chapters	331	HYPHEN	margin	3	sub	stantially	substantially	of act ue
production-1927-vol1-chapters	349	HYPHEN	margin	12	legisla	tion	legislation	beian tive body of any county city and county city town irriga
production-1927-vol1-chapters	393	HYPHEN	blankgap	0	dis	tricts	districts	
production-1927-vol1-chapters	401	HYPHEN	blankgap	0	fran	chises	franchises	
production-1927-vol1-chapters	440	HYPHEN	blankgap	0	exe	cution	execution	
production-1927-vol1-chapters	440	HYPHEN	blankgap	0	discre	tion	discretion	
production-1927-vol1-chapters	483	HYPHEN	blankgap	0	con	strued	construed	
production-1927-vol1-chapters	485	HYPHEN	blankgap	0	oper	ators	operators	
production-1927-vol1-chapters	488	HYPHEN	blankgap	0	misrepresenta	tions	misrepresentations	
production-1927-vol1-chapters	489	HYPHEN	blankgap	0	empow	ered	empowered	
production-1927-vol1-chapters	517	HYPHEN	blankgap	0	here	inafter	hereinafter	
production-1927-vol1-chapters	530	HYPHEN	blankgap	0	declar	atory	declaratory	
production-1927-vol1-chapters	570	HYPHEN	blankgap	0	expul	sion	expulsion	
production-1927-vol1-chapters	576	HYPHEN	blankgap	0	mer	chandise	merchandise	
production-1927-vol1-chapters	580	HYPHEN	blankgap	0	incon	sistent	inconsistent	
production-1927-vol1-chapters	588	HYPHEN	blankgap	0	irriga	tion	irrigation	
production-1927-vol1-chapters	592	HYPHEN	margin	8	per	fected	perfected	sonal property contained therein has been thoroughly disin
production-1927-vol1-chapters	653	HYPHEN	blankgap	0	superin	tendent	superintendent	
production-1927-vol1-chapters	654	HYPHEN	blankgap	0	num	bered	numbered	
production-1927-vol1-chapters	666	HYPHEN	blankgap	0	num	bered	numbered	
production-1927-vol1-chapters	678	HYPHEN	blankgap	0	assis	tants	assistants	
production-1927-vol1-chapters	678	HYPHEN	blankgap	0	depu	ties	deputies	
production-1927-vol1-chapters	690	HYPHEN	blankgap	0	dis	tricts	districts	
production-1927-vol1-chapters	727	HYPHEN	blankgap	0	col	lected	collected	
production-1927-vol1-chapters	732	HYPHEN	blankgap	0	neces	sarily	necessarily	
production-1927-vol1-chapters	873	HYPHEN	blankgap	0	intrud	ing	intruding	
production-1927-vol1-chapters	887	HYPHEN	margin	11	trans	portation	transportation	porting prisoners to the county jail the actual cost of trans
production-1927-vol1-chapters	908	HYPHEN	blankgap	0	mainte	nance	maintenance	
production-1929-vol1-29chapters	1006	HYPHEN	blankgap	0	empow	ered	empowered	
production-1929-vol1-29chapters	1010	HYPHEN	blankgap	0	con	solidation	consolidation	
production-1929-vol1-29chapters	1012	HYPHEN	blankgap	0	dis	tricts	districts	
production-1929-vol1-29chapters	1017	HYPHEN	blankgap	0	con	summating	consummating	
production-1929-vol1-29chapters	1019	HYPHEN	blankgap	0	expen	diture	expenditure	
production-1929-vol1-29chapters	1035	HYPHEN	blankgap	0	dis	tricts	districts	
production-1929-vol1-29chapters	1061	HYPHEN	blankgap	0	estab	lishing	establishing	
production-1929-vol1-29chapters	1070	HYPHEN	blankgap	0	augmenta	tion	augmentation	
production-1929-vol1-29chapters	1134	HYPHEN	blankgap	0	dis	trict	district	
production-1929-vol1-29chapters	1134	HYPHEN	blankgap	0	prop	erty	property	
production-1929-vol1-29chapters	1134	HYPHEN	blankgap	0	appropria	tions	appropriations	
production-1929-vol1-29chapters	1134	HYPHEN	blankgap	0	main	tenance	maintenance	
production-1929-vol1-29chapters	1171	HYPHEN	margin	13	pro	ceedings	proceedings	vided that if any sale or sales shall be stayed by legal pro
production-1929-vol1-29chapters	1210	HYPHEN	blankgap	0	appro	priated	appropriated	
production-1929-vol1-29chapters	1342	HYPHEN	margin	2	compo	sition	composition	milk ye
production-1929-vol1-29chapters	135	HYPHEN	blankgap	0	mer	chandise	merchandise	
production-1929-vol1-29chapters	135	HYPHEN	blankgap	0	dis	tinguish	distinguish	
production-1929-vol1-29chapters	1352	HYPHEN	blankgap	0	agricul	ture	agriculture	
production-1929-vol1-29chapters	1352	HYPHEN	blankgap	0	quali	fications	qualifications	
production-1929-vol1-29chapters	138	HYPHEN	blankgap	0	compensa	tion	compensation	
production-1929-vol1-29chapters	1491	HYPHEN	blankgap	0	con	structed	constructed	
production-1929-vol1-29chapters	1491	HYPHEN	blankgap	0	con	structed	constructed	
production-1929-vol1-29chapters	1493	HYPHEN	blankgap	0	acquisi	tion	acquisition	
production-1929-vol1-29chapters	1495	HYPHEN	blankgap	0	prop	erty	property	
production-1929-vol1-29chapters	1495	HYPHEN	blankgap	0	acquisi	tion	acquisition	
production-1929-vol1-29chapters	1495	HYPHEN	blankgap	0	acquisi	tion	acquisition	
production-1929-vol1-29chapters	1569	HYPHEN	blankgap	0	legisla	tive	legislative	
production-1929-vol1-29chapters	16	HYPHEN	blankgap	0	appro	priation	appropriation	
production-1929-vol1-29chapters	160	HYPHEN	blankgap	0	irriga	tion	irrigation	
production-1929-vol1-29chapters	1621	HYPHEN	margin	22	subdi	visions	subdivisions	procedure visions b c d and e hereof the board of directors | may by ordinanee elect to proceed in accordance with subdi
production-1929-vol1-29chapters	1643	HYPHEN	blankgap	0	pro	ceedings	proceedings	
production-1929-vol1-29chapters	171	HYPHEN	blankgap	0	trans	portation	transportation	
production-1929-vol1-29chapters	1744	HYPHEN	blankgap	0	subse	quently	subsequently	
production-1929-vol1-29chapters	175	HYPHEN	blankgap	0	num	bered	numbered	
production-1929-vol1-29chapters	1752	HYPHEN	blankgap	0	appro	priation	appropriation	
production-1929-vol1-29chapters	177	HYPHEN	blankgap	0	decep	tion	deception	
production-1929-vol1-29chapters	1780	HYPHEN	blankgap	0	appurte	nances	appurtenances	
production-1929-vol1-29chapters	179	HYPHEN	blankgap	0	decep	tion	deception	
production-1929-vol1-29chapters	1808	HYPHEN	margin	9	con	sultants	consultants	tract with architects city planners engineers and other con
production-1929-vol1-29chapters	1858	HYPHEN	blankgap	0	unincor	porated	unincorporated	
production-1929-vol1-29chapters	1858	HYPHEN	blankgap	0	authoriza	tion	authorization	
production-1929-vol1-29chapters	1872	HYPHEN	blankgap	0	indebt	edness	indebtedness	
production-1929-vol1-29chapters	1875	HYPHEN	blankgap	0	indispen	sable	indispensable	
production-1929-vol1-29chapters	1893	HYPHEN	blankgap	0	cor	porate	corporate	
production-1929-vol1-29chapters	1899	HYPHEN	margin	1	part	nership	partnership	property
production-1929-vol1-29chapters	1917	HYPHEN	blankgap	0	obliga	tions	obligations	
production-1929-vol1-29chapters	1917	HYPHEN	blankgap	0	ascer	taining	ascertaining	
production-1929-vol1-29chapters	1948	HYPHEN	blankgap	0	com	petent	competent	
production-1929-vol1-29chapters	1951	HYPHEN	margin	14	pro	lative	prolative	visions of this act shall heve been filed in the office of a legis
production-1929-vol1-29chapters	1974	HYPHEN	blankgap	0	munici	pal	municipal	
production-1929-vol1-29chapters	2069	HYPHEN	blankgap	0	nominat	ing	nominating	
production-1929-vol1-29chapters	2111	HYPHEN	margin	10	pre	cincts	precincts	scribe and give notice thereof establish and alter election pre
production-1929-vol1-29chapters	2215	HYPHEN	blankgap	0	legis	lature	legislature	
production-1929-vol1-29chapters	2216	HYPHEN	blankgap	0	repre	sentatives	representatives	
production-1929-vol1-29chapters	2220	HYPHEN	blankgap	0	num	bered	numbered	
production-1929-vol1-29chapters	2225	HYPHEN	blankgap	0	appro	priate	appropriate	
production-1929-vol1-29chapters	2231	HYPHEN	blankgap	0	con	necting	connecting	
production-1929-vol1-29chapters	2233	HYPHEN	margin	9	pro	lative	prolative	posed to the electors Amendments proposed by the legis
production-1929-vol1-29chapters	2237	HYPHEN	blankgap	0	extraor	dinary	extraordinary	
production-1929-vol1-29chapters	2259	HYPHEN	blankgap	0	dredg	ing	dredging	
production-1929-vol1-29chapters	2263	HYPHEN	blankgap	0	legis	lature	legislature	
production-1929-vol1-29chapters	230	HYPHEN	blankgap	0	immedi	ately	immediately	
production-1929-vol1-29chapters	236	HYPHEN	margin	20	phar	maceutical	pharmaceutical	macy department of a university requires in its course a | minimum of two thousand two hundred fifty hours in phar
production-1929-vol1-29chapters	238	HYPHEN	blankgap	0	manu	factured	manufactured	
production-1929-vol1-29chapters	274	HYPHEN	margin	22	com	partments	compartments	plete change of air in not to exceed five minutes for each room | used for the following purposes Water closets shower com
production-1929-vol1-29chapters	274	HYPHEN	blankgap	0	com	partments	compartments	
production-1929-vol1-29chapters	282	NOHYPHEN	blankgap	0	agricul	ture	agriculture	
production-1929-vol1-29chapters	307	HYPHEN	blankgap	0	unnavi	gable	unnavigable	
production-1929-vol1-29chapters	325	HYPHEN	blankgap	0	long	shoremen	longshoremen	
production-1929-vol1-29chapters	343	HYPHEN	blankgap	0	legis	lature	legislature	
production-1929-vol1-29chapters	359	HYPHEN	blankgap	0	incor	poration	incorporation	
production-1929-vol1-29chapters	368	HYPHEN	blankgap	0	pro	posals	proposals	
production-1929-vol1-29chapters	379	HYPHEN	blankgap	0	pro	hibiting	prohibiting	
production-1929-vol1-29chapters	38	HYPHEN	blankgap	0	con	flicting	conflicting	
production-1929-vol1-29chapters	39	HYPHEN	blankgap	0	appropria	tion	appropriation	
production-1929-vol1-29chapters	4	HYPHEN	blankgap	0	navi	gation	navigation	
production-1929-vol1-29chapters	41	HYPHEN	blankgap	0	suf	ficient	sufficient	
production-1929-vol1-29chapters	417	HYPHEN	margin	20	con	structed	constructed	crete If building exceeds twenty five feet in height bearing | walls shall be reinforced concrete Where any wall is con
production-1929-vol1-29chapters	438	HYPHEN	blankgap	0	propor	tion	proportion	
production-1929-vol1-29chapters	458	HYPHEN	blankgap	0	unim	proved	unimproved	
production-1929-vol1-29chapters	47	HYPHEN	blankgap	0	prop	erty	property	
production-1929-vol1-29chapters	47	HYPHEN	blankgap	0	convic	tion	conviction	
production-1929-vol1-29chapters	470	NOHYPHEN	blankgap	0	superin	tendent	superintendent	
production-1929-vol1-29chapters	491	HYPHEN	blankgap	0	appur	tenant	appurtenant	
production-1929-vol1-29chapters	500	HYPHEN	blankgap	0	dec	laration	declaration	
production-1929-vol1-29chapters	506	HYPHEN	blankgap	0	com	mittees	committees	
production-1929-vol1-29chapters	509	HYPHEN	blankgap	0	col	lected	collected	
production-1929-vol1-29chapters	518	NOHYPHEN	blankgap	0	nonresi	dents	nonresidents	
production-1929-vol1-29chapters	55	HYPHEN	blankgap	0	equaliza	tion	equalization	
production-1929-vol1-29chapters	583	HYPHEN	blankgap	0	prop	erty	property	
production-1929-vol1-29chapters	597	HYPHEN	blankgap	0	num	bered	numbered	
production-1929-vol1-29chapters	599	HYPHEN	blankgap	0	prop	erty	property	
production-1929-vol1-29chapters	60	HYPHEN	margin	2	suc	ceeding	succeeding	of votes
production-1929-vol1-29chapters	600	HYPHEN	blankgap	0	designat	ing	designating	
production-1929-vol1-29chapters	601	HYPHEN	blankgap	0	cer	tificates	certificates	
production-1929-vol1-29chapters	618	NOHYPHEN	blankgap	0	incum	bents	incumbents	
production-1929-vol1-29chapters	682	HYPHEN	blankgap	0	dis	tricts	districts	
production-1929-vol1-29chapters	685	HYPHEN	blankgap	0	num	bered	numbered	
production-1929-vol1-29chapters	685	HYPHEN	blankgap	0	prin	cipal	principal	
production-1929-vol1-29chapters	685	HYPHEN	blankgap	0	dis	trict	district	
production-1929-vol1-29chapters	696	HYPHEN	blankgap	0	munici	pality	municipality	
production-1929-vol1-29chapters	705	HYPHEN	blankgap	0	main	tenance	maintenance	
production-1929-vol1-29chapters	718	HYPHEN	margin	1	appro	priate	appropriate	amended
production-1929-vol1-29chapters	721	HYPHEN	blankgap	0	ven	tilation	ventilation	
production-1929-vol1-29chapters	80	HYPHEN	blankgap	0	prop	erty	property	
production-1929-vol1-29chapters	811	HYPHEN	blankgap	0	pro	tected	protected	
production-1929-vol1-29chapters	822	HYPHEN	blankgap	0	col	lected	collected	
production-1929-vol1-29chapters	830	HYPHEN	blankgap	0	pro	cedure	procedure	
production-1929-vol1-29chapters	923	HYPHEN	blankgap	0	depu	tes	deputes	
production-1929-vol1-29chapters	96	HYPHEN	margin	10	pro	priation	propriation	vision are hereby defined as contingencies for which no appro
production-1929-vol1-29chapters	961	HYPHEN	blankgap	0	num	bered	numbered	
production-1929-vol1-29chapters	971	HYPHEN	blankgap	0	com	pletion	completion	
production-1929-vol1-29chapters	977	HYPHEN	blankgap	0	gov	ernor	governor	
production-1929-vol1-29chapters	991	HYPHEN	blankgap	0	dis	trict	district	
production-1931-vol1-chapters	1045	HYPHEN	margin	8	de	bilities	debilities	powers and jurisdiction assume and discharge all responsi
production-1931-vol1-chapters	1058	HYPHEN	blankgap	0	pris	oners	prisoners	
production-1931-vol1-chapters	1061	HYPHEN	blankgap	0	appro	priation	appropriation	
production-1931-vol1-chapters	11	HYPHEN	blankgap	0	appro	priation	appropriation	
production-1931-vol1-chapters	1112	HYPHEN	blankgap	0	compen	sation	compensation	
production-1931-vol1-chapters	1164	HYPHEN	margin	12	sur	veyor	surveyor	vevor and hold office at lus pleasure to wit One deputy sur
production-1931-vol1-chapters	1206	HYPHEN	margin	10	com	panied	companied	missions received by said county clerk during the month accom
production-1931-vol1-chapters	1222	HYPHEN	blankgap	0	com	pensation	compensation	
production-1931-vol1-chapters	1291	HYPHEN	blankgap	0	legisla	tive	legislative	
production-1931-vol1-chapters	13	HYPHEN	blankgap	0	appro	priation	appropriation	
production-1931-vol1-chapters	1316	HYPHEN	margin	2	petro	leum	petroleum	measures i
production-1931-vol1-chapters	1317	HYPHEN	blankgap	0	pro	ducer	producer	
production-1931-vol1-chapters	1333	HYPHEN	blankgap	0	mainte	nance	maintenance	
production-1931-vol1-chapters	1346	HYPHEN	blankgap	0	pro	mulgated	promulgated	
production-1931-vol1-chapters	1350	HYPHEN	blankgap	0	investi	gation	investigation	
production-1931-vol1-chapters	1362	HYPHEN	blankgap	0	detri	mental	detrimental	
production-1931-vol1-chapters	1367	HYPHEN	blankgap	0	com	pleted	completed	
production-1931-vol1-chapters	1378	HYPHEN	margin	2	acquisi	tion	acquisition	excess cost
production-1931-vol1-chapters	1388	HYPHEN	blankgap	0	men	tioned	mentioned	
production-1931-vol1-chapters	1392	HYPHEN	blankgap	0	dis	trict	district	
production-1931-vol1-chapters	1398	HYPHEN	margin	4	pro	hibiting	prohibiting	employment Teg vl ve
production-1931-vol1-chapters	1414	HYPHEN	margin	2	supe	rior	superior	brary fund
production-1931-vol1-chapters	1427	HYPHEN	blankgap	0	par	ticular	particular	
production-1931-vol1-chapters	149	HYPHEN	blankgap	0	pro	tection	protection	
production-1931-vol1-chapters	149	HYPHEN	blankgap	0	pen	alties	penalties	
production-1931-vol1-chapters	1495	HYPHEN	margin	22	pro	spective	prospective	ingly misdirects a prospective guest of any hotel inn board Rat | ing house or lodging house or knowingly takes such a pro
production-1931-vol1-chapters	1497	HYPHEN	blankgap	0	prescrip	tion	prescription	
production-1931-vol1-chapters	1497	HYPHEN	blankgap	0	sur	geons	surgeons	
production-1931-vol1-chapters	1501	HYPHEN	blankgap	0	com	pensation	compensation	
production-1931-vol1-chapters	1513	HYPHEN	blankgap	0	cor	poration	corporation	
production-1931-vol1-chapters	1520	HYPHEN	blankgap	0	requisi	tion	requisition	
production-1931-vol1-chapters	1538	HYPHEN	blankgap	0	depu	ties	deputies	
production-1931-vol1-chapters	1546	HYPHEN	margin	1	imme	diate	immediate	patunity
production-1931-vol1-chapters	1570	HYPHEN	margin	11	com	pleted	completed	plied with In every case all posting must be fully com
production-1931-vol1-chapters	1579	HYPHEN	blankgap	0	here	inabove	hereinabove	
production-1931-vol1-chapters	1579	HYPHEN	blankgap	0	expendi	tures	expenditures	
production-1931-vol1-chapters	1581	HYPHEN	blankgap	0	dis	trict	district	
production-1931-vol1-chapters	1607	HYPHEN	blankgap	0	acknowl	edgment	acknowledgment	
production-1931-vol1-chapters	1622	HYPHEN	blankgap	0	substan	tially	substantially	
production-1931-vol1-chapters	1657	HYPHEN	blankgap	0	dis	trict	district	
production-1931-vol1-chapters	1657	HYPHEN	blankgap	0	dis	trict	district	
production-1931-vol1-chapters	1663	HYPHEN	blankgap	0	num	bered	numbered	
production-1931-vol1-chapters	1683	HYPHEN	blankgap	0	prop	erty	property	
production-1931-vol1-chapters	1695	HYPHEN	blankgap	0	prop	erty	property	
production-1931-vol1-chapters	17	HYPHEN	blankgap	0	prop	erty	property	
production-1931-vol1-chapters	17	HYPHEN	blankgap	0	accommoda	tions	accommodations	
production-1931-vol1-chapters	170	HYPHEN	blankgap	0	cer	tificate	certificate	
production-1931-vol1-chapters	1735	HYPHEN	blankgap	0	com	mencing	commencing	
production-1931-vol1-chapters	1757	HYPHEN	blankgap	0	compensa	tion	compensation	
production-1931-vol1-chapters	1759	HYPHEN	blankgap	0	con	strued	construed	
production-1931-vol1-chapters	1759	HYPHEN	blankgap	0	commis	sioners	commissioners	
production-1931-vol1-chapters	1810	HYPHEN	margin	22	con	strued	construed	sents shall be filed with the secretary of such corporation | Different serics of the same class of shares shali not be con
production-1931-vol1-chapters	1817	NOHYPHEN	margin	11	compensa	tion	compensation	time until the expiration of the twentieth day after authoriza dissenting
production-1931-vol1-chapters	1851	HYPHEN	blankgap	0	sur	viving	surviving	
production-1931-vol1-chapters	1873	HYPHEN	blankgap	0	legis	lative	legislative	
production-1931-vol1-chapters	1886	HYPHEN	margin	14	pro	lative	prolative	visions of this act it shall be and remain the duty of the legis
production-1931-vol1-chapters	1949	HYPHEN	blankgap	0	pro	ceedings	proceedings	
production-1931-vol1-chapters	1981	HYPHEN	blankgap	0	par	ticularly	particularly	
production-1931-vol1-chapters	1993	HYPHEN	blankgap	0	jan	uary	january	
production-1931-vol1-chapters	2001	HYPHEN	blankgap	0	men	tioned	mentioned	
production-1931-vol1-chapters	2001	HYPHEN	blankgap	0	disposi	tion	disposition	
production-1931-vol1-chapters	2001	HYPHEN	blankgap	0	incon	sistent	inconsistent	
production-1931-vol1-chapters	2013	HYPHEN	blankgap	0	ineligi	bility	ineligibility	
production-1931-vol1-chapters	2021	HYPHEN	blankgap	0	classi	fications	classifications	
production-1931-vol1-chapters	2033	HYPHEN	blankgap	0	appropria	tion	appropriation	
production-1931-vol1-chapters	2035	HYPHEN	blankgap	0	authoriz	ing	authorizing	
production-1931-vol1-chapters	2045	HYPHEN	blankgap	0	mainte	nance	maintenance	
production-1931-vol1-chapters	2062	HYPHEN	margin	4	dis	trict	district	lands ete ae o
production-1931-vol1-chapters	2083	HYPHEN	blankgap	0	dis	trict	district	
production-1931-vol1-chapters	2099	HYPHEN	blankgap	0	reor	ganization	reorganization	
production-1931-vol1-chapters	2100	HYPHEN	margin	13	pro	priation	propriation	vide for carrying out the objects of this act and to make appro
production-1931-vol1-chapters	2168	HYPHEN	blankgap	0	men	tioned	mentioned	
production-1931-vol1-chapters	2191	HYPHEN	blankgap	0	prop	erty	property	
production-1931-vol1-chapters	2193	HYPHEN	margin	12	transporta	tion	transportation	shall be unable to clothe such child or pay for its transporta
production-1931-vol1-chapters	2219	HYPHEN	blankgap	0	ven	tilation	ventilation	
production-1931-vol1-chapters	2273	HYPHEN	margin	19	desn	a	desna	separated therefrom by any line may appear at the option fons | of the candidate one of the following designations
production-1931-vol1-chapters	2299	HYPHEN	blankgap	0	mem	bership	membership	
production-1931-vol1-chapters	2299	HYPHEN	blankgap	0	incom	petent	incompetent	
production-1931-vol1-chapters	2322	HYPHEN	blankgap	0	here	inafter	hereinafter	
production-1931-vol1-chapters	233	HYPHEN	blankgap	0	valua	tions	valuations	
production-1931-vol1-chapters	233	HYPHEN	blankgap	0	dis	tricts	districts	
production-1931-vol1-chapters	2332	HYPHEN	margin	24	expira	tion	expiration	Property tion of twelve months from the date of sale the tax collector | must execute to the purchaser or his assignee on his applica
production-1931-vol1-chapters	2369	HYPHEN	blankgap	0	sep	tember	september	
production-1931-vol1-chapters	237	HYPHEN	blankgap	0	dis	trict	district	
production-1931-vol1-chapters	2386	HYPHEN	blankgap	0	dis	trict	district	
production-1931-vol1-chapters	2386	HYPHEN	blankgap	0	pro	posals	proposals	
production-1931-vol1-chapters	239	HYPHEN	blankgap	0	legis	lative	legislative	
production-1931-vol1-chapters	2416	HYPHEN	margin	2	cos	metological	cosmetological	and heenses
production-1931-vol1-chapters	2425	HYPHEN	blankgap	0	determina	tion	determination	
production-1931-vol1-chapters	2461	HYPHEN	blankgap	0	dis	tricts	districts	
production-1931-vol1-chapters	2464	HYPHEN	blankgap	0	preserva	tion	preservation	
production-1931-vol1-chapters	2483	HYPHEN	blankgap	0	prop	erty	property	
production-1931-vol1-chapters	2489	HYPHEN	blankgap	0	incon	sistent	inconsistent	
production-1931-vol1-chapters	2492	HYPHEN	blankgap	0	dis	trict	district	
production-1931-vol1-chapters	2496	HYPHEN	margin	11	preced	ing	preceding	jng school vear and in which school was not maintained dur
production-1931-vol1-chapters	25	HYPHEN	blankgap	0	pam	phlets	pamphlets	
production-1931-vol1-chapters	25	HYPHEN	margin	23	appro	priation	appropriation	is hereby appropriated out of any money in the state treasury Humbok | not otherwise appropriated to meet a deficiency in the appro fithers
production-1931-vol1-chapters	250	HYPHEN	margin	12	con	tamination	contamination	ducted at all times so as to prevent the distribution of con
production-1931-vol1-chapters	2520	HYPHEN	margin	1	appro	priated	appropriated	tion
production-1931-vol1-chapters	2562	HYPHEN	blankgap	0	con	sidered	considered	
production-1931-vol1-chapters	27	NOHYPHEN	blankgap	0	appropria	tion	appropriation	
production-1931-vol1-chapters	2770	HYPHEN	margin	20	sec	erned	secerned	tion making an analytical comparison between said sections | and the present general law under which said City is now gov
production-1931-vol1-chapters	2871	HYPHEN	blankgap	0	unim	proved	unimproved	
production-1931-vol1-chapters	2943	HYPHEN	blankgap	0	con	stitution	constitution	
production-1931-vol1-chapters	2945	HYPHEN	blankgap	0	legis	lature	legislature	
production-1931-vol1-chapters	3	HYPHEN	margin	16	appro	priated	appropriated	otherwise appropriated the sum of one hundred seventeen Nationa | thousand five hundred dollars is hereby appro
production-1931-vol1-chapters	30	HYPHEN	blankgap	0	con	solidated	consolidated	
production-1931-vol1-chapters	3001	HYPHEN	margin	3	man	agement	management	department vos ae
production-1931-vol1-chapters	3087	HYPHEN	margin	18	con	solidation	consolidation	to pecome flict with the provisions of said sections shall be thereupon | event of con and thereby superseded
production-1931-vol1-chapters	3120	HYPHEN	blankgap	0	legis	lature	legislature	
production-1931-vol1-chapters	3137	HYPHEN	blankgap	0	con	solidated	consolidated	
production-1931-vol1-chapters	339	HYPHEN	blankgap	0	superin	tendent	superintendent	
production-1931-vol1-chapters	395	HYPHEN	blankgap	0	pro	ceedings	proceedings	
production-1931-vol1-chapters	410	HYPHEN	blankgap	0	per	sonally	personally	
production-1931-vol1-chapters	47	HYPHEN	blankgap	0	acqui	sition	acquisition	
production-1931-vol1-chapters	50	HYPHEN	blankgap	0	expe	dient	expedient	
production-1931-vol1-chapters	508	HYPHEN	blankgap	0	indebt	edness	indebtedness	
production-1931-vol1-chapters	516	HYPHEN	blankgap	0	stockhold	ers	stockholders	
production-1931-vol1-chapters	520	HYPHEN	blankgap	0	prop	erty	property	
production-1931-vol1-chapters	520	HYPHEN	margin	25	cer	tificates	certificates	certifleates tificates may he made to the extent of not more than ninety | per cent of the then value of such shares or investment cer
production-1931-vol1-chapters	528	HYPHEN	blankgap	0	asso	ciation	association	
production-1931-vol1-chapters	528	HYPHEN	blankgap	0	supersed	ing	superseding	
production-1931-vol1-chapters	528	HYPHEN	blankgap	0	revoca	tion	revocation	
production-1931-vol1-chapters	528	HYPHEN	blankgap	0	con	ditioned	conditioned	
production-1931-vol1-chapters	528	HYPHEN	blankgap	0	prin	cipal	principal	
production-1931-vol1-chapters	541	HYPHEN	blankgap	0	there	tofore	theretofore	
production-1931-vol1-chapters	541	HYPHEN	blankgap	0	commis	sioner	commissioner	
production-1931-vol1-chapters	582	HYPHEN	blankgap	0	cor	poration	corporation	
production-1931-vol1-chapters	654	HYPHEN	blankgap	0	dis	tribution	distribution	
production-1931-vol1-chapters	735	HYPHEN	blankgap	0	dis	trict	district	
production-1931-vol1-chapters	78	HYPHEN	blankgap	0	dis	trict	district	
production-1931-vol1-chapters	780	HYPHEN	blankgap	0	pro	ceeds	proceeds	
production-1931-vol1-chapters	806	HYPHEN	margin	2	depu	ties	deputies	for blanks
production-1931-vol1-chapters	811	HYPHEN	blankgap	0	munici	palities	municipalities	
production-1931-vol1-chapters	853	HYPHEN	blankgap	0	num	bered	numbered	
production-1931-vol1-chapters	867	HYPHEN	blankgap	0	commis	sioner	commissioner	
production-1931-vol1-chapters	872	HYPHEN	margin	11	commis	sioner	commissioner	agrieuttural sioner shall receive a salary of one dollar per annum
production-1931-vol1-chapters	902	HYPHEN	margin	11	commis	sioner	commissioner	agricultural sioner shall receive a salary of three thousand six hundred
production-1931-vol1-chapters	906	HYPHEN	margin	11	commis	sioner	commissioner	agricultural sioner shall receive a salary of one dollar per annum
production-1931-vol1-chapters	909	HYPHEN	blankgap	0	commis	sioner	commissioner	
production-1931-vol1-chapters	94	HYPHEN	blankgap	0	indebt	edness	indebtedness	
production-1931-vol1-chapters	954	HYPHEN	margin	10	pre	ciation	preciation	paid to the person designated by such corporation or asso
production-1931-vol1-chapters	99	HYPHEN	blankgap	0	incom	petency	incompetency	
production-1931-vol1-chapters	99	HYPHEN	blankgap	0	prop	erty	property	
production-1933-vol1-chapters	1014	HYPHEN	blankgap	0	trans	portation	transportation	
production-1933-vol1-chapters	1016	HYPHEN	margin	11	fur	riers	furriers	nished or offered or proposed to be furnished by motor car
production-1933-vol1-chapters	1022	HYPHEN	blankgap	0	destruc	tion	destruction	
production-1933-vol1-chapters	1022	HYPHEN	blankgap	0	con	tinued	continued	
production-1933-vol1-chapters	1106	HYPHEN	margin	24	with	drawals	withdrawals	Rights drawn At all times the right of shareholders to receive pay | prior to ment of withdrawals shall be secondary and subsequent to the
production-1933-vol1-chapters	1110	HYPHEN	blankgap	0	asso	ciation	association	
production-1933-vol1-chapters	1157	HYPHEN	blankgap	0	regu	larly	regularly	
production-1933-vol1-chapters	1199	HYPHEN	margin	18	pur	gation	purgation	poses for which it has been so appropriated | Property appropriated to any publie use by any irri Irrigation
production-1933-vol1-chapters	120	HYPHEN	margin	13	trans	portation	transportation	tion | Lense portation for sale or slaughter to receive the same for trans
production-1933-vol1-chapters	1211	HYPHEN	blankgap	0	dis	trict	district	
production-1933-vol1-chapters	1275	HYPHEN	blankgap	0	practi	tioner	practitioner	
production-1933-vol1-chapters	1275	HYPHEN	blankgap	0	sur	gical	surgical	
production-1933-vol1-chapters	1281	HYPHEN	blankgap	0	depre	ciation	depreciation	
production-1933-vol1-chapters	1294	HYPHEN	blankgap	0	dis	trict	district	
production-1933-vol1-chapters	1313	HYPHEN	blankgap	0	in	surance	insurance	
production-1933-vol1-chapters	1342	HYPHEN	blankgap	0	preju	dicial	prejudicial	
production-1933-vol1-chapters	1346	HYPHEN	margin	19	commis	sioner	commissioner	County sioner shall receive a salary of thirty five hundred dollars | Asricutural Der annum provided beginning January the Agri
production-1933-vol1-chapters	139	HYPHEN	blankgap	0	repre	sentative	representative	
production-1933-vol1-chapters	1438	HYPHEN	blankgap	0	con	stitute	constitute	
production-1933-vol1-chapters	1443	HYPHEN	blankgap	0	prescrib	ing	prescribing	
production-1933-vol1-chapters	1445	HYPHEN	blankgap	0	subdi	vision	subdivision	
production-1933-vol1-chapters	1453	HYPHEN	margin	22	col	lected	collected	leeted by justices of the peace shall be turned over to the | county treasurer of said county provided that all fines col
production-1933-vol1-chapters	1465	HYPHEN	blankgap	0	com	pensation	compensation	
production-1933-vol1-chapters	1471	HYPHEN	margin	20	posses	sioner	possessioner	sion of the property and business of any land corporation in | accordance with the provisions of this section said commis
production-1933-vol1-chapters	1483	HYPHEN	blankgap	0	con	siderable	considerable	
production-1933-vol1-chapters	1483	HYPHEN	blankgap	0	imme	diately	immediately	
production-1933-vol1-chapters	1483	HYPHEN	blankgap	0	particu	larly	particularly	
production-1933-vol1-chapters	1512	HYPHEN	margin	4	adul	terated	adulterated	amended venting the P
production-1933-vol1-chapters	1523	HYPHEN	blankgap	0	asso	ciation	association	
production-1933-vol1-chapters	1523	HYPHEN	blankgap	0	equiva	lent	equivalent	
production-1933-vol1-chapters	1549	HYPHEN	blankgap	0	con	stitution	constitution	
production-1933-vol1-chapters	1560	HYPHEN	blankgap	0	repre	sentative	representative	
production-1933-vol1-chapters	1560	HYPHEN	margin	21	pro	ceeds	proceeds	visions of this section one third of the diference between the | appraised value of such reacting bovine animal and the pro
production-1933-vol1-chapters	1569	HYPHEN	blankgap	0	treas	urer	treasurer	
production-1933-vol1-chapters	1569	HYPHEN	blankgap	0	recla	mation	reclamation	
production-1933-vol1-chapters	1592	HYPHEN	margin	22	commis	sioner	commissioner	Agricul Sloner shall receive a salary of two thousanc four hundred | bral dollars per annum provided that in counties of this class
production-1933-vol1-chapters	16	HYPHEN	blankgap	0	con	strued	construed	
production-1933-vol1-chapters	1661	HYPHEN	blankgap	0	com	modities	commodities	
production-1933-vol1-chapters	1661	HYPHEN	blankgap	0	insti	tutions	institutions	
production-1933-vol1-chapters	1661	HYPHEN	blankgap	0	supe	rior	superior	
production-1933-vol1-chapters	1673	HYPHEN	blankgap	0	prop	erty	property	
production-1933-vol1-chapters	1673	HYPHEN	blankgap	0	prop	erty	property	
production-1933-vol1-chapters	1680	HYPHEN	blankgap	0	regis	trar	registrar	
production-1933-vol1-chapters	1689	HYPHEN	blankgap	0	dis	trict	district	
production-1933-vol1-chapters	170	NOHYPHEN	blankgap	0	thereo	n	thereon	
production-1933-vol1-chapters	1717	HYPHEN	blankgap	0	treas	urer	treasurer	
production-1933-vol1-chapters	1730	HYPHEN	blankgap	0	adminis	trator	administrator	
production-1933-vol1-chapters	1746	HYPHEN	blankgap	0	adminis	trator	administrator	
production-1933-vol1-chapters	1763	HYPHEN	margin	22	com	mination	commination	mittee according to the then prevailing market conditions but | shall in no case exceed five per cent per annum and the deter
production-1933-vol1-chapters	1772	HYPHEN	margin	10	compensa	tion	compensation	ton tion of such deputies clerks and assistants which compensa
production-1933-vol1-chapters	1777	HYPHEN	blankgap	0	revok	ing	revoking	
production-1933-vol1-chapters	180	HYPHEN	margin	27	con	ditions	conditions	tained in the juice the acid ty of the juice to be calculated as citric acid | without water of crystallization In view of differences in climatic con
production-1933-vol1-chapters	1803	HYPHEN	blankgap	0	for	feited	forfeited	
production-1933-vol1-chapters	1805	HYPHEN	margin	20	rela	tives	relatives	tion signifies the connection existing in consequence of mar | riage between each of the married persons and the blood rela
production-1933-vol1-chapters	1830	HYPHEN	blankgap	0	prop	erty	property	
production-1933-vol1-chapters	1830	HYPHEN	blankgap	0	disqualifica	tion	disqualification	
production-1933-vol1-chapters	1830	HYPHEN	blankgap	0	munici	pal	municipal	
production-1933-vol1-chapters	1877	HYPHEN	blankgap	0	jurisdic	tion	jurisdiction	
production-1933-vol1-chapters	19	HYPHEN	blankgap	0	jurisdic	tion	jurisdiction	
production-1933-vol1-chapters	1940	HYPHEN	blankgap	0	bank	ruptcy	bankruptcy	
production-1933-vol1-chapters	1952	HYPHEN	blankgap	0	bene	fited	benefited	
production-1933-vol1-chapters	1952	HYPHEN	blankgap	0	legis	lative	legislative	
production-1933-vol1-chapters	1960	HYPHEN	blankgap	0	unconstitu	tional	unconstitutional	
production-1933-vol1-chapters	200	HYPHEN	margin	9	con	tainers	containers	forms to the requirements specified for the standard con
production-1933-vol1-chapters	2068	HYPHEN	blankgap	0	subdivi	sions	subdivisions	
production-1933-vol1-chapters	2106	HYPHEN	blankgap	0	matu	rity	maturity	
production-1933-vol1-chapters	2147	HYPHEN	blankgap	0	attor	ney	attorney	
production-1933-vol1-chapters	2174	HYPHEN	margin	1	cor	poration	corporation	provisions
production-1933-vol1-chapters	2191	HYPHEN	blankgap	0	irriga	tion	irrigation	
production-1933-vol1-chapters	2194	HYPHEN	margin	20	phar	maceutical	pharmaceutical	macy department of a university requires in its course a | minimum of two thousand two hundred fifty hours in phar
production-1933-vol1-chapters	2198	HYPHEN	blankgap	0	prose	cution	prosecution	
production-1933-vol1-chapters	2218	HYPHEN	margin	1	estab	lishment	establishment	lands
production-1933-vol1-chapters	2230	HYPHEN	margin	11	com	pensation	compensation	mission should not proceed after heaving tc fix the just com
production-1933-vol1-chapters	2235	HYPHEN	blankgap	0	appro	priate	appropriate	
production-1933-vol1-chapters	2276	HYPHEN	margin	2	dis	trict	district	of funds
production-1933-vol1-chapters	2322	HYPHEN	blankgap	0	organi	zation	organization	
production-1933-vol1-chapters	2332	HYPHEN	blankgap	0	con	demnation	condemnation	
production-1933-vol1-chapters	2347	HYPHEN	blankgap	0	acqui	sition	acquisition	
production-1933-vol1-chapters	2380	HYPHEN	blankgap	0	unnec	essary	unnecessary	
production-1933-vol1-chapters	2425	HYPHEN	blankgap	0	dis	trict	district	
production-1933-vol1-chapters	2425	HYPHEN	blankgap	0	discre	tion	discretion	
production-1933-vol1-chapters	2453	HYPHEN	blankgap	0	asso	ciation	association	
production-1933-vol1-chapters	2453	HYPHEN	blankgap	0	cor	porations	corporations	
production-1933-vol1-chapters	2453	HYPHEN	blankgap	0	regu	larly	regularly	
production-1933-vol1-chapters	2453	HYPHEN	blankgap	0	asso	ciation	association	
production-1933-vol1-chapters	2465	HYPHEN	blankgap	0	cer	tificates	certificates	
production-1933-vol1-chapters	2465	HYPHEN	blankgap	0	sep	tember	september	
production-1933-vol1-chapters	2466	HYPHEN	blankgap	0	redemp	tion	redemption	
production-1933-vol1-chapters	2473	HYPHEN	blankgap	0	adminis	trator	administrator	
production-1933-vol1-chapters	2489	HYPHEN	blankgap	0	appro	priation	appropriation	
production-1933-vol1-chapters	2489	HYPHEN	blankgap	0	appor	tioning	apportioning	
production-1933-vol1-chapters	2504	HYPHEN	margin	4	con	sistent	consistent	provisions a rer oe
production-1933-vol1-chapters	2551	HYPHEN	blankgap	0	prin	cipal	principal	
production-1933-vol1-chapters	2558	HYPHEN	blankgap	0	admin	istration	administration	
production-1933-vol1-chapters	2612	HYPHEN	blankgap	0	commis	sioners	commissioners	
production-1933-vol1-chapters	2612	HYPHEN	blankgap	0	commis	sioner	commissioner	
production-1933-vol1-chapters	2612	HYPHEN	blankgap	0	cer	tificate	certificate	
production-1933-vol1-chapters	2612	HYPHEN	blankgap	0	commis	sioner	commissioner	
production-1933-vol1-chapters	2613	HYPHEN	blankgap	0	horticul	tural	horticultural	
production-1933-vol1-chapters	2613	HYPHEN	blankgap	0	com	pensation	compensation	
production-1933-vol1-chapters	2614	HYPHEN	blankgap	0	occupa	tion	occupation	
production-1933-vol1-chapters	2624	HYPHEN	blankgap	0	con	tribution	contribution	
production-1933-vol1-chapters	2638	HYPHEN	blankgap	0	prose	cuted	prosecuted	
production-1933-vol1-chapters	264	HYPHEN	margin	19	con	sidered	considered	tracts and agreements between the association and its riembers | and any egreeiments authorized ix tris chapter shall be con
production-1933-vol1-chapters	2651	HYPHEN	blankgap	0	con	clusive	conclusive	
production-1933-vol1-chapters	2676	HYPHEN	margin	18	con	venient	convenient	struct or complete any and all buildings structures water | ways lakes eqvipment aad other facilities necessary or con
production-1933-vol1-chapters	2685	HYPHEN	blankgap	0	dis	trict	district	
production-1933-vol1-chapters	2749	HYPHEN	blankgap	0	con	curring	concurring	
production-1933-vol1-chapters	2772	HYPHEN	blankgap	0	treas	urer	treasurer	
production-1933-vol1-chapters	2820	HYPHEN	blankgap	0	for	feitures	forfeitures	
production-1933-vol1-chapters	2854	HYPHEN	blankgap	0	rejec	tion	rejection	
production-1933-vol1-chapters	2874	HYPHEN	margin	12	pro	stitution	prostitution	recall passed by the Council wnder and in accordance with the Con
production-1933-vol1-chapters	2883	HYPHEN	margin	18	qualifica	tion	qualification	administration head of the city government He shall be | ehosen by the Council without regard to political considera
production-1933-vol1-chapters	2891	HYPHEN	blankgap	0	appro	priations	appropriations	
production-1933-vol1-chapters	2924	HYPHEN	blankgap	0	immedi	ately	immediately	
production-1933-vol1-chapters	2974	NOHYPHEN	blankgap	0	compensa	tion	compensation	
production-1933-vol1-chapters	2982	HYPHEN	margin	22	sub	lative	sublative	amend ject as the orifinal bill resolution or constitutional amend | ments ment under corsideration It snall be the duty of the Legis
production-1933-vol1-chapters	3003	HYPHEN	blankgap	0	mora	torium	moratorium	
production-1933-vol1-chapters	3020	HYPHEN	margin	8	obliga	tion	obligation	Constr HOR of the City of Long Beaca
production-1933-vol1-chapters	3047	HYPHEN	blankgap	0	deduc	e	deduce	
production-1933-vol1-chapters	309	HYPHEN	blankgap	0	with	drawals	withdrawals	
production-1933-vol1-chapters	3121	HYPHEN	blankgap	0	authoriz	ing	authorizing	
production-1933-vol1-chapters	3134	HYPHEN	blankgap	0	legis	lature	legislature	
production-1933-vol1-chapters	3141	HYPHEN	margin	12	pro	stitution	prostitution	poses to the people of the State of California that the Con
production-1933-vol1-chapters	3142	HYPHEN	blankgap	0	con	stitution	constitution	
production-1933-vol1-chapters	3157	HYPHEN	blankgap	0	insti	tutions	institutions	
production-1933-vol1-chapters	3187	HYPHEN	blankgap	0	ascer	tained	ascertained	
production-1933-vol1-chapters	326	HYPHEN	blankgap	0	rehabili	tation	rehabilitation	
production-1933-vol1-chapters	3264	HYPHEN	blankgap	0	exposi	tion	exposition	
production-1933-vol1-chapters	331	HYPHEN	blankgap	0	hypothe	cated	hypothecated	
production-1933-vol1-chapters	331	HYPHEN	blankgap	0	hypothe	cated	hypothecated	
production-1933-vol1-chapters	393	HYPHEN	blankgap	0	pres	entation	presentation	
production-1933-vol1-chapters	393	HYPHEN	blankgap	0	ratifi	cation	ratification	
production-1933-vol1-chapters	555	HYPHEN	blankgap	0	imme	diately	immediately	
production-1933-vol1-chapters	557	HYPHEN	blankgap	0	legis	lative	legislative	
production-1933-vol1-chapters	557	NOHYPHEN	blankgap	0	impris	onment	imprisonment	
production-1933-vol1-chapters	574	HYPHEN	blankgap	0	pro	ceedings	proceedings	
production-1933-vol1-chapters	575	HYPHEN	blankgap	0	incorpora	tion	incorporation	
production-1933-vol1-chapters	594	HYPHEN	blankgap	0	preserva	tion	preservation	
production-1933-vol1-chapters	655	HYPHEN	blankgap	0	here	tofore	heretofore	
production-1933-vol1-chapters	668	HYPHEN	blankgap	0	commis	sioner	commissioner	
production-1933-vol1-chapters	672	HYPHEN	blankgap	0	commis	sioner	commissioner	
production-1933-vol1-chapters	684	HYPHEN	margin	22	com	mination	commination	mittee according to the then prevailing market conditions but | shall in no case exceed six per cent per annum and the deter
production-1933-vol1-chapters	713	HYPHEN	blankgap	0	discon	tinued	discontinued	
production-1933-vol1-chapters	746	HYPHEN	blankgap	0	accom	panied	accompanied	
production-1933-vol1-chapters	781	HYPHEN	blankgap	0	com	pensation	compensation	
production-1933-vol1-chapters	793	HYPHEN	blankgap	0	pun	ishments	punishments	
production-1933-vol1-chapters	803	HYPHEN	blankgap	0	prop	erty	property	
production-1933-vol1-chapters	840	HYPHEN	blankgap	0	appro	priation	appropriation	
production-1933-vol1-chapters	843	HYPHEN	blankgap	0	com	pensation	compensation	
production-1933-vol1-chapters	872	HYPHEN	blankgap	0	deter	mination	determination	
production-1933-vol1-chapters	916	HYPHEN	blankgap	0	gov	erning	governing	
production-1933-vol1-chapters	922	HYPHEN	margin	10	compensa	tion	compensation	classiica tion insurance business in this State a uniform classification
production-1933-vol1-chapters	928	HYPHEN	blankgap	0	con	stituting	constituting	
production-1933-vol1-chapters	949	HYPHEN	blankgap	0	con	ferred	conferred	
production-1933-vol1-chapters	967	HYPHEN	blankgap	0	pro	ceedings	proceedings	
production-1933-vol1-chapters	981	HYPHEN	blankgap	0	recorda	tion	recordation	
production-1935-vol1-34chapters	29	HYPHEN	blankgap	0	consti	tuting	constituting	
production-1935-vol1-34chapters	32	HYPHEN	blankgap	0	obliga	tions	obligations	
production-1935-vol1-chapters	1	HYPHEN	blankgap	0	munici	pality	municipality	
production-1935-vol1-chapters	1006	HYPHEN	margin	21	con	cerning	concerning	trol of any waterway proje t of the Urited States entering | said district aid to rescrive the rules and regulations con
production-1935-vol1-chapters	107	HYPHEN	blankgap	0	irriga	tion	irrigation	
production-1935-vol1-chapters	1081	HYPHEN	blankgap	0	authoriz	ing	authorizing	
production-1935-vol1-chapters	1115	HYPHEN	blankgap	0	reim	bursed	reimbursed	
production-1935-vol1-chapters	1131	HYPHEN	blankgap	0	assem	blymen	assemblymen	
production-1935-vol1-chapters	1151	HYPHEN	blankgap	0	emer	gencies	emergencies	
production-1935-vol1-chapters	1151	HYPHEN	blankgap	0	appro	priation	appropriation	
production-1935-vol1-chapters	1151	HYPHEN	blankgap	0	appropria	tions	appropriations	
production-1935-vol1-chapters	1195	HYPHEN	margin	11	commis	sioner	commissioner	shall be designated respectively Commissioner number | Commissioner number Commissioner number Commis
production-1935-vol1-chapters	1240	HYPHEN	margin	11	inher	itance	inheritance	superior | court itance tax appraisement in any probate proceeding the inher
production-1935-vol1-chapters	1251	HYPHEN	blankgap	0	con	fidence	confidence	
production-1935-vol1-chapters	1257	HYPHEN	blankgap	0	deter	mination	determination	
production-1935-vol1-chapters	1261	HYPHEN	blankgap	0	treas	urer	treasurer	
production-1935-vol1-chapters	1281	HYPHEN	blankgap	0	determina	tion	determination	
production-1935-vol1-chapters	1283	HYPHEN	blankgap	0	immedi	ately	immediately	
production-1935-vol1-chapters	1287	HYPHEN	blankgap	0	pro	prietors	proprietors	
production-1935-vol1-chapters	1379	HYPHEN	blankgap	0	cancella	tion	cancellation	
production-1935-vol1-chapters	1380	HYPHEN	blankgap	0	subdi	vision	subdivision	
production-1935-vol1-chapters	1386	HYPHEN	blankgap	0	con	tribution	contribution	
production-1935-vol1-chapters	140	NOHYPHEN	blankgap	0	intersec	tion	intersection	
production-1935-vol1-chapters	1425	HYPHEN	blankgap	0	com	modities	commodities	
production-1935-vol1-chapters	1427	HYPHEN	blankgap	0	pro	prietor	proprietor	
production-1935-vol1-chapters	1432	HYPHEN	blankgap	0	compensa	tion	compensation	
production-1935-vol1-chapters	1440	HYPHEN	blankgap	0	con	sidered	considered	
production-1935-vol1-chapters	1442	HYPHEN	blankgap	0	dis	trict	district	
production-1935-vol1-chapters	1461	HYPHEN	blankgap	0	determina	tion	determination	
production-1935-vol1-chapters	1475	HYPHEN	blankgap	0	prop	erty	property	
production-1935-vol1-chapters	1513	HYPHEN	blankgap	0	trans	ferred	transferred	
production-1935-vol1-chapters	1525	HYPHEN	blankgap	0	respon	sibility	responsibility	
production-1935-vol1-chapters	1525	HYPHEN	blankgap	0	superin	tendent	superintendent	
production-1935-vol1-chapters	1525	HYPHEN	blankgap	0	con	tributions	contributions	
production-1935-vol1-chapters	1565	HYPHEN	blankgap	0	discre	tion	discretion	
production-1935-vol1-chapters	1577	HYPHEN	blankgap	0	decep	tive	deceptive	
production-1935-vol1-chapters	1583	HYPHEN	blankgap	0	con	secutively	consecutively	
production-1935-vol1-chapters	1602	HYPHEN	margin	10	con	tractual	contractual	form herewith as soon as possible consistently with its con
production-1935-vol1-chapters	1637	HYPHEN	blankgap	0	tribu	taries	tributaries	
production-1935-vol1-chapters	1648	HYPHEN	blankgap	0	dis	tributor	distributor	
production-1935-vol1-chapters	1649	HYPHEN	blankgap	0	attor	ney	attorney	
production-1935-vol1-chapters	1660	NOHYPHEN	blankgap	0	determina	tion	determination	
production-1935-vol1-chapters	1719	HYPHEN	blankgap	0	appropria	tion	appropriation	
production-1935-vol1-chapters	1719	HYPHEN	blankgap	0	immedi	ately	immediately	
production-1935-vol1-chapters	1719	HYPHEN	blankgap	0	con	tainers	containers	
production-1935-vol1-chapters	1736	HYPHEN	blankgap	0	nar	cotic	narcotic	
production-1935-vol1-chapters	1737	HYPHEN	blankgap	0	preced	ing	preceding	
production-1935-vol1-chapters	1753	HYPHEN	margin	20	con	duits	conduits	struct excavate or maintain any privy vault cesspvol sewage | treatment works sewer pipe or conduits or other pipes or con
production-1935-vol1-chapters	1763	HYPHEN	blankgap	0	unin	corporated	unincorporated	
production-1935-vol1-chapters	1779	NOHYPHEN	blankgap	0	attor	ney	attorney	
production-1935-vol1-chapters	1784	HYPHEN	blankgap	0	car	riers	carriers	
production-1935-vol1-chapters	1828	HYPHEN	blankgap	0	agricul	tural	agricultural	
production-1935-vol1-chapters	1867	HYPHEN	blankgap	0	con	ditions	conditions	
production-1935-vol1-chapters	1869	HYPHEN	blankgap	0	attor	ney	attorney	
production-1935-vol1-chapters	1911	HYPHEN	blankgap	0	determina	tion	determination	
production-1935-vol1-chapters	1925	HYPHEN	blankgap	0	obliga	tion	obligation	
production-1935-vol1-chapters	1953	HYPHEN	blankgap	0	con	tributions	contributions	
production-1935-vol1-chapters	1960	HYPHEN	margin	23	pro	ceedings	proceedings	vided shall be deemed to be waived voluntarily by any person | who might have made such é protest or objection and the pro
production-1935-vol1-chapters	1963	HYPHEN	blankgap	0	inser	tions	insertions	
production-1935-vol1-chapters	1963	HYPHEN	blankgap	0	prop	erty	property	
production-1935-vol1-chapters	1975	HYPHEN	blankgap	0	dis	tricts	districts	
production-1935-vol1-chapters	1976	HYPHEN	blankgap	0	com	pletion	completion	
production-1935-vol1-chapters	1998	HYPHEN	margin	22	col	lected	collected	lection provided in this ac then said legislative body may | direct that such interest or some portion cf the same be col
production-1935-vol1-chapters	2002	HYPHEN	blankgap	0	legisla	tive	legislative	
production-1935-vol1-chapters	2002	HYPHEN	blankgap	0	legis	lative	legislative	
production-1935-vol1-chapters	2002	HYPHEN	blankgap	0	modifi	cation	modification	
production-1935-vol1-chapters	2009	HYPHEN	blankgap	0	cor	porations	corporations	
production-1935-vol1-chapters	2031	HYPHEN	blankgap	0	incorpora	tion	incorporation	
production-1935-vol1-chapters	2042	HYPHEN	margin	24	pro	ducers	producers	committee gram in a proration zone it shall be the duty o he commission | to forthwith select a proretion program zoramittee of five pro
production-1935-vol1-chapters	2073	HYPHEN	blankgap	0	incorpo	rated	incorporated	
production-1935-vol1-chapters	2076	HYPHEN	margin	1	recog	nized	recognized	plants
production-1935-vol1-chapters	2092	HYPHEN	blankgap	0	dis	trict	district	
production-1935-vol1-chapters	2107	HYPHEN	blankgap	0	admin	istration	administration	
production-1935-vol1-chapters	2184	HYPHEN	blankgap	0	prop	erty	property	
production-1935-vol1-chapters	2204	HYPHEN	blankgap	0	prop	erty	property	
production-1935-vol1-chapters	2218	HYPHEN	blankgap	0	appro	priation	appropriation	
production-1935-vol1-chapters	2219	HYPHEN	blankgap	0	prop	erty	property	
production-1935-vol1-chapters	2249	HYPHEN	blankgap	0	expendi	tures	expenditures	
production-1935-vol1-chapters	2254	NOHYPHEN	blankgap	0	qualifica	tions	qualifications	
production-1935-vol1-chapters	2269	HYPHEN	blankgap	0	examina	tions	examinations	
production-1935-vol1-chapters	2272	HYPHEN	blankgap	0	compen	sation	compensation	
production-1935-vol1-chapters	2347	HYPHEN	blankgap	0	acqui	sitions	acquisitions	
production-1935-vol1-chapters	2352	HYPHEN	blankgap	0	reso	lutions	resolutions	
production-1935-vol1-chapters	2356	HYPHEN	blankgap	0	irri	gation	irrigation	
production-1935-vol1-chapters	2384	HYPHEN	blankgap	0	subse	quent	subsequent	
production-1935-vol1-chapters	2401	HYPHEN	blankgap	0	con	curring	concurring	
production-1935-vol1-chapters	2540	HYPHEN	blankgap	0	con	sidered	considered	
production-1935-vol1-chapters	2573	HYPHEN	blankgap	0	repre	sentatives	representatives	
production-1935-vol1-chapters	2625	HYPHEN	blankgap	0	con	stitution	constitution	
production-1935-vol1-chapters	2639	HYPHEN	blankgap	0	appro	priated	appropriated	
production-1935-vol1-chapters	2641	HYPHEN	blankgap	0	munici	pal	municipal	
production-1935-vol1-chapters	2645	HYPHEN	blankgap	0	sug	gestions	suggestions	
production-1935-vol1-chapters	2645	HYPHEN	blankgap	0	legis	lative	legislative	
production-1935-vol1-chapters	2646	HYPHEN	blankgap	0	con	stitutional	constitutional	
production-1935-vol1-chapters	3	HYPHEN	blankgap	0	immedi	ately	immediately	
production-1935-vol1-chapters	313	HYPHEN	blankgap	0	trans	portation	transportation	
production-1935-vol1-chapters	313	HYPHEN	blankgap	0	dis	tribution	distribution	
production-1935-vol1-chapters	329	HYPHEN	blankgap	0	revoca	tion	revocation	
production-1935-vol1-chapters	345	HYPHEN	blankgap	0	partici	pating	participating	
production-1935-vol1-chapters	359	HYPHEN	blankgap	0	pro	cedure	procedure	
production-1935-vol1-chapters	382	HYPHEN	blankgap	0	con	stitute	constitute	
production-1935-vol1-chapters	384	HYPHEN	blankgap	0	accom	plished	accomplished	
production-1935-vol1-chapters	392	HYPHEN	blankgap	0	con	tinuous	continuous	
production-1935-vol1-chapters	402	HYPHEN	blankgap	0	pro	ceedings	proceedings	
production-1935-vol1-chapters	41	HYPHEN	blankgap	0	acknowl	edged	acknowledged	
production-1935-vol1-chapters	421	HYPHEN	blankgap	0	munici	pal	municipal	
production-1935-vol1-chapters	45	HYPHEN	blankgap	0	encour	agement	encouragement	
production-1935-vol1-chapters	450	HYPHEN	blankgap	0	sep	tember	september	
production-1935-vol1-chapters	498	HYPHEN	blankgap	0	liquida	tion	liquidation	
production-1935-vol1-chapters	564	HYPHEN	margin	2	discon	tinuance	discontinuance	of funds
production-1935-vol1-chapters	568	HYPHEN	blankgap	0	dec	laration	declaration	
production-1935-vol1-chapters	596	HYPHEN	margin	2	compen	sation	compensation	policies on
production-1935-vol1-chapters	7	HYPHEN	blankgap	0	dis	trict	district	
production-1935-vol1-chapters	747	HYPHEN	blankgap	0	rehabili	tation	rehabilitation	
production-1935-vol1-chapters	751	HYPHEN	margin	9	com	pleted	completed	panies reorganization plans must by court order be com
production-1935-vol1-chapters	766	HYPHEN	margin	13	asso	ciation	association	association ciation may cor vert itself into a Federal savings and loan asso
production-1935-vol1-chapters	773	HYPHEN	blankgap	0	commis	sioner	commissioner	
production-1935-vol1-chapters	804	HYPHEN	blankgap	0	can	taloupes	cantaloupes	
production-1935-vol1-chapters	807	HYPHEN	blankgap	0	preserva	tion	preservation	
production-1935-vol1-chapters	811	HYPHEN	blankgap	0	adminis	trators	administrators	
production-1935-vol1-chapters	879	HYPHEN	margin	20	pro	ducing	producing	viding milk for such marketing area shall be counted as an | individual in determining the total number of producers pro
production-1935-vol1-chapters	895	HYPHEN	blankgap	0	dis	tricts	districts	
production-1935-vol1-chapters	916	HYPHEN	blankgap	0	deduc	tions	deductions	
production-1935-vol1-chapters	931	HYPHEN	blankgap	0	equaliza	tion	equalization	
production-1935-vol1-chapters	933	HYPHEN	blankgap	0	equaliza	tion	equalization	
production-1935-vol1-chapters	933	HYPHEN	blankgap	0	equaliza	tion	equalization	
production-1935-vol1-chapters	933	HYPHEN	margin	20	cancella	tion	cancellation	taxpayer the commissioner shall certify such fact to the State | Board of Control and said board shall authorize the cancella
production-1935-vol1-chapters	985	HYPHEN	blankgap	0	acquir	ing	acquiring	
production-1937-vol1-chapters	105	HYPHEN	blankgap	0	suc	ceeding	succeeding	
production-1937-vol1-chapters	1056	HYPHEN	blankgap	0	superin	tendent	superintendent	
production-1937-vol1-chapters	108	HYPHEN	blankgap	0	subse	quent	subsequent	
production-1937-vol1-chapters	109	HYPHEN	blankgap	0	dis	trict	district	
production-1937-vol1-chapters	1124	HYPHEN	blankgap	0	prop	erty	property	
production-1937-vol1-chapters	113	HYPHEN	blankgap	0	dis	trict	district	
production-1937-vol1-chapters	113	HYPHEN	blankgap	0	col	lected	collected	
production-1937-vol1-chapters	126	HYPHEN	blankgap	0	con	demnation	condemnation	
production-1937-vol1-chapters	134	HYPHEN	blankgap	0	prac	ticable	practicable	
production-1937-vol1-chapters	1353	HYPHEN	blankgap	0	par	ticipation	participation	
production-1937-vol1-chapters	1412	HYPHEN	blankgap	0	dis	trict	district	
production-1937-vol1-chapters	1453	HYPHEN	blankgap	0	main	tenance	maintenance	
production-1937-vol1-chapters	1461	HYPHEN	blankgap	0	exam	ination	examination	
production-1937-vol1-chapters	1470	HYPHEN	blankgap	0	limi	tations	limitations	
production-1937-vol1-chapters	149	HYPHEN	blankgap	0	preced	ing	preceding	
production-1937-vol1-chapters	1502	HYPHEN	blankgap	0	pro	nouncing	pronouncing	
production-1937-vol1-chapters	1534	HYPHEN	blankgap	0	admin	istered	administered	
production-1937-vol1-chapters	1554	HYPHEN	margin	12	indebt	edness	indebtedness	money edness and to issue honds or other evidences of such indebt
production-1937-vol1-chapters	1581	HYPHEN	blankgap	0	dis	bursements	disbursements	
production-1937-vol1-chapters	1581	HYPHEN	blankgap	0	inser	tion	insertion	
production-1937-vol1-chapters	1584	HYPHEN	blankgap	0	con	stitution	constitution	
production-1937-vol1-chapters	1590	HYPHEN	blankgap	0	sec	retary	secretary	
production-1937-vol1-chapters	1604	HYPHEN	blankgap	0	superin	tendent	superintendent	
production-1937-vol1-chapters	1605	HYPHEN	blankgap	0	revoca	tion	revocation	
production-1937-vol1-chapters	1625	HYPHEN	blankgap	0	determina	tion	determination	
production-1937-vol1-chapters	1625	HYPHEN	blankgap	0	ter	mination	termination	
production-1937-vol1-chapters	1625	HYPHEN	blankgap	0	con	clusive	conclusive	
production-1937-vol1-chapters	1627	HYPHEN	blankgap	0	men	tioned	mentioned	
production-1937-vol1-chapters	1627	HYPHEN	blankgap	0	cor	poration	corporation	
production-1937-vol1-chapters	1647	HYPHEN	blankgap	0	appropria	tions	appropriations	
production-1937-vol1-chapters	1691	HYPHEN	blankgap	0	dis	trict	district	
production-1937-vol1-chapters	1746	HYPHEN	blankgap	0	subdi	vide	subdivide	
production-1937-vol1-chapters	1783	HYPHEN	blankgap	0	pro	tection	protection	
production-1937-vol1-chapters	1788	HYPHEN	blankgap	0	munici	palities	municipalities	
production-1937-vol1-chapters	1791	HYPHEN	blankgap	0	jurisdic	tion	jurisdiction	
production-1937-vol1-chapters	1809	HYPHEN	blankgap	0	dissolu	tion	dissolution	
production-1937-vol1-chapters	1809	HYPHEN	blankgap	0	dis	trict	district	
production-1937-vol1-chapters	1809	HYPHEN	blankgap	0	prop	erty	property	
production-1937-vol1-chapters	1813	HYPHEN	blankgap	0	bounda	ries	boundaries	
production-1937-vol1-chapters	1831	HYPHEN	blankgap	0	pro	ceedings	proceedings	
production-1937-vol1-chapters	1889	HYPHEN	blankgap	0	irre	spective	irrespective	
production-1937-vol1-chapters	1889	HYPHEN	blankgap	0	unconstitu	tional	unconstitutional	
production-1937-vol1-chapters	1916	HYPHEN	blankgap	0	con	tributions	contributions	
production-1937-vol1-chapters	1949	HYPHEN	blankgap	0	repre	sentative	representative	
production-1937-vol1-chapters	1953	HYPHEN	blankgap	0	prescrip	tion	prescription	
production-1937-vol1-chapters	1975	HYPHEN	blankgap	0	superin	tendent	superintendent	
production-1937-vol1-chapters	1992	HYPHEN	margin	1	differen	tials	differentials	ferentials
production-1937-vol1-chapters	1995	HYPHEN	blankgap	0	unin	corporated	unincorporated	
production-1937-vol1-chapters	1995	HYPHEN	blankgap	0	emer	gency	emergency	
production-1937-vol1-chapters	2019	HYPHEN	blankgap	0	secu	rity	security	
production-1937-vol1-chapters	2037	NOHYPHEN	blankgap	0	determina	tion	determination	
production-1937-vol1-chapters	2041	HYPHEN	blankgap	0	cor	poration	corporation	
production-1937-vol1-chapters	2065	HYPHEN	blankgap	0	appro	priation	appropriation	
production-1937-vol1-chapters	2081	HYPHEN	blankgap	0	disqualifica	tion	disqualification	
production-1937-vol1-chapters	2134	HYPHEN	margin	13	sub	stitution	substitution	ieensees ject to the provisions of section of Article XX of the Con
production-1937-vol1-chapters	2180	HYPHEN	blankgap	0	irre	spective	irrespective	
production-1937-vol1-chapters	2193	HYPHEN	margin	9	com	bined	combined	missioner may require a consolidated report showing the com
production-1937-vol1-chapters	2204	HYPHEN	blankgap	0	appropria	tion	appropriation	
production-1937-vol1-chapters	2211	HYPHEN	blankgap	0	transporta	tion	transportation	
production-1937-vol1-chapters	2215	HYPHEN	blankgap	0	treas	urer	treasurer	
production-1937-vol1-chapters	2303	NOHYPHEN	margin	1	appropria	tion	appropriation	opria
production-1937-vol1-chapters	2305	HYPHEN	margin	18	appropria	tion	appropriation	necessary is hereby appropriated out of any money in the | State treasury not otherwise appropriated for the acquisi
production-1937-vol1-chapters	2388	HYPHEN	margin	21	pro	ceeding	proceeding	posed to be refunded and such waiver shall continue after | such consent is filed until six months after the refunding pro
production-1937-vol1-chapters	2403	HYPHEN	blankgap	0	legisla	tive	legislative	
production-1937-vol1-chapters	2403	HYPHEN	blankgap	0	prin	cipal	principal	
production-1937-vol1-chapters	2405	HYPHEN	margin	19	con	stitute	constitute	ducting meetings the method by which members shall be | notified of meetings and the number of members shall con
production-1937-vol1-chapters	2425	HYPHEN	blankgap	0	dis	trict	district	
production-1937-vol1-chapters	2443	HYPHEN	blankgap	0	revoca	tion	revocation	
production-1937-vol1-chapters	2458	HYPHEN	blankgap	0	recorda	tion	recordation	
production-1937-vol1-chapters	2467	HYPHEN	blankgap	0	pub	licly	publicly	
production-1937-vol1-chapters	2467	HYPHEN	blankgap	0	prop	erty	property	
production-1937-vol1-chapters	2467	HYPHEN	blankgap	0	municipali	ties	municipalities	
production-1937-vol1-chapters	2467	HYPHEN	blankgap	0	supervi	sors	supervisors	
production-1937-vol1-chapters	25	HYPHEN	blankgap	0	prop	erty	property	
production-1937-vol1-chapters	2523	HYPHEN	blankgap	0	retir	ing	retiring	
production-1937-vol1-chapters	2523	HYPHEN	blankgap	0	with	drawal	withdrawal	
production-1937-vol1-chapters	2535	HYPHEN	blankgap	0	cor	poration	corporation	
production-1937-vol1-chapters	2559	HYPHEN	blankgap	0	appurte	nances	appurtenances	
production-1937-vol1-chapters	2559	HYPHEN	blankgap	0	deter	mination	determination	
production-1937-vol1-chapters	2644	HYPHEN	blankgap	0	here	inabove	hereinabove	
production-1937-vol1-chapters	2644	HYPHEN	blankgap	0	rejec	tion	rejection	
production-1937-vol1-chapters	2645	HYPHEN	blankgap	0	legis	lature	legislature	
production-1937-vol1-chapters	2650	HYPHEN	blankgap	0	represent	atives	representatives	
production-1937-vol1-chapters	2669	HYPHEN	blankgap	0	em	ployees	employees	
production-1937-vol1-chapters	2739	HYPHEN	blankgap	0	incon	venient	inconvenient	
production-1937-vol1-chapters	274	HYPHEN	blankgap	0	substi	tution	substitution	
production-1937-vol1-chapters	2758	HYPHEN	blankgap	0	inhabi	tants	inhabitants	
production-1937-vol1-chapters	280	HYPHEN	margin	1	rejec	tion	rejection	Employee
production-1937-vol1-chapters	2805	NOHYPHEN	margin	9	reconstruc	tional	reconstructional	reconstruction and replacements due to physical and func itement
production-1937-vol1-chapters	2888	HYPHEN	blankgap	0	adminis	trative	administrative	
production-1937-vol1-chapters	298	NOHYPHEN	blankgap	0	incompe	tents	incompetents	
production-1937-vol1-chapters	2982	HYPHEN	margin	2	ordi	nances	ordinances	effective yd
production-1937-vol1-chapters	3032	HYPHEN	blankgap	0	examina	tions	examinations	
production-1937-vol1-chapters	341	HYPHEN	blankgap	0	num	bered	numbered	
production-1937-vol1-chapters	344	HYPHEN	blankgap	0	estab	lishment	establishment	
production-1937-vol1-chapters	345	HYPHEN	blankgap	0	munic	ipal	municipal	
production-1937-vol1-chapters	4	HYPHEN	blankgap	0	trans	ferred	transferred	
production-1937-vol1-chapters	4	HYPHEN	blankgap	0	subdi	vision	subdivision	
production-1937-vol1-chapters	427	NOHYPHEN	margin	9	appropria	tion	appropriation	repairs and equipment incurred in connection with the institu
production-1937-vol1-chapters	427	HYPHEN	blankgap	0	assem	blymen	assemblymen	
production-1937-vol1-chapters	43	HYPHEN	blankgap	0	prop	erties	properties	
production-1937-vol1-chapters	433	HYPHEN	blankgap	0	pre	miums	premiums	
production-1937-vol1-chapters	433	HYPHEN	blankgap	0	agricul	tural	agricultural	
production-1937-vol1-chapters	433	HYPHEN	blankgap	0	agricul	tural	agricultural	
production-1937-vol1-chapters	440	HYPHEN	blankgap	0	exam	iners	examiners	
production-1937-vol1-chapters	442	HYPHEN	blankgap	0	adver	tising	advertising	
production-1937-vol1-chapters	445	HYPHEN	blankgap	0	im	provements	improvements	
production-1937-vol1-chapters	504	HYPHEN	blankgap	0	pre	cincts	precincts	
production-1937-vol1-chapters	515	NOHYPHEN	blankgap	0	cotermi	nous	coterminous	
production-1937-vol1-chapters	578	HYPHEN	blankgap	0	commis	sioners	commissioners	
production-1937-vol1-chapters	59	HYPHEN	blankgap	0	supe	rior	superior	
production-1937-vol1-chapters	620	HYPHEN	blankgap	0	impris	onment	imprisonment	
production-1937-vol1-chapters	646	HYPHEN	blankgap	0	evi	dences	evidences	
production-1937-vol1-chapters	646	HYPHEN	blankgap	0	dis	trict	district	
production-1937-vol1-chapters	672	HYPHEN	blankgap	0	con	tiguous	contiguous	
production-1937-vol1-chapters	672	HYPHEN	blankgap	0	cir	culation	circulation	
production-1937-vol1-chapters	679	HYPHEN	blankgap	0	installa	tion	installation	
production-1937-vol1-chapters	681	HYPHEN	blankgap	0	mainte	nance	maintenance	
production-1937-vol1-chapters	722	HYPHEN	blankgap	0	con	nection	connection	
production-1937-vol1-chapters	73	HYPHEN	blankgap	0	dis	tricts	districts	
production-1937-vol1-chapters	735	HYPHEN	blankgap	0	munici	pal	municipal	
production-1937-vol1-chapters	735	HYPHEN	blankgap	0	dis	trict	district	
production-1937-vol1-chapters	763	HYPHEN	blankgap	0	examina	tion	examination	
production-1937-vol1-chapters	763	HYPHEN	blankgap	0	pro	ceeding	proceeding	
production-1937-vol1-chapters	763	HYPHEN	blankgap	0	jurisdic	tion	jurisdiction	
production-1937-vol1-chapters	763	HYPHEN	blankgap	0	supe	rior	superior	
production-1937-vol1-chapters	808	HYPHEN	margin	2	prop	erty	property	ake posses
production-1937-vol1-chapters	840	HYPHEN	margin	21	condemna	tion	condemnation	land tion any land held in private ownership seaward of the | water front line for the purposes of commerce and naviga
production-1937-vol1-chapters	865	HYPHEN	blankgap	0	coexten	sive	coextensive	
production-1937-vol1-chapters	898	HYPHEN	margin	9	pub	lication	publication	lished and circulated in the municipal corporation then pub
production-1937-vol1-chapters	9	HYPHEN	blankgap	0	subdi	visions	subdivisions	
production-1937-vol1-chapters	91	HYPHEN	blankgap	0	inhabi	tants	inhabitants	
production-1937-vol1-chapters	91	HYPHEN	blankgap	0	prop	erty	property	
production-1937-vol1-chapters	910	HYPHEN	margin	23	reso	nances	resonances	iors lution and all legislative action shall be by ordinance The | ayes and noes shall be taken upon the passage of all ordi
production-1937-vol1-chapters	918	HYPHEN	blankgap	0	con	sidered	considered	
production-1937-vol1-chapters	941	NOHYPHEN	blankgap	0	ventan	a	ventana	
production-1937-vol1-chapters	958	HYPHEN	margin	1	con	venient	convenient	powers
production-1937-vol1-chapters	99	HYPHEN	blankgap	0	acquisi	tion	acquisition	
production-1937-vol1-chapters	990	HYPHEN	blankgap	0	dis	trict	district	
production-1938-vol1-chapters	107	HYPHEN	blankgap	0	modifi	cation	modification	
production-1938-vol1-chapters	11	HYPHEN	blankgap	0	legis	lature	legislature	
production-1938-vol1-chapters	111	HYPHEN	blankgap	0	commis	sioner	commissioner	
production-1938-vol1-chapters	113	HYPHEN	blankgap	0	cor	poration	corporation	
production-1938-vol1-chapters	120	HYPHEN	blankgap	0	asso	ciation	association	
production-1938-vol1-chapters	135	HYPHEN	blankgap	0	examina	tion	examination	
production-1938-vol1-chapters	173	HYPHEN	blankgap	0	com	munication	communication	
production-1938-vol1-chapters	40	HYPHEN	blankgap	0	jurisdic	tion	jurisdiction	
production-1938-vol1-chapters	44	HYPHEN	margin	9	pro	priation	propriation	viding for the collection thereof and making an appro
production-1938-vol1-chapters	7	HYPHEN	margin	20	pro	priation	propriation	vided for the benefit of housing projects to require certain | cities cities and counties and counties to make an appro
production-1938-vol1-chapters	72	HYPHEN	blankgap	0	prin	cipally	principally	
production-1938-vol1-chapters	98	HYPHEN	blankgap	0	obliga	tions	obligations	
production-1938-vol1-chapters	98	HYPHEN	blankgap	0	agricul	tural	agricultural	
production-1938-vol1-chapters	98	HYPHEN	blankgap	0	exposi	tions	expositions	
production-1939-vol1-chapters	1026	HYPHEN	blankgap	0	dis	trict	district	
production-1939-vol1-chapters	1038	NOHYPHEN	blankgap	0	segrega	tion	segregation	
production-1939-vol1-chapters	1040	NOHYPHEN	blankgap	0	disquali	fication	disqualification	
production-1939-vol1-chapters	1040	HYPHEN	margin	13	dis	tricts	districts	p | amended trict Act relating to the deposit of funds of irrigation dis
production-1939-vol1-chapters	1040	HYPHEN	blankgap	0	dis	tricts	districts	
production-1939-vol1-chapters	1041	HYPHEN	blankgap	0	num	bered	numbered	
production-1939-vol1-chapters	1065	HYPHEN	blankgap	0	tremen	dous	tremendous	
production-1939-vol1-chapters	1092	HYPHEN	blankgap	0	can	didates	candidates	
production-1939-vol1-chapters	1097	HYPHEN	blankgap	0	dis	trict	district	
production-1939-vol1-chapters	1100	HYPHEN	margin	11	con	veyed	conveyed	sideration shall convey the entire title to the property so con
production-1939-vol1-chapters	1155	HYPHEN	blankgap	0	for	estry	forestry	
production-1939-vol1-chapters	1169	NOHYPHEN	margin	19	surm	a	surma	the transaction of business and the concurrent action of two | members is sufficient to enable the board to Powers
production-1939-vol1-chapters	1219	HYPHEN	blankgap	0	legis	lature	legislature	
production-1939-vol1-chapters	1225	HYPHEN	blankgap	0	inabil	ity	inability	
production-1939-vol1-chapters	1227	HYPHEN	blankgap	0	examina	tion	examination	
production-1939-vol1-chapters	1233	HYPHEN	blankgap	0	contigu	ous	contiguous	
production-1939-vol1-chapters	1234	HYPHEN	blankgap	0	pro	fessions	professions	
production-1939-vol1-chapters	1241	HYPHEN	blankgap	0	attor	ney	attorney	
production-1939-vol1-chapters	1263	HYPHEN	blankgap	0	con	venience	convenience	
production-1939-vol1-chapters	1276	HYPHEN	blankgap	0	re	quired	required	
production-1939-vol1-chapters	1305	HYPHEN	blankgap	0	appro	priations	appropriations	
production-1939-vol1-chapters	1326	HYPHEN	margin	2	con	veying	conveying	of deed
production-1939-vol1-chapters	1368	HYPHEN	blankgap	0	prop	erty	property	
production-1939-vol1-chapters	1386	HYPHEN	blankgap	0	subdi	vision	subdivision	
production-1939-vol1-chapters	1386	HYPHEN	blankgap	0	appro	priated	appropriated	
production-1939-vol1-chapters	14	HYPHEN	blankgap	0	imme	diately	immediately	
production-1939-vol1-chapters	1412	HYPHEN	blankgap	0	agricul	tural	agricultural	
production-1939-vol1-chapters	1417	HYPHEN	blankgap	0	dis	trict	district	
production-1939-vol1-chapters	1430	HYPHEN	blankgap	0	tribu	taries	tributaries	
production-1939-vol1-chapters	1479	HYPHEN	blankgap	0	com	pletion	completion	
production-1939-vol1-chapters	1497	HYPHEN	blankgap	0	num	bered	numbered	
production-1939-vol1-chapters	1558	HYPHEN	blankgap	0	con	ditions	conditions	
production-1939-vol1-chapters	1579	HYPHEN	blankgap	0	com	menced	commenced	
production-1939-vol1-chapters	1602	HYPHEN	blankgap	0	commis	sioners	commissioners	
production-1939-vol1-chapters	1626	HYPHEN	blankgap	0	reas	sessment	reassessment	
production-1939-vol1-chapters	1627	HYPHEN	margin	20	pro	ceedings	proceedings	poses to conduct the multiple district refunding proceedings | on or before the date the resolution of intention in such pro
production-1939-vol1-chapters	1668	HYPHEN	blankgap	0	obli	gation	obligation	
production-1939-vol1-chapters	1685	HYPHEN	blankgap	0	con	veyances	conveyances	
production-1939-vol1-chapters	1689	HYPHEN	blankgap	0	prop	erty	property	
production-1939-vol1-chapters	1692	HYPHEN	blankgap	0	edu	cational	educational	
production-1939-vol1-chapters	1699	HYPHEN	blankgap	0	examina	tion	examination	
production-1939-vol1-chapters	1713	HYPHEN	blankgap	0	appropria	tion	appropriation	
production-1939-vol1-chapters	1747	HYPHEN	blankgap	0	treas	urer	treasurer	
production-1939-vol1-chapters	1750	HYPHEN	blankgap	0	bene	fited	benefited	
production-1939-vol1-chapters	1757	HYPHEN	blankgap	0	mer	chandise	merchandise	
production-1939-vol1-chapters	1759	HYPHEN	blankgap	0	agricul	tural	agricultural	
production-1939-vol1-chapters	1759	HYPHEN	blankgap	0	exposi	tions	expositions	
production-1939-vol1-chapters	1761	HYPHEN	blankgap	0	con	secutively	consecutively	
production-1939-vol1-chapters	1767	HYPHEN	blankgap	0	commis	sioner	commissioner	
production-1939-vol1-chapters	1777	HYPHEN	blankgap	0	trans	ferred	transferred	
production-1939-vol1-chapters	1798	HYPHEN	blankgap	0	uncondi	tional	unconditional	
production-1939-vol1-chapters	1835	HYPHEN	blankgap	0	assem	blymen	assemblymen	
production-1939-vol1-chapters	1869	HYPHEN	blankgap	0	com	pensation	compensation	
production-1939-vol1-chapters	1883	HYPHEN	blankgap	0	dis	trict	district	
production-1939-vol1-chapters	1891	HYPHEN	blankgap	0	imme	diately	immediately	
production-1939-vol1-chapters	1903	HYPHEN	blankgap	0	num	bered	numbered	
production-1939-vol1-chapters	1908	HYPHEN	blankgap	0	incorpora	tion	incorporation	
production-1939-vol1-chapters	1931	HYPHEN	blankgap	0	matu	rity	maturity	
production-1939-vol1-chapters	1941	HYPHEN	margin	21	appro	priated	appropriated	Section The sum of is hereby appropriated priation | out of any money in the State treasury not otherwise appro workinen s
production-1939-vol1-chapters	196	HYPHEN	margin	2	compensa	tion	compensation	masimum j
production-1939-vol1-chapters	196	HYPHEN	blankgap	0	compen	sation	compensation	
production-1939-vol1-chapters	1964	HYPHEN	blankgap	0	optom	etry	optometry	
production-1939-vol1-chapters	1984	HYPHEN	blankgap	0	for	feitures	forfeitures	
production-1939-vol1-chapters	1984	HYPHEN	blankgap	0	misde	meanor	misdemeanor	
production-1939-vol1-chapters	1990	HYPHEN	blankgap	0	paraphe	nylenediamine	paraphenylenediamine	
production-1939-vol1-chapters	20	HYPHEN	blankgap	0	modifi	cation	modification	
production-1939-vol1-chapters	20	HYPHEN	blankgap	0	modifica	tion	modification	
production-1939-vol1-chapters	20	HYPHEN	blankgap	0	con	tinue	continue	
production-1939-vol1-chapters	2003	HYPHEN	blankgap	0	immedi	ately	immediately	
production-1939-vol1-chapters	2015	HYPHEN	blankgap	0	equaliza	tion	equalization	
production-1939-vol1-chapters	2015	HYPHEN	blankgap	0	dis	trict	district	
production-1939-vol1-chapters	2031	HYPHEN	blankgap	0	imme	diately	immediately	
production-1939-vol1-chapters	2053	HYPHEN	blankgap	0	con	tributions	contributions	
production-1939-vol1-chapters	2061	HYPHEN	blankgap	0	subro	gated	subrogated	
production-1939-vol1-chapters	2063	HYPHEN	blankgap	0	superin	tendent	superintendent	
production-1939-vol1-chapters	2099	HYPHEN	blankgap	0	obli	gations	obligations	
production-1939-vol1-chapters	2099	HYPHEN	blankgap	0	appro	priation	appropriation	
production-1939-vol1-chapters	2139	HYPHEN	blankgap	0	tubercu	losis	tuberculosis	
production-1939-vol1-chapters	2193	HYPHEN	blankgap	0	determina	tion	determination	
production-1939-vol1-chapters	2209	HYPHEN	blankgap	0	classifi	cation	classification	
production-1939-vol1-chapters	2246	HYPHEN	blankgap	0	con	veyed	conveyed	
production-1939-vol1-chapters	2261	HYPHEN	blankgap	0	appropria	tion	appropriation	
production-1939-vol1-chapters	2261	HYPHEN	blankgap	0	concilia	tion	conciliation	
production-1939-vol1-chapters	2290	HYPHEN	blankgap	0	dis	trict	district	
production-1939-vol1-chapters	2298	HYPHEN	blankgap	0	dis	tricts	districts	
production-1939-vol1-chapters	2350	HYPHEN	blankgap	0	pro	fessional	professional	
production-1939-vol1-chapters	2369	HYPHEN	blankgap	0	admin	stration	adminstration	
production-1939-vol1-chapters	2411	HYPHEN	blankgap	0	limita	tions	limitations	
production-1939-vol1-chapters	2433	HYPHEN	blankgap	0	dis	trict	district	
production-1939-vol1-chapters	2458	HYPHEN	blankgap	0	exposi	tion	exposition	
production-1939-vol1-chapters	25	HYPHEN	blankgap	0	manu	facturer	manufacturer	
production-1939-vol1-chapters	2510	HYPHEN	blankgap	0	delin	quency	delinquency	
production-1939-vol1-chapters	2602	HYPHEN	blankgap	0	incor	poration	incorporation	
production-1939-vol1-chapters	2630	HYPHEN	blankgap	0	mem	bership	membership	
production-1939-vol1-chapters	2641	HYPHEN	blankgap	0	mainte	nance	maintenance	
production-1939-vol1-chapters	2641	HYPHEN	blankgap	0	sub	stantially	substantially	
production-1939-vol1-chapters	2669	HYPHEN	blankgap	0	indi	viduals	individuals	
production-1939-vol1-chapters	2698	HYPHEN	blankgap	0	con	stitution	constitution	
production-1939-vol1-chapters	2714	HYPHEN	blankgap	0	immedi	ately	immediately	
production-1939-vol1-chapters	2721	HYPHEN	blankgap	0	pro	ceeding	proceeding	
production-1939-vol1-chapters	2726	HYPHEN	blankgap	0	con	viction	conviction	
production-1939-vol1-chapters	2726	HYPHEN	blankgap	0	dis	trict	district	
production-1939-vol1-chapters	2726	HYPHEN	blankgap	0	con	sisting	consisting	
production-1939-vol1-chapters	2778	HYPHEN	blankgap	0	delin	quents	delinquents	
production-1939-vol1-chapters	2782	HYPHEN	blankgap	0	con	ceals	conceals	
production-1939-vol1-chapters	2782	HYPHEN	blankgap	0	sani	tarium	sanitarium	
production-1939-vol1-chapters	2792	HYPHEN	blankgap	0	prop	erty	property	
production-1939-vol1-chapters	2792	HYPHEN	blankgap	0	asso	ciation	association	
production-1939-vol1-chapters	2804	HYPHEN	blankgap	0	legis	lative	legislative	
production-1939-vol1-chapters	2804	HYPHEN	blankgap	0	legisla	tive	legislative	
production-1939-vol1-chapters	2804	HYPHEN	blankgap	0	legis	lative	legislative	
production-1939-vol1-chapters	2804	HYPHEN	blankgap	0	dis	trict	district	
production-1939-vol1-chapters	2806	HYPHEN	blankgap	0	dis	tricts	districts	
production-1939-vol1-chapters	2806	HYPHEN	blankgap	0	cancella	tion	cancellation	
production-1939-vol1-chapters	2808	HYPHEN	blankgap	0	acqui	sition	acquisition	
production-1939-vol1-chapters	2812	HYPHEN	blankgap	0	empow	ered	empowered	
production-1939-vol1-chapters	2812	HYPHEN	blankgap	0	pro	posals	proposals	
production-1939-vol1-chapters	2812	HYPHEN	blankgap	0	reas	sessment	reassessment	
production-1939-vol1-chapters	2816	HYPHEN	blankgap	0	legis	lative	legislative	
production-1939-vol1-chapters	2816	HYPHEN	blankgap	0	legis	lative	legislative	
production-1939-vol1-chapters	2816	HYPHEN	blankgap	0	legisla	tive	legislative	
production-1939-vol1-chapters	2818	HYPHEN	blankgap	0	legis	lative	legislative	
production-1939-vol1-chapters	2852	HYPHEN	blankgap	0	edu	cational	educational	
production-1939-vol1-chapters	2862	HYPHEN	blankgap	0	accom	panied	accompanied	
production-1939-vol1-chapters	2890	HYPHEN	blankgap	0	copart	nership	copartnership	
production-1939-vol1-chapters	2898	HYPHEN	blankgap	0	preser	vation	preservation	
production-1939-vol1-chapters	2898	HYPHEN	blankgap	0	admin	istration	administration	
production-1939-vol1-chapters	2910	HYPHEN	blankgap	0	dis	covery	discovery	
production-1939-vol1-chapters	2917	HYPHEN	margin	21	sub	sists	subsists	section b to inclusive of this section if it were | not for the fact that the property received in exchange con
production-1939-vol1-chapters	2918	HYPHEN	blankgap	0	recog	nized	recognized	
production-1939-vol1-chapters	2961	HYPHEN	margin	3	deter	mination	determination	adjudicata oe vos
production-1939-vol1-chapters	2998	HYPHEN	margin	20	tele	portation	teleportation	graph or telephone establishment or office in the operation | of elevators in office buildings or by any express or trans
production-1939-vol1-chapters	3012	HYPHEN	blankgap	0	determina	tion	determination	
production-1939-vol1-chapters	3014	HYPHEN	blankgap	0	col	lected	collected	
production-1939-vol1-chapters	3036	HYPHEN	blankgap	0	pro	ceedings	proceedings	
production-1939-vol1-chapters	31	HYPHEN	margin	12	appro	priated	appropriated	out of anv monev in the State treasury not otherwise appro Deficiency
production-1939-vol1-chapters	3102	HYPHEN	blankgap	0	legisla	tive	legislative	
production-1939-vol1-chapters	3139	HYPHEN	blankgap	0	perma	nence	permanence	
production-1939-vol1-chapters	3143	HYPHEN	blankgap	0	legisla	tion	legislation	
production-1939-vol1-chapters	3157	HYPHEN	blankgap	0	rejec	tion	rejection	
production-1939-vol1-chapters	3196	HYPHEN	blankgap	0	subse	quent	subsequent	
production-1939-vol1-chapters	3218	HYPHEN	blankgap	0	representa	tives	representatives	
production-1939-vol1-chapters	3218	HYPHEN	blankgap	0	cele	brating	celebrating	
production-1939-vol1-chapters	3218	HYPHEN	blankgap	0	cen	tennial	centennial	
production-1939-vol1-chapters	3230	HYPHEN	blankgap	0	sub	stantive	substantive	
production-1939-vol1-chapters	3250	HYPHEN	blankgap	0	dis	trict	district	
production-1939-vol1-chapters	35	HYPHEN	blankgap	0	hos	pitals	hospitals	
production-1939-vol1-chapters	35	HYPHEN	blankgap	0	procla	mation	proclamation	
production-1939-vol1-chapters	371	HYPHEN	margin	17	restora	tion	restoration	certificate of registration has expired mav have his eertificate | restored immediately upon payment of the required restora
production-1939-vol1-chapters	41	HYPHEN	margin	11	pro	lative	prolative	test setting forth such objection with the clerk of the legis
production-1939-vol1-chapters	421	HYPHEN	blankgap	0	misde	meanor	misdemeanor	
production-1939-vol1-chapters	477	HYPHEN	margin	12	appro	priated	appropriated	out of any money in the State treasury not otherwise appro Bentiency
production-1939-vol1-chapters	624	HYPHEN	blankgap	0	attor	ney	attorney	
production-1939-vol1-chapters	724	HYPHEN	margin	1	con	tiguous	contiguous	designation
production-1939-vol1-chapters	8	HYPHEN	blankgap	0	preced	ing	preceding	
production-1939-vol1-chapters	804	HYPHEN	blankgap	0	haz	ardous	hazardous	
production-1939-vol1-chapters	814	HYPHEN	margin	1	investi	gation	investigation	lcense
production-1939-vol1-chapters	836	HYPHEN	blankgap	0	dis	trict	district	
production-1939-vol1-chapters	840	HYPHEN	blankgap	0	mainte	nance	maintenance	
production-1939-vol1-chapters	846	HYPHEN	blankgap	0	pro	ceedings	proceedings	
production-1939-vol1-chapters	952	HYPHEN	blankgap	0	compen	sation	compensation	
production-1939-vol1-chapters	955	HYPHEN	blankgap	0	prop	erty	property	
production-1939-vol1-chapters	961	HYPHEN	blankgap	0	pas	sengers	passengers	
production-1939-vol1-chapters	974	HYPHEN	blankgap	0	oblitera	tion	obliteration	
production-1941-vol1-41chapters	1000	HYPHEN	blankgap	0	substi	tute	substitute	
production-1941-vol1-41chapters	1051	HYPHEN	blankgap	0	manu	factured	manufactured	
production-1941-vol1-41chapters	1051	HYPHEN	blankgap	0	ingredi	ents	ingredients	
production-1941-vol1-41chapters	1064	HYPHEN	blankgap	0	pro	fessions	professions	
production-1941-vol1-41chapters	1072	HYPHEN	blankgap	0	for	feited	forfeited	
production-1941-vol1-41chapters	1075	HYPHEN	blankgap	0	cor	poration	corporation	
production-1941-vol1-41chapters	1078	HYPHEN	blankgap	0	pub	licly	publicly	
production-1941-vol1-41chapters	1086	HYPHEN	blankgap	0	dis	trict	district	
production-1941-vol1-41chapters	1095	HYPHEN	blankgap	0	proposi	tion	proposition	
production-1941-vol1-41chapters	1120	HYPHEN	blankgap	0	cor	poration	corporation	
production-1941-vol1-41chapters	1134	HYPHEN	blankgap	0	can	celed	canceled	
production-1941-vol1-41chapters	1166	HYPHEN	blankgap	0	affirma	tions	affirmations	
production-1941-vol1-41chapters	1175	HYPHEN	blankgap	0	dis	trict	district	
production-1941-vol1-41chapters	1175	HYPHEN	blankgap	0	preced	ing	preceding	
production-1941-vol1-41chapters	1175	HYPHEN	blankgap	0	dis	trict	district	
production-1941-vol1-41chapters	1191	HYPHEN	blankgap	0	munici	pality	municipality	
production-1941-vol1-41chapters	1191	HYPHEN	blankgap	0	here	inafter	hereinafter	
production-1941-vol1-41chapters	1191	HYPHEN	blankgap	0	empow	ered	empowered	
production-1941-vol1-41chapters	1191	HYPHEN	blankgap	0	treas	urer	treasurer	
production-1941-vol1-41chapters	1193	HYPHEN	blankgap	0	prop	erty	property	
production-1941-vol1-41chapters	1193	HYPHEN	blankgap	0	cor	porations	corporations	
production-1941-vol1-41chapters	1270	HYPHEN	margin	20	sec	erning	secerning	tion by reason of defect in the application or agree | ment signed by such emplovee taking such leave such gov
production-1941-vol1-41chapters	13	HYPHEN	blankgap	0	cancella	tion	cancellation	
production-1941-vol1-41chapters	13	HYPHEN	blankgap	0	redemp	tion	redemption	
production-1941-vol1-41chapters	1379	HYPHEN	blankgap	0	irriga	tion	irrigation	
production-1941-vol1-41chapters	1413	HYPHEN	blankgap	0	prop	erty	property	
production-1941-vol1-41chapters	1423	HYPHEN	blankgap	0	con	stitute	constitute	
production-1941-vol1-41chapters	1439	HYPHEN	blankgap	0	destruc	tive	destructive	
production-1941-vol1-41chapters	1570	HYPHEN	blankgap	0	com	mendation	commendation	
production-1941-vol1-41chapters	1597	HYPHEN	blankgap	0	appro	priated	appropriated	
production-1941-vol1-41chapters	1655	HYPHEN	blankgap	0	dis	trict	district	
production-1941-vol1-41chapters	1655	HYPHEN	blankgap	0	dis	trict	district	
production-1941-vol1-41chapters	1663	HYPHEN	blankgap	0	tribu	taries	tributaries	
production-1941-vol1-41chapters	1681	HYPHEN	blankgap	0	dis	trict	district	
production-1941-vol1-41chapters	1687	HYPHEN	blankgap	0	compila	tion	compilation	
production-1941-vol1-41chapters	1688	HYPHEN	margin	18	pub	lication	publication	fication recompilation and republication of the several com | pilations or codifications referred to in Section in a pub
production-1941-vol1-41chapters	170	HYPHEN	blankgap	0	trans	feror	transferor	
production-1941-vol1-41chapters	1763	HYPHEN	margin	12	nine	tieth	ninetieth	teenth Senatorial District | The County of San Joaquin shall constitute the Twen
production-1941-vol1-41chapters	1818	HYPHEN	blankgap	0	transporta	tion	transportation	
production-1941-vol1-41chapters	1875	HYPHEN	blankgap	0	prop	erty	property	
production-1941-vol1-41chapters	1887	HYPHEN	blankgap	0	equiva	lent	equivalent	
production-1941-vol1-41chapters	1902	HYPHEN	blankgap	0	misde	meanor	misdemeanor	
production-1941-vol1-41chapters	1944	HYPHEN	blankgap	0	suc	cessors	successors	
production-1941-vol1-41chapters	1959	HYPHEN	blankgap	0	prop	erty	property	
production-1941-vol1-41chapters	1959	HYPHEN	blankgap	0	satisfac	tory	satisfactory	
production-1941-vol1-41chapters	1982	HYPHEN	blankgap	0	cer	tificate	certificate	
production-1941-vol1-41chapters	1992	HYPHEN	blankgap	0	immedi	ately	immediately	
production-1941-vol1-41chapters	1992	HYPHEN	blankgap	0	undertak	ing	undertaking	
production-1941-vol1-41chapters	1994	HYPHEN	blankgap	0	errone	ously	erroneously	
production-1941-vol1-41chapters	2033	HYPHEN	blankgap	0	dis	trict	district	
production-1941-vol1-41chapters	2033	HYPHEN	blankgap	0	pro	ceedings	proceedings	
production-1941-vol1-41chapters	2048	HYPHEN	blankgap	0	pro	ceeding	proceeding	
production-1941-vol1-41chapters	2048	HYPHEN	blankgap	0	col	lected	collected	
production-1941-vol1-41chapters	2057	HYPHEN	blankgap	0	dis	tribution	distribution	
production-1941-vol1-41chapters	2059	HYPHEN	blankgap	0	inter	ested	interested	
production-1941-vol1-41chapters	2059	HYPHEN	blankgap	0	prop	erty	property	
production-1941-vol1-41chapters	2078	HYPHEN	blankgap	0	secu	rities	securities	
production-1941-vol1-41chapters	2078	HYPHEN	blankgap	0	prin	cipal	principal	
production-1941-vol1-41chapters	2080	HYPHEN	blankgap	0	prop	erty	property	
production-1941-vol1-41chapters	2084	HYPHEN	blankgap	0	incon	sistent	inconsistent	
production-1941-vol1-41chapters	2085	HYPHEN	margin	9	pro	cedure	procedure	viding for a moratorium on forfeitures and preseribing pro
production-1941-vol1-41chapters	2101	HYPHEN	blankgap	0	insti	tutions	institutions	
production-1941-vol1-41chapters	2110	NOHYPHEN	margin	18	medicat	ing	medicating	nursing or ambulance service of the American Red Cross | of persons employcad by school districts in positions requir
production-1941-vol1-41chapters	2167	HYPHEN	margin	10	per	sistent	persistent	formed pursuant to the provisions of this chapter and con
production-1941-vol1-41chapters	2170	HYPHEN	margin	19	com	modity	commodity	moditv covered thereby and by more than forty per cent | of the number of handlers of the ayricultural com
production-1941-vol1-41chapters	2186	HYPHEN	blankgap	0	propo	sition	proposition	
production-1941-vol1-41chapters	2216	HYPHEN	margin	2	dis	tribution	distribution	Fgents oe
production-1941-vol1-41chapters	2223	HYPHEN	blankgap	0	emer	gency	emergency	
production-1941-vol1-41chapters	224	HYPHEN	margin	3	philan	thropic	philanthropic	OVganizats D ae
production-1941-vol1-41chapters	2284	HYPHEN	blankgap	0	prop	erty	property	
production-1941-vol1-41chapters	2302	HYPHEN	margin	14	sub	stitution	substitution	of twenees ject to the provisions of Section of Article XX of the Con
production-1941-vol1-41chapters	2328	HYPHEN	margin	23	com	pensation	compensation	cont hout missioner shall not give allow or promise to give or allow any | authority Conrpensation for procuring new members The term com
production-1941-vol1-41chapters	2339	HYPHEN	margin	20	com	pliance	compliance	plianee with all of the provisions of this chapter other than | Sections and as amended and upon proof of com
production-1941-vol1-41chapters	2345	HYPHEN	blankgap	0	substan	tially	substantially	
production-1941-vol1-41chapters	2349	HYPHEN	margin	10	con	veyor	conveyor	ducting the proceeding which officer shall be the county sur
production-1941-vol1-41chapters	2352	HYPHEN	blankgap	0	acquisi	tion	acquisition	
production-1941-vol1-41chapters	2396	HYPHEN	margin	12	con	structed	constructed	taining an area of not Jess than square feet open and unob
production-1941-vol1-41chapters	2420	HYPHEN	margin	2	chiropo	dist	chiropodist	write ae
production-1941-vol1-41chapters	2422	HYPHEN	blankgap	0	dis	tricts	districts	
production-1941-vol1-41chapters	2429	HYPHEN	blankgap	0	coun	tersignature	countersignature	
production-1941-vol1-41chapters	2446	HYPHEN	blankgap	0	con	victed	convicted	
production-1941-vol1-41chapters	2446	HYPHEN	blankgap	0	magis	trate	magistrate	
production-1941-vol1-41chapters	2491	HYPHEN	blankgap	0	recip	ient	recipient	
production-1941-vol1-41chapters	2496	HYPHEN	blankgap	0	chloro	picrin	chloropicrin	
production-1941-vol1-41chapters	2513	HYPHEN	blankgap	0	con	sultation	consultation	
production-1941-vol1-41chapters	2529	HYPHEN	blankgap	0	pecu	niary	pecuniary	
production-1941-vol1-41chapters	2561	HYPHEN	blankgap	0	comprehen	sive	comprehensive	
production-1941-vol1-41chapters	26	HYPHEN	blankgap	0	prop	erty	property	
production-1941-vol1-41chapters	2633	HYPHEN	blankgap	0	ren	dered	rendered	
production-1941-vol1-41chapters	2633	HYPHEN	blankgap	0	pro	ceeds	proceeds	
production-1941-vol1-41chapters	2637	HYPHEN	blankgap	0	rein	vestigation	reinvestigation	
production-1941-vol1-41chapters	2652	HYPHEN	blankgap	0	com	pensated	compensated	
production-1941-vol1-41chapters	2662	HYPHEN	margin	17	prop	erty	property	erly chargeable to capital account including taxes and other | carrying charges on urimproved and unproductive real prop
production-1941-vol1-41chapters	268	HYPHEN	blankgap	0	agricul	tural	agricultural	
production-1941-vol1-41chapters	27	HYPHEN	blankgap	0	appro	priation	appropriation	
production-1941-vol1-41chapters	2746	HYPHEN	blankgap	0	dis	trict	district	
production-1941-vol1-41chapters	2851	HYPHEN	blankgap	0	con	tinued	continued	
production-1941-vol1-41chapters	2868	HYPHEN	blankgap	0	partici	pating	participating	
production-1941-vol1-41chapters	2872	HYPHEN	blankgap	0	tem	porary	temporary	
production-1941-vol1-41chapters	292	HYPHEN	blankgap	0	minis	terial	ministerial	
production-1941-vol1-41chapters	292	HYPHEN	blankgap	0	delega	tion	delegation	
production-1941-vol1-41chapters	292	HYPHEN	blankgap	0	com	pensation	compensation	
production-1941-vol1-41chapters	292	HYPHEN	blankgap	0	treas	urer	treasurer	
production-1941-vol1-41chapters	292	HYPHEN	blankgap	0	treas	urer	treasurer	
production-1941-vol1-41chapters	292	HYPHEN	blankgap	0	with	drawals	withdrawals	
production-1941-vol1-41chapters	2926	HYPHEN	blankgap	0	accomo	dations	accomodations	
production-1941-vol1-41chapters	299	HYPHEN	margin	10	con	ferred	conferred	troller shall upon order of the State Controller be trans
production-1941-vol1-41chapters	301	HYPHEN	margin	11	con	sidered	considered	ducted on Saturday pursuant to this section shall not be con
production-1941-vol1-41chapters	3021	HYPHEN	blankgap	0	cer	tified	certified	
production-1941-vol1-41chapters	3051	HYPHEN	margin	12	pro	stitution	prostitution	poses to the people of the State uf California that the Con
production-1941-vol1-41chapters	308	HYPHEN	margin	2	manu	factures	manufactures	illegal marks
production-1941-vol1-41chapters	3095	HYPHEN	blankgap	0	admin	istrative	administrative	
production-1941-vol1-41chapters	3117	HYPHEN	blankgap	0	legisla	tive	legislative	
production-1941-vol1-41chapters	3125	HYPHEN	blankgap	0	cen	tennial	centennial	
production-1941-vol1-41chapters	3145	HYPHEN	blankgap	0	legis	lature	legislature	
production-1941-vol1-41chapters	3148	HYPHEN	blankgap	0	adminis	trative	administrative	
production-1941-vol1-41chapters	3151	HYPHEN	blankgap	0	legisla	ture	legislature	
production-1941-vol1-41chapters	3151	HYPHEN	blankgap	0	expendi	tures	expenditures	
production-1941-vol1-41chapters	32	HYPHEN	blankgap	0	emer	gency	emergency	
production-1941-vol1-41chapters	329	HYPHEN	blankgap	0	con	sists	consists	
production-1941-vol1-41chapters	352	HYPHEN	blankgap	0	propo	sition	proposition	
production-1941-vol1-41chapters	358	HYPHEN	margin	2	sub	stantially	substantially	from deport
production-1941-vol1-41chapters	410	HYPHEN	blankgap	0	redemp	tion	redemption	
production-1941-vol1-41chapters	446	HYPHEN	blankgap	0	men	tioned	mentioned	
production-1941-vol1-41chapters	464	HYPHEN	blankgap	0	legis	lative	legislative	
production-1941-vol1-41chapters	469	HYPHEN	blankgap	0	con	tributions	contributions	
production-1941-vol1-41chapters	478	HYPHEN	blankgap	0	superinten	dent	superintendent	
production-1941-vol1-41chapters	484	HYPHEN	margin	1	main	tenance	maintenance	districts
production-1941-vol1-41chapters	565	HYPHEN	blankgap	0	compensa	tion	compensation	
production-1941-vol1-41chapters	569	HYPHEN	blankgap	0	pre	mium	premium	
production-1941-vol1-41chapters	60	HYPHEN	blankgap	0	unin	corporated	unincorporated	
production-1941-vol1-41chapters	606	HYPHEN	margin	21	pro	ceeding	proceeding	posed district a description of its buundaries and a state | ment that the provisions of this part shall govern the pro
production-1941-vol1-41chapters	634	HYPHEN	margin	11	pur	gation	purgation	pose of giving instruction in the science and practice of navi
production-1941-vol1-41chapters	646	HYPHEN	blankgap	0	con	sidered	considered	
production-1941-vol1-41chapters	67	HYPHEN	blankgap	0	here	tofore	heretofore	
production-1941-vol1-41chapters	675	HYPHEN	blankgap	0	impris	onment	imprisonment	
production-1941-vol1-41chapters	684	HYPHEN	blankgap	0	here	tofore	heretofore	
production-1941-vol1-41chapters	704	HYPHEN	blankgap	0	disin	fection	disinfection	
production-1941-vol1-41chapters	704	HYPHEN	blankgap	0	cor	poration	corporation	
production-1941-vol1-41chapters	744	HYPHEN	blankgap	0	commis	sioner	commissioner	
production-1941-vol1-41chapters	75	HYPHEN	blankgap	0	agricul	tural	agricultural	
production-1941-vol1-41chapters	758	HYPHEN	margin	1	compensa	tion	compensation	chapter
production-1941-vol1-41chapters	780	HYPHEN	margin	1	post	poning	postponing	time
production-1941-vol1-41chapters	814	HYPHEN	blankgap	0	imme	diately	immediately	
production-1941-vol1-41chapters	815	HYPHEN	blankgap	0	ventila	tion	ventilation	
production-1941-vol1-41chapters	822	HYPHEN	blankgap	0	disposi	tion	disposition	
production-1941-vol1-41chapters	827	HYPHEN	blankgap	0	comman	dants	commandants	
production-1941-vol1-41chapters	827	HYPHEN	blankgap	0	noncom	missioned	noncommissioned	
production-1941-vol1-41chapters	828	HYPHEN	blankgap	0	noncommis	sioned	noncommissioned	
production-1941-vol1-41chapters	828	HYPHEN	blankgap	0	exam	ination	examination	
production-1941-vol1-41chapters	847	HYPHEN	blankgap	0	unex	pired	unexpired	
production-1941-vol1-41chapters	851	HYPHEN	margin	21	reim	portation	reimportation	burse the district for the total cost exclusive of capital out | lays of educating such person and providing him with trans
production-1941-vol1-41chapters	855	HYPHEN	blankgap	0	legisla	tive	legislative	
production-1941-vol1-41chapters	866	HYPHEN	blankgap	0	supe	rior	superior	
production-1941-vol1-41chapters	894	HYPHEN	blankgap	0	investi	gation	investigation	
production-1941-vol1-41chapters	903	HYPHEN	blankgap	0	pen	alties	penalties	
production-1941-vol1-41chapters	905	HYPHEN	blankgap	0	appro	priation	appropriation	
production-1941-vol1-41chapters	918	HYPHEN	blankgap	0	municipali	ties	municipalities	
production-1941-vol1-41chapters	959	HYPHEN	margin	12	pub	lishing	publishing	lished or posted in the manner prescribed by law for the pub
production-1941-vol1-41chapters	972	HYPHEN	blankgap	0	cor	porations	corporations	
production-1943-vol1-42chapters	10	HYPHEN	blankgap	0	appro	priated	appropriated	
production-1943-vol1-42chapters	3	HYPHEN	blankgap	0	dis	trict	district	
production-1943-vol1-42chapters	5	HYPHEN	blankgap	0	com	munities	communities	
production-1943-vol1-42chapters	50	HYPHEN	blankgap	0	repre	sentatives	representatives	
production-1943-vol1-chapters	1007	HYPHEN	blankgap	0	encum	bered	encumbered	
production-1943-vol1-chapters	1014	HYPHEN	blankgap	0	pro	tagon	protagon	
production-1943-vol1-chapters	1023	HYPHEN	blankgap	0	ber	nardino	bernardino	
production-1943-vol1-chapters	1023	HYPHEN	blankgap	0	sit	uated	situated	
production-1943-vol1-chapters	1037	HYPHEN	blankgap	0	subdivi	sion	subdivision	
production-1943-vol1-chapters	1039	HYPHEN	blankgap	0	dis	trict	district	
production-1943-vol1-chapters	1061	HYPHEN	blankgap	0	con	trary	contrary	
production-1943-vol1-chapters	1074	HYPHEN	blankgap	0	pres	entation	presentation	
production-1943-vol1-chapters	1075	HYPHEN	blankgap	0	con	ditions	conditions	
production-1943-vol1-chapters	1102	HYPHEN	margin	11	cleri	d	clerid	eal work incident to the organization and operation of the | district
production-1943-vol1-chapters	1161	HYPHEN	blankgap	0	satisfac	tion	satisfaction	
production-1943-vol1-chapters	1169	HYPHEN	blankgap	0	immedi	ately	immediately	
production-1943-vol1-chapters	1209	HYPHEN	blankgap	0	imme	diately	immediately	
production-1943-vol1-chapters	1214	HYPHEN	blankgap	0	jus	tices	justices	
production-1943-vol1-chapters	1244	HYPHEN	blankgap	0	distri	bution	distribution	
production-1943-vol1-chapters	1261	HYPHEN	blankgap	0	elimi	nated	eliminated	
production-1943-vol1-chapters	127	HYPHEN	margin	17	prop	erty	property	erly chargeable to capital account including taxes and other | carrying charges on unimproved and unproductive real prop
production-1943-vol1-chapters	1359	HYPHEN	blankgap	0	fidu	ciary	fiduciary	
production-1943-vol1-chapters	1394	HYPHEN	margin	21	sub	sists	subsists	section b to inclusive of this section if it were | not for the fact that the property received in exchange con
production-1943-vol1-chapters	1431	HYPHEN	blankgap	0	elimi	nated	eliminated	
production-1943-vol1-chapters	1431	HYPHEN	blankgap	0	appro	priation	appropriation	
production-1943-vol1-chapters	1445	HYPHEN	blankgap	0	com	puted	computed	
production-1943-vol1-chapters	1445	HYPHEN	blankgap	0	com	puted	computed	
production-1943-vol1-chapters	1445	HYPHEN	blankgap	0	deduc	tions	deductions	
production-1943-vol1-chapters	1445	HYPHEN	blankgap	0	com	puted	computed	
production-1943-vol1-chapters	1474	HYPHEN	blankgap	0	insti	tutions	institutions	
production-1943-vol1-chapters	1482	HYPHEN	margin	24	determina	tion	determination	ion is made that he is eligible but in no event shall the aid | commence prior to the date of application If the investiga
production-1943-vol1-chapters	1506	HYPHEN	blankgap	0	regu	larly	regularly	
production-1943-vol1-chapters	1518	HYPHEN	margin	13	con	formity	conformity	struction of the works and he use of water therefrom is in con
production-1943-vol1-chapters	1564	HYPHEN	margin	1	guar	antee	guarantee	bonds
production-1943-vol1-chapters	1566	HYPHEN	blankgap	0	imme	diately	immediately	
production-1943-vol1-chapters	158	HYPHEN	margin	10	pro	mulgated	promulgated	vided by the internal revenue laws or the regulations ro
production-1943-vol1-chapters	1638	HYPHEN	margin	1	pri	marily	primarily	purposes
production-1943-vol1-chapters	1654	HYPHEN	blankgap	0	matu	rity	maturity	
production-1943-vol1-chapters	1779	NOHYPHEN	margin	20	alternat	a	alternata	chapter shall conform to the provisions of this article if as to | the district all of the following are true
production-1943-vol1-chapters	178	HYPHEN	blankgap	0	adminis	trative	administrative	
production-1943-vol1-chapters	178	HYPHEN	blankgap	0	substan	tially	substantially	
production-1943-vol1-chapters	178	HYPHEN	blankgap	0	admin	istrative	administrative	
production-1943-vol1-chapters	1812	HYPHEN	blankgap	0	pro	ducing	producing	
production-1943-vol1-chapters	1828	HYPHEN	blankgap	0	prop	erty	property	
production-1943-vol1-chapters	1836	HYPHEN	blankgap	0	con	strued	construed	
production-1943-vol1-chapters	1853	HYPHEN	margin	8	transporta	tion	transportation	vehicles to furnish transportation service between the institu
production-1943-vol1-chapters	1864	HYPHEN	margin	9	con	strued	construed	sumer provided however that nothing herein shall be con
production-1943-vol1-chapters	1897	HYPHEN	blankgap	0	incom	petent	incompetent	
production-1943-vol1-chapters	1897	HYPHEN	blankgap	0	practi	tioner	practitioner	
production-1943-vol1-chapters	1923	HYPHEN	margin	18	pub	lications	publications	lic libraries and to other State departments and State officers | The department may exchange copies with contemporary pub
production-1943-vol1-chapters	1935	HYPHEN	blankgap	0	sev	enteenth	seventeenth	
production-1943-vol1-chapters	1951	HYPHEN	blankgap	0	munici	pal	municipal	
production-1943-vol1-chapters	197	HYPHEN	blankgap	0	unde	sirable	undesirable	
production-1943-vol1-chapters	1979	HYPHEN	blankgap	0	imme	diate	immediate	
production-1943-vol1-chapters	199	HYPHEN	blankgap	0	appro	priation	appropriation	
production-1943-vol1-chapters	2005	HYPHEN	blankgap	0	expendi	tures	expenditures	
production-1943-vol1-chapters	2119	HYPHEN	blankgap	0	eradica	tion	eradication	
production-1943-vol1-chapters	2122	HYPHEN	blankgap	0	stabili	zation	stabilization	
production-1943-vol1-chapters	2145	HYPHEN	blankgap	0	effec	tuate	effectuate	
production-1943-vol1-chapters	2146	HYPHEN	blankgap	0	pro	cedure	procedure	
production-1943-vol1-chapters	2189	HYPHEN	blankgap	0	con	solidating	consolidating	
production-1943-vol1-chapters	2190	HYPHEN	blankgap	0	trans	feree	transferee	
production-1943-vol1-chapters	220	NOHYPHEN	blankgap	0	superin	tendents	superintendents	
production-1943-vol1-chapters	220	HYPHEN	margin	10	superin	tendents	superintendents	tencent of schools and such deputy or assistant city superin
production-1943-vol1-chapters	2251	NOHYPHEN	margin	15	dend	a	denda	tribution made by a corporation to its shareholders whether | in money or in other property
production-1943-vol1-chapters	2305	HYPHEN	margin	21	deter	mination	determination	specified in the jeopardy determination is not paid within fat | days after service upon the operator of notice of the deter
production-1943-vol1-chapters	2309	HYPHEN	blankgap	0	individ	ually	individually	
production-1943-vol1-chapters	2363	HYPHEN	blankgap	0	prop	erty	property	
production-1943-vol1-chapters	2363	HYPHEN	blankgap	0	par	ticipate	participate	
production-1943-vol1-chapters	2422	HYPHEN	blankgap	0	redemp	tion	redemption	
production-1943-vol1-chapters	2471	HYPHEN	blankgap	0	incom	petent	incompetent	
production-1943-vol1-chapters	2568	HYPHEN	blankgap	0	fur	therance	furtherance	
production-1943-vol1-chapters	26	HYPHEN	margin	19	trans	ferred	transferred	axerty ferred by a present decedent to any person described in | subdivision of Section where such property was trans
production-1943-vol1-chapters	2606	HYPHEN	blankgap	0	hus	bandry	husbandry	
production-1943-vol1-chapters	2617	HYPHEN	blankgap	0	prop	erty	property	
production-1943-vol1-chapters	2617	HYPHEN	blankgap	0	examina	tion	examination	
production-1943-vol1-chapters	2628	HYPHEN	blankgap	0	main	tenance	maintenance	
production-1943-vol1-chapters	2645	HYPHEN	blankgap	0	appro	priate	appropriate	
production-1943-vol1-chapters	2695	HYPHEN	blankgap	0	destruc	tion	destruction	
production-1943-vol1-chapters	2696	HYPHEN	blankgap	0	notwith	standing	notwithstanding	
production-1943-vol1-chapters	2697	HYPHEN	blankgap	0	munic	ipal	municipal	
production-1943-vol1-chapters	2746	HYPHEN	blankgap	0	disposi	tion	disposition	
production-1943-vol1-chapters	2751	HYPHEN	blankgap	0	condemna	tion	condemnation	
production-1943-vol1-chapters	278	HYPHEN	blankgap	0	dis	trict	district	
production-1943-vol1-chapters	2798	HYPHEN	blankgap	0	appren	ticeship	apprenticeship	
production-1943-vol1-chapters	2833	HYPHEN	blankgap	0	inter	ested	interested	
production-1943-vol1-chapters	2866	HYPHEN	blankgap	0	dis	trict	district	
production-1943-vol1-chapters	2869	NOHYPHEN	blankgap	0	compensat	ing	compensating	
production-1943-vol1-chapters	289	HYPHEN	margin	12	peti	tioning	petitioning	tion or if there are two or more high school districts peti
production-1943-vol1-chapters	2924	HYPHEN	blankgap	0	stabili	zation	stabilization	
production-1943-vol1-chapters	2978	HYPHEN	blankgap	0	legisla	ture	legislature	
production-1943-vol1-chapters	3052	HYPHEN	blankgap	0	adver	tised	advertised	
production-1943-vol1-chapters	3056	HYPHEN	blankgap	0	here	inbefore	hereinbefore	
production-1943-vol1-chapters	3056	HYPHEN	blankgap	0	legisla	ture	legislature	
production-1943-vol1-chapters	3056	HYPHEN	blankgap	0	sep	tember	september	
production-1943-vol1-chapters	3069	HYPHEN	blankgap	0	unappro	priated	unappropriated	
production-1943-vol1-chapters	3134	HYPHEN	blankgap	0	legis	lature	legislature	
production-1943-vol1-chapters	3157	HYPHEN	blankgap	0	con	gressional	congressional	
production-1943-vol1-chapters	3158	HYPHEN	blankgap	0	sec	retary	secretary	
production-1943-vol1-chapters	3213	HYPHEN	margin	23	sec	urer	securer	tion a sum equal to five per cent of such monthly install | ment which sum so deducted shall be retained by the Treas
production-1943-vol1-chapters	326	HYPHEN	blankgap	0	dis	trict	district	
production-1943-vol1-chapters	3267	HYPHEN	blankgap	0	hos	tilities	hostilities	
production-1943-vol1-chapters	400	HYPHEN	margin	21	pro	fessional	professional	ivuic mote and direct special instruction in the pub ie schools for | schools physically handicapped minors He may employ svch ro
production-1943-vol1-chapters	448	HYPHEN	blankgap	0	qualifica	tions	qualifications	
production-1943-vol1-chapters	500	HYPHEN	blankgap	0	deduc	tions	deductions	
production-1943-vol1-chapters	516	HYPHEN	blankgap	0	dis	tricts	districts	
production-1943-vol1-chapters	530	HYPHEN	blankgap	0	con	sisting	consisting	
production-1943-vol1-chapters	608	HYPHEN	blankgap	0	main	tenance	maintenance	
production-1943-vol1-chapters	611	HYPHEN	margin	1	reim	bursed	reimbursed	Actions
production-1943-vol1-chapters	631	HYPHEN	blankgap	0	compensa	tion	compensation	
production-1943-vol1-chapters	652	HYPHEN	blankgap	0	sec	retary	secretary	
production-1943-vol1-chapters	662	HYPHEN	margin	11	con	strued	construed	dition | Construction The provisions of this article shall be liberally con
production-1943-vol1-chapters	716	HYPHEN	blankgap	0	dis	trict	district	
production-1943-vol1-chapters	719	NOHYPHEN	margin	21	serice	a	sericea	State civil service after said person has been employed by emnjosce | the State college for not less than one calendar year
production-1943-vol1-chapters	723	NOHYPHEN	margin	20	compensa	tion	compensation	Subject to the powers of the State Personnel Board and the | Director of Finance the commissioner shal fix the compensa
production-1943-vol1-chapters	816	HYPHEN	blankgap	0	men	tioned	mentioned	
production-1943-vol1-chapters	855	HYPHEN	margin	10	pro	cedure	procedure	visions of Sections and of the Code of Civil Pro
production-1943-vol1-chapters	866	HYPHEN	blankgap	0	prop	erty	property	
production-1943-vol1-chapters	886	HYPHEN	margin	1	intergovern	mental	intergovernmental	commission
production-1943-vol1-chapters	92	HYPHEN	margin	17	prop	erty	property	erly chargeable to capital account including taxes and other | carrying charges on unimproved and unproductive real prop
production-1943-vol1-chapters	964	HYPHEN	blankgap	0	ren	dered	rendered	
production-1943-vol1-chapters	965	HYPHEN	blankgap	0	per	sonnel	personnel	
production-1943-vol1-chapters	974	HYPHEN	blankgap	0	dis	tricts	districts	
production-1943-vol1-chapters	99	HYPHEN	margin	19	deter	mination	determination	mine the same and thereafter shall forthwith notifv the tax | payer and the commissioner of its determination Such deter
production-1945-vol1-chapters	1005	NOHYPHEN	blankgap	0	substi	tute	substitute	
production-1945-vol1-chapters	1060	HYPHEN	margin	8	appor	tionment	apportionment	altendance Pp ely reco a Dp purp Pp
production-1945-vol1-chapters	1283	HYPHEN	margin	23	con	sidered	considered	tract are paid within a period of four years from the date on | which such contract is purchased such contract shall be con
production-1945-vol1-chapters	1435	HYPHEN	blankgap	0	discon	tinue	discontinue	
production-1945-vol1-chapters	1459	HYPHEN	blankgap	0	pre	cincts	precincts	
production-1945-vol1-chapters	1506	HYPHEN	blankgap	0	recog	nized	recognized	
production-1945-vol1-chapters	1520	HYPHEN	blankgap	0	determina	tion	determination	
production-1945-vol1-chapters	1525	HYPHEN	blankgap	0	edu	cational	educational	
production-1945-vol1-chapters	1577	HYPHEN	blankgap	0	pub	lication	publication	
production-1945-vol1-chapters	1591	HYPHEN	blankgap	0	pro	ducer	producer	
production-1945-vol1-chapters	1614	HYPHEN	blankgap	0	asso	ciation	association	
production-1945-vol1-chapters	1614	HYPHEN	blankgap	0	sim	ilarity	similarity	
production-1945-vol1-chapters	1631	HYPHEN	blankgap	0	prescrib	ing	prescribing	
production-1945-vol1-chapters	1682	HYPHEN	margin	25	prop	erty	property	property erty unless a notice is recorded in the county in which the | property is situated to the effect that an interest in the prop
production-1945-vol1-chapters	1699	HYPHEN	blankgap	0	oppor	tunities	opportunities	
production-1945-vol1-chapters	1720	HYPHEN	margin	11	deposi	tion	deposition	tarv is so appoimtec the authority shall provide for the collec
production-1945-vol1-chapters	1731	HYPHEN	blankgap	0	dis	trict	district	
production-1945-vol1-chapters	1733	HYPHEN	blankgap	0	priv	ileges	privileges	
production-1945-vol1-chapters	1739	HYPHEN	blankgap	0	dis	trict	district	
production-1945-vol1-chapters	1765	HYPHEN	blankgap	0	mis	sioner	missioner	
production-1945-vol1-chapters	1878	HYPHEN	blankgap	0	dis	tricts	districts	
production-1945-vol1-chapters	1964	HYPHEN	margin	24	with	drawal	withdrawal	draw or before the matuvity of a notice of inten ion to withdraw | and recardless of the nonpayment of any or ail matured with
production-1945-vol1-chapters	1993	HYPHEN	blankgap	0	feb	ruary	february	
production-1945-vol1-chapters	1996	HYPHEN	blankgap	0	con	sisting	consisting	
production-1945-vol1-chapters	2004	HYPHEN	margin	23	pro	ducer	producer	duction of manufacturing milk shall be entitled to nominate a | nominee for each membership on the board to be filled by a pro
production-1945-vol1-chapters	2042	HYPHEN	margin	23	con	tamination	contamination	tainer at the place of production as to fully protect the freshness | and wholesomeness of the product and to protect it from con
production-1945-vol1-chapters	2051	HYPHEN	margin	22	pro	fessions	professions	vided in this section shall be added to and become a part the | amount available under Section of the Business and Pro
production-1945-vol1-chapters	2071	NOHYPHEN	margin	18	serice	a	sericea	member retiring at or over age is an annual pension equal Pension | to the sum of the following
production-1945-vol1-chapters	2108	HYPHEN	margin	2	estab	lishment	establishment	accounts ve
production-1945-vol1-chapters	212	HYPHEN	margin	11	commis	sioner	commissioner	ueune sioner shall issue a certificate showing the qualifications of any
production-1945-vol1-chapters	2132	HYPHEN	blankgap	0	inser	tions	insertions	
production-1945-vol1-chapters	2213	HYPHEN	blankgap	0	appropria	tion	appropriation	
production-1945-vol1-chapters	2278	HYPHEN	margin	12	reim	portation	reimportation	burse the county the full amount of the cost of such trans
production-1945-vol1-chapters	2281	HYPHEN	blankgap	0	jurisdic	tion	jurisdiction	
production-1945-vol1-chapters	2312	HYPHEN	blankgap	0	classifi	cation	classification	
production-1945-vol1-chapters	2331	HYPHEN	margin	21	con	tainers	containers	tainer of such distilled spirits bears a labe plainly indicating | the quantity and proof strength of the contents of such con
production-1945-vol1-chapters	2371	HYPHEN	blankgap	0	prop	erty	property	
production-1945-vol1-chapters	2379	HYPHEN	blankgap	0	par	ticular	particular	
production-1945-vol1-chapters	2459	HYPHEN	blankgap	0	urg	ency	urgency	
production-1945-vol1-chapters	2504	HYPHEN	margin	2	edu	cational	educational	campaigns ee
production-1945-vol1-chapters	264	HYPHEN	blankgap	0	compen	sation	compensation	
production-1945-vol1-chapters	2671	HYPHEN	margin	22	sen	ators	senators	ator and Member of the House of Reoresentatives from Cali | fornia in tue Congress of the United States and that the Sen
production-1945-vol1-chapters	2726	HYPHEN	blankgap	0	pro	bation	probation	
production-1945-vol1-chapters	2726	HYPHEN	blankgap	0	sur	veyor	surveyor	
production-1945-vol1-chapters	2726	HYPHEN	blankgap	0	superin	tendent	superintendent	
production-1945-vol1-chapters	274	HYPHEN	margin	2	mem	bership	membership	teachers Ae
production-1945-vol1-chapters	2749	HYPHEN	blankgap	0	munic	ipal	municipal	
production-1945-vol1-chapters	2777	HYPHEN	margin	23	pro	stitution	prostitution	visions of a free holders charter adopted in accordance with and | by virtue of the provisiors of Article XI Section of the Con
production-1945-vol1-chapters	2832	HYPHEN	margin	18	dis	tribution	distribution	semination of current data that would provide public agencies | with information concerning the best timing sequence an dis
production-1945-vol1-chapters	343	HYPHEN	blankgap	0	pro	ceedings	proceedings	
production-1945-vol1-chapters	390	NOHYPHEN	blankgap	0	mutualiza	tion	mutualization	
production-1945-vol1-chapters	396	HYPHEN	blankgap	0	pro	cedure	procedure	
production-1945-vol1-chapters	404	NOHYPHEN	blankgap	0	rict	or	rictor	
production-1945-vol1-chapters	45	HYPHEN	blankgap	0	obliga	tions	obligations	
production-1945-vol1-chapters	515	HYPHEN	blankgap	0	agricul	tural	agricultural	
production-1945-vol1-chapters	515	HYPHEN	blankgap	0	ingre	dients	ingredients	
production-1945-vol1-chapters	590	NOHYPHEN	margin	21	reag	or	reagor	Lassen In counties of the fortieth class the following shall | Malaries receive as compensation for services required of them by aw
production-1945-vol1-chapters	622	HYPHEN	margin	19	com	pensation	compensation	missioner the actual cost of such examination investigation or | services including the actual amount of salary or other com
production-1945-vol1-chapters	632	HYPHEN	margin	2	equaliza	tion	equalization	of Equaliza
production-1945-vol1-chapters	632	NOHYPHEN	blankgap	0	equaliza	tion	equalization	
production-1945-vol1-chapters	635	HYPHEN	blankgap	0	cor	poration	corporation	
production-1945-vol1-chapters	676	HYPHEN	margin	2	nui	sance	nuisance	e Tess
production-1945-vol1-chapters	717	HYPHEN	blankgap	0	agricul	tural	agricultural	
production-1945-vol1-chapters	717	HYPHEN	blankgap	0	imme	diately	immediately	
production-1945-vol1-chapters	727	HYPHEN	blankgap	0	com	modity	commodity	
production-1945-vol1-chapters	734	HYPHEN	margin	22	adver	tising	advertising	iiectong tiSing or sales promotion provided for in paragraphs a and | assessments b hereof if the marketing order contains provisions for adver
production-1945-vol1-chapters	756	NOHYPHEN	margin	10	reag	or	reagor	Revocatio Upon revocaticn or cancellation of the license of the
production-1945-vol1-chapters	770	HYPHEN	blankgap	0	munic	ipal	municipal	
production-1945-vol1-chapters	776	HYPHEN	blankgap	0	authoriza	tion	authorization	
production-1945-vol1-chapters	790	HYPHEN	margin	20	pre	viously	previously	scribed the appeals board shall review the assessment and if | requested by the petitioner shall unless a hearing has pre
production-1945-vol1-chapters	795	HYPHEN	blankgap	0	pen	alties	penalties	
production-1945-vol1-chapters	82	HYPHEN	blankgap	0	transporta	tion	transportation	
production-1945-vol1-chapters	875	HYPHEN	blankgap	0	prop	erty	property	
production-1945-vol1-chapters	936	HYPHEN	margin	7	con	cordance	concordance	tracts and Rights of Way in ac
production-1945-vol1-chapters	941	HYPHEN	blankgap	0	prop	erty	property	
production-1945-vol1-chapters	941	HYPHEN	blankgap	0	acqui	sition	acquisition	
production-1947-vol1-46chapters	105	HYPHEN	blankgap	0	deter	mination	determination	
production-1947-vol1-46chapters	105	HYPHEN	blankgap	0	requisi	tioned	requisitioned	
production-1947-vol1-46chapters	114	HYPHEN	blankgap	0	insti	tutions	institutions	
production-1947-vol1-46chapters	168	HYPHEN	blankgap	0	appropria	tion	appropriation	
production-1947-vol1-46chapters	179	HYPHEN	blankgap	0	reallo	cate	reallocate	
production-1947-vol1-46chapters	205	HYPHEN	blankgap	0	here	inabove	hereinabove	
production-1947-vol1-46chapters	26	HYPHEN	blankgap	0	submis	sion	submission	
production-1947-vol1-46chapters	302	HYPHEN	margin	1	legis	lature	legislature	commitlee
production-1947-vol1-46chapters	331	HYPHEN	margin	22	pur	gation	purgation	ported to be formed particularly imeluding any failure to | comply with any or all of the provisions of the District Investi stats
production-1947-vol1-46chapters	345	HYPHEN	blankgap	0	adver	tised	advertised	
production-1947-vol1-46chapters	38	NOHYPHEN	margin	10	therem	in	theremin	and providing for contributions by members and by the State
production-1947-vol1-46chapters	384	HYPHEN	blankgap	0	requi	sitions	requisitions	
production-1947-vol1-46chapters	387	HYPHEN	margin	14	treas	urer	treasurer	treasurer yrer shall be the chief executive of the office of the City Treas
production-1947-vol1-46chapters	450	HYPHEN	blankgap	0	examina	tions	examinations	
production-1947-vol1-46chapters	454	HYPHEN	blankgap	0	mem	bership	membership	
production-1947-vol1-46chapters	455	HYPHEN	blankgap	0	preferen	tial	preferential	
production-1947-vol1-46chapters	76	HYPHEN	blankgap	0	detri	mental	detrimental	
production-1947-vol1-46chapters	76	HYPHEN	blankgap	0	incom	bustible	incombustible	
production-1947-vol1-46chapters	76	HYPHEN	blankgap	0	com	pliance	compliance	
production-1947-vol1-46chapters	91	HYPHEN	blankgap	0	expen	ditures	expenditures	
production-1947-vol1-46chapters	91	HYPHEN	blankgap	0	expendi	ture	expenditure	
production-1947-vol1-chapters	104	HYPHEN	margin	8	con	cepting	concepting	drposal struction enlargement operation and maintenance of inter
production-1947-vol1-chapters	1053	HYPHEN	margin	25	reappor	tion	reapportion	ment book of the district of any parcel of land in an improve assesament | ment district the board upon its own initiative or upon peti
production-1947-vol1-chapters	1130	HYPHEN	blankgap	0	com	municable	communicable	
production-1947-vol1-chapters	1155	HYPHEN	blankgap	0	con	nection	connection	
production-1947-vol1-chapters	12	HYPHEN	blankgap	0	imme	diately	immediately	
production-1947-vol1-chapters	1200	HYPHEN	margin	23	redemp	tion	redemption	veut tion shall have been duly given and if on or before the date | fixed for such redemption funds necessary for such redemp
production-1947-vol1-chapters	1265	HYPHEN	blankgap	0	dis	trict	district	
production-1947-vol1-chapters	1265	HYPHEN	blankgap	0	man	agement	management	
production-1947-vol1-chapters	1267	HYPHEN	blankgap	0	prop	erty	property	
production-1947-vol1-chapters	128	HYPHEN	margin	12	indebt	edness	indebtedness	noebtedness edness and may issue bonds or other evidences of such indebt
production-1947-vol1-chapters	1293	HYPHEN	blankgap	0	trans	portation	transportation	
production-1947-vol1-chapters	1302	HYPHEN	blankgap	0	imme	diately	immediately	
production-1947-vol1-chapters	1375	HYPHEN	blankgap	0	examina	tion	examination	
production-1947-vol1-chapters	1408	HYPHEN	blankgap	0	cer	tificate	certificate	
production-1947-vol1-chapters	1412	HYPHEN	margin	12	engi	neers	engineers	engineer neer shall be a civil engineer registered under the Civil Engi
production-1947-vol1-chapters	1412	HYPHEN	blankgap	0	engi	neers	engineers	
production-1947-vol1-chapters	1421	HYPHEN	blankgap	0	incorpora	tion	incorporation	
production-1947-vol1-chapters	1473	HYPHEN	blankgap	0	incin	erators	incinerators	
production-1947-vol1-chapters	1482	HYPHEN	margin	2	cor	poration	corporation	State ete
production-1947-vol1-chapters	1509	HYPHEN	blankgap	0	reorganiza	tion	reorganization	
production-1947-vol1-chapters	1509	NOHYPHEN	margin	12	discontinu	or	discontinuor	within the State during any taxable year and does not dissolve busines
production-1947-vol1-chapters	151	HYPHEN	blankgap	0	dis	trict	district	
production-1947-vol1-chapters	151	HYPHEN	blankgap	0	dis	trict	district	
production-1947-vol1-chapters	1605	NOHYPHEN	margin	13	structura	tion	structuration	as used in this chapter are synonymous It is the identifica trol and
production-1947-vol1-chapters	1618	HYPHEN	blankgap	0	terri	torial	territorial	
production-1947-vol1-chapters	1724	HYPHEN	margin	19	con	stitute	constitute	veyanee or boarding house or public or private hospital asylum | or eleemosynary or penal institution any oleomargarine or sub
production-1947-vol1-chapters	1761	HYPHEN	blankgap	0	pro	hibiting	prohibiting	
production-1947-vol1-chapters	1794	HYPHEN	blankgap	0	sepa	rately	separately	
production-1947-vol1-chapters	1847	HYPHEN	blankgap	0	prin	cipal	principal	
production-1947-vol1-chapters	185	HYPHEN	blankgap	0	pre	mium	premium	
production-1947-vol1-chapters	1853	HYPHEN	blankgap	0	secu	rities	securities	
production-1947-vol1-chapters	189	HYPHEN	blankgap	0	com	mandants	commandants	
production-1947-vol1-chapters	189	HYPHEN	blankgap	0	acad	emies	academies	
production-1947-vol1-chapters	1902	HYPHEN	margin	9	cor	poration	corporation	dated cor porations are merged and the consolidated corporation
production-1947-vol1-chapters	1925	HYPHEN	margin	22	pur	gations	purgations	pose of winding up its affairs prosecuting and defending actions | by or against it and enabling it to collect and discharge obli
production-1947-vol1-chapters	1946	HYPHEN	blankgap	0	re	quired	required	
production-1947-vol1-chapters	195	HYPHEN	blankgap	0	imme	diately	immediately	
production-1947-vol1-chapters	1974	HYPHEN	margin	2	con	tiguous	contiguous	of district
production-1947-vol1-chapters	2013	HYPHEN	blankgap	0	pro	fessions	professions	
production-1947-vol1-chapters	2048	HYPHEN	margin	2	indicat	ing	indicating	ecordution ot
production-1947-vol1-chapters	2063	HYPHEN	blankgap	0	con	signment	consignment	
production-1947-vol1-chapters	2075	HYPHEN	margin	9	con	strued	construed	sumer provided however that nothing herein shall be con
production-1947-vol1-chapters	2121	NOHYPHEN	blankgap	0	beher	a	behera	
production-1947-vol1-chapters	2153	HYPHEN	margin	12	con	viction	conviction	duet within the meaning of this chapter The record of thu con
production-1947-vol1-chapters	2177	HYPHEN	blankgap	0	his	torical	historical	
production-1947-vol1-chapters	2260	HYPHEN	margin	1	con	stitute	constitute	offense
production-1947-vol1-chapters	2310	HYPHEN	margin	2	com	pletes	completes	license soe
production-1947-vol1-chapters	2359	HYPHEN	blankgap	0	imme	diately	immediately	
production-1947-vol1-chapters	2366	HYPHEN	blankgap	0	cer	tificates	certificates	
production-1947-vol1-chapters	2376	HYPHEN	blankgap	0	pro	fessions	professions	
production-1947-vol1-chapters	2404	HYPHEN	blankgap	0	pro	cedure	procedure	
production-1947-vol1-chapters	2421	HYPHEN	blankgap	0	mis	cellaneous	miscellaneous	
production-1947-vol1-chapters	2426	HYPHEN	blankgap	0	dis	trict	district	
production-1947-vol1-chapters	2452	HYPHEN	margin	2	com	pensation	compensation	tion A
production-1947-vol1-chapters	2453	HYPHEN	blankgap	0	incon	sistent	inconsistent	
production-1947-vol1-chapters	2463	HYPHEN	blankgap	0	subdi	vision	subdivision	
production-1947-vol1-chapters	2483	HYPHEN	blankgap	0	intersec	tion	intersection	
production-1947-vol1-chapters	2485	HYPHEN	blankgap	0	gov	ernor	governor	
production-1947-vol1-chapters	250	HYPHEN	margin	23	prop	erty	property	me meee arty for any of the purposes of this chapter any toll bridge | or other toll highway crossing real property personal prop
production-1947-vol1-chapters	250	HYPHEN	margin	19	prop	erty	property	alee erty for any of the purposes of this chapter anv transporta | tion facilities additional transportation facilities real prop
production-1947-vol1-chapters	2530	HYPHEN	blankgap	0	con	sidered	considered	
production-1947-vol1-chapters	2566	HYPHEN	margin	12	pro	ceeding	proceeding	visions of this chapter shall not be disclosed except in a pro
production-1947-vol1-chapters	2571	HYPHEN	blankgap	0	pro	fessions	professions	
production-1947-vol1-chapters	2574	HYPHEN	margin	10	engi	neering	engineering	mestaon weer in the branches of chemical engineering electrical engi
production-1947-vol1-chapters	2577	HYPHEN	blankgap	0	rev	enue	revenue	
production-1947-vol1-chapters	2599	HYPHEN	blankgap	0	hos	pitals	hospitals	
production-1947-vol1-chapters	2599	HYPHEN	blankgap	0	sub	jecting	subjecting	
production-1947-vol1-chapters	2636	HYPHEN	margin	20	sub	sisting	subsisting	SanFraneiseo Sequently provided the territory under the San Francisco | World Trade Center Authority shall be limited to an area con
production-1947-vol1-chapters	2665	HYPHEN	blankgap	0	dis	tricts	districts	
production-1947-vol1-chapters	267	HYPHEN	blankgap	0	imme	diately	immediately	
production-1947-vol1-chapters	2679	HYPHEN	blankgap	0	appropria	tion	appropriation	
production-1947-vol1-chapters	2679	HYPHEN	blankgap	0	main	tenance	maintenance	
production-1947-vol1-chapters	2679	HYPHEN	blankgap	0	main	tenance	maintenance	
production-1947-vol1-chapters	2698	HYPHEN	blankgap	0	appropria	tion	appropriation	
production-1947-vol1-chapters	2755	HYPHEN	blankgap	0	asso	ciations	associations	
production-1947-vol1-chapters	2805	HYPHEN	margin	11	pre	ferred	preferred	seribed by rules of the civil service commission shall be pre
production-1947-vol1-chapters	2852	HYPHEN	blankgap	0	prac	ticable	practicable	
production-1947-vol1-chapters	2960	HYPHEN	blankgap	0	contin	uance	continuance	
production-1947-vol1-chapters	2974	HYPHEN	blankgap	0	inflam	mable	inflammable	
production-1947-vol1-chapters	3000	HYPHEN	blankgap	0	hos	pitals	hospitals	
production-1947-vol1-chapters	3000	HYPHEN	blankgap	0	engi	neering	engineering	
production-1947-vol1-chapters	3012	HYPHEN	blankgap	0	ren	dered	rendered	
production-1947-vol1-chapters	3129	HYPHEN	blankgap	0	men	tioned	mentioned	
production-1947-vol1-chapters	3213	HYPHEN	blankgap	0	proposi	tion	proposition	
production-1947-vol1-chapters	3226	HYPHEN	blankgap	0	pro	ceedings	proceedings	
production-1947-vol1-chapters	3266	HYPHEN	blankgap	0	reim	bursement	reimbursement	
production-1947-vol1-chapters	3272	HYPHEN	margin	21	con	stitutional	constitutional	vention and finally by the people at the General Election of | when they endorsed such a revision and ordered a Con
production-1947-vol1-chapters	336	HYPHEN	blankgap	0	pro	cedure	procedure	
production-1947-vol1-chapters	364	HYPHEN	blankgap	0	sub	stitutive	substitutive	
production-1947-vol1-chapters	374	HYPHEN	blankgap	0	dis	trict	district	
production-1947-vol1-chapters	376	HYPHEN	margin	12	dis	trict	district	aspest posal purposes may be created within the boundaries of a dis
production-1947-vol1-chapters	381	HYPHEN	blankgap	0	examina	tions	examinations	
production-1947-vol1-chapters	383	HYPHEN	blankgap	0	vet	erans	veterans	
production-1947-vol1-chapters	399	HYPHEN	blankgap	0	prop	erty	property	
production-1947-vol1-chapters	399	HYPHEN	blankgap	0	me	diately	mediately	
production-1947-vol1-chapters	422	HYPHEN	blankgap	0	imme	diately	immediately	
production-1947-vol1-chapters	435	HYPHEN	blankgap	0	dis	tricts	districts	
production-1947-vol1-chapters	445	HYPHEN	blankgap	0	con	veyances	conveyances	
production-1947-vol1-chapters	554	HYPHEN	margin	9	con	veyance	conveyance	ve sideration therefor execute acknowledge and deliver the con
production-1947-vol1-chapters	557	HYPHEN	blankgap	0	appro	priations	appropriations	
production-1947-vol1-chapters	7	HYPHEN	blankgap	0	prop	erty	property	
production-1947-vol1-chapters	704	HYPHEN	blankgap	0	transporta	tion	transportation	
production-1947-vol1-chapters	722	HYPHEN	margin	21	com	pensation	compensation	pile an annual statistical report he shall receive one hundred | fifty dollars from the general fund of the county as cora
production-1947-vol1-chapters	796	HYPHEN	margin	1	tem	porary	temporary	service
production-1947-vol1-chapters	797	HYPHEN	margin	8	deter	mination	determination	mine pursuant to Sections and Until such deter
production-1947-vol1-chapters	819	HYPHEN	blankgap	0	con	tributions	contributions	
production-1947-vol1-chapters	832	HYPHEN	blankgap	0	com	pensation	compensation	
production-1947-vol1-chapters	873	HYPHEN	blankgap	0	renum	bered	renumbered	
production-1947-vol1-chapters	877	HYPHEN	blankgap	0	imme	diately	immediately	
production-1947-vol1-chapters	88	HYPHEN	blankgap	0	con	nection	connection	
production-1947-vol1-chapters	89	HYPHEN	blankgap	0	vet	erans	veterans	
production-1947-vol1-chapters	944	HYPHEN	blankgap	0	here	tofore	heretofore	
production-1947-vol1-chapters	944	HYPHEN	blankgap	0	prop	erty	property	
production-1947-vol1-chapters	944	HYPHEN	blankgap	0	pre	miums	premiums	
production-1947-vol1-chapters	944	HYPHEN	blankgap	0	pre	miums	premiums	
production-1947-vol1-chapters	962	HYPHEN	blankgap	0	appro	priated	appropriated	
production-1947-vol1-chapters	962	HYPHEN	blankgap	0	con	formity	conformity	
production-1947-vol1-chapters	979	HYPHEN	blankgap	0	prop	erty	property	
production-1947-vol1-chapters	986	HYPHEN	margin	2	acqui	sition	acquisition	ment sae
production-1948-vol1-chapters	113	HYPHEN	blankgap	0	expendi	tures	expenditures	
production-1948-vol1-chapters	113	HYPHEN	blankgap	0	solicita	tion	solicitation	
production-1948-vol1-chapters	113	HYPHEN	blankgap	0	commis	sioners	commissioners	
production-1948-vol1-chapters	113	HYPHEN	blankgap	0	commis	sioners	commissioners	
production-1948-vol1-chapters	269	HYPHEN	blankgap	0	regu	larly	regularly	
production-1948-vol1-chapters	30	HYPHEN	margin	12	main	tainers	maintainers	tained and does desire that such citrus fruit if packed in con
production-1948-vol1-chapters	330	HYPHEN	margin	9	posi	bilities	posibilities	tions according to similarity of authority duties and responsi
production-1948-vol1-chapters	53	HYPHEN	blankgap	0	prop	erty	property	
production-1948-vol1-chapters	53	HYPHEN	blankgap	0	legis	lative	legislative	
production-1948-vol1-chapters	53	HYPHEN	blankgap	0	prop	erty	property	
production-1948-vol1-chapters	62	HYPHEN	margin	13	pro	priation	propriation	vision are hereby defined as contingencies for | which no appropriation or insufficient appro
production-1949-vol1-49chapters-prior	112	HYPHEN	blankgap	0	impris	onment	imprisonment	
production-1949-vol1-49chapters-prior	12	HYPHEN	blankgap	0	vet	erans	veterans	
production-1949-vol1-49chapters-prior	148	HYPHEN	blankgap	0	munic	ipal	municipal	
production-1949-vol1-49chapters-prior	166	HYPHEN	blankgap	0	physi	cians	physicians	
production-1949-vol1-49chapters-prior	233	HYPHEN	blankgap	0	pres	ervation	preservation	
production-1949-vol1-49chapters-prior	45	HYPHEN	margin	19	special	izations	specializations	ized services which are peculiar to the municipal service and not | duplicated elsewhere in private or other governmental organ
production-1949-vol1-49chapters-prior	6	HYPHEN	blankgap	0	legisla	ture	legislature	
production-1949-vol1-49chapters-prior	6	HYPHEN	blankgap	0	legisla	ture	legislature	
production-1949-vol1-49chapters-prior	92	HYPHEN	blankgap	0	here	inafter	hereinafter	
production-1949-vol1-chapters	1006	HYPHEN	blankgap	0	deprecia	tion	depreciation	
production-1949-vol1-chapters	1061	HYPHEN	blankgap	0	par	doned	pardoned	
production-1949-vol1-chapters	1070	HYPHEN	blankgap	0	con	stituting	constituting	
production-1949-vol1-chapters	1075	HYPHEN	blankgap	0	can	neries	canneries	
production-1949-vol1-chapters	109	HYPHEN	margin	21	pub	erty	puberty	not sufficient for its administration conduct or improvement jy | the board of supervisors shall levy a special tax upon all prop
production-1949-vol1-chapters	1095	HYPHEN	blankgap	0	pro	ceedings	proceedings	
production-1949-vol1-chapters	1100	HYPHEN	blankgap	0	kin	dergarten	kindergarten	
production-1949-vol1-chapters	1104	HYPHEN	blankgap	0	compensa	tion	compensation	
production-1949-vol1-chapters	1128	HYPHEN	blankgap	0	sep	arate	separate	
production-1949-vol1-chapters	1137	HYPHEN	margin	2	dis	trict	district	lnsert name
production-1949-vol1-chapters	1155	HYPHEN	blankgap	0	injunc	tive	injunctive	
production-1949-vol1-chapters	1168	HYPHEN	blankgap	0	insol	vency	insolvency	
production-1949-vol1-chapters	1229	HYPHEN	blankgap	0	pri	vately	privately	
production-1949-vol1-chapters	1229	HYPHEN	blankgap	0	appropria	tions	appropriations	
production-1949-vol1-chapters	1229	HYPHEN	blankgap	0	expo	sitions	expositions	
production-1949-vol1-chapters	1265	HYPHEN	blankgap	0	compen	sation	compensation	
production-1949-vol1-chapters	1265	HYPHEN	blankgap	0	appropria	tions	appropriations	
production-1949-vol1-chapters	1273	HYPHEN	blankgap	0	restora	tion	restoration	
production-1949-vol1-chapters	1277	HYPHEN	blankgap	0	gym	nasium	gymnasium	
production-1949-vol1-chapters	1283	HYPHEN	blankgap	0	expendi	ture	expenditure	
production-1949-vol1-chapters	1293	HYPHEN	blankgap	0	compen	sation	compensation	
production-1949-vol1-chapters	1334	HYPHEN	blankgap	0	dis	trict	district	
production-1949-vol1-chapters	1342	HYPHEN	blankgap	0	determina	tion	determination	
production-1949-vol1-chapters	1414	HYPHEN	blankgap	0	obli	gations	obligations	
production-1949-vol1-chapters	1468	HYPHEN	blankgap	0	incorpora	tion	incorporation	
production-1949-vol1-chapters	1498	HYPHEN	blankgap	0	imme	diately	immediately	
production-1949-vol1-chapters	1499	HYPHEN	blankgap	0	appro	priation	appropriation	
production-1949-vol1-chapters	1505	HYPHEN	blankgap	0	con	ditions	conditions	
production-1949-vol1-chapters	1570	HYPHEN	blankgap	0	imme	diately	immediately	
production-1949-vol1-chapters	1576	HYPHEN	blankgap	0	perma	nently	permanently	
production-1949-vol1-chapters	1577	HYPHEN	blankgap	0	pro	fessions	professions	
production-1949-vol1-chapters	1577	HYPHEN	blankgap	0	pro	fessions	professions	
production-1949-vol1-chapters	1596	HYPHEN	blankgap	0	dis	trict	district	
production-1949-vol1-chapters	1641	HYPHEN	blankgap	0	recommenda	tions	recommendations	
production-1949-vol1-chapters	1682	HYPHEN	blankgap	0	gov	erning	governing	
production-1949-vol1-chapters	1741	HYPHEN	blankgap	0	examina	tion	examination	
production-1949-vol1-chapters	1781	HYPHEN	blankgap	0	dis	trict	district	
production-1949-vol1-chapters	1820	HYPHEN	blankgap	0	dis	tricts	districts	
production-1949-vol1-chapters	188	HYPHEN	margin	21	determina	tion	determination	mrefeene tions subsequent to the ordinance of intention a description of | the assessment district by reference to the ordinance of inten
production-1949-vol1-chapters	2003	HYPHEN	margin	12	con	ditions	conditions	tract | Such an agreement shall include the terms ancl con Terms and
production-1949-vol1-chapters	2015	HYPHEN	blankgap	0	main	tenance	maintenance	
production-1949-vol1-chapters	2069	HYPHEN	blankgap	0	subse	quent	subsequent	
production-1949-vol1-chapters	2071	HYPHEN	margin	24	contri	butions	contributions	inclusion in or entrance into this retirement system or at such bY | later time as the member first is required to make annuity contri
production-1949-vol1-chapters	2089	HYPHEN	blankgap	0	agricul	ture	agriculture	
production-1949-vol1-chapters	2089	HYPHEN	blankgap	0	imme	diately	immediately	
production-1949-vol1-chapters	2094	HYPHEN	margin	21	alloca	tions	allocations	sppheable tions made under this section except where such provisions are | by their nature inapplicable and provided that all such alloca
production-1949-vol1-chapters	2120	HYPHEN	blankgap	0	pro	cedure	procedure	
production-1949-vol1-chapters	2140	HYPHEN	margin	11	mem	bership	membership	ber who has not returned to an employment required for mem
production-1949-vol1-chapters	2163	HYPHEN	blankgap	0	discon	tinuance	discontinuance	
production-1949-vol1-chapters	2170	HYPHEN	blankgap	0	reso	lutions	resolutions	
production-1949-vol1-chapters	2188	HYPHEN	blankgap	0	prin	cipal	principal	
production-1949-vol1-chapters	2195	HYPHEN	blankgap	0	dis	tricts	districts	
production-1949-vol1-chapters	2201	HYPHEN	margin	11	interpreta	ment	interpretament	cated herein for a particular deputy or position the assign ssienment
production-1949-vol1-chapters	2204	HYPHEN	blankgap	0	insti	tutions	institutions	
production-1949-vol1-chapters	2215	HYPHEN	blankgap	0	designat	ing	designating	
production-1949-vol1-chapters	2219	HYPHEN	blankgap	0	reim	bursement	reimbursement	
production-1949-vol1-chapters	2231	HYPHEN	blankgap	0	munici	pal	municipal	
production-1949-vol1-chapters	2237	HYPHEN	blankgap	0	appropria	tion	appropriation	
production-1949-vol1-chapters	2242	HYPHEN	margin	16	con	structed	constructed	struction use supply maintenance repair ard improvement | of said works including works constructed and being con
production-1949-vol1-chapters	226	HYPHEN	blankgap	0	revolv	ing	revolving	
production-1949-vol1-chapters	228	HYPHEN	blankgap	0	trans	portation	transportation	
production-1949-vol1-chapters	2281	HYPHEN	blankgap	0	dis	tricts	districts	
production-1949-vol1-chapters	2283	NOHYPHEN	margin	10	rict	or	rictor	to conduct the actual construction and operation of the works
production-1949-vol1-chapters	2313	HYPHEN	blankgap	0	con	stitution	constitution	
production-1949-vol1-chapters	2362	HYPHEN	blankgap	0	misde	meanor	misdemeanor	
production-1949-vol1-chapters	2375	HYPHEN	margin	11	appro	priated	appropriated	sixty five dollars and four cents is hereby ap ro Priston
production-1949-vol1-chapters	2378	HYPHEN	blankgap	0	con	tinued	continued	
production-1949-vol1-chapters	2416	HYPHEN	blankgap	0	prin	cipal	principal	
production-1949-vol1-chapters	2489	HYPHEN	blankgap	0	dis	trict	district	
production-1949-vol1-chapters	249	HYPHEN	margin	20	mem	bership	membership	ber of the system withont further contributions from any source | Benefits based on service rendered prior to MeM prop sesi
production-1949-vol1-chapters	2491	HYPHEN	blankgap	0	identifica	tion	identification	
production-1949-vol1-chapters	2524	HYPHEN	margin	2	commis	sioner	commissioner	information ee
production-1949-vol1-chapters	2533	HYPHEN	blankgap	0	renum	ber	renumber	
production-1949-vol1-chapters	2536	HYPHEN	blankgap	0	renum	bered	renumbered	
production-1949-vol1-chapters	2538	HYPHEN	blankgap	0	com	mitment	commitment	
production-1949-vol1-chapters	2551	HYPHEN	margin	13	determina	tion	determination	tiun shall remain unchanged | Sec Section is added to the Revenue and Tixa
production-1949-vol1-chapters	2564	HYPHEN	blankgap	0	transporta	tion	transportation	
production-1949-vol1-chapters	2587	HYPHEN	blankgap	0	pro	ceedings	proceedings	
production-1949-vol1-chapters	2608	HYPHEN	margin	2	exam	ination	examination	by bouwd
production-1949-vol1-chapters	2622	HYPHEN	margin	2	acquisi	tion	acquisition	of costs
production-1949-vol1-chapters	2635	HYPHEN	blankgap	0	pro	ducing	producing	
production-1949-vol1-chapters	2648	HYPHEN	margin	21	determina	tion	determination	Designation tion and order shall be by ordinance Each vehicle parking | rdstret district formed hereunder shall be numbered and the designa
production-1949-vol1-chapters	2658	HYPHEN	margin	9	qualifica	tion	qualification	Authoty tions Vesting of Authority Powers Expenses and Compensa
production-1949-vol1-chapters	2709	HYPHEN	blankgap	0	compen	sation	compensation	
production-1949-vol1-chapters	2803	HYPHEN	blankgap	0	compensa	tion	compensation	
production-1949-vol1-chapters	29	HYPHEN	blankgap	0	me	diate	mediate	
production-1949-vol1-chapters	2931	HYPHEN	blankgap	0	feb	ruary	february	
production-1949-vol1-chapters	2956	HYPHEN	blankgap	0	legis	lative	legislative	
production-1949-vol1-chapters	3011	HYPHEN	margin	20	exer	cised	exercised	cise any privilege for which a franchise is required without | first obtaining such franchise Each day such privilege is exer
production-1949-vol1-chapters	3015	HYPHEN	blankgap	0	amelior	ate	ameliorate	
production-1949-vol1-chapters	32	HYPHEN	blankgap	0	imme	diately	immediately	
production-1949-vol1-chapters	3267	HYPHEN	blankgap	0	proposi	tion	proposition	
production-1949-vol1-chapters	3315	HYPHEN	blankgap	0	unconstitu	tional	unconstitutional	
production-1949-vol1-chapters	3347	NOHYPHEN	margin	10	paic	e	paice	until presented to and approved by the Board of Supervisors
production-1949-vol1-chapters	3362	HYPHEN	margin	10	cor	poration	corporation	or any part thereof shall be assigned transferred or sub
production-1949-vol1-chapters	3366	NOHYPHEN	margin	4	vity	a	vitya	PROPOSED CHARTER AMENDMENT No
production-1949-vol1-chapters	3378	HYPHEN	blankgap	0	consti	tutional	constitutional	
production-1949-vol1-chapters	3380	HYPHEN	blankgap	0	legisla	ture	legislature	
production-1949-vol1-chapters	496	HYPHEN	blankgap	0	dis	trict	district	
production-1949-vol1-chapters	502	HYPHEN	margin	1	verifica	tion	verification	leputtes
production-1949-vol1-chapters	540	HYPHEN	margin	14	con	sisting	consisting	ncubble tiguous to it or to other portions added to the district and con
production-1949-vol1-chapters	546	HYPHEN	blankgap	0	con	solidation	consolidation	
production-1949-vol1-chapters	550	HYPHEN	blankgap	0	sur	viving	surviving	
production-1949-vol1-chapters	573	HYPHEN	blankgap	0	irre	spective	irrespective	
production-1949-vol1-chapters	573	HYPHEN	blankgap	0	compensa	tion	compensation	
production-1949-vol1-chapters	583	HYPHEN	blankgap	0	miscel	laneous	miscellaneous	
production-1949-vol1-chapters	591	HYPHEN	blankgap	0	exam	ination	examination	
production-1949-vol1-chapters	595	HYPHEN	blankgap	0	unin	corporated	unincorporated	
production-1949-vol1-chapters	615	HYPHEN	blankgap	0	convic	tion	conviction	
production-1949-vol1-chapters	653	HYPHEN	blankgap	0	pro	fessions	professions	
production-1949-vol1-chapters	674	HYPHEN	margin	24	part	nership	partnership	pie to real nership name any partner may convey title to such property by | a convevance executed in the partnership name but the part
production-1949-vol1-chapters	799	HYPHEN	blankgap	0	incom	petent	incompetent	
production-1949-vol1-chapters	82	HYPHEN	margin	2	treas	urer	treasurer	bonds a
production-1949-vol1-chapters	853	HYPHEN	blankgap	0	main	tenance	maintenance	
production-1949-vol1-chapters	868	HYPHEN	margin	1	commis	sioner	commissioner	fducsartes
production-1949-vol1-chapters	902	NOHYPHEN	blankgap	0	obso	lescence	obsolescence	
production-1949-vol1-chapters	923	HYPHEN	blankgap	0	dis	trict	district	
production-1949-vol1-chapters	941	HYPHEN	blankgap	0	vet	erans	veterans	
production-1949-vol1-chapters	957	HYPHEN	blankgap	0	prop	erty	property	
production-1950-vol1-chapters	147	HYPHEN	blankgap	0	inves	tigation	investigation	
production-1950-vol1-chapters	151	HYPHEN	blankgap	0	con	stitutional	constitutional	
production-1950-vol1-chapters	154	HYPHEN	blankgap	0	appropria	tions	appropriations	
production-1950-vol1-chapters	154	HYPHEN	blankgap	0	representa	tives	representatives	
production-1950-vol1-chapters	185	HYPHEN	blankgap	0	imme	diately	immediately	
production-1950-vol1-chapters	2	HYPHEN	blankgap	0	consti	tutional	constitutional	
production-1950-vol1-chapters	201	HYPHEN	blankgap	0	imme	diately	immediately	
production-1950-vol1-chapters	203	HYPHEN	blankgap	0	uncon	stitutional	unconstitutional	
production-1950-vol1-chapters	272	HYPHEN	blankgap	0	legis	lative	legislative	
production-1950-vol1-chapters	295	HYPHEN	blankgap	0	dis	tricts	districts	
production-1950-vol1-chapters	317	HYPHEN	blankgap	0	con	tinue	continue	
production-1950-vol1-chapters	33	HYPHEN	blankgap	0	vet	erans	veterans	
production-1950-vol1-chapters	77	HYPHEN	blankgap	0	mainte	nance	maintenance	
production-1950-vol1-chapters	87	HYPHEN	blankgap	0	restora	tion	restoration	
production-1950-vol1-chapters	89	HYPHEN	blankgap	0	vet	erans	veterans	
production-1950-vol1-chapters	89	HYPHEN	blankgap	0	domicili	ary	domiciliary	
production-1950-vol1-chapters	89	HYPHEN	blankgap	0	vet	erans	veterans	
production-1950-vol1-chapters	89	HYPHEN	blankgap	0	vet	erans	veterans	
production-1950-vol1-chapters	89	HYPHEN	blankgap	0	ac	cordance	accordance	
production-1950-vol1-chapters	98	HYPHEN	margin	2	acqui	sition	acquisition	ment vas
production-1951-vol1-50chapters	44	HYPHEN	margin	20	appropria	tion	appropriation	five hundred seven dollars is hereby appropriated | out of the General Fund in the State Treasury in augmenta am Qalifor
production-1951-vol1-50chapters	50	HYPHEN	blankgap	0	admin	istrative	administrative	
production-1951-vol1-50chapters	6	HYPHEN	blankgap	0	neces	sities	necessities	
production-1951-vol1-chapters	1059	HYPHEN	blankgap	0	trans	portation	transportation	
production-1951-vol1-chapters	1242	HYPHEN	margin	12	nine	tieth	ninetieth	teenth Senatorial District | The County of San Joaquin shall constitute the Twen
production-1951-vol1-chapters	1253	HYPHEN	blankgap	0	jurisdic	tion	jurisdiction	
production-1951-vol1-chapters	1281	HYPHEN	blankgap	0	cor	rections	corrections	
production-1951-vol1-chapters	1281	NOHYPHEN	margin	18	cuen	to	cuento	Budget Act of appropriated by Chapter of the Statutes | of the sum of one hundred forty thousand dollars
production-1951-vol1-chapters	1293	HYPHEN	blankgap	0	con	sisting	consisting	
production-1951-vol1-chapters	1320	HYPHEN	margin	2	con	strued	construed	Limitation are
production-1951-vol1-chapters	1326	HYPHEN	margin	25	con	tracted	contracted	Withelies tract made with a city or county pursuant to this article is reve | ete nue of the sewage system which renders the services con
production-1951-vol1-chapters	1332	HYPHEN	blankgap	0	bev	erages	beverages	
production-1951-vol1-chapters	1339	HYPHEN	blankgap	0	dis	tricts	districts	
production-1951-vol1-chapters	1433	HYPHEN	blankgap	0	dis	trict	district	
production-1951-vol1-chapters	1454	HYPHEN	blankgap	0	sec	retary	secretary	
production-1951-vol1-chapters	1520	HYPHEN	blankgap	0	disposi	tion	disposition	
production-1951-vol1-chapters	1534	HYPHEN	margin	13	con	verted	converted	wetrsion verted into a state bank and whenever a state bank has con
production-1951-vol1-chapters	1541	HYPHEN	blankgap	0	proclama	tions	proclamations	
production-1951-vol1-chapters	1547	HYPHEN	blankgap	0	em	ployees	employees	
production-1951-vol1-chapters	1565	HYPHEN	blankgap	0	de	positors	depositors	
production-1951-vol1-chapters	1566	HYPHEN	blankgap	0	limita	tions	limitations	
production-1951-vol1-chapters	1615	HYPHEN	blankgap	0	em	ployees	employees	
production-1951-vol1-chapters	1736	HYPHEN	blankgap	0	incor	porated	incorporated	
production-1951-vol1-chapters	1756	HYPHEN	blankgap	0	dis	trict	district	
production-1951-vol1-chapters	1796	HYPHEN	blankgap	0	admis	sion	admission	
production-1951-vol1-chapters	1796	HYPHEN	blankgap	0	insti	tutions	institutions	
production-1951-vol1-chapters	1815	HYPHEN	margin	9	com	mendation	commendation	mission recommends approval or fails to make any recom
production-1951-vol1-chapters	1838	HYPHEN	blankgap	0	ful	fillment	fulfillment	
production-1951-vol1-chapters	1856	HYPHEN	blankgap	0	dis	tricts	districts	
production-1951-vol1-chapters	1874	HYPHEN	blankgap	0	nec	tarines	nectarines	
production-1951-vol1-chapters	1880	HYPHEN	blankgap	0	asso	ciations	associations	
production-1951-vol1-chapters	1904	HYPHEN	blankgap	0	consolidat	ing	consolidating	
production-1951-vol1-chapters	1950	HYPHEN	margin	15	com	pelled	compelled	mission by law | Whether or not any auto truck or other self pro Finding of
production-1951-vol1-chapters	1961	HYPHEN	margin	20	pro	ceedings	proceedings	vided by the law governing the political subdivision vote in | favor of any proposition to acquire under eminent domain pro
production-1951-vol1-chapters	1969	HYPHEN	margin	9	com	mination	commination	mission has regularly pursued its authority including a deter
production-1951-vol1-chapters	1969	HYPHEN	margin	11	pro	ceeding	proceeding	mdgment ceeding before the commission may appear in the review pro
production-1951-vol1-chapters	2003	HYPHEN	margin	1	cumu	lative	cumulative	penalties
production-1951-vol1-chapters	2081	HYPHEN	blankgap	0	limita	tions	limitations	
production-1951-vol1-chapters	21	HYPHEN	blankgap	0	appro	priated	appropriated	
production-1951-vol1-chapters	2129	HYPHEN	blankgap	0	an	nexed	annexed	
production-1951-vol1-chapters	213	HYPHEN	blankgap	0	massachu	setts	massachusetts	
production-1951-vol1-chapters	2150	HYPHEN	blankgap	0	reconsidera	tion	reconsideration	
production-1951-vol1-chapters	2152	HYPHEN	blankgap	0	prescrib	ing	prescribing	
production-1951-vol1-chapters	2154	HYPHEN	blankgap	0	dis	tricts	districts	
production-1951-vol1-chapters	2174	HYPHEN	blankgap	0	agricul	tural	agricultural	
production-1951-vol1-chapters	2175	HYPHEN	margin	23	con	tributors	contributors	sumption on the premises but excluding however the prices at | which fluid milk or fluid cream or both shall be sold by dis
production-1951-vol1-chapters	227	HYPHEN	blankgap	0	imme	diately	immediately	
production-1951-vol1-chapters	2294	HYPHEN	blankgap	0	con	nection	connection	
production-1951-vol1-chapters	2296	HYPHEN	margin	9	con	cluding	concluding	suumers | Information as to discounts and additional charges in
production-1951-vol1-chapters	231	HYPHEN	blankgap	0	admin	istration	administration	
production-1951-vol1-chapters	2316	HYPHEN	blankgap	0	imme	diately	immediately	
production-1951-vol1-chapters	2321	HYPHEN	margin	10	com	pensation	compensation	tamtations pyensated for hospitalization pursuent to the Workmen s Com
production-1951-vol1-chapters	2322	HYPHEN	blankgap	0	con	veyed	conveyed	
production-1951-vol1-chapters	2410	HYPHEN	blankgap	0	dis	trict	district	
production-1951-vol1-chapters	2449	HYPHEN	blankgap	0	dis	trict	district	
production-1951-vol1-chapters	2457	HYPHEN	blankgap	0	legis	lature	legislature	
production-1951-vol1-chapters	2478	HYPHEN	blankgap	0	compensa	tion	compensation	
production-1951-vol1-chapters	2505	HYPHEN	blankgap	0	in	stitutions	institutions	
production-1951-vol1-chapters	2524	HYPHEN	blankgap	0	compensa	tion	compensation	
production-1951-vol1-chapters	2543	HYPHEN	blankgap	0	in	structional	instructional	
production-1951-vol1-chapters	2558	HYPHEN	blankgap	0	de	fective	defective	
production-1951-vol1-chapters	257	HYPHEN	blankgap	0	pro	cedure	procedure	
production-1951-vol1-chapters	261	HYPHEN	blankgap	0	de	stroyed	destroyed	
production-1951-vol1-chapters	289	HYPHEN	blankgap	0	pos	sessed	possessed	
production-1951-vol1-chapters	301	HYPHEN	blankgap	0	prop	erty	property	
production-1951-vol1-chapters	341	HYPHEN	blankgap	0	mas	sachusetts	massachusetts	
production-1951-vol1-chapters	349	HYPHEN	blankgap	0	mas	sachusetts	massachusetts	
production-1951-vol1-chapters	350	HYPHEN	blankgap	0	mas	sachusetts	massachusetts	
production-1951-vol1-chapters	361	HYPHEN	blankgap	0	insti	tutions	institutions	
production-1951-vol1-chapters	361	HYPHEN	blankgap	0	imme	diately	immediately	
production-1951-vol1-chapters	366	HYPHEN	blankgap	0	computa	tions	computations	
production-1951-vol1-chapters	387	HYPHEN	blankgap	0	appara	tus	apparatus	
production-1951-vol1-chapters	402	HYPHEN	blankgap	0	dissemina	tion	dissemination	
production-1951-vol1-chapters	405	HYPHEN	blankgap	0	vet	erans	veterans	
production-1951-vol1-chapters	433	HYPHEN	blankgap	0	man	agement	management	
production-1951-vol1-chapters	445	HYPHEN	blankgap	0	appro	priation	appropriation	
production-1951-vol1-chapters	604	HYPHEN	blankgap	0	delin	quencies	delinquencies	
production-1951-vol1-chapters	625	HYPHEN	margin	27	pro	ceeds	proceeds	vided in the refunding bonds from the date of sale thereof to the | date of the maturity of the bonds to be refunded out of the pro
production-1951-vol1-chapters	677	HYPHEN	blankgap	0	prop	erty	property	
production-1951-vol1-chapters	689	HYPHEN	blankgap	0	con	sisting	consisting	
production-1951-vol1-chapters	7	HYPHEN	blankgap	0	appropria	tion	appropriation	
production-1951-vol1-chapters	707	HYPHEN	blankgap	0	exemp	tions	exemptions	
production-1951-vol1-chapters	730	HYPHEN	blankgap	0	con	tinue	continue	
production-1951-vol1-chapters	821	HYPHEN	blankgap	0	obliga	tions	obligations	
production-1951-vol1-chapters	847	HYPHEN	margin	10	de	eney	deeney	pendency thereof or under the Jaws of anv state depend
production-1951-vol1-chapters	864	HYPHEN	blankgap	0	asso	ciation	association	
production-1951-vol1-chapters	872	HYPHEN	margin	17	com	panied	companied	missioner a license for such branch | Piling fee The application for a branch license shall be accom
production-1951-vol1-chapters	99	HYPHEN	blankgap	0	effectu	ally	effectually	
production-1951-vol2-chapters	1011	HYPHEN	blankgap	0	trans	ferred	transferred	
production-1951-vol2-chapters	1019	HYPHEN	blankgap	0	prescrib	ing	prescribing	
production-1951-vol2-chapters	1037	HYPHEN	margin	13	con	tection	contection	trolling of flood or storm waters in the district or for the pro
production-1951-vol2-chapters	1052	HYPHEN	margin	14	con	tection	contection	trol and use of said water for the public good and for the pro
production-1951-vol2-chapters	1177	HYPHEN	blankgap	0	supe	rior	superior	
production-1951-vol2-chapters	1194	HYPHEN	margin	1	sat	urday	saturday	operation
production-1951-vol2-chapters	1248	HYPHEN	margin	21	de	ferred	deferred	posited in the School Land Fund under the provisions of Section | of the Building and Loan Association Act shall be trans
production-1951-vol2-chapters	1252	HYPHEN	margin	13	divi	dends	dividends	tte une dends and of Records In making its order approving the com
production-1951-vol2-chapters	131	HYPHEN	blankgap	0	re	tirement	retirement	
production-1951-vol2-chapters	131	HYPHEN	blankgap	0	com	pensation	compensation	
production-1951-vol2-chapters	1315	HYPHEN	blankgap	0	incon	sistent	inconsistent	
production-1951-vol2-chapters	1320	HYPHEN	margin	1	quali	fications	qualifications	qualifications
production-1951-vol2-chapters	1329	HYPHEN	blankgap	0	tech	nologists	technologists	
production-1951-vol2-chapters	1352	HYPHEN	blankgap	0	errone	ously	erroneously	
production-1951-vol2-chapters	1361	HYPHEN	blankgap	0	pro	cedure	procedure	
production-1951-vol2-chapters	1362	HYPHEN	margin	20	rela	tives	relatives	tion signifies the connection existing in consequence of mar | riage between each of the married persons and the blood rela
production-1951-vol2-chapters	1376	HYPHEN	margin	11	with	drawal	withdrawal	drawn or paid out the order directing such payment or with
production-1951-vol2-chapters	1418	HYPHEN	margin	23	re	lative	relative	cess of more than forty days If a date is available during | recess extension shall be to such earlier date When a levis
production-1951-vol2-chapters	142	HYPHEN	blankgap	0	pro	cedure	procedure	
production-1951-vol2-chapters	1451	HYPHEN	blankgap	0	prescrib	ing	prescribing	
production-1951-vol2-chapters	1456	HYPHEN	blankgap	0	stabiliza	tion	stabilization	
production-1951-vol2-chapters	1467	HYPHEN	margin	11	direc	tives	directives	tor of Public Works of the State of California five representa
production-1951-vol2-chapters	1483	HYPHEN	blankgap	0	legis	lature	legislature	
production-1951-vol2-chapters	1515	HYPHEN	margin	11	pre	ferred	preferred	seribed by rules of the civil service commission shall be pre
production-1951-vol2-chapters	1528	HYPHEN	blankgap	0	crit	tenden	crittenden	
production-1951-vol2-chapters	1567	HYPHEN	blankgap	0	con	stitution	constitution	
production-1951-vol2-chapters	159	HYPHEN	blankgap	0	in	surance	insurance	
production-1951-vol2-chapters	1618	HYPHEN	blankgap	0	leg	islation	legislation	
production-1951-vol2-chapters	1621	HYPHEN	margin	22	pro	stitution	prostitution	visions of a freeholders charter adopted in accordance with and | by virtue of the provisions of Article XI Section of the Con
production-1951-vol2-chapters	1645	HYPHEN	blankgap	0	agricul	tural	agricultural	
production-1951-vol2-chapters	1652	HYPHEN	blankgap	0	appro	priation	appropriation	
production-1951-vol2-chapters	1728	HYPHEN	blankgap	0	as	semblyman	assemblyman	
production-1951-vol2-chapters	1782	HYPHEN	blankgap	0	prop	erty	property	
production-1951-vol2-chapters	1783	HYPHEN	blankgap	0	cen	tennial	centennial	
production-1951-vol2-chapters	1801	HYPHEN	margin	10	in	formity	informity	validate any publication where the same is otherwise in con
production-1951-vol2-chapters	1850	HYPHEN	blankgap	0	vet	erans	veterans	
production-1951-vol2-chapters	1895	HYPHEN	blankgap	0	organi	zation	organization	
production-1951-vol2-chapters	1932	HYPHEN	margin	21	pro	ceeding	proceeding	duction of evidence before it and every member thereof shall | have the power to administer oaths or affirmations in every pro
production-1951-vol2-chapters	1937	HYPHEN	blankgap	0	per	sonnel	personnel	
production-1951-vol2-chapters	1947	HYPHEN	blankgap	0	munic	ipal	municipal	
production-1951-vol2-chapters	1977	HYPHEN	blankgap	0	identi	fiable	identifiable	
production-1951-vol2-chapters	1980	HYPHEN	blankgap	0	congratulat	ing	congratulating	
production-1951-vol2-chapters	217	HYPHEN	blankgap	0	ex	penditure	expenditure	
production-1951-vol2-chapters	217	HYPHEN	blankgap	0	disposi	tion	disposition	
production-1951-vol2-chapters	220	HYPHEN	margin	21	col	lected	collected	lege and from other persons under this article are hereby | appropriated for the support of the state college by which col
production-1951-vol2-chapters	228	HYPHEN	margin	23	dis	cerned	discerned	pute the correctness or validity of any claim so filed it shall be | lawful for the public agency body or disbursing officer con
production-1951-vol2-chapters	239	HYPHEN	blankgap	0	prescrib	ing	prescribing	
production-1951-vol2-chapters	24	HYPHEN	margin	11	con	stitution	constitution	struction improvements and equipment audito | rium gymnasium and assembly California In
production-1951-vol2-chapters	241	HYPHEN	blankgap	0	constabu	lary	constabulary	
production-1951-vol2-chapters	244	HYPHEN	blankgap	0	em	ployees	employees	
production-1951-vol2-chapters	252	HYPHEN	blankgap	0	superin	tendent	superintendent	
production-1951-vol2-chapters	300	HYPHEN	blankgap	0	disapprov	ing	disapproving	
production-1951-vol2-chapters	350	HYPHEN	margin	18	posi	bilities	posibilities	tions shall be included in the same class if | a Sufficiently similar in respect to duties and responsi
production-1951-vol2-chapters	36	HYPHEN	margin	11	pro	priation	propriation	roma hibited from allowing any demands payable out of any appro
production-1951-vol2-chapters	431	HYPHEN	blankgap	0	appro	priation	appropriation	
production-1951-vol2-chapters	434	HYPHEN	blankgap	0	ur	gency	urgency	
production-1951-vol2-chapters	48	HYPHEN	blankgap	0	dis	tricts	districts	
production-1951-vol2-chapters	499	HYPHEN	blankgap	0	dis	trict	district	
production-1951-vol2-chapters	507	HYPHEN	blankgap	0	superin	tendent	superintendent	
production-1951-vol2-chapters	511	HYPHEN	blankgap	0	renum	ber	renumber	
production-1951-vol2-chapters	522	HYPHEN	blankgap	0	dis	trict	district	
production-1951-vol2-chapters	525	HYPHEN	blankgap	0	appro	priation	appropriation	
production-1951-vol2-chapters	527	HYPHEN	margin	11	appropria	tion	appropriation	making appropriations from time to time in aid of the aequisi
production-1951-vol2-chapters	534	HYPHEN	blankgap	0	adminis	trative	administrative	
production-1951-vol2-chapters	536	HYPHEN	blankgap	0	in	stitutions	institutions	
production-1951-vol2-chapters	58	HYPHEN	blankgap	0	pro	fessions	professions	
production-1951-vol2-chapters	583	HYPHEN	blankgap	0	pro	cedure	procedure	
production-1951-vol2-chapters	632	HYPHEN	margin	13	con	ditions	conditions	trarv to the best interests of the district by some change of con
production-1951-vol2-chapters	649	HYPHEN	blankgap	0	com	pensation	compensation	
production-1951-vol2-chapters	679	HYPHEN	blankgap	0	com	pensation	compensation	
production-1951-vol2-chapters	687	HYPHEN	blankgap	0	prescrib	ing	prescribing	
production-1951-vol2-chapters	687	HYPHEN	blankgap	0	con	tinuing	continuing	
production-1951-vol2-chapters	71	HYPHEN	margin	21	commu	tative	commutative	nity on the redevelopment plan and its conformity to the master | or general plan of each community before presenting the ten
production-1951-vol2-chapters	720	HYPHEN	blankgap	0	treas	urer	treasurer	
production-1951-vol2-chapters	769	HYPHEN	blankgap	0	supe	rior	superior	
production-1951-vol2-chapters	777	HYPHEN	blankgap	0	imme	diately	immediately	
production-1951-vol2-chapters	829	HYPHEN	blankgap	0	num	bered	numbered	
production-1951-vol2-chapters	829	HYPHEN	blankgap	0	prop	erty	property	
production-1951-vol2-chapters	835	HYPHEN	blankgap	0	de	claring	declaring	
production-1951-vol2-chapters	841	HYPHEN	blankgap	0	prescrib	ing	prescribing	
production-1951-vol2-chapters	847	HYPHEN	blankgap	0	ur	gency	urgency	
production-1951-vol2-chapters	878	HYPHEN	margin	13	in	quired	inquired	take or in other manner the location of the screen the access re
production-1951-vol2-chapters	884	HYPHEN	margin	23	ap	pearing	appearing	pointment is made for service in a contested matter it shall be | made only pursuant to a written stipulation of the parties ap
production-1951-vol2-chapters	922	HYPHEN	margin	16	con	structed	constructed	struction use supply maintenance repair and improvement | of said works including works constructed and being con
production-1951-vol2-chapters	95	HYPHEN	blankgap	0	vet	erans	veterans	
production-1951-vol2-chapters	974	HYPHEN	blankgap	0	re	ceive	receive	
production-1953-vol1-52chapters	108	HYPHEN	margin	8	commis	sioners	commissioners	agricultural | commis sioners or compensation for services performed
production-1953-vol1-52chapters	121	HYPHEN	blankgap	0	con	sisting	consisting	
production-1953-vol1-52chapters	241	HYPHEN	margin	10	in	cluding	including	eluding equipping and furnishing the same and of utilities in
production-1953-vol1-52chapters	251	HYPHEN	margin	10	in	formity	informity	validate any publication where the same is otherwise in con
production-1953-vol1-52chapters	256	HYPHEN	blankgap	0	im	perial	imperial	
production-1953-vol1-52chapters	283	HYPHEN	margin	12	re	lative	relative	quested to make every effort to furnish office space to the Legis
production-1953-vol1-52chapters	3	HYPHEN	blankgap	0	legis	lative	legislative	
production-1953-vol1-52chapters	3	HYPHEN	blankgap	0	em	ployees	employees	
production-1953-vol1-52chapters	307	HYPHEN	blankgap	0	radiolog	ical	radiological	
production-1953-vol1-52chapters	343	HYPHEN	blankgap	0	ur	gency	urgency	
production-1953-vol1-52chapters	345	HYPHEN	blankgap	0	re	volving	revolving	
production-1953-vol1-52chapters	345	HYPHEN	blankgap	0	evi	dencing	evidencing	
production-1953-vol1-52chapters	385	HYPHEN	blankgap	0	pro	cedure	procedure	
production-1953-vol1-52chapters	389	HYPHEN	blankgap	0	embrac	ing	embracing	
production-1953-vol1-52chapters	39	HYPHEN	margin	10	de	tering	detering	partment of Motor Vehicles | e Recovery of cost of adminis
production-1953-vol1-52chapters	421	HYPHEN	blankgap	0	lubri	cating	lubricating	
production-1953-vol1-52chapters	432	HYPHEN	blankgap	0	compensa	tion	compensation	
production-1953-vol1-52chapters	434	HYPHEN	blankgap	0	compensa	tion	compensation	
production-1953-vol1-52chapters	444	HYPHEN	blankgap	0	dis	tricts	districts	
production-1953-vol1-52chapters	444	HYPHEN	blankgap	0	imme	diately	immediately	
production-1953-vol1-52chapters	493	HYPHEN	blankgap	0	dis	trict	district	
production-1953-vol1-52chapters	493	HYPHEN	blankgap	0	immedi	ately	immediately	
production-1953-vol1-52chapters	500	HYPHEN	margin	14	em	ployee	employee	plovees of said county | The annual increments shall be dependent upon the em Annval
production-1953-vol1-52chapters	501	HYPHEN	blankgap	0	pro	cedure	procedure	
production-1953-vol1-52chapters	504	HYPHEN	blankgap	0	legisla	ture	legislature	
production-1953-vol1-52chapters	558	HYPHEN	blankgap	0	cor	poration	corporation	
production-1953-vol1-52chapters	573	HYPHEN	blankgap	0	munic	ipal	municipal	
production-1953-vol1-52chapters	65	HYPHEN	blankgap	0	re	quired	required	
production-1953-vol1-52chapters	65	HYPHEN	blankgap	0	appro	priation	appropriation	
production-1953-vol1-52chapters	66	HYPHEN	margin	6	ap	propriated	appropriated	propriation together with the amount ap
production-1953-vol1-chapters	1	HYPHEN	blankgap	0	de	stroyed	destroyed	
production-1953-vol1-chapters	10	HYPHEN	blankgap	0	con	tinued	continued	
production-1953-vol1-chapters	1025	HYPHEN	blankgap	0	prop	erty	property	
production-1953-vol1-chapters	1056	HYPHEN	blankgap	0	imme	diately	immediately	
production-1953-vol1-chapters	1097	HYPHEN	blankgap	0	in	surance	insurance	
production-1953-vol1-chapters	1103	HYPHEN	blankgap	0	acquir	ing	acquiring	
production-1953-vol1-chapters	1145	HYPHEN	margin	10	pro	ceeding	proceeding	vide funds for the necessary expenditures during the next suc
production-1953-vol1-chapters	1155	HYPHEN	blankgap	0	stand	ardization	standardization	
production-1953-vol1-chapters	1176	HYPHEN	blankgap	0	prin	cipal	principal	
production-1953-vol1-chapters	1186	HYPHEN	blankgap	0	unex	pired	unexpired	
production-1953-vol1-chapters	1196	HYPHEN	margin	17	pro	spectors	prospectors	vided however that veterinarians employed by the California | Department of Agriculture as full time veterinary meat in
production-1953-vol1-chapters	1199	HYPHEN	blankgap	0	massachu	setts	massachusetts	
production-1953-vol1-chapters	1199	HYPHEN	blankgap	0	dis	trict	district	
production-1953-vol1-chapters	1256	HYPHEN	margin	1	in	flict	inflict	Inplilullons
production-1953-vol1-chapters	1305	HYPHEN	blankgap	0	cer	tificate	certificate	
production-1953-vol1-chapters	1309	HYPHEN	blankgap	0	dis	trict	district	
production-1953-vol1-chapters	1309	HYPHEN	blankgap	0	dis	trict	district	
production-1953-vol1-chapters	1309	HYPHEN	blankgap	0	con	nection	connection	
production-1953-vol1-chapters	1345	HYPHEN	blankgap	0	congres	sional	congressional	
production-1953-vol1-chapters	1367	HYPHEN	blankgap	0	oper	ators	operators	
production-1953-vol1-chapters	1411	HYPHEN	blankgap	0	vet	erans	veterans	
production-1953-vol1-chapters	146	HYPHEN	margin	22	cer	tificate	certificate	uence tificates in due form of notaries public or verification deputies | acknowledging the signature of any voter to any petition or cer
production-1953-vol1-chapters	148	HYPHEN	margin	1	con	secutive	consecutive	publication
production-1953-vol1-chapters	1480	HYPHEN	blankgap	0	con	structed	constructed	
production-1953-vol1-chapters	1562	HYPHEN	margin	12	com	pleted	completed	wae pulsory age of retirement or any safety member who has com
production-1953-vol1-chapters	1617	HYPHEN	blankgap	0	dis	tricts	districts	
production-1953-vol1-chapters	1632	HYPHEN	margin	1	agricul	tural	agricultural	istricts
production-1953-vol1-chapters	1636	HYPHEN	margin	1	incorpora	tion	incorporation	directors
production-1953-vol1-chapters	1640	HYPHEN	blankgap	0	asso	ciation	association	
production-1953-vol1-chapters	1671	HYPHEN	margin	23	con	tributors	contributors	sumption on the premises but excluding however the prices | at which fluid milk or fiuid cream or both shall be sold by dis
production-1953-vol1-chapters	1686	HYPHEN	blankgap	0	par	ticular	particular	
production-1953-vol1-chapters	1686	HYPHEN	blankgap	0	par	ticular	particular	
production-1953-vol1-chapters	1686	HYPHEN	blankgap	0	recom	mendation	recommendation	
production-1953-vol1-chapters	1713	HYPHEN	blankgap	0	pro	fessions	professions	
production-1953-vol1-chapters	1722	HYPHEN	blankgap	0	immedi	ately	immediately	
production-1953-vol1-chapters	1731	HYPHEN	blankgap	0	dis	trict	district	
production-1953-vol1-chapters	1742	HYPHEN	blankgap	0	con	nection	connection	
production-1953-vol1-chapters	1758	HYPHEN	blankgap	0	in	structional	instructional	
production-1953-vol1-chapters	1811	HYPHEN	blankgap	0	con	tingent	contingent	
production-1953-vol1-chapters	1811	HYPHEN	blankgap	0	transporta	tion	transportation	
production-1953-vol1-chapters	1811	HYPHEN	blankgap	0	re	volving	revolving	
production-1953-vol1-chapters	1811	HYPHEN	blankgap	0	im	provement	improvement	
production-1953-vol1-chapters	1811	HYPHEN	blankgap	0	re	volving	revolving	
production-1953-vol1-chapters	1811	HYPHEN	blankgap	0	compensa	tion	compensation	
production-1953-vol1-chapters	1841	HYPHEN	blankgap	0	ex	ceeds	exceeds	
production-1953-vol1-chapters	1855	HYPHEN	blankgap	0	prop	erty	property	
production-1953-vol1-chapters	1889	HYPHEN	blankgap	0	dis	trict	district	
production-1953-vol1-chapters	205	HYPHEN	blankgap	0	subdivi	sion	subdivision	
production-1953-vol1-chapters	21	HYPHEN	blankgap	0	liabil	ity	liability	
production-1953-vol1-chapters	223	HYPHEN	blankgap	0	em	ployees	employees	
production-1953-vol1-chapters	270	HYPHEN	margin	22	in	clude	include	law brother in law or sister in law of the taxpayer | As uSed in this section the terms brother and sister in
production-1953-vol1-chapters	275	HYPHEN	blankgap	0	renum	ber	renumber	
production-1953-vol1-chapters	297	HYPHEN	blankgap	0	inter	ferences	interferences	
production-1953-vol1-chapters	363	HYPHEN	margin	12	au	thorizes	authorizes	agent s importer s rectifier s or wholesaler s license also au
production-1953-vol1-chapters	379	HYPHEN	blankgap	0	trans	ferred	transferred	
production-1953-vol1-chapters	414	HYPHEN	blankgap	0	conjunc	tion	conjunction	
production-1953-vol1-chapters	454	HYPHEN	margin	12	super	ficial	superficial	visurs for use on any trips taken in performance of their of
production-1953-vol1-chapters	505	HYPHEN	blankgap	0	prop	erty	property	
production-1953-vol1-chapters	522	HYPHEN	margin	24	direc	tioners	directioners	Fearing tor shall hold a hearing in each At the public hearing the di | rector shall receive evidence and testimony offered by the peti
production-1953-vol1-chapters	525	HYPHEN	margin	17	pro	cedures	procedures	posed changed boundaries of the proration zone | After the hearing findings shall be made and pro submussion
production-1953-vol1-chapters	547	HYPHEN	blankgap	0	effec	tuate	effectuate	
production-1953-vol1-chapters	567	HYPHEN	blankgap	0	pro	fessions	professions	
production-1953-vol1-chapters	571	HYPHEN	blankgap	0	in	clusive	inclusive	
production-1953-vol1-chapters	585	HYPHEN	margin	20	re	quired	required	quires with sureties satisfactory to the legislative body The | contractor shall also furnish a labor and material bond as re
production-1953-vol1-chapters	585	HYPHEN	blankgap	0	re	quired	required	
production-1953-vol1-chapters	604	HYPHEN	blankgap	0	adju	tant	adjutant	
production-1953-vol1-chapters	604	HYPHEN	blankgap	0	com	pensation	compensation	
production-1953-vol1-chapters	617	HYPHEN	margin	19	con	ferred	conferred	junction with the War Department shall execute the plans | and projects within the watershed of the Tuolumne River re
production-1953-vol1-chapters	627	HYPHEN	blankgap	0	dis	tricts	districts	
production-1953-vol1-chapters	631	HYPHEN	blankgap	0	jan	uary	january	
production-1953-vol1-chapters	64	HYPHEN	margin	11	trans	ferred	transferred	action a general authority to lease or otherwise develop is con
production-1953-vol1-chapters	765	HYPHEN	blankgap	0	alloca	tions	allocations	
production-1953-vol1-chapters	782	HYPHEN	blankgap	0	agricul	tural	agricultural	
production-1953-vol1-chapters	792	HYPHEN	blankgap	0	obliga	tion	obligation	
production-1953-vol1-chapters	825	HYPHEN	blankgap	0	dis	trict	district	
production-1953-vol1-chapters	835	HYPHEN	blankgap	0	appropria	tion	appropriation	
production-1953-vol1-chapters	835	HYPHEN	blankgap	0	imme	diately	immediately	
production-1953-vol1-chapters	84	HYPHEN	blankgap	0	adver	tising	advertising	
production-1953-vol1-chapters	854	HYPHEN	margin	2	com	pensation	compensation	und ee
production-1953-vol1-chapters	876	HYPHEN	margin	23	ex	piration	expiration	benefits penses in connection with sickness or accident disability made | by an employer to or on behalf of an employee after the ex
production-1953-vol1-chapters	878	HYPHEN	blankgap	0	computa	tion	computation	
production-1953-vol1-chapters	896	HYPHEN	blankgap	0	com	pensation	compensation	
production-1953-vol1-chapters	90	HYPHEN	blankgap	0	pro	cedures	procedures	
production-1953-vol1-chapters	910	HYPHEN	margin	27	con	tinuously	continuously	ment Admn tinued in existence as a special fund in the State Treasury All | Fund money which is deposited or paid into this fund is hereby con
production-1953-vol1-chapters	951	HYPHEN	blankgap	0	dis	tricts	districts	
production-1953-vol1-chapters	951	HYPHEN	blankgap	0	dis	tricts	districts	
production-1953-vol1-chapters	978	HYPHEN	blankgap	0	ascer	tainment	ascertainment	
production-1953-vol2-chapters	1007	HYPHEN	blankgap	0	subdivi	sion	subdivision	
production-1953-vol2-chapters	1008	HYPHEN	blankgap	0	identifica	tion	identification	
production-1953-vol2-chapters	1015	HYPHEN	blankgap	0	agricul	tural	agricultural	
production-1953-vol2-chapters	1015	HYPHEN	blankgap	0	ad	visory	advisory	
production-1953-vol2-chapters	1026	HYPHEN	blankgap	0	re	spectively	respectively	
production-1953-vol2-chapters	1043	HYPHEN	blankgap	0	com	pensation	compensation	
production-1953-vol2-chapters	1056	HYPHEN	blankgap	0	phy	sician	physician	
production-1953-vol2-chapters	1079	HYPHEN	blankgap	0	dis	tricts	districts	
production-1953-vol2-chapters	1136	HYPHEN	blankgap	0	munic	ipal	municipal	
production-1953-vol2-chapters	1168	HYPHEN	blankgap	0	obli	gation	obligation	
production-1953-vol2-chapters	1169	HYPHEN	margin	14	re	tirement	retirement	entry into service | Time during which said member is a member of the Re
production-1953-vol2-chapters	1169	HYPHEN	blankgap	0	re	tirement	retirement	
production-1953-vol2-chapters	1225	HYPHEN	blankgap	0	critten	den	crittenden	
production-1953-vol2-chapters	1235	HYPHEN	blankgap	0	men	tioned	mentioned	
production-1953-vol2-chapters	1292	HYPHEN	margin	22	re	tinue	retinue	tention by the County of such moneys so collected Any officers | or employees retained by the City who are obligated to con
production-1953-vol2-chapters	1297	HYPHEN	blankgap	0	here	inbefore	hereinbefore	
production-1953-vol2-chapters	13	HYPHEN	blankgap	0	insti	tutions	institutions	
production-1953-vol2-chapters	1303	HYPHEN	blankgap	0	here	inbefore	hereinbefore	
production-1953-vol2-chapters	134	HYPHEN	blankgap	0	compensa	tion	compensation	
production-1953-vol2-chapters	138	HYPHEN	blankgap	0	re	voked	revoked	
production-1953-vol2-chapters	1383	HYPHEN	blankgap	0	con	gratulating	congratulating	
production-1953-vol2-chapters	1436	HYPHEN	blankgap	0	com	munications	communications	
production-1953-vol2-chapters	1438	HYPHEN	margin	25	pub	lication	publication	lished in said The City of San Diego and the official newspaper | of said City and in each edition thereof during the day of pub
production-1953-vol2-chapters	145	NOHYPHEN	margin	2	narcoti	a	narcotia	the following
production-1953-vol2-chapters	1480	HYPHEN	blankgap	0	congratulat	ing	congratulating	
production-1953-vol2-chapters	1484	HYPHEN	blankgap	0	substi	tution	substitution	
production-1953-vol2-chapters	1504	HYPHEN	margin	24	respon	sibility	responsibility	sible bidder If no bids are received or if the Council determines | that the bids received are not satisfactory as to price or respon
production-1953-vol2-chapters	1536	HYPHEN	margin	14	pro	ceeds	proceeds	vided for in the resolution of issue may be paid out of the pro
production-1953-vol2-chapters	1553	HYPHEN	blankgap	0	propor	tion	proportion	
production-1953-vol2-chapters	1647	HYPHEN	margin	11	per	sonnel	personnel	officer sonnel officer shall direct the administrative work of the per
production-1953-vol2-chapters	167	HYPHEN	blankgap	0	archi	tects	architects	
production-1953-vol2-chapters	1700	HYPHEN	blankgap	0	congratulat	ing	congratulating	
production-1953-vol2-chapters	1702	HYPHEN	blankgap	0	ad	ditional	additional	
production-1953-vol2-chapters	1710	HYPHEN	blankgap	0	jus	tices	justices	
production-1953-vol2-chapters	196	HYPHEN	blankgap	0	dis	trict	district	
production-1953-vol2-chapters	248	HYPHEN	margin	23	re	quired	required	turn the fact of such refusal with the writ The party refusing | to give the memorandum within the time specified may be re
production-1953-vol2-chapters	268	HYPHEN	blankgap	0	pro	fessions	professions	
production-1953-vol2-chapters	268	HYPHEN	blankgap	0	subdivi	sions	subdivisions	
production-1953-vol2-chapters	280	HYPHEN	blankgap	0	in	stitutions	institutions	
production-1953-vol2-chapters	294	HYPHEN	blankgap	0	in	clusive	inclusive	
production-1953-vol2-chapters	299	HYPHEN	margin	22	con	structor	constructor	ducted at all times under the direct supervision of a person | holding a certificate of registration in good standing as an in
production-1953-vol2-chapters	339	HYPHEN	margin	25	transporta	tion	transportation	State unless he files with the commissioner both in the county of ginc hes | origin and the county of destination if the county of destina
production-1953-vol2-chapters	349	HYPHEN	blankgap	0	prop	erty	property	
production-1953-vol2-chapters	349	HYPHEN	blankgap	0	ur	gency	urgency	
production-1953-vol2-chapters	352	HYPHEN	margin	10	pro	jected	projected	duce evidence But he may nevertheless be prosecuted or sub
production-1953-vol2-chapters	382	HYPHEN	blankgap	0	treas	urer	treasurer	
production-1953-vol2-chapters	410	HYPHEN	blankgap	0	admin	istrative	administrative	
production-1953-vol2-chapters	411	NOHYPHEN	margin	7	serice	a	sericea	written application therefor to the Retirement Board
production-1953-vol2-chapters	422	HYPHEN	margin	16	con	structed	constructed	struction use supply maintenance repair and improvement | of said works including works constructed and being con
production-1953-vol2-chapters	447	HYPHEN	blankgap	0	compensa	tion	compensation	
production-1953-vol2-chapters	523	HYPHEN	blankgap	0	ben	efits	benefits	
production-1953-vol2-chapters	550	HYPHEN	blankgap	0	ex	aminers	examiners	
production-1953-vol2-chapters	61	HYPHEN	blankgap	0	acknowl	edged	acknowledged	
production-1953-vol2-chapters	613	HYPHEN	margin	21	appor	tionment	apportionment	or evening classes for adults pursuant to this chapter shall not | be reported to the State Department of Education for appor
production-1953-vol2-chapters	624	HYPHEN	blankgap	0	appropria	tion	appropriation	
production-1953-vol2-chapters	631	HYPHEN	blankgap	0	dis	trict	district	
production-1953-vol2-chapters	719	HYPHEN	blankgap	0	dis	trict	district	
production-1953-vol2-chapters	746	HYPHEN	margin	19	re	ferred	referred	funds and administration and enforcement as provided for in | Section shall on order of the State Controller be trans
production-1953-vol2-chapters	770	HYPHEN	blankgap	0	mu	nicipal	municipal	
production-1953-vol2-chapters	775	HYPHEN	blankgap	0	ve	hicle	vehicle	
production-1953-vol2-chapters	790	HYPHEN	blankgap	0	secre	taries	secretaries	
production-1953-vol2-chapters	876	HYPHEN	margin	1	dis	trict	district	Contents
production-1953-vol2-chapters	891	HYPHEN	blankgap	0	valua	tion	valuation	
production-1953-vol2-chapters	90	HYPHEN	blankgap	0	tem	porary	temporary	
production-1953-vol2-chapters	954	HYPHEN	blankgap	0	gov	ernor	governor	
production-1953-vol2-chapters	954	HYPHEN	blankgap	0	com	pensation	compensation	
production-1953-vol2-chapters	954	HYPHEN	blankgap	0	jurisdic	tion	jurisdiction	
production-1953-vol2-chapters	96	HYPHEN	margin	13	dis	trict	district	school | districts trict situated in one county and a union elementary school dis
production-1953-vol2-chapters	967	HYPHEN	margin	10	de	viously	deviously	scribed in this division except Section or has been pre
production-1955-vol1-54chapters	149	HYPHEN	blankgap	0	au	thority	authority	
production-1955-vol1-54chapters	172	HYPHEN	margin	9	pro	ferred	proferred	vided in this Section The powers and authorities con
production-1955-vol1-54chapters	197	HYPHEN	margin	1	de	clared	declared	ordinances
production-1955-vol1-54chapters	214	HYPHEN	blankgap	0	designat	ing	designating	
production-1955-vol1-54chapters	216	HYPHEN	blankgap	0	com	mittees	committees	
production-1955-vol1-54chapters	221	HYPHEN	blankgap	0	au	thorized	authorized	
production-1955-vol1-54chapters	252	HYPHEN	blankgap	0	immedi	ately	immediately	
production-1955-vol1-54chapters	274	HYPHEN	blankgap	0	appro	priation	appropriation	
production-1955-vol1-54chapters	275	HYPHEN	blankgap	0	ad	ditional	additional	
production-1955-vol1-54chapters	276	HYPHEN	margin	1	ap	propriated	appropriated	priation
production-1955-vol1-54chapters	288	HYPHEN	blankgap	0	retro	spective	retrospective	
production-1955-vol1-54chapters	350	HYPHEN	margin	24	pro	ceeds	proceeds	vided and all the above provisions of this aet for the issuing | and sale of such bonds and for the expenditure of the pro
production-1955-vol1-54chapters	373	HYPHEN	blankgap	0	re	cently	recently	
production-1955-vol1-54chapters	373	HYPHEN	blankgap	0	re	cently	recently	
production-1955-vol1-54chapters	52	HYPHEN	blankgap	0	contri	bution	contribution	
production-1955-vol1-54chapters	52	HYPHEN	blankgap	0	for	estry	forestry	
production-1955-vol1-54chapters	65	HYPHEN	blankgap	0	res	ervoirs	reservoirs	
production-1955-vol1-54chapters	65	HYPHEN	blankgap	0	appro	priated	appropriated	
production-1955-vol1-54chapters	96	HYPHEN	margin	2	com	pensation	compensation	ice officers
production-1955-vol1-55chapters	1007	HYPHEN	blankgap	0	com	bined	combined	
production-1955-vol1-55chapters	1106	HYPHEN	margin	2	dis	trict	district	Insert name
production-1955-vol1-55chapters	1127	HYPHEN	blankgap	0	de	claring	declaring	
production-1955-vol1-55chapters	1137	HYPHEN	blankgap	0	jurisdic	tion	jurisdiction	
production-1955-vol1-55chapters	1137	HYPHEN	blankgap	0	superin	tendent	superintendent	
production-1955-vol1-55chapters	1174	HYPHEN	margin	1	cor	poration	corporation	corporation
production-1955-vol1-55chapters	1176	HYPHEN	blankgap	0	distrib	utee	distributee	
production-1955-vol1-55chapters	1188	HYPHEN	blankgap	0	compen	sation	compensation	
production-1955-vol1-55chapters	1191	HYPHEN	blankgap	0	al	lowable	allowable	
production-1955-vol1-55chapters	1262	HYPHEN	margin	1	con	tributions	contributions	ns
production-1955-vol1-55chapters	1278	HYPHEN	margin	2	collapsi	ble	collapsible	corporation bd
production-1955-vol1-55chapters	1282	NOHYPHEN	blankgap	0	reor	ganization	reorganization	
production-1955-vol1-55chapters	1296	HYPHEN	blankgap	0	prin	cipal	principal	
production-1955-vol1-55chapters	1346	HYPHEN	margin	13	part	nership	partnership	transactions Nership other than in his capacity as a member of such part
production-1955-vol1-55chapters	1356	HYPHEN	blankgap	0	distribut	able	distributable	
production-1955-vol1-55chapters	1358	HYPHEN	margin	24	part	nership	partnership	ner under this law and also taxed to the partnership in such | other state or country bears to the entire income of the part
production-1955-vol1-55chapters	1402	HYPHEN	margin	3	ma	terials	materials	of claims oe
production-1955-vol1-55chapters	1406	HYPHEN	margin	1	pre	sentment	presentment	nonpayment
production-1955-vol1-55chapters	1428	HYPHEN	margin	1	pro	ceeding	proceeding	procedure
production-1955-vol1-55chapters	1441	HYPHEN	margin	19	re	clusive	reclusive	porters pro tempore and they shall serve without salary but | shall receive the fees provided bv Sections to in
production-1955-vol1-55chapters	1454	HYPHEN	blankgap	0	distribut	ing	distributing	
production-1955-vol1-55chapters	1455	HYPHEN	blankgap	0	de	claring	declaring	
production-1955-vol1-55chapters	1459	HYPHEN	blankgap	0	munic	ipal	municipal	
production-1955-vol1-55chapters	1498	HYPHEN	blankgap	0	imme	diately	immediately	
production-1955-vol1-55chapters	152	HYPHEN	blankgap	0	dis	tricts	districts	
production-1955-vol1-55chapters	1532	HYPHEN	blankgap	0	gov	erning	governing	
production-1955-vol1-55chapters	1536	HYPHEN	margin	22	di	rectly	directly	rect or indireet in the making of any investment or in the | gains or profits accruing therefrom and no such person di
production-1955-vol1-55chapters	1634	HYPHEN	margin	16	con	structed	constructed	struction use supply maintenance repair and improvement | of said works including works constructed and being con
production-1955-vol1-55chapters	1659	HYPHEN	margin	16	con	structed	constructed	struction use supply maintenance repair and improvement | of said works including works constructed and being con
production-1955-vol1-55chapters	1668	HYPHEN	blankgap	0	dis	trict	district	
production-1955-vol1-55chapters	1677	HYPHEN	blankgap	0	of	fenses	offenses	
production-1955-vol1-55chapters	1691	HYPHEN	blankgap	0	accusa	tion	accusation	
production-1955-vol1-55chapters	183	HYPHEN	blankgap	0	dis	trict	district	
production-1955-vol1-55chapters	183	HYPHEN	blankgap	0	dis	trict	district	
production-1955-vol1-55chapters	188	HYPHEN	margin	10	sec	tioned	sectioned	tion lines to the southwest corner of Section last men
production-1955-vol1-55chapters	191	HYPHEN	margin	16	con	structed	constructed	struction use supply maintenance repair and improvement | of said works including works constructed and being con
production-1955-vol1-55chapters	2	HYPHEN	blankgap	0	dis	trict	district	
production-1955-vol1-55chapters	245	HYPHEN	blankgap	0	main	tenance	maintenance	
production-1955-vol1-55chapters	251	HYPHEN	blankgap	0	con	senting	consenting	
production-1955-vol1-55chapters	257	HYPHEN	blankgap	0	can	didates	candidates	
production-1955-vol1-55chapters	270	HYPHEN	blankgap	0	im	provement	improvement	
production-1955-vol1-55chapters	304	HYPHEN	blankgap	0	vet	erans	veterans	
production-1955-vol1-55chapters	305	HYPHEN	margin	17	ex	penses	expenses	change motion picture theater library band and to pay for | newspapers chapel expenses welfare and entertainment ex
production-1955-vol1-55chapters	330	HYPHEN	blankgap	0	adul	teration	adulteration	
production-1955-vol1-55chapters	346	HYPHEN	margin	11	con	nection	connection	gress First Session will be furnished by the State in con
production-1955-vol1-55chapters	349	HYPHEN	margin	23	peti	tioned	petitioned	tion as it deems proper to be given to any parent guardian or | other person charged with the support of the person men
production-1955-vol1-55chapters	370	HYPHEN	blankgap	0	li	censee	licensee	
production-1955-vol1-55chapters	385	HYPHEN	blankgap	0	occupa	tion	occupation	
production-1955-vol1-55chapters	408	HYPHEN	margin	13	pre	ceeds	preceeds	from sales scribed by Section of this code the balance of the pro
production-1955-vol1-55chapters	429	HYPHEN	blankgap	0	prop	erty	property	
production-1955-vol1-55chapters	439	HYPHEN	margin	12	discontinu	or	discontinuor	schools maintained by the governing board of a county union wnior high
production-1955-vol1-55chapters	477	HYPHEN	margin	13	au	thorizes	authorizes	agent s importer s rectifier s or wholesaler s license also au Morzstions
production-1955-vol1-55chapters	515	HYPHEN	blankgap	0	gov	erning	governing	
production-1955-vol1-55chapters	551	HYPHEN	blankgap	0	dis	trict	district	
production-1955-vol1-55chapters	551	HYPHEN	blankgap	0	par	ticulars	particulars	
production-1955-vol1-55chapters	561	HYPHEN	margin	19	de	manded	demanded	fault of the defendant or defendants so served and immedi | ately thereafter enter judgment for the principal amount de
production-1955-vol1-55chapters	570	HYPHEN	blankgap	0	hos	pitals	hospitals	
production-1955-vol1-55chapters	572	HYPHEN	blankgap	0	pro	cedure	procedure	
production-1955-vol1-55chapters	599	HYPHEN	blankgap	0	pro	fessions	professions	
production-1955-vol1-55chapters	602	HYPHEN	blankgap	0	chirop	odists	chiropodists	
production-1955-vol1-55chapters	616	HYPHEN	margin	3	veteri	narian	veterinarian	cHin ete faa
production-1955-vol1-55chapters	683	HYPHEN	margin	9	con	cessive	concessive	tract and shall be extended automatically thereafter for suc
production-1955-vol1-55chapters	739	HYPHEN	blankgap	0	ma	jority	majority	
production-1955-vol1-55chapters	793	HYPHEN	blankgap	0	imme	diately	immediately	
production-1955-vol1-55chapters	823	HYPHEN	margin	22	com	mitment	commitment	mitting the person to the department for placement in a state | hospital for an indeterminate period and a copy of such com
production-1955-vol1-55chapters	841	HYPHEN	blankgap	0	emer	gency	emergency	
production-1955-vol1-55chapters	944	NOHYPHEN	blankgap	0	expendi	tures	expenditures	
production-1955-vol1-55chapters	945	HYPHEN	blankgap	0	appropria	tion	appropriation	
production-1955-vol1-55chapters	959	HYPHEN	blankgap	0	reappro	priated	reappropriated	
production-1955-vol1-55chapters	981	HYPHEN	margin	15	mem	bered	membered	bers whose recall is not sought | Sec Section of said code is amended and renum
production-1955-vol1-55chapters	988	HYPHEN	blankgap	0	renum	bered	renumbered	
production-1955-vol1-55chapters	988	HYPHEN	blankgap	0	renum	bered	renumbered	
production-1955-vol1-55chapters	988	HYPHEN	blankgap	0	renum	bered	renumbered	
production-1955-vol1-55chapters	988	HYPHEN	blankgap	0	renum	bered	renumbered	
production-1955-vol2-chapters	1003	HYPHEN	blankgap	0	compensa	tion	compensation	
production-1955-vol2-chapters	1037	HYPHEN	margin	12	pro	jection	projection	dueed under such lease except gas used for lease use or rein
production-1955-vol2-chapters	1078	HYPHEN	margin	13	dis	trict	district	postions trict may hold office as a director of a community services dis
production-1955-vol2-chapters	11	HYPHEN	blankgap	0	supe	rior	superior	
production-1955-vol2-chapters	1106	HYPHEN	blankgap	0	dis	trict	district	
production-1955-vol2-chapters	111	HYPHEN	blankgap	0	pro	ceedings	proceedings	
production-1955-vol2-chapters	1130	HYPHEN	margin	1	cleri	cal	clerical	quir
production-1955-vol2-chapters	1167	HYPHEN	blankgap	0	cor	porations	corporations	
production-1955-vol2-chapters	1172	HYPHEN	blankgap	0	pro	fessions	professions	
production-1955-vol2-chapters	1180	HYPHEN	blankgap	0	dis	tricts	districts	
production-1955-vol2-chapters	1224	HYPHEN	margin	12	re	tributions	retributions	deposit is received in the office of the system had such con
production-1955-vol2-chapters	1224	HYPHEN	margin	11	contri	bution	contribution	rate butions as provided in Section his norma rate of contri
production-1955-vol2-chapters	1225	NOHYPHEN	margin	9	appropria	tion	appropriation	hereby appropriated out of the General Fund in augmenta
production-1955-vol2-chapters	1234	HYPHEN	blankgap	0	admin	istrative	administrative	
production-1955-vol2-chapters	1278	HYPHEN	blankgap	0	con	trary	contrary	
production-1955-vol2-chapters	1287	HYPHEN	blankgap	0	feasibil	ity	feasibility	
production-1955-vol2-chapters	1288	HYPHEN	margin	2	investi	gation	investigation	aeltties G
production-1955-vol2-chapters	1347	HYPHEN	blankgap	0	ter	ritory	territory	
production-1955-vol2-chapters	138	HYPHEN	blankgap	0	ordi	nances	ordinances	
production-1955-vol2-chapters	1408	HYPHEN	margin	25	super	venient	supervenient	visors of the county in the chambers of the board of super | visors at the county seat of said county or at such other con
production-1955-vol2-chapters	1408	HYPHEN	margin	13	super	venient	supervenient	visors at the county seat of said county or at such other con
production-1955-vol2-chapters	1424	HYPHEN	blankgap	0	em	ployees	employees	
production-1955-vol2-chapters	1428	HYPHEN	blankgap	0	with	drawal	withdrawal	
production-1955-vol2-chapters	1443	HYPHEN	blankgap	0	appro	priation	appropriation	
production-1955-vol2-chapters	1444	HYPHEN	margin	1	cor	rections	corrections	ursement
production-1955-vol2-chapters	1459	HYPHEN	blankgap	0	rep	resentative	representative	
production-1955-vol2-chapters	1523	HYPHEN	blankgap	0	reg	istered	registered	
production-1955-vol2-chapters	1536	HYPHEN	margin	10	in	formity	informity	validate any publication where the same is otherwise in con
production-1955-vol2-chapters	1581	HYPHEN	margin	19	com	mendation	commendation	merce navigation and fisheries All such offices and employ | ments shall be created by ordinance upon the direct recom
production-1955-vol2-chapters	1586	HYPHEN	margin	11	elec	torate	electorate	tion for the submission of said proposed charter to the elec
production-1955-vol2-chapters	160	HYPHEN	blankgap	0	appro	priate	appropriate	
production-1955-vol2-chapters	1654	HYPHEN	margin	16	supple	menting	supplementing	mentary benefits for such employees either by contract with | the California State Employees Retirement System supple
production-1955-vol2-chapters	1726	HYPHEN	blankgap	0	superin	tendent	superintendent	
production-1955-vol2-chapters	1760	HYPHEN	blankgap	0	lead	ership	leadership	
production-1955-vol2-chapters	1780	HYPHEN	blankgap	0	offi	cials	officials	
production-1955-vol2-chapters	1784	NOHYPHEN	margin	10	armind	a	arminda	T Holderman United States Navy his sons and to Dorothy
production-1955-vol2-chapters	1795	HYPHEN	blankgap	0	su	pervisorial	supervisorial	
production-1955-vol2-chapters	1795	HYPHEN	blankgap	0	commenc	ing	commencing	
production-1955-vol2-chapters	1801	HYPHEN	blankgap	0	pro	posals	proposals	
production-1955-vol2-chapters	182	HYPHEN	margin	3	readver	tise	readvertise	ig for bids
production-1955-vol2-chapters	1823	HYPHEN	blankgap	0	ma	terials	materials	
production-1955-vol2-chapters	1826	HYPHEN	blankgap	0	munic	ipal	municipal	
production-1955-vol2-chapters	1829	HYPHEN	margin	11	de	tection	detection	posited in any fund created for the security or further pro
production-1955-vol2-chapters	1871	HYPHEN	blankgap	0	commem	orating	commemorating	
production-1955-vol2-chapters	1890	HYPHEN	blankgap	0	hun	dredth	hundredth	
production-1955-vol2-chapters	1914	HYPHEN	blankgap	0	mu	nicipal	municipal	
production-1955-vol2-chapters	1957	HYPHEN	blankgap	0	legisla	ture	legislature	
production-1955-vol2-chapters	1961	HYPHEN	margin	2	com	pensation	compensation	posters pensation
production-1955-vol2-chapters	2062	HYPHEN	margin	25	de	ferred	deferred	cision An order under this section must be made before deci | sion by the court or division from which the case is to be trans
production-1955-vol2-chapters	2091	HYPHEN	blankgap	0	legisla	ture	legislature	
production-1955-vol2-chapters	2093	HYPHEN	blankgap	0	sig	nificant	significant	
production-1955-vol2-chapters	2099	HYPHEN	margin	19	con	nection	connection	cessions or privileges to be exercised for the benefit education | amusement convenience or enjoyment of the public in con
production-1955-vol2-chapters	21	HYPHEN	blankgap	0	emer	gency	emergency	
production-1955-vol2-chapters	23	HYPHEN	blankgap	0	ter	ritory	territory	
production-1955-vol2-chapters	246	HYPHEN	margin	10	per	sonably	personably	sons and if the director reasonably determines that such rea
production-1955-vol2-chapters	25	HYPHEN	blankgap	0	ar	ticle	article	
production-1955-vol2-chapters	270	HYPHEN	margin	19	de	claring	declaring	mission cember unless the commission by a two thirds vote | shall on or before September pass a resolution de
production-1955-vol2-chapters	277	HYPHEN	blankgap	0	ur	gency	urgency	
production-1955-vol2-chapters	359	HYPHEN	blankgap	0	de	linquent	delinquent	
production-1955-vol2-chapters	359	HYPHEN	blankgap	0	accumu	lated	accumulated	
production-1955-vol2-chapters	467	HYPHEN	blankgap	0	imme	diately	immediately	
production-1955-vol2-chapters	467	HYPHEN	blankgap	0	imme	diately	immediately	
production-1955-vol2-chapters	472	HYPHEN	blankgap	0	pro	cedure	procedure	
production-1955-vol2-chapters	493	HYPHEN	margin	21	em	ployees	employees	ployxees of the State and employees of the University of Cali | fornia including the services of those state and university em
production-1955-vol2-chapters	551	HYPHEN	blankgap	0	dis	tricts	districts	
production-1955-vol2-chapters	555	HYPHEN	blankgap	0	ex	penses	expenses	
production-1955-vol2-chapters	575	HYPHEN	blankgap	0	depu	ties	deputies	
production-1955-vol2-chapters	596	HYPHEN	blankgap	0	discre	tion	discretion	
production-1955-vol2-chapters	604	HYPHEN	blankgap	0	al	teration	alteration	
production-1955-vol2-chapters	61	HYPHEN	blankgap	0	pro	ceedings	proceedings	
production-1955-vol2-chapters	611	HYPHEN	blankgap	0	prop	erty	property	
production-1955-vol2-chapters	659	HYPHEN	margin	22	disincor	porated	disincorporated	election in case a majority of said votes were cast in favor of Pnpreted | said disincorporation said district shall be forever disincor
production-1955-vol2-chapters	664	HYPHEN	margin	10	de	meanor	demeanor	mand requirement or operating permit is guilty of a misde
production-1955-vol2-chapters	68	HYPHEN	margin	11	de	volving	devolving	mand of the Department of Finance or the Controller such re
production-1955-vol2-chapters	692	HYPHEN	blankgap	0	acknowl	edgment	acknowledgment	
production-1955-vol2-chapters	723	HYPHEN	blankgap	0	authoriz	ing	authorizing	
production-1955-vol2-chapters	730	HYPHEN	blankgap	0	accom	modation	accommodation	
production-1955-vol2-chapters	735	HYPHEN	blankgap	0	compen	sation	compensation	
production-1955-vol2-chapters	741	HYPHEN	blankgap	0	im	provement	improvement	
production-1955-vol2-chapters	773	HYPHEN	blankgap	0	obli	gations	obligations	
production-1955-vol2-chapters	788	HYPHEN	blankgap	0	pro	ceedings	proceedings	
production-1955-vol2-chapters	80	HYPHEN	margin	9	de	structed	destructed	rived therefrom such facilities shall be financed and con
production-1955-vol2-chapters	817	HYPHEN	blankgap	0	em	ployees	employees	
production-1955-vol2-chapters	817	HYPHEN	blankgap	0	contri	bution	contribution	
production-1955-vol2-chapters	821	HYPHEN	blankgap	0	renum	ber	renumber	
production-1955-vol2-chapters	834	HYPHEN	blankgap	0	rehabil	itation	rehabilitation	
production-1955-vol2-chapters	870	HYPHEN	blankgap	0	petro	leum	petroleum	
production-1955-vol2-chapters	907	NOHYPHEN	margin	23	prere	lease	prerelease	by such district is no longer necessary to be retained for the | uses and purposes of the district and may thereafter sell or
production-1955-vol2-chapters	92	HYPHEN	margin	10	nar	cotic	narcotic	eotic or to facilitate the unlawful transportation of any nar
production-1955-vol2-chapters	950	HYPHEN	margin	10	sec	erned	secerned	tions and shall not apply to any school district gov
production-1955-vol2-chapters	957	HYPHEN	margin	15	mem	bered	membered	bers whose recall is not sought | Sec Section of said code is amended and renum
production-1955-vol2-chapters	964	HYPHEN	blankgap	0	con	structed	constructed	
production-1955-vol2-chapters	976	HYPHEN	blankgap	0	prop	erty	property	
production-1955-vol2-chapters	988	HYPHEN	blankgap	0	accom	modate	accommodate	
production-1957-vol1-56chapters	1	HYPHEN	blankgap	0	em	ployees	employees	
production-1957-vol1-56chapters	106	HYPHEN	margin	7	commis	sioners	commissioners	commis sioners or compensation for services per
production-1957-vol1-56chapters	109	HYPHEN	margin	14	ap	propriations	appropriations	propriation for major construction improvements and | equipment designs working plans and specifications All ap
production-1957-vol1-56chapters	122	HYPHEN	margin	1	re	newal	renewal	Deriuds
production-1957-vol1-56chapters	135	HYPHEN	blankgap	0	delin	quency	delinquency	
production-1957-vol1-56chapters	146	HYPHEN	blankgap	0	of	ficers	officers	
production-1957-vol1-56chapters	215	HYPHEN	blankgap	0	cen	turies	centuries	
production-1957-vol1-56chapters	215	HYPHEN	blankgap	0	as	sembly	assembly	
production-1957-vol1-56chapters	215	HYPHEN	blankgap	0	legisla	ture	legislature	
production-1957-vol1-56chapters	216	HYPHEN	blankgap	0	superin	tendent	superintendent	
production-1957-vol1-56chapters	256	HYPHEN	blankgap	0	congratulat	ing	congratulating	
production-1957-vol1-56chapters	273	HYPHEN	blankgap	0	dis	trict	district	
production-1957-vol1-56chapters	283	HYPHEN	margin	9	re	gency	regency	lating to municipal sewer districts and declaring the ur
production-1957-vol1-56chapters	283	HYPHEN	blankgap	0	ur	gency	urgency	
production-1957-vol1-56chapters	305	HYPHEN	blankgap	0	appro	priation	appropriation	
production-1957-vol1-56chapters	347	HYPHEN	margin	16	con	structed	constructed	struction use supply maintenance repair and improvement | of said works including works constructed and being con
production-1957-vol1-56chapters	373	HYPHEN	blankgap	0	imme	diately	immediately	
production-1957-vol1-56chapters	377	HYPHEN	blankgap	0	munici	pal	municipal	
production-1957-vol1-56chapters	377	HYPHEN	blankgap	0	va	lidity	validity	
production-1957-vol1-56chapters	418	HYPHEN	blankgap	0	immedi	ately	immediately	
production-1957-vol1-56chapters	421	HYPHEN	margin	21	re	ferred	referred	sources or the State Water Rights Board or engaged in the | administration of a law the administration of which is trans
production-1957-vol1-56chapters	515	HYPHEN	blankgap	0	legis	lature	legislature	
production-1957-vol1-56chapters	59	HYPHEN	blankgap	0	com	pensation	compensation	
production-1957-vol1-56chapters	59	HYPHEN	blankgap	0	com	pensation	compensation	
production-1957-vol1-56chapters	59	HYPHEN	blankgap	0	estab	lishes	establishes	
production-1957-vol1-56chapters	85	HYPHEN	blankgap	0	his	torical	historical	
production-1957-vol1-56chapters	85	HYPHEN	blankgap	0	his	torical	historical	
production-1957-vol1-56chapters	85	HYPHEN	blankgap	0	his	torical	historical	
production-1957-vol1-56chapters	86	HYPHEN	blankgap	0	res	ervoir	reservoir	
production-1957-vol1-57chapters	101	HYPHEN	blankgap	0	imme	diately	immediately	
production-1957-vol1-57chapters	1017	HYPHEN	margin	14	con	tection	contection	trol and use of said water for the public good and for the pro
production-1957-vol1-57chapters	1035	HYPHEN	blankgap	0	dis	trict	district	
production-1957-vol1-57chapters	1035	HYPHEN	margin	19	con	structing	constructing	serve and store water by acquiring dams dam sites reservoirs | and reservuir sites canals ditches and conduits and con
production-1957-vol1-57chapters	1072	HYPHEN	margin	18	re	stitute	restitute	mained in office or employment until delivery thereof | Sec A majority of the members of the authority con
production-1957-vol1-57chapters	1073	HYPHEN	margin	21	inter	venient	intervenient	ests engineering studies data or reports owned or held by any | person and determined by the authority to be necessary con
production-1957-vol1-57chapters	108	HYPHEN	blankgap	0	volun	tarily	voluntarily	
production-1957-vol1-57chapters	11	HYPHEN	blankgap	0	legisla	tive	legislative	
production-1957-vol1-57chapters	1116	HYPHEN	blankgap	0	con	nection	connection	
production-1957-vol1-57chapters	122	HYPHEN	margin	11	re	mainder	remainder	turned shall be applied first to accrued interest and the re
production-1957-vol1-57chapters	1236	HYPHEN	blankgap	0	headquar	ters	headquarters	
production-1957-vol1-57chapters	1309	HYPHEN	blankgap	0	pre	cincts	precincts	
production-1957-vol1-57chapters	1335	HYPHEN	margin	10	re	gional	regional	sources Code relating to the destruction of records of re
production-1957-vol1-57chapters	1344	HYPHEN	blankgap	0	regis	tering	registering	
production-1957-vol1-57chapters	1373	HYPHEN	margin	22	pro	ducers	producers	visions of this chapter In case of failure by a dealer to pay | producer erediturs for farm products received from said pro
production-1957-vol1-57chapters	1380	HYPHEN	margin	22	pro	pelled	propelled	vide a first aid kit containing written instructions for the use | of its contents on each train or light engine however pro
production-1957-vol1-57chapters	1401	HYPHEN	blankgap	0	ter	ritory	territory	
production-1957-vol1-57chapters	1425	HYPHEN	blankgap	0	de	claring	declaring	
production-1957-vol1-57chapters	1493	HYPHEN	blankgap	0	cor	porations	corporations	
production-1957-vol1-57chapters	1587	HYPHEN	blankgap	0	dis	tricts	districts	
production-1957-vol1-57chapters	1614	HYPHEN	margin	3	mis	cellaneous	miscellaneous	or allowance eq
production-1957-vol1-57chapters	1616	HYPHEN	blankgap	0	re	jected	rejected	
production-1957-vol1-57chapters	1617	HYPHEN	blankgap	0	munic	ipal	municipal	
production-1957-vol1-57chapters	1629	NOHYPHEN	margin	2	membr	a	membra	bers Siu
production-1957-vol1-57chapters	1639	HYPHEN	blankgap	0	en	tirely	entirely	
production-1957-vol1-57chapters	1678	HYPHEN	blankgap	0	main	tenance	maintenance	
production-1957-vol1-57chapters	1679	HYPHEN	margin	15	con	cluding	concluding	struction or improvement | ec The purpose for which such money is to be used in
production-1957-vol1-57chapters	1682	HYPHEN	blankgap	0	re	ciprocal	reciprocal	
production-1957-vol1-57chapters	1692	HYPHEN	margin	9	con	cessive	concessive	tract and shall be extended automatically thereafter for suc
production-1957-vol1-57chapters	1786	HYPHEN	margin	1	acknowl	edged	acknowledged	ment
production-1957-vol1-57chapters	1787	HYPHEN	blankgap	0	reissu	ance	reissuance	
production-1957-vol1-57chapters	1809	HYPHEN	blankgap	0	appropria	tion	appropriation	
production-1957-vol1-57chapters	1836	HYPHEN	blankgap	0	dis	trict	district	
production-1957-vol1-57chapters	1897	HYPHEN	margin	24	li	censee	licensee	cense or permit or both as though such violation occurred on | the licensed premises The fee for a caterer s permit for a li
production-1957-vol1-57chapters	1937	HYPHEN	blankgap	0	commis	sioner	commissioner	
production-1957-vol1-57chapters	195	HYPHEN	margin	22	pro	ceeding	proceeding	posed from qualifying as an initiative or referendum measure | or resulting in a recall election is punishable by a fine not ex
production-1957-vol1-57chapters	198	HYPHEN	blankgap	0	pun	ishable	punishable	
production-1957-vol1-57chapters	2081	HYPHEN	blankgap	0	dis	trict	district	
production-1957-vol1-57chapters	2093	HYPHEN	blankgap	0	com	mencing	commencing	
production-1957-vol1-57chapters	2188	HYPHEN	blankgap	0	mu	nicipal	municipal	
production-1957-vol1-57chapters	236	HYPHEN	margin	20	de	ductions	deductions	cedent the basis shall be the amount determined under Section | reduced by the amount allowed to the taxpayer as de
production-1957-vol1-57chapters	239	HYPHEN	blankgap	0	immedi	ately	immediately	
production-1957-vol1-57chapters	354	HYPHEN	blankgap	0	immedi	ately	immediately	
production-1957-vol1-57chapters	358	HYPHEN	blankgap	0	pro	cedure	procedure	
production-1957-vol1-57chapters	362	HYPHEN	margin	13	in	jured	injured	am er jured or damaged or that any property has been taken in
production-1957-vol1-57chapters	380	HYPHEN	blankgap	0	mar	keted	marketed	
production-1957-vol1-57chapters	434	HYPHEN	margin	10	in	sultation	insultation	services snection service the director after an investigation and con
production-1957-vol1-57chapters	434	HYPHEN	blankgap	0	con	sultation	consultation	
production-1957-vol1-57chapters	437	HYPHEN	margin	10	pro	ducers	producers	visions of this section shall deduct from payments due pro
production-1957-vol1-57chapters	449	HYPHEN	blankgap	0	su	perior	superior	
production-1957-vol1-57chapters	460	HYPHEN	margin	1	di	rectly	directly	assent
production-1957-vol1-57chapters	497	HYPHEN	blankgap	0	dis	trict	district	
production-1957-vol1-57chapters	636	HYPHEN	margin	20	en	trar	entrar	forcement of the provisions of this division in his registration | district under the supervision and direction of the State Regis
production-1957-vol1-57chapters	667	HYPHEN	blankgap	0	renum	bered	renumbered	
production-1957-vol1-57chapters	668	HYPHEN	blankgap	0	prac	ticable	practicable	
production-1957-vol1-57chapters	711	HYPHEN	margin	19	ac	tioned	actioned	cept such declaration for recordation and shall index such | declaration in the names of all persons or corporations men
production-1957-vol1-57chapters	739	HYPHEN	blankgap	0	on	tario	ontario	
production-1957-vol1-57chapters	775	HYPHEN	blankgap	0	dis	trict	district	
production-1957-vol1-57chapters	830	HYPHEN	blankgap	0	promul	gated	promulgated	
production-1957-vol1-57chapters	85	HYPHEN	margin	20	in	terest	interest	vested solely in interest bearmg obligations of the United | States Government or of the State of California and all in
production-1957-vol1-57chapters	9	HYPHEN	blankgap	0	hos	pitals	hospitals	
production-1957-vol1-57chapters	9	HYPHEN	blankgap	0	imme	diately	immediately	
production-1957-vol1-57chapters	988	HYPHEN	blankgap	0	pro	fessions	professions	
production-1957-vol1-57chapters	992	HYPHEN	blankgap	0	au	thorize	authorize	
production-1957-vol1-57chapters	992	HYPHEN	blankgap	0	prorat	ing	prorating	
production-1957-vol1-57chapters	999	HYPHEN	blankgap	0	commis	sioner	commissioner	
production-1957-vol2-57chapters	1019	NOHYPHEN	margin	18	optom	a	optoma	ing descriptions may be retired for service at his option | upon written application therefor to the Retirement Board
production-1957-vol2-57chapters	1083	HYPHEN	blankgap	0	recrea	tion	recreation	
production-1957-vol2-57chapters	1119	HYPHEN	blankgap	0	optom	etry	optometry	
production-1957-vol2-57chapters	1134	HYPHEN	blankgap	0	in	spection	inspection	
production-1957-vol2-57chapters	1166	HYPHEN	blankgap	0	distri	bution	distribution	
production-1957-vol2-57chapters	1181	HYPHEN	blankgap	0	preserva	tion	preservation	
production-1957-vol2-57chapters	1181	HYPHEN	blankgap	0	appro	priation	appropriation	
production-1957-vol2-57chapters	1185	HYPHEN	margin	10	con	ferred	conferred	taining acres as designated in the patent last above re
production-1957-vol2-57chapters	1192	HYPHEN	margin	24	con	ceive	conceive	with aw tractor or employee of a contractor shall without permission | of the director make any gift or present to a prisoner or re
production-1957-vol2-57chapters	1220	HYPHEN	blankgap	0	incorpora	tors	incorporators	
production-1957-vol2-57chapters	1224	HYPHEN	blankgap	0	do	mestic	domestic	
production-1957-vol2-57chapters	1231	HYPHEN	blankgap	0	ed	ucation	education	
production-1957-vol2-57chapters	1244	HYPHEN	margin	8	at	tirement	attirement	tained the minimum qualifications for voluntary service re
production-1957-vol2-57chapters	1247	HYPHEN	blankgap	0	ur	gency	urgency	
production-1957-vol2-57chapters	1273	HYPHEN	blankgap	0	munic	ipal	municipal	
production-1957-vol2-57chapters	1284	HYPHEN	blankgap	0	com	puted	computed	
production-1957-vol2-57chapters	1286	HYPHEN	blankgap	0	trans	ferred	transferred	
production-1957-vol2-57chapters	1291	HYPHEN	blankgap	0	with	drawal	withdrawal	
production-1957-vol2-57chapters	1311	HYPHEN	blankgap	0	per	sonnel	personnel	
production-1957-vol2-57chapters	1311	HYPHEN	blankgap	0	appro	priation	appropriation	
production-1957-vol2-57chapters	1319	HYPHEN	blankgap	0	inves	tigating	investigating	
production-1957-vol2-57chapters	1332	HYPHEN	blankgap	0	appropria	tion	appropriation	
production-1957-vol2-57chapters	1332	HYPHEN	blankgap	0	appro	priation	appropriation	
production-1957-vol2-57chapters	1333	HYPHEN	blankgap	0	munici	pal	municipal	
production-1957-vol2-57chapters	1341	HYPHEN	blankgap	0	em	ployees	employees	
production-1957-vol2-57chapters	1344	HYPHEN	blankgap	0	appro	priation	appropriation	
production-1957-vol2-57chapters	1361	HYPHEN	blankgap	0	au	thority	authority	
production-1957-vol2-57chapters	15	HYPHEN	blankgap	0	recla	mation	reclamation	
production-1957-vol2-57chapters	1545	HYPHEN	margin	11	with	drawal	withdrawal	draw as a candidate by filing with the registrar his with
production-1957-vol2-57chapters	1639	HYPHEN	blankgap	0	con	tribution	contribution	
production-1957-vol2-57chapters	1675	HYPHEN	blankgap	0	commemo	rating	commemorating	
production-1957-vol2-57chapters	1690	HYPHEN	blankgap	0	con	gratulating	congratulating	
production-1957-vol2-57chapters	1702	HYPHEN	blankgap	0	commodi	ties	commodities	
production-1957-vol2-57chapters	1705	HYPHEN	blankgap	0	su	pervisors	supervisors	
production-1957-vol2-57chapters	1707	HYPHEN	margin	10	em	ployees	employees	ere ployees In fixing compensation to be paid unclassified em
production-1957-vol2-57chapters	1716	HYPHEN	margin	20	pro	posals	proposals	viding that Notice of Election be Given duly and regularly | submitted to the qualified electors of said City certain pro
production-1957-vol2-57chapters	1732	HYPHEN	blankgap	0	as	sembly	assembly	
production-1957-vol2-57chapters	1733	HYPHEN	blankgap	0	mainte	nance	maintenance	
production-1957-vol2-57chapters	1741	HYPHEN	blankgap	0	vet	erans	veterans	
production-1957-vol2-57chapters	1836	HYPHEN	blankgap	0	estab	lishment	establishment	
production-1957-vol2-57chapters	1838	HYPHEN	blankgap	0	legis	lature	legislature	
production-1957-vol2-57chapters	1915	HYPHEN	blankgap	0	trans	portation	transportation	
production-1957-vol2-57chapters	1969	HYPHEN	margin	9	re	gencies	regencies	serve Fund for the purpose of meeting unforeseen contin
production-1957-vol2-57chapters	1973	HYPHEN	blankgap	0	ap	purtenant	appurtenant	
production-1957-vol2-57chapters	2019	HYPHEN	blankgap	0	inves	tigation	investigation	
production-1957-vol2-57chapters	2032	HYPHEN	blankgap	0	con	gratulating	congratulating	
production-1957-vol2-57chapters	2053	HYPHEN	blankgap	0	incorpo	rated	incorporated	
production-1957-vol2-57chapters	2068	HYPHEN	margin	11	pre	lature	prelature	liminary report to be made by the committee to the Legis
production-1957-vol2-57chapters	21	HYPHEN	blankgap	0	can	didates	candidates	
production-1957-vol2-57chapters	223	HYPHEN	blankgap	0	cer	tifications	certifications	
production-1957-vol2-57chapters	270	HYPHEN	margin	10	re	ceipt	receipt	examination fee is refundable It is deemed earned upon re
production-1957-vol2-57chapters	288	HYPHEN	margin	21	pro	voked	provoked	vided however that within six months after the issuance of | such new permit such new permit may be suspended or re
production-1957-vol2-57chapters	29	HYPHEN	blankgap	0	legis	lators	legislators	
production-1957-vol2-57chapters	360	HYPHEN	blankgap	0	pro	ducers	producers	
production-1957-vol2-57chapters	370	HYPHEN	blankgap	0	au	thorized	authorized	
production-1957-vol2-57chapters	416	HYPHEN	blankgap	0	emer	gency	emergency	
production-1957-vol2-57chapters	419	HYPHEN	blankgap	0	pre	paredness	preparedness	
production-1957-vol2-57chapters	459	HYPHEN	blankgap	0	agricul	tural	agricultural	
production-1957-vol2-57chapters	5	HYPHEN	blankgap	0	de	claring	declaring	
production-1957-vol2-57chapters	519	HYPHEN	blankgap	0	nonsup	port	nonsupport	
production-1957-vol2-57chapters	535	HYPHEN	blankgap	0	acquisi	tion	acquisition	
production-1957-vol2-57chapters	539	HYPHEN	blankgap	0	imme	diately	immediately	
production-1957-vol2-57chapters	566	HYPHEN	blankgap	0	insti	tutions	institutions	
production-1957-vol2-57chapters	569	HYPHEN	margin	15	pro	portionate	proportionate	mote the interests of this State | e Such agreement or arrangement shall not require pro
production-1957-vol2-57chapters	585	HYPHEN	blankgap	0	com	mencing	commencing	
production-1957-vol2-57chapters	605	HYPHEN	blankgap	0	siski	you	siskiyou	
production-1957-vol2-57chapters	605	HYPHEN	blankgap	0	com	mencing	commencing	
production-1957-vol2-57chapters	609	HYPHEN	blankgap	0	prop	erty	property	
production-1957-vol2-57chapters	680	HYPHEN	blankgap	0	safekeep	ing	safekeeping	
production-1957-vol2-57chapters	692	HYPHEN	blankgap	0	pro	tection	protection	
production-1957-vol2-57chapters	694	HYPHEN	margin	23	pur	gations	purgations	pose and use to be made of the money or by the showing that | such agencies have made necessary advances or incurred obli
production-1957-vol2-57chapters	746	HYPHEN	margin	19	con	structions	constructions	tract with such other public agencies or private corporations | or persons for the purpose of financing such acquisitions con
production-1957-vol2-57chapters	749	HYPHEN	margin	11	pro	fited	profited	posed to be annexed to an improvement district will be bene
production-1957-vol2-57chapters	763	HYPHEN	blankgap	0	appro	priation	appropriation	
production-1957-vol2-57chapters	769	HYPHEN	blankgap	0	pro	fessions	professions	
production-1957-vol2-57chapters	774	HYPHEN	blankgap	0	de	fendant	defendant	
production-1957-vol2-57chapters	808	HYPHEN	blankgap	0	de	termined	determined	
production-1957-vol2-57chapters	809	HYPHEN	blankgap	0	de	claring	declaring	
production-1957-vol2-57chapters	824	HYPHEN	blankgap	0	recla	mation	reclamation	
production-1957-vol2-57chapters	83	HYPHEN	blankgap	0	bene	fited	benefited	
production-1957-vol2-57chapters	855	HYPHEN	margin	19	con	structions	constructions	tract with such other public agencies or private corporations | or persons for the purpose of financing such acquisitions con
production-1957-vol2-57chapters	858	HYPHEN	blankgap	0	munici	pal	municipal	
production-1957-vol2-57chapters	91	HYPHEN	blankgap	0	dis	tricts	districts	
production-1957-vol2-57chapters	926	HYPHEN	blankgap	0	im	provements	improvements	
production-1957-vol2-57chapters	936	HYPHEN	blankgap	0	appropria	te	appropriate	
production-1957-vol2-57chapters	973	HYPHEN	blankgap	0	imme	diately	immediately	
production-1959-vol1-58chapters	104	HYPHEN	blankgap	0	re	tirement	retirement	
production-1959-vol1-58chapters	119	HYPHEN	blankgap	0	sur	vivors	survivors	
production-1959-vol1-58chapters	186	HYPHEN	blankgap	0	imme	diately	immediately	
production-1959-vol1-58chapters	194	HYPHEN	blankgap	0	acquisi	tion	acquisition	
production-1959-vol1-58chapters	221	HYPHEN	blankgap	0	ur	gency	urgency	
production-1959-vol1-58chapters	248	HYPHEN	margin	20	pro	lative	prolative	moting the national defense and the economic and industrial | development of this State it is necessary to declare the lesis
production-1959-vol1-58chapters	322	HYPHEN	blankgap	0	vet	erans	veterans	
production-1959-vol1-58chapters	322	HYPHEN	blankgap	0	amend	atory	amendatory	
production-1959-vol1-58chapters	340	HYPHEN	blankgap	0	ap	propriating	appropriating	
production-1959-vol1-58chapters	381	HYPHEN	blankgap	0	aug	menting	augmenting	
production-1959-vol1-58chapters	418	HYPHEN	blankgap	0	munici	pal	municipal	
production-1959-vol1-58chapters	436	HYPHEN	blankgap	0	in	ternational	international	
production-1959-vol1-58chapters	481	HYPHEN	blankgap	0	exposi	tion	exposition	
production-1959-vol1-58chapters	518	HYPHEN	margin	7	re	stitution	restitution	Institution pairs and equipment Deuel Vocational In
production-1959-vol1-58chapters	560	HYPHEN	margin	2	com	pensation	compensation	ice officers
production-1959-vol1-58chapters	562	HYPHEN	blankgap	0	acquisi	tion	acquisition	
production-1959-vol1-58chapters	562	HYPHEN	blankgap	0	appro	priation	appropriation	
production-1959-vol1-58chapters	563	HYPHEN	blankgap	0	limi	tations	limitations	
production-1959-vol1-58chapters	64	HYPHEN	margin	22	re	tirement	retirement	viewed by the retirement board of the city and county and | shall not become effective unless and until approved by the re
production-1959-vol1-58chapters	85	HYPHEN	blankgap	0	cen	tennial	centennial	
production-1959-vol1-58chapters	85	HYPHEN	blankgap	0	con	gratulating	congratulating	
production-1959-vol1-58chapters	88	HYPHEN	blankgap	0	legisla	ture	legislature	
production-1959-vol1-59chapters	1049	HYPHEN	blankgap	0	re	quirements	requirements	
production-1959-vol1-59chapters	1100	HYPHEN	margin	2	de	termines	determines	speed limits
production-1959-vol1-59chapters	1122	HYPHEN	blankgap	0	sepa	rately	separately	
production-1959-vol1-59chapters	1130	HYPHEN	blankgap	0	re	quired	required	
production-1959-vol1-59chapters	1142	HYPHEN	blankgap	0	manufac	turer	manufacturer	
production-1959-vol1-59chapters	1143	HYPHEN	blankgap	0	manufac	turer	manufacturer	
production-1959-vol1-59chapters	1150	HYPHEN	margin	1	trans	portation	transportation	securement
production-1959-vol1-59chapters	1190	HYPHEN	margin	1	reg	ulation	regulation	parking
production-1959-vol1-59chapters	1234	HYPHEN	margin	3	ar	ticle	article	address ve tae
production-1959-vol1-59chapters	1256	HYPHEN	blankgap	0	exam	ination	examination	
production-1959-vol1-59chapters	126	HYPHEN	margin	12	peti	tioning	petitioning	tion or if there are two or more high school districts peti
production-1959-vol1-59chapters	126	HYPHEN	blankgap	0	peti	tioning	petitioning	
production-1959-vol1-59chapters	1269	HYPHEN	blankgap	0	com	mencing	commencing	
production-1959-vol1-59chapters	1279	HYPHEN	blankgap	0	ur	gency	urgency	
production-1959-vol1-59chapters	1349	HYPHEN	blankgap	0	leg	islature	legislature	
production-1959-vol1-59chapters	1351	HYPHEN	blankgap	0	imme	diately	immediately	
production-1959-vol1-59chapters	1363	HYPHEN	blankgap	0	ur	gency	urgency	
production-1959-vol1-59chapters	1364	HYPHEN	blankgap	0	ur	gency	urgency	
production-1959-vol1-59chapters	1367	HYPHEN	blankgap	0	obliga	tions	obligations	
production-1959-vol1-59chapters	1369	HYPHEN	blankgap	0	legis	lative	legislative	
production-1959-vol1-59chapters	1405	HYPHEN	blankgap	0	de	claring	declaring	
production-1959-vol1-59chapters	1423	HYPHEN	margin	11	con	veyance	conveyance	tained shall be construed to apply to a lease mortgage con
production-1959-vol1-59chapters	1430	HYPHEN	blankgap	0	ur	gency	urgency	
production-1959-vol1-59chapters	1453	HYPHEN	blankgap	0	em	ployees	employees	
production-1959-vol1-59chapters	1481	HYPHEN	blankgap	0	refer	endum	referendum	
production-1959-vol1-59chapters	1529	HYPHEN	blankgap	0	immedi	ately	immediately	
production-1959-vol1-59chapters	1564	HYPHEN	blankgap	0	dis	trict	district	
production-1959-vol1-59chapters	1573	HYPHEN	margin	11	con	cordance	concordance	nected with the election shall be regulated and done in ac
production-1959-vol1-59chapters	1628	HYPHEN	blankgap	0	commenc	ing	commencing	
production-1959-vol1-59chapters	1629	HYPHEN	blankgap	0	ar	ticle	article	
production-1959-vol1-59chapters	1629	HYPHEN	blankgap	0	commenc	ing	commencing	
production-1959-vol1-59chapters	1632	HYPHEN	blankgap	0	renum	bered	renumbered	
production-1959-vol1-59chapters	1635	HYPHEN	margin	10	cali	bered	calibered	fornia | Sec Section of said code is amended and renum
production-1959-vol1-59chapters	1649	HYPHEN	blankgap	0	em	ployees	employees	
production-1959-vol1-59chapters	1677	HYPHEN	margin	21	con	stituting	constituting	tracts and thereby bind the conservatorship estate to operate | at the risk of the estate any business farm or enterprise con
production-1959-vol1-59chapters	1698	HYPHEN	margin	12	com	petent	competent	plies with this part and for that purpose shall hear all com
production-1959-vol1-59chapters	1723	HYPHEN	margin	16	con	structed	constructed	struction use supply maintenance repair and improvement | of said works ineluding works constructed and being con
production-1959-vol1-59chapters	1757	HYPHEN	blankgap	0	dis	trict	district	
production-1959-vol1-59chapters	1782	HYPHEN	blankgap	0	sup	plementary	supplementary	
production-1959-vol1-59chapters	1814	HYPHEN	blankgap	0	de	claring	declaring	
production-1959-vol1-59chapters	1817	HYPHEN	margin	10	sec	urer	securer	tion may be invested and reinvested by the State Treas
production-1959-vol1-59chapters	1852	HYPHEN	margin	2	pro	cedure	procedure	and excuses
production-1959-vol1-59chapters	1884	HYPHEN	blankgap	0	determina	tions	determinations	
production-1959-vol1-59chapters	1890	HYPHEN	blankgap	0	in	stallments	installments	
production-1959-vol1-59chapters	1890	HYPHEN	blankgap	0	re	demption	redemption	
production-1959-vol1-59chapters	1890	HYPHEN	blankgap	0	cor	rected	corrected	
production-1959-vol1-59chapters	1896	HYPHEN	blankgap	0	presi	dential	presidential	
production-1959-vol1-59chapters	1937	HYPHEN	margin	10	re	mainder	remainder	questing which certificate shall then be effective for the re
production-1959-vol1-59chapters	1947	HYPHEN	blankgap	0	com	mencing	commencing	
production-1959-vol1-59chapters	1951	HYPHEN	blankgap	0	ur	gency	urgency	
production-1959-vol1-59chapters	1973	HYPHEN	blankgap	0	mu	nicipal	municipal	
production-1959-vol1-59chapters	1982	HYPHEN	blankgap	0	com	mencing	commencing	
production-1959-vol1-59chapters	1982	HYPHEN	blankgap	0	com	mencing	commencing	
production-1959-vol1-59chapters	2012	HYPHEN	blankgap	0	pro	fessions	professions	
production-1959-vol1-59chapters	202	HYPHEN	blankgap	0	in	dicated	indicated	
production-1959-vol1-59chapters	204	HYPHEN	margin	20	pro	fessional	professional	unpubie mote and direct special instruction in the public schools for | sehools physivcally handicapped minors He may employ such pro
production-1959-vol1-59chapters	2081	HYPHEN	blankgap	0	immedi	ately	immediately	
production-1959-vol1-59chapters	2097	HYPHEN	blankgap	0	prop	erty	property	
production-1959-vol1-59chapters	2104	HYPHEN	blankgap	0	recorda	tion	recordation	
production-1959-vol1-59chapters	2104	HYPHEN	blankgap	0	pro	cedure	procedure	
production-1959-vol1-59chapters	2108	HYPHEN	blankgap	0	cosme	tology	cosmetology	
production-1959-vol1-59chapters	2128	HYPHEN	blankgap	0	insti	tutions	institutions	
production-1959-vol1-59chapters	2150	HYPHEN	blankgap	0	legis	lature	legislature	
production-1959-vol1-59chapters	2150	HYPHEN	blankgap	0	li	braries	libraries	
production-1959-vol1-59chapters	2175	HYPHEN	blankgap	0	sur	vivors	survivors	
production-1959-vol1-59chapters	2175	HYPHEN	blankgap	0	immedi	ately	immediately	
production-1959-vol1-59chapters	2272	HYPHEN	blankgap	0	dis	tributee	distributee	
production-1959-vol1-59chapters	2286	HYPHEN	blankgap	0	cor	poration	corporation	
production-1959-vol1-59chapters	2289	HYPHEN	blankgap	0	pro	tection	protection	
production-1959-vol1-59chapters	2339	HYPHEN	blankgap	0	dis	tricts	districts	
production-1959-vol1-59chapters	2388	HYPHEN	blankgap	0	dis	trict	district	
production-1959-vol1-59chapters	2405	HYPHEN	margin	14	divi	nized	divinized	sion of this code | No such regulation shall be established for any drug recog
production-1959-vol1-59chapters	338	HYPHEN	margin	12	in	voked	invoked	elusive | Phy sielan The qualifications for a physician shall be an unre
production-1959-vol1-59chapters	366	HYPHEN	margin	3	com	pensation	compensation	princ pals oe
production-1959-vol1-59chapters	370	HYPHEN	margin	8	re	gency	regency	quiring certification qualifications and serving under an emer
production-1959-vol1-59chapters	392	HYPHEN	margin	1	con	tributions	contributions	ributions
production-1959-vol1-59chapters	392	HYPHEN	blankgap	0	an	nuity	annuity	
production-1959-vol1-59chapters	478	HYPHEN	blankgap	0	con	ferred	conferred	
production-1959-vol1-59chapters	498	HYPHEN	blankgap	0	con	flict	conflict	
production-1959-vol1-59chapters	548	HYPHEN	margin	10	in	fective	infective	elusive whichever are in effect This section shall become ef
production-1959-vol1-59chapters	548	HYPHEN	blankgap	0	ef	fective	effective	
production-1959-vol1-59chapters	607	HYPHEN	blankgap	0	al	lowances	allowances	
production-1959-vol1-59chapters	627	HYPHEN	blankgap	0	re	imbursements	reimbursements	
production-1959-vol1-59chapters	674	HYPHEN	blankgap	0	en	dorsed	endorsed	
production-1959-vol1-59chapters	75	HYPHEN	blankgap	0	reorgani	zation	reorganization	
production-1959-vol1-59chapters	767	HYPHEN	blankgap	0	dis	trict	district	
production-1959-vol1-59chapters	783	HYPHEN	margin	22	re	pleted	repleted	turns are all received and shall then proceed to canvass them | The canvass may be continued from day to day until com
production-1959-vol1-59chapters	796	HYPHEN	blankgap	0	treas	urer	treasurer	
production-1959-vol1-59chapters	796	HYPHEN	blankgap	0	men	tioned	mentioned	
production-1959-vol1-59chapters	812	HYPHEN	blankgap	0	con	structing	constructing	
production-1959-vol1-59chapters	84	HYPHEN	margin	21	in	quired	inquired	elusion of such territory to the school district in the manner | provided elsewhere in this code or unless the resolution re
production-1959-vol1-59chapters	895	HYPHEN	blankgap	0	commenc	ing	commencing	
production-1959-vol1-59chapters	94	HYPHEN	margin	21	com	mencing	commencing	prising a part of the joint union elementary school district | is wholly situated shall for the purposes of this article com
production-1959-vol1-59chapters	968	NOHYPHEN	blankgap	0	encum	brances	encumbrances	
production-1959-vol1-59chapters	972	HYPHEN	blankgap	0	impris	onment	imprisonment	
production-1959-vol1-59chapters	972	HYPHEN	blankgap	0	ve	hicle	vehicle	
production-1959-vol1-59chapters	988	HYPHEN	blankgap	0	representa	tives	representatives	
production-1959-vol2-chapters	1010	HYPHEN	blankgap	0	re	tirement	retirement	
production-1959-vol2-chapters	1021	HYPHEN	blankgap	0	bur	lingame	burlingame	
production-1959-vol2-chapters	1031	HYPHEN	blankgap	0	in	surance	insurance	
production-1959-vol2-chapters	1032	HYPHEN	margin	1	transporta	tion	transportation	meanors
production-1959-vol2-chapters	1043	HYPHEN	blankgap	0	de	claring	declaring	
production-1959-vol2-chapters	1049	HYPHEN	blankgap	0	dis	tricts	districts	
production-1959-vol2-chapters	1053	HYPHEN	margin	19	in	stitution	institution	dependently of each other A multiple dwelling shall not be | deemed to include a hospital convent monastery public in
production-1959-vol2-chapters	1064	HYPHEN	blankgap	0	agricul	tural	agricultural	
production-1959-vol2-chapters	108	HYPHEN	blankgap	0	em	ployees	employees	
production-1959-vol2-chapters	1093	HYPHEN	blankgap	0	com	mencing	commencing	
production-1959-vol2-chapters	113	HYPHEN	blankgap	0	dis	trict	district	
production-1959-vol2-chapters	1134	HYPHEN	blankgap	0	mu	nicipal	municipal	
production-1959-vol2-chapters	1136	HYPHEN	blankgap	0	dis	trict	district	
production-1959-vol2-chapters	1160	HYPHEN	blankgap	0	indicat	ing	indicating	
production-1959-vol2-chapters	1161	HYPHEN	blankgap	0	asso	ciations	associations	
production-1959-vol2-chapters	1181	HYPHEN	blankgap	0	imme	diately	immediately	
production-1959-vol2-chapters	1196	HYPHEN	blankgap	0	pro	bation	probation	
production-1959-vol2-chapters	1200	HYPHEN	margin	21	pur	suance	pursuance	suant to Section of the Public Utilities Code at the time | the rapid transit tube is construeted provided that said is
production-1959-vol2-chapters	1247	HYPHEN	blankgap	0	dis	tricts	districts	
production-1959-vol2-chapters	1274	HYPHEN	blankgap	0	com	mencing	commencing	
production-1959-vol2-chapters	1318	HYPHEN	blankgap	0	manu	facturers	manufacturers	
production-1959-vol2-chapters	133	HYPHEN	blankgap	0	recipi	ents	recipients	
production-1959-vol2-chapters	1342	HYPHEN	margin	20	pro	priation	propriation	visions of Section of this code as added by Chapter | of the Statutes of and not as an additional appro
production-1959-vol2-chapters	1358	HYPHEN	margin	23	pro	ductions	productions	vided in this part any overpayment due a taxpayer for any | vear which results from a transfer of items of income or de
production-1959-vol2-chapters	1422	HYPHEN	blankgap	0	pro	cedures	procedures	
production-1959-vol2-chapters	1428	HYPHEN	margin	16	con	structed	constructed	struction use supply maintenance repair and improvement | of said works including works constructed and being con
production-1959-vol2-chapters	1448	HYPHEN	blankgap	0	divi	dends	dividends	
production-1959-vol2-chapters	1451	HYPHEN	blankgap	0	commenc	ing	commencing	
production-1959-vol2-chapters	1451	HYPHEN	blankgap	0	abol	ishing	abolishing	
production-1959-vol2-chapters	147	HYPHEN	blankgap	0	ad	versely	adversely	
production-1959-vol2-chapters	1480	HYPHEN	blankgap	0	con	tribution	contribution	
production-1959-vol2-chapters	1494	HYPHEN	blankgap	0	appor	tionment	apportionment	
production-1959-vol2-chapters	1525	HYPHEN	blankgap	0	gov	ernor	governor	
production-1959-vol2-chapters	1530	HYPHEN	margin	1	indi	rectly	indirectly	bans
production-1959-vol2-chapters	154	HYPHEN	blankgap	0	re	newal	renewal	
production-1959-vol2-chapters	154	HYPHEN	blankgap	0	imme	diately	immediately	
production-1959-vol2-chapters	156	HYPHEN	margin	1	prelimi	nary	preliminary	plan
production-1959-vol2-chapters	1597	HYPHEN	blankgap	0	in	vestigation	investigation	
production-1959-vol2-chapters	1633	HYPHEN	blankgap	0	installa	tion	installation	
production-1959-vol2-chapters	1637	HYPHEN	blankgap	0	pop	ulation	population	
production-1959-vol2-chapters	1674	HYPHEN	blankgap	0	par	ticipating	participating	
production-1959-vol2-chapters	169	HYPHEN	blankgap	0	recla	mation	reclamation	
production-1959-vol2-chapters	1698	HYPHEN	margin	22	ap	propriated	appropriated	propriation made by Item of the Budget Act of | and as set forth in the schedule in that item is hereby reap
production-1959-vol2-chapters	1732	HYPHEN	blankgap	0	rev	enue	revenue	
production-1959-vol2-chapters	1751	HYPHEN	blankgap	0	de	claring	declaring	
production-1959-vol2-chapters	1763	HYPHEN	blankgap	0	com	mencing	commencing	
production-1959-vol2-chapters	1763	HYPHEN	blankgap	0	imme	diately	immediately	
production-1959-vol2-chapters	1764	HYPHEN	blankgap	0	ex	ecuted	executed	
production-1959-vol2-chapters	1784	HYPHEN	margin	11	ac	quired	acquired	cording to their vuwn knowledge that the person has the re
production-1959-vol2-chapters	1798	HYPHEN	blankgap	0	authoriz	ing	authorizing	
production-1959-vol2-chapters	1843	HYPHEN	blankgap	0	ac	countancy	accountancy	
production-1959-vol2-chapters	1891	HYPHEN	blankgap	0	man	agement	management	
production-1959-vol2-chapters	1891	HYPHEN	blankgap	0	acquisi	tion	acquisition	
production-1959-vol2-chapters	190	HYPHEN	blankgap	0	imme	diately	immediately	
production-1959-vol2-chapters	1925	HYPHEN	blankgap	0	man	agement	management	
production-1959-vol2-chapters	1925	HYPHEN	blankgap	0	acquisi	tion	acquisition	
production-1959-vol2-chapters	1926	HYPHEN	margin	9	em	ersed	emersed	bankmeut or other structure which shall be intersected trav
production-1959-vol2-chapters	1957	HYPHEN	blankgap	0	con	sisting	consisting	
production-1959-vol2-chapters	1987	HYPHEN	blankgap	0	dis	trict	district	
production-1959-vol2-chapters	2023	HYPHEN	blankgap	0	imme	diately	immediately	
production-1959-vol2-chapters	203	HYPHEN	blankgap	0	plani	metric	planimetric	
production-1959-vol2-chapters	2070	HYPHEN	margin	23	dis	tinguishing	distinguishing	posal thereof the agency may apply as much of the proceeds | of the sale as are necessary to extinguish the lability In ex
production-1959-vol2-chapters	2164	HYPHEN	blankgap	0	pe	tition	petition	
production-1959-vol2-chapters	2168	HYPHEN	margin	7	re	clusion	reclusion	late to annexation disorganization disincorporation and ex
production-1959-vol2-chapters	2179	HYPHEN	blankgap	0	compensa	tion	compensation	
production-1959-vol2-chapters	2227	HYPHEN	margin	23	re	voked	revoked	in charge of a licensed office or agency pursuant to the pro Mt | visions of Section or whose license is suspended or re
production-1959-vol2-chapters	2234	HYPHEN	blankgap	0	irriga	tion	irrigation	
production-1959-vol2-chapters	2238	HYPHEN	blankgap	0	prop	erty	property	
production-1959-vol2-chapters	2238	HYPHEN	margin	19	pro	ceedings	proceedings	visions of the Code of Civil Procedure relating to eminent | domain The department shall not commence any such pro
production-1959-vol2-chapters	2264	HYPHEN	blankgap	0	ap	plicant	applicant	
production-1959-vol2-chapters	2286	HYPHEN	blankgap	0	magis	trate	magistrate	
production-1959-vol2-chapters	2286	HYPHEN	blankgap	0	magis	trate	magistrate	
production-1959-vol2-chapters	2437	HYPHEN	margin	10	in	formity	informity	validate any publication where the same is otherwise in con
production-1959-vol2-chapters	2473	HYPHEN	blankgap	0	legisla	ture	legislature	
production-1959-vol2-chapters	2537	HYPHEN	blankgap	0	sug	gestions	suggestions	
production-1959-vol2-chapters	2609	HYPHEN	blankgap	0	mis	cellaneous	miscellaneous	
production-1959-vol2-chapters	2616	NOHYPHEN	margin	11	compensa	tive	compensative	officers shall not be increased during the terms of their respec
production-1959-vol2-chapters	262	HYPHEN	blankgap	0	sur	viving	surviving	
production-1959-vol2-chapters	2632	HYPHEN	blankgap	0	buenaven	tura	buenaventura	
production-1959-vol2-chapters	2700	HYPHEN	blankgap	0	rejec	tion	rejection	
production-1959-vol2-chapters	271	HYPHEN	blankgap	0	de	manded	demanded	
production-1959-vol2-chapters	2760	HYPHEN	blankgap	0	liti	gation	litigation	
production-1959-vol2-chapters	2770	HYPHEN	blankgap	0	aug	menting	augmenting	
production-1959-vol2-chapters	284	HYPHEN	blankgap	0	dis	trict	district	
production-1959-vol2-chapters	326	HYPHEN	blankgap	0	in	cluding	including	
production-1959-vol2-chapters	34	HYPHEN	margin	10	pro	ceedings	proceedings	vided for his services in reporting testimony in criminal pro
production-1959-vol2-chapters	35	HYPHEN	blankgap	0	re	tirement	retirement	
production-1959-vol2-chapters	352	HYPHEN	blankgap	0	superin	tendent	superintendent	
production-1959-vol2-chapters	374	HYPHEN	blankgap	0	rela	tionships	relationships	
production-1959-vol2-chapters	381	HYPHEN	blankgap	0	pro	cedure	procedure	
production-1959-vol2-chapters	392	HYPHEN	blankgap	0	commenc	ing	commencing	
production-1959-vol2-chapters	402	HYPHEN	margin	2	miscella	neous	miscellaneous	ne pension
production-1959-vol2-chapters	415	HYPHEN	blankgap	0	imme	diately	immediately	
production-1959-vol2-chapters	434	HYPHEN	blankgap	0	em	ployees	employees	
production-1959-vol2-chapters	434	HYPHEN	blankgap	0	in	cluding	including	
production-1959-vol2-chapters	511	HYPHEN	blankgap	0	engi	neering	engineering	
production-1959-vol2-chapters	511	HYPHEN	blankgap	0	engi	neering	engineering	
production-1959-vol2-chapters	511	HYPHEN	blankgap	0	im	provements	improvements	
production-1959-vol2-chapters	511	HYPHEN	blankgap	0	engi	neering	engineering	
production-1959-vol2-chapters	511	HYPHEN	blankgap	0	archi	tecture	architecture	
production-1959-vol2-chapters	511	HYPHEN	blankgap	0	chem	istry	chemistry	
production-1959-vol2-chapters	531	HYPHEN	blankgap	0	per	sonnel	personnel	
production-1959-vol2-chapters	531	HYPHEN	blankgap	0	es	tablished	established	
production-1959-vol2-chapters	531	HYPHEN	blankgap	0	appropria	tion	appropriation	
production-1959-vol2-chapters	545	HYPHEN	blankgap	0	in	clude	include	
production-1959-vol2-chapters	559	HYPHEN	blankgap	0	com	mencing	commencing	
production-1959-vol2-chapters	559	HYPHEN	blankgap	0	compen	sation	compensation	
production-1959-vol2-chapters	599	HYPHEN	blankgap	0	imme	diately	immediately	
production-1959-vol2-chapters	605	HYPHEN	blankgap	0	delin	quency	delinquency	
production-1959-vol2-chapters	605	HYPHEN	blankgap	0	pro	ceeding	proceeding	
production-1959-vol2-chapters	606	HYPHEN	blankgap	0	com	mencing	commencing	
production-1959-vol2-chapters	626	HYPHEN	margin	16	con	structed	constructed	struction use supply maintenance repair and improvement | of said works including works constructed and being con
production-1959-vol2-chapters	659	HYPHEN	blankgap	0	pro	fessions	professions	
production-1959-vol2-chapters	747	HYPHEN	margin	21	con	ferred	conferred	vey mortgage pledge or otherwise dispose of the property | or any part thereof which is alleged to have been so trans
production-1959-vol2-chapters	759	HYPHEN	blankgap	0	hos	pitals	hospitals	
production-1959-vol2-chapters	775	HYPHEN	blankgap	0	supervi	sion	supervision	
production-1959-vol2-chapters	785	HYPHEN	blankgap	0	imme	diately	immediately	
production-1959-vol2-chapters	874	HYPHEN	blankgap	0	ur	gency	urgency	
production-1959-vol2-chapters	882	HYPHEN	margin	11	de	termined	determined	partment of Public Health or if the total fat content de
production-1959-vol2-chapters	885	HYPHEN	blankgap	0	bev	erages	beverages	
production-1959-vol2-chapters	95	NOHYPHEN	margin	13	boute	t	boutet	in Santa Ana Canyon | SEc Section is added to said code to read
production-1959-vol2-chapters	957	HYPHEN	blankgap	0	pro	cedures	procedures	
production-1961-vol1-60chapters	111	HYPHEN	blankgap	0	expendi	tures	expenditures	
production-1961-vol1-60chapters	111	HYPHEN	blankgap	0	per	sonnel	personnel	
production-1961-vol1-60chapters	132	HYPHEN	blankgap	0	immedi	ately	immediately	
production-1961-vol1-60chapters	138	HYPHEN	blankgap	0	con	solidated	consolidated	
production-1961-vol1-60chapters	166	HYPHEN	margin	21	adminis	trative	administrative	head of the administrative branch of the City government | He shall be chosen on the basis of his executive and adminis
production-1961-vol1-60chapters	297	HYPHEN	blankgap	0	ex	penses	expenses	
production-1961-vol1-60chapters	297	HYPHEN	blankgap	0	extraor	dinary	extraordinary	
production-1961-vol1-60chapters	307	HYPHEN	blankgap	0	imme	diately	immediately	
production-1961-vol1-60chapters	326	HYPHEN	blankgap	0	su	pervisors	supervisors	
production-1961-vol1-60chapters	361	HYPHEN	blankgap	0	imme	diately	immediately	
production-1961-vol1-60chapters	379	HYPHEN	blankgap	0	dis	tricts	districts	
production-1961-vol1-60chapters	390	HYPHEN	blankgap	0	consti	tutional	constitutional	
production-1961-vol1-60chapters	422	HYPHEN	blankgap	0	trans	ferred	transferred	
production-1961-vol1-60chapters	432	HYPHEN	blankgap	0	pro	fessions	professions	
production-1961-vol1-60chapters	435	HYPHEN	margin	8	in	sults	insults	dependent public accountant of recognized standing The re
production-1961-vol1-60chapters	473	HYPHEN	blankgap	0	compil	ing	compiling	
production-1961-vol1-60chapters	484	HYPHEN	blankgap	0	organi	zation	organization	
production-1961-vol1-60chapters	72	HYPHEN	margin	7	re	ferred	referred	sources provided that the money so trans
production-1961-vol1-60chapters	91	HYPHEN	blankgap	0	engi	neering	engineering	
production-1961-vol1-60chapters	91	HYPHEN	blankgap	0	chem	istry	chemistry	
production-1961-vol1-61chapters	1	HYPHEN	blankgap	0	de	claring	declaring	
production-1961-vol1-61chapters	1001	HYPHEN	blankgap	0	dis	trict	district	
production-1961-vol1-61chapters	1012	HYPHEN	blankgap	0	acqui	sition	acquisition	
production-1961-vol1-61chapters	1034	HYPHEN	margin	17	com	mencing	commencing	mencirg with Section of Part of Division aid to | the potentially self supporting blind under Chapter com
production-1961-vol1-61chapters	1035	HYPHEN	blankgap	0	commenc	ing	commencing	
production-1961-vol1-61chapters	1059	HYPHEN	blankgap	0	ex	penditure	expenditure	
production-1961-vol1-61chapters	1096	HYPHEN	margin	20	pro	ceedings	proceedings	visions of this chapter or any rule or regulation duly adopted | and promulgated by the director under Section The pro
production-1961-vol1-61chapters	1116	HYPHEN	blankgap	0	renum	ber	renumber	
production-1961-vol1-61chapters	1138	HYPHEN	margin	2	in	tervention	intervention	by trustee
production-1961-vol1-61chapters	1143	HYPHEN	blankgap	0	fur	therance	furtherance	
production-1961-vol1-61chapters	1163	HYPHEN	blankgap	0	pro	tection	protection	
production-1961-vol1-61chapters	1203	HYPHEN	blankgap	0	sur	vivors	survivors	
production-1961-vol1-61chapters	1210	HYPHEN	margin	11	pro	cedure	procedure	vided in Part Title Chapter of the Code of Civil Pro
production-1961-vol1-61chapters	1222	HYPHEN	margin	9	con	fected	confected	tract or suretyship policy vontract or arrangement not af
production-1961-vol1-61chapters	1245	HYPHEN	blankgap	0	con	tinued	continued	
production-1961-vol1-61chapters	13	HYPHEN	blankgap	0	imme	diately	immediately	
production-1961-vol1-61chapters	1316	HYPHEN	blankgap	0	prop	erty	property	
production-1961-vol1-61chapters	1373	HYPHEN	margin	11	pro	fited	profited	posed to be annexed to an improvement district will be bene
production-1961-vol1-61chapters	1381	HYPHEN	blankgap	0	dis	trict	district	
production-1961-vol1-61chapters	1412	HYPHEN	blankgap	0	uni	formity	uniformity	
production-1961-vol1-61chapters	1459	NOHYPHEN	margin	15	repea	ter	repeater	Part of Division of said code is repealed | Sec Article commencing with Section Chap repeat
production-1961-vol1-61chapters	1494	HYPHEN	blankgap	0	as	sembly	assembly	
production-1961-vol1-61chapters	1541	HYPHEN	margin	23	re	quisition	requisition	construct such road although it is not of the width required by | Section The board shall charge the expense of such ac Fxpense
production-1961-vol1-61chapters	1604	HYPHEN	blankgap	0	au	thority	authority	
production-1961-vol1-61chapters	1605	HYPHEN	blankgap	0	dis	trict	district	
production-1961-vol1-61chapters	1627	HYPHEN	margin	21	sub	sists	subsists	section a of Section or of Section if it were | not for the fact that the property received in exchange con
production-1961-vol1-61chapters	1627	HYPHEN	margin	21	sub	sists	subsists	section a of Section or of Section if it were | not for the fact that the property received in exchange con
production-1961-vol1-61chapters	1630	NOHYPHEN	blankgap	0	determina	tions	determinations	
production-1961-vol1-61chapters	1642	HYPHEN	margin	19	ex	cisable	excisable	eludirg any period for which the lease may subsequently be | renewed extended or contmned pursuant to an option exer
production-1961-vol1-61chapters	1652	HYPHEN	blankgap	0	divi	dend	dividend	
production-1961-vol1-61chapters	1654	NOHYPHEN	blankgap	0	compensa	tion	compensation	
production-1961-vol1-61chapters	1681	HYPHEN	margin	21	sub	sists	subsists	section a of Seetion or of Section if it were | not for the fact that the property received in exchange con
production-1961-vol1-61chapters	1681	HYPHEN	margin	21	sub	sists	subsists	section a of Section or of Section if it were | not for the fact that the property received in exchange con
production-1961-vol1-61chapters	1709	HYPHEN	blankgap	0	imme	diately	immediately	
production-1961-vol1-61chapters	1729	HYPHEN	blankgap	0	immedi	ately	immediately	
production-1961-vol1-61chapters	1750	HYPHEN	margin	19	ap	portionment	apportionment	plication for an apportionment for a construction project by | the board prior to August and to a conditional ap
production-1961-vol1-61chapters	1797	HYPHEN	blankgap	0	de	claring	declaring	
production-1961-vol1-61chapters	1801	HYPHEN	blankgap	0	imme	diately	immediately	
production-1961-vol1-61chapters	1842	HYPHEN	blankgap	0	immedi	ately	immediately	
production-1961-vol1-61chapters	1843	HYPHEN	blankgap	0	em	ployees	employees	
production-1961-vol1-61chapters	1883	HYPHEN	blankgap	0	expendi	ture	expenditure	
production-1961-vol1-61chapters	1883	HYPHEN	blankgap	0	for	estry	forestry	
production-1961-vol1-61chapters	1883	HYPHEN	blankgap	0	for	estry	forestry	
production-1961-vol1-61chapters	1883	HYPHEN	blankgap	0	for	estry	forestry	
production-1961-vol1-61chapters	1924	HYPHEN	blankgap	0	chem	istry	chemistry	
production-1961-vol1-61chapters	1924	HYPHEN	blankgap	0	li	brary	library	
production-1961-vol1-61chapters	1924	HYPHEN	blankgap	0	ex	perimental	experimental	
production-1961-vol1-61chapters	1925	HYPHEN	blankgap	0	en	gineering	engineering	
production-1961-vol1-61chapters	1925	HYPHEN	blankgap	0	engi	neering	engineering	
production-1961-vol1-61chapters	1925	HYPHEN	blankgap	0	engi	neering	engineering	
production-1961-vol1-61chapters	1925	HYPHEN	blankgap	0	chem	istry	chemistry	
production-1961-vol1-61chapters	1925	HYPHEN	blankgap	0	li	brary	library	
production-1961-vol1-61chapters	1925	HYPHEN	blankgap	0	reha	bilitation	rehabilitation	
production-1961-vol1-61chapters	1946	HYPHEN	margin	2	mainte	nance	maintenance	jomes ete
production-1961-vol1-61chapters	1949	HYPHEN	blankgap	0	in	curred	incurred	
production-1961-vol1-61chapters	1949	HYPHEN	blankgap	0	ex	amining	examining	
production-1961-vol1-61chapters	1950	HYPHEN	blankgap	0	in	quisition	inquisition	
production-1961-vol1-61chapters	1979	HYPHEN	blankgap	0	ur	gency	urgency	
production-1961-vol1-61chapters	1979	HYPHEN	blankgap	0	imme	diately	immediately	
production-1961-vol1-61chapters	2002	HYPHEN	margin	7	renc	e	rence	vator or fur renovator is fifteen dollars
production-1961-vol1-61chapters	2009	HYPHEN	margin	16	con	ceptions	conceptions	servation or utilization or flood protection projects including | the construction maintenance and operation thereof The ex
production-1961-vol1-61chapters	2057	HYPHEN	blankgap	0	dis	trict	district	
production-1961-vol1-61chapters	2074	HYPHEN	blankgap	0	dis	tricts	districts	
production-1961-vol1-61chapters	2081	HYPHEN	blankgap	0	as	sembly	assembly	
production-1961-vol1-61chapters	2114	HYPHEN	margin	10	dis	trict	district	posal facilities in the district or within an improvement dis
production-1961-vol1-61chapters	2191	HYPHEN	blankgap	0	edu	cational	educational	
production-1961-vol1-61chapters	2210	HYPHEN	blankgap	0	renum	bered	renumbered	
production-1961-vol1-61chapters	2210	HYPHEN	blankgap	0	renum	bered	renumbered	
production-1961-vol1-61chapters	2219	HYPHEN	blankgap	0	dis	tricts	districts	
production-1961-vol1-61chapters	2243	HYPHEN	margin	19	con	structions	constructions	tract with such other public agencies or private corporations | or persons for the purpose of financing such acquisitions con
production-1961-vol1-61chapters	2301	HYPHEN	margin	22	com	mitment	commitment	mitting the person to the department for placement in a state | hospital for an indeterminate period and a copy of such com
production-1961-vol1-61chapters	2316	HYPHEN	blankgap	0	satis	factorily	satisfactorily	
production-1961-vol1-61chapters	2345	HYPHEN	blankgap	0	limita	tions	limitations	
production-1961-vol1-61chapters	2389	HYPHEN	blankgap	0	partici	pating	participating	
production-1961-vol1-61chapters	2390	HYPHEN	margin	24	superin	tendent	superintendent	sernee fond tendent of schools pursuant to this article all real and per | sonal property title to which is vested in the county superin
production-1961-vol1-61chapters	2399	HYPHEN	blankgap	0	cov	erage	coverage	
production-1961-vol1-61chapters	2411	HYPHEN	blankgap	0	pen	alties	penalties	
production-1961-vol1-61chapters	2440	HYPHEN	margin	22	com	pensation	compensation	oF pensation mencing with Section of Chapter of Title and the | provisions of this article and in order to equalize the com
production-1961-vol1-61chapters	2459	HYPHEN	blankgap	0	gov	erning	governing	
production-1961-vol1-61chapters	264	HYPHEN	margin	2	pro	tective	protective	device Top
production-1961-vol1-61chapters	307	HYPHEN	margin	11	re	pleted	repleted	quires such Jength of time that the canvass cannot be com
production-1961-vol1-61chapters	334	HYPHEN	margin	3	con	solidation	consolidation	be the same
production-1961-vol1-61chapters	339	HYPHEN	blankgap	0	preced	ing	preceding	
production-1961-vol1-61chapters	352	HYPHEN	margin	22	pro	ceeding	proceeding	posed from gualifying as an initiative or referendum measure | or resulting in a recall election is punishable by a fine not ex
production-1961-vol1-61chapters	50	HYPHEN	blankgap	0	ur	gency	urgency	
production-1961-vol1-61chapters	502	HYPHEN	blankgap	0	nui	sance	nuisance	
production-1961-vol1-61chapters	51	HYPHEN	blankgap	0	ur	gency	urgency	
production-1961-vol1-61chapters	536	HYPHEN	margin	13	pro	ferred	proferred	fessious Code to read | All money in the Itinerant Merchants Fund is trans
production-1961-vol1-61chapters	605	HYPHEN	blankgap	0	pre	viously	previously	
production-1961-vol1-61chapters	64	HYPHEN	margin	13	candi	dacy	candidacy	date is affiliated | eee ot Whenever any candidate files a declaration of candi
production-1961-vol1-61chapters	646	HYPHEN	margin	15	com	mencing	commencing	meneing with Section Chapter Part Division | and to amend and renumber headings of Articles com
production-1961-vol1-61chapters	646	HYPHEN	blankgap	0	com	mencing	commencing	
production-1961-vol1-61chapters	651	HYPHEN	blankgap	0	immedi	ately	immediately	
production-1961-vol1-61chapters	659	HYPHEN	blankgap	0	cer	tification	certification	
production-1961-vol1-61chapters	701	HYPHEN	blankgap	0	pro	fessions	professions	
production-1961-vol1-61chapters	720	HYPHEN	blankgap	0	cur	riculum	curriculum	
production-1961-vol1-61chapters	746	HYPHEN	margin	11	deter	mination	determination	mine the same subject to an appeal within days after deter
production-1961-vol1-61chapters	756	HYPHEN	blankgap	0	au	thority	authority	
production-1961-vol1-61chapters	770	HYPHEN	blankgap	0	contri	butions	contributions	
production-1961-vol1-61chapters	790	HYPHEN	blankgap	0	trans	portation	transportation	
production-1961-vol1-61chapters	791	HYPHEN	margin	10	in	venient	invenient	formation and reports thereof as he considers necessary con Information
production-1961-vol1-61chapters	806	HYPHEN	margin	1	rein	surance	reinsurance	deductions
production-1961-vol1-61chapters	825	HYPHEN	margin	11	pro	tection	protection	vided for in this act and anv such reclamation district pro
production-1961-vol1-61chapters	844	HYPHEN	blankgap	0	dis	trict	district	
production-1961-vol1-61chapters	88	HYPHEN	margin	8	pre	cincts	precincts	cinets create new precincts or consolidate established pre
production-1961-vol1-61chapters	90	HYPHEN	margin	24	dis	sembly	dissembly	dustriet trict ward precinc or other lveal subdivision of any county | or city so as to change the boundaries of any senatorial or as
production-1961-vol1-61chapters	928	HYPHEN	margin	3	re	quired	required	of fund ee
production-1961-vol1-61chapters	947	HYPHEN	blankgap	0	imme	diately	immediately	
production-1961-vol1-61chapters	978	HYPHEN	blankgap	0	pro	fessions	professions	
production-1961-vol1-61chapters	978	HYPHEN	margin	16	oc	clude	occlude	tane rating of the product | prcieum Petroleum product as used in this section does not in
production-1961-vol1-61chapters	991	HYPHEN	margin	23	ex	propriate	expropriate	cept that nothing In this chapter prohibits enforcement of any | or all of its provisions by persons designated so to act by ap
production-1961-vol2-chapters	1003	HYPHEN	blankgap	0	can	didacies	candidacies	
production-1961-vol2-chapters	1076	HYPHEN	blankgap	0	met	ropolitan	metropolitan	
production-1961-vol2-chapters	1147	HYPHEN	blankgap	0	con	structed	constructed	
production-1961-vol2-chapters	1168	HYPHEN	blankgap	0	fran	chises	franchises	
production-1961-vol2-chapters	1179	HYPHEN	margin	11	pro	ceedings	proceedings	test is made is adopted or deemed adopted no further pro
production-1961-vol2-chapters	1197	HYPHEN	blankgap	0	secu	rity	security	
production-1961-vol2-chapters	1250	HYPHEN	blankgap	0	com	mencing	commencing	
production-1961-vol2-chapters	1258	HYPHEN	blankgap	0	appropria	tion	appropriation	
production-1961-vol2-chapters	1263	HYPHEN	margin	10	op	tioned	optioned	costs erating the Oftice of Administrative Procedure shall be appor
production-1961-vol2-chapters	1272	HYPHEN	blankgap	0	commenc	ing	commencing	
production-1961-vol2-chapters	1307	HYPHEN	blankgap	0	prohibi	tion	prohibition	
production-1961-vol2-chapters	1313	HYPHEN	blankgap	0	gov	erning	governing	
production-1961-vol2-chapters	1444	HYPHEN	blankgap	0	com	mencing	commencing	
production-1961-vol2-chapters	1464	HYPHEN	blankgap	0	con	stitute	constitute	
production-1961-vol2-chapters	1467	HYPHEN	blankgap	0	organ	izations	organizations	
production-1961-vol2-chapters	1545	HYPHEN	blankgap	0	com	mencing	commencing	
production-1961-vol2-chapters	1629	HYPHEN	margin	11	interpreta	tion	interpretation	tation shall be conclusive shall by rule provide for the regula
production-1961-vol2-chapters	169	HYPHEN	blankgap	0	pro	ducers	producers	
production-1961-vol2-chapters	17	HYPHEN	blankgap	0	renum	bered	renumbered	
production-1961-vol2-chapters	1719	HYPHEN	blankgap	0	munici	pal	municipal	
production-1961-vol2-chapters	1758	HYPHEN	blankgap	0	recom	mendation	recommendation	
production-1961-vol2-chapters	1830	HYPHEN	blankgap	0	in	terest	interest	
production-1961-vol2-chapters	194	HYPHEN	margin	12	pro	stitution	prostitution	vision of this compact is declared to be contrary to the con
production-1961-vol2-chapters	1950	HYPHEN	blankgap	0	superin	tendent	superintendent	
production-1961-vol2-chapters	20	HYPHEN	blankgap	0	pro	fessions	professions	
production-1961-vol2-chapters	2010	HYPHEN	margin	19	commis	erated	commiserated	sion determines funds are available by reason of cancellation | by the commission of applications for loans for projects enum
production-1961-vol2-chapters	2039	HYPHEN	blankgap	0	super	seded	superseded	
production-1961-vol2-chapters	2043	HYPHEN	blankgap	0	con	stitution	constitution	
production-1961-vol2-chapters	2046	HYPHEN	margin	12	pro	stitution	prostitution	poses to the people of the State of California that the Con
production-1961-vol2-chapters	2047	HYPHEN	blankgap	0	compen	sation	compensation	
production-1961-vol2-chapters	2065	HYPHEN	blankgap	0	aug	menting	augmenting	
production-1961-vol2-chapters	244	HYPHEN	margin	19	con	structions	constructions	tract with such other public agencies or private corporations | or persons for the purpose of financing such acquisitions con
production-1961-vol2-chapters	282	HYPHEN	margin	9	con	cessive	concessive	tract and shall be extended automatically thereafter for suc
production-1961-vol2-chapters	289	HYPHEN	margin	1	for	mulate	formulate	projects
production-1961-vol2-chapters	382	HYPHEN	margin	16	con	structed	constructed	struction use supply maintenance repair and improvement | of said works including works constructed and being con
production-1961-vol2-chapters	385	NOHYPHEN	margin	8	siou	an	siouan	d To prevent the pollution of waters | CHAPTER
production-1961-vol2-chapters	387	HYPHEN	margin	19	de	tective	detective	pendency and reduce the total costs of publie welfare services | by restorative and preventive measures and to expand pro
production-1961-vol2-chapters	4	HYPHEN	blankgap	0	pro	fessions	professions	
production-1961-vol2-chapters	473	HYPHEN	blankgap	0	jurisdic	tion	jurisdiction	
production-1961-vol2-chapters	495	HYPHEN	margin	3	main	tenance	maintenance	on of cost
production-1961-vol2-chapters	503	HYPHEN	blankgap	0	con	cerned	concerned	
production-1961-vol2-chapters	560	HYPHEN	blankgap	0	cos	metology	cosmetology	
production-1961-vol2-chapters	57	HYPHEN	margin	9	estab	lishing	establishing	lish individual charges for each function enumerated In estab
production-1961-vol2-chapters	617	HYPHEN	margin	15	dis	trict	district	withdruwn | popaty trict and incorporated as a eity or annexed to a city the dis
production-1961-vol2-chapters	637	HYPHEN	margin	12	en	ured	enured	tered into nor shall the term of any such contract be meas
production-1961-vol2-chapters	644	HYPHEN	blankgap	0	dis	tricts	districts	
production-1961-vol2-chapters	668	HYPHEN	blankgap	0	dis	trict	district	
production-1961-vol2-chapters	670	HYPHEN	margin	10	dis	pensation	dispensation	ability retirement allowance exceeds one third of his final com
production-1961-vol2-chapters	683	HYPHEN	blankgap	0	com	mencing	commencing	
production-1961-vol2-chapters	706	HYPHEN	blankgap	0	reorganiza	tion	reorganization	
production-1961-vol2-chapters	728	HYPHEN	blankgap	0	dis	trict	district	
production-1961-vol2-chapters	747	HYPHEN	blankgap	0	con	stituted	constituted	
production-1961-vol2-chapters	750	HYPHEN	blankgap	0	pro	ceeding	proceeding	
production-1961-vol2-chapters	757	HYPHEN	margin	10	manu	facturer	manufacturer	menabetship facturer one member shall be an upholstered furniture manu
production-1961-vol2-chapters	766	HYPHEN	blankgap	0	appro	priation	appropriation	
production-1961-vol2-chapters	811	HYPHEN	blankgap	0	transcrib	ing	transcribing	
production-1961-vol2-chapters	815	HYPHEN	blankgap	0	com	mencing	commencing	
production-1961-vol2-chapters	837	HYPHEN	blankgap	0	ter	ritory	territory	
production-1961-vol2-chapters	844	HYPHEN	margin	10	pur	gation	purgation	poses and the amount used for purposes other than irri
production-1961-vol2-chapters	85	HYPHEN	blankgap	0	neg	ligence	negligence	
production-1961-vol2-chapters	883	HYPHEN	blankgap	0	pro	fessions	professions	
production-1961-vol2-chapters	896	HYPHEN	blankgap	0	pro	cedure	procedure	
production-1961-vol2-chapters	897	HYPHEN	blankgap	0	per	sonnel	personnel	
production-1961-vol2-chapters	904	HYPHEN	blankgap	0	em	ployees	employees	
production-1961-vol2-chapters	904	HYPHEN	blankgap	0	imme	diately	immediately	
production-1961-vol2-chapters	910	HYPHEN	blankgap	0	ur	gency	urgency	
production-1961-vol2-chapters	988	HYPHEN	blankgap	0	authoriz	ing	authorizing	
production-1963-vol1-62chapters	127	HYPHEN	margin	21	con	tection	contection	gress of the United States to appropriate the federal share | of the funds required in the fiscal year for the pro
production-1963-vol1-62chapters	143	HYPHEN	blankgap	0	ur	gency	urgency	
production-1963-vol1-62chapters	151	HYPHEN	blankgap	0	legis	lature	legislature	
production-1963-vol1-62chapters	182	HYPHEN	blankgap	0	sup	plemental	supplemental	
production-1963-vol1-62chapters	288	HYPHEN	margin	19	con	structions	constructions	tract with such other public agencies or private corporations or | persons for the purpose of finaneug such acquisitions con
production-1963-vol1-62chapters	330	HYPHEN	margin	9	con	nection	connection	trol and Water Conservation District for recreation in con
production-1963-vol1-62chapters	380	HYPHEN	margin	21	pub	lishers	publishers	lished by A I Cloud in San Bruno San Mateo County Cali | fornia has been honored by the California Newspaper Pub
production-1963-vol1-62chapters	417	HYPHEN	blankgap	0	de	velopment	development	
production-1963-vol1-62chapters	472	HYPHEN	blankgap	0	transporta	tion	transportation	
production-1963-vol1-62chapters	495	HYPHEN	blankgap	0	chem	istry	chemistry	
production-1963-vol1-62chapters	496	HYPHEN	blankgap	0	hu	manities	humanities	
production-1963-vol1-62chapters	496	HYPHEN	blankgap	0	veteri	nary	veterinary	
production-1963-vol1-62chapters	496	HYPHEN	blankgap	0	po	mology	pomology	
production-1963-vol1-62chapters	496	HYPHEN	blankgap	0	chem	istry	chemistry	
production-1963-vol1-62chapters	496	HYPHEN	blankgap	0	ex	pansion	expansion	
production-1963-vol1-62chapters	497	HYPHEN	blankgap	0	ac	tivities	activities	
production-1963-vol1-62chapters	497	HYPHEN	blankgap	0	de	velopment	development	
production-1963-vol1-62chapters	497	HYPHEN	blankgap	0	im	provements	improvements	
production-1963-vol1-62chapters	517	HYPHEN	blankgap	0	estab	lishment	establishment	
production-1963-vol1-62chapters	517	HYPHEN	blankgap	0	es	tablished	established	
production-1963-vol1-62chapters	517	HYPHEN	blankgap	0	appropria	tion	appropriation	
production-1963-vol1-62chapters	522	HYPHEN	blankgap	0	pro	tection	protection	
production-1963-vol1-62chapters	528	HYPHEN	blankgap	0	commis	sioners	commissioners	
production-1963-vol1-62chapters	528	HYPHEN	blankgap	0	compen	sation	compensation	
production-1963-vol1-62chapters	528	HYPHEN	blankgap	0	expendi	tures	expenditures	
production-1963-vol1-62chapters	528	HYPHEN	blankgap	0	mainte	nance	maintenance	
production-1963-vol1-62chapters	6	HYPHEN	blankgap	0	em	balmers	embalmers	
production-1963-vol1-62chapters	97	HYPHEN	margin	14	dis	provement	disprovement	tance of a mile the first fair was held the first Women s Im
production-1963-vol1-63chapters	1025	HYPHEN	blankgap	0	agricul	tural	agricultural	
production-1963-vol1-63chapters	1026	HYPHEN	margin	13	en	quiry	enquiry	titled to vote had he yoted n his proper precinct and no in
production-1963-vol1-63chapters	1058	HYPHEN	blankgap	0	dis	trict	district	
production-1963-vol1-63chapters	1058	HYPHEN	blankgap	0	extraor	dinary	extraordinary	
production-1963-vol1-63chapters	1103	HYPHEN	blankgap	0	pro	fessions	professions	
production-1963-vol1-63chapters	1104	HYPHEN	blankgap	0	cer	tificate	certificate	
production-1963-vol1-63chapters	112	HYPHEN	margin	9	in	quired	inquired	elude the amounts specified in the preceding paragraph re
production-1963-vol1-63chapters	1163	HYPHEN	blankgap	0	im	provement	improvement	
production-1963-vol1-63chapters	1190	HYPHEN	blankgap	0	accounta	bility	accountability	
production-1963-vol1-63chapters	1191	HYPHEN	margin	23	re	demption	redemption	funded provided however that if the refund is made within | days after the date of payment it may be made by the re
production-1963-vol1-63chapters	1243	HYPHEN	blankgap	0	re	tirement	retirement	
production-1963-vol1-63chapters	1245	HYPHEN	blankgap	0	incon	sistent	inconsistent	
production-1963-vol1-63chapters	1278	HYPHEN	margin	19	noncon	formity	nonconformity	forming if the nonconformity substantially impairs the value | of that installment and cannot be cured or if the noncon
production-1963-vol1-63chapters	1371	HYPHEN	margin	23	con	tracted	contracted	tains a description of the collateral and in addition when the | security interest covers crops or oil gas or minerals to be ex
production-1963-vol1-63chapters	1392	HYPHEN	margin	10	re	fection	refection	quiring no further filing or recording to continue its per
production-1963-vol1-63chapters	143	HYPHEN	margin	10	com	mencing	commencing	mittee formed under Section | The procedures contained in Chapter com
production-1963-vol1-63chapters	1447	HYPHEN	margin	22	di	rectly	directly	rect or indirect in the making of any investment or in the | gains or profits accruing therefrom and no such person di
production-1963-vol1-63chapters	1464	HYPHEN	blankgap	0	ur	gency	urgency	
production-1963-vol1-63chapters	1496	HYPHEN	blankgap	0	com	mencing	commencing	
production-1963-vol1-63chapters	1514	HYPHEN	margin	18	re	volves	revolves	viewing court may review the verdict or decision and any | intermediate ruling proceeding order or decision which in
production-1963-vol1-63chapters	1565	HYPHEN	blankgap	0	im	provement	improvement	
production-1963-vol1-63chapters	1572	HYPHEN	blankgap	0	imme	diately	immediately	
production-1963-vol1-63chapters	1574	HYPHEN	blankgap	0	pro	fessions	professions	
production-1963-vol1-63chapters	1587	HYPHEN	margin	11	aban	doned	abandoned	don Such person shall be deemed and called a person aban
production-1963-vol1-63chapters	1627	HYPHEN	blankgap	0	munic	ipal	municipal	
production-1963-vol1-63chapters	1639	HYPHEN	blankgap	0	com	petitive	competitive	
production-1963-vol1-63chapters	1685	HYPHEN	margin	21	re	ceive	receive	ecive a monthly salary at a rate specified in Schedule | d Hight deputy clerks grade IV each of whom shall re
production-1963-vol1-63chapters	1724	HYPHEN	blankgap	0	ur	gency	urgency	
production-1963-vol1-63chapters	1798	HYPHEN	blankgap	0	ex	perimental	experimental	
production-1963-vol1-63chapters	1823	HYPHEN	blankgap	0	den	tistry	dentistry	
production-1963-vol1-63chapters	1824	HYPHEN	blankgap	0	en	gineering	engineering	
production-1963-vol1-63chapters	1840	HYPHEN	blankgap	0	stan	islaus	stanislaus	
production-1963-vol1-63chapters	1843	HYPHEN	blankgap	0	mainte	nance	maintenance	
production-1963-vol1-63chapters	1843	HYPHEN	blankgap	0	ex	penses	expenses	
production-1963-vol1-63chapters	1843	HYPHEN	blankgap	0	supervis	ing	supervising	
production-1963-vol1-63chapters	1848	HYPHEN	blankgap	0	per	sonnel	personnel	
production-1963-vol1-63chapters	1856	HYPHEN	blankgap	0	com	pleted	completed	
production-1963-vol1-63chapters	1856	HYPHEN	blankgap	0	commis	sioners	commissioners	
production-1963-vol1-63chapters	1856	HYPHEN	blankgap	0	compen	sation	compensation	
production-1963-vol1-63chapters	1856	HYPHEN	blankgap	0	expendi	tures	expenditures	
production-1963-vol1-63chapters	1858	HYPHEN	blankgap	0	compensa	tion	compensation	
production-1963-vol1-63chapters	1858	HYPHEN	blankgap	0	in	terest	interest	
production-1963-vol1-63chapters	1868	HYPHEN	margin	19	in	surance	insurance	eluding salaries and wages the State s contributions to the | Employees Retirement Fund the Old Age and Survivors In
production-1963-vol1-63chapters	1874	HYPHEN	blankgap	0	de	claring	declaring	
production-1963-vol1-63chapters	1890	HYPHEN	blankgap	0	creden	tials	credentials	
production-1963-vol1-63chapters	1890	HYPHEN	blankgap	0	immedi	ately	immediately	
production-1963-vol1-63chapters	197	HYPHEN	blankgap	0	substan	tially	substantially	
production-1963-vol1-63chapters	197	HYPHEN	blankgap	0	incom	petents	incompetents	
production-1963-vol1-63chapters	23	HYPHEN	blankgap	0	ur	gency	urgency	
production-1963-vol1-63chapters	287	HYPHEN	margin	19	re	gional	regional	ceived a baccalaureate degree from a university college or | other four year institution of learning accredited by a re
production-1963-vol1-63chapters	292	HYPHEN	blankgap	0	munic	ipal	municipal	
production-1963-vol1-63chapters	35	HYPHEN	blankgap	0	ur	gency	urgency	
production-1963-vol1-63chapters	450	HYPHEN	blankgap	0	agricul	tural	agricultural	
production-1963-vol1-63chapters	480	HYPHEN	blankgap	0	renum	bering	renumbering	
production-1963-vol1-63chapters	501	HYPHEN	blankgap	0	com	mencing	commencing	
production-1963-vol1-63chapters	541	HYPHEN	blankgap	0	ur	gency	urgency	
production-1963-vol1-63chapters	548	HYPHEN	margin	18	em	ployee	employee	ployment Any such enrollment shall authorize the deduction | of the contributions required under this part from the em
production-1963-vol1-63chapters	585	HYPHEN	margin	18	indi	rected	indirected	cating the numbers thereof designate only one number for each | highway wherever feasible Therefore the department is di
production-1963-vol1-63chapters	594	HYPHEN	blankgap	0	imme	diately	immediately	
production-1963-vol1-63chapters	607	HYPHEN	blankgap	0	im	puted	imputed	
production-1963-vol1-63chapters	619	HYPHEN	blankgap	0	slaugh	tering	slaughtering	
production-1963-vol1-63chapters	628	HYPHEN	blankgap	0	munic	ipal	municipal	
production-1963-vol1-63chapters	631	HYPHEN	blankgap	0	imme	diately	immediately	
production-1963-vol1-63chapters	649	HYPHEN	margin	16	con	structed	constructed	struction use supply maintenance repair aud improvement | of said works including works constructed and being con
production-1963-vol1-63chapters	657	HYPHEN	margin	16	con	structed	constructed	struction use supply maintenance repair and improvement | of said works including works constructed and being con
production-1963-vol1-63chapters	665	HYPHEN	blankgap	0	expendi	ture	expenditure	
production-1963-vol1-63chapters	686	HYPHEN	blankgap	0	commenc	ing	commencing	
production-1963-vol1-63chapters	686	HYPHEN	blankgap	0	munic	ipal	municipal	
production-1963-vol1-63chapters	711	HYPHEN	blankgap	0	com	mencing	commencing	
production-1963-vol1-63chapters	717	HYPHEN	margin	11	con	cordance	concordance	tractor to cover all penalties forfeited and amounts due in ac
production-1963-vol1-63chapters	755	HYPHEN	blankgap	0	dis	tricts	districts	
production-1963-vol1-63chapters	764	HYPHEN	margin	21	de	sition	desition	elaring and setting forth the results thereof If two thirds | of the votes cast on anv proposition are for the propo
production-1963-vol1-63chapters	788	NOHYPHEN	margin	20	nuttalli	a	nuttallia	The provisions of subdivision b of this section shall be | applicable only in those districts or parts of districts within
production-1963-vol1-63chapters	789	HYPHEN	blankgap	0	dis	tricts	districts	
production-1963-vol1-63chapters	879	HYPHEN	margin	13	commis	sional	commissional	sion or the rebating in any form or manner on fees for profes
production-1963-vol1-63chapters	906	HYPHEN	blankgap	0	ascer	tain	ascertain	
production-1963-vol1-63chapters	913	HYPHEN	margin	9	con	nection	connection	sider the expulsion suspension or disciplinary action in con
production-1963-vol1-63chapters	94	HYPHEN	blankgap	0	condemna	tion	condemnation	
production-1963-vol1-63chapters	977	HYPHEN	blankgap	0	dis	trict	district	
production-1963-vol1-63chapters	978	HYPHEN	blankgap	0	com	bining	combining	
production-1963-vol1-63chapters	981	HYPHEN	blankgap	0	dis	tricts	districts	
production-1963-vol2-chapters	1006	HYPHEN	blankgap	0	main	tenance	maintenance	
production-1963-vol2-chapters	1076	HYPHEN	margin	23	dis	cerned	discerned	pute the correctness or validity of any claim so filed it shall be | lawful for the public agency body or disbursing officer con
production-1963-vol2-chapters	1145	HYPHEN	blankgap	0	com	mencing	commencing	
production-1963-vol2-chapters	123	HYPHEN	blankgap	0	imme	diately	immediately	
production-1963-vol2-chapters	1294	HYPHEN	blankgap	0	in	demnification	indemnification	
production-1963-vol2-chapters	1294	HYPHEN	blankgap	0	code	fendants	codefendants	
production-1963-vol2-chapters	1342	HYPHEN	blankgap	0	ve	hicles	vehicles	
production-1963-vol2-chapters	1396	HYPHEN	blankgap	0	oppor	tunities	opportunities	
production-1963-vol2-chapters	1431	HYPHEN	margin	19	con	strued	construed	duct of hearings by the State Social Welfare Board unless | the context indicates otherwise the reference shall be con
production-1963-vol2-chapters	1432	HYPHEN	margin	9	cer	tificates	certificates	tifiecates of organization certificates of capital and assets cer
production-1963-vol2-chapters	1494	HYPHEN	margin	16	con	structed	constructed	struction use supply maintenance repair and improvement | of said works including works constructed and being con
production-1963-vol2-chapters	1497	HYPHEN	margin	16	con	structed	constructed	struction use supply maintenance repair and improvement | of said works including works constructed and being con
production-1963-vol2-chapters	1558	HYPHEN	blankgap	0	re	tirement	retirement	
production-1963-vol2-chapters	1583	HYPHEN	margin	22	trans	ferable	transferable	action of business at the place and the number of dispensing | devices designated on the license and is not assignable or trans
production-1963-vol2-chapters	1610	HYPHEN	blankgap	0	ur	gency	urgency	
production-1963-vol2-chapters	1621	HYPHEN	blankgap	0	in	surance	insurance	
production-1963-vol2-chapters	1669	HYPHEN	margin	22	installa	tion	installation	tiun and inspection stations in any county unless the county | is a county in which an air pollution control district may fune
production-1963-vol2-chapters	1679	HYPHEN	margin	16	con	structed	constructed	struction use supply maintenance repair and improvement | of said works including works constructed and being con
production-1963-vol2-chapters	1685	HYPHEN	margin	16	con	structed	constructed	struction use supply maintenance repair and improvement | of said works including works constructed and being con
production-1963-vol2-chapters	1695	HYPHEN	margin	16	con	structed	constructed	struction use supply maintenance repair and improvement | of said works including workg constructed and being con
production-1963-vol2-chapters	1699	HYPHEN	margin	16	con	structed	constructed	struction use supply maintenance repair and improvement | of said works including works constructed and being con
production-1963-vol2-chapters	1702	HYPHEN	margin	16	con	structed	constructed	struction use supply maintenance repair and improvement | of said works including works constructed and being con
production-1963-vol2-chapters	1705	HYPHEN	margin	16	con	structed	constructed	struction use supply maintenance repair and improvement | of said works including works constructed and being con
production-1963-vol2-chapters	1706	HYPHEN	blankgap	0	own	ership	ownership	
production-1963-vol2-chapters	1717	HYPHEN	margin	16	con	structed	constructed	struction use supply maintenance repair and improvement | of said works including works constructed and being con
production-1963-vol2-chapters	1720	HYPHEN	margin	16	con	structed	constructed	struction use supply maintenance repair and improvement | of said works including works constructed and being con
production-1963-vol2-chapters	175	NOHYPHEN	margin	2	stepe	d	steped	S | WF
production-1963-vol2-chapters	1831	HYPHEN	margin	17	con	tribution	contribution	servation diversion and transmission of surface waters wells | pumps storage tanks reservoirs and all transmission and dis
production-1963-vol2-chapters	1915	HYPHEN	blankgap	0	appropria	tion	appropriation	
production-1963-vol2-chapters	1989	HYPHEN	margin	20	pro	tograph	protograph	vided for implements of husbandry except that the service | charge shall be five dollars for each vehicle and the pho
production-1963-vol2-chapters	1999	HYPHEN	blankgap	0	in	stitutions	institutions	
production-1963-vol2-chapters	2004	HYPHEN	blankgap	0	imme	diately	immediately	
production-1963-vol2-chapters	201	HYPHEN	blankgap	0	compen	sation	compensation	
production-1963-vol2-chapters	2074	HYPHEN	margin	11	with	drawal	withdrawal	drawn shall be printed upon the ballot If upon such with
production-1963-vol2-chapters	2092	HYPHEN	margin	10	pro	vider	provider	vided by Section of this Charter Except as otherwise pro
production-1963-vol2-chapters	2163	HYPHEN	margin	11	in	terest	interest	spired him to rise above his crippling illness rekindled his in
production-1963-vol2-chapters	2179	HYPHEN	blankgap	0	pro	posals	proposals	
production-1963-vol2-chapters	2195	HYPHEN	blankgap	0	sym	bolized	symbolized	
production-1963-vol2-chapters	2197	HYPHEN	margin	23	sub	stitution	substitution	mitted to and duly ratified by the said qualified voters of said | city and that all and singular the requirements of the Con
production-1963-vol2-chapters	2237	HYPHEN	blankgap	0	superin	tendent	superintendent	
production-1963-vol2-chapters	2279	HYPHEN	blankgap	0	legisla	ture	legislature	
production-1963-vol2-chapters	228	HYPHEN	blankgap	0	in	surance	insurance	
production-1963-vol2-chapters	2300	HYPHEN	margin	5	pro	spectively	prospectively	posed Charter Amendments and re
production-1963-vol2-chapters	2324	HYPHEN	margin	13	re	stitute	restitute	sold at any time | Any bonds or other securities so purchased shall con
production-1963-vol2-chapters	2400	HYPHEN	blankgap	0	ad	vertised	advertised	
production-1963-vol2-chapters	2466	HYPHEN	blankgap	0	rehabilita	tion	rehabilitation	
production-1963-vol2-chapters	2491	HYPHEN	blankgap	0	ap	propriations	appropriations	
production-1963-vol2-chapters	281	HYPHEN	margin	11	pre	cludes	precludes	requisite to the institution of proceedings by the city and in
production-1963-vol2-chapters	37	HYPHEN	margin	21	main	tainable	maintainable	tain convenient records by name of the violator in order that | an individual record of each person convicted is readily ascer
production-1963-vol2-chapters	370	HYPHEN	margin	19	con	venient	convenient	struction or completion by the district of any works lands | structures rights or any other property necessary or con
production-1963-vol2-chapters	479	HYPHEN	blankgap	0	appro	priation	appropriation	
production-1963-vol2-chapters	490	HYPHEN	margin	12	re	plicant	replicant	numbered to read | The commissioner shall issue a license to any ap
production-1963-vol2-chapters	496	HYPHEN	blankgap	0	compensa	tion	compensation	
production-1963-vol2-chapters	529	HYPHEN	blankgap	0	as	sessment	assessment	
production-1963-vol2-chapters	532	HYPHEN	blankgap	0	adminis	trative	administrative	
production-1963-vol2-chapters	544	HYPHEN	margin	22	dis	trict	district	riect and does not constitute a component district of the new | district shall continue as an employee of the new school dis
production-1963-vol2-chapters	725	HYPHEN	blankgap	0	compen	sation	compensation	
production-1963-vol2-chapters	729	HYPHEN	blankgap	0	dis	trict	district	
production-1963-vol2-chapters	764	HYPHEN	blankgap	0	commenc	ing	commencing	
production-1963-vol2-chapters	814	HYPHEN	blankgap	0	acqui	sition	acquisition	
production-1963-vol2-chapters	814	HYPHEN	blankgap	0	de	velopment	development	
production-1963-vol2-chapters	85	HYPHEN	margin	20	pro	venient	provenient	grams and classes in outdoor science education and conserva | tion education and may do all other things necessary or con
production-1963-vol2-chapters	863	HYPHEN	blankgap	0	pre	miums	premiums	
production-1963-vol2-chapters	957	HYPHEN	blankgap	0	agricul	tural	agricultural	
production-1963-vol2-chapters	957	HYPHEN	margin	9	re	tributor	retributor	sale including brokers and agents The definition of dis
production-1963-vol2-chapters	96	HYPHEN	blankgap	0	com	mencing	commencing	
production-1963-vol2-chapters	978	HYPHEN	blankgap	0	de	fective	defective	
production-1965-vol1-64chapters	105	HYPHEN	blankgap	0	legis	lature	legislature	
production-1965-vol1-64chapters	108	HYPHEN	blankgap	0	dis	trict	district	
production-1965-vol1-64chapters	125	HYPHEN	blankgap	0	ur	gency	urgency	
production-1965-vol1-64chapters	152	HYPHEN	margin	24	in	terest	interest	elude in the next tax levy an amount in addition to money for | all other purposes sufficient to pay the assessment and the in
production-1965-vol1-64chapters	16	HYPHEN	margin	10	in	formity	informity	validate any publication where the same is otherwise in con
production-1965-vol1-64chapters	164	HYPHEN	blankgap	0	ur	gency	urgency	
production-1965-vol1-64chapters	187	HYPHEN	blankgap	0	trans	portation	transportation	
production-1965-vol1-64chapters	277	HYPHEN	blankgap	0	ur	gency	urgency	
production-1965-vol1-64chapters	392	HYPHEN	blankgap	0	pro	fessions	professions	
production-1965-vol1-64chapters	441	HYPHEN	margin	12	de	tinue	detinue	termination by the court as to whether it is necessary to con
production-1965-vol1-64chapters	469	HYPHEN	margin	10	de	ployer	deployer	fined in subdivisions e and of Section of the em
production-1965-vol1-64chapters	478	HYPHEN	blankgap	0	com	puted	computed	
production-1965-vol1-64chapters	519	HYPHEN	blankgap	0	nav	igation	navigation	
production-1965-vol1-64chapters	555	HYPHEN	blankgap	0	ad	journment	adjournment	
production-1965-vol1-64chapters	584	HYPHEN	blankgap	0	schol	arships	scholarships	
production-1965-vol1-64chapters	60	HYPHEN	margin	20	de	partments	departments	partment under his control for which a Director has not been | appointed The Directors or heads of the administrative De
production-1965-vol1-64chapters	647	HYPHEN	blankgap	0	li	brary	library	
production-1965-vol1-64chapters	649	HYPHEN	blankgap	0	munici	pal	municipal	
production-1965-vol1-64chapters	678	HYPHEN	blankgap	0	ob	servance	observance	
production-1965-vol1-64chapters	711	HYPHEN	blankgap	0	immedi	ately	immediately	
production-1965-vol1-64chapters	724	HYPHEN	margin	16	de	ferred	deferred	partment of the Youth Authority and paroled | to the custody of private homes to be trans
production-1965-vol1-64chapters	728	HYPHEN	margin	6	de	velopment	development	partment of Education Public Library De
production-1965-vol1-64chapters	750	HYPHEN	blankgap	0	com	petitive	competitive	
production-1965-vol1-64chapters	786	HYPHEN	margin	14	pro	ceeds	proceeds	vided that the moneys expended from this | appropriation shall be repaid from the pro
production-1965-vol1-64chapters	794	HYPHEN	blankgap	0	ag	riculture	agriculture	
production-1965-vol1-64chapters	794	HYPHEN	blankgap	0	math	ematical	mathematical	
production-1965-vol1-64chapters	794	HYPHEN	blankgap	0	vet	erinary	veterinary	
production-1965-vol1-64chapters	794	HYPHEN	blankgap	0	li	brary	library	
production-1965-vol1-64chapters	795	HYPHEN	blankgap	0	cor	poration	corporation	
production-1965-vol1-64chapters	795	HYPHEN	blankgap	0	rehabilita	tion	rehabilitation	
production-1965-vol1-64chapters	803	HYPHEN	blankgap	0	caf	eteria	cafeteria	
production-1965-vol1-64chapters	804	HYPHEN	blankgap	0	li	brary	library	
production-1965-vol1-64chapters	815	HYPHEN	blankgap	0	li	brary	library	
production-1965-vol1-64chapters	815	HYPHEN	blankgap	0	admin	istration	administration	
production-1965-vol1-64chapters	816	HYPHEN	blankgap	0	li	brary	library	
production-1965-vol1-64chapters	821	HYPHEN	blankgap	0	estab	lishment	establishment	
production-1965-vol1-64chapters	821	HYPHEN	blankgap	0	appro	priation	appropriation	
production-1965-vol1-64chapters	822	HYPHEN	blankgap	0	per	sonnel	personnel	
production-1965-vol1-64chapters	843	HYPHEN	margin	21	pur	veyed	purveyed	poses until June if on or before August the | deed to the San Francisco Palace of Fine Arts has been con
production-1965-vol1-64chapters	857	HYPHEN	blankgap	0	imme	diately	immediately	
production-1965-vol1-65chapters	14	HYPHEN	margin	10	consti	tuting	constituting	tution and shall go into immediate effect The facts const
production-1965-vol1-65chapters	142	HYPHEN	blankgap	0	prop	erty	property	
production-1965-vol1-65chapters	142	HYPHEN	blankgap	0	ex	clusion	exclusion	
production-1965-vol1-65chapters	170	HYPHEN	blankgap	0	com	menced	commenced	
production-1965-vol1-65chapters	178	NOHYPHEN	margin	20	nuttalli	a	nuttallia	The provisions of subdivision b of this section shall be | applicable only in those districts or parts of districts within
production-1965-vol1-65chapters	219	HYPHEN	blankgap	0	dis	tricts	districts	
production-1965-vol1-65chapters	22	HYPHEN	margin	15	de	tainers	detainers	crease in grapefruit consumption | If bagged grapefruit is required to be placed in master con
production-1965-vol1-65chapters	248	HYPHEN	blankgap	0	su	perior	superior	
production-1965-vol1-65chapters	254	HYPHEN	blankgap	0	com	mencing	commencing	
production-1965-vol1-65chapters	26	HYPHEN	blankgap	0	de	claring	declaring	
production-1965-vol1-65chapters	282	HYPHEN	margin	12	pro	ceedings	proceedings	posed district and of the fact and regularity of all prior pro
production-1965-vol1-65chapters	293	HYPHEN	blankgap	0	peti	tioner	petitioner	
production-1965-vol1-65chapters	298	HYPHEN	blankgap	0	re	vealed	revealed	
production-1965-vol1-65chapters	308	HYPHEN	blankgap	0	com	mencing	commencing	
production-1965-vol1-65chapters	311	HYPHEN	margin	19	con	venient	convenient	struction or completion by the district of any works lands | structures rights or any other property necessary or con
production-1965-vol1-65chapters	314	HYPHEN	blankgap	0	occupa	tion	occupation	
production-1965-vol1-65chapters	317	HYPHEN	blankgap	0	mu	nicipal	municipal	
production-1965-vol1-65chapters	343	HYPHEN	blankgap	0	con	viction	conviction	
production-1965-vol1-65chapters	371	HYPHEN	blankgap	0	hos	pitals	hospitals	
production-1965-vol1-65chapters	401	HYPHEN	blankgap	0	au	thority	authority	
production-1965-vol1-65chapters	413	HYPHEN	blankgap	0	tem	porary	temporary	
production-1965-vol1-65chapters	439	HYPHEN	margin	1	bauk	e	bauke	ruptey
production-1965-vol1-65chapters	534	HYPHEN	margin	22	in	quired	inquired	come means the total of the amounts received or accrued | from the sale of goods or services if such amounts are re
production-1965-vol1-65chapters	553	HYPHEN	blankgap	0	dis	tricts	districts	
production-1965-vol1-65chapters	560	HYPHEN	blankgap	0	asso	ciations	associations	
production-1965-vol1-65chapters	596	HYPHEN	blankgap	0	dis	tricts	districts	
production-1965-vol1-65chapters	606	HYPHEN	margin	10	mis	sioner	missioner	demeanor and may have its license revoked by the commis
production-1965-vol1-65chapters	618	HYPHEN	margin	12	re	stitution	restitution	port in writing its findings to the executive officer of the in
production-1965-vol1-65chapters	641	HYPHEN	margin	9	in	quired	inquired	elude the amounts specified in the preceding paragraph re
production-1965-vol1-65chapters	705	HYPHEN	margin	14	per	sistance	persistance	formance of their duties | c The Director of General Services shall provide such as
production-1965-vol1-65chapters	724	HYPHEN	margin	18	pub	lications	publications	lic libraries and to other state departments and state officers | The department may exchange copies with contemporary pub
production-1965-vol1-65chapters	764	HYPHEN	blankgap	0	commenc	ing	commencing	
production-1965-vol1-65chapters	764	HYPHEN	blankgap	0	com	mencing	commencing	
production-1965-vol1-65chapters	81	HYPHEN	blankgap	0	ve	hicles	vehicles	
production-1965-vol1-65chapters	810	HYPHEN	margin	12	re	mitment	remitment	pute or bad character apart from his habit for which the com
production-1965-vol2	1006	HYPHEN	blankgap	0	com	mencing	commencing	
production-1965-vol2	1008	HYPHEN	margin	18	pub	lications	publications	lic libraries and to other state departments and state officers | The department may exchange copies with contemporary pub
production-1965-vol2	1012	HYPHEN	margin	18	pub	lications	publications	lic libraries and to other state departments and state officers | The department may exchange copies with contemporary pub
production-1965-vol2	1081	HYPHEN	blankgap	0	commenc	ing	commencing	
production-1965-vol2	110	HYPHEN	margin	13	pro	lative	prolative	posal and shall be mailed to the clerk or secretary of the legis
production-1965-vol2	1158	HYPHEN	margin	19	for	tification	fortification	warded to the State Bureau of Criminal Identification and | Investigation If the records of the Bureau of Criminal Iden
production-1965-vol2	117	HYPHEN	margin	8	decelera	tion	deceleration	cleand combina vehicleorcombi tion in feet per Stopping
production-1965-vol2	1174	HYPHEN	margin	20	im	provement	improvement	proved and accepted shall as a condition precedent to the | acceptance of any streets or easements provide for the im
production-1965-vol2	1189	HYPHEN	blankgap	0	mu	nicipal	municipal	
production-1965-vol2	1227	HYPHEN	blankgap	0	de	velopment	development	
production-1965-vol2	1236	HYPHEN	blankgap	0	com	mencing	commencing	
production-1965-vol2	1236	HYPHEN	blankgap	0	com	mencing	commencing	
production-1965-vol2	1245	HYPHEN	margin	21	cer	tificate	certificate	tifieate of approval shall be commenced within days after | service of notice of the revocation on the holder of the cer
production-1965-vol2	1249	HYPHEN	blankgap	0	com	mencing	commencing	
production-1965-vol2	128	HYPHEN	blankgap	0	cor	porations	corporations	
production-1965-vol2	1345	HYPHEN	blankgap	0	con	sumers	consumers	
production-1965-vol2	1346	HYPHEN	margin	9	hos	pitals	hospitals	pital and related health facilities planning groups the Hos
production-1965-vol2	1395	HYPHEN	margin	22	pro	pelled	propelled	vide a first aid kit containing written instructions for the use | of its contents on each train or light engine however pro
production-1965-vol2	1414	HYPHEN	blankgap	0	subdi	visions	subdivisions	
production-1965-vol2	1429	HYPHEN	margin	19	con	cerning	concerning	trol waste disposal and water supply and regional planning | The consultants shall advise and recommend to the board con
production-1965-vol2	1480	HYPHEN	margin	10	in	cluding	including	tended to create a security interest in personal property in
production-1965-vol2	1484	HYPHEN	margin	10	re	fection	refection	quiring no further filing or recording to continue its per
production-1965-vol2	149	HYPHEN	blankgap	0	fran	chises	franchises	
production-1965-vol2	1499	HYPHEN	blankgap	0	dis	pensing	dispensing	
production-1965-vol2	1500	HYPHEN	blankgap	0	appro	priation	appropriation	
production-1965-vol2	1547	HYPHEN	blankgap	0	appro	priation	appropriation	
production-1965-vol2	1577	HYPHEN	blankgap	0	im	provement	improvement	
production-1965-vol2	1597	HYPHEN	margin	11	com	petency	competency	mittee for neglect of any duty required by this chapter incom
production-1965-vol2	1599	HYPHEN	blankgap	0	ex	aminers	examiners	
production-1965-vol2	16	HYPHEN	blankgap	0	solici	tors	solicitors	
production-1965-vol2	1611	HYPHEN	margin	16	con	structed	constructed	struction use supply maintenance repair and improvement | of said works including works constructed and being con
production-1965-vol2	1623	HYPHEN	blankgap	0	at	tachés	attachés	
production-1965-vol2	1628	HYPHEN	margin	18	em	ployee	employee	ployment Any such enrollment shall authorize the deduction | of the contributions required under this part from the em
production-1965-vol2	172	HYPHEN	blankgap	0	asso	ciations	associations	
production-1965-vol2	1725	HYPHEN	blankgap	0	in	stitutions	institutions	
production-1965-vol2	178	HYPHEN	margin	22	in	quired	inquired	come means the total of the amounts received or accrued | from the sale of goods or services if such amounts are re
production-1965-vol2	1797	HYPHEN	blankgap	0	em	ployees	employees	
production-1965-vol2	1809	HYPHEN	margin	11	de	puted	deputed	scribing the balance on which such service charge will be com
production-1965-vol2	1852	HYPHEN	margin	19	con	structions	constructions	tract with such other public agencies or private corporations | or persons for the purpose of financing such acquisitions con
production-1965-vol2	1915	HYPHEN	blankgap	0	de	cedents	decedents	
production-1965-vol2	1921	HYPHEN	margin	11	nonpromo	tion	nonpromotion	tional basis when in the judgment of the board open competi
production-1965-vol2	1926	HYPHEN	blankgap	0	insti	tutions	institutions	
production-1965-vol2	1931	HYPHEN	blankgap	0	de	claring	declaring	
production-1965-vol2	1935	HYPHEN	blankgap	0	im	provement	improvement	
production-1965-vol2	1967	HYPHEN	blankgap	0	com	mencing	commencing	
production-1965-vol2	1991	HYPHEN	blankgap	0	com	pensation	compensation	
production-1965-vol2	20	HYPHEN	blankgap	0	re	tirement	retirement	
production-1965-vol2	224	HYPHEN	blankgap	0	em	ployees	employees	
production-1965-vol2	278	HYPHEN	blankgap	0	com	mencing	commencing	
production-1965-vol2	341	HYPHEN	margin	10	re	quired	required	spect to which the total amount of worker contributions re
production-1965-vol2	351	HYPHEN	margin	20	con	cordance	concordance	currence of a majority of the advisory committee of city | county and other officials appointed by the Legislature in ac
production-1965-vol2	389	HYPHEN	margin	6	de	velopment	development	partment of Education Public Library De
production-1965-vol2	401	HYPHEN	blankgap	0	trans	ferred	transferred	
production-1965-vol2	401	HYPHEN	blankgap	0	ex	amining	examining	
production-1965-vol2	453	HYPHEN	margin	11	con	volving	convolving	tained in this item to be used as a cash re
production-1965-vol2	472	HYPHEN	blankgap	0	li	brary	library	
production-1965-vol2	475	HYPHEN	blankgap	0	re	quired	required	
production-1965-vol2	479	HYPHEN	blankgap	0	hu	manities	humanities	
production-1965-vol2	480	HYPHEN	blankgap	0	ber	nardino	bernardino	
production-1965-vol2	480	HYPHEN	blankgap	0	fa	cilities	facilities	
production-1965-vol2	480	HYPHEN	blankgap	0	li	brary	library	
production-1965-vol2	489	HYPHEN	blankgap	0	pre	viously	previously	
production-1965-vol2	489	HYPHEN	blankgap	0	mo	lecular	molecular	
production-1965-vol2	489	HYPHEN	blankgap	0	engi	neering	engineering	
production-1965-vol2	489	HYPHEN	blankgap	0	hu	manities	humanities	
production-1965-vol2	529	HYPHEN	margin	11	re	spondence	respondence	lating to fees for applications for permits to act as corre
production-1965-vol2	556	HYPHEN	blankgap	0	dis	trict	district	
production-1965-vol2	631	HYPHEN	blankgap	0	com	mencing	commencing	
production-1965-vol2	658	HYPHEN	blankgap	0	exemp	tion	exemption	
production-1965-vol2	794	HYPHEN	blankgap	0	physi	cians	physicians	
production-1965-vol2	808	HYPHEN	margin	18	de	portation	deportation	partment of the Interior may participate in financing the costs | of the site development construction operation and trans
production-1965-vol2	880	HYPHEN	blankgap	0	enumer	ated	enumerated	
production-1965-vol2	895	HYPHEN	blankgap	0	re	tirement	retirement	
production-1965-vol2	910	HYPHEN	blankgap	0	dis	trict	district	
production-1965-vol2	915	HYPHEN	blankgap	0	rec	lamation	reclamation	
production-1965-vol2	935	HYPHEN	blankgap	0	dis	trict	district	
production-1965-vol2	956	HYPHEN	margin	19	pre	lature	prelature	pare a report containing the information computed pursuant | to subdivision b of Section and submit it to the Legis
production-1965-vol2	967	HYPHEN	margin	20	con	clude	conclude	sider all written protests or objections to the establishment | of the proposed zone Each such objection or protest shall in
production-1965-vol3-chapters	1088	HYPHEN	margin	21	con	nection	connection	trolled or operated by the city for the promotion and accom | modation of commerce navigation and fishery or used in con
production-1965-vol3-chapters	1115	HYPHEN	margin	10	in	formity	informity	validate any publication where the same is otherwise in con
production-1965-vol3-chapters	1153	HYPHEN	margin	21	ex	piration	expiration	cept that the term of each Commissioner in office on the | effective date of this amendment shall continue until its ex
production-1965-vol3-chapters	1168	HYPHEN	blankgap	0	legisla	ture	legislature	
production-1965-vol3-chapters	1175	HYPHEN	margin	10	in	formity	informity	validate any publication where the same is otherwise in con
production-1965-vol3-chapters	1210	NOHYPHEN	blankgap	0	affilia	tions	affiliations	
production-1965-vol3-chapters	1210	HYPHEN	blankgap	0	fa	voritism	favoritism	
production-1965-vol3-chapters	1347	HYPHEN	margin	9	con	tinue	continue	firmed validated and declared legally effective and shall con
production-1965-vol3-chapters	1407	HYPHEN	margin	21	pro	bation	probation	viding for the manner and method of appointment and re | moval of the probation officers and the members of the Pro
production-1965-vol3-chapters	1410	HYPHEN	blankgap	0	manufac	turer	manufacturer	
production-1965-vol3-chapters	1418	HYPHEN	margin	18	commis	sioners	commissioners	sion Trustees of Public Library Board of Police and Fire | Commissioners Board of Fire and Police Pension Commis
production-1965-vol3-chapters	1425	HYPHEN	margin	22	pro	sumers	prosumers	gram by the United States Department of Agriculture would | result in the loss of many millions of dollars of value to eon
production-1965-vol3-chapters	1483	HYPHEN	margin	10	con	clude	conclude	servation purposes pursuant to this Article Said list shall im
production-1965-vol3-chapters	1487	HYPHEN	blankgap	0	munic	ipal	municipal	
production-1965-vol3-chapters	1498	HYPHEN	blankgap	0	estab	lishment	establishment	
production-1965-vol3-chapters	1534	HYPHEN	margin	10	in	formity	informity	validate any publication where the same is otherwise in con
production-1965-vol3-chapters	1538	HYPHEN	blankgap	0	or	dinance	ordinance	
production-1965-vol3-chapters	1571	HYPHEN	blankgap	0	es	tablishment	establishment	
production-1965-vol3-chapters	159	HYPHEN	blankgap	0	com	mencing	commencing	
production-1965-vol3-chapters	219	HYPHEN	margin	11	per	sistance	persistance	sonal and incidental needs as provided in the standard of as
production-1965-vol3-chapters	239	HYPHEN	blankgap	0	cer	tificates	certificates	
production-1965-vol3-chapters	283	HYPHEN	margin	19	de	tective	detective	pendency and reduce the total costs of public welfare services | by restorative and preventive measures and to expand pro
production-1965-vol3-chapters	300	HYPHEN	margin	21	em	ployer	employer	ployed by California industries for the Blind and to pay with | respect to such person the contributions required of an em
production-1965-vol3-chapters	33	HYPHEN	blankgap	0	imme	diately	immediately	
production-1965-vol3-chapters	340	HYPHEN	margin	22	per	ceive	perceive	son or place authorized by the Department of Mental Hygiene | or by the Veterans Administration as the case may be to re
production-1965-vol3-chapters	357	HYPHEN	margin	22	trans	ferable	transferable	action of business at the place and the number of dispensing | devices designated on the license and is not assignable or trans
production-1965-vol3-chapters	358	HYPHEN	blankgap	0	recrea	tion	recreation	
production-1965-vol3-chapters	381	HYPHEN	blankgap	0	cosme	tology	cosmetology	
production-1965-vol3-chapters	386	HYPHEN	blankgap	0	renum	bered	renumbered	
production-1965-vol3-chapters	390	HYPHEN	margin	20	con	fessional	confessional	duct within the meaning of this chapter The record of the | conviction or compromise is conclusive evidence of such unpro
production-1965-vol3-chapters	438	HYPHEN	blankgap	0	per	forating	perforating	
production-1965-vol3-chapters	486	HYPHEN	margin	23	con	tributors	contributors	sumption on the premises but excluding however the prices | at which fiuid milk or fluid cream or both shall be sold by dis
production-1965-vol3-chapters	497	HYPHEN	margin	11	con	structing	constructing	sent of such other public agency and shall reimburse the con
production-1965-vol3-chapters	542	HYPHEN	blankgap	0	pro	tection	protection	
production-1965-vol3-chapters	552	HYPHEN	blankgap	0	ar	ticle	article	
production-1965-vol3-chapters	554	HYPHEN	blankgap	0	in	surance	insurance	
production-1965-vol3-chapters	62	HYPHEN	margin	9	re	ducer	reducer	plenishment assessment within days of when due such pro
production-1965-vol3-chapters	718	HYPHEN	margin	12	pur	tenance	purtenance	suant to Section or for the cost of care support or main
production-1965-vol3-chapters	733	HYPHEN	blankgap	0	in	clusive	inclusive	
production-1965-vol3-chapters	734	HYPHEN	blankgap	0	extraor	dinary	extraordinary	
production-1965-vol3-chapters	743	HYPHEN	margin	10	re	stitute	restitute	maining members of the precinct board may appoint a sub
production-1965-vol3-chapters	764	HYPHEN	blankgap	0	con	solidated	consolidated	
production-1965-vol3-chapters	778	HYPHEN	blankgap	0	com	mencing	commencing	
production-1965-vol3-chapters	80	HYPHEN	blankgap	0	man	agement	management	
production-1965-vol3-chapters	806	HYPHEN	blankgap	0	trans	portation	transportation	
production-1965-vol3-chapters	844	HYPHEN	margin	18	rep	resentatives	representatives	resenting certificated employees the public school employer | or governing board thereof shall meet and confer with the rep
production-1965-vol3-chapters	858	HYPHEN	margin	22	con	sistency	consistency	duct and completion for a change of organization by any such | district ageney or authority and to the extent of any incon
production-1965-vol3-chapters	950	HYPHEN	blankgap	0	in	clusive	inclusive	
production-1965-vol3-chapters	979	HYPHEN	blankgap	0	as	sistance	assistance	
production-1966-vol1-chapters	42	HYPHEN	margin	10	in	formity	informity	validate any publication where the same is otherwise in con
production-1966-vol1-chapters	5	HYPHEN	blankgap	0	unascer	tainable	unascertainable	
production-1967-vol1-chapters	1000	HYPHEN	blankgap	0	ag	ricultural	agricultural	
production-1967-vol1-chapters	1010	HYPHEN	blankgap	0	in	stitutions	institutions	
production-1967-vol1-chapters	1013	HYPHEN	blankgap	0	ur	gency	urgency	
production-1967-vol1-chapters	1212	HYPHEN	blankgap	0	vet	erans	veterans	
production-1967-vol1-chapters	1221	HYPHEN	margin	19	con	structions	constructions	tract with such other public agencies or private corporations | or persons for the purpose of financing such acquisitions con
production-1967-vol1-chapters	1235	HYPHEN	margin	11	pro	fited	profited	posed to be annexed to an improvement district will be bene
production-1967-vol1-chapters	1261	HYPHEN	margin	19	con	structions	constructions	tract with such other public agencies or private corporations | or persons for the purpose of financing such acquisitions con
production-1967-vol1-chapters	1277	HYPHEN	blankgap	0	ur	gency	urgency	
production-1967-vol1-chapters	1314	HYPHEN	margin	16	con	structed	constructed	struction use supply maintenance repair and improvement | of said works including works constructed and being con
production-1967-vol1-chapters	1351	HYPHEN	blankgap	0	ur	gency	urgency	
production-1967-vol1-chapters	1362	HYPHEN	blankgap	0	car	riers	carriers	
production-1967-vol1-chapters	1388	HYPHEN	margin	19	con	structions	constructions	tract with such other public agencies or private corporations | or persons for the purpose of financing such acquisitions con
production-1967-vol1-chapters	1399	HYPHEN	blankgap	0	ve	hicle	vehicle	
production-1967-vol1-chapters	1415	HYPHEN	margin	7	pub	lishes	publishes	lished as provided in Section and estab
production-1967-vol1-chapters	1415	HYPHEN	margin	17	pro	sification	prosification	posed by Senate Bill No is amended to read | Every certificate which relates to the analysis clas
production-1967-vol1-chapters	1485	HYPHEN	blankgap	0	ex	cursions	excursions	
production-1967-vol1-chapters	1503	HYPHEN	blankgap	0	commenc	ing	commencing	
production-1967-vol1-chapters	1523	HYPHEN	blankgap	0	dis	tricts	districts	
production-1967-vol1-chapters	16	HYPHEN	blankgap	0	ur	gency	urgency	
production-1967-vol1-chapters	1611	HYPHEN	margin	10	in	cepted	incepted	elude the period during which assessment protests will be ac
production-1967-vol1-chapters	1623	HYPHEN	margin	20	pro	ferred	proferred	gram Such agreement may make provision for the support of | transferred persons by the county from which they are trans
production-1967-vol1-chapters	1693	HYPHEN	margin	10	con	densed	condensed	sumption within this state any evaporated skim milk or con
production-1967-vol1-chapters	1705	HYPHEN	blankgap	0	com	mittees	committees	
production-1967-vol1-chapters	1755	HYPHEN	blankgap	0	res	toration	restoration	
production-1967-vol1-chapters	1770	HYPHEN	margin	4	compensa	tions	compensations	iion for nonacademie posi
production-1967-vol1-chapters	1776	HYPHEN	blankgap	0	mainte	nance	maintenance	
production-1967-vol1-chapters	1776	HYPHEN	blankgap	0	ex	penses	expenses	
production-1967-vol1-chapters	1776	HYPHEN	blankgap	0	supervis	ing	supervising	
production-1967-vol1-chapters	1776	HYPHEN	blankgap	0	ex	penditures	expenditures	
production-1967-vol1-chapters	1783	HYPHEN	margin	11	pub	lishment	publishment	lic Health es | For assistance to local agencies in the estab
production-1967-vol1-chapters	1787	HYPHEN	margin	7	con	tection	contection	trol Project | f Sacramento River Bank Pro
production-1967-vol1-chapters	1789	HYPHEN	margin	7	de	volving	devolving	posited in the Harbors and Watercraft Re
production-1967-vol1-chapters	1789	HYPHEN	margin	7	de	volving	devolving	posited in the Harbors and Watercraft Re
production-1967-vol1-chapters	1790	HYPHEN	margin	11	con	volving	convolving	tained in this item to be used as a cash re
production-1967-vol1-chapters	1803	HYPHEN	blankgap	0	ex	isting	existing	
production-1967-vol1-chapters	1803	HYPHEN	blankgap	0	al	terations	alterations	
production-1967-vol1-chapters	1808	HYPHEN	blankgap	0	li	brary	library	
production-1967-vol1-chapters	1809	HYPHEN	blankgap	0	li	brary	library	
production-1967-vol1-chapters	1809	HYPHEN	blankgap	0	li	brary	library	
production-1967-vol1-chapters	1810	HYPHEN	blankgap	0	cen	tennial	centennial	
production-1967-vol1-chapters	1810	HYPHEN	blankgap	0	li	brary	library	
production-1967-vol1-chapters	1810	HYPHEN	blankgap	0	laborato	ries	laboratories	
production-1967-vol1-chapters	1814	HYPHEN	blankgap	0	de	velopment	development	
production-1967-vol1-chapters	1814	HYPHEN	blankgap	0	ot	terbein	otterbein	
production-1967-vol1-chapters	1814	HYPHEN	blankgap	0	ac	quisition	acquisition	
production-1967-vol1-chapters	1814	HYPHEN	blankgap	0	acqui	sition	acquisition	
production-1967-vol1-chapters	1815	HYPHEN	blankgap	0	de	velopment	development	
production-1967-vol1-chapters	1815	HYPHEN	blankgap	0	de	velopment	development	
production-1967-vol1-chapters	1816	HYPHEN	blankgap	0	de	velopment	development	
production-1967-vol1-chapters	1816	HYPHEN	blankgap	0	de	velopment	development	
production-1967-vol1-chapters	1816	HYPHEN	blankgap	0	de	velopment	development	
production-1967-vol1-chapters	1816	HYPHEN	blankgap	0	acquisi	tion	acquisition	
production-1967-vol1-chapters	1816	HYPHEN	blankgap	0	re	gional	regional	
production-1967-vol1-chapters	214	HYPHEN	blankgap	0	ferti	lizer	fertilizer	
production-1967-vol1-chapters	23	HYPHEN	margin	19	pro	ducers	producers	posed by Senate Bill No is amended to read | If a distributor fails to pay any producer or pro
production-1967-vol1-chapters	230	HYPHEN	blankgap	0	in	vestigations	investigations	
production-1967-vol1-chapters	330	HYPHEN	margin	10	com	mencing	commencing	plies with the label requirements as stated in Article com
production-1967-vol1-chapters	373	HYPHEN	margin	10	pro	spection	prospection	portions by each such distributor to the approved milk in
production-1967-vol1-chapters	373	HYPHEN	margin	11	per	spection	perspection	tain to any and all transactions of any approved milk in
production-1967-vol1-chapters	388	HYPHEN	blankgap	0	no	tify	notify	
production-1967-vol1-chapters	428	HYPHEN	blankgap	0	predomi	nance	predominance	
production-1967-vol1-chapters	436	HYPHEN	blankgap	0	addi	tives	additives	
production-1967-vol1-chapters	547	HYPHEN	blankgap	0	gor	gonio	gorgonio	
production-1967-vol1-chapters	604	HYPHEN	margin	12	pre	ciation	preciation	paring for market of any product which is handled by the asso
production-1967-vol1-chapters	638	HYPHEN	margin	18	pro	spective	prospective	visions of this chapter by such licensee | A eopy of such order shall be furnished to the re
production-1967-vol1-chapters	639	HYPHEN	blankgap	0	cir	cumstances	circumstances	
production-1967-vol1-chapters	664	HYPHEN	margin	8	provi	dences	providences	sions or orders although their properties interests resi
production-1967-vol1-chapters	670	HYPHEN	margin	20	ap	propriate	appropriate	pears that any unlawful act has been committed by any li | eensed dairy produce exchange the director may initiate ap
production-1967-vol1-chapters	681	HYPHEN	blankgap	0	pro	fessions	professions	
production-1967-vol1-chapters	687	HYPHEN	margin	21	pro	ceedings	proceedings	posed amendments shall be public and all testimony shall be | received under oath A full and complete record of all pro
production-1967-vol1-chapters	706	HYPHEN	blankgap	0	mar	keting	marketing	
production-1967-vol1-chapters	718	HYPHEN	margin	7	ad	ditions	additions	verse marketing conditions improving existing marketing con
production-1967-vol1-chapters	731	HYPHEN	margin	13	re	ducer	reducer	ceived into either of the pools and account for it to each pro
production-1967-vol1-chapters	74	HYPHEN	blankgap	0	im	provements	improvements	
production-1967-vol1-chapters	769	HYPHEN	margin	9	in	ducer	inducer	eluding any nonprofit cooperative association acting as a pro
production-1967-vol1-chapters	779	HYPHEN	margin	18	pro	ducers	producers	gram one of the following is necessary | a Not less than percent of the total number of pro
production-1967-vol1-chapters	809	HYPHEN	margin	12	pro	ducer	producer	duetion or any fees on milk fat which such handler or pro
production-1967-vol1-chapters	824	HYPHEN	margin	8	ex	cluding	excluding	pended for services to physically handicapped children in
production-1967-vol1-chapters	898	HYPHEN	blankgap	0	im	provement	improvement	
production-1967-vol1-chapters	9	HYPHEN	blankgap	0	de	claring	declaring	
production-1967-vol1-chapters	901	HYPHEN	blankgap	0	dis	trict	district	
production-1967-vol1-chapters	941	HYPHEN	blankgap	0	ur	gency	urgency	
production-1967-vol1-chapters	959	HYPHEN	margin	11	re	pleted	repleted	quires such length of time that the canvass cannot be com
production-1967-vol1-chapters	985	HYPHEN	blankgap	0	dis	tricts	districts	
production-1967-vol2	1014	HYPHEN	margin	18	pub	lications	publications	lic libraries and to other state departments and state officers | The department may exchange copies with contemporary pub
production-1967-vol2	102	HYPHEN	blankgap	0	prop	erty	property	
production-1967-vol2	1025	HYPHEN	margin	16	con	structed	constructed	struction use supply maintenance repair and improvement | of said works including works constructed and being con
production-1967-vol2	1032	HYPHEN	blankgap	0	manu	facturer	manufacturer	
production-1967-vol2	1039	HYPHEN	blankgap	0	mar	keting	marketing	
production-1967-vol2	1128	HYPHEN	blankgap	0	de	claring	declaring	
production-1967-vol2	1137	HYPHEN	blankgap	0	com	pensation	compensation	
production-1967-vol2	1142	HYPHEN	blankgap	0	com	mencing	commencing	
production-1967-vol2	1149	HYPHEN	blankgap	0	pro	fessions	professions	
production-1967-vol2	1159	HYPHEN	margin	19	sub	lative	sublative	mitted to it for consideration the planning commission shall | make and file its report and recommendation with the legis
production-1967-vol2	1297	HYPHEN	blankgap	0	asso	ciation	association	
production-1967-vol2	1297	HYPHEN	blankgap	0	or	ganization	organization	
production-1967-vol2	1301	HYPHEN	blankgap	0	ac	cordance	accordance	
production-1967-vol2	1388	HYPHEN	blankgap	0	emer	gency	emergency	
production-1967-vol2	139	HYPHEN	blankgap	0	pro	fessions	professions	
production-1967-vol2	1396	HYPHEN	blankgap	0	col	lectively	collectively	
production-1967-vol2	1396	HYPHEN	blankgap	0	em	ployees	employees	
production-1967-vol2	1397	HYPHEN	margin	20	pur	gation	purgation	poses of commerce navigation and fisheries and are hereby | declared to be free from the public trust for commerce navi
production-1967-vol2	1435	HYPHEN	blankgap	0	dis	tributee	distributee	
production-1967-vol2	1437	HYPHEN	blankgap	0	com	mencing	commencing	
production-1967-vol2	1450	HYPHEN	blankgap	0	ad	vertising	advertising	
production-1967-vol2	1480	HYPHEN	blankgap	0	legis	lature	legislature	
production-1967-vol2	1512	HYPHEN	blankgap	0	preced	ing	preceding	
production-1967-vol2	1525	HYPHEN	blankgap	0	immedi	ately	immediately	
production-1967-vol2	1541	HYPHEN	blankgap	0	annui	tants	annuitants	
production-1967-vol2	1543	HYPHEN	margin	18	de	sistance	desistance	partment may utilize funds available to provide training and | placement for present and potential recipients of public as
production-1967-vol2	1546	HYPHEN	blankgap	0	limita	tion	limitation	
production-1967-vol2	1610	HYPHEN	margin	23	pro	ductions	productions	vided in this part any overpayment due a taxpayer for any | year which results from a transfer of items of income or de
production-1967-vol2	1628	HYPHEN	blankgap	0	fi	nancing	financing	
production-1967-vol2	1641	HYPHEN	margin	23	ex	hibited	exhibited	plosive in a manner prohibited by this part or prohibited by | any ordinance of a city county or city and county or pro
production-1967-vol2	165	HYPHEN	margin	16	con	structed	constructed	struction use supply maintenance repair and improvement | of said works including works constructed and being con
production-1967-vol2	1669	HYPHEN	margin	21	inter	sected	intersected	section to its former state as near as may be | Src The owner of any right of way that is inter
production-1967-vol2	1700	HYPHEN	blankgap	0	dis	covery	discovery	
production-1967-vol2	1701	HYPHEN	blankgap	0	pro	ceedings	proceedings	
production-1967-vol2	175	HYPHEN	blankgap	0	mon	terey	monterey	
production-1967-vol2	1758	HYPHEN	blankgap	0	repre	senting	representing	
production-1967-vol2	1801	HYPHEN	blankgap	0	appropria	tion	appropriation	
production-1967-vol2	1814	HYPHEN	blankgap	0	in	stitutions	institutions	
production-1967-vol2	1844	HYPHEN	margin	22	re	quirements	requirements	quest of any person may hold a hearing to determine under | what conditions and to what extent a variance from the re
production-1967-vol2	1856	HYPHEN	blankgap	0	prac	tices	practices	
production-1967-vol2	186	HYPHEN	blankgap	0	vet	erans	veterans	
production-1967-vol2	1872	HYPHEN	blankgap	0	disposi	tion	disposition	
production-1967-vol2	1877	HYPHEN	blankgap	0	munici	pality	municipality	
production-1967-vol2	1878	HYPHEN	blankgap	0	cor	poration	corporation	
production-1967-vol2	19	HYPHEN	blankgap	0	profes	sional	professional	
production-1967-vol2	1909	HYPHEN	blankgap	0	sup	plemental	supplemental	
production-1967-vol2	1922	HYPHEN	margin	21	re	quired	required	payment for the succeeding fiscal year shall be an amount | which would have been payable if such district had been re
production-1967-vol2	1927	HYPHEN	margin	11	decelera	tion	deceleration	cle and combina vehicle or combi tion m feet per Stopping
production-1967-vol2	1973	HYPHEN	margin	15	con	tributions	contributions	servation by W E Ted Silverwood | The department is authorized to receive donations and con
production-1967-vol2	1985	HYPHEN	margin	20	hav	erty	haverty	ing outstanding bonded indebtedness s divided between two | or more districts and as a result of said division real prop
production-1967-vol2	246	HYPHEN	blankgap	0	con	ditions	conditions	
production-1967-vol2	249	HYPHEN	margin	10	re	gency	regency	lating to state and local government and declaring the ur
production-1967-vol2	263	HYPHEN	blankgap	0	pro	fessions	professions	
production-1967-vol2	272	HYPHEN	blankgap	0	cor	porate	corporate	
production-1967-vol2	278	HYPHEN	blankgap	0	es	tablished	established	
production-1967-vol2	30	HYPHEN	blankgap	0	sec	retaries	secretaries	
production-1967-vol2	33	HYPHEN	blankgap	0	com	mencing	commencing	
production-1967-vol2	404	HYPHEN	blankgap	0	ex	cavations	excavations	
production-1967-vol2	461	HYPHEN	blankgap	0	munici	pal	municipal	
production-1967-vol2	468	HYPHEN	blankgap	0	af	fected	affected	
production-1967-vol2	471	HYPHEN	blankgap	0	trans	portation	transportation	
production-1967-vol2	479	HYPHEN	margin	20	de	ferred	deferred	partment shall follow the procedure set forth in Section | A license issued pursuant to this section shall not be trans
production-1967-vol2	50	HYPHEN	blankgap	0	manu	facturers	manufacturers	
production-1967-vol2	515	HYPHEN	blankgap	0	commenc	ing	commencing	
production-1967-vol2	515	HYPHEN	blankgap	0	commenc	ing	commencing	
production-1967-vol2	54	HYPHEN	margin	18	pub	lications	publications	lic libraries and to other state departments and state officers | The department may exchange copies with contemporary pub
production-1967-vol2	671	HYPHEN	blankgap	0	legis	lature	legislature	
production-1967-vol2	690	HYPHEN	margin	11	re	tinue	retinue	mains in force Each such appointment shall by its terms con
production-1967-vol2	717	HYPHEN	blankgap	0	perforat	ing	perforating	
production-1967-vol2	720	HYPHEN	margin	12	dis	trict	district	solution of the district be submitted to the voters of the dis
production-1967-vol2	720	HYPHEN	blankgap	0	as	sessments	assessments	
production-1967-vol2	728	HYPHEN	margin	18	pro	spection	prospection	posed by Senate Bill No is amended to read | The classes of chicken meat as determined by in
production-1967-vol2	792	HYPHEN	blankgap	0	ve	hicles	vehicles	
production-1967-vol2	799	HYPHEN	blankgap	0	subdivi	sion	subdivision	
production-1967-vol2	839	HYPHEN	blankgap	0	bev	erages	beverages	
production-1967-vol2	85	HYPHEN	margin	9	sec	urer	securer	tion against the same property upon which such treas
production-1967-vol2	905	HYPHEN	margin	10	mis	sioner	missioner	demeanor and may have its license revoked by the commis
production-1967-vol2	922	HYPHEN	blankgap	0	ar	ticle	article	
production-1967-vol2	922	HYPHEN	blankgap	0	ac	cordance	accordance	
production-1967-vol2	960	HYPHEN	blankgap	0	re	newals	renewals	
production-1967-vol2	978	HYPHEN	blankgap	0	munici	pal	municipal	
production-1967-vol3-chapters	184	HYPHEN	blankgap	0	pro	fessions	professions	
production-1967-vol3-chapters	185	HYPHEN	blankgap	0	commenc	ing	commencing	
production-1967-vol3-chapters	2	HYPHEN	margin	10	sec	tioned	sectioned	tion | The amounts available under this section shall be appor
production-1967-vol3-chapters	28	HYPHEN	blankgap	0	de	claring	declaring	
production-1967-vol3-chapters	344	HYPHEN	blankgap	0	extraor	dinary	extraordinary	
production-1967-vol3-chapters	344	HYPHEN	blankgap	0	pollu	tion	pollution	
production-1967-vol3-chapters	350	HYPHEN	blankgap	0	ex	cluding	excluding	
production-1967-vol3-chapters	392	HYPHEN	blankgap	0	ur	gency	urgency	
production-1967-vol3-chapters	394	HYPHEN	blankgap	0	appro	priation	appropriation	
production-1967-vol3-chapters	40	HYPHEN	margin	10	in	structor	instructor	struction in a dual control automobile with a qualified in
production-1967-vol3-chapters	404	HYPHEN	blankgap	0	prop	erty	property	
production-1967-vol3-chapters	423	HYPHEN	margin	11	sub	secutive	subsecutive	ject to benefit charges cluring the period of four complete con
production-1967-vol3-chapters	430	HYPHEN	margin	18	em	ployer	employer	ployment is terminated under the compulsory retirement pro | visions of a collective bargaming agreement to which the em
production-1967-vol3-chapters	433	HYPHEN	blankgap	0	in	surance	insurance	
production-1967-vol3-chapters	47	HYPHEN	blankgap	0	ur	gency	urgency	
production-1967-vol3-chapters	553	HYPHEN	blankgap	0	ber	nardino	bernardino	
production-1967-vol3-chapters	557	HYPHEN	margin	12	condi	tionally	conditionally	tion of the aecounty and records of the Auditor s office Addi
production-1967-vol3-chapters	639	HYPHEN	margin	26	coun	termined	countermined	cil members shall elect one of its members to act as Mayor Pro | Tempore Said election shall be by a roll call vote or if de
production-1967-vol3-chapters	65	HYPHEN	blankgap	0	an	nouncement	announcement	
production-1967-vol3-chapters	672	HYPHEN	blankgap	0	af	fidavit	affidavit	
production-1967-vol3-chapters	673	HYPHEN	blankgap	0	cor	poration	corporation	
production-1967-vol3-chapters	68	HYPHEN	margin	17	pro	lative	prolative	visions It shall consider the following specific elements and | recommend policies for adoption by administrative or legis
production-1967-vol3-chapters	753	HYPHEN	margin	10	in	formity	informity	validate any publication where the same is otherwise in con
production-1967-vol3-chapters	850	HYPHEN	margin	21	dis	turbance	disturbance	coverer of valuable minerals on the public domain has been | able to take such discovery into possession without let or dis
production-1967-vol3-chapters	943	HYPHEN	blankgap	0	superinten	dent	superintendent	
production-1968-vol1-chapters	1011	HYPHEN	blankgap	0	commenc	ing	commencing	
production-1968-vol1-chapters	1046	HYPHEN	blankgap	0	dis	trict	district	
production-1968-vol1-chapters	1052	HYPHEN	margin	19	con	structions	constructions	tract with such other public agencies or private ecorpurations | or persons for the purpose of financing such acquisitions con
production-1968-vol1-chapters	1073	HYPHEN	blankgap	0	legis	lature	legislature	
production-1968-vol1-chapters	108	HYPHEN	blankgap	0	de	claring	declaring	
production-1968-vol1-chapters	1096	HYPHEN	blankgap	0	com	pensation	compensation	
production-1968-vol1-chapters	1125	HYPHEN	blankgap	0	in	surance	insurance	
production-1968-vol1-chapters	1135	HYPHEN	blankgap	0	commis	sioner	commissioner	
production-1968-vol1-chapters	1172	HYPHEN	blankgap	0	mu	nicipal	municipal	
production-1968-vol1-chapters	1213	HYPHEN	margin	11	pro	ducers	producers	posed pool plan into effect The director shall find that pro
production-1968-vol1-chapters	122	HYPHEN	blankgap	0	pro	ceedings	proceedings	
production-1968-vol1-chapters	1256	HYPHEN	margin	11	pro	ferred	proferred	posed improvement and the map or plat of the district re
production-1968-vol1-chapters	126	HYPHEN	margin	14	re	stitutions	restitutions	fund and authorizes its payment | Sec Section is added to the Welfare and In
production-1968-vol1-chapters	1323	HYPHEN	blankgap	0	appro	priate	appropriate	
production-1968-vol1-chapters	1323	HYPHEN	blankgap	0	jan	uary	january	
production-1968-vol1-chapters	1338	HYPHEN	blankgap	0	insti	tutions	institutions	
production-1968-vol1-chapters	1344	HYPHEN	blankgap	0	vet	erans	veterans	
production-1968-vol1-chapters	1352	HYPHEN	blankgap	0	renum	ber	renumber	
production-1968-vol1-chapters	1447	HYPHEN	blankgap	0	prop	erty	property	
production-1968-vol1-chapters	1450	HYPHEN	blankgap	0	con	solidation	consolidation	
production-1968-vol1-chapters	1468	HYPHEN	blankgap	0	com	mencing	commencing	
production-1968-vol1-chapters	1473	HYPHEN	blankgap	0	extin	guishers	extinguishers	
production-1968-vol1-chapters	1473	HYPHEN	blankgap	0	hy	drostatic	hydrostatic	
production-1968-vol1-chapters	1550	HYPHEN	blankgap	0	dis	tricts	districts	
production-1968-vol1-chapters	1635	HYPHEN	blankgap	0	col	lected	collected	
production-1968-vol1-chapters	1643	HYPHEN	margin	12	dis	trict	district	parity | c Basic textbooks provided by the state to a school dis
production-1968-vol1-chapters	176	HYPHEN	margin	11	commis	sioner	commissioner	sion unless such time is extended by order of the commis
production-1968-vol1-chapters	236	HYPHEN	blankgap	0	ur	gency	urgency	
production-1968-vol1-chapters	242	HYPHEN	margin	20	de	clared	declared	fined by ordinance or resolution of the governing body | A governing body of a county or city which has de
production-1968-vol1-chapters	243	HYPHEN	blankgap	0	ur	gency	urgency	
production-1968-vol1-chapters	261	HYPHEN	margin	9	re	gency	regency	lating to California water districts and declaring the ur
production-1968-vol1-chapters	292	HYPHEN	blankgap	0	prop	erty	property	
production-1968-vol1-chapters	308	HYPHEN	blankgap	0	commenc	ing	commencing	
production-1968-vol1-chapters	338	HYPHEN	blankgap	0	subdivi	sion	subdivision	
production-1968-vol1-chapters	390	HYPHEN	blankgap	0	ur	gency	urgency	
production-1968-vol1-chapters	407	HYPHEN	margin	19	re	mainderman	remainderman	ceived or the value of the use had | e As between successive tenants or a tenant and a re
production-1968-vol1-chapters	416	HYPHEN	blankgap	0	em	ployees	employees	
production-1968-vol1-chapters	473	HYPHEN	blankgap	0	prop	erty	property	
production-1968-vol1-chapters	478	HYPHEN	blankgap	0	ar	ticle	article	
production-1968-vol1-chapters	489	HYPHEN	blankgap	0	de	claring	declaring	
production-1968-vol1-chapters	498	HYPHEN	blankgap	0	com	mencing	commencing	
production-1968-vol1-chapters	526	HYPHEN	blankgap	0	immedi	ately	immediately	
production-1968-vol1-chapters	539	HYPHEN	margin	18	em	ployer	employer	ployment is terminated under the compulsory retirement pro | visions of a collective bargaining agreement to which the em
production-1968-vol1-chapters	567	HYPHEN	margin	23	con	spicuous	conspicuous	siders and designates to be liable to be infested with any | pest unless he has affixed to such nursery stock in a con
production-1968-vol1-chapters	59	HYPHEN	blankgap	0	dis	trict	district	
production-1968-vol1-chapters	595	HYPHEN	blankgap	0	con	stitution	constitution	
production-1968-vol1-chapters	657	HYPHEN	blankgap	0	imme	diately	immediately	
production-1968-vol1-chapters	79	HYPHEN	blankgap	0	prop	erty	property	
production-1968-vol1-chapters	814	HYPHEN	blankgap	0	immedi	ately	immediately	
production-1968-vol1-chapters	817	HYPHEN	blankgap	0	in	cluding	including	
production-1968-vol1-chapters	817	HYPHEN	blankgap	0	com	mittees	committees	
production-1968-vol1-chapters	817	HYPHEN	blankgap	0	in	cluding	including	
production-1968-vol1-chapters	843	HYPHEN	margin	15	pro	ferred	proferred	vided further that upon order of the Director | of Finance additional funds may be trans
production-1968-vol1-chapters	868	HYPHEN	margin	7	re	ferred	referred	sources Development Bond Fund to be trans
production-1968-vol1-chapters	884	HYPHEN	blankgap	0	commis	sioners	commissioners	
production-1968-vol1-chapters	884	HYPHEN	blankgap	0	mainte	nance	maintenance	
production-1968-vol1-chapters	884	HYPHEN	blankgap	0	ex	penses	expenses	
production-1968-vol1-chapters	884	HYPHEN	blankgap	0	supervis	ing	supervising	
production-1968-vol1-chapters	885	HYPHEN	blankgap	0	expendi	tures	expenditures	
production-1968-vol1-chapters	885	HYPHEN	blankgap	0	su	perintendent	superintendent	
production-1968-vol1-chapters	885	HYPHEN	blankgap	0	ed	ucation	education	
production-1968-vol1-chapters	894	HYPHEN	blankgap	0	eco	nomically	economically	
production-1968-vol1-chapters	895	HYPHEN	blankgap	0	revolv	ing	revolving	
production-1968-vol1-chapters	895	HYPHEN	blankgap	0	navi	gation	navigation	
production-1968-vol1-chapters	897	HYPHEN	blankgap	0	compen	sation	compensation	
production-1968-vol1-chapters	897	HYPHEN	margin	11	con	volving	convolving	tained in this item to be used as a cash re
production-1968-vol1-chapters	897	HYPHEN	blankgap	0	re	volving	revolving	
production-1968-vol1-chapters	897	HYPHEN	blankgap	0	reim	bursement	reimbursement	
production-1968-vol1-chapters	897	HYPHEN	blankgap	0	ex	penditures	expenditures	
production-1968-vol1-chapters	92	HYPHEN	blankgap	0	agricul	tural	agricultural	
production-1968-vol1-chapters	922	HYPHEN	margin	7	con	tection	contection	trol Project | f Sacramento River Bank Pro
production-1968-vol1-chapters	930	HYPHEN	blankgap	0	acqui	sition	acquisition	
production-1968-vol1-chapters	930	HYPHEN	blankgap	0	de	velopment	development	
production-1968-vol1-chapters	930	HYPHEN	blankgap	0	re	gional	regional	
production-1968-vol1-chapters	930	HYPHEN	blankgap	0	de	velopment	development	
production-1968-vol1-chapters	930	HYPHEN	blankgap	0	acquisi	tion	acquisition	
production-1968-vol1-chapters	930	HYPHEN	blankgap	0	de	velopment	development	
production-1968-vol1-chapters	930	HYPHEN	blankgap	0	de	velopment	development	
production-1968-vol2-chapters	1010	HYPHEN	margin	10	re	newal	renewal	port from the commission approve the formation of a re
production-1968-vol2-chapters	1036	HYPHEN	blankgap	0	insti	tutions	institutions	
production-1968-vol2-chapters	1075	HYPHEN	margin	20	de	ductions	deductions	cedent the basis shall be the amount determined under Section | reduced by the amount allowed to the taxpayer as de
production-1968-vol2-chapters	1094	HYPHEN	margin	24	instruc	tionary	instructionary	tion at any time after one school year of full time teaching | but within two years of employment of a holder of a proba
production-1968-vol2-chapters	1112	HYPHEN	blankgap	0	appro	priation	appropriation	
production-1968-vol2-chapters	1122	HYPHEN	blankgap	0	edu	cational	educational	
production-1968-vol2-chapters	1133	HYPHEN	blankgap	0	au	thority	authority	
production-1968-vol2-chapters	1214	HYPHEN	blankgap	0	appropria	tion	appropriation	
production-1968-vol2-chapters	1218	HYPHEN	blankgap	0	pro	cedure	procedure	
production-1968-vol2-chapters	1250	HYPHEN	margin	15	re	tirement	retirement	tired or died or who shall retire or die as a member of the re
production-1968-vol2-chapters	1265	HYPHEN	blankgap	0	cen	tennial	centennial	
production-1968-vol2-chapters	1271	HYPHEN	blankgap	0	anniver	sary	anniversary	
production-1968-vol2-chapters	1284	HYPHEN	margin	19	as	sembly	assembly	sociation with Dr Kennedy now therefore be it | Resolved by the Senate of the State of California the As
production-1968-vol2-chapters	1315	HYPHEN	blankgap	0	par	ticipants	participants	
production-1968-vol2-chapters	1340	HYPHEN	margin	10	pub	erty	puberty	lic improvements and give notice of such assessments to prop
production-1968-vol2-chapters	1361	HYPHEN	blankgap	0	equali	zation	equalization	
production-1968-vol2-chapters	1421	HYPHEN	margin	23	re	fective	refective	duced below the amount being received by the member or his | beneficiary on the effective date of this section or on the ef
production-1968-vol2-chapters	1431	HYPHEN	margin	21	re	puted	reputed	tired after attaining the age of sixty five years but before | completing twenty five years of service in the aggregate com
production-1968-vol2-chapters	1513	HYPHEN	blankgap	0	commodi	ties	commodities	
production-1968-vol2-chapters	1524	HYPHEN	blankgap	0	ac	crued	accrued	
production-1968-vol2-chapters	1529	HYPHEN	margin	21	sub	lative	sublative	ject to such restrictions regulations and conditions as may be | prescribed by the legislative body but the action of the legis
production-1968-vol2-chapters	1534	HYPHEN	margin	24	re	tirement	retirement	sult of injury or illness incurred in the performance of duty | and if said member be qualified at the date of death for re
production-1968-vol2-chapters	1553	HYPHEN	blankgap	0	anniver	sary	anniversary	
production-1968-vol2-chapters	1583	HYPHEN	blankgap	0	reg	ulations	regulations	
production-1968-vol2-chapters	1625	HYPHEN	blankgap	0	con	stitution	constitution	
production-1968-vol2-chapters	1639	HYPHEN	blankgap	0	am	biguous	ambiguous	
production-1968-vol2-chapters	227	HYPHEN	blankgap	0	imme	diately	immediately	
production-1968-vol2-chapters	228	HYPHEN	margin	22	in	volved	involved	volyed shall be asked to attend a meeting with school officials | at which time the causes the duration the school policy in
production-1968-vol2-chapters	232	HYPHEN	blankgap	0	extraor	dinary	extraordinary	
production-1968-vol2-chapters	291	HYPHEN	blankgap	0	em	ployees	employees	
production-1968-vol2-chapters	339	HYPHEN	blankgap	0	au	thorized	authorized	
production-1968-vol2-chapters	378	HYPHEN	blankgap	0	in	spection	inspection	
production-1968-vol2-chapters	432	HYPHEN	blankgap	0	mu	nicipal	municipal	
production-1968-vol2-chapters	487	HYPHEN	blankgap	0	con	trary	contrary	
production-1968-vol2-chapters	519	HYPHEN	margin	18	em	ployer	employer	ployment is terminated under the compulsory retirement pro | visions of a collective bargaining agreement to which the em
production-1968-vol2-chapters	522	HYPHEN	margin	8	commer	icals	commericals	cial fertilizers agricultural minerals or auxiliary soil chem
production-1968-vol2-chapters	547	HYPHEN	blankgap	0	in	stitutions	institutions	
production-1968-vol2-chapters	621	HYPHEN	blankgap	0	dis	tricts	districts	
production-1968-vol2-chapters	688	HYPHEN	blankgap	0	pro	fessions	professions	
production-1968-vol2-chapters	702	HYPHEN	blankgap	0	appropria	tion	appropriation	
production-1968-vol2-chapters	707	HYPHEN	blankgap	0	commenc	ing	commencing	
production-1968-vol2-chapters	730	HYPHEN	margin	9	re	fective	refective	spect shall be conclusive Upon such designation becoming ef
production-1968-vol2-chapters	75	HYPHEN	blankgap	0	com	mencing	commencing	
production-1968-vol2-chapters	821	HYPHEN	margin	21	de	velopment	development	scribed in this section such lease or Jeases franchises permits | licenses and privileges may be for the purposes of such de
production-1968-vol2-chapters	83	HYPHEN	blankgap	0	appropria	tion	appropriation	
production-1968-vol2-chapters	861	HYPHEN	blankgap	0	responsi	bilities	responsibilities	
production-1968-vol2-chapters	899	HYPHEN	margin	14	re	plicant	replicant	quested by the applicant | d Referral services to provide a contract between the ap
production-1968-vol2-chapters	909	HYPHEN	blankgap	0	com	mencing	commencing	
production-1968-vol2-chapters	910	HYPHEN	blankgap	0	commenc	ing	commencing	
production-1968-vol2-chapters	922	HYPHEN	blankgap	0	evalua	tion	evaluation	
production-1969-vol1-chapters	1056	HYPHEN	margin	17	con	cessive	concessive	sideration of the utilization of health facilities and services | including policies mechanisms and procedures to prevent ex
production-1969-vol1-chapters	1066	HYPHEN	blankgap	0	prop	erty	property	
production-1969-vol1-chapters	1085	HYPHEN	blankgap	0	im	poverished	impoverished	
production-1969-vol1-chapters	1130	HYPHEN	blankgap	0	de	claring	declaring	
production-1969-vol1-chapters	1153	HYPHEN	margin	11	in	spected	inspected	cluded in determining the average net weight of a lot in
production-1969-vol1-chapters	1247	HYPHEN	blankgap	0	com	mencing	commencing	
production-1969-vol1-chapters	1289	HYPHEN	blankgap	0	pome	granates	pomegranates	
production-1969-vol1-chapters	1326	HYPHEN	margin	17	re	ceive	receive	evive monthly compensation as provided in Schedule | Ninety deputy clerks grade II each of whom shall re
production-1969-vol1-chapters	1342	HYPHEN	blankgap	0	commenc	ing	commencing	
production-1969-vol1-chapters	1405	HYPHEN	blankgap	0	ex	pressway	expressway	
production-1969-vol1-chapters	146	HYPHEN	blankgap	0	ur	gency	urgency	
production-1969-vol1-chapters	1478	HYPHEN	margin	9	re	gency	regency	lating to county retirement systems and declaring the wr
production-1969-vol1-chapters	1582	HYPHEN	blankgap	0	commenc	ing	commencing	
production-1969-vol1-chapters	1582	HYPHEN	blankgap	0	com	mencing	commencing	
production-1969-vol1-chapters	1606	HYPHEN	margin	20	hav	erty	haverty	ing outstanding bonded indebtedness is divided between two | or more districts and as a result of said division real prop
production-1969-vol1-chapters	1615	HYPHEN	blankgap	0	re	ceipts	receipts	
production-1969-vol1-chapters	164	HYPHEN	blankgap	0	ur	gency	urgency	
production-1969-vol1-chapters	1647	HYPHEN	blankgap	0	in	surance	insurance	
production-1969-vol1-chapters	1653	HYPHEN	blankgap	0	hos	pitals	hospitals	
production-1969-vol1-chapters	1655	HYPHEN	blankgap	0	al	leged	alleged	
production-1969-vol1-chapters	1670	HYPHEN	margin	20	ap	terial	apterial	pear and protest the inclusion of his property within the pro | posed improvement district or present any other matters ma
production-1969-vol1-chapters	1731	HYPHEN	blankgap	0	em	ployees	employees	
production-1969-vol1-chapters	1821	HYPHEN	margin	19	con	cerning	concerning	tract is entered into with any person engaged in the business | of rating public securities and distributing information con
production-1969-vol1-chapters	1854	HYPHEN	margin	19	pro	portionment	proportionment	visions of Section of Chapter of the Statutes of for | the fiscal year and shall allocate any increased ap
production-1969-vol1-chapters	1860	HYPHEN	margin	20	re	ticle	reticle	tired for service and subsequently reinstated shall not be less | than the allowance including the increases provided in this ar
production-1969-vol1-chapters	1917	HYPHEN	blankgap	0	in	stitutions	institutions	
production-1969-vol1-chapters	1950	HYPHEN	margin	19	con	structions	constructions	tract with such other public agencies or private corporations | or persons for the purpose of financing such acquisitions con
production-1969-vol1-chapters	1958	HYPHEN	blankgap	0	com	mencing	commencing	
production-1969-vol1-chapters	1969	HYPHEN	blankgap	0	commenc	ing	commencing	
production-1969-vol1-chapters	1996	HYPHEN	margin	12	in	volved	involved	stalled by the city county city and county or state agency in
production-1969-vol1-chapters	2006	HYPHEN	blankgap	0	tech	nicians	technicians	
production-1969-vol1-chapters	2012	HYPHEN	blankgap	0	commenc	ing	commencing	
production-1969-vol1-chapters	2013	HYPHEN	margin	20	de	ferred	deferred	partment shall follow the procedure set forth in Section | A license issued pursuant to this section shall not be trans
production-1969-vol1-chapters	2055	HYPHEN	margin	10	in	structor	instructor	struction in a dual control automobile with a qualified in
production-1969-vol1-chapters	2096	HYPHEN	margin	10	ap	provement	approvement	ply when community bonds have been issued under the Im
production-1969-vol1-chapters	2101	HYPHEN	margin	9	con	structed	constructed	elusively deemed to have been planned located and con
production-1969-vol1-chapters	2107	HYPHEN	margin	12	dis	trict	district	parity | ec Basic textbooks provided by the state to a school dis
production-1969-vol1-chapters	211	HYPHEN	margin	9	re	gency	regency	lating to property tax exemptions and declaring the ur
production-1969-vol1-chapters	211	HYPHEN	blankgap	0	ur	gency	urgency	
production-1969-vol1-chapters	2128	HYPHEN	blankgap	0	re	tirement	retirement	
production-1969-vol1-chapters	2208	HYPHEN	blankgap	0	com	mencing	commencing	
production-1969-vol1-chapters	2211	HYPHEN	blankgap	0	concen	trations	concentrations	
production-1969-vol1-chapters	267	HYPHEN	margin	22	con	firmation	confirmation	trol of an executive officer known as the Director of Com | merce who shall be appointed by the Governor subject to con
production-1969-vol1-chapters	273	HYPHEN	margin	14	re	visory	revisory	numbered and amended to read | In accordance with the policies of the planning ad
production-1969-vol1-chapters	398	HYPHEN	margin	21	con	venient	convenient	struction or repair of any or all improvements works prop | erty or facilities authorized by this part or necessary or con
production-1969-vol1-chapters	448	HYPHEN	margin	10	ac	ceptance	acceptance	eepting or rejecting membership in the system and upon ac
production-1969-vol1-chapters	477	HYPHEN	blankgap	0	con	ditions	conditions	
production-1969-vol1-chapters	496	HYPHEN	margin	21	pro	venience	provenience	visions of this chapter and other applicable law As used in | this chapter the term license includes a certificate of con
production-1969-vol1-chapters	59	HYPHEN	margin	19	dis	trict	district	ruption of the education in the school district and | threatening the disruption of the public peace The school dis
production-1969-vol1-chapters	647	HYPHEN	blankgap	0	mu	nicipal	municipal	
production-1969-vol1-chapters	676	HYPHEN	blankgap	0	im	provement	improvement	
production-1969-vol1-chapters	679	HYPHEN	blankgap	0	immedi	ately	immediately	
production-1969-vol1-chapters	704	HYPHEN	margin	9	pro	priation	propriation	vided that all or any portion of this appro
production-1969-vol1-chapters	704	HYPHEN	margin	14	de	sistance	desistance	partment of Finance to state agencies in | augmentation of their support and local as
production-1969-vol1-chapters	724	HYPHEN	margin	7	re	ferred	referred	sources Development Bond Fund to be trans
production-1969-vol1-chapters	730	HYPHEN	blankgap	0	appro	priation	appropriation	
production-1969-vol1-chapters	730	HYPHEN	blankgap	0	erro	neously	erroneously	
production-1969-vol1-chapters	730	HYPHEN	blankgap	0	compensa	tion	compensation	
production-1969-vol1-chapters	738	HYPHEN	margin	13	pro	priation	propriation	vision are hereby defined as contingencies for | which no appropriation or insufficient appro
production-1969-vol1-chapters	740	HYPHEN	blankgap	0	commis	sioners	commissioners	
production-1969-vol1-chapters	740	HYPHEN	blankgap	0	ex	penses	expenses	
production-1969-vol1-chapters	740	HYPHEN	blankgap	0	supervis	ing	supervising	
production-1969-vol1-chapters	740	HYPHEN	blankgap	0	trans	ferred	transferred	
production-1969-vol1-chapters	740	HYPHEN	blankgap	0	mainte	nance	maintenance	
production-1969-vol1-chapters	744	HYPHEN	blankgap	0	ed	ucation	education	
production-1969-vol1-chapters	748	HYPHEN	margin	14	de	sistance	desistance	partment of Finance to state agencies in | augmentation of their support and local as
production-1969-vol1-chapters	754	HYPHEN	blankgap	0	revolv	ing	revolving	
production-1969-vol1-chapters	754	HYPHEN	blankgap	0	ad	vances	advances	
production-1969-vol1-chapters	754	HYPHEN	margin	7	de	volving	devolving	posited in the Harbors and Watercraft Re
production-1969-vol1-chapters	754	HYPHEN	blankgap	0	re	volving	revolving	
production-1969-vol1-chapters	754	HYPHEN	blankgap	0	navi	gation	navigation	
production-1969-vol1-chapters	756	HYPHEN	blankgap	0	com	pensation	compensation	
production-1969-vol1-chapters	756	HYPHEN	blankgap	0	compen	sation	compensation	
production-1969-vol1-chapters	756	HYPHEN	margin	11	con	volving	convolving	tained in this item to be used as a cash re
production-1969-vol1-chapters	756	HYPHEN	blankgap	0	re	volving	revolving	
production-1969-vol1-chapters	756	HYPHEN	blankgap	0	reim	bursement	reimbursement	
production-1969-vol1-chapters	756	HYPHEN	blankgap	0	ex	penditures	expenditures	
production-1969-vol1-chapters	780	HYPHEN	blankgap	0	dis	trict	district	
production-1969-vol1-chapters	780	HYPHEN	blankgap	0	dis	trict	district	
production-1969-vol1-chapters	780	HYPHEN	blankgap	0	dis	trict	district	
production-1969-vol1-chapters	781	HYPHEN	blankgap	0	dis	trict	district	
production-1969-vol1-chapters	781	HYPHEN	blankgap	0	dis	trict	district	
production-1969-vol1-chapters	784	HYPHEN	blankgap	0	dis	trict	district	
production-1969-vol1-chapters	791	HYPHEN	blankgap	0	de	velopment	development	
production-1969-vol1-chapters	791	HYPHEN	blankgap	0	acquisi	tion	acquisition	
production-1969-vol1-chapters	791	HYPHEN	blankgap	0	de	velopment	development	
production-1969-vol1-chapters	791	HYPHEN	blankgap	0	de	velopment	development	
production-1969-vol1-chapters	792	HYPHEN	blankgap	0	acquisi	tion	acquisition	
production-1969-vol1-chapters	792	HYPHEN	blankgap	0	recrea	tion	recreation	
production-1969-vol1-chapters	792	HYPHEN	blankgap	0	acquisi	tion	acquisition	
production-1969-vol1-chapters	810	HYPHEN	margin	9	con	clude	conclude	tract | b Operating expenses and equipment which shall in
production-1969-vol1-chapters	83	HYPHEN	blankgap	0	ur	gency	urgency	
production-1969-vol1-chapters	845	HYPHEN	blankgap	0	navi	gation	navigation	
production-1969-vol1-chapters	883	HYPHEN	margin	23	im	pletion	impletion	prisoned in the state prison for not less than years nor more | than years and shall not be eligible for release upon com
production-1969-vol1-chapters	884	HYPHEN	margin	20	in	volving	involving	duces encourages or intimidates anv minor with the intent | that said minor shall violate any provision of this chapter in
production-1969-vol1-chapters	888	HYPHEN	margin	11	re	gency	regency	lating to the lease of stale property and declaring the ur
production-1969-vol1-chapters	892	HYPHEN	blankgap	0	crim	inals	criminals	
production-1969-vol1-chapters	907	HYPHEN	blankgap	0	ur	gency	urgency	
production-1969-vol1-chapters	919	HYPHEN	blankgap	0	commenc	ing	commencing	
production-1969-vol1-chapters	975	HYPHEN	blankgap	0	dis	tricts	districts	
production-1969-vol1-chapters	98	HYPHEN	blankgap	0	ve	hicle	vehicle	
production-1969-vol2-chapters	1016	HYPHEN	blankgap	0	dis	tributee	distributee	
production-1969-vol2-chapters	1025	HYPHEN	margin	21	em	ployee	employee	ployment of three years or more For purposes of the preced | ing sentence the term employee does not include any em
production-1969-vol2-chapters	1090	HYPHEN	blankgap	0	cor	porations	corporations	
production-1969-vol2-chapters	1174	HYPHEN	margin	10	in	formity	informity	validate any publication where the same is otherwise in con
production-1969-vol2-chapters	123	HYPHEN	blankgap	0	ur	gency	urgency	
production-1969-vol2-chapters	1243	HYPHEN	margin	14	commis	erations	commiserations	sions of the County under his supervision | Section Supervision of County Departments and Op
production-1969-vol2-chapters	125	HYPHEN	blankgap	0	recrea	tion	recreation	
production-1969-vol2-chapters	1301	HYPHEN	blankgap	0	proclama	tion	proclamation	
production-1969-vol2-chapters	1328	HYPHEN	margin	23	sub	stitution	substitution	mitted to and duly ratified by the said qualified voters of said | City and that all and singular the requirements of the Con
production-1969-vol2-chapters	1334	HYPHEN	blankgap	0	as	sembly	assembly	
production-1969-vol2-chapters	1334	HYPHEN	blankgap	0	gov	ernor	governor	
production-1969-vol2-chapters	1336	HYPHEN	blankgap	0	legis	lature	legislature	
production-1969-vol2-chapters	1365	HYPHEN	blankgap	0	eco	nomie	economie	
production-1969-vol2-chapters	1427	HYPHEN	margin	12	re	gardless	regardless	turn to active duty for the purposes of this Article and re
production-1969-vol2-chapters	1450	HYPHEN	blankgap	0	un	derstanding	understanding	
production-1969-vol2-chapters	1558	HYPHEN	margin	15	re	newal	renewal	advertising in the manner hereinbefore provided | Section The successful bidder for any franchise or re
production-1969-vol2-chapters	1560	HYPHEN	margin	12	fran	chises	franchises	chise shall file with the city certified copies of all the fran
production-1969-vol2-chapters	1566	HYPHEN	blankgap	0	con	solidated	consolidated	
production-1969-vol2-chapters	161	HYPHEN	margin	20	in	quired	inquired	surer must also be possessed of additional assets equivalent to | such aggregate paid in capital or capital paid in re
production-1969-vol2-chapters	1630	HYPHEN	blankgap	0	memo	rializing	memorializing	
production-1969-vol2-chapters	1679	HYPHEN	blankgap	0	equali	zation	equalization	
production-1969-vol2-chapters	1761	HYPHEN	blankgap	0	in	clude	include	
production-1969-vol2-chapters	1816	HYPHEN	blankgap	0	bicen	tennial	bicentennial	
production-1969-vol2-chapters	1822	HYPHEN	blankgap	0	con	stitution	constitution	
production-1969-vol2-chapters	1853	HYPHEN	blankgap	0	exam	ination	examination	
production-1969-vol2-chapters	1879	HYPHEN	blankgap	0	in	surance	insurance	
production-1969-vol2-chapters	1892	HYPHEN	blankgap	0	in	stitutions	institutions	
production-1969-vol2-chapters	1902	HYPHEN	blankgap	0	as	sistance	assistance	
production-1969-vol2-chapters	1915	HYPHEN	blankgap	0	legisla	tive	legislative	
production-1969-vol2-chapters	1916	HYPHEN	margin	14	em	ployer	employer	ployment practices | Makes it an unlawful employment practice with certain exceptions for an em
production-1969-vol2-chapters	1918	HYPHEN	blankgap	0	em	ployees	employees	
production-1969-vol2-chapters	1961	HYPHEN	blankgap	0	au	thority	authority	
production-1969-vol2-chapters	1967	HYPHEN	blankgap	0	re	tirement	retirement	
production-1969-vol2-chapters	1970	HYPHEN	blankgap	0	car	riers	carriers	
production-1969-vol2-chapters	2009	HYPHEN	blankgap	0	ve	hicle	vehicle	
production-1969-vol2-chapters	2031	HYPHEN	blankgap	0	in	ventory	inventory	
production-1969-vol2-chapters	2041	HYPHEN	blankgap	0	transporta	tion	transportation	
production-1969-vol2-chapters	2065	HYPHEN	blankgap	0	leg	islators	legislators	
production-1969-vol2-chapters	2067	HYPHEN	margin	29	ex	arate	exarate	ceed hours to not more than hours in any day in which he is required by | law to attend school Deletes the requirements that an employer maintain a sep
production-1969-vol2-chapters	2093	HYPHEN	blankgap	0	ac	cepting	accepting	
production-1969-vol2-chapters	2408	HYPHEN	blankgap	0	incor	porating	incorporating	
production-1969-vol2-chapters	270	HYPHEN	margin	10	de	lative	delative	tach such territory without notice and hearing by the legis
production-1969-vol2-chapters	31	HYPHEN	margin	11	pro	fited	profited	posed to be annexed to an improvement district will be bene
production-1969-vol2-chapters	383	HYPHEN	blankgap	0	manu	facturer	manufacturer	
production-1969-vol2-chapters	384	HYPHEN	blankgap	0	jan	uary	january	
production-1969-vol2-chapters	391	HYPHEN	margin	12	re	ceipts	receipts	turn specified in Section need not file it if its gross re
production-1969-vol2-chapters	417	HYPHEN	blankgap	0	agricul	tural	agricultural	
production-1969-vol2-chapters	424	HYPHEN	blankgap	0	dis	tricts	districts	
production-1969-vol2-chapters	440	HYPHEN	blankgap	0	com	mencing	commencing	
production-1969-vol2-chapters	468	HYPHEN	blankgap	0	as	sembly	assembly	
production-1969-vol2-chapters	490	HYPHEN	margin	11	re	pletion	repletion	corded or b days after recordation of a notice of com
production-1969-vol2-chapters	51	HYPHEN	blankgap	0	in	stitutions	institutions	
production-1969-vol2-chapters	620	HYPHEN	blankgap	0	pro	ceeding	proceeding	
production-1969-vol2-chapters	622	HYPHEN	blankgap	0	agricul	tural	agricultural	
production-1969-vol2-chapters	631	HYPHEN	margin	12	re	stitutions	restitutions	tarded recipients of aid to the disabled who are in private in
production-1969-vol2-chapters	645	HYPHEN	margin	20	con	fessional	confessional	sist of members appointed by the Governor six of whom | shall insofar as possible be appointed from the following pro
production-1969-vol2-chapters	657	HYPHEN	margin	11	reim	bursement	reimbursement	burse any police or sheriff s department for such costs Reim
production-1969-vol2-chapters	659	HYPHEN	blankgap	0	or	derly	orderly	
production-1969-vol2-chapters	682	HYPHEN	margin	11	re	quired	required	quire only the payment of an amount representing the fee re
production-1969-vol2-chapters	690	HYPHEN	blankgap	0	vol	untary	voluntary	
production-1969-vol2-chapters	690	HYPHEN	blankgap	0	hos	pitals	hospitals	
production-1969-vol2-chapters	690	HYPHEN	blankgap	0	sub	stantial	substantial	
production-1969-vol2-chapters	7	HYPHEN	margin	19	con	structions	constructions	tract with such other public agencies or private corporations | or persons for the purpose of financing such acquisitions con
production-1969-vol2-chapters	700	HYPHEN	blankgap	0	com	mencing	commencing	
production-1969-vol2-chapters	704	HYPHEN	blankgap	0	ur	gency	urgency	
production-1969-vol2-chapters	741	HYPHEN	blankgap	0	commenc	ing	commencing	
production-1969-vol2-chapters	771	HYPHEN	blankgap	0	de	claring	declaring	
production-1969-vol2-chapters	82	HYPHEN	margin	7	com	mencing	commencing	meneing with Section of Division Article com
production-1969-vol2-chapters	832	HYPHEN	margin	19	pre	lature	prelature	pare a report containing the information computed pursuant | to subdivision b of Section and submit it to the Legis
production-1969-vol2-chapters	842	HYPHEN	blankgap	0	legisla	ture	legislature	
production-1969-vol2-chapters	871	HYPHEN	blankgap	0	fa	cilities	facilities	
production-1969-vol2-chapters	88	HYPHEN	blankgap	0	prop	erty	property	
production-1969-vol2-chapters	884	HYPHEN	blankgap	0	com	mencing	commencing	
production-1969-vol2-chapters	917	HYPHEN	blankgap	0	com	mencing	commencing	
production-1969-vol2-chapters	936	HYPHEN	blankgap	0	compen	satory	compensatory	
production-1969-vol2-chapters	938	HYPHEN	blankgap	0	math	ematics	mathematics	
production-1969-vol2-chapters	981	HYPHEN	blankgap	0	com	mencing	commencing	
production-1970-vol1-chapters	1001	HYPHEN	blankgap	0	insti	tutions	institutions	
production-1970-vol1-chapters	1007	HYPHEN	margin	10	de	partments	departments	partment of Social Welfare be binding upon the county de
production-1970-vol1-chapters	1055	HYPHEN	margin	23	in	cepted	incepted	come tax purposes or if the retailer is not required to file in | come tax returns charged off in accordance with generally ac
production-1970-vol1-chapters	1055	HYPHEN	margin	10	in	cepted	incepted	come tax returns charged off in accordance with generally ac
production-1970-vol1-chapters	1058	HYPHEN	margin	19	de	stitution	destitution	fined in Section of the Welfare and Institutions Code | operating a restaurant or vending stand in an educational in
production-1970-vol1-chapters	1060	HYPHEN	blankgap	0	ar	ticle	article	
production-1970-vol1-chapters	1161	HYPHEN	margin	10	evi	denced	evidenced	dence his duty or undertaking to perform an obligation evi
production-1970-vol1-chapters	1186	HYPHEN	margin	21	part	nership	partnership	ner stated to be dead is deceased and any partner stated to | have withdrawn has withdrawn therefrom and that the part
production-1970-vol1-chapters	1191	HYPHEN	blankgap	0	cor	porate	corporate	
production-1970-vol1-chapters	1228	HYPHEN	blankgap	0	expira	tion	expiration	
production-1970-vol1-chapters	1255	HYPHEN	margin	20	hav	erty	haverty	ing outstanding bonded indebtedness is divided between two | or more districts and as a result of said division real prop
production-1970-vol1-chapters	1259	HYPHEN	margin	21	pro	stitution	prostitution	viding for the submission thereof to the electors pursuant to | subdivision c of Section of Article IV of the State Con
production-1970-vol1-chapters	1295	HYPHEN	blankgap	0	im	provement	improvement	
production-1970-vol1-chapters	1363	HYPHEN	blankgap	0	identifica	tion	identification	
production-1970-vol1-chapters	14	HYPHEN	blankgap	0	ur	gency	urgency	
production-1970-vol1-chapters	1427	NOHYPHEN	margin	10	commut	ing	commuting	ment of persons addicted or in imminent danger of becom
production-1970-vol1-chapters	1499	HYPHEN	blankgap	0	com	mencing	commencing	
production-1970-vol1-chapters	1504	HYPHEN	blankgap	0	eleemosy	nary	eleemosynary	
production-1970-vol1-chapters	1536	HYPHEN	blankgap	0	commenc	ing	commencing	
production-1970-vol1-chapters	1540	HYPHEN	blankgap	0	com	puted	computed	
production-1970-vol1-chapters	1542	HYPHEN	blankgap	0	in	ternship	internship	
production-1970-vol1-chapters	1551	HYPHEN	blankgap	0	pro	cedures	procedures	
production-1970-vol1-chapters	1566	HYPHEN	blankgap	0	in	surance	insurance	
production-1970-vol1-chapters	1587	HYPHEN	margin	11	in	volved	involved	capable of making the report the owner of the aircraft in
production-1970-vol1-chapters	1626	HYPHEN	margin	10	con	straints	constraints	sider various sources of revenues without regard to any con
production-1970-vol1-chapters	1741	HYPHEN	margin	10	re	ceipt	receipt	examination fee is refundable It is deemed earned upon re
production-1970-vol1-chapters	1765	HYPHEN	margin	23	ex	propriate	expropriate	cept that nothing in this chapter prohibits enforcement of any | or all of its provisions by persons designated so to act by ap
production-1970-vol1-chapters	1782	HYPHEN	margin	22	in	terest	interest	stallment on the principal amount of the loan is due and | payable and no interest shall be charged on the deferred in
production-1970-vol1-chapters	1798	HYPHEN	blankgap	0	compen	sation	compensation	
production-1970-vol1-chapters	1811	HYPHEN	blankgap	0	mutila	tion	mutilation	
production-1970-vol1-chapters	1822	HYPHEN	blankgap	0	de	claring	declaring	
production-1970-vol1-chapters	1838	HYPHEN	margin	17	com	puted	computed	munity college district enrolled in regular freshman and | sophomore courses during the academic year shall be com
production-1970-vol1-chapters	1841	HYPHEN	blankgap	0	prop	erties	properties	
production-1970-vol1-chapters	1875	HYPHEN	blankgap	0	re	ceive	receive	
production-1970-vol1-chapters	1890	HYPHEN	blankgap	0	in	surance	insurance	
production-1970-vol1-chapters	1896	HYPHEN	blankgap	0	pro	fessions	professions	
production-1970-vol1-chapters	1939	HYPHEN	blankgap	0	ur	gency	urgency	
production-1970-vol1-chapters	1973	HYPHEN	margin	11	profes	sional	professional	sions Code or the Chiropractic Act to render the same profes
production-1970-vol1-chapters	1985	HYPHEN	blankgap	0	en	vironmental	environmental	
production-1970-vol1-chapters	2007	HYPHEN	blankgap	0	pro	bation	probation	
production-1970-vol1-chapters	2010	HYPHEN	blankgap	0	immedi	ately	immediately	
production-1970-vol1-chapters	295	HYPHEN	blankgap	0	ac	cordance	accordance	
production-1970-vol1-chapters	3	HYPHEN	blankgap	0	de	claring	declaring	
production-1970-vol1-chapters	328	HYPHEN	blankgap	0	com	mencing	commencing	
production-1970-vol1-chapters	361	HYPHEN	blankgap	0	ur	gency	urgency	
production-1970-vol1-chapters	370	HYPHEN	blankgap	0	pro	fessions	professions	
production-1970-vol1-chapters	406	HYPHEN	blankgap	0	au	thorized	authorized	
production-1970-vol1-chapters	47	HYPHEN	blankgap	0	ur	gency	urgency	
production-1970-vol1-chapters	483	HYPHEN	margin	19	pre	cincts	precincts	einets within the boundaries of each zone and participating | zone and may form election precincts by consolidating the pre
production-1970-vol1-chapters	489	HYPHEN	blankgap	0	ur	gency	urgency	
production-1970-vol1-chapters	547	HYPHEN	margin	10	re	mainder	remainder	deemed from such sale without the redemption of the re
production-1970-vol1-chapters	564	HYPHEN	blankgap	0	di	rected	directed	
production-1970-vol1-chapters	580	HYPHEN	blankgap	0	in	cluding	including	
production-1970-vol1-chapters	600	HYPHEN	margin	9	pro	priation	propriation	vided that all or any portion of this appro
production-1970-vol1-chapters	61	HYPHEN	blankgap	0	au	thorized	authorized	
production-1970-vol1-chapters	625	HYPHEN	margin	13	pro	priation	propriation	vision are hereby defined as contingencies for | which no appropriation or insufficient appro
production-1970-vol1-chapters	627	HYPHEN	blankgap	0	commis	sioners	commissioners	
production-1970-vol1-chapters	627	HYPHEN	blankgap	0	mainte	nance	maintenance	
production-1970-vol1-chapters	627	HYPHEN	blankgap	0	ex	penses	expenses	
production-1970-vol1-chapters	627	HYPHEN	blankgap	0	supervis	ing	supervising	
production-1970-vol1-chapters	638	HYPHEN	blankgap	0	reim	bursement	reimbursement	
production-1970-vol1-chapters	638	HYPHEN	blankgap	0	per	sonnel	personnel	
production-1970-vol1-chapters	638	HYPHEN	blankgap	0	estab	lishment	establishment	
production-1970-vol1-chapters	638	HYPHEN	blankgap	0	evalua	tion	evaluation	
production-1970-vol1-chapters	643	HYPHEN	margin	8	pur	gation	purgation	suant to Section of the Harbors and Navi
production-1970-vol1-chapters	643	HYPHEN	margin	8	pur	gation	purgation	suant to Section of the Harbors and Navi
production-1970-vol1-chapters	645	HYPHEN	margin	11	con	volving	convolving	tained in this item to be used as a cash re
production-1970-vol1-chapters	654	HYPHEN	margin	7	con	tection	contection	trol Projeet | e Sacramento River Bank Pro
production-1970-vol1-chapters	665	HYPHEN	blankgap	0	dis	trict	district	
production-1970-vol1-chapters	665	HYPHEN	blankgap	0	dis	trict	district	
production-1970-vol1-chapters	670	HYPHEN	blankgap	0	re	gional	regional	
production-1970-vol1-chapters	670	HYPHEN	blankgap	0	de	velopment	development	
production-1970-vol1-chapters	670	HYPHEN	blankgap	0	dis	trict	district	
production-1970-vol1-chapters	670	HYPHEN	blankgap	0	acquisi	tion	acquisition	
production-1970-vol1-chapters	670	HYPHEN	blankgap	0	de	velopment	development	
production-1970-vol1-chapters	671	HYPHEN	blankgap	0	de	velopment	development	
production-1970-vol1-chapters	671	HYPHEN	blankgap	0	rec	reation	recreation	
production-1970-vol1-chapters	671	HYPHEN	blankgap	0	ac	quisition	acquisition	
production-1970-vol1-chapters	673	HYPHEN	blankgap	0	acqui	sition	acquisition	
production-1970-vol1-chapters	673	HYPHEN	blankgap	0	tuol	umne	tuolumne	
production-1970-vol1-chapters	673	HYPHEN	blankgap	0	ac	quisition	acquisition	
production-1970-vol1-chapters	673	HYPHEN	blankgap	0	ac	quisition	acquisition	
production-1970-vol1-chapters	673	HYPHEN	blankgap	0	dis	trict	district	
production-1970-vol1-chapters	673	HYPHEN	blankgap	0	co	lumbia	columbia	
production-1970-vol1-chapters	673	HYPHEN	blankgap	0	de	velopment	development	
production-1970-vol1-chapters	673	HYPHEN	blankgap	0	acquisi	tion	acquisition	
production-1970-vol1-chapters	673	HYPHEN	blankgap	0	acquisi	tion	acquisition	
production-1970-vol1-chapters	673	HYPHEN	blankgap	0	res	ervoir	reservoir	
production-1970-vol1-chapters	673	HYPHEN	blankgap	0	tuol	umne	tuolumne	
production-1970-vol1-chapters	673	HYPHEN	blankgap	0	acquisi	tion	acquisition	
production-1970-vol1-chapters	673	HYPHEN	blankgap	0	reim	bursements	reimbursements	
production-1970-vol1-chapters	691	HYPHEN	margin	9	con	clude	conclude	tract | b Operating expenses and equipment which shall in
production-1970-vol1-chapters	719	HYPHEN	blankgap	0	com	mencing	commencing	
production-1970-vol1-chapters	733	HYPHEN	blankgap	0	in	stitutions	institutions	
production-1970-vol1-chapters	738	HYPHEN	blankgap	0	commenc	ing	commencing	
production-1970-vol1-chapters	771	HYPHEN	blankgap	0	super	visorial	supervisorial	
production-1970-vol1-chapters	783	HYPHEN	blankgap	0	re	tirement	retirement	
production-1970-vol1-chapters	844	HYPHEN	margin	22	pro	ceeds	proceeds	vided such amendments do not increase the sum of the bonds | herein authorized to be issued and sold nor utilize the pro
production-1970-vol1-chapters	871	HYPHEN	margin	16	con	structed	constructed	struction use supply maintenance repair and improvement | of said works including works constructed and being con
production-1970-vol1-chapters	960	HYPHEN	blankgap	0	commenc	ing	commencing	
production-1970-vol1-chapters	984	HYPHEN	margin	17	con	cessive	concessive	sideration of the utilization of health facilities and services | including policies mechanisms and procedures to prevent ex
production-1970-vol2-chapters	1016	HYPHEN	blankgap	0	pro	fessions	professions	
production-1970-vol2-chapters	1074	HYPHEN	margin	21	re	fective	refective	spect to expansion of a program to maximize the utilization of | facilities acquired or approved for acquisition prior to the ef
production-1970-vol2-chapters	1100	HYPHEN	margin	20	hav	erty	haverty	ing outstanding bonded indebtedness is divided between two | or more districts and as a result of said division real prop
production-1970-vol2-chapters	1139	HYPHEN	blankgap	0	commenc	ing	commencing	
production-1970-vol2-chapters	1144	HYPHEN	blankgap	0	con	sumers	consumers	
production-1970-vol2-chapters	1153	HYPHEN	margin	22	re	quirements	requirements	quest of any person may hold a hearing to determine under | what conditions and to what extent a variance from the re
production-1970-vol2-chapters	1160	HYPHEN	margin	22	re	quirements	requirements	quest of any person may hold a hearing to determine under | what conditions and to what extent a variance from the re
production-1970-vol2-chapters	1216	HYPHEN	blankgap	0	edu	cationally	educationally	
production-1970-vol2-chapters	1219	HYPHEN	margin	9	pro	ferred	proferred	vided by paragraph of this section Such money trans
production-1970-vol2-chapters	1221	HYPHEN	blankgap	0	pro	fessions	professions	
production-1970-vol2-chapters	1284	HYPHEN	blankgap	0	ur	gency	urgency	
production-1970-vol2-chapters	1285	HYPHEN	blankgap	0	appropria	tion	appropriation	
production-1970-vol2-chapters	1287	HYPHEN	margin	21	con	nection	connection	tained in a mortgage contract deed of trust real estate sales | contract or any note or negotiable instrument issued in con
production-1970-vol2-chapters	1308	HYPHEN	blankgap	0	com	mencing	commencing	
production-1970-vol2-chapters	1344	HYPHEN	blankgap	0	insti	tutions	institutions	
production-1970-vol2-chapters	1348	HYPHEN	blankgap	0	dis	tricts	districts	
production-1970-vol2-chapters	1387	HYPHEN	blankgap	0	ex	penses	expenses	
production-1970-vol2-chapters	1387	HYPHEN	blankgap	0	ex	penses	expenses	
production-1970-vol2-chapters	1434	HYPHEN	margin	18	in	stitutions	institutions	formation is in the best interest of the patient | Src Section is added to the Welfare and In
production-1970-vol2-chapters	1436	HYPHEN	blankgap	0	inves	tigation	investigation	
production-1970-vol2-chapters	1506	HYPHEN	blankgap	0	recommen	dations	recommendations	
production-1970-vol2-chapters	1506	HYPHEN	blankgap	0	dis	tinguished	distinguished	
production-1970-vol2-chapters	1515	HYPHEN	blankgap	0	dis	tricts	districts	
production-1970-vol2-chapters	1568	HYPHEN	blankgap	0	elec	torate	electorate	
production-1970-vol2-chapters	1579	HYPHEN	margin	21	pub	lication	publication	lished in said City and having a general circulation therein | and being an official newspaper of said City and said pub
production-1970-vol2-chapters	1587	HYPHEN	blankgap	0	superin	tendent	superintendent	
production-1970-vol2-chapters	1592	HYPHEN	blankgap	0	in	cluding	including	
production-1970-vol2-chapters	1592	HYPHEN	blankgap	0	leg	islation	legislation	
production-1970-vol2-chapters	1665	HYPHEN	blankgap	0	con	ferred	conferred	
production-1970-vol2-chapters	1667	HYPHEN	blankgap	0	re	jection	rejection	
production-1970-vol2-chapters	1730	HYPHEN	margin	11	recon	structed	reconstructed	struct and | Wuereas The buildings in the complex were solidly con
production-1970-vol2-chapters	1737	HYPHEN	margin	8	re	curred	recurred	imbursement for itemized routine and ordinary expenses in
production-1970-vol2-chapters	1792	HYPHEN	blankgap	0	repre	sentatives	representatives	
production-1970-vol2-chapters	1823	HYPHEN	margin	10	ex	ploring	exploring	pended substantial amounts of money time and effort in ex
production-1970-vol2-chapters	1851	HYPHEN	blankgap	0	edu	cational	educational	
production-1970-vol2-chapters	1859	HYPHEN	blankgap	0	as	sembly	assembly	
production-1970-vol2-chapters	208	NOHYPHEN	blankgap	0	stepe	d	steped	
production-1970-vol2-chapters	239	HYPHEN	margin	20	com	mendation	commendation	mittee or as changed by the full advisory committee or the | advisory committee may prepare its own report and recom
production-1970-vol2-chapters	297	HYPHEN	margin	21	sub	sists	subsists	section a of Section or of Section if it were | not for the fact that the property received in exchange con
production-1970-vol2-chapters	297	HYPHEN	margin	21	sub	sists	subsists	section a of Section or of Section if it were | not for the fact that the property received in exchange con
production-1970-vol2-chapters	318	HYPHEN	blankgap	0	con	servatorship	conservatorship	
production-1970-vol2-chapters	330	HYPHEN	blankgap	0	mainte	nance	maintenance	
production-1970-vol2-chapters	37	HYPHEN	blankgap	0	disquali	fication	disqualification	
production-1970-vol2-chapters	406	HYPHEN	blankgap	0	psy	chologists	psychologists	
production-1970-vol2-chapters	441	HYPHEN	margin	13	commis	sional	commissional	sion or the rebating in anv form or manner on fees for profes
production-1970-vol2-chapters	458	HYPHEN	margin	14	re	sistent	resistent	turning veterans to obtain jobs | b Public sentiment concerning the Vietnam War is incon
production-1970-vol2-chapters	47	HYPHEN	margin	17	com	minations	comminations	mittee The committee shell conduct appropriate proceedings | to inquire into the qualifications of nominees and make deter
production-1970-vol2-chapters	478	HYPHEN	blankgap	0	commenc	ing	commencing	
production-1970-vol2-chapters	478	HYPHEN	blankgap	0	com	mencing	commencing	
production-1970-vol2-chapters	505	HYPHEN	blankgap	0	dis	trict	district	
production-1970-vol2-chapters	577	HYPHEN	blankgap	0	immedi	ately	immediately	
production-1970-vol2-chapters	595	HYPHEN	blankgap	0	legisla	ture	legislature	
production-1970-vol2-chapters	627	HYPHEN	margin	11	con	fessions	confessions	sumer Affairs | Sec Section is added to the Business and Pro
production-1970-vol2-chapters	627	HYPHEN	margin	11	con	fessions	confessions	sumer Services | Sec Section is added to the Business and Pro
production-1970-vol2-chapters	664	HYPHEN	blankgap	0	appropria	tion	appropriation	
production-1970-vol2-chapters	668	HYPHEN	margin	17	em	ployee	employee	ployment conditions and employer emplovee relations and in | addition shall meet and confer with representatives of em
production-1970-vol2-chapters	670	HYPHEN	blankgap	0	organi	zations	organizations	
production-1970-vol2-chapters	672	HYPHEN	margin	17	em	ployee	employee	ployment conditions and employer employee relations and in | addition shall meet and confer with representatives of em
production-1970-vol2-chapters	686	HYPHEN	blankgap	0	ve	hicle	vehicle	
production-1970-vol2-chapters	702	HYPHEN	blankgap	0	ur	gency	urgency	
production-1970-vol2-chapters	714	HYPHEN	blankgap	0	appro	priation	appropriation	
production-1970-vol2-chapters	715	HYPHEN	blankgap	0	com	mencing	commencing	
production-1970-vol2-chapters	715	HYPHEN	blankgap	0	navi	gation	navigation	
production-1970-vol2-chapters	715	HYPHEN	blankgap	0	com	mencing	commencing	
production-1970-vol2-chapters	715	HYPHEN	blankgap	0	ve	hicle	vehicle	
production-1970-vol2-chapters	719	HYPHEN	margin	10	re	fection	refection	quiring no further filing or recording to continue its per
production-1970-vol2-chapters	734	HYPHEN	margin	16	im	manently	immanently	ported and offered for sale after January | A capacity plate shall bear the following information per
production-1970-vol2-chapters	794	HYPHEN	blankgap	0	commis	sioner	commissioner	
production-1970-vol2-chapters	821	HYPHEN	blankgap	0	de	claring	declaring	
production-1970-vol2-chapters	831	HYPHEN	blankgap	0	immedi	ately	immediately	
production-1970-vol2-chapters	860	HYPHEN	blankgap	0	de	claring	declaring	
production-1970-vol2-chapters	88	HYPHEN	blankgap	0	intergovern	mental	intergovernmental	
production-1970-vol2-chapters	890	HYPHEN	blankgap	0	com	mencing	commencing	
production-1970-vol2-chapters	890	HYPHEN	blankgap	0	com	mencing	commencing	
production-1970-vol2-chapters	949	HYPHEN	margin	10	pur	suance	pursuance	chase Act of | Debentures authorized under any resolution of is
production-1970-vol2-chapters	965	HYPHEN	blankgap	0	com	mencing	commencing	
production-1970-vol2-chapters	965	HYPHEN	margin	20	en	dangered	endangered	gaged in such building from falling through joists or girders | and from falling substances whereby life or safety is en
production-1970-vol2-chapters	970	HYPHEN	blankgap	0	educa	tionally	educationally	
production-1970-vol2-chapters	989	HYPHEN	margin	20	com	pensation	compensation	missions shall not exceed in total amount sixteen thousand dol | lars per year All other officers shall receive as com
production-1971-vol1-chapters	1101	HYPHEN	blankgap	0	re	ceive	receive	
production-1971-vol1-chapters	1103	HYPHEN	margin	21	re	ceive	receive	veive a monthly salary at a rate specified in Schedule | c Nine deputy clerks grade III each of whom shall re
production-1971-vol1-chapters	1104	HYPHEN	margin	21	re	ceive	receive	peive a monthly salary at a rate specified in Schedule | c Nine deputy clerks grade III each of whom shall re
production-1971-vol1-chapters	1106	HYPHEN	blankgap	0	com	mencing	commencing	
production-1971-vol1-chapters	1106	HYPHEN	blankgap	0	commenc	ing	commencing	
production-1971-vol1-chapters	1121	HYPHEN	margin	23	ac	quirements	acquirements	tion shall be taken by the director with the advice of the | Health Care Commission ar d in ways consistent with the re
production-1971-vol1-chapters	1125	HYPHEN	margin	9	di	vider	divider	rector he shall consult with representatives of concerned pro
production-1971-vol1-chapters	1215	HYPHEN	blankgap	0	computa	tions	computations	
production-1971-vol1-chapters	1230	HYPHEN	margin	12	re	sistance	resistance	quested by a peace officer or other person to render such as
production-1971-vol1-chapters	1233	HYPHEN	margin	12	re	sistance	resistance	quested by a peace officer or other person to render such as
production-1971-vol1-chapters	1234	HYPHEN	margin	12	re	sistance	resistance	quested by a pence officer or other person to render such as
production-1971-vol1-chapters	1235	HYPHEN	blankgap	0	subdi	vision	subdivision	
production-1971-vol1-chapters	1241	HYPHEN	margin	12	re	sistance	resistance	quested by a peace officer or other person to render such as
production-1971-vol1-chapters	1267	HYPHEN	blankgap	0	com	mencing	commencing	
production-1971-vol1-chapters	1267	HYPHEN	blankgap	0	com	mencing	commencing	
production-1971-vol1-chapters	1267	HYPHEN	blankgap	0	com	mencing	commencing	
production-1971-vol1-chapters	1274	HYPHEN	margin	11	con	cluding	concluding	siders necessary to fully effect the provisions of this article in
production-1971-vol1-chapters	1286	HYPHEN	margin	7	re	quired	required	porting requirements Retirement systems which are re
production-1971-vol1-chapters	1290	HYPHEN	blankgap	0	pro	cedures	procedures	
production-1971-vol1-chapters	1311	HYPHEN	blankgap	0	munici	pal	municipal	
production-1971-vol1-chapters	137	HYPHEN	blankgap	0	au	thorized	authorized	
production-1971-vol1-chapters	1384	HYPHEN	blankgap	0	jan	uary	january	
production-1971-vol1-chapters	1384	HYPHEN	blankgap	0	jan	uary	january	
production-1971-vol1-chapters	1387	HYPHEN	blankgap	0	reor	ganization	reorganization	
production-1971-vol1-chapters	1440	HYPHEN	margin	11	ex	pired	expired	cept that appointments to fill vacancies shall be for the unex
production-1971-vol1-chapters	1454	HYPHEN	margin	24	re	pletion	repletion	entry from the exact age attained at the time of reentry Such | election shal not be deemed to be received prior to the com
production-1971-vol1-chapters	1460	HYPHEN	margin	9	con	cessive	concessive	stant operation and properly maintained to prevent any ex
production-1971-vol1-chapters	1461	HYPHEN	margin	20	re	quired	required	spect to the proposal adoption and ratification of city charter | amendments or with respect to any publication or notice re
production-1971-vol1-chapters	148	HYPHEN	blankgap	0	ur	gency	urgency	
production-1971-vol1-chapters	1486	HYPHEN	blankgap	0	com	mencing	commencing	
production-1971-vol1-chapters	1504	HYPHEN	margin	16	con	structed	constructed	struction use supply maintenance repair and improvement | of said works including works constructed and being con
production-1971-vol1-chapters	165	HYPHEN	blankgap	0	ur	gency	urgency	
production-1971-vol1-chapters	1658	HYPHEN	blankgap	0	immu	nization	immunization	
production-1971-vol1-chapters	1675	HYPHEN	blankgap	0	proba	tionary	probationary	
production-1971-vol1-chapters	1749	HYPHEN	margin	18	con	duits	conduits	struction establishment or expansion The application shall set | forth the location of all highways railways mains pipes con
production-1971-vol1-chapters	1857	HYPHEN	margin	9	con	cessive	concessive	stant operation and properly maintained to prevent any ex
production-1971-vol1-chapters	1991	HYPHEN	margin	11	pre	miums	premiums	ceding sentence shall not apply to that portion of the pre
production-1971-vol1-chapters	1998	HYPHEN	margin	12	dis	mantler	dismantler	pose of them or for any other purpose is an automobile dis
production-1971-vol1-chapters	2123	HYPHEN	margin	13	con	demned	condemned	tract shall be deemed null and void as to the land actually con
production-1971-vol1-chapters	2165	HYPHEN	blankgap	0	ur	gency	urgency	
production-1971-vol1-chapters	2247	HYPHEN	margin	17	em	ployee	employee	ployment conditions and emplover employee relations and in | addition shal meet ard confer with representatives of em
production-1971-vol1-chapters	2252	HYPHEN	blankgap	0	ur	gency	urgency	
production-1971-vol1-chapters	2259	HYPHEN	margin	9	con	cerning	concerning	trol advisory service for lire makes any recommendation con
production-1971-vol1-chapters	2265	HYPHEN	margin	21	in	jurious	injurious	jury will result or no noninjurious material or procedure is | equally effective and practical Tk y may provide that an in
production-1971-vol1-chapters	2266	HYPHEN	blankgap	0	com	mencing	commencing	
production-1971-vol1-chapters	2266	HYPHEN	blankgap	0	com	mencing	commencing	
production-1971-vol1-chapters	2273	HYPHEN	margin	21	in	structional	instructional	struction a modification of class size in schools the utilization | of classroom aides flexible class scheduling and the use of in
production-1971-vol1-chapters	2285	HYPHEN	blankgap	0	com	mencing	commencing	
production-1971-vol1-chapters	2338	HYPHEN	blankgap	0	in	terests	interests	
production-1971-vol1-chapters	2425	HYPHEN	margin	9	pro	ferred	proferred	vided by subdivision of this section Such money trans
production-1971-vol1-chapters	2437	HYPHEN	margin	21	pro	ferred	proferred	posed to be ordered pursaant to Section of the Govern | ment Code shall on order of he State Controller be trans
production-1971-vol1-chapters	2459	HYPHEN	blankgap	0	appropria	tion	appropriation	
production-1971-vol1-chapters	2463	HYPHEN	margin	21	de	velopment	development	scribed in this section such lease or leases franchises permits | licenses and privileges may be for the purposes of such de
production-1971-vol1-chapters	2474	HYPHEN	blankgap	0	manu	facturer	manufacturer	
production-1971-vol1-chapters	2475	HYPHEN	blankgap	0	manu	facturer	manufacturer	
production-1971-vol1-chapters	2490	HYPHEN	blankgap	0	in	surance	insurance	
production-1971-vol1-chapters	2523	HYPHEN	margin	11	con	cluding	concluding	struction work upon the quality cf waters of the state in
production-1971-vol1-chapters	2556	HYPHEN	margin	13	ex	propriate	expropriate	cept by him or by the hearing officer in charge of the ap
production-1971-vol1-chapters	395	HYPHEN	blankgap	0	re	tirement	retirement	
production-1971-vol1-chapters	427	HYPHEN	blankgap	0	admis	sions	admissions	
production-1971-vol1-chapters	427	HYPHEN	blankgap	0	admis	sions	admissions	
production-1971-vol1-chapters	429	HYPHEN	blankgap	0	ex	periences	experiences	
production-1971-vol1-chapters	435	HYPHEN	margin	10	crimi	nological	criminological	nal Justice ee | For support of the California Crime Tech
production-1971-vol1-chapters	443	HYPHEN	margin	13	pro	priation	propriation	vision are hereby defined as contingencies for | which no appropriation or insufficient appro
production-1971-vol1-chapters	444	HYPHEN	blankgap	0	compensa	tion	compensation	
production-1971-vol1-chapters	477	HYPHEN	margin	9	pro	priation	propriation	vided that all or any portion of this appro
production-1971-vol1-chapters	481	HYPHEN	blankgap	0	hy	giene	hygiene	
production-1971-vol1-chapters	481	HYPHEN	blankgap	0	man	agement	management	
production-1971-vol1-chapters	489	HYPHEN	blankgap	0	manu	facturing	manufacturing	
production-1971-vol1-chapters	494	HYPHEN	margin	11	con	volving	convolving	tained in this item to be used as a cash re
production-1971-vol1-chapters	498	HYPHEN	blankgap	0	ac	cordance	accordance	
production-1971-vol1-chapters	5	HYPHEN	margin	19	an	nexation	annexation	other unified district and which is governed by the same | governing board as the coterminous unified district such an
production-1971-vol1-chapters	509	HYPHEN	blankgap	0	li	brary	library	
production-1971-vol1-chapters	510	HYPHEN	blankgap	0	im	provements	improvements	
production-1971-vol1-chapters	510	HYPHEN	blankgap	0	emer	gency	emergency	
production-1971-vol1-chapters	510	HYPHEN	blankgap	0	de	velopment	development	
production-1971-vol1-chapters	510	HYPHEN	blankgap	0	de	velopment	development	
production-1971-vol1-chapters	510	HYPHEN	blankgap	0	de	velopment	development	
production-1971-vol1-chapters	511	HYPHEN	blankgap	0	augmen	tation	augmentation	
production-1971-vol1-chapters	511	HYPHEN	blankgap	0	al	terations	alterations	
production-1971-vol1-chapters	527	HYPHEN	blankgap	0	vas	quez	vasquez	
production-1971-vol1-chapters	528	HYPHEN	blankgap	0	de	velopment	development	
production-1971-vol1-chapters	528	HYPHEN	blankgap	0	de	velopment	development	
production-1971-vol1-chapters	528	HYPHEN	blankgap	0	de	velopment	development	
production-1971-vol1-chapters	528	HYPHEN	blankgap	0	de	velopment	development	
production-1971-vol1-chapters	528	HYPHEN	blankgap	0	de	velopment	development	
production-1971-vol1-chapters	528	HYPHEN	blankgap	0	de	velopment	development	
production-1971-vol1-chapters	528	HYPHEN	blankgap	0	de	velopment	development	
production-1971-vol1-chapters	578	HYPHEN	margin	10	con	structed	constructed	tractor | d The Auditor General is hereby authorized and in
production-1971-vol1-chapters	600	HYPHEN	blankgap	0	re	ceive	receive	
production-1971-vol1-chapters	602	HYPHEN	margin	20	con	ditional	conditional	sent of the Board of Supervisors of Butte County the marshal | may appoint additional deputies as is required which ad
production-1971-vol1-chapters	611	HYPHEN	blankgap	0	admin	istrator	administrator	
production-1971-vol1-chapters	614	HYPHEN	blankgap	0	renum	ber	renumber	
production-1971-vol1-chapters	621	HYPHEN	margin	19	con	structions	constructions	tract with such other public agencies or private corporations | or persons for the purpose of financing such acquisitions con
production-1971-vol1-chapters	627	HYPHEN	blankgap	0	im	provement	improvement	
production-1971-vol1-chapters	632	HYPHEN	margin	11	pro	fited	profited	posed to be annexed to an improvement district will be bene
production-1971-vol1-chapters	638	HYPHEN	margin	19	con	structions	constructions	tract with such other public agencies or private corporations or | persons for the purpose of financing such acquisitions con
production-1971-vol1-chapters	674	HYPHEN	margin	12	there	tofore	theretofore	upon be paid a refund equal to the amount of taxes there
production-1971-vol1-chapters	691	HYPHEN	blankgap	0	de	claring	declaring	
production-1971-vol1-chapters	74	HYPHEN	margin	9	re	ducible	reducible	produced on film with full legibility Every such unrepro
production-1971-vol1-chapters	766	HYPHEN	blankgap	0	enumer	ated	enumerated	
production-1971-vol1-chapters	865	HYPHEN	margin	10	in	dividualized	individualized	struction to graduate from high school a program of in
production-1971-vol1-chapters	867	HYPHEN	margin	11	re	gional	regional	numbered to read | Credits earned from courses completed in a re
production-1971-vol1-chapters	874	HYPHEN	blankgap	0	ex	aminers	examiners	
production-1971-vol1-chapters	918	HYPHEN	blankgap	0	com	mencing	commencing	
production-1971-vol1-chapters	918	HYPHEN	blankgap	0	com	mencing	commencing	
production-1971-vol1-chapters	987	HYPHEN	blankgap	0	com	pensation	compensation	
production-1971-vol2	1002	HYPHEN	margin	9	re	sisting	resisting	quest the supervisor to appoint an engineering committee con
production-1971-vol2	1024	HYPHEN	blankgap	0	in	stitutions	institutions	
production-1971-vol2	1032	HYPHEN	blankgap	0	legisla	ture	legislature	
production-1971-vol2	1188	NOHYPHEN	blankgap	0	compensa	tion	compensation	
production-1971-vol2	1202	HYPHEN	blankgap	0	com	pensation	compensation	
production-1971-vol2	1213	HYPHEN	blankgap	0	ur	gency	urgency	
production-1971-vol2	1248	HYPHEN	margin	15	re	signment	resignment	employment at the person s regular work or | Participation would be unreasonable because the as
production-1971-vol2	1249	HYPHEN	margin	16	re	stitutions	restitutions	employment at the person s regular work | Sec Section is added to the Welfare and In
production-1971-vol2	1249	HYPHEN	margin	23	per	cepts	percepts	son s needs shal not be included under a controlled payment | plan except for the first days if during such time he ac
production-1971-vol2	125	HYPHEN	margin	21	con	venient	convenient	struction or repair of any or all improvements works prop | erty or facilities authorized by this part or necessary or con
production-1971-vol2	1277	HYPHEN	margin	21	re	quired	required	payment for the succeeding fiscal year shall be an amount | which would have been payable if such district had been re
production-1971-vol2	13	HYPHEN	blankgap	0	re	quired	required	
production-1971-vol2	1326	HYPHEN	blankgap	0	sci	entific	scientific	
production-1971-vol2	1347	HYPHEN	blankgap	0	examina	tion	examination	
production-1971-vol2	1439	HYPHEN	blankgap	0	con	stitution	constitution	
production-1971-vol2	1450	HYPHEN	blankgap	0	as	sembly	assembly	
production-1971-vol2	1472	HYPHEN	margin	10	in	formity	informity	validate any publication where the same is otherwise in con
production-1971-vol2	1479	HYPHEN	margin	22	in	timated	intimated	eluding debt service for the ensuing fiscal year and shall be | so arranged as to show comparative figures for actual and es
production-1971-vol2	149	HYPHEN	blankgap	0	notifi	cation	notification	
production-1971-vol2	1498	HYPHEN	blankgap	0	dis	tricts	districts	
production-1971-vol2	1545	HYPHEN	blankgap	0	feb	ruary	february	
production-1971-vol2	1551	HYPHEN	blankgap	0	pam	phlet	pamphlet	
production-1971-vol2	1609	HYPHEN	margin	9	ap	propriate	appropriate	propriation ordinance after the adoption of this Charter ap
production-1971-vol2	1634	HYPHEN	margin	10	per	spective	perspective	cent per annum payable annually or semiannually to the re
production-1971-vol2	1676	HYPHEN	margin	23	re	quirements	requirements	main in the Retirement Fund to continue as members of the | System and to be subject to the same age and disability re
production-1971-vol2	1810	HYPHEN	margin	13	de	veloped	developed	termination of uses of the bay delta waters which are to be de
production-1971-vol2	207	HYPHEN	margin	16	con	ceptions	conceptions	servation or utilization or flood protection projects including | the construction maintenance and operation thereof The ex
production-1971-vol2	229	HYPHEN	margin	19	ac	quired	acquired	credited by the State Board of Education as a teacher train | ing educational institution to provide practice teaching re
production-1971-vol2	275	HYPHEN	blankgap	0	as	sembly	assembly	
production-1971-vol2	284	HYPHEN	blankgap	0	re	ceive	receive	
production-1971-vol2	313	HYPHEN	blankgap	0	commenc	ing	commencing	
production-1971-vol2	351	HYPHEN	margin	11	re	quired	required	quire only the payment of an amount representing the fee re
production-1971-vol2	417	HYPHEN	margin	11	war	ranties	warranties	ranty is reasonable but in no event shall such implied war
production-1971-vol2	462	HYPHEN	margin	11	col	lected	collected	leetor and any other public agencies whose taxes are not col
production-1971-vol2	575	HYPHEN	blankgap	0	ve	hicle	vehicle	
production-1971-vol2	620	HYPHEN	blankgap	0	com	mencing	commencing	
production-1971-vol2	620	HYPHEN	blankgap	0	com	mencing	commencing	
production-1971-vol2	620	HYPHEN	blankgap	0	reorganiza	tion	reorganization	
production-1971-vol2	733	HYPHEN	margin	16	in	clude	include	competent persons as provided in this code | As used in this part establishment and institution in
production-1971-vol2	76	HYPHEN	blankgap	0	prac	tices	practices	
production-1971-vol2	804	HYPHEN	margin	13	re	stitutions	restitutions	lief when deemed appropriate | Sec Section is added to the Welfare and In
production-1971-vol2	851	HYPHEN	blankgap	0	edu	cational	educational	
production-1971-vol2	872	HYPHEN	blankgap	0	in	stitutions	institutions	
production-1971-vol2	880	HYPHEN	margin	3	reor	ganization	reorganization	Assembly or Senate
production-1971-vol2	903	HYPHEN	blankgap	0	cor	poration	corporation	
production-1971-vol2	905	HYPHEN	margin	12	dis	mantler	dismantler	pose of them or for any other purpose is an automobile dis
production-1971-vol2	908	HYPHEN	margin	12	dis	mantler	dismantler	pose of them or for any other purpose is an automobile dis
production-1971-vol2	915	HYPHEN	margin	14	insti	tutions	institutions	tution home or other place | Sec Section is added to the Welfare and Insti
production-1971-vol2	967	HYPHEN	blankgap	0	com	mencing	commencing	
production-1971-vol2	967	HYPHEN	blankgap	0	com	mencing	commencing	
production-1972-vol1-chapters	1051	NOHYPHEN	blankgap	0	menth	e	menthe	
production-1972-vol1-chapters	111	HYPHEN	blankgap	0	mu	nicipal	municipal	
production-1972-vol1-chapters	111	HYPHEN	blankgap	0	munici	pal	municipal	
production-1972-vol1-chapters	1226	HYPHEN	blankgap	0	nonproduc	ing	nonproducing	
production-1972-vol1-chapters	218	HYPHEN	margin	25	de	ferred	deferred	partment of Social Welfare since that Department s presently equipped to maintain | the day to day county supervision that s necessary Section would have trans
production-1972-vol1-chapters	221	HYPHEN	blankgap	0	leg	islative	legislative	
production-1972-vol1-chapters	221	HYPHEN	blankgap	0	man	agement	management	
production-1972-vol1-chapters	226	HYPHEN	blankgap	0	ve	hicle	vehicle	
production-1972-vol1-chapters	226	HYPHEN	blankgap	0	trans	portation	transportation	
production-1972-vol1-chapters	229	HYPHEN	margin	17	pro	portionate	proportionate	vided further that in the event the requirement | that state contributions be on a project basis pro
production-1972-vol1-chapters	230	HYPHEN	margin	8	pro	priation	propriation	vided that no expenditures from any such appro
production-1972-vol1-chapters	248	HYPHEN	blankgap	0	agricul	ture	agriculture	
production-1972-vol1-chapters	248	HYPHEN	blankgap	0	agricul	ture	agriculture	
production-1972-vol1-chapters	248	HYPHEN	blankgap	0	exposi	tion	exposition	
production-1972-vol1-chapters	248	HYPHEN	margin	8	dis	cordance	discordance	aster service workers and their dependents in ac
production-1972-vol1-chapters	248	HYPHEN	blankgap	0	ac	cordance	accordance	
production-1972-vol1-chapters	248	HYPHEN	blankgap	0	appro	priation	appropriation	
production-1972-vol1-chapters	263	HYPHEN	blankgap	0	re	covery	recovery	
production-1972-vol1-chapters	280	HYPHEN	blankgap	0	con	verting	converting	
production-1972-vol1-chapters	280	HYPHEN	blankgap	0	cor	rectional	correctional	
production-1972-vol1-chapters	280	HYPHEN	blankgap	0	appro	priation	appropriation	
production-1972-vol1-chapters	280	HYPHEN	blankgap	0	jurisdic	tions	jurisdictions	
production-1972-vol1-chapters	282	HYPHEN	blankgap	0	allocat	ed	allocated	
production-1972-vol1-chapters	282	HYPHEN	blankgap	0	ac	cordance	accordance	
production-1972-vol1-chapters	282	HYPHEN	blankgap	0	expendi	ture	expenditure	
production-1972-vol1-chapters	282	HYPHEN	blankgap	0	ac	cordance	accordance	
production-1972-vol1-chapters	319	HYPHEN	blankgap	0	emer	gency	emergency	
production-1972-vol1-chapters	328	HYPHEN	blankgap	0	reap	propriated	reappropriated	
production-1972-vol1-chapters	345	HYPHEN	blankgap	0	tech	nical	technical	
production-1972-vol1-chapters	351	HYPHEN	blankgap	0	ac	quisition	acquisition	
production-1972-vol1-chapters	371	HYPHEN	margin	12	pro	priation	propriation	vided in this section This transfer may be chargeable to such appro
production-1973-vol1-chapters	1385	HYPHEN	blankgap	0	ac	quisition	acquisition	
production-1973-vol1-chapters	1605	HYPHEN	blankgap	0	munici	pal	municipal	
production-1973-vol1-chapters	1605	HYPHEN	blankgap	0	munici	pal	municipal	
production-1973-vol1-chapters	1607	HYPHEN	blankgap	0	admin	istrative	administrative	
production-1973-vol1-chapters	1607	HYPHEN	blankgap	0	of	ficer	officer	
production-1973-vol1-chapters	214	HYPHEN	margin	8	pro	priation	propriation	vided that no expenditures from any such appro
production-1973-vol1-chapters	217	HYPHEN	margin	17	pro	ferred	proferred	gram funds added to support the above functions | of the Secretary of State shall be expended trans
production-1973-vol1-chapters	227	HYPHEN	blankgap	0	remod	eling	remodeling	
production-1973-vol1-chapters	227	HYPHEN	blankgap	0	agricul	ture	agriculture	
production-1973-vol1-chapters	227	HYPHEN	blankgap	0	preser	vation	preservation	
production-1973-vol1-chapters	229	HYPHEN	blankgap	0	agricul	ture	agriculture	
production-1973-vol1-chapters	229	HYPHEN	margin	8	dis	cordance	discordance	aster service workers and their dependents in ac
production-1973-vol1-chapters	233	HYPHEN	blankgap	0	appro	priated	appropriated	
production-1973-vol1-chapters	233	HYPHEN	blankgap	0	pro	fessional	professional	
production-1973-vol1-chapters	242	HYPHEN	blankgap	0	re	covery	recovery	
production-1973-vol1-chapters	247	HYPHEN	blankgap	0	equiva	lent	equivalent	
production-1973-vol1-chapters	247	HYPHEN	blankgap	0	ex	penditure	expenditure	
production-1973-vol1-chapters	247	HYPHEN	blankgap	0	trans	portation	transportation	
production-1973-vol1-chapters	249	HYPHEN	blankgap	0	subsid	ence	subsidence	
production-1973-vol1-chapters	257	HYPHEN	blankgap	0	cal	ifornia	california	
production-1973-vol1-chapters	259	HYPHEN	blankgap	0	cor	poration	corporation	
production-1973-vol1-chapters	259	HYPHEN	blankgap	0	en	terprise	enterprise	
production-1973-vol1-chapters	262	HYPHEN	blankgap	0	psy	chiatric	psychiatric	
production-1973-vol1-chapters	267	HYPHEN	blankgap	0	pro	tection	protection	
production-1973-vol1-chapters	267	HYPHEN	blankgap	0	exam	iners	examiners	
production-1973-vol1-chapters	267	HYPHEN	blankgap	0	cal	ifornia	california	
production-1973-vol1-chapters	267	HYPHEN	blankgap	0	psy	chiatric	psychiatric	
production-1973-vol1-chapters	268	HYPHEN	blankgap	0	psy	chiatric	psychiatric	
production-1973-vol1-chapters	271	HYPHEN	blankgap	0	hand	icapped	handicapped	
production-1973-vol1-chapters	271	HYPHEN	blankgap	0	ac	cordance	accordance	
production-1973-vol1-chapters	271	HYPHEN	blankgap	0	reim	bursement	reimbursement	
production-1973-vol1-chapters	271	HYPHEN	blankgap	0	ac	cordance	accordance	
production-1973-vol1-chapters	271	HYPHEN	blankgap	0	in	stitutions	institutions	
production-1973-vol1-chapters	274	HYPHEN	blankgap	0	compen	sation	compensation	
production-1973-vol1-chapters	278	HYPHEN	blankgap	0	pa	rolees	parolees	
production-1973-vol1-chapters	278	HYPHEN	blankgap	0	jurisdic	tions	jurisdictions	
production-1973-vol1-chapters	280	HYPHEN	blankgap	0	per	sonnel	personnel	
production-1973-vol1-chapters	280	HYPHEN	blankgap	0	coun	selors	counselors	
production-1973-vol1-chapters	280	HYPHEN	blankgap	0	allocat	ed	allocated	
production-1973-vol1-chapters	280	HYPHEN	blankgap	0	ac	cordance	accordance	
production-1973-vol1-chapters	281	HYPHEN	margin	9	pro	bation	probation	grams established above the level of effort in pro
production-1973-vol1-chapters	283	HYPHEN	blankgap	0	analyz	ing	analyzing	
production-1973-vol1-chapters	283	HYPHEN	blankgap	0	appro	priated	appropriated	
production-1973-vol1-chapters	284	HYPHEN	blankgap	0	neurologi	cally	neurologically	
production-1973-vol1-chapters	284	HYPHEN	blankgap	0	neurologi	cally	neurologically	
production-1973-vol1-chapters	294	HYPHEN	blankgap	0	gov	ernors	governors	
production-1973-vol1-chapters	294	HYPHEN	blankgap	0	coor	dinating	coordinating	
production-1973-vol1-chapters	303	HYPHEN	margin	10	de	sition	desition	VElOPMENE ce ececeeseteeesesseteteeereesees | c Point Mugu State Park land acqui
production-1973-vol1-chapters	305	HYPHEN	blankgap	0	ac	quisition	acquisition	
production-1973-vol1-chapters	305	HYPHEN	blankgap	0	acquisi	tion	acquisition	
production-1973-vol1-chapters	305	HYPHEN	blankgap	0	ac	quisition	acquisition	
production-1973-vol1-chapters	305	HYPHEN	blankgap	0	acquisi	tion	acquisition	
production-1973-vol1-chapters	305	HYPHEN	blankgap	0	ac	quisition	acquisition	
production-1973-vol1-chapters	305	HYPHEN	blankgap	0	ac	quisition	acquisition	
production-1973-vol1-chapters	305	HYPHEN	blankgap	0	ac	quisition	acquisition	
production-1973-vol1-chapters	307	HYPHEN	blankgap	0	accredita	tion	accreditation	
production-1973-vol1-chapters	343	HYPHEN	blankgap	0	ac	quisition	acquisition	
production-1973-vol1-chapters	343	HYPHEN	blankgap	0	ac	quisition	acquisition	
production-1973-vol1-chapters	343	HYPHEN	blankgap	0	ac	quisition	acquisition	
production-1973-vol1-chapters	343	HYPHEN	blankgap	0	acquisi	tion	acquisition	
production-1974-vol1-chapters	1829	HYPHEN	blankgap	0	munici	pal	municipal	
production-1974-vol1-chapters	1829	HYPHEN	blankgap	0	munici	pal	municipal	
production-1974-vol1-chapters	691	HYPHEN	blankgap	0	ve	hicle	vehicle	
production-1974-vol1-chapters	761	HYPHEN	blankgap	0	com	mittees	committees	
production-1974-vol1-chapters	763	HYPHEN	blankgap	0	ad	ditional	additional	
production-1974-vol1-chapters	767	HYPHEN	margin	8	pro	priation	propriation	vided that no expenditures from any such appro
production-1974-vol1-chapters	768	HYPHEN	blankgap	0	transporta	tion	transportation	
production-1974-vol1-chapters	768	HYPHEN	blankgap	0	trans	portation	transportation	
production-1974-vol1-chapters	769	HYPHEN	margin	14	con	curred	concurred	troller to local governmental entities exclusive of | school districts for reimbursement of costs in
production-1974-vol1-chapters	786	HYPHEN	blankgap	0	preser	vation	preservation	
production-1974-vol1-chapters	789	HYPHEN	blankgap	0	appropria	tion	appropriation	
production-1974-vol1-chapters	789	HYPHEN	blankgap	0	alloca	tions	allocations	
production-1974-vol1-chapters	789	HYPHEN	margin	8	dis	cordance	discordance	aster service workers and their dependents in ac
production-1974-vol1-chapters	789	HYPHEN	blankgap	0	ac	cordance	accordance	
production-1974-vol1-chapters	789	HYPHEN	blankgap	0	appro	priation	appropriation	
production-1974-vol1-chapters	789	HYPHEN	blankgap	0	expendi	tures	expenditures	
production-1974-vol1-chapters	789	HYPHEN	blankgap	0	expendi	tures	expenditures	
production-1974-vol1-chapters	792	HYPHEN	blankgap	0	pa	thology	pathology	
production-1974-vol1-chapters	792	HYPHEN	blankgap	0	cal	ifornia	california	
production-1974-vol1-chapters	794	HYPHEN	blankgap	0	au	thorize	authorize	
production-1974-vol1-chapters	794	HYPHEN	blankgap	0	compensa	tion	compensation	
production-1974-vol1-chapters	794	HYPHEN	blankgap	0	de	ferred	deferred	
production-1974-vol1-chapters	798	HYPHEN	blankgap	0	em	ployees	employees	
production-1974-vol1-chapters	806	HYPHEN	blankgap	0	transporta	tion	transportation	
production-1974-vol1-chapters	806	HYPHEN	blankgap	0	transporta	tion	transportation	
production-1974-vol1-chapters	806	HYPHEN	blankgap	0	transporta	tion	transportation	
production-1974-vol1-chapters	807	HYPHEN	blankgap	0	ve	hicle	vehicle	
production-1974-vol1-chapters	807	HYPHEN	blankgap	0	trans	portation	transportation	
production-1974-vol1-chapters	813	HYPHEN	blankgap	0	transporta	tion	transportation	
production-1974-vol1-chapters	822	HYPHEN	blankgap	0	cal	ifornia	california	
production-1974-vol1-chapters	831	HYPHEN	blankgap	0	ac	cordance	accordance	
production-1974-vol1-chapters	831	HYPHEN	blankgap	0	ac	cordance	accordance	
production-1974-vol1-chapters	831	HYPHEN	blankgap	0	in	stitutions	institutions	
production-1974-vol1-chapters	837	HYPHEN	blankgap	0	augmen	tation	augmentation	
production-1974-vol1-chapters	837	HYPHEN	blankgap	0	jurisdic	tions	jurisdictions	
production-1974-vol1-chapters	839	HYPHEN	blankgap	0	allocat	ed	allocated	
production-1974-vol1-chapters	839	HYPHEN	blankgap	0	ac	cordance	accordance	
production-1974-vol1-chapters	839	HYPHEN	blankgap	0	expendi	ture	expenditure	
production-1974-vol1-chapters	839	HYPHEN	blankgap	0	ac	cordance	accordance	
production-1974-vol1-chapters	851	HYPHEN	blankgap	0	ex	penditures	expenditures	
production-1974-vol1-chapters	851	HYPHEN	blankgap	0	recom	mendation	recommendation	
production-1974-vol1-chapters	851	HYPHEN	blankgap	0	bi	omedical	biomedical	
production-1974-vol1-chapters	859	HYPHEN	blankgap	0	al	terations	alterations	
production-1974-vol1-chapters	859	HYPHEN	blankgap	0	op	portunity	opportunity	
production-1974-vol1-chapters	860	HYPHEN	blankgap	0	headquar	ters	headquarters	
production-1974-vol1-chapters	860	HYPHEN	blankgap	0	au	thority	authority	
production-1974-vol1-chapters	865	HYPHEN	blankgap	0	distri	bution	distribution	
production-1974-vol1-chapters	865	HYPHEN	blankgap	0	distri	bution	distribution	
production-1974-vol1-chapters	869	HYPHEN	blankgap	0	cam	puses	campuses	
production-1974-vol1-chapters	875	HYPHEN	blankgap	0	li	brary	library	
production-1974-vol1-chapters	902	HYPHEN	blankgap	0	com	pletion	completion	
production-1974-vol1-chapters	905	HYPHEN	blankgap	0	ac	quisition	acquisition	
production-1974-vol2-chapters	218	HYPHEN	blankgap	0	of	fenses	offenses	
production-1974-vol2-chapters	804	HYPHEN	blankgap	0	approxi	mately	approximately	
production-1975-vol1-chapters	1140	HYPHEN	blankgap	0	munici	pal	municipal	
production-1975-vol1-chapters	202	HYPHEN	blankgap	0	prop	erty	property	
production-1975-vol1-chapters	353	HYPHEN	margin	8	pro	priation	propriation	vided that no expenditures from any such appro
production-1975-vol1-chapters	354	HYPHEN	blankgap	0	transporta	tion	transportation	
production-1975-vol1-chapters	361	HYPHEN	blankgap	0	of	fices	offices	
production-1975-vol1-chapters	365	HYPHEN	blankgap	0	de	partments	departments	
production-1975-vol1-chapters	365	HYPHEN	blankgap	0	re	spective	respective	
production-1975-vol1-chapters	370	HYPHEN	margin	8	dis	cordance	discordance	aster service workers and their dependents in ac
production-1975-vol1-chapters	371	HYPHEN	blankgap	0	appro	priation	appropriation	
production-1975-vol1-chapters	371	HYPHEN	blankgap	0	expendi	tures	expenditures	
production-1975-vol1-chapters	371	HYPHEN	blankgap	0	expendi	tures	expenditures	
production-1975-vol1-chapters	371	HYPHEN	blankgap	0	exam	iners	examiners	
production-1975-vol1-chapters	371	HYPHEN	blankgap	0	ex	aminers	examiners	
production-1975-vol1-chapters	371	HYPHEN	blankgap	0	pa	thology	pathology	
production-1975-vol1-chapters	375	HYPHEN	blankgap	0	au	thorize	authorize	
production-1975-vol1-chapters	375	HYPHEN	blankgap	0	appro	priated	appropriated	
production-1975-vol1-chapters	392	HYPHEN	blankgap	0	transporta	tion	transportation	
production-1975-vol1-chapters	392	HYPHEN	blankgap	0	geother	mal	geothermal	
production-1975-vol1-chapters	392	HYPHEN	blankgap	0	petro	leum	petroleum	
production-1975-vol1-chapters	393	HYPHEN	blankgap	0	for	estry	forestry	
production-1975-vol1-chapters	393	HYPHEN	blankgap	0	in	strumentation	instrumentation	
production-1975-vol1-chapters	395	HYPHEN	blankgap	0	preserva	tion	preservation	
production-1975-vol1-chapters	395	HYPHEN	blankgap	0	em	ployees	employees	
production-1975-vol1-chapters	395	HYPHEN	blankgap	0	com	mencing	commencing	
production-1975-vol1-chapters	395	HYPHEN	blankgap	0	sus	pected	suspected	
production-1975-vol1-chapters	401	HYPHEN	blankgap	0	cal	ifornia	california	
production-1975-vol1-chapters	405	HYPHEN	blankgap	0	ve	hicle	vehicle	
production-1975-vol1-chapters	405	HYPHEN	blankgap	0	transporta	tion	transportation	
production-1975-vol1-chapters	405	HYPHEN	blankgap	0	fa	cility	facility	
production-1975-vol1-chapters	413	HYPHEN	blankgap	0	ac	cordance	accordance	
production-1975-vol1-chapters	413	HYPHEN	blankgap	0	reim	bursement	reimbursement	
production-1975-vol1-chapters	454	HYPHEN	blankgap	0	cam	puses	campuses	
production-1975-vol1-chapters	456	HYPHEN	blankgap	0	ac	quisition	acquisition	
production-1975-vol1-chapters	456	HYPHEN	blankgap	0	rehabili	tation	rehabilitation	
production-1975-vol1-chapters	471	HYPHEN	blankgap	0	inter	pretation	interpretation	
production-1975-vol1-chapters	514	HYPHEN	margin	12	pro	priation	propriation	vided in this section This transfer may be chargeable to such appro
production-1975-vol1-chapters	523	HYPHEN	blankgap	0	appropria	tions	appropriations	
production-1975-vol2-chapters	932	HYPHEN	blankgap	0	munici	pal	municipal	
production-1975-vol2-chapters	932	HYPHEN	blankgap	0	munici	pal	municipal	
production-1976-vol1-chapters	1429	HYPHEN	blankgap	0	munici	pal	municipal	
production-1976-vol1-chapters	1714	HYPHEN	blankgap	0	munici	pal	municipal	
production-1976-vol1-chapters	2106	HYPHEN	blankgap	0	compen	sation	compensation	
production-1976-vol1-chapters	24	HYPHEN	blankgap	0	pro	tection	protection	
production-1976-vol1-chapters	292	HYPHEN	blankgap	0	restora	tion	restoration	
production-1976-vol1-chapters	648	HYPHEN	blankgap	0	cal	ifornia	california	
production-1976-vol1-chapters	650	HYPHEN	blankgap	0	de	partments	departments	
production-1976-vol1-chapters	650	HYPHEN	blankgap	0	re	spective	respective	
production-1976-vol1-chapters	650	HYPHEN	blankgap	0	set	tlements	settlements	
production-1976-vol1-chapters	650	HYPHEN	blankgap	0	ex	penditure	expenditure	
production-1976-vol1-chapters	651	HYPHEN	margin	8	pro	priation	propriation	vided that no expenditures from any such appro
production-1976-vol1-chapters	652	HYPHEN	blankgap	0	transporta	tion	transportation	
production-1976-vol1-chapters	652	HYPHEN	blankgap	0	trans	portation	transportation	
production-1976-vol1-chapters	653	HYPHEN	blankgap	0	trans	portation	transportation	
production-1976-vol1-chapters	653	HYPHEN	blankgap	0	sec	retary	secretary	
production-1976-vol1-chapters	656	HYPHEN	blankgap	0	trans	portation	transportation	
production-1976-vol1-chapters	658	HYPHEN	blankgap	0	coor	dinated	coordinated	
production-1976-vol1-chapters	658	HYPHEN	blankgap	0	taxpay	er	taxpayer	
production-1976-vol1-chapters	658	HYPHEN	blankgap	0	en	cumbrances	encumbrances	
production-1976-vol1-chapters	663	HYPHEN	blankgap	0	de	partments	departments	
production-1976-vol1-chapters	663	HYPHEN	blankgap	0	re	spective	respective	
production-1976-vol1-chapters	667	HYPHEN	blankgap	0	agricul	tural	agricultural	
production-1976-vol1-chapters	668	HYPHEN	blankgap	0	agricul	ture	agriculture	
production-1976-vol1-chapters	668	HYPHEN	blankgap	0	agricul	ture	agriculture	
production-1976-vol1-chapters	668	HYPHEN	blankgap	0	exam	iners	examiners	
production-1976-vol1-chapters	669	HYPHEN	blankgap	0	tech	nician	technician	
production-1976-vol1-chapters	669	HYPHEN	blankgap	0	psy	chiatric	psychiatric	
production-1976-vol1-chapters	669	HYPHEN	blankgap	0	psy	chiatric	psychiatric	
production-1976-vol1-chapters	673	HYPHEN	blankgap	0	pro	gramming	programming	
production-1976-vol1-chapters	673	HYPHEN	blankgap	0	archi	tecture	architecture	
production-1976-vol1-chapters	673	HYPHEN	blankgap	0	commen	surate	commensurate	
production-1976-vol1-chapters	673	HYPHEN	blankgap	0	en	gineering	engineering	
production-1976-vol1-chapters	693	HYPHEN	blankgap	0	for	estry	forestry	
production-1976-vol1-chapters	693	HYPHEN	blankgap	0	reg	istration	registration	
production-1976-vol1-chapters	693	HYPHEN	blankgap	0	in	strumentation	instrumentation	
production-1976-vol1-chapters	693	HYPHEN	blankgap	0	im	provement	improvement	
production-1976-vol1-chapters	695	HYPHEN	blankgap	0	preserva	tion	preservation	
production-1976-vol1-chapters	695	HYPHEN	blankgap	0	preserva	tion	preservation	
production-1976-vol1-chapters	695	HYPHEN	blankgap	0	em	ployees	employees	
production-1976-vol1-chapters	695	HYPHEN	blankgap	0	restora	tion	restoration	
production-1976-vol1-chapters	703	HYPHEN	blankgap	0	ac	cordance	accordance	
production-1976-vol1-chapters	706	HYPHEN	blankgap	0	ve	hicle	vehicle	
production-1976-vol1-chapters	706	HYPHEN	blankgap	0	transporta	tion	transportation	
production-1976-vol1-chapters	706	HYPHEN	blankgap	0	fa	cility	facility	
production-1976-vol1-chapters	709	HYPHEN	blankgap	0	disabili	ties	disabilities	
production-1976-vol1-chapters	709	HYPHEN	blankgap	0	ac	cordance	accordance	
production-1976-vol1-chapters	719	HYPHEN	blankgap	0	hand	icapped	handicapped	
production-1976-vol1-chapters	728	HYPHEN	blankgap	0	pa	rolees	parolees	
production-1976-vol1-chapters	728	HYPHEN	blankgap	0	allocat	ed	allocated	
production-1976-vol1-chapters	728	HYPHEN	blankgap	0	ac	cordance	accordance	
production-1976-vol1-chapters	728	HYPHEN	blankgap	0	insti	tutions	institutions	
production-1976-vol1-chapters	728	HYPHEN	blankgap	0	ac	cordance	accordance	
production-1976-vol1-chapters	743	HYPHEN	blankgap	0	appro	priation	appropriation	
production-1976-vol1-chapters	743	HYPHEN	blankgap	0	riv	erside	riverside	
production-1976-vol1-chapters	743	HYPHEN	blankgap	0	biomedi	cal	biomedical	
production-1976-vol1-chapters	744	HYPHEN	blankgap	0	es	tablished	established	
production-1976-vol1-chapters	751	HYPHEN	blankgap	0	schol	arship	scholarship	
production-1976-vol1-chapters	754	HYPHEN	blankgap	0	sac	ramento	sacramento	
production-1976-vol1-chapters	754	HYPHEN	blankgap	0	de	velopmen	developmen	
production-1976-vol1-chapters	759	HYPHEN	blankgap	0	ac	quisition	acquisition	
production-1976-vol1-chapters	760	HYPHEN	blankgap	0	ac	quisition	acquisition	
production-1976-vol1-chapters	762	HYPHEN	blankgap	0	prelimi	nary	preliminary	
production-1976-vol1-chapters	762	HYPHEN	blankgap	0	prelimi	nary	preliminary	
production-1976-vol1-chapters	763	HYPHEN	blankgap	0	prelimi	nary	preliminary	
production-1976-vol1-chapters	763	HYPHEN	blankgap	0	prelimi	nary	preliminary	
production-1976-vol1-chapters	763	HYPHEN	blankgap	0	prelim	inary	preliminary	
production-1976-vol1-chapters	763	HYPHEN	blankgap	0	prelimi	nary	preliminary	
production-1976-vol1-chapters	763	HYPHEN	blankgap	0	prelimi	nary	preliminary	
production-1976-vol1-chapters	764	HYPHEN	blankgap	0	prelim	inary	preliminary	
production-1976-vol1-chapters	784	HYPHEN	blankgap	0	res	toration	restoration	
production-1976-vol1-chapters	785	HYPHEN	blankgap	0	ac	quisition	acquisition	
production-1976-vol1-chapters	804	HYPHEN	blankgap	0	prelimi	nary	preliminary	
production-1976-vol1-chapters	805	HYPHEN	blankgap	0	inadequa	cies	inadequacies	
production-1976-vol1-chapters	805	HYPHEN	blankgap	0	ex	pansion	expansion	
production-1976-vol1-chapters	806	HYPHEN	blankgap	0	im	provements	improvements	
production-1976-vol1-chapters	830	HYPHEN	margin	12	pro	priation	propriation	vided in this section This transfer may be chargeable to such appro
production-1976-vol1-chapters	995	HYPHEN	blankgap	0	ac	quisition	acquisition	
production-1976-vol1-chapters	996	HYPHEN	blankgap	0	acquisi	tion	acquisition	
production-1976-vol3	1929	HYPHEN	blankgap	0	munici	pal	municipal	
production-1976-vol3	1929	HYPHEN	blankgap	0	munici	pal	municipal	
production-1976-vol3	900	HYPHEN	blankgap	0	alloca	tion	allocation	
production-1977-vol1-chapters	1976	HYPHEN	blankgap	0	ju	venile	juvenile	
production-1977-vol1-chapters	760	HYPHEN	blankgap	0	munici	pal	municipal	
production-1977-vol1-chapters	760	HYPHEN	blankgap	0	encum	brance	encumbrance	
production-1977-vol1-chapters	761	HYPHEN	blankgap	0	cal	ifornia	california	
production-1977-vol1-chapters	763	HYPHEN	blankgap	0	trans	portation	transportation	
production-1977-vol1-chapters	775	HYPHEN	blankgap	0	as	sociated	associated	
production-1977-vol1-chapters	775	HYPHEN	blankgap	0	appropriat	ed	appropriated	
production-1977-vol1-chapters	775	HYPHEN	blankgap	0	de	ferred	deferred	
production-1977-vol1-chapters	775	HYPHEN	blankgap	0	ex	penditures	expenditures	
production-1977-vol1-chapters	777	HYPHEN	margin	16	re	ferred	referred	view responsibilities to the separate line agencies | For support of State Personnel Board to be trans
production-1977-vol1-chapters	785	HYPHEN	blankgap	0	trans	portation	transportation	
production-1977-vol1-chapters	785	HYPHEN	blankgap	0	trans	portation	transportation	
production-1977-vol1-chapters	785	HYPHEN	blankgap	0	transporta	tion	transportation	
production-1977-vol1-chapters	785	HYPHEN	blankgap	0	transporta	tion	transportation	
production-1977-vol1-chapters	787	HYPHEN	blankgap	0	alloca	tion	allocation	
production-1977-vol1-chapters	787	HYPHEN	blankgap	0	transporta	tion	transportation	
production-1977-vol1-chapters	807	HYPHEN	blankgap	0	mo	torcycle	motorcycle	
production-1977-vol1-chapters	807	HYPHEN	blankgap	0	dis	trict	district	
production-1977-vol1-chapters	807	HYPHEN	blankgap	0	ve	hicle	vehicle	
production-1977-vol1-chapters	816	HYPHEN	blankgap	0	fa	cility	facility	
production-1977-vol1-chapters	819	HYPHEN	blankgap	0	ac	cordance	accordance	
production-1977-vol1-chapters	829	HYPHEN	blankgap	0	juris	dictions	jurisdictions	
production-1977-vol1-chapters	829	HYPHEN	blankgap	0	compensa	tion	compensation	
production-1977-vol1-chapters	836	HYPHEN	blankgap	0	insti	tutions	institutions	
production-1977-vol1-chapters	836	HYPHEN	blankgap	0	allocat	ed	allocated	
production-1977-vol1-chapters	836	HYPHEN	blankgap	0	ac	cordance	accordance	
production-1977-vol1-chapters	840	HYPHEN	margin	8	edu	cationally	educationally	cation shall revise regulations relating to the Edu
production-1977-vol1-chapters	851	HYPHEN	blankgap	0	ap	propriate	appropriate	
production-1977-vol1-chapters	851	HYPHEN	blankgap	0	appro	priate	appropriate	
production-1977-vol1-chapters	851	HYPHEN	blankgap	0	re	garding	regarding	
production-1977-vol1-chapters	853	HYPHEN	blankgap	0	biomedi	cal	biomedical	
production-1977-vol1-chapters	853	HYPHEN	blankgap	0	expendi	ture	expenditure	
production-1977-vol1-chapters	858	HYPHEN	blankgap	0	encum	brance	encumbrance	
production-1977-vol1-chapters	865	HYPHEN	margin	8	pro	priation	propriation	vided that no expenditures from any such appro
production-1977-vol1-chapters	879	HYPHEN	blankgap	0	sac	ramento	sacramento	
production-1977-vol1-chapters	884	HYPHEN	blankgap	0	ap	propriated	appropriated	
production-1977-vol1-chapters	884	HYPHEN	blankgap	0	transporta	tion	transportation	
production-1977-vol1-chapters	884	HYPHEN	blankgap	0	transporta	tion	transportation	
production-1977-vol1-chapters	887	HYPHEN	blankgap	0	appro	priated	appropriated	
production-1977-vol1-chapters	888	HYPHEN	blankgap	0	tur	bidity	turbidity	
production-1977-vol1-chapters	888	HYPHEN	blankgap	0	rec	reation	recreation	
production-1977-vol1-chapters	889	HYPHEN	blankgap	0	acquisi	tion	acquisition	
production-1977-vol1-chapters	891	HYPHEN	blankgap	0	rec	reation	recreation	
production-1977-vol1-chapters	899	HYPHEN	blankgap	0	admin	istration	administration	
production-1977-vol1-chapters	920	HYPHEN	blankgap	0	in	curring	incurring	
production-1977-vol1-chapters	920	HYPHEN	blankgap	0	dis	trict	district	
production-1977-vol1-chapters	920	HYPHEN	blankgap	0	dis	trict	district	
production-1977-vol1-chapters	920	HYPHEN	blankgap	0	dis	trict	district	
production-1977-vol1-chapters	934	HYPHEN	blankgap	0	dis	trict	district	
production-1977-vol1-chapters	935	HYPHEN	blankgap	0	recrea	tion	recreation	
production-1977-vol1-chapters	938	HYPHEN	blankgap	0	dis	trict	district	
production-1977-vol1-chapters	938	HYPHEN	blankgap	0	re	gional	regional	
production-1977-vol1-chapters	939	HYPHEN	blankgap	0	dis	trict	district	
production-1977-vol1-chapters	939	HYPHEN	blankgap	0	atas	cadero	atascadero	
production-1977-vol1-chapters	949	HYPHEN	blankgap	0	rec	reation	recreation	
production-1977-vol1-chapters	951	HYPHEN	blankgap	0	dis	trict	district	
production-1977-vol1-chapters	951	HYPHEN	blankgap	0	re	gional	regional	
production-1977-vol1-chapters	952	HYPHEN	blankgap	0	dis	trict	district	
production-1977-vol1-chapters	953	HYPHEN	blankgap	0	dis	trict	district	
production-1977-vol1-chapters	953	HYPHEN	blankgap	0	reser	voirs	reservoirs	
production-1977-vol1-chapters	953	HYPHEN	blankgap	0	dis	trict	district	
production-1977-vol1-chapters	953	HYPHEN	blankgap	0	dis	trict	district	
production-1977-vol1-chapters	954	HYPHEN	blankgap	0	dis	trict	district	
production-1977-vol1-chapters	954	HYPHEN	blankgap	0	bicentenni	al	bicentennial	
production-1977-vol1-chapters	962	HYPHEN	blankgap	0	dis	trict	district	
production-1977-vol1-chapters	962	HYPHEN	blankgap	0	dis	trict	district	
production-1977-vol1-chapters	962	HYPHEN	blankgap	0	rec	reation	recreation	
production-1977-vol1-chapters	965	HYPHEN	blankgap	0	dis	trict	district	
production-1977-vol1-chapters	965	HYPHEN	blankgap	0	dis	trict	district	
production-1977-vol1-chapters	965	HYPHEN	blankgap	0	recrea	tion	recreation	
production-1977-vol1-chapters	965	HYPHEN	blankgap	0	re	gional	regional	
production-1977-vol1-chapters	965	HYPHEN	blankgap	0	re	gional	regional	
production-1977-vol1-chapters	965	HYPHEN	blankgap	0	sweetwa	ter	sweetwater	
production-1977-vol1-chapters	967	HYPHEN	blankgap	0	dis	trict	district	
production-1977-vol1-chapters	969	HYPHEN	blankgap	0	dis	trict	district	
production-1977-vol1-chapters	971	HYPHEN	blankgap	0	com	mencing	commencing	
production-1977-vol1-chapters	979	NOHYPHEN	blankgap	0	sunte	c	suntec	
production-1977-vol2	1255	HYPHEN	blankgap	0	ac	quisition	acquisition	
production-1977-vol2	1257	HYPHEN	blankgap	0	ac	quired	acquired	
production-1977-vol2	1257	HYPHEN	blankgap	0	acquisi	tion	acquisition	
production-1977-vol2	1322	HYPHEN	blankgap	0	sep	tember	september	
production-1977-vol2	1926	HYPHEN	blankgap	0	reim	bursed	reimbursed	
production-1977-vol2	434	HYPHEN	blankgap	0	mu	nicipal	municipal	
production-1978-vol1-chapters	1015	HYPHEN	margin	12	pro	priation	propriation	vided in this section This transfer may be chargeable to such appro
production-1978-vol1-chapters	584	HYPHEN	blankgap	0	commenc	ing	commencing	
production-1978-vol1-chapters	683	HYPHEN	blankgap	0	commenc	ing	commencing	
production-1978-vol1-chapters	764	HYPHEN	blankgap	0	su	perior	superior	
production-1978-vol1-chapters	767	HYPHEN	blankgap	0	cal	ifornia	california	
production-1978-vol1-chapters	769	HYPHEN	blankgap	0	transporta	tion	transportation	
production-1978-vol1-chapters	769	HYPHEN	blankgap	0	trans	portation	transportation	
production-1978-vol1-chapters	779	HYPHEN	blankgap	0	emer	gency	emergency	
production-1978-vol1-chapters	779	HYPHEN	blankgap	0	archi	tecture	architecture	
production-1978-vol1-chapters	779	HYPHEN	blankgap	0	archi	tecture	architecture	
production-1978-vol1-chapters	779	HYPHEN	blankgap	0	de	ferred	deferred	
production-1978-vol1-chapters	801	HYPHEN	blankgap	0	transporta	tion	transportation	
production-1978-vol1-chapters	802	HYPHEN	blankgap	0	trans	ferred	transferred	
production-1978-vol1-chapters	802	HYPHEN	blankgap	0	trans	ferred	transferred	
production-1978-vol1-chapters	813	HYPHEN	blankgap	0	cal	ifornia	california	
production-1978-vol1-chapters	817	HYPHEN	blankgap	0	ap	propriated	appropriated	
production-1978-vol1-chapters	822	HYPHEN	blankgap	0	notwithstand	ing	notwithstanding	
production-1978-vol1-chapters	833	HYPHEN	blankgap	0	unfund	ed	unfunded	
production-1978-vol1-chapters	839	HYPHEN	blankgap	0	commenc	ing	commencing	
production-1978-vol1-chapters	839	HYPHEN	blankgap	0	au	thorized	authorized	
production-1978-vol1-chapters	839	HYPHEN	blankgap	0	juris	dictions	jurisdictions	
production-1978-vol1-chapters	851	HYPHEN	blankgap	0	allocat	ed	allocated	
production-1978-vol1-chapters	851	HYPHEN	blankgap	0	ac	cordance	accordance	
production-1978-vol1-chapters	864	HYPHEN	blankgap	0	ap	propriate	appropriate	
production-1978-vol1-chapters	865	HYPHEN	blankgap	0	biomedi	cal	biomedical	
production-1978-vol1-chapters	865	HYPHEN	blankgap	0	reim	bursement	reimbursement	
production-1978-vol1-chapters	887	HYPHEN	blankgap	0	compensa	tion	compensation	
production-1978-vol1-chapters	898	HYPHEN	blankgap	0	reappro	priated	reappropriated	
production-1978-vol1-chapters	898	HYPHEN	blankgap	0	legisla	tive	legislative	
production-1978-vol1-chapters	901	HYPHEN	blankgap	0	op	portunity	opportunity	
production-1978-vol1-chapters	901	HYPHEN	blankgap	0	emer	gency	emergency	
production-1978-vol1-chapters	904	HYPHEN	blankgap	0	his	torical	historical	
production-1978-vol1-chapters	916	HYPHEN	blankgap	0	ventila	tion	ventilation	
production-1978-vol1-chapters	916	HYPHEN	blankgap	0	with	drawals	withdrawals	
production-1978-vol1-chapters	916	HYPHEN	blankgap	0	obli	gations	obligations	
production-1978-vol1-chapters	921	HYPHEN	blankgap	0	mainte	nance	maintenance	
production-1978-vol1-chapters	921	HYPHEN	blankgap	0	dis	trict	district	
production-1978-vol1-chapters	941	HYPHEN	blankgap	0	dis	trict	district	
production-1978-vol1-chapters	945	HYPHEN	blankgap	0	dis	trict	district	
production-1978-vol1-chapters	945	HYPHEN	blankgap	0	dis	trict	district	
production-1978-vol1-chapters	945	HYPHEN	blankgap	0	re	gional	regional	
production-1978-vol1-chapters	945	HYPHEN	blankgap	0	dis	trict	district	
production-1978-vol1-chapters	945	HYPHEN	blankgap	0	dis	trict	district	
production-1978-vol1-chapters	956	HYPHEN	blankgap	0	ac	quisition	acquisition	
production-1978-vol1-chapters	964	HYPHEN	blankgap	0	dis	trict	district	
production-1978-vol1-chapters	964	HYPHEN	blankgap	0	recrea	tion	recreation	
production-1978-vol1-chapters	967	HYPHEN	blankgap	0	yuc	ca	yucca	
production-1978-vol1-chapters	969	HYPHEN	blankgap	0	atas	cadero	atascadero	
production-1978-vol1-chapters	970	HYPHEN	blankgap	0	fran	ceschi	franceschi	
production-1978-vol1-chapters	970	HYPHEN	blankgap	0	dis	trict	district	
production-1978-vol1-chapters	970	HYPHEN	blankgap	0	recrea	tional	recreational	
production-1978-vol1-chapters	972	HYPHEN	blankgap	0	dis	trict	district	
production-1978-vol2	82	HYPHEN	blankgap	0	augmenta	tion	augmentation	
production-1978-vol2	883	HYPHEN	blankgap	0	rela	tionship	relationship	
production-1978-vol3	1262	HYPHEN	blankgap	0	munici	pal	municipal	
production-1978-vol3	1270	HYPHEN	blankgap	0	muni	cipal	municipal	
production-1978-vol3	1270	HYPHEN	blankgap	0	muni	cipal	municipal	
production-1978-vol3	1271	HYPHEN	blankgap	0	muni	cipal	municipal	
production-1978-vol3	627	HYPHEN	blankgap	0	compre	hensive	comprehensive	
production-1979-vol1-chapters	1462	HYPHEN	blankgap	0	in	clusion	inclusion	
production-1979-vol1-chapters	1462	HYPHEN	blankgap	0	recrea	tion	recreation	
production-1979-vol1-chapters	1463	HYPHEN	blankgap	0	appropria	tions	appropriations	
production-1979-vol1-chapters	160	HYPHEN	blankgap	0	au	thorized	authorized	
production-1979-vol1-chapters	242	HYPHEN	blankgap	0	inter	mediary	intermediary	
production-1979-vol1-chapters	581	HYPHEN	blankgap	0	munici	pal	municipal	
production-1979-vol1-chapters	608	HYPHEN	margin	16	re	pleted	repleted	port by the department which evaluates the | efficiency of the service This report shall be com
production-1979-vol1-chapters	610	HYPHEN	blankgap	0	envi	ronmental	environmental	
production-1979-vol1-chapters	612	HYPHEN	blankgap	0	alloca	tion	allocation	
production-1979-vol1-chapters	612	HYPHEN	blankgap	0	appro	priated	appropriated	
production-1979-vol1-chapters	612	HYPHEN	blankgap	0	alloca	tion	allocation	
production-1979-vol1-chapters	612	HYPHEN	blankgap	0	en	couraged	encouraged	
production-1979-vol1-chapters	623	HYPHEN	blankgap	0	profes	sional	professional	
production-1979-vol1-chapters	629	HYPHEN	blankgap	0	rec	reation	recreation	
production-1979-vol1-chapters	629	HYPHEN	blankgap	0	rec	reation	recreation	
production-1979-vol1-chapters	629	HYPHEN	blankgap	0	preser	vation	preservation	
production-1979-vol1-chapters	635	HYPHEN	blankgap	0	in	surance	insurance	
production-1979-vol1-chapters	635	HYPHEN	blankgap	0	ap	propriations	appropriations	
production-1979-vol1-chapters	637	HYPHEN	blankgap	0	ap	propriated	appropriated	
production-1979-vol1-chapters	640	HYPHEN	blankgap	0	appro	priations	appropriations	
production-1979-vol1-chapters	640	HYPHEN	blankgap	0	ve	hicle	vehicle	
production-1979-vol1-chapters	640	HYPHEN	blankgap	0	transporta	tion	transportation	
production-1979-vol1-chapters	652	HYPHEN	blankgap	0	ac	cordance	accordance	
production-1979-vol1-chapters	654	HYPHEN	blankgap	0	ap	propriations	appropriations	
production-1979-vol1-chapters	654	HYPHEN	blankgap	0	immu	nization	immunization	
production-1979-vol1-chapters	655	HYPHEN	blankgap	0	hand	icapped	handicapped	
production-1979-vol1-chapters	655	HYPHEN	blankgap	0	com	mencing	commencing	
production-1979-vol1-chapters	663	HYPHEN	blankgap	0	commenc	ing	commencing	
production-1979-vol1-chapters	663	HYPHEN	blankgap	0	au	thorized	authorized	
production-1979-vol1-chapters	689	HYPHEN	blankgap	0	hand	icapped	handicapped	
production-1979-vol1-chapters	703	HYPHEN	blankgap	0	compensa	tion	compensation	
production-1979-vol1-chapters	705	HYPHEN	blankgap	0	ap	propriate	appropriate	
production-1979-vol1-chapters	709	HYPHEN	blankgap	0	allocat	ed	allocated	
production-1979-vol1-chapters	720	HYPHEN	blankgap	0	estab	lishing	establishing	
production-1979-vol1-chapters	720	HYPHEN	blankgap	0	agricul	ture	agriculture	
production-1979-vol1-chapters	720	HYPHEN	blankgap	0	agricul	ture	agriculture	
production-1979-vol1-chapters	720	HYPHEN	blankgap	0	subdivi	sion	subdivision	
production-1979-vol1-chapters	729	HYPHEN	blankgap	0	ac	tivities	activities	
production-1979-vol1-chapters	729	HYPHEN	blankgap	0	notwith	standing	notwithstanding	
production-1979-vol1-chapters	729	HYPHEN	blankgap	0	indem	nity	indemnity	
production-1979-vol1-chapters	752	HYPHEN	blankgap	0	op	portunity	opportunity	
production-1979-vol1-chapters	754	HYPHEN	blankgap	0	rec	reation	recreation	
production-1979-vol1-chapters	754	HYPHEN	blankgap	0	rec	reation	recreation	
production-1979-vol1-chapters	754	HYPHEN	blankgap	0	mulhol	land	mulholland	
production-1979-vol1-chapters	754	HYPHEN	blankgap	0	acqui	sition	acquisition	
production-1979-vol1-chapters	757	HYPHEN	blankgap	0	recrea	tion	recreation	
production-1979-vol1-chapters	761	HYPHEN	blankgap	0	prelimi	nary	preliminary	
production-1979-vol1-chapters	762	HYPHEN	blankgap	0	prelimi	nary	preliminary	
production-1979-vol1-chapters	762	HYPHEN	blankgap	0	condi	tioning	conditioning	
production-1979-vol1-chapters	766	HYPHEN	blankgap	0	prelimi	nary	preliminary	
production-1979-vol1-chapters	766	HYPHEN	blankgap	0	prelimi	nary	preliminary	
production-1979-vol1-chapters	768	HYPHEN	blankgap	0	prelimi	nary	preliminary	
production-1979-vol1-chapters	768	HYPHEN	blankgap	0	re	gional	regional	
production-1979-vol1-chapters	772	HYPHEN	blankgap	0	hand	icapped	handicapped	
production-1979-vol1-chapters	772	HYPHEN	blankgap	0	con	ditioning	conditioning	
production-1979-vol1-chapters	810	HYPHEN	blankgap	0	munici	pal	municipal	
production-1979-vol1-chapters	812	HYPHEN	blankgap	0	ro	essler	roessler	
production-1979-vol1-chapters	812	HYPHEN	blankgap	0	recrea	tion	recreation	
production-1979-vol1-chapters	812	HYPHEN	blankgap	0	rec	reation	recreation	
production-1979-vol1-chapters	816	HYPHEN	blankgap	0	neigh	borhood	neighborhood	
production-1979-vol1-chapters	816	HYPHEN	blankgap	0	neigh	borhood	neighborhood	
production-1979-vol1-chapters	816	HYPHEN	blankgap	0	recrea	tion	recreation	
production-1979-vol1-chapters	816	HYPHEN	blankgap	0	dis	trict	district	
production-1979-vol1-chapters	816	HYPHEN	blankgap	0	recrea	tion	recreation	
production-1979-vol1-chapters	820	HYPHEN	blankgap	0	as	sistance	assistance	
production-1979-vol2	349	NOHYPHEN	blankgap	0	munici	pal	municipal	
production-1979-vol2	911	HYPHEN	blankgap	0	in	clusive	inclusive	
production-1979-vol3	1317	HYPHEN	blankgap	0	sta	bilizing	stabilizing	
production-1980-vol1-chapters	1080	HYPHEN	blankgap	0	ve	hicle	vehicle	
production-1980-vol1-chapters	1080	HYPHEN	blankgap	0	transporta	tion	transportation	
production-1980-vol1-chapters	1082	HYPHEN	blankgap	0	trans	portation	transportation	
production-1980-vol1-chapters	1091	HYPHEN	blankgap	0	au	thorize	authorize	
production-1980-vol1-chapters	1091	HYPHEN	blankgap	0	as	sembly	assembly	
production-1980-vol1-chapters	1091	HYPHEN	blankgap	0	identifica	tion	identification	
production-1980-vol1-chapters	1091	HYPHEN	blankgap	0	trans	ferred	transferred	
production-1980-vol1-chapters	1094	HYPHEN	blankgap	0	de	ferred	deferred	
production-1980-vol1-chapters	1094	HYPHEN	blankgap	0	de	ferred	deferred	
production-1980-vol1-chapters	1094	HYPHEN	blankgap	0	expendi	tures	expenditures	
production-1980-vol1-chapters	1095	HYPHEN	blankgap	0	revolv	ing	revolving	
production-1980-vol1-chapters	1096	HYPHEN	blankgap	0	legisla	tors	legislators	
production-1980-vol1-chapters	1097	HYPHEN	blankgap	0	appropriat	ed	appropriated	
production-1980-vol1-chapters	1097	HYPHEN	blankgap	0	appropriat	ed	appropriated	
production-1980-vol1-chapters	1097	HYPHEN	blankgap	0	subdivi	sion	subdivision	
production-1980-vol1-chapters	1112	HYPHEN	blankgap	0	aban	doned	abandoned	
production-1980-vol1-chapters	1116	HYPHEN	margin	7	re	quired	required	ports for the additional computing equipment ac
production-1980-vol1-chapters	1121	HYPHEN	blankgap	0	au	tomotive	automotive	
production-1980-vol1-chapters	1121	HYPHEN	blankgap	0	commenc	ing	commencing	
production-1980-vol1-chapters	1121	HYPHEN	blankgap	0	commenc	ing	commencing	
production-1980-vol1-chapters	1123	HYPHEN	blankgap	0	profes	sional	professional	
production-1980-vol1-chapters	1127	HYPHEN	blankgap	0	ap	propriated	appropriated	
production-1980-vol1-chapters	1127	HYPHEN	blankgap	0	mainte	nance	maintenance	
production-1980-vol1-chapters	1127	HYPHEN	blankgap	0	en	hancement	enhancement	
production-1980-vol1-chapters	1132	HYPHEN	blankgap	0	ba	kersfield	bakersfield	
production-1980-vol1-chapters	1132	HYPHEN	blankgap	0	riv	erside	riverside	
production-1980-vol1-chapters	1133	HYPHEN	blankgap	0	recrea	tion	recreation	
production-1980-vol1-chapters	1138	HYPHEN	blankgap	0	in	surance	insurance	
production-1980-vol1-chapters	1151	HYPHEN	blankgap	0	com	mencing	commencing	
production-1980-vol1-chapters	1154	HYPHEN	blankgap	0	hand	icapped	handicapped	
production-1980-vol1-chapters	1154	HYPHEN	blankgap	0	com	mencing	commencing	
production-1980-vol1-chapters	1169	HYPHEN	blankgap	0	au	thorized	authorized	
production-1980-vol1-chapters	1185	HYPHEN	blankgap	0	re	garding	regarding	
production-1980-vol1-chapters	1185	HYPHEN	blankgap	0	distribut	ing	distributing	
production-1980-vol1-chapters	1191	HYPHEN	blankgap	0	com	mencing	commencing	
production-1980-vol1-chapters	1191	HYPHEN	blankgap	0	appor	tionment	apportionment	
production-1980-vol1-chapters	1202	HYPHEN	blankgap	0	augmenta	tion	augmentation	
production-1980-vol1-chapters	1202	HYPHEN	blankgap	0	augmenta	tion	augmentation	
production-1980-vol1-chapters	1202	HYPHEN	blankgap	0	augmenta	tion	augmentation	
production-1980-vol1-chapters	1204	HYPHEN	blankgap	0	commenc	ing	commencing	
production-1980-vol1-chapters	1209	HYPHEN	blankgap	0	biomedi	cal	biomedical	
production-1980-vol1-chapters	1209	HYPHEN	blankgap	0	reim	bursement	reimbursement	
production-1980-vol1-chapters	1225	HYPHEN	blankgap	0	agricul	ture	agriculture	
production-1980-vol1-chapters	1225	HYPHEN	blankgap	0	agricul	ture	agriculture	
production-1980-vol1-chapters	1225	HYPHEN	blankgap	0	agricul	ture	agriculture	
production-1980-vol1-chapters	1225	HYPHEN	blankgap	0	exposi	tion	exposition	
production-1980-vol1-chapters	1227	HYPHEN	blankgap	0	ac	cordance	accordance	
production-1980-vol1-chapters	1227	HYPHEN	blankgap	0	appro	priation	appropriation	
production-1980-vol1-chapters	1227	HYPHEN	blankgap	0	expendi	tures	expenditures	
production-1980-vol1-chapters	1227	HYPHEN	blankgap	0	expendi	tures	expenditures	
production-1980-vol1-chapters	1231	HYPHEN	blankgap	0	trans	portation	transportation	
production-1980-vol1-chapters	1231	HYPHEN	blankgap	0	trans	portation	transportation	
production-1980-vol1-chapters	1235	HYPHEN	blankgap	0	prose	cution	prosecution	
production-1980-vol1-chapters	1235	HYPHEN	blankgap	0	com	mencing	commencing	
production-1980-vol1-chapters	1235	HYPHEN	blankgap	0	indem	nity	indemnity	
production-1980-vol1-chapters	1236	HYPHEN	blankgap	0	subdivi	sion	subdivision	
production-1980-vol1-chapters	1236	HYPHEN	blankgap	0	subdivi	sion	subdivision	
production-1980-vol1-chapters	1262	HYPHEN	blankgap	0	acquisi	tion	acquisition	
production-1980-vol1-chapters	1263	HYPHEN	blankgap	0	rec	reation	recreation	
production-1980-vol1-chapters	1264	HYPHEN	blankgap	0	retrof	itting	retrofitting	
production-1980-vol1-chapters	1264	HYPHEN	blankgap	0	ac	quisition	acquisition	
production-1980-vol1-chapters	1278	HYPHEN	blankgap	0	com	pletion	completion	
production-1980-vol1-chapters	1278	HYPHEN	blankgap	0	unfin	ished	unfinished	
production-1980-vol1-chapters	1283	HYPHEN	blankgap	0	re	quirements	requirements	
production-1980-vol1-chapters	1286	HYPHEN	blankgap	0	dis	trict	district	
production-1980-vol1-chapters	1287	HYPHEN	blankgap	0	dis	trict	district	
production-1980-vol1-chapters	1288	HYPHEN	blankgap	0	dis	trict	district	
production-1980-vol1-chapters	1288	HYPHEN	blankgap	0	dis	trict	district	
production-1980-vol1-chapters	1288	HYPHEN	blankgap	0	dis	trict	district	
production-1980-vol1-chapters	1288	HYPHEN	blankgap	0	dis	trict	district	
production-1980-vol1-chapters	1288	HYPHEN	blankgap	0	dis	trict	district	
production-1980-vol1-chapters	1288	HYPHEN	blankgap	0	dis	trict	district	
production-1980-vol1-chapters	1288	HYPHEN	blankgap	0	dis	trict	district	
production-1980-vol1-chapters	1291	HYPHEN	blankgap	0	defi	ciencies	deficiencies	
production-1980-vol1-chapters	1291	HYPHEN	blankgap	0	defi	ciencies	deficiencies	
production-1980-vol1-chapters	1291	HYPHEN	blankgap	0	in	stallation	installation	
production-1980-vol1-chapters	1291	HYPHEN	blankgap	0	ad	vertising	advertising	
production-1980-vol1-chapters	1297	HYPHEN	blankgap	0	acquisi	tion	acquisition	
production-1980-vol1-chapters	1314	HYPHEN	blankgap	0	rec	reation	recreation	
production-1980-vol1-chapters	1314	HYPHEN	blankgap	0	acquisi	tion	acquisition	
production-1980-vol1-chapters	1314	HYPHEN	blankgap	0	ac	quisition	acquisition	
production-1980-vol1-chapters	42	HYPHEN	blankgap	0	preserva	tion	preservation	
production-1980-vol1-chapters	513	HYPHEN	margin	24	pro	priation	propriation	gram The section shall contain separate items for each project each | class of projects or each element of the program for which an appro
production-1980-vol1-chapters	742	HYPHEN	blankgap	0	acquisi	tion	acquisition	
production-1980-vol2	1042	HYPHEN	blankgap	0	cat	egory	category	
production-1980-vol2	1042	HYPHEN	blankgap	0	mulhol	land	mulholland	
production-1980-vol2	1042	HYPHEN	blankgap	0	cat	egory	category	
production-1980-vol2	1042	HYPHEN	blankgap	0	aban	doned	abandoned	
production-1980-vol2	1098	HYPHEN	blankgap	0	mu	nicipal	municipal	
production-1980-vol2	1276	HYPHEN	blankgap	0	sur	veillance	surveillance	
production-1980-vol2	1379	HYPHEN	blankgap	0	dis	trict	district	
production-1980-vol2	1379	HYPHEN	blankgap	0	dis	trict	district	
production-1980-vol2	1379	HYPHEN	blankgap	0	li	brary	library	
production-1980-vol2	1381	HYPHEN	blankgap	0	occupa	tional	occupational	
production-1980-vol2	1381	HYPHEN	blankgap	0	dis	trict	district	
production-1980-vol2	1381	HYPHEN	blankgap	0	dis	trict	district	
production-1980-vol2	1381	HYPHEN	blankgap	0	ac	cordance	accordance	
production-1980-vol3	1137	HYPHEN	blankgap	0	com	pensation	compensation	
production-1980-vol3	1167	HYPHEN	blankgap	0	acquisi	tion	acquisition	
production-1980-vol3	16	HYPHEN	blankgap	0	cor	rections	corrections	
production-1980-vol3	911	HYPHEN	blankgap	0	tech	nician	technician	
production-1980-vol3	96	HYPHEN	blankgap	0	distri	butions	distributions	
production-1981-vol1-chapters	1006	HYPHEN	blankgap	0	ac	tivities	activities	
production-1981-vol1-chapters	1009	HYPHEN	blankgap	0	re	gional	regional	
production-1981-vol1-chapters	1015	HYPHEN	blankgap	0	in	terstate	interstate	
production-1981-vol1-chapters	1032	HYPHEN	blankgap	0	prelim	inary	preliminary	
production-1981-vol1-chapters	1033	HYPHEN	blankgap	0	fa	cility	facility	
production-1981-vol1-chapters	1033	HYPHEN	blankgap	0	prelim	inary	preliminary	
production-1981-vol1-chapters	1033	HYPHEN	blankgap	0	im	provements	improvements	
production-1981-vol1-chapters	1033	HYPHEN	blankgap	0	im	provements	improvements	
production-1981-vol1-chapters	1042	HYPHEN	blankgap	0	dis	tricts	districts	
production-1981-vol1-chapters	1042	HYPHEN	blankgap	0	subre	gions	subregions	
production-1981-vol1-chapters	1043	HYPHEN	margin	5	pro	stration	prostration	c Other Compensatory Pro | Demon
production-1981-vol1-chapters	1043	HYPHEN	margin	1	pro	stration	prostration	Demon
production-1981-vol1-chapters	1043	HYPHEN	blankgap	0	demon	stration	demonstration	
production-1981-vol1-chapters	1044	HYPHEN	blankgap	0	ed	ucation	education	
production-1981-vol1-chapters	1044	HYPHEN	blankgap	0	man	agement	management	
production-1981-vol1-chapters	1044	HYPHEN	blankgap	0	trans	ferred	transferred	
production-1981-vol1-chapters	1049	HYPHEN	blankgap	0	al	lowances	allowances	
production-1981-vol1-chapters	1049	HYPHEN	blankgap	0	al	lowances	allowances	
production-1981-vol1-chapters	1061	HYPHEN	blankgap	0	microelec	tronics	microelectronics	
production-1981-vol1-chapters	1071	HYPHEN	blankgap	0	as	sistance	assistance	
production-1981-vol1-chapters	1074	HYPHEN	blankgap	0	compen	sation	compensation	
production-1981-vol1-chapters	1074	HYPHEN	blankgap	0	compen	sation	compensation	
production-1981-vol1-chapters	1075	HYPHEN	blankgap	0	re	sulting	resulting	
production-1981-vol1-chapters	221	HYPHEN	margin	5	re	gencies	regencies	serve for contingencies or emer
production-1981-vol1-chapters	227	HYPHEN	blankgap	0	al	terations	alterations	
production-1981-vol1-chapters	227	HYPHEN	blankgap	0	al	terations	alterations	
production-1981-vol1-chapters	229	HYPHEN	blankgap	0	transporta	tion	transportation	
production-1981-vol1-chapters	229	HYPHEN	blankgap	0	ve	hicle	vehicle	
production-1981-vol1-chapters	230	HYPHEN	blankgap	0	trans	portation	transportation	
production-1981-vol1-chapters	231	HYPHEN	blankgap	0	cor	rectional	correctional	
production-1981-vol1-chapters	245	HYPHEN	blankgap	0	con	tingent	contingent	
production-1981-vol1-chapters	252	HYPHEN	blankgap	0	appropria	tion	appropriation	
production-1981-vol1-chapters	262	HYPHEN	blankgap	0	appro	priation	appropriation	
production-1981-vol1-chapters	267	HYPHEN	blankgap	0	as	sistance	assistance	
production-1981-vol1-chapters	272	HYPHEN	blankgap	0	homeown	ership	homeownership	
production-1981-vol1-chapters	272	HYPHEN	blankgap	0	man	agement	management	
production-1981-vol1-chapters	274	HYPHEN	blankgap	0	in	surance	insurance	
production-1981-vol1-chapters	274	HYPHEN	blankgap	0	trans	portation	transportation	
production-1981-vol1-chapters	276	HYPHEN	blankgap	0	transporta	tion	transportation	
production-1981-vol1-chapters	283	HYPHEN	blankgap	0	transporta	tion	transportation	
production-1981-vol1-chapters	284	HYPHEN	blankgap	0	trans	portation	transportation	
production-1981-vol1-chapters	284	HYPHEN	blankgap	0	trans	portation	transportation	
production-1981-vol1-chapters	286	HYPHEN	blankgap	0	trans	portation	transportation	
production-1981-vol1-chapters	294	HYPHEN	blankgap	0	acquisi	tion	acquisition	
production-1981-vol1-chapters	294	HYPHEN	blankgap	0	acquisi	tion	acquisition	
production-1981-vol1-chapters	294	HYPHEN	blankgap	0	acquisi	tion	acquisition	
production-1981-vol1-chapters	295	HYPHEN	margin	9	re	volving	revolving	paid by the Stephen P Teale Data Center Re
production-1981-vol1-chapters	296	HYPHEN	blankgap	0	en	vironmental	environmental	
production-1981-vol1-chapters	298	HYPHEN	blankgap	0	de	velopment	development	
production-1981-vol1-chapters	298	HYPHEN	blankgap	0	trans	portation	transportation	
production-1981-vol1-chapters	300	HYPHEN	margin	12	re	sistance	resistance	sources Development ACCOUNL se errr | Provisions applicable to Item for local as
production-1981-vol1-chapters	303	HYPHEN	margin	10	transporta	tion	transportation	THON PUI ceseescececesessceeenececssvecssesceecncsscssssssesseeenevees | F or support of Department of Conserva
production-1981-vol1-chapters	304	HYPHEN	blankgap	0	suppres	sion	suppression	
production-1981-vol1-chapters	306	HYPHEN	blankgap	0	ac	cordance	accordance	
production-1981-vol1-chapters	306	HYPHEN	blankgap	0	for	estry	forestry	
production-1981-vol1-chapters	310	HYPHEN	blankgap	0	mi	gratory	migratory	
production-1981-vol1-chapters	320	HYPHEN	blankgap	0	con	servancy	conservancy	
production-1981-vol1-chapters	324	HYPHEN	blankgap	0	recrea	tion	recreation	
production-1981-vol1-chapters	324	HYPHEN	blankgap	0	envi	ronmental	environmental	
production-1981-vol1-chapters	326	HYPHEN	blankgap	0	cen	tennial	centennial	
production-1981-vol1-chapters	328	HYPHEN	blankgap	0	liv	ermore	livermore	
production-1981-vol1-chapters	328	HYPHEN	blankgap	0	vet	erans	veterans	
production-1981-vol1-chapters	328	HYPHEN	blankgap	0	pleasan	ton	pleasanton	
production-1981-vol1-chapters	329	HYPHEN	blankgap	0	mu	nicipal	municipal	
production-1981-vol1-chapters	329	HYPHEN	blankgap	0	rec	reation	recreation	
production-1981-vol1-chapters	329	HYPHEN	blankgap	0	an	dreas	andreas	
production-1981-vol1-chapters	330	HYPHEN	blankgap	0	rec	reation	recreation	
production-1981-vol1-chapters	330	HYPHEN	blankgap	0	recrea	tion	recreation	
production-1981-vol1-chapters	331	HYPHEN	blankgap	0	rec	reation	recreation	
production-1981-vol1-chapters	331	HYPHEN	blankgap	0	dis	trict	district	
production-1981-vol1-chapters	331	HYPHEN	blankgap	0	irriga	tion	irrigation	
production-1981-vol1-chapters	332	HYPHEN	blankgap	0	re	gional	regional	
production-1981-vol1-chapters	332	HYPHEN	blankgap	0	re	gional	regional	
production-1981-vol1-chapters	332	HYPHEN	blankgap	0	re	gional	regional	
production-1981-vol1-chapters	332	HYPHEN	blankgap	0	recrea	tional	recreational	
production-1981-vol1-chapters	333	HYPHEN	blankgap	0	irri	gation	irrigation	
production-1981-vol1-chapters	333	HYPHEN	blankgap	0	rec	reation	recreation	
production-1981-vol1-chapters	333	HYPHEN	blankgap	0	recrea	tion	recreation	
production-1981-vol1-chapters	333	HYPHEN	blankgap	0	dis	trict	district	
production-1981-vol1-chapters	333	HYPHEN	blankgap	0	recrea	tion	recreation	
production-1981-vol1-chapters	333	HYPHEN	blankgap	0	dis	trict	district	
production-1981-vol1-chapters	335	HYPHEN	blankgap	0	rec	reation	recreation	
production-1981-vol1-chapters	335	HYPHEN	blankgap	0	alham	bra	alhambra	
production-1981-vol1-chapters	335	HYPHEN	blankgap	0	vet	erans	veterans	
production-1981-vol1-chapters	336	HYPHEN	blankgap	0	lancast	er	lancaster	
production-1981-vol1-chapters	337	HYPHEN	blankgap	0	an	derson	anderson	
production-1981-vol1-chapters	338	HYPHEN	blankgap	0	farns	worth	farnsworth	
production-1981-vol1-chapters	338	HYPHEN	blankgap	0	pa	cific	pacific	
production-1981-vol1-chapters	338	HYPHEN	blankgap	0	manhat	tan	manhattan	
production-1981-vol1-chapters	341	HYPHEN	blankgap	0	dis	trict	district	
production-1981-vol1-chapters	342	HYPHEN	blankgap	0	rec	reation	recreation	
production-1981-vol1-chapters	342	HYPHEN	blankgap	0	dis	trict	district	
production-1981-vol1-chapters	342	HYPHEN	blankgap	0	mon	terey	monterey	
production-1981-vol1-chapters	342	HYPHEN	blankgap	0	mon	terey	monterey	
production-1981-vol1-chapters	342	HYPHEN	blankgap	0	mon	terey	monterey	
production-1981-vol1-chapters	342	HYPHEN	blankgap	0	mon	terey	monterey	
production-1981-vol1-chapters	342	HYPHEN	blankgap	0	re	gional	regional	
production-1981-vol1-chapters	342	HYPHEN	blankgap	0	penin	sula	peninsula	
production-1981-vol1-chapters	343	HYPHEN	blankgap	0	neigh	borhood	neighborhood	
production-1981-vol1-chapters	343	HYPHEN	blankgap	0	dis	trict	district	
production-1981-vol1-chapters	343	HYPHEN	blankgap	0	neigh	borhood	neighborhood	
production-1981-vol1-chapters	343	HYPHEN	blankgap	0	irriga	tion	irrigation	
production-1981-vol1-chapters	343	HYPHEN	blankgap	0	rec	reation	recreation	
production-1981-vol1-chapters	345	HYPHEN	blankgap	0	hun	tington	huntington	
production-1981-vol1-chapters	346	HYPHEN	blankgap	0	pla	centia	placentia	
production-1981-vol1-chapters	347	HYPHEN	blankgap	0	dis	trict	district	
production-1981-vol1-chapters	347	HYPHEN	blankgap	0	recrea	tion	recreation	
production-1981-vol1-chapters	348	HYPHEN	blankgap	0	dis	trict	district	
production-1981-vol1-chapters	348	HYPHEN	blankgap	0	el	sinore	elsinore	
production-1981-vol1-chapters	349	HYPHEN	blankgap	0	ja	cinto	jacinto	
production-1981-vol1-chapters	349	HYPHEN	blankgap	0	rec	reation	recreation	
production-1981-vol1-chapters	349	HYPHEN	blankgap	0	rec	reation	recreation	
production-1981-vol1-chapters	349	HYPHEN	blankgap	0	recrea	tion	recreation	
production-1981-vol1-chapters	349	HYPHEN	blankgap	0	dis	trict	district	
production-1981-vol1-chapters	349	HYPHEN	blankgap	0	recrea	tion	recreation	
production-1981-vol1-chapters	349	HYPHEN	blankgap	0	dis	trict	district	
production-1981-vol1-chapters	349	HYPHEN	blankgap	0	recrea	tion	recreation	
production-1981-vol1-chapters	349	HYPHEN	blankgap	0	dis	trict	district	
production-1981-vol1-chapters	350	HYPHEN	blankgap	0	rec	reation	recreation	
production-1981-vol1-chapters	350	HYPHEN	blankgap	0	dis	trict	district	
production-1981-vol1-chapters	351	HYPHEN	blankgap	0	hand	icapped	handicapped	
production-1981-vol1-chapters	351	HYPHEN	blankgap	0	rec	reation	recreation	
production-1981-vol1-chapters	351	HYPHEN	blankgap	0	recrea	tion	recreation	
production-1981-vol1-chapters	351	HYPHEN	blankgap	0	dis	trict	district	
production-1981-vol1-chapters	351	HYPHEN	blankgap	0	re	gional	regional	
production-1981-vol1-chapters	352	HYPHEN	blankgap	0	her	itage	heritage	
production-1981-vol1-chapters	352	HYPHEN	blankgap	0	re	gional	regional	
production-1981-vol1-chapters	352	HYPHEN	blankgap	0	yucai	pa	yucaipa	
production-1981-vol1-chapters	353	HYPHEN	blankgap	0	rec	reation	recreation	
production-1981-vol1-chapters	353	HYPHEN	blankgap	0	rec	reation	recreation	
production-1981-vol1-chapters	353	HYPHEN	blankgap	0	bloo	mington	bloomington	
production-1981-vol1-chapters	353	HYPHEN	blankgap	0	recrea	tional	recreational	
production-1981-vol1-chapters	353	HYPHEN	blankgap	0	yucai	pa	yucaipa	
production-1981-vol1-chapters	353	HYPHEN	blankgap	0	recrea	tional	recreational	
production-1981-vol1-chapters	353	HYPHEN	blankgap	0	yucai	pa	yucaipa	
production-1981-vol1-chapters	354	HYPHEN	blankgap	0	dis	trict	district	
production-1981-vol1-chapters	354	HYPHEN	blankgap	0	mu	nicipal	municipal	
production-1981-vol1-chapters	354	HYPHEN	blankgap	0	dis	trict	district	
production-1981-vol1-chapters	354	HYPHEN	blankgap	0	munici	pal	municipal	
production-1981-vol1-chapters	357	HYPHEN	blankgap	0	nipo	mo	nipomo	
production-1981-vol1-chapters	357	HYPHEN	blankgap	0	recrea	tion	recreation	
production-1981-vol1-chapters	357	HYPHEN	blankgap	0	rec	reation	recreation	
production-1981-vol1-chapters	358	HYPHEN	blankgap	0	dis	trict	district	
production-1981-vol1-chapters	358	HYPHEN	blankgap	0	dis	trict	district	
production-1981-vol1-chapters	358	HYPHEN	blankgap	0	dis	trict	district	
production-1981-vol1-chapters	358	HYPHEN	blankgap	0	recrea	tion	recreation	
production-1981-vol1-chapters	358	HYPHEN	blankgap	0	munici	pal	municipal	
production-1981-vol1-chapters	359	HYPHEN	blankgap	0	recrea	tion	recreation	
production-1981-vol1-chapters	359	HYPHEN	blankgap	0	rin	conada	rinconada	
production-1981-vol1-chapters	359	HYPHEN	blankgap	0	recrea	tion	recreation	
production-1981-vol1-chapters	360	HYPHEN	blankgap	0	co	unty	county	
production-1981-vol1-chapters	360	HYPHEN	blankgap	0	dis	trict	district	
production-1981-vol1-chapters	360	HYPHEN	blankgap	0	bicy	cle	bicycle	
production-1981-vol1-chapters	361	HYPHEN	blankgap	0	recrea	tion	recreation	
production-1981-vol1-chapters	361	HYPHEN	blankgap	0	dis	trict	district	
production-1981-vol1-chapters	362	HYPHEN	blankgap	0	sebasto	pol	sebastopol	
production-1981-vol1-chapters	362	HYPHEN	blankgap	0	neigh	borhood	neighborhood	
production-1981-vol1-chapters	362	HYPHEN	blankgap	0	im	provements	improvements	
production-1981-vol1-chapters	363	HYPHEN	blankgap	0	do	uglas	douglas	
production-1981-vol1-chapters	363	HYPHEN	blankgap	0	recrea	tion	recreation	
production-1981-vol1-chapters	363	HYPHEN	blankgap	0	im	provements	improvements	
production-1981-vol1-chapters	363	HYPHEN	blankgap	0	tuol	umne	tuolumne	
production-1981-vol1-chapters	363	HYPHEN	blankgap	0	recrea	tion	recreation	
production-1981-vol1-chapters	363	HYPHEN	blankgap	0	dis	trict	district	
production-1981-vol1-chapters	384	HYPHEN	blankgap	0	recrea	tion	recreation	
production-1981-vol1-chapters	384	HYPHEN	blankgap	0	unappropriat	ed	unappropriated	
production-1981-vol1-chapters	384	HYPHEN	blankgap	0	appropria	tion	appropriation	
production-1981-vol1-chapters	385	HYPHEN	blankgap	0	adminis	trative	administrative	
production-1981-vol1-chapters	392	HYPHEN	blankgap	0	mainte	nance	maintenance	
production-1981-vol1-chapters	393	HYPHEN	blankgap	0	geother	mal	geothermal	
production-1981-vol1-chapters	394	HYPHEN	blankgap	0	tributar	ies	tributaries	
production-1981-vol1-chapters	397	HYPHEN	blankgap	0	in	surance	insurance	
production-1981-vol1-chapters	398	HYPHEN	blankgap	0	trans	ferred	transferred	
production-1981-vol1-chapters	401	HYPHEN	blankgap	0	re	quired	required	
production-1981-vol1-chapters	405	HYPHEN	blankgap	0	trans	portation	transportation	
production-1981-vol1-chapters	413	HYPHEN	blankgap	0	en	dangered	endangered	
production-1981-vol1-chapters	424	HYPHEN	blankgap	0	de	velopmental	developmental	
production-1981-vol1-chapters	425	HYPHEN	blankgap	0	ac	tivities	activities	
production-1981-vol1-chapters	425	HYPHEN	blankgap	0	de	velopmental	developmental	
production-1981-vol1-chapters	433	HYPHEN	blankgap	0	im	provements	improvements	
production-1981-vol1-chapters	433	HYPHEN	blankgap	0	im	provements	improvements	
production-1981-vol1-chapters	437	HYPHEN	margin	11	de	lative	delative	partment of Finance | The department shall submit to the Joint Legis
production-1981-vol1-chapters	437	HYPHEN	blankgap	0	legis	lative	legislative	
production-1981-vol1-chapters	442	HYPHEN	blankgap	0	oc	cupied	occupied	
production-1981-vol1-chapters	442	HYPHEN	blankgap	0	prelimi	nary	preliminary	
production-1981-vol1-chapters	451	HYPHEN	blankgap	0	legis	lative	legislative	
production-1981-vol1-chapters	455	HYPHEN	blankgap	0	in	centive	incentive	
production-1981-vol1-chapters	456	HYPHEN	blankgap	0	in	terstate	interstate	
production-1981-vol1-chapters	466	HYPHEN	blankgap	0	re	ductions	reductions	
production-1981-vol1-chapters	472	HYPHEN	blankgap	0	as	sistance	assistance	
production-1981-vol1-chapters	477	HYPHEN	blankgap	0	pe	rimeter	perimeter	
production-1981-vol1-chapters	478	HYPHEN	blankgap	0	prelimi	nary	preliminary	
production-1981-vol1-chapters	478	HYPHEN	blankgap	0	prelimi	nary	preliminary	
production-1981-vol1-chapters	484	HYPHEN	blankgap	0	secu	rity	security	
production-1981-vol1-chapters	484	HYPHEN	blankgap	0	prelimi	nary	preliminary	
production-1981-vol1-chapters	484	HYPHEN	blankgap	0	hand	icapped	handicapped	
production-1981-vol1-chapters	484	HYPHEN	blankgap	0	relocata	ble	relocatable	
production-1981-vol1-chapters	484	HYPHEN	blankgap	0	prelimi	nary	preliminary	
production-1981-vol1-chapters	492	HYPHEN	margin	5	pro	stration	prostration	QTAMS oo etree tree | Demon
production-1981-vol1-chapters	497	HYPHEN	blankgap	0	al	lowances	allowances	
production-1981-vol1-chapters	497	HYPHEN	blankgap	0	al	lowances	allowances	
production-1981-vol1-chapters	509	HYPHEN	blankgap	0	appro	priated	appropriated	
production-1981-vol1-chapters	514	HYPHEN	blankgap	0	li	brary	library	
production-1981-vol1-chapters	514	HYPHEN	blankgap	0	microe	lectronics	microelectronics	
production-1981-vol1-chapters	515	HYPHEN	blankgap	0	hand	icapped	handicapped	
production-1981-vol1-chapters	515	HYPHEN	blankgap	0	hand	icapped	handicapped	
production-1981-vol1-chapters	516	HYPHEN	blankgap	0	al	terations	alterations	
production-1981-vol1-chapters	516	HYPHEN	blankgap	0	ex	pansion	expansion	
production-1981-vol1-chapters	521	HYPHEN	blankgap	0	modifica	tions	modifications	
production-1981-vol1-chapters	521	HYPHEN	blankgap	0	modifica	tions	modifications	
production-1981-vol1-chapters	522	HYPHEN	blankgap	0	cogenera	tion	cogeneration	
production-1981-vol1-chapters	522	HYPHEN	blankgap	0	cogenera	tion	cogeneration	
production-1981-vol1-chapters	522	HYPHEN	blankgap	0	cogenera	tion	cogeneration	
production-1981-vol1-chapters	522	HYPHEN	blankgap	0	cogenera	tion	cogeneration	
production-1981-vol1-chapters	528	HYPHEN	blankgap	0	dis	tricts	districts	
production-1981-vol1-chapters	528	HYPHEN	blankgap	0	dis	trict	district	
production-1981-vol1-chapters	528	HYPHEN	blankgap	0	dis	trict	district	
production-1981-vol1-chapters	534	HYPHEN	blankgap	0	ex	penditure	expenditure	
production-1981-vol1-chapters	545	HYPHEN	blankgap	0	com	pensation	compensation	
production-1981-vol1-chapters	546	HYPHEN	blankgap	0	promulga	tion	promulgation	
production-1981-vol1-chapters	546	HYPHEN	blankgap	0	adjudi	cation	adjudication	
production-1981-vol1-chapters	554	HYPHEN	blankgap	0	trans	portation	transportation	
production-1981-vol1-chapters	557	HYPHEN	blankgap	0	indem	nity	indemnity	
production-1981-vol1-chapters	563	HYPHEN	blankgap	0	secu	rity	security	
production-1981-vol1-chapters	566	HYPHEN	blankgap	0	em	ployees	employees	
production-1981-vol1-chapters	570	HYPHEN	blankgap	0	compen	sation	compensation	
production-1981-vol1-chapters	570	HYPHEN	blankgap	0	compen	sation	compensation	
production-1981-vol1-chapters	570	HYPHEN	blankgap	0	unallocat	ed	unallocated	
production-1981-vol1-chapters	571	HYPHEN	blankgap	0	nongovernmen	tal	nongovernmental	
production-1981-vol1-chapters	572	HYPHEN	margin	9	emer	gencies	emergencies	ZONCIES ooo eeseeeseerseseeereceeneseseveacsenesseeavecseavavensuensveneneys | For reserve for contingencies or emer
production-1981-vol1-chapters	572	HYPHEN	blankgap	0	emer	gencies	emergencies	
production-1981-vol1-chapters	572	HYPHEN	blankgap	0	nongovernmen	tal	nongovernmental	
production-1981-vol1-chapters	85	HYPHEN	blankgap	0	trans	ferred	transferred	
production-1981-vol1-chapters	85	HYPHEN	blankgap	0	augmenta	tion	augmentation	
production-1981-vol1-chapters	977	HYPHEN	blankgap	0	re	volving	revolving	
production-1981-vol1-chapters	977	HYPHEN	blankgap	0	transporta	tion	transportation	
production-1981-vol1-chapters	987	HYPHEN	blankgap	0	renewa	ble	renewable	
production-1981-vol1-chapters	989	HYPHEN	blankgap	0	ve	hicle	vehicle	
production-1981-vol1-chapters	991	HYPHEN	blankgap	0	acquisi	tion	acquisition	
production-1981-vol1-chapters	991	HYPHEN	blankgap	0	prelimi	nary	preliminary	
production-1981-vol1-chapters	991	HYPHEN	blankgap	0	re	trofit	retrofit	
production-1981-vol1-chapters	991	HYPHEN	blankgap	0	rec	reation	recreation	
production-1981-vol1-chapters	997	HYPHEN	blankgap	0	trans	portation	transportation	
production-1981-vol2	662	HYPHEN	blankgap	0	prelim	inary	preliminary	
production-1981-vol2	662	HYPHEN	blankgap	0	fa	cility	facility	
production-1981-vol2	663	HYPHEN	blankgap	0	prelim	inary	preliminary	
production-1981-vol2	664	HYPHEN	blankgap	0	prelimi	nary	preliminary	
production-1981-vol2	664	HYPHEN	blankgap	0	prelimi	nary	preliminary	
production-1981-vol3	268	HYPHEN	blankgap	0	adminis	trative	administrative	
production-1981-vol3	268	HYPHEN	blankgap	0	ex	ecutive	executive	
production-1981-vol3	268	HYPHEN	blankgap	0	mu	nicipal	municipal	
production-1981-vol3	269	HYPHEN	blankgap	0	sec	retary	secretary	
production-1981-vol3	269	HYPHEN	blankgap	0	in	terpreter	interpreter	
production-1981-vol3	595	HYPHEN	blankgap	0	secu	rity	security	
production-1981-vol3	612	HYPHEN	blankgap	0	rec	reation	recreation	
production-1982-vol1-chapters	1051	HYPHEN	blankgap	0	ve	hicle	vehicle	
production-1982-vol1-chapters	1055	HYPHEN	blankgap	0	op	portunity	opportunity	
production-1982-vol1-chapters	1055	HYPHEN	blankgap	0	op	portunity	opportunity	
production-1982-vol1-chapters	1059	HYPHEN	blankgap	0	trans	portation	transportation	
production-1982-vol1-chapters	1059	HYPHEN	blankgap	0	transporta	tion	transportation	
production-1982-vol1-chapters	1061	HYPHEN	blankgap	0	transporta	tion	transportation	
production-1982-vol1-chapters	1064	HYPHEN	blankgap	0	ad	visory	advisory	
production-1982-vol1-chapters	1075	HYPHEN	blankgap	0	archi	tecture	architecture	
production-1982-vol1-chapters	1082	HYPHEN	blankgap	0	em	ployees	employees	
production-1982-vol1-chapters	1082	HYPHEN	blankgap	0	ac	cordance	accordance	
production-1982-vol1-chapters	1086	HYPHEN	blankgap	0	de	velopment	development	
production-1982-vol1-chapters	1088	HYPHEN	blankgap	0	de	velopmen	developmen	
production-1982-vol1-chapters	1093	HYPHEN	blankgap	0	in	surance	insurance	
production-1982-vol1-chapters	1094	HYPHEN	blankgap	0	appro	priations	appropriations	
production-1982-vol1-chapters	1094	HYPHEN	blankgap	0	in	spection	inspection	
production-1982-vol1-chapters	1096	HYPHEN	blankgap	0	im	provements	improvements	
production-1982-vol1-chapters	1099	HYPHEN	blankgap	0	appro	priated	appropriated	
production-1982-vol1-chapters	1101	HYPHEN	blankgap	0	im	provements	improvements	
production-1982-vol1-chapters	1103	HYPHEN	blankgap	0	trans	portation	transportation	
production-1982-vol1-chapters	1106	HYPHEN	blankgap	0	trans	portation	transportation	
production-1982-vol1-chapters	1109	HYPHEN	blankgap	0	ve	hicle	vehicle	
production-1982-vol1-chapters	1110	HYPHEN	blankgap	0	ve	hicle	vehicle	
production-1982-vol1-chapters	1118	HYPHEN	blankgap	0	dis	trict	district	
production-1982-vol1-chapters	1120	HYPHEN	blankgap	0	appro	priations	appropriations	
production-1982-vol1-chapters	1129	HYPHEN	blankgap	0	appro	priated	appropriated	
production-1982-vol1-chapters	1129	HYPHEN	blankgap	0	appro	priation	appropriation	
production-1982-vol1-chapters	1141	HYPHEN	blankgap	0	appropriat	ed	appropriated	
production-1982-vol1-chapters	1144	HYPHEN	blankgap	0	recrea	tion	recreation	
production-1982-vol1-chapters	1144	HYPHEN	blankgap	0	re	gional	regional	
production-1982-vol1-chapters	1145	HYPHEN	blankgap	0	dis	tricts	districts	
production-1982-vol1-chapters	1146	HYPHEN	blankgap	0	recrea	tion	recreation	
production-1982-vol1-chapters	1146	HYPHEN	blankgap	0	dis	trict	district	
production-1982-vol1-chapters	1146	HYPHEN	blankgap	0	rec	reation	recreation	
production-1982-vol1-chapters	1146	HYPHEN	blankgap	0	rec	reation	recreation	
production-1982-vol1-chapters	1146	HYPHEN	blankgap	0	vet	erans	veterans	
production-1982-vol1-chapters	1147	HYPHEN	blankgap	0	dis	trict	district	
production-1982-vol1-chapters	1147	HYPHEN	blankgap	0	dis	trict	district	
production-1982-vol1-chapters	1148	HYPHEN	blankgap	0	im	provements	improvements	
production-1982-vol1-chapters	1149	HYPHEN	blankgap	0	recrea	tion	recreation	
production-1982-vol1-chapters	1149	HYPHEN	blankgap	0	recrea	tion	recreation	
production-1982-vol1-chapters	1149	HYPHEN	blankgap	0	an	selmo	anselmo	
production-1982-vol1-chapters	1149	HYPHEN	blankgap	0	an	selmo	anselmo	
production-1982-vol1-chapters	1149	HYPHEN	blankgap	0	ra	fael	rafael	
production-1982-vol1-chapters	1150	HYPHEN	blankgap	0	re	gional	regional	
production-1982-vol1-chapters	1150	HYPHEN	blankgap	0	neigh	borhood	neighborhood	
production-1982-vol1-chapters	1150	HYPHEN	blankgap	0	re	gional	regional	
production-1982-vol1-chapters	1150	HYPHEN	blankgap	0	westmin	ster	westminster	
production-1982-vol1-chapters	1151	HYPHEN	blankgap	0	rec	reation	recreation	
production-1982-vol1-chapters	1151	HYPHEN	blankgap	0	recrea	tion	recreation	
production-1982-vol1-chapters	1151	HYPHEN	blankgap	0	ber	nardino	bernardino	
production-1982-vol1-chapters	1151	HYPHEN	blankgap	0	ber	nardino	bernardino	
production-1982-vol1-chapters	1151	HYPHEN	blankgap	0	guada	lupe	guadalupe	
production-1982-vol1-chapters	1151	HYPHEN	blankgap	0	ber	nardino	bernardino	
production-1982-vol1-chapters	1152	HYPHEN	blankgap	0	ber	nardino	bernardino	
production-1982-vol1-chapters	1153	HYPHEN	blankgap	0	atas	cadero	atascadero	
production-1982-vol1-chapters	1153	HYPHEN	blankgap	0	recrea	tion	recreation	
production-1982-vol1-chapters	1153	HYPHEN	blankgap	0	carpen	teria	carpenteria	
production-1982-vol1-chapters	1154	HYPHEN	blankgap	0	his	torical	historical	
production-1982-vol1-chapters	1154	HYPHEN	blankgap	0	rec	reation	recreation	
production-1982-vol1-chapters	1154	HYPHEN	blankgap	0	dis	trict	district	
production-1982-vol1-chapters	1154	HYPHEN	blankgap	0	dis	trict	district	
production-1982-vol1-chapters	1155	HYPHEN	blankgap	0	healds	burg	healdsburg	
production-1982-vol1-chapters	1155	HYPHEN	blankgap	0	dis	trict	district	
production-1982-vol1-chapters	1155	HYPHEN	blankgap	0	munici	pal	municipal	
production-1982-vol1-chapters	1156	HYPHEN	blankgap	0	acquisi	tion	acquisition	
production-1982-vol1-chapters	1160	HYPHEN	blankgap	0	feasi	bility	feasibility	
production-1982-vol1-chapters	1160	HYPHEN	blankgap	0	con	tinuing	continuing	
production-1982-vol1-chapters	1162	NOHYPHEN	blankgap	0	acquisi	tion	acquisition	
production-1982-vol1-chapters	1162	HYPHEN	blankgap	0	re	trofit	retrofit	
production-1982-vol1-chapters	1163	HYPHEN	blankgap	0	prelimi	nary	preliminary	
production-1982-vol1-chapters	1163	HYPHEN	blankgap	0	res	toration	restoration	
production-1982-vol1-chapters	1190	HYPHEN	blankgap	0	recla	mation	reclamation	
production-1982-vol1-chapters	1194	HYPHEN	blankgap	0	in	surance	insurance	
production-1982-vol1-chapters	1194	HYPHEN	blankgap	0	trans	ferred	transferred	
production-1982-vol1-chapters	1195	HYPHEN	margin	7	com	mencing	commencing	mission estab ished pursuant to Chapter com
production-1982-vol1-chapters	1203	HYPHEN	blankgap	0	transporta	tion	transportation	
production-1982-vol1-chapters	1207	HYPHEN	blankgap	0	ex	penditure	expenditure	
production-1982-vol1-chapters	1220	HYPHEN	blankgap	0	de	velopmental	developmental	
production-1982-vol1-chapters	1223	HYPHEN	margin	10	de	velopmental	developmental	partment of Developmental Services | For local assistance Department of De
production-1982-vol1-chapters	1224	HYPHEN	blankgap	0	de	velopmental	developmental	
production-1982-vol1-chapters	1237	HYPHEN	blankgap	0	em	ployee	employee	
production-1982-vol1-chapters	1238	HYPHEN	blankgap	0	rehabili	tation	rehabilitation	
production-1982-vol1-chapters	1239	HYPHEN	blankgap	0	legis	lature	legislature	
production-1982-vol1-chapters	1241	HYPHEN	blankgap	0	rehabili	tation	rehabilitation	
production-1982-vol1-chapters	1244	HYPHEN	margin	13	de	sistance	desistance	partment of Social Services as the single | state agency for administering public as
production-1982-vol1-chapters	1246	HYPHEN	blankgap	0	ex	isting	existing	
production-1982-vol1-chapters	1275	HYPHEN	blankgap	0	ex	penditure	expenditure	
production-1982-vol1-chapters	1276	HYPHEN	blankgap	0	subven	tion	subvention	
production-1982-vol1-chapters	1276	HYPHEN	blankgap	0	transporta	tion	transportation	
production-1982-vol1-chapters	1277	HYPHEN	margin	11	de	portation	deportation	partment of the Youth Authority | is appropriated in Program for trans
production-1982-vol1-chapters	1280	HYPHEN	blankgap	0	deposi	tory	depository	
production-1982-vol1-chapters	1281	HYPHEN	blankgap	0	riv	erside	riverside	
production-1982-vol1-chapters	1281	HYPHEN	margin	8	in	ferred	inferred	struction The amount withheld sha l be trans
production-1982-vol1-chapters	1290	HYPHEN	blankgap	0	kindergar	ten	kindergarten	
production-1982-vol1-chapters	1295	HYPHEN	blankgap	0	ex	emplary	exemplary	
production-1982-vol1-chapters	1302	HYPHEN	blankgap	0	appropria	tions	appropriations	
production-1982-vol1-chapters	1314	HYPHEN	blankgap	0	in	structional	instructional	
production-1982-vol1-chapters	1315	HYPHEN	blankgap	0	engi	neering	engineering	
production-1982-vol1-chapters	1317	HYPHEN	blankgap	0	ful	lerton	fullerton	
production-1982-vol1-chapters	1334	HYPHEN	blankgap	0	indem	nity	indemnity	
production-1982-vol1-chapters	1336	HYPHEN	blankgap	0	allocat	ed	allocated	
production-1982-vol1-chapters	1336	HYPHEN	blankgap	0	com	mencing	commencing	
production-1982-vol1-chapters	1337	HYPHEN	blankgap	0	exploita	tion	exploitation	
production-1982-vol1-chapters	1339	HYPHEN	blankgap	0	ex	penditure	expenditure	
production-1982-vol1-chapters	1342	HYPHEN	blankgap	0	en	vironmental	environmental	
production-1982-vol1-chapters	1344	HYPHEN	blankgap	0	com	pensation	compensation	
production-1982-vol1-chapters	1344	HYPHEN	blankgap	0	em	ployee	employee	
production-1982-vol1-chapters	1344	HYPHEN	blankgap	0	ad	judicating	adjudicating	
production-1982-vol1-chapters	1344	HYPHEN	blankgap	0	promulga	tion	promulgation	
production-1982-vol1-chapters	1344	HYPHEN	blankgap	0	adjudi	cation	adjudication	
production-1982-vol1-chapters	1346	HYPHEN	blankgap	0	per	sonnel	personnel	
production-1982-vol1-chapters	1353	HYPHEN	blankgap	0	agricul	tural	agricultural	
production-1982-vol1-chapters	1356	HYPHEN	blankgap	0	trans	portation	transportation	
production-1982-vol1-chapters	1356	HYPHEN	blankgap	0	transporta	tion	transportation	
production-1982-vol1-chapters	1360	HYPHEN	margin	8	pro	lative	prolative	vided to the Chairperson of the Joint Legis
production-1982-vol1-chapters	1361	HYPHEN	blankgap	0	appro	priations	appropriations	
production-1982-vol1-chapters	1364	HYPHEN	blankgap	0	em	ployees	employees	
production-1982-vol1-chapters	1370	HYPHEN	blankgap	0	nongov	ernmental	nongovernmental	
production-1982-vol1-chapters	1376	HYPHEN	blankgap	0	appro	priation	appropriation	
production-1982-vol1-chapters	1377	HYPHEN	blankgap	0	emer	gencies	emergencies	
production-1982-vol1-chapters	1378	HYPHEN	blankgap	0	nongovernmen	tal	nongovernmental	
production-1982-vol1-chapters	194	HYPHEN	blankgap	0	ca	huenga	cahuenga	
production-1982-vol1-chapters	194	HYPHEN	blankgap	0	acqui	sition	acquisition	
production-1982-vol2	647	HYPHEN	blankgap	0	acquisi	tion	acquisition	
production-1982-vol2	647	HYPHEN	blankgap	0	conces	sion	concession	
production-1982-vol2	799	HYPHEN	blankgap	0	ref	eree	referee	
production-1982-vol3	287	HYPHEN	blankgap	0	prelimi	nary	preliminary	
production-1982-vol3	287	HYPHEN	blankgap	0	res	toration	restoration	
production-1982-vol3	287	HYPHEN	blankgap	0	res	toration	restoration	
production-1982-vol3	619	HYPHEN	blankgap	0	revolv	ing	revolving	
production-1982-vol4	1131	HYPHEN	blankgap	0	renewa	ble	renewable	
production-1982-vol4	1163	HYPHEN	blankgap	0	conflu	ence	confluence	
production-1982-vol4	1165	HYPHEN	blankgap	0	conflu	ence	confluence	
production-1982-vol4	1166	HYPHEN	blankgap	0	de	picted	depicted	
production-1982-vol4	1166	HYPHEN	blankgap	0	de	picted	depicted	
production-1982-vol4	1166	HYPHEN	blankgap	0	de	picted	depicted	
production-1982-vol4	1167	HYPHEN	blankgap	0	in	tersection	intersection	
production-1982-vol4	1167	HYPHEN	blankgap	0	conflu	ence	confluence	
production-1982-vol4	1168	HYPHEN	blankgap	0	siski	you	siskiyou	
production-1982-vol4	810	HYPHEN	blankgap	0	wit	nessing	witnessing	
production-1982-vol4	890	HYPHEN	blankgap	0	mu	nicipal	municipal	
production-1982-vol4	890	HYPHEN	blankgap	0	recrea	tion	recreation	
production-1982-vol4	890	HYPHEN	blankgap	0	dis	trict	district	
production-1982-vol4	890	HYPHEN	blankgap	0	vet	erans	veterans	
production-1982-vol4	890	HYPHEN	blankgap	0	re	gional	regional	
production-1982-vol4	890	HYPHEN	blankgap	0	dis	trict	district	
production-1982-vol4	890	HYPHEN	blankgap	0	re	gional	regional	
production-1982-vol4	890	HYPHEN	blankgap	0	dis	trict	district	
production-1982-vol4	890	HYPHEN	blankgap	0	co	mmunity	community	
production-1982-vol4	891	HYPHEN	blankgap	0	dis	trict	district	
production-1982-vol4	892	HYPHEN	blankgap	0	dis	trict	district	
production-1982-vol4	892	HYPHEN	blankgap	0	faci	lities	facilities	
production-1982-vol4	892	HYPHEN	blankgap	0	recrea	tion	recreation	
production-1982-vol4	893	HYPHEN	blankgap	0	recrea	tion	recreation	
production-1982-vol4	893	HYPHEN	blankgap	0	im	provements	improvements	
production-1982-vol4	894	HYPHEN	blankgap	0	rec	reation	recreation	
production-1982-vol4	894	HYPHEN	blankgap	0	recrea	tion	recreation	
production-1982-vol4	895	HYPHEN	blankgap	0	recrea	tion	recreation	
production-1982-vol4	895	HYPHEN	blankgap	0	an	selmo	anselmo	
production-1982-vol4	895	HYPHEN	blankgap	0	an	selmo	anselmo	
production-1982-vol4	895	HYPHEN	blankgap	0	ra	fael	rafael	
production-1982-vol4	895	HYPHEN	blankgap	0	rec	reation	recreation	
production-1982-vol4	895	HYPHEN	blankgap	0	re	gional	regional	
production-1982-vol4	895	HYPHEN	blankgap	0	neigh	borhood	neighborhood	
production-1982-vol4	896	HYPHEN	blankgap	0	re	gional	regional	
production-1982-vol4	896	HYPHEN	blankgap	0	westmin	ster	westminster	
production-1982-vol4	896	HYPHEN	blankgap	0	dis	trict	district	
production-1982-vol4	898	HYPHEN	blankgap	0	ber	nardino	bernardino	
production-1982-vol4	898	HYPHEN	blankgap	0	ber	nardino	bernardino	
production-1982-vol4	898	HYPHEN	blankgap	0	guada	lupe	guadalupe	
production-1982-vol4	898	HYPHEN	blankgap	0	ber	nardino	bernardino	
production-1982-vol4	898	HYPHEN	blankgap	0	ber	nardino	bernardino	
production-1982-vol4	898	HYPHEN	blankgap	0	ber	nardino	bernardino	
production-1982-vol4	898	HYPHEN	blankgap	0	yucai	pa	yucaipa	
production-1982-vol4	900	HYPHEN	blankgap	0	atas	cadero	atascadero	
production-1982-vol4	900	HYPHEN	blankgap	0	recrea	tion	recreation	
production-1982-vol4	900	HYPHEN	blankgap	0	ra	venswood	ravenswood	
production-1982-vol4	900	HYPHEN	blankgap	0	carpen	teria	carpenteria	
production-1982-vol4	901	HYPHEN	blankgap	0	dis	trict	district	
production-1982-vol4	902	HYPHEN	blankgap	0	dis	trict	district	
production-1982-vol4	902	HYPHEN	blankgap	0	healds	burg	healdsburg	
production-1982-vol4	902	HYPHEN	blankgap	0	dis	trict	district	
production-1982-vol4	902	HYPHEN	blankgap	0	recrea	tion	recreation	
production-1982-vol4	905	HYPHEN	blankgap	0	rec	reation	recreation	
production-1982-vol4	906	HYPHEN	blankgap	0	riv	erside	riverside	
production-1982-vol4	906	HYPHEN	blankgap	0	rec	reation	recreation	
production-1982-vol4	907	HYPHEN	blankgap	0	recrea	tion	recreation	
production-1982-vol4	911	HYPHEN	blankgap	0	recrea	tion	recreation	
production-1982-vol4	911	HYPHEN	blankgap	0	unap	propriated	unappropriated	
production-1982-vol4	913	HYPHEN	blankgap	0	ac	quisition	acquisition	
production-1982-vol5	109	HYPHEN	blankgap	0	acquisi	tions	acquisitions	
production-1982-vol5	265	HYPHEN	blankgap	0	acquisi	tion	acquisition	
production-1982-vol5	265	HYPHEN	blankgap	0	conces	sion	concession	
production-1982-vol5	265	HYPHEN	blankgap	0	rec	reation	recreation	
production-1983-vol1-chapters	1171	HYPHEN	margin	10	op	portunity	opportunity	POTLUMIILY eee ecetseececeseseroeesceseencesnerevsesecseverserasnereerares | For support of Office of Economic Op
production-1983-vol1-chapters	1174	HYPHEN	blankgap	0	as	sessment	assessment	
production-1983-vol1-chapters	1177	HYPHEN	blankgap	0	trans	portation	transportation	
production-1983-vol1-chapters	1177	HYPHEN	blankgap	0	transporta	tion	transportation	
production-1983-vol1-chapters	1178	HYPHEN	blankgap	0	transporta	tion	transportation	
production-1983-vol1-chapters	1180	HYPHEN	blankgap	0	ad	visory	advisory	
production-1983-vol1-chapters	1181	HYPHEN	blankgap	0	ne	cessity	necessity	
production-1983-vol1-chapters	1184	HYPHEN	blankgap	0	con	tingent	contingent	
production-1983-vol1-chapters	1189	HYPHEN	blankgap	0	vo	cational	vocational	
production-1983-vol1-chapters	1190	HYPHEN	blankgap	0	discrimi	nation	discrimination	
production-1983-vol1-chapters	1193	HYPHEN	blankgap	0	acquisi	tion	acquisition	
production-1983-vol1-chapters	1193	HYPHEN	blankgap	0	cer	tification	certification	
production-1983-vol1-chapters	1195	HYPHEN	blankgap	0	archi	tecture	architecture	
production-1983-vol1-chapters	1195	HYPHEN	blankgap	0	archi	tecture	architecture	
production-1983-vol1-chapters	1217	HYPHEN	blankgap	0	in	spection	inspection	
production-1983-vol1-chapters	1217	HYPHEN	blankgap	0	trans	portation	transportation	
production-1983-vol1-chapters	1218	HYPHEN	blankgap	0	im	provements	improvements	
production-1983-vol1-chapters	1219	HYPHEN	blankgap	0	aban	doned	abandoned	
production-1983-vol1-chapters	1223	HYPHEN	blankgap	0	trans	portation	transportation	
production-1983-vol1-chapters	1226	HYPHEN	blankgap	0	trans	portation	transportation	
production-1983-vol1-chapters	1230	HYPHEN	blankgap	0	man	agement	management	
production-1983-vol1-chapters	1230	HYPHEN	blankgap	0	appro	priations	appropriations	
production-1983-vol1-chapters	1230	HYPHEN	blankgap	0	ve	hicle	vehicle	
production-1983-vol1-chapters	1232	HYPHEN	blankgap	0	occup	ational	occupational	
production-1983-vol1-chapters	1237	HYPHEN	blankgap	0	as	sistance	assistance	
production-1983-vol1-chapters	1238	HYPHEN	blankgap	0	de	velopment	development	
production-1983-vol1-chapters	1238	HYPHEN	blankgap	0	ef	ficiency	efficiency	
production-1983-vol1-chapters	1239	HYPHEN	blankgap	0	demonstra	tion	demonstration	
production-1983-vol1-chapters	1240	HYPHEN	blankgap	0	envi	ronmental	environmental	
production-1983-vol1-chapters	1241	HYPHEN	blankgap	0	au	tomotive	automotive	
production-1983-vol1-chapters	1241	HYPHEN	blankgap	0	trans	portation	transportation	
production-1983-vol1-chapters	1243	HYPHEN	blankgap	0	pro	tection	protection	
production-1983-vol1-chapters	1252	HYPHEN	blankgap	0	ad	ditional	additional	
production-1983-vol1-chapters	1257	HYPHEN	margin	8	pur	gation	purgation	suant to Section of the Harbors and Navi
production-1983-vol1-chapters	1259	HYPHEN	blankgap	0	conservan	cy	conservancy	
production-1983-vol1-chapters	1267	HYPHEN	blankgap	0	recrea	tion	recreation	
production-1983-vol1-chapters	1268	HYPHEN	blankgap	0	recrea	tion	recreation	
production-1983-vol1-chapters	1269	HYPHEN	blankgap	0	neigh	borhood	neighborhood	
production-1983-vol1-chapters	1270	HYPHEN	blankgap	0	sac	ramento	sacramento	
production-1983-vol1-chapters	1270	HYPHEN	blankgap	0	recrea	tion	recreation	
production-1983-vol1-chapters	1271	HYPHEN	blankgap	0	hillsbor	ough	hillsborough	
production-1983-vol1-chapters	1271	HYPHEN	blankgap	0	carpen	teria	carpenteria	
production-1983-vol1-chapters	1272	HYPHEN	blankgap	0	recrea	tion	recreation	
production-1983-vol1-chapters	1275	HYPHEN	blankgap	0	rec	reation	recreation	
production-1983-vol1-chapters	1275	HYPHEN	blankgap	0	dis	trict	district	
production-1983-vol1-chapters	1275	HYPHEN	blankgap	0	hillsbor	ough	hillsborough	
production-1983-vol1-chapters	1279	HYPHEN	blankgap	0	al	varado	alvarado	
production-1983-vol1-chapters	1279	HYPHEN	blankgap	0	al	varado	alvarado	
production-1983-vol1-chapters	1279	HYPHEN	blankgap	0	acquisi	tion	acquisition	
production-1983-vol1-chapters	1280	HYPHEN	blankgap	0	acquisi	tion	acquisition	
production-1983-vol1-chapters	1282	HYPHEN	blankgap	0	acqui	sition	acquisition	
production-1983-vol1-chapters	1282	HYPHEN	blankgap	0	con	tingent	contingent	
production-1983-vol1-chapters	1303	HYPHEN	blankgap	0	in	surance	insurance	
production-1983-vol1-chapters	1303	HYPHEN	blankgap	0	trans	ferred	transferred	
production-1983-vol1-chapters	1304	HYPHEN	blankgap	0	trans	ferred	transferred	
production-1983-vol1-chapters	1304	HYPHEN	margin	6	com	mencing	commencing	mission established pursuant to Chapter com
production-1983-vol1-chapters	1307	HYPHEN	blankgap	0	expendi	ture	expenditure	
production-1983-vol1-chapters	1307	HYPHEN	blankgap	0	augmenta	tion	augmentation	
production-1983-vol1-chapters	1307	HYPHEN	blankgap	0	augmenta	tion	augmentation	
production-1983-vol1-chapters	1322	HYPHEN	blankgap	0	sepa	rately	separately	
production-1983-vol1-chapters	1331	HYPHEN	blankgap	0	diethylstilbe	strol	diethylstilbestrol	
production-1983-vol1-chapters	1332	HYPHEN	blankgap	0	de	velopmental	developmental	
production-1983-vol1-chapters	1335	HYPHEN	blankgap	0	de	velopmental	developmental	
production-1983-vol1-chapters	1338	HYPHEN	blankgap	0	de	velopmental	developmental	
production-1983-vol1-chapters	1349	HYPHEN	blankgap	0	reim	bursements	reimbursements	
production-1983-vol1-chapters	1356	HYPHEN	blankgap	0	rehabili	tation	rehabilitation	
production-1983-vol1-chapters	1358	HYPHEN	blankgap	0	incen	tives	incentives	
production-1983-vol1-chapters	1382	HYPHEN	blankgap	0	infiltra	tion	infiltration	
production-1983-vol1-chapters	1383	HYPHEN	blankgap	0	elec	trical	electrical	
production-1983-vol1-chapters	1383	HYPHEN	blankgap	0	cor	rections	corrections	
production-1983-vol1-chapters	1384	HYPHEN	blankgap	0	pro	gramming	programming	
production-1983-vol1-chapters	1384	HYPHEN	blankgap	0	man	agement	management	
production-1983-vol1-chapters	1384	HYPHEN	blankgap	0	profes	sional	professional	
production-1983-vol1-chapters	1394	HYPHEN	margin	7	in	ferred	inferred	struction The amount withheld shall be trans
production-1983-vol1-chapters	1396	HYPHEN	blankgap	0	appor	tionments	apportionments	
production-1983-vol1-chapters	1396	HYPHEN	blankgap	0	appor	tionments	apportionments	
production-1983-vol1-chapters	1396	HYPHEN	blankgap	0	dis	trict	district	
production-1983-vol1-chapters	1396	HYPHEN	blankgap	0	appor	tionments	apportionments	
production-1983-vol1-chapters	1396	HYPHEN	blankgap	0	re	gional	regional	
production-1983-vol1-chapters	1396	HYPHEN	blankgap	0	ar	ticle	article	
production-1983-vol1-chapters	1401	HYPHEN	blankgap	0	con	trary	contrary	
production-1983-vol1-chapters	1404	HYPHEN	blankgap	0	dis	trict	district	
production-1983-vol1-chapters	1422	HYPHEN	blankgap	0	ed	ucation	education	
production-1983-vol1-chapters	1422	HYPHEN	blankgap	0	ed	ucation	education	
production-1983-vol1-chapters	1422	HYPHEN	blankgap	0	com	mencing	commencing	
production-1983-vol1-chapters	1425	HYPHEN	blankgap	0	appropria	tions	appropriations	
production-1983-vol1-chapters	1425	HYPHEN	blankgap	0	ap	propriated	appropriated	
production-1983-vol1-chapters	1432	HYPHEN	blankgap	0	postgradu	ate	postgraduate	
production-1983-vol1-chapters	1432	HYPHEN	blankgap	0	ag	ricultural	agricultural	
production-1983-vol1-chapters	1432	HYPHEN	blankgap	0	adminis	trative	administrative	
production-1983-vol1-chapters	1435	HYPHEN	blankgap	0	in	structional	instructional	
production-1983-vol1-chapters	1436	HYPHEN	blankgap	0	laborato	ries	laboratories	
production-1983-vol1-chapters	1436	HYPHEN	blankgap	0	laborato	ries	laboratories	
production-1983-vol1-chapters	1443	HYPHEN	blankgap	0	dis	tricts	districts	
production-1983-vol1-chapters	1445	HYPHEN	blankgap	0	dis	tricts	districts	
production-1983-vol1-chapters	1446	HYPHEN	blankgap	0	occupa	tional	occupational	
production-1983-vol1-chapters	1446	HYPHEN	blankgap	0	movea	ble	moveable	
production-1983-vol1-chapters	1449	HYPHEN	blankgap	0	indem	nity	indemnity	
production-1983-vol1-chapters	1450	HYPHEN	blankgap	0	allocat	ed	allocated	
production-1983-vol1-chapters	1450	HYPHEN	blankgap	0	com	mencing	commencing	
production-1983-vol1-chapters	1451	HYPHEN	blankgap	0	exploita	tion	exploitation	
production-1983-vol1-chapters	1456	HYPHEN	blankgap	0	en	vironmental	environmental	
production-1983-vol1-chapters	1457	HYPHEN	blankgap	0	com	pensation	compensation	
production-1983-vol1-chapters	1457	HYPHEN	blankgap	0	em	ployee	employee	
production-1983-vol1-chapters	1457	HYPHEN	blankgap	0	ad	judicating	adjudicating	
production-1983-vol1-chapters	1457	HYPHEN	blankgap	0	com	pensation	compensation	
production-1983-vol1-chapters	1457	HYPHEN	blankgap	0	promulga	tion	promulgation	
production-1983-vol1-chapters	1457	HYPHEN	blankgap	0	adjudi	cation	adjudication	
production-1983-vol1-chapters	1458	HYPHEN	blankgap	0	promul	gation	promulgation	
production-1983-vol1-chapters	1458	HYPHEN	blankgap	0	con	ditions	conditions	
production-1983-vol1-chapters	1458	HYPHEN	blankgap	0	promulga	tion	promulgation	
production-1983-vol1-chapters	1458	HYPHEN	blankgap	0	adjudi	cation	adjudication	
production-1983-vol1-chapters	1463	HYPHEN	blankgap	0	emer	gency	emergency	
production-1983-vol1-chapters	1463	HYPHEN	blankgap	0	cal	ifornia	california	
production-1983-vol1-chapters	1465	HYPHEN	blankgap	0	agricul	tural	agricultural	
production-1983-vol1-chapters	1465	HYPHEN	blankgap	0	cam	paigns	campaigns	
production-1983-vol1-chapters	1466	HYPHEN	blankgap	0	trans	portation	transportation	
production-1983-vol1-chapters	1466	HYPHEN	blankgap	0	transporta	tion	transportation	
production-1983-vol1-chapters	1474	HYPHEN	blankgap	0	memoran	dum	memorandum	
production-1983-vol1-chapters	1475	HYPHEN	blankgap	0	verifi	cation	verification	
production-1983-vol1-chapters	1476	HYPHEN	blankgap	0	conser	vatorship	conservatorship	
production-1983-vol1-chapters	1480	HYPHEN	blankgap	0	nongov	ernmental	nongovernmental	
production-1983-vol1-chapters	1485	HYPHEN	blankgap	0	emer	gencies	emergencies	
production-1983-vol1-chapters	1485	HYPHEN	blankgap	0	nongovernmen	tal	nongovernmental	
production-1983-vol1-chapters	1486	HYPHEN	blankgap	0	unappro	priated	unappropriated	
production-1983-vol1-chapters	1486	HYPHEN	blankgap	0	reappropriat	ed	reappropriated	
production-1983-vol1-chapters	64	HYPHEN	blankgap	0	contin	gencies	contingencies	
production-1983-vol1-chapters	91	HYPHEN	blankgap	0	acquisi	tion	acquisition	
production-1983-vol2	37	HYPHEN	blankgap	0	cor	rectional	correctional	
production-1983-vol2	37	HYPHEN	blankgap	0	cor	rectional	correctional	
production-1983-vol2	37	HYPHEN	blankgap	0	cor	rectional	correctional	
production-1983-vol2	37	HYPHEN	blankgap	0	fa	cility	facility	
production-1983-vol2	37	HYPHEN	blankgap	0	cor	rectional	correctional	
production-1983-vol2	37	HYPHEN	blankgap	0	cor	rectional	correctional	
production-1983-vol2	37	HYPHEN	blankgap	0	fa	cility	facility	
production-1983-vol2	649	HYPHEN	blankgap	0	ac	quisition	acquisition	
production-1983-vol2	650	HYPHEN	blankgap	0	res	toration	restoration	
production-1983-vol2	650	HYPHEN	blankgap	0	res	toration	restoration	
production-1983-vol2	653	HYPHEN	blankgap	0	appro	priated	appropriated	
production-1984-vol1-chapters	1013	HYPHEN	margin	18	sub	lative	sublative	mit a detailed work plan for each of the Regional | Water Quality Control Boards to the Joint Legis
production-1984-vol1-chapters	1019	HYPHEN	blankgap	0	trans	ferred	transferred	
production-1984-vol1-chapters	1019	HYPHEN	blankgap	0	trans	ferred	transferred	
production-1984-vol1-chapters	1020	HYPHEN	margin	6	com	mencing	commencing	mission established pursuant to Chapter com
production-1984-vol1-chapters	1032	HYPHEN	blankgap	0	transporta	tion	transportation	
production-1984-vol1-chapters	1038	HYPHEN	blankgap	0	eligibili	ty	eligibility	
production-1984-vol1-chapters	1076	HYPHEN	blankgap	0	deve	lopment	development	
production-1984-vol1-chapters	1076	HYPHEN	blankgap	0	con	solidated	consolidated	
production-1984-vol1-chapters	1076	HYPHEN	blankgap	0	as	sistance	assistance	
production-1984-vol1-chapters	1076	HYPHEN	blankgap	0	discre	tionary	discretionary	
production-1984-vol1-chapters	1083	HYPHEN	blankgap	0	rehabili	tation	rehabilitation	
production-1984-vol1-chapters	1089	HYPHEN	blankgap	0	in	terstate	interstate	
production-1984-vol1-chapters	1100	HYPHEN	blankgap	0	in	centive	incentive	
production-1984-vol1-chapters	1100	HYPHEN	blankgap	0	part	nership	partnership	
production-1984-vol1-chapters	1111	HYPHEN	blankgap	0	rehabilita	tion	rehabilitation	
production-1984-vol1-chapters	1112	HYPHEN	blankgap	0	prelimi	nary	preliminary	
production-1984-vol1-chapters	1112	HYPHEN	blankgap	0	rehabilita	tion	rehabilitation	
production-1984-vol1-chapters	1112	HYPHEN	blankgap	0	rehabilita	tion	rehabilitation	
production-1984-vol1-chapters	1112	HYPHEN	blankgap	0	rehabilita	tion	rehabilitation	
production-1984-vol1-chapters	1113	HYPHEN	blankgap	0	fa	cility	facility	
production-1984-vol1-chapters	1119	HYPHEN	blankgap	0	subven	tion	subvention	
production-1984-vol1-chapters	1119	HYPHEN	blankgap	0	au	thority	authority	
production-1984-vol1-chapters	1124	HYPHEN	margin	7	in	ferred	inferred	struction The amount withheld shall be trans
production-1984-vol1-chapters	1126	HYPHEN	blankgap	0	appor	tionments	apportionments	
production-1984-vol1-chapters	1126	HYPHEN	blankgap	0	appor	tionments	apportionments	
production-1984-vol1-chapters	1126	HYPHEN	blankgap	0	appor	tionments	apportionments	
production-1984-vol1-chapters	1126	HYPHEN	blankgap	0	dis	trict	district	
production-1984-vol1-chapters	1126	HYPHEN	blankgap	0	appor	tionments	apportionments	
production-1984-vol1-chapters	1126	HYPHEN	blankgap	0	appor	tionments	apportionments	
production-1984-vol1-chapters	1126	HYPHEN	blankgap	0	appor	tionments	apportionments	
production-1984-vol1-chapters	1127	HYPHEN	blankgap	0	appor	tionments	apportionments	
production-1984-vol1-chapters	1127	HYPHEN	blankgap	0	appor	tionments	apportionments	
production-1984-vol1-chapters	1130	HYPHEN	blankgap	0	re	gional	regional	
production-1984-vol1-chapters	1133	HYPHEN	blankgap	0	superin	tendent	superintendent	
production-1984-vol1-chapters	1138	HYPHEN	blankgap	0	kindergar	ten	kindergarten	
production-1984-vol1-chapters	1145	HYPHEN	blankgap	0	enti	tlement	entitlement	
production-1984-vol1-chapters	1146	HYPHEN	blankgap	0	hand	icapped	handicapped	
production-1984-vol1-chapters	1152	HYPHEN	blankgap	0	engi	neering	engineering	
production-1984-vol1-chapters	1159	HYPHEN	blankgap	0	dis	tricts	districts	
production-1984-vol1-chapters	1162	HYPHEN	blankgap	0	transporta	tion	transportation	
production-1984-vol1-chapters	1163	HYPHEN	blankgap	0	mathemat	ics	mathematics	
production-1984-vol1-chapters	1163	HYPHEN	blankgap	0	ed	ucation	education	
production-1984-vol1-chapters	1163	HYPHEN	blankgap	0	ed	ucation	education	
production-1984-vol1-chapters	1163	HYPHEN	blankgap	0	appro	priated	appropriated	
production-1984-vol1-chapters	1174	HYPHEN	blankgap	0	na	tionally	nationally	
production-1984-vol1-chapters	1179	HYPHEN	blankgap	0	re	trofit	retrofit	
production-1984-vol1-chapters	1179	HYPHEN	blankgap	0	hand	icapped	handicapped	
production-1984-vol1-chapters	1179	HYPHEN	blankgap	0	hand	icapped	handicapped	
production-1984-vol1-chapters	1179	HYPHEN	blankgap	0	hand	icapped	handicapped	
production-1984-vol1-chapters	1179	HYPHEN	blankgap	0	hand	icapped	handicapped	
production-1984-vol1-chapters	1184	HYPHEN	blankgap	0	unencum	bered	unencumbered	
production-1984-vol1-chapters	1191	HYPHEN	blankgap	0	in	structional	instructional	
production-1984-vol1-chapters	1191	HYPHEN	blankgap	0	prelimi	nary	preliminary	
production-1984-vol1-chapters	1196	HYPHEN	blankgap	0	agricul	ture	agriculture	
production-1984-vol1-chapters	1196	HYPHEN	blankgap	0	man	agement	management	
production-1984-vol1-chapters	1204	HYPHEN	blankgap	0	dis	tricts	districts	
production-1984-vol1-chapters	1226	HYPHEN	blankgap	0	de	ferred	deferred	
production-1984-vol1-chapters	1226	HYPHEN	blankgap	0	compen	sation	compensation	
production-1984-vol1-chapters	1228	HYPHEN	blankgap	0	auc	tioneer	auctioneer	
production-1984-vol1-chapters	1231	HYPHEN	blankgap	0	emer	gency	emergency	
production-1984-vol1-chapters	1232	HYPHEN	blankgap	0	agricul	tural	agricultural	
production-1984-vol1-chapters	1233	HYPHEN	blankgap	0	in	spection	inspection	
production-1984-vol1-chapters	1233	HYPHEN	blankgap	0	prelimi	nary	preliminary	
production-1984-vol1-chapters	1233	HYPHEN	blankgap	0	prelimi	nary	preliminary	
production-1984-vol1-chapters	1233	HYPHEN	blankgap	0	cam	paigns	campaigns	
production-1984-vol1-chapters	1234	HYPHEN	blankgap	0	trans	portation	transportation	
production-1984-vol1-chapters	1234	HYPHEN	blankgap	0	ra	diotelephone	radiotelephone	
production-1984-vol1-chapters	1234	HYPHEN	blankgap	0	transporta	tion	transportation	
production-1984-vol1-chapters	1237	HYPHEN	blankgap	0	sup	portive	supportive	
production-1984-vol1-chapters	1239	HYPHEN	blankgap	0	adju	tant	adjutant	
production-1984-vol1-chapters	1241	HYPHEN	blankgap	0	re	volving	revolving	
production-1984-vol1-chapters	1244	HYPHEN	blankgap	0	memoran	dum	memorandum	
production-1984-vol1-chapters	1245	HYPHEN	blankgap	0	man	agement	management	
production-1984-vol1-chapters	1246	HYPHEN	blankgap	0	verifi	cation	verification	
production-1984-vol1-chapters	1246	HYPHEN	blankgap	0	conser	vatorship	conservatorship	
production-1984-vol1-chapters	1255	HYPHEN	blankgap	0	nongov	ernmental	nongovernmental	
production-1984-vol1-chapters	1260	HYPHEN	blankgap	0	emer	gencies	emergencies	
production-1984-vol1-chapters	1261	HYPHEN	blankgap	0	nongovernmen	tal	nongovernmental	
production-1984-vol1-chapters	1262	HYPHEN	blankgap	0	unappro	priated	unappropriated	
production-1984-vol1-chapters	1262	HYPHEN	blankgap	0	reappropriat	ed	reappropriated	
production-1984-vol1-chapters	1301	HYPHEN	blankgap	0	contin	gencies	contingencies	
production-1984-vol1-chapters	1834	HYPHEN	blankgap	0	ex	penditure	expenditure	
production-1984-vol1-chapters	21	HYPHEN	blankgap	0	ber	nardino	bernardino	
production-1984-vol1-chapters	882	HYPHEN	blankgap	0	op	portunity	opportunity	
production-1984-vol1-chapters	887	HYPHEN	blankgap	0	as	sessment	assessment	
production-1984-vol1-chapters	888	HYPHEN	blankgap	0	attor	ney	attorney	
production-1984-vol1-chapters	888	HYPHEN	blankgap	0	haz	ardous	hazardous	
production-1984-vol1-chapters	888	HYPHEN	blankgap	0	fin	gerprint	fingerprint	
production-1984-vol1-chapters	888	HYPHEN	blankgap	0	subdivi	sion	subdivision	
production-1984-vol1-chapters	889	HYPHEN	blankgap	0	trans	portation	transportation	
production-1984-vol1-chapters	889	HYPHEN	blankgap	0	transporta	tion	transportation	
production-1984-vol1-chapters	891	HYPHEN	blankgap	0	equaliza	tion	equalization	
production-1984-vol1-chapters	891	HYPHEN	blankgap	0	transporta	tion	transportation	
production-1984-vol1-chapters	906	HYPHEN	blankgap	0	preserva	tion	preservation	
production-1984-vol1-chapters	908	HYPHEN	blankgap	0	ar	chitecture	architecture	
production-1984-vol1-chapters	908	HYPHEN	blankgap	0	cer	tification	certification	
production-1984-vol1-chapters	908	HYPHEN	blankgap	0	contri	bution	contribution	
production-1984-vol1-chapters	908	HYPHEN	blankgap	0	em	ployees	employees	
production-1984-vol1-chapters	908	HYPHEN	blankgap	0	allocat	ed	allocated	
production-1984-vol1-chapters	910	HYPHEN	blankgap	0	archi	tecture	architecture	
production-1984-vol1-chapters	910	HYPHEN	blankgap	0	archi	tecture	architecture	
production-1984-vol1-chapters	910	HYPHEN	blankgap	0	archi	tecture	architecture	
production-1984-vol1-chapters	914	HYPHEN	blankgap	0	re	volving	revolving	
production-1984-vol1-chapters	914	HYPHEN	blankgap	0	legis	lature	legislature	
production-1984-vol1-chapters	919	HYPHEN	blankgap	0	re	tirees	retirees	
production-1984-vol1-chapters	931	HYPHEN	blankgap	0	appro	priations	appropriations	
production-1984-vol1-chapters	932	HYPHEN	blankgap	0	trans	portation	transportation	
production-1984-vol1-chapters	932	HYPHEN	blankgap	0	im	provements	improvements	
production-1984-vol1-chapters	932	HYPHEN	blankgap	0	deve	lopment	development	
production-1984-vol1-chapters	936	HYPHEN	margin	15	re	quirements	requirements	sources Board shall have the authority to | plan and change as necessary all testing re
production-1984-vol1-chapters	939	HYPHEN	blankgap	0	transporta	tion	transportation	
production-1984-vol1-chapters	939	HYPHEN	blankgap	0	transporta	tion	transportation	
production-1984-vol1-chapters	939	HYPHEN	blankgap	0	transporta	tion	transportation	
production-1984-vol1-chapters	940	HYPHEN	blankgap	0	trans	portation	transportation	
production-1984-vol1-chapters	944	HYPHEN	blankgap	0	trans	portation	transportation	
production-1984-vol1-chapters	949	HYPHEN	blankgap	0	identifica	tion	identification	
production-1984-vol1-chapters	949	HYPHEN	blankgap	0	occup	ational	occupational	
production-1984-vol1-chapters	950	HYPHEN	blankgap	0	in	spection	inspection	
production-1984-vol1-chapters	951	HYPHEN	blankgap	0	headquar	ters	headquarters	
production-1984-vol1-chapters	953	HYPHEN	blankgap	0	acquisi	tions	acquisitions	
production-1984-vol1-chapters	954	HYPHEN	blankgap	0	deve	lopment	development	
production-1984-vol1-chapters	967	HYPHEN	blankgap	0	preserva	tion	preservation	
production-1984-vol1-chapters	974	HYPHEN	margin	8	pur	gation	purgation	suant to Section of the Harbors and Navi
production-1984-vol1-chapters	980	HYPHEN	blankgap	0	recrea	tion	recreation	
production-1984-vol1-chapters	984	HYPHEN	blankgap	0	flin	tridge	flintridge	
production-1984-vol1-chapters	984	HYPHEN	blankgap	0	recrea	tion	recreation	
production-1984-vol1-chapters	985	HYPHEN	blankgap	0	recrea	tion	recreation	
production-1984-vol1-chapters	986	HYPHEN	blankgap	0	recrea	tion	recreation	
production-1984-vol1-chapters	992	HYPHEN	blankgap	0	envi	ronmental	environmental	
production-1984-vol1-chapters	992	HYPHEN	blankgap	0	ve	hicle	vehicle	
production-1984-vol2	1133	HYPHEN	margin	23	in	ferred	inferred	creasing the account of the transferee pledgee or pledgor by the | amount of the obligation or the number of shares or rights trans
production-1984-vol2	1671	HYPHEN	blankgap	0	com	mencing	commencing	
production-1984-vol3	1265	HYPHEN	blankgap	0	ag	ricultural	agricultural	
production-1984-vol3	1265	HYPHEN	blankgap	0	com	mencing	commencing	
production-1984-vol3	1265	HYPHEN	blankgap	0	re	volving	revolving	
production-1984-vol3	1265	HYPHEN	blankgap	0	in	curred	incurred	
production-1984-vol3	1732	HYPHEN	blankgap	0	ap	propriate	appropriate	
production-1984-vol3	2016	HYPHEN	blankgap	0	acquisi	tion	acquisition	
production-1984-vol3	2016	HYPHEN	blankgap	0	acqui	sition	acquisition	
production-1984-vol3	2016	HYPHEN	blankgap	0	mainte	nance	maintenance	
production-1984-vol3	2016	HYPHEN	blankgap	0	mainte	nance	maintenance	
production-1984-vol3	226	HYPHEN	blankgap	0	in	curred	incurred	
production-1984-vol3	748	HYPHEN	blankgap	0	disabil	ity	disability	
production-1985-vol1-chapters	1120	HYPHEN	blankgap	0	dis	trict	district	
production-1985-vol1-chapters	349	HYPHEN	margin	5	re	gencies	regencies	serve for contingencies or emer
production-1985-vol1-chapters	349	HYPHEN	blankgap	0	emer	gencies	emergencies	
production-1985-vol1-chapters	349	HYPHEN	blankgap	0	emer	gencies	emergencies	
production-1985-vol1-chapters	378	HYPHEN	blankgap	0	as	sistance	assistance	
production-1985-vol1-chapters	457	HYPHEN	blankgap	0	as	sessment	assessment	
production-1985-vol1-chapters	461	NOHYPHEN	blankgap	0	nongovern	mental	nongovernmental	
production-1985-vol1-chapters	467	HYPHEN	blankgap	0	ne	cessity	necessity	
production-1985-vol1-chapters	467	HYPHEN	blankgap	0	in	spection	inspection	
production-1985-vol1-chapters	470	HYPHEN	blankgap	0	feasi	bility	feasibility	
production-1985-vol1-chapters	470	HYPHEN	blankgap	0	con	tingent	contingent	
production-1985-vol1-chapters	482	HYPHEN	blankgap	0	archi	tecture	architecture	
production-1985-vol1-chapters	482	HYPHEN	blankgap	0	archi	tecture	architecture	
production-1985-vol1-chapters	484	HYPHEN	blankgap	0	contri	bution	contribution	
production-1985-vol1-chapters	484	HYPHEN	blankgap	0	em	ployees	employees	
production-1985-vol1-chapters	485	HYPHEN	blankgap	0	re	volving	revolving	
production-1985-vol1-chapters	485	HYPHEN	blankgap	0	contri	bution	contribution	
production-1985-vol1-chapters	485	HYPHEN	blankgap	0	em	ployees	employees	
production-1985-vol1-chapters	486	HYPHEN	blankgap	0	prelimi	nary	preliminary	
production-1985-vol1-chapters	489	HYPHEN	blankgap	0	legisla	tors	legislators	
production-1985-vol1-chapters	492	NOHYPHEN	blankgap	0	deficien	cies	deficiencies	
production-1985-vol1-chapters	492	HYPHEN	blankgap	0	in	termediate	intermediate	
production-1985-vol1-chapters	495	HYPHEN	blankgap	0	deve	lopment	development	
production-1985-vol1-chapters	498	HYPHEN	blankgap	0	manu	factured	manufactured	
production-1985-vol1-chapters	502	HYPHEN	blankgap	0	trans	portation	transportation	
production-1985-vol1-chapters	503	HYPHEN	blankgap	0	mainte	nance	maintenance	
production-1985-vol1-chapters	507	HYPHEN	blankgap	0	transporta	tion	transportation	
production-1985-vol1-chapters	507	HYPHEN	blankgap	0	trans	portation	transportation	
production-1985-vol1-chapters	513	HYPHEN	blankgap	0	ve	hicle	vehicle	
production-1985-vol1-chapters	514	HYPHEN	blankgap	0	ve	hicle	vehicle	
production-1985-vol1-chapters	516	HYPHEN	blankgap	0	ap	praisals	appraisals	
production-1985-vol1-chapters	517	HYPHEN	blankgap	0	unencum	bered	unencumbered	
production-1985-vol1-chapters	528	HYPHEN	blankgap	0	profes	sional	professional	
production-1985-vol1-chapters	528	HYPHEN	blankgap	0	renewa	ble	renewable	
production-1985-vol1-chapters	53	HYPHEN	blankgap	0	imple	menting	implementing	
production-1985-vol1-chapters	530	HYPHEN	margin	12	con	cordance	concordance	tract for these services | For transfer to the General Fund in ac
production-1985-vol1-chapters	531	HYPHEN	blankgap	0	expendi	ture	expenditure	
production-1985-vol1-chapters	533	HYPHEN	blankgap	0	preserva	tion	preservation	
production-1985-vol1-chapters	534	HYPHEN	blankgap	0	pres	ervation	preservation	
production-1985-vol1-chapters	536	HYPHEN	blankgap	0	rehabili	tation	rehabilitation	
production-1985-vol1-chapters	536	HYPHEN	blankgap	0	prop	erty	property	
production-1985-vol1-chapters	536	HYPHEN	blankgap	0	restora	tion	restoration	
production-1985-vol1-chapters	537	HYPHEN	blankgap	0	con	strued	construed	
production-1985-vol1-chapters	545	HYPHEN	blankgap	0	con	servancy	conservancy	
production-1985-vol1-chapters	545	HYPHEN	blankgap	0	ac	quisition	acquisition	
production-1985-vol1-chapters	545	HYPHEN	blankgap	0	sig	nificant	significant	
production-1985-vol1-chapters	549	HYPHEN	blankgap	0	recrea	tion	recreation	
production-1985-vol1-chapters	551	HYPHEN	blankgap	0	re	gional	regional	
production-1985-vol1-chapters	552	HYPHEN	blankgap	0	dis	tricts	districts	
production-1985-vol1-chapters	553	HYPHEN	blankgap	0	ei	senhower	eisenhower	
production-1985-vol1-chapters	553	HYPHEN	blankgap	0	recrea	tion	recreation	
production-1985-vol1-chapters	553	HYPHEN	blankgap	0	dis	trict	district	
production-1985-vol1-chapters	553	HYPHEN	blankgap	0	rec	reation	recreation	
production-1985-vol1-chapters	553	HYPHEN	blankgap	0	subdivi	sion	subdivision	
production-1985-vol1-chapters	554	HYPHEN	blankgap	0	mu	nicipal	municipal	
production-1985-vol1-chapters	554	HYPHEN	blankgap	0	men	docino	mendocino	
production-1985-vol1-chapters	556	HYPHEN	blankgap	0	his	torical	historical	
production-1985-vol1-chapters	556	HYPHEN	blankgap	0	am	phitheater	amphitheater	
production-1985-vol1-chapters	556	HYPHEN	blankgap	0	pleasan	ton	pleasanton	
production-1985-vol1-chapters	556	HYPHEN	blankgap	0	recrea	tion	recreation	
production-1985-vol1-chapters	558	HYPHEN	blankgap	0	healds	burg	healdsburg	
production-1985-vol1-chapters	558	HYPHEN	blankgap	0	mokel	umne	mokelumne	
production-1985-vol1-chapters	566	HYPHEN	blankgap	0	men	docino	mendocino	
production-1985-vol1-chapters	566	HYPHEN	blankgap	0	escon	dido	escondido	
production-1985-vol1-chapters	566	HYPHEN	blankgap	0	dis	trict	district	
production-1985-vol1-chapters	568	HYPHEN	blankgap	0	chautau	qua	chautauqua	
production-1985-vol1-chapters	569	HYPHEN	blankgap	0	al	varado	alvarado	
production-1985-vol1-chapters	569	HYPHEN	blankgap	0	car	negie	carnegie	
production-1985-vol1-chapters	569	HYPHEN	blankgap	0	atas	cadero	atascadero	
production-1985-vol1-chapters	570	HYPHEN	blankgap	0	ac	tivities	activities	
production-1985-vol1-chapters	570	HYPHEN	blankgap	0	demonstra	tion	demonstration	
production-1985-vol1-chapters	572	HYPHEN	blankgap	0	deve	lopment	development	
production-1985-vol1-chapters	572	HYPHEN	blankgap	0	gua	dalupe	guadalupe	
production-1985-vol1-chapters	574	HYPHEN	blankgap	0	ex	pansion	expansion	
production-1985-vol1-chapters	575	HYPHEN	blankgap	0	ve	hicle	vehicle	
production-1985-vol1-chapters	575	HYPHEN	blankgap	0	acquisi	tion	acquisition	
production-1985-vol1-chapters	578	HYPHEN	blankgap	0	ap	praisal	appraisal	
production-1985-vol1-chapters	580	HYPHEN	blankgap	0	ac	quired	acquired	
production-1985-vol1-chapters	592	HYPHEN	blankgap	0	prop	erty	property	
production-1985-vol1-chapters	597	HYPHEN	blankgap	0	mainte	nance	maintenance	
production-1985-vol1-chapters	613	HYPHEN	margin	7	con	taminant	contaminant	tract for the development of maximum con
production-1985-vol1-chapters	614	HYPHEN	blankgap	0	expendi	ture	expenditure	
production-1985-vol1-chapters	633	HYPHEN	blankgap	0	eli	gibility	eligibility	
production-1985-vol1-chapters	638	HYPHEN	blankgap	0	fi	nancing	financing	
production-1985-vol1-chapters	645	HYPHEN	blankgap	0	deve	lopmental	developmental	
production-1985-vol1-chapters	650	HYPHEN	blankgap	0	disabili	ties	disabilities	
production-1985-vol1-chapters	652	HYPHEN	blankgap	0	reappro	priated	reappropriated	
production-1985-vol1-chapters	661	HYPHEN	blankgap	0	oc	cupied	occupied	
production-1985-vol1-chapters	661	HYPHEN	blankgap	0	im	provements	improvements	
production-1985-vol1-chapters	662	HYPHEN	blankgap	0	augmenta	tion	augmentation	
production-1985-vol1-chapters	662	HYPHEN	blankgap	0	reappro	priated	reappropriated	
production-1985-vol1-chapters	665	HYPHEN	blankgap	0	compensa	tion	compensation	
production-1985-vol1-chapters	668	HYPHEN	blankgap	0	su	pervised	supervised	
production-1985-vol1-chapters	669	HYPHEN	blankgap	0	em	ployees	employees	
production-1985-vol1-chapters	669	HYPHEN	blankgap	0	con	solidated	consolidated	
production-1985-vol1-chapters	676	HYPHEN	blankgap	0	rehabili	tation	rehabilitation	
production-1985-vol1-chapters	687	HYPHEN	blankgap	0	maternit	y	maternity	
production-1985-vol1-chapters	687	NOHYPHEN	blankgap	0	specializ	ed	specialized	
production-1985-vol1-chapters	687	HYPHEN	blankgap	0	incen	tive	incentive	
production-1985-vol1-chapters	687	HYPHEN	blankgap	0	part	nership	partnership	
production-1985-vol1-chapters	695	HYPHEN	margin	14	in	jected	injected	creased and the department can reallocate | COLA funds from counties which have a pro
production-1985-vol1-chapters	695	HYPHEN	blankgap	0	ef	fective	effective	
production-1985-vol1-chapters	701	HYPHEN	blankgap	0	se	curity	security	
production-1985-vol1-chapters	701	NOHYPHEN	blankgap	0	movea	ble	moveable	
production-1985-vol1-chapters	707	HYPHEN	blankgap	0	fi	nancing	financing	
production-1985-vol1-chapters	713	HYPHEN	margin	7	dis	tricts	districts	seminate this information to local school dis
production-1985-vol1-chapters	722	HYPHEN	blankgap	0	proposi	tion	proposition	
production-1985-vol1-chapters	723	HYPHEN	blankgap	0	ap	portionments	apportionments	
production-1985-vol1-chapters	728	HYPHEN	blankgap	0	appor	tionments	apportionments	
production-1985-vol1-chapters	731	HYPHEN	blankgap	0	desegre	gation	desegregation	
production-1985-vol1-chapters	731	HYPHEN	blankgap	0	kindergar	ten	kindergarten	
production-1985-vol1-chapters	731	HYPHEN	blankgap	0	ap	propriated	appropriated	
production-1985-vol1-chapters	751	HYPHEN	blankgap	0	dis	trict	district	
production-1985-vol1-chapters	758	HYPHEN	blankgap	0	ap	propriations	appropriations	
production-1985-vol1-chapters	760	HYPHEN	blankgap	0	creden	tials	credentials	
production-1985-vol1-chapters	763	HYPHEN	blankgap	0	conjunc	tion	conjunction	
production-1985-vol1-chapters	766	HYPHEN	blankgap	0	na	tionally	nationally	
production-1985-vol1-chapters	770	HYPHEN	blankgap	0	en	gineering	engineering	
production-1985-vol1-chapters	771	HYPHEN	blankgap	0	fi	nancing	financing	
production-1985-vol1-chapters	777	HYPHEN	blankgap	0	proposi	tion	proposition	
production-1985-vol1-chapters	778	HYPHEN	blankgap	0	compensa	tion	compensation	
production-1985-vol1-chapters	780	HYPHEN	blankgap	0	compensa	tion	compensation	
production-1985-vol1-chapters	781	HYPHEN	blankgap	0	chem	istry	chemistry	
production-1985-vol1-chapters	783	HYPHEN	blankgap	0	engi	neering	engineering	
production-1985-vol1-chapters	785	HYPHEN	blankgap	0	fac	ulty	faculty	
production-1985-vol1-chapters	786	HYPHEN	blankgap	0	unencum	bered	unencumbered	
production-1985-vol1-chapters	786	HYPHEN	blankgap	0	unencum	bered	unencumbered	
production-1985-vol1-chapters	800	NOHYPHEN	blankgap	0	encum	brance	encumbrance	
production-1985-vol1-chapters	811	HYPHEN	blankgap	0	em	ployee	employee	
production-1985-vol1-chapters	811	HYPHEN	blankgap	0	em	ployer	employer	
production-1985-vol1-chapters	811	HYPHEN	blankgap	0	em	ployer	employer	
production-1985-vol1-chapters	811	HYPHEN	blankgap	0	asbes	tos	asbestos	
production-1985-vol1-chapters	813	HYPHEN	blankgap	0	per	sonnel	personnel	
production-1985-vol1-chapters	813	HYPHEN	blankgap	0	de	ferred	deferred	
production-1985-vol1-chapters	813	HYPHEN	blankgap	0	per	sonnel	personnel	
production-1985-vol1-chapters	817	HYPHEN	blankgap	0	agricul	ture	agriculture	
production-1985-vol1-chapters	817	HYPHEN	blankgap	0	agricul	tural	agricultural	
production-1985-vol1-chapters	819	HYPHEN	blankgap	0	cam	paigns	campaigns	
production-1985-vol1-chapters	820	HYPHEN	blankgap	0	trans	portation	transportation	
production-1985-vol1-chapters	820	HYPHEN	blankgap	0	transporta	tion	transportation	
production-1985-vol1-chapters	821	HYPHEN	blankgap	0	reim	bursement	reimbursement	
production-1985-vol1-chapters	822	HYPHEN	blankgap	0	restitu	tion	restitution	
production-1985-vol1-chapters	822	HYPHEN	blankgap	0	for	estry	forestry	
production-1985-vol1-chapters	823	HYPHEN	blankgap	0	archi	tecture	architecture	
production-1985-vol1-chapters	826	HYPHEN	blankgap	0	adju	tant	adjutant	
production-1985-vol1-chapters	827	HYPHEN	blankgap	0	im	provements	improvements	
production-1985-vol1-chapters	828	HYPHEN	blankgap	0	as	sistance	assistance	
production-1985-vol1-chapters	830	HYPHEN	blankgap	0	memoran	dum	memorandum	
production-1985-vol1-chapters	831	HYPHEN	blankgap	0	arbitra	tion	arbitration	
production-1985-vol1-chapters	831	HYPHEN	blankgap	0	benefici	ary	beneficiary	
production-1985-vol1-chapters	832	HYPHEN	blankgap	0	secu	rity	security	
production-1985-vol1-chapters	832	HYPHEN	blankgap	0	con	servatorship	conservatorship	
production-1985-vol1-chapters	838	HYPHEN	blankgap	0	nongov	ernmental	nongovernmental	
production-1985-vol1-chapters	840	HYPHEN	blankgap	0	attor	ney	attorney	
production-1985-vol1-chapters	842	HYPHEN	blankgap	0	emer	gencies	emergencies	
production-1985-vol1-chapters	843	HYPHEN	blankgap	0	nongovernmen	tal	nongovernmental	
production-1985-vol1-chapters	844	HYPHEN	blankgap	0	unappro	priated	unappropriated	
production-1985-vol1-chapters	844	NOHYPHEN	blankgap	0	reappropriat	ed	reappropriated	
production-1985-vol1-chapters	845	HYPHEN	blankgap	0	appropria	tions	appropriations	
production-1985-vol1-chapters	857	HYPHEN	blankgap	0	reim	bursement	reimbursement	
production-1985-vol2	2054	HYPHEN	margin	5	re	gencies	regencies	serve for contingencies or emer
production-1985-vol2	2054	HYPHEN	blankgap	0	emer	gencies	emergencies	
production-1985-vol2	2054	HYPHEN	margin	5	re	gencies	regencies	serve for contingencies or emer
production-1985-vol2	2054	HYPHEN	blankgap	0	emer	gencies	emergencies	
production-1985-vol3	1162	HYPHEN	blankgap	0	di	rectly	directly	
production-1985-vol3	160	HYPHEN	blankgap	0	in	ternational	international	
production-1985-vol3	1626	HYPHEN	blankgap	0	commis	sioner	commissioner	
production-1985-vol3	1671	NOHYPHEN	margin	21	mcre	a	mcrea	than one branch office shall maintain an additional tangible net | worth of at least percent of the amount required by subdivision
production-1985-vol3	1835	HYPHEN	blankgap	0	re	linquishment	relinquishment	
production-1985-vol3	186	HYPHEN	blankgap	0	com	mencing	commencing	
production-1985-vol3	186	HYPHEN	blankgap	0	appor	tionments	apportionments	
production-1985-vol3	188	HYPHEN	blankgap	0	contri	butions	contributions	
production-1985-vol3	204	HYPHEN	blankgap	0	con	servancy	conservancy	
production-1985-vol3	206	HYPHEN	blankgap	0	ac	quisition	acquisition	
production-1985-vol3	206	HYPHEN	blankgap	0	sig	nificant	significant	
production-1985-vol3	953	HYPHEN	blankgap	0	re	gional	regional	
production-1985-vol3	983	HYPHEN	blankgap	0	implementa	tion	implementation	
production-1986-vol1-chapters	121	HYPHEN	blankgap	0	op	portunities	opportunities	
production-1986-vol1-chapters	123	HYPHEN	blankgap	0	guada	lupe	guadalupe	
production-1986-vol1-chapters	128	HYPHEN	blankgap	0	an	derson	anderson	
production-1986-vol1-chapters	287	HYPHEN	blankgap	0	ge	netic	genetic	
production-1986-vol1-chapters	287	HYPHEN	blankgap	0	haz	ardous	hazardous	
production-1986-vol1-chapters	287	HYPHEN	blankgap	0	haz	ardous	hazardous	
production-1986-vol1-chapters	486	HYPHEN	margin	11	reim	bursement	reimbursement	burse and approved costs of these programs pursuant to the reim
production-1986-vol1-chapters	523	HYPHEN	blankgap	0	attor	ney	attorney	
production-1986-vol1-chapters	523	HYPHEN	blankgap	0	narcot	ics	narcotics	
production-1986-vol1-chapters	526	HYPHEN	blankgap	0	transporta	tion	transportation	
production-1986-vol1-chapters	526	HYPHEN	blankgap	0	nongovern	mental	nongovernmental	
production-1986-vol1-chapters	532	HYPHEN	blankgap	0	cer	tifies	certifies	
production-1986-vol1-chapters	552	HYPHEN	blankgap	0	archi	tecture	architecture	
production-1986-vol1-chapters	552	HYPHEN	blankgap	0	archi	tecture	architecture	
production-1986-vol1-chapters	552	HYPHEN	blankgap	0	archi	tecture	architecture	
production-1986-vol1-chapters	554	HYPHEN	margin	8	re	lative	relative	port to the Chairperson of the Joint Legis
production-1986-vol1-chapters	561	HYPHEN	blankgap	0	notwith	standing	notwithstanding	
production-1986-vol1-chapters	561	HYPHEN	blankgap	0	unencum	bered	unencumbered	
production-1986-vol1-chapters	561	HYPHEN	blankgap	0	reap	propriated	reappropriated	
production-1986-vol1-chapters	561	HYPHEN	blankgap	0	notwith	standing	notwithstanding	
production-1986-vol1-chapters	561	HYPHEN	blankgap	0	unencum	bered	unencumbered	
production-1986-vol1-chapters	564	HYPHEN	blankgap	0	legisla	tors	legislators	
production-1986-vol1-chapters	564	HYPHEN	blankgap	0	vol	unteer	volunteer	
production-1986-vol1-chapters	568	HYPHEN	blankgap	0	deficien	cies	deficiencies	
production-1986-vol1-chapters	568	HYPHEN	blankgap	0	in	termediate	intermediate	
production-1986-vol1-chapters	568	HYPHEN	blankgap	0	deficien	cies	deficiencies	
production-1986-vol1-chapters	568	HYPHEN	blankgap	0	in	termediate	intermediate	
production-1986-vol1-chapters	599	HYPHEN	blankgap	0	deve	lopment	development	
production-1986-vol1-chapters	600	HYPHEN	blankgap	0	manu	factured	manufactured	
production-1986-vol1-chapters	600	HYPHEN	blankgap	0	re	volving	revolving	
production-1986-vol1-chapters	600	HYPHEN	blankgap	0	emer	gency	emergency	
production-1986-vol1-chapters	615	HYPHEN	blankgap	0	subdivi	sion	subdivision	
production-1986-vol1-chapters	621	HYPHEN	blankgap	0	im	provement	improvement	
production-1986-vol1-chapters	625	HYPHEN	blankgap	0	fa	cility	facility	
production-1986-vol1-chapters	625	HYPHEN	blankgap	0	acquisi	tion	acquisition	
production-1986-vol1-chapters	626	HYPHEN	blankgap	0	appropria	tions	appropriations	
production-1986-vol1-chapters	631	HYPHEN	blankgap	0	unencum	bered	unencumbered	
production-1986-vol1-chapters	634	HYPHEN	blankgap	0	acqui	sitions	acquisitions	
production-1986-vol1-chapters	641	HYPHEN	blankgap	0	envi	ronmental	environmental	
production-1986-vol1-chapters	646	HYPHEN	blankgap	0	profes	sional	professional	
production-1986-vol1-chapters	648	HYPHEN	blankgap	0	for	estry	forestry	
production-1986-vol1-chapters	655	HYPHEN	blankgap	0	en	hancement	enhancement	
production-1986-vol1-chapters	658	HYPHEN	margin	8	pur	gation	purgation	suant to Section of the Harbors and Navi
production-1986-vol1-chapters	665	HYPHEN	blankgap	0	appro	priation	appropriation	
production-1986-vol1-chapters	665	HYPHEN	blankgap	0	unappropriat	ed	unappropriated	
production-1986-vol1-chapters	665	HYPHEN	blankgap	0	appropria	tion	appropriation	
production-1986-vol1-chapters	671	HYPHEN	blankgap	0	dis	tricts	districts	
production-1986-vol1-chapters	673	HYPHEN	blankgap	0	re	gional	regional	
production-1986-vol1-chapters	675	HYPHEN	blankgap	0	recrea	tion	recreation	
production-1986-vol1-chapters	675	HYPHEN	blankgap	0	al	varado	alvarado	
production-1986-vol1-chapters	675	HYPHEN	blankgap	0	ra	fael	rafael	
production-1986-vol1-chapters	676	HYPHEN	blankgap	0	recrea	tion	recreation	
production-1986-vol1-chapters	676	HYPHEN	blankgap	0	mag	nolia	magnolia	
production-1986-vol1-chapters	677	HYPHEN	blankgap	0	tuol	umne	tuolumne	
production-1986-vol1-chapters	678	HYPHEN	blankgap	0	mcfar	land	mcfarland	
production-1986-vol1-chapters	678	HYPHEN	blankgap	0	mon	terey	monterey	
production-1986-vol1-chapters	680	HYPHEN	blankgap	0	manhat	tan	manhattan	
production-1986-vol1-chapters	681	HYPHEN	blankgap	0	manhat	tan	manhattan	
production-1986-vol1-chapters	682	HYPHEN	blankgap	0	modje	ska	modjeska	
production-1986-vol1-chapters	682	HYPHEN	blankgap	0	recrea	tion	recreation	
production-1986-vol1-chapters	682	HYPHEN	blankgap	0	westmin	ster	westminster	
production-1986-vol1-chapters	682	HYPHEN	blankgap	0	ber	nardino	bernardino	
production-1986-vol1-chapters	682	HYPHEN	blankgap	0	ber	nardino	bernardino	
production-1986-vol1-chapters	682	HYPHEN	blankgap	0	ber	nardino	bernardino	
production-1986-vol1-chapters	686	HYPHEN	blankgap	0	rec	reation	recreation	
production-1986-vol1-chapters	690	HYPHEN	blankgap	0	yucai	pa	yucaipa	
production-1986-vol1-chapters	690	HYPHEN	blankgap	0	cu	pertino	cupertino	
production-1986-vol1-chapters	691	HYPHEN	blankgap	0	healds	burg	healdsburg	
production-1986-vol1-chapters	696	HYPHEN	margin	7	ac	quisition	acquisition	QUUSITION etsesetsteeererteeererreseeee | E Chino Hills SP Ac
production-1986-vol1-chapters	696	HYPHEN	blankgap	0	ac	quisition	acquisition	
production-1986-vol1-chapters	696	HYPHEN	margin	5	acquisi	tion	acquisition	oe | RS Design and Construc
production-1986-vol1-chapters	696	HYPHEN	blankgap	0	ac	quisition	acquisition	
production-1986-vol1-chapters	701	HYPHEN	blankgap	0	ac	quisition	acquisition	
production-1986-vol1-chapters	703	HYPHEN	blankgap	0	op	portunity	opportunity	
production-1986-vol1-chapters	719	HYPHEN	blankgap	0	en	vironmental	environmental	
production-1986-vol1-chapters	720	HYPHEN	blankgap	0	ac	quisition	acquisition	
production-1986-vol1-chapters	724	HYPHEN	blankgap	0	engi	neering	engineering	
production-1986-vol1-chapters	734	HYPHEN	blankgap	0	in	surance	insurance	
production-1986-vol1-chapters	742	HYPHEN	blankgap	0	compensa	tion	compensation	
production-1986-vol1-chapters	743	HYPHEN	blankgap	0	deve	lopment	development	
production-1986-vol1-chapters	743	HYPHEN	blankgap	0	con	solidated	consolidated	
production-1986-vol1-chapters	75	HYPHEN	blankgap	0	parimu	tuel	parimutuel	
production-1986-vol1-chapters	765	HYPHEN	blankgap	0	materni	ty	maternity	
production-1986-vol1-chapters	774	HYPHEN	blankgap	0	ef	fective	effective	
production-1986-vol1-chapters	774	HYPHEN	blankgap	0	unappro	priated	unappropriated	
production-1986-vol1-chapters	795	HYPHEN	blankgap	0	com	mencing	commencing	
production-1986-vol1-chapters	795	HYPHEN	blankgap	0	appor	tionments	apportionments	
production-1986-vol1-chapters	805	HYPHEN	blankgap	0	proposi	tion	proposition	
production-1986-vol1-chapters	806	HYPHEN	blankgap	0	ap	portionments	apportionments	
production-1986-vol1-chapters	808	HYPHEN	blankgap	0	av	erage	average	
production-1986-vol1-chapters	813	HYPHEN	blankgap	0	appor	tionments	apportionments	
production-1986-vol1-chapters	813	HYPHEN	blankgap	0	ar	ticle	article	
production-1986-vol1-chapters	813	HYPHEN	blankgap	0	appor	tionments	apportionments	
production-1986-vol1-chapters	813	HYPHEN	blankgap	0	ar	ticle	article	
production-1986-vol1-chapters	818	HYPHEN	blankgap	0	liai	son	liaison	
production-1986-vol1-chapters	818	HYPHEN	blankgap	0	com	mencing	commencing	
production-1986-vol1-chapters	818	HYPHEN	blankgap	0	com	mencing	commencing	
production-1986-vol1-chapters	825	HYPHEN	blankgap	0	appropriat	ed	appropriated	
production-1986-vol1-chapters	825	HYPHEN	blankgap	0	dis	tricts	districts	
production-1986-vol1-chapters	826	HYPHEN	blankgap	0	ed	ucation	education	
production-1986-vol1-chapters	832	HYPHEN	blankgap	0	enti	tlements	entitlements	
production-1986-vol1-chapters	839	HYPHEN	blankgap	0	ap	portionments	apportionments	
production-1986-vol1-chapters	851	HYPHEN	blankgap	0	com	mencing	commencing	
production-1986-vol1-chapters	852	HYPHEN	blankgap	0	recommen	dations	recommendations	
production-1986-vol1-chapters	852	HYPHEN	blankgap	0	evalua	tion	evaluation	
production-1986-vol1-chapters	852	HYPHEN	blankgap	0	ed	ucation	education	
production-1986-vol1-chapters	853	HYPHEN	blankgap	0	dis	trict	district	
production-1986-vol1-chapters	854	HYPHEN	blankgap	0	in	flation	inflation	
production-1986-vol1-chapters	854	HYPHEN	blankgap	0	ed	ucation	education	
production-1986-vol1-chapters	854	HYPHEN	blankgap	0	appro	priated	appropriated	
production-1986-vol1-chapters	854	HYPHEN	blankgap	0	subdivi	sion	subdivision	
production-1986-vol1-chapters	854	HYPHEN	blankgap	0	commenc	ing	commencing	
production-1986-vol1-chapters	854	HYPHEN	blankgap	0	commenc	ing	commencing	
production-1986-vol1-chapters	854	HYPHEN	blankgap	0	mathemat	ics	mathematics	
production-1986-vol1-chapters	875	HYPHEN	blankgap	0	ex	pansion	expansion	
production-1986-vol1-chapters	875	HYPHEN	blankgap	0	dechlori	nation	dechlorination	
production-1986-vol1-chapters	875	HYPHEN	blankgap	0	ex	pansion	expansion	
production-1986-vol1-chapters	877	HYPHEN	blankgap	0	moderniza	tion	modernization	
production-1986-vol1-chapters	877	HYPHEN	blankgap	0	ag	ricultural	agricultural	
production-1986-vol1-chapters	879	HYPHEN	blankgap	0	legisla	tive	legislative	
production-1986-vol1-chapters	887	HYPHEN	blankgap	0	compen	sation	compensation	
production-1986-vol1-chapters	892	HYPHEN	blankgap	0	engi	neering	engineering	
production-1986-vol1-chapters	892	HYPHEN	blankgap	0	li	brary	library	
production-1986-vol1-chapters	892	HYPHEN	blankgap	0	li	brary	library	
production-1986-vol1-chapters	893	HYPHEN	blankgap	0	en	gineering	engineering	
production-1986-vol1-chapters	893	HYPHEN	blankgap	0	li	brary	library	
production-1986-vol1-chapters	893	HYPHEN	blankgap	0	in	dustry	industry	
production-1986-vol1-chapters	894	HYPHEN	margin	8	re	gardless	regardless	sponsible bid for the state funded project re
production-1986-vol1-chapters	907	HYPHEN	blankgap	0	ed	ucation	education	
production-1986-vol1-chapters	908	HYPHEN	blankgap	0	of	fices	offices	
production-1986-vol1-chapters	910	HYPHEN	blankgap	0	encum	brance	encumbrance	
production-1986-vol1-chapters	920	HYPHEN	blankgap	0	de	linquency	delinquency	
production-1986-vol1-chapters	926	HYPHEN	blankgap	0	com	pensation	compensation	
production-1986-vol1-chapters	926	HYPHEN	blankgap	0	em	ployee	employee	
production-1986-vol1-chapters	926	HYPHEN	blankgap	0	ad	judicating	adjudicating	
production-1986-vol1-chapters	926	HYPHEN	blankgap	0	com	pensation	compensation	
production-1986-vol1-chapters	926	HYPHEN	blankgap	0	promulga	tion	promulgation	
production-1986-vol1-chapters	926	HYPHEN	blankgap	0	adjudi	cation	adjudication	
production-1986-vol1-chapters	927	HYPHEN	blankgap	0	in	surance	insurance	
production-1986-vol1-chapters	927	HYPHEN	blankgap	0	em	ployee	employee	
production-1986-vol1-chapters	927	HYPHEN	blankgap	0	em	ployer	employer	
production-1986-vol1-chapters	927	HYPHEN	blankgap	0	em	ployer	employer	
production-1986-vol1-chapters	927	HYPHEN	blankgap	0	asbes	tos	asbestos	
production-1986-vol1-chapters	929	HYPHEN	blankgap	0	per	sonnel	personnel	
production-1986-vol1-chapters	929	HYPHEN	blankgap	0	de	ferred	deferred	
production-1986-vol1-chapters	929	HYPHEN	blankgap	0	per	sonnel	personnel	
production-1986-vol1-chapters	929	HYPHEN	blankgap	0	in	surance	insurance	
production-1986-vol1-chapters	934	HYPHEN	margin	15	pro	tection	protection	vided by subdivision b of Section of the | Food and Agricultural Code for emergency de
production-1986-vol1-chapters	935	HYPHEN	blankgap	0	exposi	tion	exposition	
production-1986-vol1-chapters	935	HYPHEN	margin	15	re	gional	regional	quire each county to use these funds for | quantity control activities of statewide or re
production-1986-vol1-chapters	938	HYPHEN	blankgap	0	reim	bursement	reimbursement	
production-1986-vol1-chapters	943	HYPHEN	blankgap	0	benefic	iary	beneficiary	
production-1986-vol1-chapters	944	HYPHEN	blankgap	0	se	curity	security	
production-1986-vol1-chapters	947	HYPHEN	blankgap	0	com	pensation	compensation	
production-1986-vol1-chapters	955	HYPHEN	blankgap	0	memoran	dum	memorandum	
production-1986-vol1-chapters	958	HYPHEN	blankgap	0	emer	gencies	emergencies	
production-1986-vol1-chapters	959	HYPHEN	blankgap	0	nongovernmen	tal	nongovernmental	
production-1986-vol1-chapters	959	HYPHEN	blankgap	0	emer	gencies	emergencies	
production-1986-vol1-chapters	960	HYPHEN	blankgap	0	unappro	priated	unappropriated	
production-1986-vol1-chapters	960	HYPHEN	blankgap	0	reappropriat	ed	reappropriated	
production-1986-vol1-chapters	964	HYPHEN	margin	12	pro	priation	propriation	vided in this section This transfer may be chargeable to such appro
production-1986-vol1-chapters	969	HYPHEN	margin	16	re	ferred	referred	sources Code for the fiscal year | h Notwithstanding any other provision of law the amount trans
production-1986-vol2	1436	NOHYPHEN	blankgap	0	contracto	r	contractor	
production-1986-vol2	1576	HYPHEN	blankgap	0	parimu	tuel	parimutuel	
production-1986-vol2	1846	HYPHEN	blankgap	0	nar	cotic	narcotic	
production-1986-vol3	1242	HYPHEN	blankgap	0	in	stallation	installation	
production-1986-vol3	1525	HYPHEN	blankgap	0	appropriat	ed	appropriated	
production-1986-vol3	1525	HYPHEN	blankgap	0	es	tablished	established	
production-1986-vol3	1555	HYPHEN	blankgap	0	recrea	tion	recreation	
production-1986-vol3	1555	HYPHEN	blankgap	0	unappropriat	ed	unappropriated	
production-1986-vol3	1555	HYPHEN	blankgap	0	appropria	tion	appropriation	
production-1986-vol3	1606	HYPHEN	blankgap	0	deve	lopment	development	
production-1986-vol3	184	HYPHEN	blankgap	0	com	mencing	commencing	
production-1986-vol3	185	HYPHEN	blankgap	0	appor	tionments	apportionments	
production-1986-vol3	186	HYPHEN	blankgap	0	ed	ucation	education	
production-1986-vol3	188	HYPHEN	blankgap	0	recalcu	lations	recalculations	
production-1986-vol3	189	HYPHEN	blankgap	0	equaliza	tion	equalization	
production-1986-vol3	189	HYPHEN	blankgap	0	av	erage	average	
production-1986-vol3	349	HYPHEN	margin	8	educa	tionally	educationally	tion plan or were classified as seriously emo
production-1986-vol3	833	HYPHEN	blankgap	0	ex	cursion	excursion	
production-1986-vol3	834	HYPHEN	blankgap	0	interpre	tive	interpretive	
production-1987-vol1-chapters	1001	HYPHEN	margin	12	pro	priation	propriation	vided in this section This transfer may be chargeable to such appro
production-1987-vol1-chapters	1017	HYPHEN	blankgap	0	oc	cupational	occupational	
production-1987-vol1-chapters	527	HYPHEN	blankgap	0	expendi	ture	expenditure	
production-1987-vol1-chapters	541	HYPHEN	blankgap	0	ad	visory	advisory	
production-1987-vol1-chapters	546	HYPHEN	blankgap	0	in	spection	inspection	
production-1987-vol1-chapters	549	HYPHEN	blankgap	0	con	tingent	contingent	
production-1987-vol1-chapters	562	HYPHEN	blankgap	0	archi	tecture	architecture	
production-1987-vol1-chapters	568	HYPHEN	blankgap	0	ex	penditure	expenditure	
production-1987-vol1-chapters	572	HYPHEN	blankgap	0	im	plementation	implementation	
production-1987-vol1-chapters	576	HYPHEN	blankgap	0	ex	penditure	expenditure	
production-1987-vol1-chapters	579	HYPHEN	blankgap	0	manu	factured	manufactured	
production-1987-vol1-chapters	579	HYPHEN	blankgap	0	re	volving	revolving	
production-1987-vol1-chapters	583	HYPHEN	blankgap	0	ex	penditure	expenditure	
production-1987-vol1-chapters	589	HYPHEN	blankgap	0	envi	ronmental	environmental	
production-1987-vol1-chapters	595	HYPHEN	blankgap	0	trans	portation	transportation	
production-1987-vol1-chapters	599	HYPHEN	blankgap	0	reappropriat	ed	reappropriated	
production-1987-vol1-chapters	602	HYPHEN	blankgap	0	trans	portation	transportation	
production-1987-vol1-chapters	604	HYPHEN	blankgap	0	con	stuction	constuction	
production-1987-vol1-chapters	621	HYPHEN	blankgap	0	unappro	priated	unappropriated	
production-1987-vol1-chapters	631	HYPHEN	margin	8	pur	gation	purgation	suant to Section of the Harbors and Navi
production-1987-vol1-chapters	636	HYPHEN	blankgap	0	appro	priation	appropriation	
production-1987-vol1-chapters	639	HYPHEN	blankgap	0	recrea	tion	recreation	
production-1987-vol1-chapters	644	HYPHEN	blankgap	0	dis	tricts	districts	
production-1987-vol1-chapters	648	HYPHEN	blankgap	0	pi	oneer	pioneer	
production-1987-vol1-chapters	650	HYPHEN	blankgap	0	ken	sington	kensington	
production-1987-vol1-chapters	650	HYPHEN	blankgap	0	liv	ermore	livermore	
production-1987-vol1-chapters	650	HYPHEN	blankgap	0	mu	nicipal	municipal	
production-1987-vol1-chapters	654	HYPHEN	blankgap	0	mu	nicipal	municipal	
production-1987-vol1-chapters	656	HYPHEN	blankgap	0	co	nejo	conejo	
production-1987-vol1-chapters	660	HYPHEN	blankgap	0	westmin	ster	westminster	
production-1987-vol1-chapters	662	HYPHEN	blankgap	0	acquisi	tion	acquisition	
production-1987-vol1-chapters	663	HYPHEN	blankgap	0	al	varado	alvarado	
production-1987-vol1-chapters	664	HYPHEN	blankgap	0	ber	nardino	bernardino	
production-1987-vol1-chapters	664	HYPHEN	blankgap	0	ber	nardino	bernardino	
production-1987-vol1-chapters	669	HYPHEN	blankgap	0	prelimi	nary	preliminary	
production-1987-vol1-chapters	669	NOHYPHEN	blankgap	0	mainte	nance	maintenance	
production-1987-vol1-chapters	670	HYPHEN	blankgap	0	her	itage	heritage	
production-1987-vol1-chapters	670	HYPHEN	blankgap	0	in	terpretive	interpretive	
production-1987-vol1-chapters	672	HYPHEN	blankgap	0	acqui	sition	acquisition	
production-1987-vol1-chapters	672	HYPHEN	blankgap	0	rehabilita	tion	rehabilitation	
production-1987-vol1-chapters	672	HYPHEN	blankgap	0	slaugh	ter	slaughter	
production-1987-vol1-chapters	685	HYPHEN	blankgap	0	unappropriat	ed	unappropriated	
production-1987-vol1-chapters	691	HYPHEN	blankgap	0	acquisi	tion	acquisition	
production-1987-vol1-chapters	694	HYPHEN	blankgap	0	reap	propriated	reappropriated	
production-1987-vol1-chapters	694	HYPHEN	blankgap	0	ex	penditure	expenditure	
production-1987-vol1-chapters	705	HYPHEN	blankgap	0	appro	priate	appropriate	
production-1987-vol1-chapters	715	HYPHEN	blankgap	0	authoriza	tion	authorization	
production-1987-vol1-chapters	734	HYPHEN	blankgap	0	appropriat	ed	appropriated	
production-1987-vol1-chapters	750	HYPHEN	blankgap	0	appro	priated	appropriated	
production-1987-vol1-chapters	751	HYPHEN	blankgap	0	disabili	ties	disabilities	
production-1987-vol1-chapters	755	HYPHEN	blankgap	0	imple	menting	implementing	
production-1987-vol1-chapters	766	HYPHEN	blankgap	0	im	provements	improvements	
production-1987-vol1-chapters	766	HYPHEN	blankgap	0	im	provements	improvements	
production-1987-vol1-chapters	766	HYPHEN	blankgap	0	elec	trical	electrical	
production-1987-vol1-chapters	766	HYPHEN	blankgap	0	im	provements	improvements	
production-1987-vol1-chapters	766	HYPHEN	blankgap	0	im	provements	improvements	
production-1987-vol1-chapters	766	HYPHEN	blankgap	0	prelim	inary	preliminary	
production-1987-vol1-chapters	767	HYPHEN	blankgap	0	reappro	priated	reappropriated	
production-1987-vol1-chapters	770	HYPHEN	blankgap	0	compensa	tion	compensation	
production-1987-vol1-chapters	770	HYPHEN	blankgap	0	deve	lopment	development	
production-1987-vol1-chapters	770	HYPHEN	blankgap	0	con	solidated	consolidated	
production-1987-vol1-chapters	774	HYPHEN	blankgap	0	deve	lopment	development	
production-1987-vol1-chapters	797	HYPHEN	blankgap	0	as	sistance	assistance	
production-1987-vol1-chapters	798	HYPHEN	margin	11	pro	hibition	prohibition	vide operational guidelines on preemployment | preparation services which emphasize the pro
production-1987-vol1-chapters	799	HYPHEN	blankgap	0	notwith	standing	notwithstanding	
production-1987-vol1-chapters	807	HYPHEN	blankgap	0	emer	gency	emergency	
production-1987-vol1-chapters	808	HYPHEN	blankgap	0	fa	cility	facility	
production-1987-vol1-chapters	808	HYPHEN	blankgap	0	fa	cility	facility	
production-1987-vol1-chapters	809	HYPHEN	blankgap	0	rehabilita	tion	rehabilitation	
production-1987-vol1-chapters	821	HYPHEN	blankgap	0	ed	ucation	education	
production-1987-vol1-chapters	832	HYPHEN	blankgap	0	al	lowances	allowances	
production-1987-vol1-chapters	834	HYPHEN	blankgap	0	appor	tionments	apportionments	
production-1987-vol1-chapters	837	HYPHEN	margin	11	de	ductions	deductions	creased employer contributions resulting from | the applicable employer contribution rate re
production-1987-vol1-chapters	838	HYPHEN	margin	11	de	ductions	deductions	creased employer contributions resulting from | the applicable employer contribution rate re
production-1987-vol1-chapters	839	HYPHEN	blankgap	0	ad	justments	adjustments	
production-1987-vol1-chapters	841	HYPHEN	blankgap	0	subdivi	sion	subdivision	
production-1987-vol1-chapters	845	HYPHEN	blankgap	0	ac	cordance	accordance	
production-1987-vol1-chapters	845	HYPHEN	blankgap	0	ap	portionments	apportionments	
production-1987-vol1-chapters	849	HYPHEN	blankgap	0	inopera	tive	inoperative	
production-1987-vol1-chapters	849	NOHYPHEN	blankgap	0	appor	tionments	apportionments	
production-1987-vol1-chapters	849	HYPHEN	blankgap	0	ar	ticle	article	
production-1987-vol1-chapters	849	HYPHEN	blankgap	0	appor	tionments	apportionments	
production-1987-vol1-chapters	849	HYPHEN	blankgap	0	ar	ticle	article	
production-1987-vol1-chapters	854	HYPHEN	blankgap	0	ap	propriated	appropriated	
production-1987-vol1-chapters	862	HYPHEN	blankgap	0	ed	ucation	education	
production-1987-vol1-chapters	886	HYPHEN	blankgap	0	appro	priations	appropriations	
production-1987-vol1-chapters	900	HYPHEN	blankgap	0	agricul	tural	agricultural	
production-1987-vol1-chapters	901	HYPHEN	blankgap	0	li	brary	library	
production-1987-vol1-chapters	902	HYPHEN	blankgap	0	cor	rections	corrections	
production-1987-vol1-chapters	902	HYPHEN	blankgap	0	ex	pansion	expansion	
production-1987-vol1-chapters	903	HYPHEN	blankgap	0	biotechnolo	gy	biotechnology	
production-1987-vol1-chapters	903	HYPHEN	blankgap	0	ob	servatory	observatory	
production-1987-vol1-chapters	903	HYPHEN	blankgap	0	ag	ricultural	agricultural	
production-1987-vol1-chapters	904	HYPHEN	blankgap	0	ex	penditure	expenditure	
production-1987-vol1-chapters	907	HYPHEN	blankgap	0	appropria	tion	appropriation	
production-1987-vol1-chapters	907	HYPHEN	blankgap	0	ac	cordance	accordance	
production-1987-vol1-chapters	907	NOHYPHEN	blankgap	0	proposi	tion	proposition	
production-1987-vol1-chapters	917	HYPHEN	blankgap	0	st	udies	studies	
production-1987-vol1-chapters	918	HYPHEN	blankgap	0	admin	istration	administration	
production-1987-vol1-chapters	938	HYPHEN	blankgap	0	dis	tricts	districts	
production-1987-vol1-chapters	939	HYPHEN	blankgap	0	archi	tectural	architectural	
production-1987-vol1-chapters	939	HYPHEN	blankgap	0	li	brary	library	
production-1987-vol1-chapters	940	HYPHEN	blankgap	0	archi	tectural	architectural	
production-1987-vol1-chapters	942	HYPHEN	blankgap	0	ef	fective	effective	
production-1987-vol1-chapters	943	HYPHEN	blankgap	0	in	structional	instructional	
production-1987-vol1-chapters	952	HYPHEN	blankgap	0	de	linquency	delinquency	
production-1987-vol1-chapters	953	HYPHEN	blankgap	0	of	ficer	officer	
production-1987-vol1-chapters	958	HYPHEN	blankgap	0	in	surance	insurance	
production-1987-vol1-chapters	958	HYPHEN	blankgap	0	em	ployee	employee	
production-1987-vol1-chapters	958	HYPHEN	blankgap	0	em	ployer	employer	
production-1987-vol1-chapters	958	HYPHEN	blankgap	0	em	ployer	employer	
production-1987-vol1-chapters	958	HYPHEN	blankgap	0	asbes	tos	asbestos	
production-1987-vol1-chapters	962	HYPHEN	blankgap	0	commis	sioners	commissioners	
production-1987-vol1-chapters	965	HYPHEN	blankgap	0	agricul	tural	agricultural	
production-1987-vol1-chapters	965	HYPHEN	blankgap	0	envi	ronmental	environmental	
production-1987-vol1-chapters	965	HYPHEN	blankgap	0	agricul	ture	agriculture	
production-1987-vol1-chapters	965	HYPHEN	blankgap	0	agricul	tural	agricultural	
production-1987-vol1-chapters	965	HYPHEN	margin	15	pro	tection	protection	vided by subdivision b of Section of the | Food and Agricultural Code for emergency de
production-1987-vol1-chapters	971	HYPHEN	blankgap	0	as	sistance	assistance	
production-1987-vol1-chapters	972	HYPHEN	blankgap	0	reappropriat	ed	reappropriated	
production-1987-vol1-chapters	972	HYPHEN	blankgap	0	agricul	ture	agriculture	
production-1987-vol1-chapters	984	HYPHEN	blankgap	0	appro	priated	appropriated	
production-1987-vol1-chapters	984	HYPHEN	blankgap	0	appro	priation	appropriation	
production-1987-vol1-chapters	984	HYPHEN	blankgap	0	ad	jutant	adjutant	
production-1987-vol1-chapters	988	HYPHEN	blankgap	0	emer	gency	emergency	
production-1987-vol1-chapters	989	HYPHEN	blankgap	0	memoran	dum	memorandum	
production-1987-vol1-chapters	992	HYPHEN	blankgap	0	nongov	ernmental	nongovernmental	
production-1987-vol1-chapters	995	HYPHEN	blankgap	0	emer	gencies	emergencies	
production-1987-vol1-chapters	996	HYPHEN	blankgap	0	nongovernmen	tal	nongovernmental	
production-1987-vol1-chapters	997	HYPHEN	blankgap	0	nongovernmen	tal	nongovernmental	
production-1987-vol2	1104	HYPHEN	blankgap	0	com	mencing	commencing	
production-1987-vol2	1104	HYPHEN	blankgap	0	appor	tionments	apportionments	
production-1987-vol2	1105	HYPHEN	blankgap	0	supplemen	tal	supplemental	
production-1987-vol2	1290	HYPHEN	blankgap	0	stringfel	low	stringfellow	
production-1987-vol2	1290	HYPHEN	blankgap	0	inves	tigations	investigations	
production-1987-vol2	1290	HYPHEN	blankgap	0	emer	gency	emergency	
production-1987-vol2	1748	HYPHEN	blankgap	0	in	stallation	installation	
production-1987-vol3	1306	HYPHEN	blankgap	0	mu	nicipal	municipal	
production-1987-vol3	1319	HYPHEN	blankgap	0	dis	trict	district	
production-1987-vol3	208	HYPHEN	blankgap	0	appro	priations	appropriations	
production-1987-vol3	612	HYPHEN	blankgap	0	im	plementation	implementation	
production-1987-vol3	804	HYPHEN	blankgap	0	os	teopathic	osteopathic	
production-1987-vol3	804	HYPHEN	blankgap	0	par	ticipating	participating	
production-1987-vol3	897	HYPHEN	blankgap	0	deten	tion	detention	
production-1987-vol4-chapters	209	HYPHEN	margin	29	tortfea	sor	tortfeasor	sors but reduces the claims against them by the amount stipulated in the settlement or | the consideration paid for it whichever is greater and it discharges the settling tortfea
production-1987-vol4-chapters	297	HYPHEN	blankgap	0	moni	toring	monitoring	
production-1987-vol4-chapters	333	HYPHEN	blankgap	0	superin	tendent	superintendent	
production-1987-vol4-chapters	479	HYPHEN	blankgap	0	underrepre	sented	underrepresented	
production-1988-vol1-chapters	1130	HYPHEN	blankgap	0	narcot	ics	narcotics	
production-1988-vol1-chapters	1136	HYPHEN	blankgap	0	reappropriat	ed	reappropriated	
production-1988-vol1-chapters	1136	HYPHEN	blankgap	0	litiga	tion	litigation	
production-1988-vol1-chapters	1136	HYPHEN	blankgap	0	transporta	tion	transportation	
production-1988-vol1-chapters	1139	HYPHEN	blankgap	0	ad	visory	advisory	
production-1988-vol1-chapters	1157	HYPHEN	blankgap	0	archi	tecture	architecture	
production-1988-vol1-chapters	1157	HYPHEN	blankgap	0	archi	tecture	architecture	
production-1988-vol1-chapters	1158	HYPHEN	blankgap	0	sur	veyors	surveyors	
production-1988-vol1-chapters	1158	HYPHEN	blankgap	0	archi	tecture	architecture	
production-1988-vol1-chapters	1166	HYPHEN	blankgap	0	vol	unteer	volunteer	
production-1988-vol1-chapters	1167	HYPHEN	blankgap	0	re	tirees	retirees	
production-1988-vol1-chapters	1184	HYPHEN	blankgap	0	trans	portation	transportation	
production-1988-vol1-chapters	1187	HYPHEN	blankgap	0	trans	portation	transportation	
production-1988-vol1-chapters	1189	HYPHEN	blankgap	0	com	pliance	compliance	
production-1988-vol1-chapters	1196	HYPHEN	blankgap	0	unencum	bered	unencumbered	
production-1988-vol1-chapters	1197	HYPHEN	blankgap	0	unappro	priated	unappropriated	
production-1988-vol1-chapters	1204	HYPHEN	blankgap	0	encum	brances	encumbrances	
production-1988-vol1-chapters	1210	HYPHEN	blankgap	0	profes	sional	professional	
production-1988-vol1-chapters	1212	HYPHEN	blankgap	0	reap	propriated	reappropriated	
production-1988-vol1-chapters	1212	HYPHEN	blankgap	0	prelimi	nary	preliminary	
production-1988-vol1-chapters	1214	HYPHEN	blankgap	0	reap	propriated	reappropriated	
production-1988-vol1-chapters	1215	HYPHEN	blankgap	0	authoriza	tion	authorization	
production-1988-vol1-chapters	1226	HYPHEN	margin	8	pur	gation	purgation	suant to Section of the Harbors and Navi
production-1988-vol1-chapters	1245	HYPHEN	blankgap	0	prelimi	nary	preliminary	
production-1988-vol1-chapters	1263	HYPHEN	blankgap	0	accommodat	ed	accommodated	
production-1988-vol1-chapters	1288	HYPHEN	blankgap	0	imple	mented	implemented	
production-1988-vol1-chapters	1295	HYPHEN	blankgap	0	haz	ardous	hazardous	
production-1988-vol1-chapters	1299	HYPHEN	blankgap	0	coordina	tor	coordinator	
production-1988-vol1-chapters	132	HYPHEN	blankgap	0	trans	portation	transportation	
production-1988-vol1-chapters	1323	HYPHEN	blankgap	0	im	plementation	implementation	
production-1988-vol1-chapters	1324	HYPHEN	blankgap	0	intera	gency	interagency	
production-1988-vol1-chapters	1324	HYPHEN	blankgap	0	in	travenous	intravenous	
production-1988-vol1-chapters	1331	HYPHEN	blankgap	0	expendi	ture	expenditure	
production-1988-vol1-chapters	1331	HYPHEN	blankgap	0	appro	priated	appropriated	
production-1988-vol1-chapters	1333	HYPHEN	blankgap	0	legisla	tive	legislative	
production-1988-vol1-chapters	1337	HYPHEN	blankgap	0	re	gional	regional	
production-1988-vol1-chapters	1338	HYPHEN	blankgap	0	disabili	ties	disabilities	
production-1988-vol1-chapters	1340	HYPHEN	blankgap	0	im	provements	improvements	
production-1988-vol1-chapters	1340	HYPHEN	blankgap	0	im	provements	improvements	
production-1988-vol1-chapters	1354	HYPHEN	blankgap	0	se	curity	security	
production-1988-vol1-chapters	1354	HYPHEN	blankgap	0	im	provements	improvements	
production-1988-vol1-chapters	1354	HYPHEN	blankgap	0	im	provements	improvements	
production-1988-vol1-chapters	1359	HYPHEN	blankgap	0	as	sistance	assistance	
production-1988-vol1-chapters	1359	HYPHEN	blankgap	0	disabili	ty	disability	
production-1988-vol1-chapters	1360	HYPHEN	blankgap	0	ap	propriated	appropriated	
production-1988-vol1-chapters	1365	HYPHEN	blankgap	0	rehabili	tation	rehabilitation	
production-1988-vol1-chapters	1376	HYPHEN	blankgap	0	materni	ty	maternity	
production-1988-vol1-chapters	1383	HYPHEN	blankgap	0	notwithstand	ing	notwithstanding	
production-1988-vol1-chapters	1386	HYPHEN	blankgap	0	capabili	ty	capability	
production-1988-vol1-chapters	1386	HYPHEN	blankgap	0	legis	lative	legislative	
production-1988-vol1-chapters	1389	HYPHEN	blankgap	0	pro	viders	providers	
production-1988-vol1-chapters	1389	HYPHEN	blankgap	0	cor	rections	corrections	
production-1988-vol1-chapters	1391	HYPHEN	blankgap	0	distri	bution	distribution	
production-1988-vol1-chapters	1391	HYPHEN	blankgap	0	fa	cility	facility	
production-1988-vol1-chapters	1404	HYPHEN	blankgap	0	ex	penditure	expenditure	
production-1988-vol1-chapters	1407	HYPHEN	blankgap	0	dis	trict	district	
production-1988-vol1-chapters	1410	HYPHEN	blankgap	0	ed	ucation	education	
production-1988-vol1-chapters	1419	HYPHEN	blankgap	0	subven	tions	subventions	
production-1988-vol1-chapters	1420	NOHYPHEN	blankgap	0	subsi	dized	subsidized	
production-1988-vol1-chapters	1424	HYPHEN	blankgap	0	superin	tendent	superintendent	
production-1988-vol1-chapters	1425	HYPHEN	blankgap	0	dem	onstration	demonstration	
production-1988-vol1-chapters	1429	HYPHEN	blankgap	0	appro	priations	appropriations	
production-1988-vol1-chapters	1429	HYPHEN	blankgap	0	presch	ool	preschool	
production-1988-vol1-chapters	1429	HYPHEN	blankgap	0	ca	mpus	campus	
production-1988-vol1-chapters	1429	HYPHEN	blankgap	0	par	enting	parenting	
production-1988-vol1-chapters	1429	HYPHEN	blankgap	0	res	ource	resource	
production-1988-vol1-chapters	1432	HYPHEN	blankgap	0	com	puted	computed	
production-1988-vol1-chapters	1432	HYPHEN	blankgap	0	appro	priations	appropriations	
production-1988-vol1-chapters	1448	HYPHEN	blankgap	0	ex	penditure	expenditure	
production-1988-vol1-chapters	1451	HYPHEN	blankgap	0	ac	cordance	accordance	
production-1988-vol1-chapters	1451	HYPHEN	blankgap	0	proposi	tion	proposition	
production-1988-vol1-chapters	1456	HYPHEN	blankgap	0	proposi	tion	proposition	
production-1988-vol1-chapters	1459	HYPHEN	blankgap	0	compensa	tion	compensation	
production-1988-vol1-chapters	1464	HYPHEN	blankgap	0	admin	istration	administration	
production-1988-vol1-chapters	1469	HYPHEN	blankgap	0	appro	priation	appropriation	
production-1988-vol1-chapters	1469	HYPHEN	blankgap	0	mainte	nance	maintenance	
production-1988-vol1-chapters	1479	HYPHEN	blankgap	0	alloca	tion	allocation	
production-1988-vol1-chapters	1485	HYPHEN	blankgap	0	in	terdisciplinary	interdisciplinary	
production-1988-vol1-chapters	1485	HYPHEN	blankgap	0	gym	nasium	gymnasium	
production-1988-vol1-chapters	1498	HYPHEN	blankgap	0	tu	olumne	tuolumne	
production-1988-vol1-chapters	1499	HYPHEN	blankgap	0	de	linquency	delinquency	
production-1988-vol1-chapters	1503	HYPHEN	blankgap	0	pre	senting	presenting	
production-1988-vol1-chapters	1504	HYPHEN	blankgap	0	pre	senting	presenting	
production-1988-vol1-chapters	1504	HYPHEN	blankgap	0	pre	senting	presenting	
production-1988-vol1-chapters	1506	HYPHEN	blankgap	0	em	ployee	employee	
production-1988-vol1-chapters	1506	HYPHEN	blankgap	0	em	ployer	employer	
production-1988-vol1-chapters	1506	HYPHEN	blankgap	0	em	ployer	employer	
production-1988-vol1-chapters	1506	NOHYPHEN	blankgap	0	asbes	tos	asbestos	
production-1988-vol1-chapters	1508	HYPHEN	blankgap	0	de	ferred	deferred	
production-1988-vol1-chapters	1512	HYPHEN	blankgap	0	agricul	tural	agricultural	
production-1988-vol1-chapters	1512	HYPHEN	blankgap	0	agricul	ture	agriculture	
production-1988-vol1-chapters	1512	HYPHEN	blankgap	0	agricul	tural	agricultural	
production-1988-vol1-chapters	1512	HYPHEN	blankgap	0	envi	ronmental	environmental	
production-1988-vol1-chapters	1512	HYPHEN	margin	15	pro	tection	protection	vided by subdivision b of Section of the | Food and Agricultural Code for emergency de
production-1988-vol1-chapters	1514	HYPHEN	blankgap	0	exposi	tion	exposition	
production-1988-vol1-chapters	1521	HYPHEN	blankgap	0	su	perior	superior	
production-1988-vol1-chapters	1521	HYPHEN	blankgap	0	presi	dential	presidential	
production-1988-vol1-chapters	1522	HYPHEN	blankgap	0	benefici	ary	beneficiary	
production-1988-vol1-chapters	1523	HYPHEN	blankgap	0	prop	erty	property	
production-1988-vol1-chapters	1527	HYPHEN	blankgap	0	ad	jutant	adjutant	
production-1988-vol1-chapters	1528	HYPHEN	blankgap	0	as	sistance	assistance	
production-1988-vol1-chapters	1530	HYPHEN	margin	8	fi	nancing	financing	TIATICE eeeeeeessceneneeneeeecasscersesessssssvorssesscsevsssersssseseererees EO GO | Reappropriation Local Government Fi
production-1988-vol1-chapters	1531	HYPHEN	blankgap	0	memoran	dum	memorandum	
production-1988-vol1-chapters	1531	HYPHEN	blankgap	0	com	pensation	compensation	
production-1988-vol1-chapters	1533	HYPHEN	blankgap	0	nongov	ernmental	nongovernmental	
production-1988-vol1-chapters	1537	HYPHEN	blankgap	0	emer	gencies	emergencies	
production-1988-vol1-chapters	1537	HYPHEN	blankgap	0	nongovernmen	tal	nongovernmental	
production-1988-vol1-chapters	1538	HYPHEN	blankgap	0	emer	gencies	emergencies	
production-1988-vol1-chapters	1538	HYPHEN	blankgap	0	nongovernmen	tal	nongovernmental	
production-1988-vol1-chapters	1542	HYPHEN	margin	12	pro	priation	propriation	vided in this section This transfer may be chargeable to such appro
production-1988-vol1-chapters	1546	HYPHEN	blankgap	0	re	quired	required	
production-1988-vol1-chapters	1547	HYPHEN	blankgap	0	rehabilita	tion	rehabilitation	
production-1988-vol1-chapters	1553	HYPHEN	blankgap	0	expendi	ture	expenditure	
production-1988-vol1-chapters	1553	HYPHEN	blankgap	0	appropria	tion	appropriation	
production-1988-vol1-chapters	1557	HYPHEN	blankgap	0	de	partments	departments	
production-1988-vol1-chapters	748	HYPHEN	blankgap	0	emer	gencies	emergencies	
production-1988-vol2	1251	HYPHEN	blankgap	0	com	mencing	commencing	
production-1988-vol2	1396	HYPHEN	blankgap	0	com	mencing	commencing	
production-1988-vol2	1396	HYPHEN	blankgap	0	re	ceives	receives	
production-1988-vol2	1761	HYPHEN	blankgap	0	os	teopathic	osteopathic	
production-1988-vol2	1761	HYPHEN	blankgap	0	par	ticipating	participating	
production-1988-vol2	2110	HYPHEN	blankgap	0	ex	ecutive	executive	
production-1988-vol2	2110	HYPHEN	blankgap	0	recogni	zance	recognizance	
production-1988-vol3	1567	HYPHEN	blankgap	0	appropriat	ed	appropriated	
production-1988-vol3	1567	HYPHEN	blankgap	0	es	tablished	established	
production-1988-vol3	1585	HYPHEN	blankgap	0	extraor	dinary	extraordinary	
production-1988-vol3	1585	HYPHEN	blankgap	0	extraor	dinary	extraordinary	
production-1988-vol3	1585	HYPHEN	blankgap	0	extraor	dinary	extraordinary	
production-1988-vol3	1585	HYPHEN	blankgap	0	extraor	dinary	extraordinary	
production-1988-vol3	1585	HYPHEN	blankgap	0	extraor	dinary	extraordinary	
production-1988-vol3	1661	HYPHEN	blankgap	0	exclud	ing	excluding	
production-1988-vol3	1665	HYPHEN	blankgap	0	alloca	tions	allocations	
production-1988-vol3	1893	HYPHEN	blankgap	0	endan	gered	endangered	
production-1988-vol3	1893	HYPHEN	blankgap	0	subdivi	sion	subdivision	
production-1988-vol3	1894	HYPHEN	blankgap	0	subdivi	sion	subdivision	
production-1988-vol3	52	HYPHEN	blankgap	0	deten	tion	detention	
production-1988-vol4-chapters	14	HYPHEN	margin	11	obliga	tion	obligation	tons collection of taxes effective dates disaster losses financial corporations deprecia
production-1988-vol4-chapters	328	HYPHEN	margin	12	techni	cians	technicians	cian Examining Committee which provides for the regulation of animal health techni
production-1988-vol4-chapters	434	HYPHEN	margin	13	re	ferred	referred	quires registration certificates to be submitted when registration of a vehicle s trans
production-1988-vol4-chapters	524	HYPHEN	blankgap	0	commis	sioner	commissioner	
production-1988-vol4-chapters	602	HYPHEN	blankgap	0	superin	tendents	superintendents	
production-1989-vol1-chapters	1229	HYPHEN	blankgap	0	de	picted	depicted	
production-1989-vol1-chapters	1229	HYPHEN	blankgap	0	de	picted	depicted	
production-1989-vol1-chapters	1229	HYPHEN	blankgap	0	de	picted	depicted	
production-1989-vol1-chapters	1230	NOHYPHEN	blankgap	0	conflu	ence	confluence	
production-1989-vol1-chapters	1231	HYPHEN	blankgap	0	siski	you	siskiyou	
production-1989-vol1-chapters	300	HYPHEN	blankgap	0	im	provement	improvement	
production-1989-vol1-chapters	364	HYPHEN	blankgap	0	tran	sitional	transitional	
production-1989-vol1-chapters	389	HYPHEN	blankgap	0	corre	spond	correspond	
production-1989-vol1-chapters	423	HYPHEN	blankgap	0	unencum	bered	unencumbered	
production-1989-vol1-chapters	423	HYPHEN	blankgap	0	appro	priation	appropriation	
production-1989-vol1-chapters	423	HYPHEN	blankgap	0	sep	tember	september	
production-1989-vol1-chapters	425	HYPHEN	blankgap	0	cor	rectional	correctional	
production-1989-vol1-chapters	427	HYPHEN	blankgap	0	oth	erwise	otherwise	
production-1989-vol1-chapters	427	HYPHEN	blankgap	0	appropria	tions	appropriations	
production-1989-vol1-chapters	433	HYPHEN	blankgap	0	em	ployees	employees	
production-1989-vol1-chapters	433	HYPHEN	blankgap	0	nongovern	mental	nongovernmental	
production-1989-vol1-chapters	438	HYPHEN	blankgap	0	des	ignee	designee	
production-1989-vol1-chapters	441	HYPHEN	margin	8	ex	clude	exclude	ceed three years and the agreement shall in
production-1989-vol1-chapters	445	HYPHEN	blankgap	0	cosmetol	ogy	cosmetology	
production-1989-vol1-chapters	447	HYPHEN	margin	14	re	ceiving	receiving	lated procedures and Medi Cal fiscal inter | mediaries procedures to assist physicians in re
production-1989-vol1-chapters	458	HYPHEN	blankgap	0	prop	erty	property	
production-1989-vol1-chapters	458	HYPHEN	blankgap	0	ar	chitecture	architecture	
production-1989-vol1-chapters	458	HYPHEN	blankgap	0	archi	tecture	architecture	
production-1989-vol1-chapters	458	HYPHEN	blankgap	0	archi	tecture	architecture	
production-1989-vol1-chapters	459	HYPHEN	blankgap	0	archi	tecture	architecture	
production-1989-vol1-chapters	465	HYPHEN	blankgap	0	legisla	tors	legislators	
production-1989-vol1-chapters	466	HYPHEN	blankgap	0	re	tirement	retirement	
production-1989-vol1-chapters	472	HYPHEN	blankgap	0	manu	factured	manufactured	
production-1989-vol1-chapters	472	HYPHEN	blankgap	0	revolv	ing	revolving	
production-1989-vol1-chapters	475	HYPHEN	margin	6	de	velopment	development	partment of Housing and Community De
production-1989-vol1-chapters	478	HYPHEN	margin	10	in	surance	insurance	SUTANCE FUNA cccccecece ccseceseeveusenccssenseecenreees | For local assistance Department of In
production-1989-vol1-chapters	479	HYPHEN	blankgap	0	trans	portation	transportation	
production-1989-vol1-chapters	485	HYPHEN	blankgap	0	trans	portation	transportation	
production-1989-vol1-chapters	485	NOHYPHEN	blankgap	0	continen	tal	continental	
production-1989-vol1-chapters	488	HYPHEN	blankgap	0	trans	portation	transportation	
production-1989-vol1-chapters	491	HYPHEN	blankgap	0	trans	portation	transportation	
production-1989-vol1-chapters	492	HYPHEN	blankgap	0	encum	brances	encumbrances	
production-1989-vol1-chapters	502	HYPHEN	blankgap	0	acqui	sitions	acquisitions	
production-1989-vol1-chapters	503	HYPHEN	blankgap	0	de	velopment	development	
production-1989-vol1-chapters	505	HYPHEN	blankgap	0	de	velopment	development	
production-1989-vol1-chapters	508	HYPHEN	blankgap	0	ci	tations	citations	
production-1989-vol1-chapters	513	HYPHEN	blankgap	0	trans	portation	transportation	
production-1989-vol1-chapters	518	HYPHEN	blankgap	0	dem	onstration	demonstration	
production-1989-vol1-chapters	520	HYPHEN	blankgap	0	preserva	tion	preservation	
production-1989-vol1-chapters	526	HYPHEN	blankgap	0	ac	quisition	acquisition	
production-1989-vol1-chapters	531	HYPHEN	margin	8	pur	gation	purgation	suant to Section of the Harbors and Navi
production-1989-vol1-chapters	533	HYPHEN	blankgap	0	conser	vancy	conservancy	
production-1989-vol1-chapters	535	HYPHEN	blankgap	0	en	hancement	enhancement	
production-1989-vol1-chapters	535	HYPHEN	blankgap	0	restora	tion	restoration	
production-1989-vol1-chapters	535	HYPHEN	blankgap	0	conser	vancy	conservancy	
production-1989-vol1-chapters	535	HYPHEN	blankgap	0	res	toration	restoration	
production-1989-vol1-chapters	537	HYPHEN	blankgap	0	ex	pansion	expansion	
production-1989-vol1-chapters	538	HYPHEN	blankgap	0	envi	ronmental	environmental	
production-1989-vol1-chapters	545	HYPHEN	blankgap	0	de	velopmen	developmen	
production-1989-vol1-chapters	545	HYPHEN	blankgap	0	snowmo	bile	snowmobile	
production-1989-vol1-chapters	546	HYPHEN	blankgap	0	man	agement	management	
production-1989-vol1-chapters	548	HYPHEN	blankgap	0	ar	cheological	archeological	
production-1989-vol1-chapters	548	HYPHEN	blankgap	0	rec	reation	recreation	
production-1989-vol1-chapters	548	HYPHEN	blankgap	0	preser	vation	preservation	
production-1989-vol1-chapters	552	HYPHEN	blankgap	0	replen	ishment	replenishment	
production-1989-vol1-chapters	553	HYPHEN	blankgap	0	acquisi	tion	acquisition	
production-1989-vol1-chapters	554	HYPHEN	blankgap	0	reha	bilitation	rehabilitation	
production-1989-vol1-chapters	556	NOHYPHEN	blankgap	0	rehabilita	tion	rehabilitation	
production-1989-vol1-chapters	556	NOHYPHEN	blankgap	0	prelimi	nary	preliminary	
production-1989-vol1-chapters	558	HYPHEN	margin	14	con	ferred	conferred	servation and Enforcement Services Account in | the Off Highway Vehicle Fund shall be trans
production-1989-vol1-chapters	574	HYPHEN	blankgap	0	sub	ventions	subventions	
production-1989-vol1-chapters	587	HYPHEN	blankgap	0	in	surance	insurance	
production-1989-vol1-chapters	595	HYPHEN	blankgap	0	reap	propriated	reappropriated	
production-1989-vol1-chapters	595	HYPHEN	blankgap	0	reap	propriated	reappropriated	
production-1989-vol1-chapters	596	HYPHEN	blankgap	0	haz	ardous	hazardous	
production-1989-vol1-chapters	596	HYPHEN	blankgap	0	envi	ronmental	environmental	
production-1989-vol1-chapters	596	HYPHEN	blankgap	0	ge	netic	genetic	
production-1989-vol1-chapters	596	HYPHEN	blankgap	0	haz	ardous	hazardous	
production-1989-vol1-chapters	604	HYPHEN	blankgap	0	oth	erwise	otherwise	
production-1989-vol1-chapters	615	HYPHEN	margin	7	re	cipients	recipients	quest for a proposal reaches appropriate re
production-1989-vol1-chapters	626	HYPHEN	blankgap	0	moni	toring	monitoring	
production-1989-vol1-chapters	627	HYPHEN	blankgap	0	expendi	ture	expenditure	
production-1989-vol1-chapters	631	HYPHEN	blankgap	0	de	velopmental	developmental	
production-1989-vol1-chapters	634	HYPHEN	blankgap	0	de	velopmental	developmental	
production-1989-vol1-chapters	634	HYPHEN	blankgap	0	disabil	ities	disabilities	
production-1989-vol1-chapters	634	HYPHEN	margin	7	de	velopmental	developmental	termine | For capital outlay Department of De
production-1989-vol1-chapters	643	HYPHEN	blankgap	0	subdivi	sion	subdivision	
production-1989-vol1-chapters	651	HYPHEN	blankgap	0	compensa	tion	compensation	
production-1989-vol1-chapters	652	HYPHEN	blankgap	0	as	sistance	assistance	
production-1989-vol1-chapters	653	HYPHEN	blankgap	0	disabil	ity	disability	
production-1989-vol1-chapters	654	HYPHEN	blankgap	0	admin	istration	administration	
production-1989-vol1-chapters	672	HYPHEN	margin	8	pro	ferred	proferred	vide Intensive In home Services to families re
production-1989-vol1-chapters	675	HYPHEN	blankgap	0	reappropri	ated	reappropriated	
production-1989-vol1-chapters	680	HYPHEN	blankgap	0	cor	rections	corrections	
production-1989-vol1-chapters	680	HYPHEN	blankgap	0	prelimi	nary	preliminary	
production-1989-vol1-chapters	681	HYPHEN	blankgap	0	fa	cility	facility	
production-1989-vol1-chapters	682	HYPHEN	blankgap	0	appro	priated	appropriated	
production-1989-vol1-chapters	682	HYPHEN	blankgap	0	cor	rections	corrections	
production-1989-vol1-chapters	683	HYPHEN	margin	6	re	tribution	retribution	place Primary and Secondary Electrical Dis
production-1989-vol1-chapters	694	HYPHEN	blankgap	0	postsecond	ary	postsecondary	
production-1989-vol1-chapters	698	HYPHEN	blankgap	0	commenc	ing	commencing	
production-1989-vol1-chapters	710	HYPHEN	blankgap	0	ap	portionments	apportionments	
production-1989-vol1-chapters	718	HYPHEN	blankgap	0	appor	tionments	apportionments	
production-1989-vol1-chapters	719	HYPHEN	blankgap	0	dis	trict	district	
production-1989-vol1-chapters	719	HYPHEN	blankgap	0	el	ementary	elementary	
production-1989-vol1-chapters	719	HYPHEN	blankgap	0	superin	tendent	superintendent	
production-1989-vol1-chapters	721	HYPHEN	blankgap	0	deseg	regation	desegregation	
production-1989-vol1-chapters	721	HYPHEN	blankgap	0	deseg	regation	desegregation	
production-1989-vol1-chapters	721	HYPHEN	blankgap	0	deseg	regation	desegregation	
production-1989-vol1-chapters	721	HYPHEN	blankgap	0	deseg	regation	desegregation	
production-1989-vol1-chapters	721	HYPHEN	blankgap	0	mon	terey	monterey	
production-1989-vol1-chapters	721	HYPHEN	blankgap	0	el	ementary	elementary	
production-1989-vol1-chapters	724	HYPHEN	blankgap	0	kindergar	ten	kindergarten	
production-1989-vol1-chapters	727	HYPHEN	blankgap	0	commenc	ing	commencing	
production-1989-vol1-chapters	727	HYPHEN	blankgap	0	commenc	ing	commencing	
production-1989-vol1-chapters	727	HYPHEN	blankgap	0	com	mencing	commencing	
production-1989-vol1-chapters	727	HYPHEN	blankgap	0	ed	ucation	education	
production-1989-vol1-chapters	730	HYPHEN	blankgap	0	intergenera	tional	intergenerational	
production-1989-vol1-chapters	730	HYPHEN	blankgap	0	pa	yable	payable	
production-1989-vol1-chapters	730	HYPHEN	blankgap	0	ed	ucation	education	
production-1989-vol1-chapters	731	HYPHEN	blankgap	0	ed	ucation	education	
production-1989-vol1-chapters	735	HYPHEN	blankgap	0	ed	ucation	education	
production-1989-vol1-chapters	737	HYPHEN	blankgap	0	enti	tlements	entitlements	
production-1989-vol1-chapters	739	HYPHEN	blankgap	0	ed	ucation	education	
production-1989-vol1-chapters	741	HYPHEN	blankgap	0	ed	ucation	education	
production-1989-vol1-chapters	745	HYPHEN	blankgap	0	ed	ucation	education	
production-1989-vol1-chapters	755	HYPHEN	blankgap	0	ed	ucation	education	
production-1989-vol1-chapters	756	HYPHEN	blankgap	0	alloca	tion	allocation	
production-1989-vol1-chapters	756	HYPHEN	blankgap	0	incen	tive	incentive	
production-1989-vol1-chapters	757	HYPHEN	blankgap	0	ed	ucation	education	
production-1989-vol1-chapters	758	HYPHEN	blankgap	0	al	lowable	allowable	
production-1989-vol1-chapters	765	HYPHEN	blankgap	0	com	mencing	commencing	
production-1989-vol1-chapters	766	HYPHEN	blankgap	0	agricul	tural	agricultural	
production-1989-vol1-chapters	772	HYPHEN	blankgap	0	appro	priations	appropriations	
production-1989-vol1-chapters	778	HYPHEN	blankgap	0	con	tributions	contributions	
production-1989-vol1-chapters	784	HYPHEN	blankgap	0	prelimi	nary	preliminary	
production-1989-vol1-chapters	785	HYPHEN	blankgap	0	ac	cordance	accordance	
production-1989-vol1-chapters	785	HYPHEN	blankgap	0	propo	sition	proposition	
production-1989-vol1-chapters	785	HYPHEN	blankgap	0	na	tionally	nationally	
production-1989-vol1-chapters	786	HYPHEN	blankgap	0	ad	justments	adjustments	
production-1989-vol1-chapters	786	HYPHEN	blankgap	0	appropria	tion	appropriation	
production-1989-vol1-chapters	790	HYPHEN	blankgap	0	propo	sition	proposition	
production-1989-vol1-chapters	795	HYPHEN	blankgap	0	li	brary	library	
production-1989-vol1-chapters	802	HYPHEN	blankgap	0	fac	ulty	faculty	
production-1989-vol1-chapters	804	HYPHEN	blankgap	0	distri	buted	distributed	
production-1989-vol1-chapters	805	HYPHEN	blankgap	0	em	ployee	employee	
production-1989-vol1-chapters	805	HYPHEN	blankgap	0	fac	ulty	faculty	
production-1989-vol1-chapters	813	HYPHEN	blankgap	0	ed	ucation	education	
production-1989-vol1-chapters	815	HYPHEN	blankgap	0	li	brary	library	
production-1989-vol1-chapters	817	HYPHEN	blankgap	0	cen	tennial	centennial	
production-1989-vol1-chapters	818	HYPHEN	blankgap	0	li	brary	library	
production-1989-vol1-chapters	828	HYPHEN	margin	7	re	ferred	referred	maining after this adjustment shall be trans
production-1989-vol1-chapters	830	HYPHEN	blankgap	0	distri	bution	distribution	
production-1989-vol1-chapters	832	HYPHEN	blankgap	0	de	linquency	delinquency	
production-1989-vol1-chapters	836	HYPHEN	blankgap	0	pre	senting	presenting	
production-1989-vol1-chapters	836	HYPHEN	blankgap	0	pre	senting	presenting	
production-1989-vol1-chapters	836	HYPHEN	blankgap	0	pre	senting	presenting	
production-1989-vol1-chapters	839	HYPHEN	blankgap	0	em	ployer	employer	
production-1989-vol1-chapters	839	HYPHEN	blankgap	0	asbes	tos	asbestos	
production-1989-vol1-chapters	839	HYPHEN	blankgap	0	in	dustry	industry	
production-1989-vol1-chapters	844	HYPHEN	blankgap	0	auc	tioneer	auctioneer	
production-1989-vol1-chapters	846	HYPHEN	blankgap	0	stan	dards	standards	
production-1989-vol1-chapters	846	HYPHEN	blankgap	0	agricul	ture	agriculture	
production-1989-vol1-chapters	847	HYPHEN	margin	15	pro	tection	protection	vided by subdivision b of Section of the | Food and Agricultural Code for emergency de
production-1989-vol1-chapters	850	HYPHEN	blankgap	0	in	dustry	industry	
production-1989-vol1-chapters	850	HYPHEN	blankgap	0	prac	tices	practices	
production-1989-vol1-chapters	854	HYPHEN	blankgap	0	com	mencing	commencing	
production-1989-vol1-chapters	855	HYPHEN	blankgap	0	for	estry	forestry	
production-1989-vol1-chapters	857	HYPHEN	blankgap	0	su	perior	superior	
production-1989-vol1-chapters	857	HYPHEN	blankgap	0	presi	dential	presidential	
production-1989-vol1-chapters	858	HYPHEN	blankgap	0	benefi	ciary	beneficiary	
production-1989-vol1-chapters	862	HYPHEN	blankgap	0	petro	leum	petroleum	
production-1989-vol1-chapters	864	HYPHEN	blankgap	0	fi	nanced	financed	
production-1989-vol1-chapters	874	HYPHEN	blankgap	0	emer	gencies	emergencies	
production-1989-vol1-chapters	874	HYPHEN	blankgap	0	nongovernmen	tal	nongovernmental	
production-1989-vol1-chapters	875	HYPHEN	blankgap	0	nongovernmen	tal	nongovernmental	
production-1989-vol1-chapters	880	HYPHEN	margin	12	pro	priation	propriation	vided in this section This transfer may be chargeable to such appro
production-1989-vol1-chapters	916	HYPHEN	blankgap	0	ex	penses	expenses	
production-1989-vol2	1005	HYPHEN	blankgap	0	ex	perienced	experienced	
production-1989-vol2	1439	HYPHEN	blankgap	0	acquisi	tion	acquisition	
production-1989-vol3	1475	HYPHEN	blankgap	0	deficien	cies	deficiencies	
production-1989-vol3	1475	HYPHEN	blankgap	0	deficien	cies	deficiencies	
production-1989-vol3	210	HYPHEN	blankgap	0	inter	preting	interpreting	
production-1989-vol3	210	HYPHEN	blankgap	0	coor	dinator	coordinator	
production-1989-vol3	210	HYPHEN	blankgap	0	inter	preter	interpreter	
production-1989-vol3	319	HYPHEN	blankgap	0	re	ceipt	receipt	
production-1989-vol3	319	HYPHEN	blankgap	0	pri	ority	priority	
production-1989-vol3	319	HYPHEN	blankgap	0	re	ferred	referred	
production-1989-vol3	352	HYPHEN	blankgap	0	subdivi	sion	subdivision	
production-1989-vol3	352	HYPHEN	blankgap	0	subdivi	sion	subdivision	
production-1989-vol3	37	HYPHEN	blankgap	0	of	ficer	officer	
production-1989-vol3	413	HYPHEN	blankgap	0	im	plementing	implementing	
production-1990-vol1-chapters	1231	HYPHEN	blankgap	0	equali	zation	equalization	
production-1990-vol1-chapters	1231	HYPHEN	blankgap	0	legisla	tion	legislation	
production-1990-vol2	1003	HYPHEN	blankgap	0	subdivi	sion	subdivision	
production-1990-vol2	1009	HYPHEN	blankgap	0	reappropri	ated	reappropriated	
production-1990-vol2	1012	HYPHEN	blankgap	0	compensa	tion	compensation	
production-1990-vol2	1013	HYPHEN	blankgap	0	admin	istration	administration	
production-1990-vol2	1013	HYPHEN	blankgap	0	disabil	ity	disability	
production-1990-vol2	1015	HYPHEN	blankgap	0	admin	istration	administration	
production-1990-vol2	1034	HYPHEN	blankgap	0	respon	sibility	responsibility	
production-1990-vol2	1035	HYPHEN	margin	8	de	sistance	desistance	livery of Child Welfare or Victim Witness As
production-1990-vol2	1038	HYPHEN	blankgap	0	man	agement	management	
production-1990-vol2	1038	HYPHEN	blankgap	0	ex	cluding	excluding	
production-1990-vol2	1038	HYPHEN	blankgap	0	man	agement	management	
production-1990-vol2	1038	HYPHEN	blankgap	0	im	plement	implement	
production-1990-vol2	1039	HYPHEN	margin	15	re	ferred	referred	ceived the required report all funds scheduled | in subcategory of category a shall be trans
production-1990-vol2	1041	HYPHEN	blankgap	0	limi	tations	limitations	
production-1990-vol2	1041	HYPHEN	blankgap	0	ex	penditure	expenditure	
production-1990-vol2	1047	HYPHEN	blankgap	0	cor	rections	corrections	
production-1990-vol2	1047	HYPHEN	blankgap	0	cor	rections	corrections	
production-1990-vol2	1047	HYPHEN	blankgap	0	gymna	sium	gymnasium	
production-1990-vol2	1049	HYPHEN	blankgap	0	prelim	inary	preliminary	
production-1990-vol2	1049	HYPHEN	blankgap	0	rehabilita	tion	rehabilitation	
production-1990-vol2	1049	HYPHEN	blankgap	0	rehabilita	tion	rehabilitation	
production-1990-vol2	1049	HYPHEN	blankgap	0	prelimi	nary	preliminary	
production-1990-vol2	1049	HYPHEN	blankgap	0	rehabilita	tion	rehabilitation	
production-1990-vol2	1049	HYPHEN	blankgap	0	pro	cessing	processing	
production-1990-vol2	1049	HYPHEN	blankgap	0	rehabilita	tion	rehabilitation	
production-1990-vol2	1049	HYPHEN	blankgap	0	prelim	inary	preliminary	
production-1990-vol2	1050	HYPHEN	blankgap	0	cor	rections	corrections	
production-1990-vol2	1052	HYPHEN	margin	6	re	tribution	retribution	place Primary and Secondary Electrical Dis
production-1990-vol2	1054	HYPHEN	blankgap	0	teh	achapi	tehachapi	
production-1990-vol2	1054	HYPHEN	blankgap	0	emer	gency	emergency	
production-1990-vol2	1054	HYPHEN	blankgap	0	elec	trical	electrical	
production-1990-vol2	1054	HYPHEN	blankgap	0	im	provements	improvements	
production-1990-vol2	1071	HYPHEN	blankgap	0	commenc	ing	commencing	
production-1990-vol2	1074	HYPHEN	blankgap	0	em	ployer	employer	
production-1990-vol2	1074	HYPHEN	blankgap	0	immedi	ately	immediately	
production-1990-vol2	1078	HYPHEN	blankgap	0	av	erage	average	
production-1990-vol2	1083	HYPHEN	blankgap	0	ed	ucation	education	
production-1990-vol2	1088	HYPHEN	blankgap	0	ed	ucation	education	
production-1990-vol2	1088	HYPHEN	blankgap	0	com	mencing	commencing	
production-1990-vol2	1088	HYPHEN	blankgap	0	commenc	ing	commencing	
production-1990-vol2	1088	HYPHEN	blankgap	0	ed	ucation	education	
production-1990-vol2	1089	HYPHEN	blankgap	0	appor	tionments	apportionments	
production-1990-vol2	1089	HYPHEN	blankgap	0	ar	ticle	article	
production-1990-vol2	1089	HYPHEN	blankgap	0	appor	tionments	apportionments	
production-1990-vol2	1089	HYPHEN	blankgap	0	ar	ticle	article	
production-1990-vol2	1090	HYPHEN	blankgap	0	ed	ucation	education	
production-1990-vol2	1090	HYPHEN	blankgap	0	ed	ucation	education	
production-1990-vol2	1092	HYPHEN	margin	14	re	quired	required	imbursement for costs of remodeling existing fa | cilities provided that the remodeling is re
production-1990-vol2	1093	HYPHEN	blankgap	0	mon	terey	monterey	
production-1990-vol2	1097	HYPHEN	margin	10	ex	clude	exclude	ceed in | This provision shall not be construed to ex
production-1990-vol2	1097	HYPHEN	blankgap	0	ed	ucation	education	
production-1990-vol2	1097	HYPHEN	blankgap	0	kindergar	ten	kindergarten	
production-1990-vol2	1099	HYPHEN	blankgap	0	com	mencing	commencing	
production-1990-vol2	1100	HYPHEN	blankgap	0	ed	ucation	education	
production-1990-vol2	1101	HYPHEN	blankgap	0	ed	ucation	education	
production-1990-vol2	1102	HYPHEN	blankgap	0	ed	ucation	education	
production-1990-vol2	1103	HYPHEN	blankgap	0	ed	ucation	education	
production-1990-vol2	1104	HYPHEN	blankgap	0	intergenera	tional	intergenerational	
production-1990-vol2	1104	HYPHEN	blankgap	0	ed	ucation	education	
production-1990-vol2	1104	HYPHEN	blankgap	0	ed	ucation	education	
production-1990-vol2	1104	HYPHEN	blankgap	0	ed	ucation	education	
production-1990-vol2	1106	HYPHEN	blankgap	0	ed	ucation	education	
production-1990-vol2	1110	HYPHEN	blankgap	0	cor	rectional	correctional	
production-1990-vol2	1115	HYPHEN	blankgap	0	ed	ucation	education	
production-1990-vol2	1115	HYPHEN	blankgap	0	ed	ucation	education	
production-1990-vol2	1116	HYPHEN	blankgap	0	ed	ucation	education	
production-1990-vol2	1118	HYPHEN	blankgap	0	ed	ucation	education	
production-1990-vol2	1119	HYPHEN	blankgap	0	di	rectly	directly	
production-1990-vol2	1119	HYPHEN	blankgap	0	distri	bution	distribution	
production-1990-vol2	1120	HYPHEN	blankgap	0	distri	bution	distribution	
production-1990-vol2	1121	HYPHEN	blankgap	0	ed	ucation	education	
production-1990-vol2	1126	HYPHEN	blankgap	0	de	velopment	development	
production-1990-vol2	1126	HYPHEN	blankgap	0	al	ternative	alternative	
production-1990-vol2	1126	HYPHEN	blankgap	0	pro	tective	protective	
production-1990-vol2	1135	HYPHEN	blankgap	0	ed	ucation	education	
production-1990-vol2	1136	HYPHEN	blankgap	0	ed	ucation	education	
production-1990-vol2	1136	HYPHEN	blankgap	0	incen	tive	incentive	
production-1990-vol2	1158	HYPHEN	blankgap	0	oth	erwise	otherwise	
production-1990-vol2	1158	HYPHEN	blankgap	0	infla	tion	inflation	
production-1990-vol2	1158	HYPHEN	blankgap	0	expendi	ture	expenditure	
production-1990-vol2	1160	HYPHEN	blankgap	0	interli	brary	interlibrary	
production-1990-vol2	1163	HYPHEN	blankgap	0	creden	tials	credentials	
production-1990-vol2	1169	HYPHEN	blankgap	0	fac	ulty	faculty	
production-1990-vol2	1173	HYPHEN	blankgap	0	hu	manities	humanities	
production-1990-vol2	1175	HYPHEN	blankgap	0	au	thorized	authorized	
production-1990-vol2	1176	HYPHEN	blankgap	0	expen	diture	expenditure	
production-1990-vol2	1177	HYPHEN	blankgap	0	ac	cordance	accordance	
production-1990-vol2	1177	HYPHEN	blankgap	0	propo	sition	proposition	
production-1990-vol2	1178	HYPHEN	blankgap	0	na	tionally	nationally	
production-1990-vol2	1178	HYPHEN	blankgap	0	compensa	tion	compensation	
production-1990-vol2	1178	HYPHEN	blankgap	0	compensa	tion	compensation	
production-1990-vol2	1179	HYPHEN	blankgap	0	annu	itant	annuitant	
production-1990-vol2	1180	HYPHEN	blankgap	0	appropria	tion	appropriation	
production-1990-vol2	1184	HYPHEN	blankgap	0	propo	sition	proposition	
production-1990-vol2	1191	HYPHEN	blankgap	0	labo	ratory	laboratory	
production-1990-vol2	1198	HYPHEN	blankgap	0	con	tinuing	continuing	
production-1990-vol2	1199	HYPHEN	blankgap	0	ed	ucation	education	
production-1990-vol2	1200	HYPHEN	blankgap	0	distri	buted	distributed	
production-1990-vol2	1201	HYPHEN	blankgap	0	fac	ulty	faculty	
production-1990-vol2	1203	HYPHEN	blankgap	0	riv	erside	riverside	
production-1990-vol2	1213	HYPHEN	blankgap	0	dis	tricts	districts	
production-1990-vol2	1213	HYPHEN	blankgap	0	dis	tricts	districts	
production-1990-vol2	1218	HYPHEN	blankgap	0	fa	cility	facility	
production-1990-vol2	1222	HYPHEN	blankgap	0	ret	rofit	retrofit	
production-1990-vol2	1222	HYPHEN	blankgap	0	reappro	priated	reappropriated	
production-1990-vol2	1225	HYPHEN	blankgap	0	reappro	priated	reappropriated	
production-1990-vol2	1226	HYPHEN	blankgap	0	dis	trict	district	
production-1990-vol2	1227	HYPHEN	blankgap	0	dis	trict	district	
production-1990-vol2	1227	HYPHEN	blankgap	0	unencum	bered	unencumbered	
production-1990-vol2	1227	HYPHEN	blankgap	0	reappropri	ated	reappropriated	
production-1990-vol2	1227	HYPHEN	blankgap	0	ex	penditure	expenditure	
production-1990-vol2	1227	HYPHEN	blankgap	0	ap	propriations	appropriations	
production-1990-vol2	1234	HYPHEN	blankgap	0	for	feiture	forfeiture	
production-1990-vol2	1236	HYPHEN	blankgap	0	distri	bution	distribution	
production-1990-vol2	1238	HYPHEN	blankgap	0	de	linquency	delinquency	
production-1990-vol2	1239	HYPHEN	blankgap	0	implemen	tation	implementation	
production-1990-vol2	1244	HYPHEN	blankgap	0	pre	senting	presenting	
production-1990-vol2	1244	HYPHEN	blankgap	0	pre	senting	presenting	
production-1990-vol2	1244	HYPHEN	blankgap	0	pre	senting	presenting	
production-1990-vol2	1247	HYPHEN	blankgap	0	em	ployee	employee	
production-1990-vol2	1247	HYPHEN	blankgap	0	em	ployer	employer	
production-1990-vol2	1247	HYPHEN	blankgap	0	in	dustry	industry	
production-1990-vol2	1250	HYPHEN	blankgap	0	de	ferred	deferred	
production-1990-vol2	1250	HYPHEN	blankgap	0	in	surance	insurance	
production-1990-vol2	1251	HYPHEN	blankgap	0	compen	sation	compensation	
production-1990-vol2	1252	HYPHEN	blankgap	0	auc	tioneer	auctioneer	
production-1990-vol2	1254	HYPHEN	blankgap	0	expo	sition	exposition	
production-1990-vol2	1254	HYPHEN	blankgap	0	stan	dards	standards	
production-1990-vol2	1255	HYPHEN	margin	15	pro	tection	protection	vided by subdivision b of Section of the | Food and Agricultural Code for emergency de
production-1990-vol2	1258	HYPHEN	blankgap	0	in	dustry	industry	
production-1990-vol2	1258	HYPHEN	blankgap	0	prac	tices	practices	
production-1990-vol2	1261	HYPHEN	blankgap	0	transporta	tion	transportation	
production-1990-vol2	1261	HYPHEN	blankgap	0	restitu	tion	restitution	
production-1990-vol2	1262	HYPHEN	blankgap	0	notwith	standing	notwithstanding	
production-1990-vol2	1263	HYPHEN	blankgap	0	for	estry	forestry	
production-1990-vol2	1265	HYPHEN	blankgap	0	presi	dential	presidential	
production-1990-vol2	1266	HYPHEN	blankgap	0	benefi	ciary	beneficiary	
production-1990-vol2	1274	HYPHEN	blankgap	0	au	thority	authority	
production-1990-vol2	1275	HYPHEN	blankgap	0	su	pervision	supervision	
production-1990-vol2	1275	HYPHEN	blankgap	0	fi	nanced	financed	
production-1990-vol2	1283	HYPHEN	blankgap	0	com	pensation	compensation	
production-1990-vol2	1287	HYPHEN	blankgap	0	emer	gencies	emergencies	
production-1990-vol2	1287	HYPHEN	blankgap	0	nongovernmen	tal	nongovernmental	
production-1990-vol2	1288	HYPHEN	blankgap	0	emer	gencies	emergencies	
production-1990-vol2	1288	HYPHEN	blankgap	0	nongovernmen	tal	nongovernmental	
production-1990-vol2	1293	HYPHEN	margin	12	pro	priation	propriation	vided in this section This transfer may be chargeable to such appro
production-1990-vol2	1330	HYPHEN	blankgap	0	ex	penses	expenses	
production-1990-vol2	1333	HYPHEN	blankgap	0	exam	iners	examiners	
production-1990-vol2	1696	HYPHEN	blankgap	0	recog	nizance	recognizance	
production-1990-vol2	32	HYPHEN	blankgap	0	ex	perienced	experienced	
production-1990-vol2	770	HYPHEN	blankgap	0	su	perior	superior	
production-1990-vol2	778	HYPHEN	blankgap	0	attor	ney	attorney	
production-1990-vol2	778	HYPHEN	blankgap	0	haz	ardous	hazardous	
production-1990-vol2	778	HYPHEN	blankgap	0	narcot	ics	narcotics	
production-1990-vol2	781	HYPHEN	blankgap	0	nongovern	mental	nongovernmental	
production-1990-vol2	783	HYPHEN	blankgap	0	mainte	nance	maintenance	
production-1990-vol2	785	HYPHEN	blankgap	0	embod	ied	embodied	
production-1990-vol2	786	HYPHEN	blankgap	0	ad	visory	advisory	
production-1990-vol2	792	HYPHEN	blankgap	0	cosmetol	ogy	cosmetology	
production-1990-vol2	795	HYPHEN	blankgap	0	ex	amining	examining	
production-1990-vol2	804	HYPHEN	blankgap	0	archi	tecture	architecture	
production-1990-vol2	806	HYPHEN	blankgap	0	ar	chitecture	architecture	
production-1990-vol2	806	HYPHEN	blankgap	0	archi	tecture	architecture	
production-1990-vol2	806	HYPHEN	blankgap	0	archi	tecture	architecture	
production-1990-vol2	806	HYPHEN	blankgap	0	archi	tecture	architecture	
production-1990-vol2	812	HYPHEN	blankgap	0	prelim	inary	preliminary	
production-1990-vol2	814	HYPHEN	blankgap	0	unencum	bered	unencumbered	
production-1990-vol2	814	HYPHEN	blankgap	0	archi	tectural	architectural	
production-1990-vol2	817	HYPHEN	blankgap	0	appro	priations	appropriations	
production-1990-vol2	827	HYPHEN	blankgap	0	manu	factured	manufactured	
production-1990-vol2	827	NOHYPHEN	blankgap	0	revolv	ing	revolving	
production-1990-vol2	829	HYPHEN	blankgap	0	prede	velopment	predevelopment	
production-1990-vol2	833	HYPHEN	blankgap	0	transporta	tion	transportation	
production-1990-vol2	835	HYPHEN	blankgap	0	trans	portation	transportation	
production-1990-vol2	835	HYPHEN	blankgap	0	transporta	tion	transportation	
production-1990-vol2	844	HYPHEN	blankgap	0	trans	portation	transportation	
production-1990-vol2	844	HYPHEN	blankgap	0	trans	portation	transportation	
production-1990-vol2	845	HYPHEN	blankgap	0	trans	portation	transportation	
production-1990-vol2	849	HYPHEN	blankgap	0	appro	priations	appropriations	
production-1990-vol2	852	HYPHEN	blankgap	0	headquar	ters	headquarters	
production-1990-vol2	856	HYPHEN	blankgap	0	en	hancement	enhancement	
production-1990-vol2	857	HYPHEN	blankgap	0	acqui	sitions	acquisitions	
production-1990-vol2	866	HYPHEN	blankgap	0	envi	ronmental	environmental	
production-1990-vol2	868	HYPHEN	blankgap	0	profes	sional	professional	
production-1990-vol2	871	HYPHEN	blankgap	0	liquida	tion	liquidation	
production-1990-vol2	874	HYPHEN	blankgap	0	preserva	tion	preservation	
production-1990-vol2	880	HYPHEN	blankgap	0	ac	quisition	acquisition	
production-1990-vol2	887	HYPHEN	blankgap	0	conser	vancy	conservancy	
production-1990-vol2	889	HYPHEN	blankgap	0	conser	vancy	conservancy	
production-1990-vol2	891	HYPHEN	blankgap	0	conser	vancy	conservancy	
production-1990-vol2	894	HYPHEN	blankgap	0	subdi	vision	subdivision	
production-1990-vol2	899	HYPHEN	blankgap	0	mul	tiuse	multiuse	
production-1990-vol2	899	HYPHEN	blankgap	0	cun	ningham	cunningham	
production-1990-vol2	900	HYPHEN	blankgap	0	im	perial	imperial	
production-1990-vol2	901	HYPHEN	blankgap	0	reno	vations	renovations	
production-1990-vol2	901	HYPHEN	blankgap	0	neigh	borhood	neighborhood	
production-1990-vol2	901	HYPHEN	blankgap	0	tuol	umne	tuolumne	
production-1990-vol2	901	HYPHEN	blankgap	0	pi	oneer	pioneer	
production-1990-vol2	901	HYPHEN	blankgap	0	im	provement	improvement	
production-1990-vol2	901	HYPHEN	blankgap	0	multicul	tural	multicultural	
production-1990-vol2	902	HYPHEN	blankgap	0	expendi	ture	expenditure	
production-1990-vol2	905	HYPHEN	blankgap	0	man	agement	management	
production-1990-vol2	905	HYPHEN	blankgap	0	man	agement	management	
production-1990-vol2	905	HYPHEN	blankgap	0	snowmo	bile	snowmobile	
production-1990-vol2	905	HYPHEN	blankgap	0	motorcy	cle	motorcycle	
production-1990-vol2	910	HYPHEN	blankgap	0	prelimi	nary	preliminary	
production-1990-vol2	910	HYPHEN	blankgap	0	archaeologi	cal	archaeological	
production-1990-vol2	912	HYPHEN	blankgap	0	res	toration	restoration	
production-1990-vol2	913	HYPHEN	blankgap	0	prelimi	nary	preliminary	
production-1990-vol2	913	HYPHEN	blankgap	0	reha	bilitation	rehabilitation	
production-1990-vol2	913	HYPHEN	blankgap	0	reha	bilitation	rehabilitation	
production-1990-vol2	913	HYPHEN	blankgap	0	interpre	tive	interpretive	
production-1990-vol2	913	HYPHEN	blankgap	0	rehabil	itation	rehabilitation	
production-1990-vol2	913	HYPHEN	blankgap	0	recre	ational	recreational	
production-1990-vol2	913	HYPHEN	blankgap	0	prelimi	nary	preliminary	
production-1990-vol2	914	HYPHEN	blankgap	0	conser	vancy	conservancy	
production-1990-vol2	915	HYPHEN	margin	14	con	ferred	conferred	servation and Enforcement Services Account in | the Off Highway Vehicle Fund shall be trans
production-1990-vol2	924	HYPHEN	blankgap	0	envi	ronmental	environmental	
production-1990-vol2	933	HYPHEN	blankgap	0	reappropri	ated	reappropriated	
production-1990-vol2	934	HYPHEN	blankgap	0	emer	gency	emergency	
production-1990-vol2	938	HYPHEN	blankgap	0	in	surance	insurance	
production-1990-vol2	954	HYPHEN	margin	7	de	fects	defects	partment fully fund the California Birth De
production-1990-vol2	955	HYPHEN	blankgap	0	epide	miology	epidemiology	
production-1990-vol2	959	HYPHEN	blankgap	0	oth	erwise	otherwise	
production-1990-vol2	960	HYPHEN	blankgap	0	haz	ardous	hazardous	
production-1990-vol2	960	HYPHEN	blankgap	0	envi	ronmental	environmental	
production-1990-vol2	973	HYPHEN	blankgap	0	appro	priations	appropriations	
production-1990-vol2	974	HYPHEN	margin	7	re	cipients	recipients	quest for a proposal reaches appropriate re
production-1990-vol2	983	HYPHEN	blankgap	0	encum	brance	encumbrance	
production-1990-vol2	983	HYPHEN	blankgap	0	reap	propriated	reappropriated	
production-1990-vol2	983	HYPHEN	blankgap	0	augmenta	tion	augmentation	
production-1990-vol2	988	HYPHEN	blankgap	0	de	velopmental	developmental	
production-1990-vol2	991	HYPHEN	blankgap	0	de	velopmental	developmental	
production-1990-vol2	993	HYPHEN	blankgap	0	sep	tember	september	
production-1990-vol2	995	HYPHEN	margin	8	re	gional	regional	quire residential care providers to certify to re
production-1990-vol2	995	HYPHEN	blankgap	0	de	velopmental	developmental	
production-1990-vol2	995	HYPHEN	blankgap	0	disabil	ities	disabilities	
production-1990-vol2	999	HYPHEN	blankgap	0	inappro	priate	inappropriate	
production-1990-vol3	411	HYPHEN	blankgap	0	for	estry	forestry	
production-1990-vol3	411	HYPHEN	blankgap	0	for	estry	forestry	
production-1990-vol4	1859	HYPHEN	blankgap	0	adminis	trator	administrator	
production-1990-vol4	1860	HYPHEN	blankgap	0	inter	preting	interpreting	
production-1990-vol4	1860	HYPHEN	blankgap	0	coor	dinator	coordinator	
production-1990-vol4	1860	HYPHEN	blankgap	0	inter	preter	interpreter	
production-1990-vol4	1903	NOHYPHEN	blankgap	0	coordina	tor	coordinator	
production-1990-vol5-reg-session	8	HYPHEN	blankgap	0	stringfel	low	stringfellow	
production-1990-vol5-reg-session	8	HYPHEN	blankgap	0	inves	tigations	investigations	
production-1990-vol5-reg-session	8	HYPHEN	blankgap	0	emer	gency	emergency	
production-1990-vol5-reg-session	8	HYPHEN	blankgap	0	en	vironmental	environmental	
production-1990-vol5-reg-session	8	HYPHEN	blankgap	0	haz	ardous	hazardous	
production-1991-vol1	1008	HYPHEN	margin	7	re	cipients	recipients	quest for a proposal reaches appropriate re
production-1991-vol1	1013	HYPHEN	blankgap	0	devel	opmental	developmental	
production-1991-vol1	1013	HYPHEN	blankgap	0	devel	opmental	developmental	
production-1991-vol1	1017	HYPHEN	blankgap	0	de	velopmental	developmental	
production-1991-vol1	1029	HYPHEN	blankgap	0	de	velopmental	developmental	
production-1991-vol1	1029	HYPHEN	blankgap	0	disabil	ities	disabilities	
production-1991-vol1	1029	HYPHEN	margin	7	de	velopmental	developmental	termine | For capital outlay Department of De
production-1991-vol1	1036	HYPHEN	blankgap	0	subdivi	sion	subdivision	
production-1991-vol1	1043	HYPHEN	blankgap	0	compensa	tion	compensation	
production-1991-vol1	1045	HYPHEN	blankgap	0	disabil	ity	disability	
production-1991-vol1	1047	HYPHEN	blankgap	0	admin	istration	administration	
production-1991-vol1	1067	HYPHEN	blankgap	0	limi	tations	limitations	
production-1991-vol1	1067	HYPHEN	blankgap	0	ex	penditure	expenditure	
production-1991-vol1	1072	HYPHEN	blankgap	0	re	quired	required	
production-1991-vol1	1074	HYPHEN	blankgap	0	distri	bution	distribution	
production-1991-vol1	1074	HYPHEN	blankgap	0	distri	bution	distribution	
production-1991-vol1	1074	HYPHEN	blankgap	0	distri	bution	distribution	
production-1991-vol1	1075	HYPHEN	blankgap	0	con	tamination	contamination	
production-1991-vol1	1075	HYPHEN	blankgap	0	prelimi	nary	preliminary	
production-1991-vol1	1075	HYPHEN	blankgap	0	rehabilita	tion	rehabilitation	
production-1991-vol1	1081	HYPHEN	blankgap	0	fi	nancing	financing	
production-1991-vol1	1095	HYPHEN	blankgap	0	commenc	ing	commencing	
production-1991-vol1	1095	HYPHEN	blankgap	0	ap	portionments	apportionments	
production-1991-vol1	1104	HYPHEN	blankgap	0	ed	ucation	education	
production-1991-vol1	1105	HYPHEN	blankgap	0	ed	ucation	education	
production-1991-vol1	1110	HYPHEN	blankgap	0	com	mencing	commencing	
production-1991-vol1	1110	HYPHEN	blankgap	0	commenc	ing	commencing	
production-1991-vol1	1110	HYPHEN	blankgap	0	ed	ucation	education	
production-1991-vol1	1110	HYPHEN	blankgap	0	ed	ucation	education	
production-1991-vol1	1111	HYPHEN	blankgap	0	appor	tionments	apportionments	
production-1991-vol1	1111	HYPHEN	blankgap	0	ar	ticle	article	
production-1991-vol1	1111	HYPHEN	blankgap	0	appor	tionments	apportionments	
production-1991-vol1	1111	HYPHEN	blankgap	0	ar	ticle	article	
production-1991-vol1	1112	HYPHEN	blankgap	0	ed	ucation	education	
production-1991-vol1	1112	HYPHEN	blankgap	0	el	ementary	elementary	
production-1991-vol1	1115	HYPHEN	blankgap	0	mon	terey	monterey	
production-1991-vol1	1119	HYPHEN	blankgap	0	ed	ucation	education	
production-1991-vol1	1119	HYPHEN	blankgap	0	kindergar	ten	kindergarten	
production-1991-vol1	1120	HYPHEN	blankgap	0	oth	erwise	otherwise	
production-1991-vol1	1120	HYPHEN	blankgap	0	ed	ucation	education	
production-1991-vol1	1121	HYPHEN	blankgap	0	ed	ucation	education	
production-1991-vol1	1123	HYPHEN	blankgap	0	ed	ucation	education	
production-1991-vol1	1123	HYPHEN	blankgap	0	ed	ucation	education	
production-1991-vol1	1124	HYPHEN	blankgap	0	ed	ucation	education	
production-1991-vol1	1125	HYPHEN	blankgap	0	ed	ucation	education	
production-1991-vol1	1125	HYPHEN	blankgap	0	ed	ucation	education	
production-1991-vol1	1125	HYPHEN	blankgap	0	ed	ucation	education	
production-1991-vol1	1126	HYPHEN	blankgap	0	superin	tendent	superintendent	
production-1991-vol1	1126	HYPHEN	blankgap	0	ed	ucation	education	
production-1991-vol1	1126	HYPHEN	blankgap	0	ed	ucation	education	
production-1991-vol1	1131	HYPHEN	blankgap	0	ed	ucation	education	
production-1991-vol1	1136	HYPHEN	blankgap	0	ed	ucation	education	
production-1991-vol1	1137	HYPHEN	blankgap	0	ed	ucation	education	
production-1991-vol1	1137	HYPHEN	blankgap	0	acad	emies	academies	
production-1991-vol1	1140	HYPHEN	blankgap	0	distri	bution	distribution	
production-1991-vol1	1141	HYPHEN	blankgap	0	distri	bution	distribution	
production-1991-vol1	1142	HYPHEN	blankgap	0	ed	ucation	education	
production-1991-vol1	1142	HYPHEN	blankgap	0	de	velopment	development	
production-1991-vol1	1156	HYPHEN	blankgap	0	ed	ucation	education	
production-1991-vol1	1157	HYPHEN	blankgap	0	ed	ucation	education	
production-1991-vol1	1158	HYPHEN	blankgap	0	ed	ucation	education	
production-1991-vol1	1158	HYPHEN	blankgap	0	appor	tionments	apportionments	
production-1991-vol1	1160	HYPHEN	blankgap	0	ed	ucation	education	
production-1991-vol1	1161	HYPHEN	blankgap	0	interli	brary	interlibrary	
production-1991-vol1	1161	HYPHEN	blankgap	0	com	mencing	commencing	
production-1991-vol1	1171	HYPHEN	blankgap	0	hu	manities	humanities	
production-1991-vol1	1173	HYPHEN	blankgap	0	expen	diture	expenditure	
production-1991-vol1	1173	HYPHEN	blankgap	0	im	provements	improvements	
production-1991-vol1	1174	HYPHEN	blankgap	0	ac	cordance	accordance	
production-1991-vol1	1174	HYPHEN	blankgap	0	propo	sition	proposition	
production-1991-vol1	1175	HYPHEN	blankgap	0	annu	itant	annuitant	
production-1991-vol1	1175	HYPHEN	blankgap	0	appropria	tion	appropriation	
production-1991-vol1	1181	HYPHEN	blankgap	0	propo	sition	proposition	
production-1991-vol1	1183	HYPHEN	blankgap	0	li	brary	library	
production-1991-vol1	1187	HYPHEN	blankgap	0	reappro	priated	reappropriated	
production-1991-vol1	1190	HYPHEN	blankgap	0	distri	buted	distributed	
production-1991-vol1	1203	HYPHEN	blankgap	0	dis	tricts	districts	
production-1991-vol1	1204	HYPHEN	blankgap	0	prelimi	nary	preliminary	
production-1991-vol1	1209	HYPHEN	blankgap	0	dis	trict	district	
production-1991-vol1	1209	HYPHEN	blankgap	0	ed	ucation	education	
production-1991-vol1	1209	HYPHEN	blankgap	0	reappro	priated	reappropriated	
production-1991-vol1	1209	HYPHEN	blankgap	0	laborato	ries	laboratories	
production-1991-vol1	1211	HYPHEN	blankgap	0	dis	trict	district	
production-1991-vol1	1213	HYPHEN	blankgap	0	dis	trict	district	
production-1991-vol1	1218	HYPHEN	blankgap	0	for	feiture	forfeiture	
production-1991-vol1	1220	HYPHEN	blankgap	0	of	fices	offices	
production-1991-vol1	1221	HYPHEN	blankgap	0	de	linquency	delinquency	
production-1991-vol1	1222	HYPHEN	margin	5	en	velop	envelop	gaging in substance abuse de
production-1991-vol1	1225	HYPHEN	blankgap	0	pre	senting	presenting	
production-1991-vol1	1225	HYPHEN	blankgap	0	pre	senting	presenting	
production-1991-vol1	1225	HYPHEN	blankgap	0	pre	senting	presenting	
production-1991-vol1	1227	HYPHEN	blankgap	0	com	pensation	compensation	
production-1991-vol1	1227	HYPHEN	blankgap	0	em	ployee	employee	
production-1991-vol1	1227	HYPHEN	blankgap	0	promulga	tion	promulgation	
production-1991-vol1	1227	HYPHEN	blankgap	0	adjudi	cation	adjudication	
production-1991-vol1	1228	HYPHEN	blankgap	0	in	dustry	industry	
production-1991-vol1	1228	HYPHEN	blankgap	0	em	ployee	employee	
production-1991-vol1	1228	HYPHEN	blankgap	0	em	ployer	employer	
production-1991-vol1	1228	HYPHEN	blankgap	0	asbes	tos	asbestos	
production-1991-vol1	1232	HYPHEN	blankgap	0	in	surance	insurance	
production-1991-vol1	1232	HYPHEN	blankgap	0	compen	sation	compensation	
production-1991-vol1	1235	HYPHEN	blankgap	0	expo	sition	exposition	
production-1991-vol1	1236	HYPHEN	blankgap	0	prelimi	nary	preliminary	
production-1991-vol1	1237	HYPHEN	blankgap	0	stan	dards	standards	
production-1991-vol1	1237	HYPHEN	blankgap	0	man	agement	management	
production-1991-vol1	1238	HYPHEN	margin	15	pro	tection	protection	vided by subdivision b of Section of the | Food and Agricultural Code for emergency de
production-1991-vol1	1241	HYPHEN	blankgap	0	appro	priated	appropriated	
production-1991-vol1	1241	HYPHEN	blankgap	0	agricul	ture	agriculture	
production-1991-vol1	1241	HYPHEN	blankgap	0	prac	tices	practices	
production-1991-vol1	1244	HYPHEN	blankgap	0	restitu	tion	restitution	
production-1991-vol1	1248	HYPHEN	blankgap	0	petro	leum	petroleum	
production-1991-vol1	1252	HYPHEN	blankgap	0	subdivi	sion	subdivision	
production-1991-vol1	1255	HYPHEN	blankgap	0	unencum	bered	unencumbered	
production-1991-vol1	1258	HYPHEN	blankgap	0	com	pensation	compensation	
production-1991-vol1	1262	HYPHEN	blankgap	0	emer	gencies	emergencies	
production-1991-vol1	1262	HYPHEN	blankgap	0	nongovernmen	tal	nongovernmental	
production-1991-vol1	1263	HYPHEN	blankgap	0	emer	gencies	emergencies	
production-1991-vol1	1263	HYPHEN	blankgap	0	nongovernmen	tal	nongovernmental	
production-1991-vol1	1267	HYPHEN	margin	12	pro	priation	propriation	vided in this section This transfer may be chargeable to such appro
production-1991-vol1	1289	HYPHEN	margin	20	re	lative	relative	duce the total amount of funds available to community colleges | these adjustments shall only be authorized subject to the legis
production-1991-vol1	1293	HYPHEN	blankgap	0	autho	rized	authorized	
production-1991-vol1	1302	HYPHEN	blankgap	0	ex	penses	expenses	
production-1991-vol1	705	HYPHEN	blankgap	0	de	cember	december	
production-1991-vol1	817	HYPHEN	blankgap	0	as	signment	assignment	
production-1991-vol1	823	HYPHEN	blankgap	0	haz	ardous	hazardous	
production-1991-vol1	825	HYPHEN	blankgap	0	rev	enue	revenue	
production-1991-vol1	825	HYPHEN	blankgap	0	attor	ney	attorney	
production-1991-vol1	826	HYPHEN	blankgap	0	haz	ardous	hazardous	
production-1991-vol1	826	HYPHEN	blankgap	0	narcot	ics	narcotics	
production-1991-vol1	828	HYPHEN	blankgap	0	unappro	priated	unappropriated	
production-1991-vol1	829	HYPHEN	blankgap	0	nongovern	mental	nongovernmental	
production-1991-vol1	831	HYPHEN	blankgap	0	mainte	nance	maintenance	
production-1991-vol1	831	HYPHEN	blankgap	0	haz	ardous	hazardous	
production-1991-vol1	833	HYPHEN	blankgap	0	equaliza	tion	equalization	
production-1991-vol1	833	HYPHEN	blankgap	0	equaliza	tion	equalization	
production-1991-vol1	833	HYPHEN	blankgap	0	equaliza	tion	equalization	
production-1991-vol1	833	HYPHEN	blankgap	0	equaliza	tion	equalization	
production-1991-vol1	833	HYPHEN	blankgap	0	equaliza	tion	equalization	
production-1991-vol1	833	HYPHEN	blankgap	0	equaliza	tion	equalization	
production-1991-vol1	835	HYPHEN	blankgap	0	ad	visory	advisory	
production-1991-vol1	837	HYPHEN	blankgap	0	exposi	tion	exposition	
production-1991-vol1	839	HYPHEN	blankgap	0	expendi	ture	expenditure	
production-1991-vol1	839	HYPHEN	margin	7	de	partmental	departmental	partment of Consumer Affairs for increased de
production-1991-vol1	842	HYPHEN	blankgap	0	cosmetol	ogy	cosmetology	
production-1991-vol1	842	HYPHEN	blankgap	0	con	tingent	contingent	
production-1991-vol1	853	HYPHEN	blankgap	0	ar	chitecture	architecture	
production-1991-vol1	853	HYPHEN	blankgap	0	archi	tecture	architecture	
production-1991-vol1	855	HYPHEN	blankgap	0	prop	erty	property	
production-1991-vol1	855	HYPHEN	blankgap	0	ar	chitecture	architecture	
production-1991-vol1	856	HYPHEN	blankgap	0	ar	chitecture	architecture	
production-1991-vol1	856	HYPHEN	blankgap	0	ar	chitecture	architecture	
production-1991-vol1	856	HYPHEN	blankgap	0	ar	chitecture	architecture	
production-1991-vol1	856	HYPHEN	blankgap	0	ar	chitecture	architecture	
production-1991-vol1	856	HYPHEN	blankgap	0	archi	tecture	architecture	
production-1991-vol1	856	HYPHEN	blankgap	0	archi	tectural	architectural	
production-1991-vol1	857	HYPHEN	blankgap	0	pro	fessional	professional	
production-1991-vol1	857	HYPHEN	blankgap	0	sur	veyors	surveyors	
production-1991-vol1	857	HYPHEN	blankgap	0	archi	tecture	architecture	
production-1991-vol1	863	HYPHEN	blankgap	0	legisla	tors	legislators	
production-1991-vol1	864	HYPHEN	blankgap	0	retir	ees	retirees	
production-1991-vol1	874	HYPHEN	blankgap	0	rehabilita	tion	rehabilitation	
production-1991-vol1	874	HYPHEN	margin	18	pro	priation	propriation	vided in the following citation shall revert to the | fund balance of the fund from which the appro
production-1991-vol1	874	HYPHEN	blankgap	0	extraordi	nary	extraordinary	
production-1991-vol1	875	HYPHEN	margin	9	in	surance	insurance	SUTANCE PUNGA ccccescceeeecesecceesvcceesesseeeceeverenes | For local assistance Department of In
production-1991-vol1	876	HYPHEN	blankgap	0	apprais	ers	appraisers	
production-1991-vol1	877	HYPHEN	blankgap	0	trans	portation	transportation	
production-1991-vol1	878	HYPHEN	margin	2	re	gional	regional	lief | Interre
production-1991-vol1	879	HYPHEN	blankgap	0	trans	portation	transportation	
production-1991-vol1	879	HYPHEN	blankgap	0	transporta	tion	transportation	
production-1991-vol1	879	HYPHEN	blankgap	0	trans	portation	transportation	
production-1991-vol1	879	HYPHEN	blankgap	0	transporta	tion	transportation	
production-1991-vol1	881	HYPHEN	blankgap	0	transporta	tion	transportation	
production-1991-vol1	882	HYPHEN	blankgap	0	transporta	tion	transportation	
production-1991-vol1	883	HYPHEN	blankgap	0	transporta	tion	transportation	
production-1991-vol1	883	HYPHEN	blankgap	0	trans	portation	transportation	
production-1991-vol1	884	HYPHEN	blankgap	0	trans	portation	transportation	
production-1991-vol1	884	HYPHEN	blankgap	0	trans	portation	transportation	
production-1991-vol1	885	HYPHEN	blankgap	0	ex	penditures	expenditures	
production-1991-vol1	886	HYPHEN	blankgap	0	transporta	tion	transportation	
production-1991-vol1	888	HYPHEN	blankgap	0	trans	portation	transportation	
production-1991-vol1	889	HYPHEN	blankgap	0	com	pliance	compliance	
production-1991-vol1	890	HYPHEN	blankgap	0	appro	priated	appropriated	
production-1991-vol1	890	HYPHEN	blankgap	0	expendi	ture	expenditure	
production-1991-vol1	891	HYPHEN	blankgap	0	trans	portation	transportation	
production-1991-vol1	891	HYPHEN	blankgap	0	notwithstand	ing	notwithstanding	
production-1991-vol1	891	HYPHEN	blankgap	0	ci	tations	citations	
production-1991-vol1	891	HYPHEN	blankgap	0	en	cumbrances	encumbrances	
production-1991-vol1	895	HYPHEN	blankgap	0	fa	cility	facility	
production-1991-vol1	901	HYPHEN	blankgap	0	envi	ronment	environment	
production-1991-vol1	902	HYPHEN	blankgap	0	acqui	sitions	acquisitions	
production-1991-vol1	902	HYPHEN	blankgap	0	reappropri	ated	reappropriated	
production-1991-vol1	908	HYPHEN	blankgap	0	liq	uidation	liquidation	
production-1991-vol1	908	HYPHEN	blankgap	0	de	cember	december	
production-1991-vol1	909	HYPHEN	blankgap	0	in	tegrated	integrated	
production-1991-vol1	910	HYPHEN	blankgap	0	haz	ardous	hazardous	
production-1991-vol1	910	HYPHEN	blankgap	0	con	tinental	continental	
production-1991-vol1	913	HYPHEN	blankgap	0	trans	portation	transportation	
production-1991-vol1	913	HYPHEN	blankgap	0	envi	ronmental	environmental	
production-1991-vol1	913	HYPHEN	blankgap	0	rec	lamation	reclamation	
production-1991-vol1	916	HYPHEN	blankgap	0	profes	sional	professional	
production-1991-vol1	917	HYPHEN	blankgap	0	for	estry	forestry	
production-1991-vol1	917	HYPHEN	blankgap	0	reg	ulatory	regulatory	
production-1991-vol1	917	HYPHEN	blankgap	0	pro	tection	protection	
production-1991-vol1	918	HYPHEN	margin	5	re	quired	required	ceived for beyond the re
production-1991-vol1	923	HYPHEN	blankgap	0	preserva	tion	preservation	
production-1991-vol1	923	HYPHEN	blankgap	0	reg	ulations	regulations	
production-1991-vol1	923	HYPHEN	blankgap	0	re	sponse	response	
production-1991-vol1	924	HYPHEN	blankgap	0	preserva	tion	preservation	
production-1991-vol1	926	HYPHEN	blankgap	0	preser	vation	preservation	
production-1991-vol1	926	HYPHEN	blankgap	0	reim	bursement	reimbursement	
production-1991-vol1	930	HYPHEN	blankgap	0	ac	quisition	acquisition	
production-1991-vol1	938	HYPHEN	blankgap	0	conser	vancy	conservancy	
production-1991-vol1	939	HYPHEN	blankgap	0	conser	vancy	conservancy	
production-1991-vol1	939	HYPHEN	blankgap	0	conser	vancy	conservancy	
production-1991-vol1	940	HYPHEN	blankgap	0	conser	vancy	conservancy	
production-1991-vol1	943	HYPHEN	blankgap	0	conser	vancy	conservancy	
production-1991-vol1	950	HYPHEN	blankgap	0	expendi	ture	expenditure	
production-1991-vol1	954	HYPHEN	margin	14	con	ferred	conferred	servation and Enforcement Services Account in | the Off Highway Vehicle Fund shall be trans
production-1991-vol1	955	HYPHEN	blankgap	0	reappropri	ated	reappropriated	
production-1991-vol1	96	HYPHEN	blankgap	0	dis	pensing	dispensing	
production-1991-vol1	963	HYPHEN	blankgap	0	envi	ronmental	environmental	
production-1991-vol1	968	HYPHEN	blankgap	0	set	tling	settling	
production-1991-vol1	970	HYPHEN	blankgap	0	envi	ronmental	environmental	
production-1991-vol1	970	HYPHEN	blankgap	0	pro	tection	protection	
production-1991-vol1	973	HYPHEN	blankgap	0	emer	gency	emergency	
production-1991-vol1	977	HYPHEN	blankgap	0	notwithstand	ing	notwithstanding	
production-1991-vol1	977	HYPHEN	blankgap	0	edu	cational	educational	
production-1991-vol1	986	HYPHEN	blankgap	0	envi	ronmental	environmental	
production-1991-vol1	986	HYPHEN	blankgap	0	ge	netic	genetic	
production-1991-vol1	986	HYPHEN	blankgap	0	unallo	cated	unallocated	
production-1991-vol1	986	HYPHEN	blankgap	0	haz	ardous	hazardous	
production-1991-vol1	986	HYPHEN	blankgap	0	emer	gency	emergency	
production-1991-vol1	991	HYPHEN	margin	8	pro	priation	propriation	grams General Fund share of the total appro
production-1991-vol1	995	HYPHEN	blankgap	0	oth	erwise	otherwise	
production-1991-vol2	1253	NOHYPHEN	blankgap	0	coordina	tor	coordinator	
production-1991-vol2	1257	HYPHEN	blankgap	0	inter	preting	interpreting	
production-1991-vol2	1257	HYPHEN	blankgap	0	munici	pal	municipal	
production-1991-vol2	1257	HYPHEN	blankgap	0	munici	pal	municipal	
production-1991-vol2	1257	HYPHEN	blankgap	0	munici	pal	municipal	
production-1991-vol2	288	HYPHEN	blankgap	0	stringfel	low	stringfellow	
production-1991-vol2	312	HYPHEN	blankgap	0	pro	tection	protection	
production-1991-vol2	385	HYPHEN	blankgap	0	de	cember	december	
production-1991-vol2	385	HYPHEN	blankgap	0	de	cember	december	
production-1991-vol3	1410	HYPHEN	blankgap	0	envi	ronmental	environmental	
production-1991-vol3	542	HYPHEN	blankgap	0	in	stitutions	institutions	
production-1991-vol3	590	HYPHEN	blankgap	0	annui	ties	annuities	
production-1991-vol3	736	HYPHEN	blankgap	0	commis	sioner	commissioner	
production-1992-vol1-statutes	1452	HYPHEN	blankgap	0	ex	perienced	experienced	
production-1992-vol2	1040	HYPHEN	blankgap	0	profes	sional	professional	
production-1992-vol2	110	HYPHEN	blankgap	0	ar	chitecture	architecture	
production-1992-vol2	1117	HYPHEN	blankgap	0	per	sonnel	personnel	
production-1992-vol2	1117	HYPHEN	blankgap	0	de	ferred	deferred	
production-1992-vol2	1119	HYPHEN	blankgap	0	commenc	ing	commencing	
production-1992-vol2	113	HYPHEN	blankgap	0	archi	tecture	architecture	
production-1992-vol2	113	HYPHEN	blankgap	0	archi	tectural	architectural	
production-1992-vol2	113	HYPHEN	blankgap	0	profes	sional	professional	
production-1992-vol2	113	HYPHEN	blankgap	0	sur	veyors	surveyors	
production-1992-vol2	113	HYPHEN	blankgap	0	archi	tecture	architecture	
production-1992-vol2	116	HYPHEN	blankgap	0	archi	tecture	architecture	
production-1992-vol2	119	HYPHEN	blankgap	0	legisla	tors	legislators	
production-1992-vol2	120	HYPHEN	blankgap	0	retir	ees	retirees	
production-1992-vol2	125	HYPHEN	blankgap	0	manu	factured	manufactured	
production-1992-vol2	125	HYPHEN	blankgap	0	revolv	ing	revolving	
production-1992-vol2	130	HYPHEN	blankgap	0	trans	portation	transportation	
production-1992-vol2	131	HYPHEN	margin	2	re	gional	regional	lief | Interre
production-1992-vol2	131	HYPHEN	blankgap	0	interre	gional	interregional	
production-1992-vol2	131	HYPHEN	blankgap	0	rehabili	tation	rehabilitation	
production-1992-vol2	131	HYPHEN	blankgap	0	de	velopment	development	
production-1992-vol2	132	HYPHEN	blankgap	0	trans	portation	transportation	
production-1992-vol2	132	HYPHEN	blankgap	0	transporta	tion	transportation	
production-1992-vol2	132	HYPHEN	blankgap	0	trans	portation	transportation	
production-1992-vol2	132	HYPHEN	blankgap	0	transporta	tion	transportation	
production-1992-vol2	132	HYPHEN	blankgap	0	trans	portation	transportation	
production-1992-vol2	132	HYPHEN	blankgap	0	transporta	tion	transportation	
production-1992-vol2	137	HYPHEN	margin	8	trans	portation	transportation	fer from the State Highway Account State Trans
production-1992-vol2	142	HYPHEN	blankgap	0	cal	ifornia	california	
production-1992-vol2	146	HYPHEN	blankgap	0	trans	portation	transportation	
production-1992-vol2	150	HYPHEN	blankgap	0	appro	priated	appropriated	
production-1992-vol2	150	HYPHEN	blankgap	0	expendi	ture	expenditure	
production-1992-vol2	151	HYPHEN	blankgap	0	en	cumbrances	encumbrances	
production-1992-vol2	155	HYPHEN	blankgap	0	ve	hicles	vehicles	
production-1992-vol2	169	HYPHEN	blankgap	0	revolv	ing	revolving	
production-1992-vol2	170	HYPHEN	blankgap	0	pe	troleum	petroleum	
production-1992-vol2	170	HYPHEN	blankgap	0	subac	count	subaccount	
production-1992-vol2	171	HYPHEN	blankgap	0	expendi	ture	expenditure	
production-1992-vol2	172	HYPHEN	blankgap	0	ci	tations	citations	
production-1992-vol2	174	HYPHEN	blankgap	0	rec	lamation	reclamation	
production-1992-vol2	176	HYPHEN	blankgap	0	profes	sional	professional	
production-1992-vol2	179	HYPHEN	blankgap	0	ac	quisition	acquisition	
production-1992-vol2	179	HYPHEN	blankgap	0	ac	quisition	acquisition	
production-1992-vol2	180	HYPHEN	blankgap	0	ac	quisition	acquisition	
production-1992-vol2	183	HYPHEN	blankgap	0	re	sponse	response	
production-1992-vol2	183	HYPHEN	blankgap	0	preserva	tion	preservation	
production-1992-vol2	184	HYPHEN	blankgap	0	en	hancement	enhancement	
production-1992-vol2	194	HYPHEN	blankgap	0	expen	diture	expenditure	
production-1992-vol2	199	HYPHEN	blankgap	0	conser	vancy	conservancy	
production-1992-vol2	200	HYPHEN	blankgap	0	conser	vancy	conservancy	
production-1992-vol2	202	HYPHEN	blankgap	0	conser	vancy	conservancy	
production-1992-vol2	203	HYPHEN	blankgap	0	expendi	ture	expenditure	
production-1992-vol2	203	HYPHEN	blankgap	0	reap	propriated	reappropriated	
production-1992-vol2	204	HYPHEN	blankgap	0	en	hancement	enhancement	
production-1992-vol2	207	HYPHEN	blankgap	0	expendi	ture	expenditure	
production-1992-vol2	213	HYPHEN	blankgap	0	fa	cilities	facilities	
production-1992-vol2	213	HYPHEN	blankgap	0	recre	ational	recreational	
production-1992-vol2	213	HYPHEN	blankgap	0	reloca	tion	relocation	
production-1992-vol2	214	HYPHEN	blankgap	0	accessi	bility	accessibility	
production-1992-vol2	214	NOHYPHEN	blankgap	0	acquisi	tion	acquisition	
production-1992-vol2	214	HYPHEN	blankgap	0	in	frastructure	infrastructure	
production-1992-vol2	215	HYPHEN	blankgap	0	reha	bilitation	rehabilitation	
production-1992-vol2	215	HYPHEN	blankgap	0	inter	pretive	interpretive	
production-1992-vol2	215	HYPHEN	blankgap	0	recre	ational	recreational	
production-1992-vol2	215	HYPHEN	blankgap	0	stew	ardship	stewardship	
production-1992-vol2	215	HYPHEN	blankgap	0	archaeolog	ical	archaeological	
production-1992-vol2	216	HYPHEN	margin	14	con	ferred	conferred	servation and Enforcement Services Account in | the Off Highway Vehicle Fund shall be trans
production-1992-vol2	217	HYPHEN	blankgap	0	reappropri	ated	reappropriated	
production-1992-vol2	222	HYPHEN	blankgap	0	conser	vancy	conservancy	
production-1992-vol2	224	HYPHEN	blankgap	0	envi	ronmental	environmental	
production-1992-vol2	230	HYPHEN	blankgap	0	haz	ardous	hazardous	
production-1992-vol2	231	HYPHEN	blankgap	0	petro	leum	petroleum	
production-1992-vol2	233	HYPHEN	blankgap	0	in	tegrated	integrated	
production-1992-vol2	234	HYPHEN	blankgap	0	appro	priated	appropriated	
production-1992-vol2	236	HYPHEN	blankgap	0	envi	ronmental	environmental	
production-1992-vol2	236	HYPHEN	blankgap	0	pro	tection	protection	
production-1992-vol2	241	HYPHEN	blankgap	0	haz	ardous	hazardous	
production-1992-vol2	241	HYPHEN	blankgap	0	re	sponse	response	
production-1992-vol2	244	HYPHEN	blankgap	0	re	gional	regional	
production-1992-vol2	248	HYPHEN	blankgap	0	emer	gency	emergency	
production-1992-vol2	250	HYPHEN	blankgap	0	in	surance	insurance	
production-1992-vol2	252	HYPHEN	blankgap	0	notwithstand	ing	notwithstanding	
production-1992-vol2	252	HYPHEN	blankgap	0	edu	cational	educational	
production-1992-vol2	254	HYPHEN	margin	16	ag	riculture	agriculture	ing for estimated entitlements of per meal re | imbursements from the U S Department of Ag
production-1992-vol2	254	HYPHEN	blankgap	0	nu	trition	nutrition	
production-1992-vol2	260	HYPHEN	blankgap	0	haz	ardous	hazardous	
production-1992-vol2	260	HYPHEN	blankgap	0	occu	pational	occupational	
production-1992-vol2	260	HYPHEN	blankgap	0	envi	ronmental	environmental	
production-1992-vol2	260	HYPHEN	blankgap	0	ge	netic	genetic	
production-1992-vol2	261	HYPHEN	blankgap	0	haz	ardous	hazardous	
production-1992-vol2	261	HYPHEN	blankgap	0	emer	gency	emergency	
production-1992-vol2	263	HYPHEN	blankgap	0	ge	netic	genetic	
production-1992-vol2	268	HYPHEN	blankgap	0	oth	erwise	otherwise	
production-1992-vol2	269	HYPHEN	blankgap	0	poi	soning	poisoning	
production-1992-vol2	276	HYPHEN	margin	7	re	cipients	recipients	quest for a proposal reaches appropriate re
production-1992-vol2	286	HYPHEN	blankgap	0	de	velopmental	developmental	
production-1992-vol2	288	HYPHEN	blankgap	0	de	velopmental	developmental	
production-1992-vol2	288	HYPHEN	blankgap	0	de	velopmental	developmental	
production-1992-vol2	288	HYPHEN	blankgap	0	disabil	ities	disabilities	
production-1992-vol2	295	HYPHEN	blankgap	0	subdivi	sion	subdivision	
production-1992-vol2	300	HYPHEN	blankgap	0	compensa	tion	compensation	
production-1992-vol2	302	HYPHEN	blankgap	0	disabil	ity	disability	
production-1992-vol2	304	HYPHEN	blankgap	0	admin	istration	administration	
production-1992-vol2	317	HYPHEN	blankgap	0	limita	tions	limitations	
production-1992-vol2	326	HYPHEN	blankgap	0	limi	tations	limitations	
production-1992-vol2	326	HYPHEN	blankgap	0	ex	penditure	expenditure	
production-1992-vol2	329	HYPHEN	blankgap	0	schedul	ing	scheduling	
production-1992-vol2	333	HYPHEN	blankgap	0	cor	rectional	correctional	
production-1992-vol2	334	HYPHEN	blankgap	0	con	tamination	contamination	
production-1992-vol2	353	HYPHEN	blankgap	0	commenc	ing	commencing	
production-1992-vol2	353	HYPHEN	blankgap	0	ap	portionments	apportionments	
production-1992-vol2	354	HYPHEN	blankgap	0	reim	bursement	reimbursement	
production-1992-vol2	362	HYPHEN	blankgap	0	ed	ucation	education	
production-1992-vol2	363	HYPHEN	blankgap	0	su	perintendents	superintendents	
production-1992-vol2	369	HYPHEN	margin	9	dis	bursement	disbursement	Provisions | Funds appropriated by this item are for reim
production-1992-vol2	375	HYPHEN	blankgap	0	re	quirement	requirement	
production-1992-vol2	375	HYPHEN	blankgap	0	dis	trict	district	
production-1992-vol2	377	HYPHEN	blankgap	0	ed	ucation	education	
production-1992-vol2	377	HYPHEN	blankgap	0	acad	emies	academies	
production-1992-vol2	378	HYPHEN	blankgap	0	ed	ucation	education	
production-1992-vol2	379	HYPHEN	blankgap	0	ed	ucation	education	
production-1992-vol2	379	HYPHEN	blankgap	0	ed	ucation	education	
production-1992-vol2	382	HYPHEN	blankgap	0	ed	ucation	education	
production-1992-vol2	382	HYPHEN	blankgap	0	su	perintendent	superintendent	
production-1992-vol2	383	HYPHEN	blankgap	0	encum	brance	encumbrance	
production-1992-vol2	384	HYPHEN	blankgap	0	interli	brary	interlibrary	
production-1992-vol2	392	HYPHEN	blankgap	0	propo	sition	proposition	
production-1992-vol2	393	HYPHEN	blankgap	0	con	stuction	constuction	
production-1992-vol2	394	HYPHEN	blankgap	0	modifica	tions	modifications	
production-1992-vol2	394	HYPHEN	blankgap	0	prelimi	nary	preliminary	
production-1992-vol2	398	HYPHEN	blankgap	0	appro	priations	appropriations	
production-1992-vol2	398	HYPHEN	blankgap	0	ac	cordance	accordance	
production-1992-vol2	398	HYPHEN	blankgap	0	propo	sition	proposition	
production-1992-vol2	399	HYPHEN	blankgap	0	appropria	tion	appropriation	
production-1992-vol2	403	HYPHEN	blankgap	0	propo	sition	proposition	
production-1992-vol2	405	HYPHEN	blankgap	0	com	mencing	commencing	
production-1992-vol2	415	HYPHEN	blankgap	0	reappro	priated	reappropriated	
production-1992-vol2	415	HYPHEN	blankgap	0	reappro	priated	reappropriated	
production-1992-vol2	417	HYPHEN	blankgap	0	distri	buted	distributed	
production-1992-vol2	437	HYPHEN	blankgap	0	prelimi	nary	preliminary	
production-1992-vol2	441	HYPHEN	blankgap	0	reappro	priated	reappropriated	
production-1992-vol2	441	HYPHEN	blankgap	0	dis	trict	district	
production-1992-vol2	442	HYPHEN	blankgap	0	dis	trict	district	
production-1992-vol2	443	HYPHEN	blankgap	0	reappro	priated	reappropriated	
production-1992-vol2	444	HYPHEN	margin	18	pro	priation	propriation	vided in the following citations shall revert to the | fund balance of the fund from which the appro
production-1992-vol2	447	HYPHEN	blankgap	0	reinsur	ance	reinsurance	
production-1992-vol2	449	HYPHEN	blankgap	0	for	feiture	forfeiture	
production-1992-vol2	453	HYPHEN	blankgap	0	de	linquency	delinquency	
production-1992-vol2	456	HYPHEN	blankgap	0	pre	senting	presenting	
production-1992-vol2	456	HYPHEN	blankgap	0	pre	senting	presenting	
production-1992-vol2	458	HYPHEN	blankgap	0	com	pensation	compensation	
production-1992-vol2	458	HYPHEN	blankgap	0	promulga	tion	promulgation	
production-1992-vol2	458	HYPHEN	blankgap	0	in	dustry	industry	
production-1992-vol2	459	HYPHEN	margin	10	em	ployee	employee	ployment Training Fund Item | u Amount payable from the Em
production-1992-vol2	462	HYPHEN	blankgap	0	compen	sation	compensation	
production-1992-vol2	465	HYPHEN	blankgap	0	expo	sition	exposition	
production-1992-vol2	465	HYPHEN	blankgap	0	promena	de	promenade	
production-1992-vol2	467	HYPHEN	blankgap	0	stan	dards	standards	
production-1992-vol2	467	HYPHEN	blankgap	0	man	agement	management	
production-1992-vol2	467	HYPHEN	blankgap	0	agricul	ture	agriculture	
production-1992-vol2	467	HYPHEN	blankgap	0	agricul	ture	agriculture	
production-1992-vol2	468	HYPHEN	margin	15	pro	tection	protection	vided by subdivision b of Section of the | Food and Agricultural Code for emergency de
production-1992-vol2	471	HYPHEN	blankgap	0	in	dustry	industry	
production-1992-vol2	472	HYPHEN	blankgap	0	appro	priated	appropriated	
production-1992-vol2	472	HYPHEN	blankgap	0	agricul	ture	agriculture	
production-1992-vol2	472	HYPHEN	margin	16	pro	fessions	professions	vision of law all funds appropriated for California | fairs and expositions pursuant to Business and Pro
production-1992-vol2	472	HYPHEN	blankgap	0	prac	tices	practices	
production-1992-vol2	472	HYPHEN	blankgap	0	prac	tices	practices	
production-1992-vol2	474	HYPHEN	blankgap	0	transporta	tion	transportation	
production-1992-vol2	475	HYPHEN	blankgap	0	restitu	tion	restitution	
production-1992-vol2	480	HYPHEN	blankgap	0	presi	dential	presidential	
production-1992-vol2	480	HYPHEN	blankgap	0	benefi	ciary	beneficiary	
production-1992-vol2	488	HYPHEN	blankgap	0	petro	leum	petroleum	
production-1992-vol2	499	HYPHEN	blankgap	0	com	pensation	compensation	
production-1992-vol2	502	HYPHEN	blankgap	0	emer	gencies	emergencies	
production-1992-vol2	503	HYPHEN	blankgap	0	emer	gencies	emergencies	
production-1992-vol2	503	HYPHEN	blankgap	0	nongovernmen	tal	nongovernmental	
production-1992-vol2	503	HYPHEN	blankgap	0	emer	gencies	emergencies	
production-1992-vol2	504	HYPHEN	blankgap	0	nongovernmen	tal	nongovernmental	
production-1992-vol2	509	HYPHEN	margin	9	de	flect	deflect	partment of Finance may adjust department appropriations to re
production-1992-vol2	544	HYPHEN	blankgap	0	legisla	tive	legislative	
production-1992-vol2	547	HYPHEN	blankgap	0	legisla	tive	legislative	
production-1992-vol2	547	HYPHEN	blankgap	0	ex	penses	expenses	
production-1992-vol2	55	HYPHEN	blankgap	0	admin	istrative	administrative	
production-1992-vol2	550	HYPHEN	blankgap	0	exam	iners	examiners	
production-1992-vol2	68	HYPHEN	blankgap	0	as	signment	assignment	
production-1992-vol2	69	HYPHEN	blankgap	0	su	perior	superior	
production-1992-vol2	71	HYPHEN	blankgap	0	envi	ronmental	environmental	
production-1992-vol2	79	HYPHEN	blankgap	0	narcot	ics	narcotics	
production-1992-vol2	82	HYPHEN	blankgap	0	nongovern	mental	nongovernmental	
production-1992-vol2	89	HYPHEN	blankgap	0	ad	visory	advisory	
production-1992-vol2	91	HYPHEN	blankgap	0	au	thority	authority	
production-1992-vol2	91	HYPHEN	blankgap	0	exposi	tion	exposition	
production-1992-vol3	2203	HYPHEN	blankgap	0	presi	dential	presidential	
production-1992-vol3	2203	HYPHEN	blankgap	0	benefici	ary	beneficiary	
production-1992-vol3	2204	HYPHEN	blankgap	0	prop	erty	property	
production-1992-vol3	2478	NOHYPHEN	blankgap	0	voly	a	volya	
production-1992-vol3	721	NOHYPHEN	blankgap	0	coordina	tor	coordinator	
production-1992-vol4	306	HYPHEN	margin	8	acquisi	tion	acquisition	ton development construction maintenance admmnistration operation and conserva
production-1992-vol4	451	HYPHEN	blankgap	0	dis	tricts	districts	
production-1992-vol4	714	HYPHEN	blankgap	0	admin	istrative	administrative	
production-1993-vol1	1005	HYPHEN	blankgap	0	de	linquency	delinquency	
production-1993-vol1	1005	HYPHEN	blankgap	0	suppres	sion	suppression	
production-1993-vol1	1008	HYPHEN	blankgap	0	pre	senting	presenting	
production-1993-vol1	1009	HYPHEN	blankgap	0	pre	senting	presenting	
production-1993-vol1	1009	HYPHEN	blankgap	0	pre	senting	presenting	
production-1993-vol1	1011	HYPHEN	blankgap	0	promulga	tion	promulgation	
production-1993-vol1	1011	HYPHEN	blankgap	0	in	dustry	industry	
production-1993-vol1	1011	HYPHEN	blankgap	0	revolv	ing	revolving	
production-1993-vol1	1014	HYPHEN	blankgap	0	compensa	tion	compensation	
production-1993-vol1	1014	HYPHEN	blankgap	0	de	ferred	deferred	
production-1993-vol1	1015	HYPHEN	blankgap	0	com	pensation	compensation	
production-1993-vol1	1016	HYPHEN	blankgap	0	compen	sation	compensation	
production-1993-vol1	1019	HYPHEN	blankgap	0	stan	dards	standards	
production-1993-vol1	1019	HYPHEN	blankgap	0	man	agement	management	
production-1993-vol1	1019	HYPHEN	blankgap	0	agricul	ture	agriculture	
production-1993-vol1	1020	HYPHEN	margin	15	pro	tection	protection	vided by subdivision b of Section of the | Food and Agricultural Code for emergency de
production-1993-vol1	1023	HYPHEN	margin	16	pro	fessions	professions	vision of law all funds appropriated for California | fairs and expositions pursuant to Business and Pro
production-1993-vol1	1025	HYPHEN	blankgap	0	transporta	tion	transportation	
production-1993-vol1	1026	HYPHEN	blankgap	0	restitu	tion	restitution	
production-1993-vol1	1031	HYPHEN	blankgap	0	presi	dential	presidential	
production-1993-vol1	1031	HYPHEN	blankgap	0	benefi	ciary	beneficiary	
production-1993-vol1	1040	HYPHEN	blankgap	0	au	thority	authority	
production-1993-vol1	1044	HYPHEN	margin	17	ac	quired	acquired	count in the General Fund for the purpose of | providing credits and refunds to renters as re
production-1993-vol1	1046	HYPHEN	blankgap	0	ben	efits	benefits	
production-1993-vol1	1050	HYPHEN	blankgap	0	com	pensation	compensation	
production-1993-vol1	1052	HYPHEN	blankgap	0	emer	gencies	emergencies	
production-1993-vol1	1053	HYPHEN	blankgap	0	nongovernmen	tal	nongovernmental	
production-1993-vol1	1053	HYPHEN	blankgap	0	emer	gencies	emergencies	
production-1993-vol1	1054	HYPHEN	blankgap	0	nongovernmen	tal	nongovernmental	
production-1993-vol1	1071	HYPHEN	blankgap	0	im	provement	improvement	
production-1993-vol1	141	HYPHEN	margin	10	trans	portation	transportation	ferring suspending or revoking any license for the manufacture im
production-1993-vol1	186	HYPHEN	blankgap	0	au	thorization	authorization	
production-1993-vol1	2077	HYPHEN	blankgap	0	deve	lopment	development	
production-1993-vol1	650	HYPHEN	blankgap	0	ex	penses	expenses	
production-1993-vol1	650	HYPHEN	blankgap	0	legisla	tive	legislative	
production-1993-vol1	650	HYPHEN	blankgap	0	leg	islative	legislative	
production-1993-vol1	651	HYPHEN	blankgap	0	inter	preters	interpreters	
production-1993-vol1	651	HYPHEN	blankgap	0	liq	uidation	liquidation	
production-1993-vol1	658	HYPHEN	blankgap	0	as	sistance	assistance	
production-1993-vol1	658	HYPHEN	blankgap	0	fa	cilities	facilities	
production-1993-vol1	663	HYPHEN	blankgap	0	appro	priation	appropriation	
production-1993-vol1	669	HYPHEN	blankgap	0	equaliza	tion	equalization	
production-1993-vol1	669	HYPHEN	blankgap	0	equaliza	tion	equalization	
production-1993-vol1	669	HYPHEN	blankgap	0	equaliza	tion	equalization	
production-1993-vol1	669	HYPHEN	blankgap	0	equaliza	tion	equalization	
production-1993-vol1	669	HYPHEN	blankgap	0	equaliza	tion	equalization	
production-1993-vol1	669	HYPHEN	blankgap	0	equaliza	tion	equalization	
production-1993-vol1	669	HYPHEN	blankgap	0	equaliza	tion	equalization	
production-1993-vol1	669	HYPHEN	blankgap	0	equaliza	tion	equalization	
production-1993-vol1	669	HYPHEN	blankgap	0	equaliza	tion	equalization	
production-1993-vol1	669	HYPHEN	blankgap	0	equaliza	tion	equalization	
production-1993-vol1	670	HYPHEN	margin	18	pro	priation	propriation	vided in the following citation shall revert to the | fund balance of the fund from which the appro
production-1993-vol1	671	HYPHEN	blankgap	0	ad	visory	advisory	
production-1993-vol1	672	HYPHEN	blankgap	0	alloca	tion	allocation	
production-1993-vol1	673	HYPHEN	blankgap	0	exposi	tion	exposition	
production-1993-vol1	685	HYPHEN	blankgap	0	rev	enue	revenue	
production-1993-vol1	685	HYPHEN	blankgap	0	preserva	tion	preservation	
production-1993-vol1	689	HYPHEN	blankgap	0	prop	erty	property	
production-1993-vol1	692	HYPHEN	blankgap	0	revolv	ing	revolving	
production-1993-vol1	700	HYPHEN	blankgap	0	retir	ees	retirees	
production-1993-vol1	706	HYPHEN	blankgap	0	legisla	tive	legislative	
production-1993-vol1	706	HYPHEN	blankgap	0	recommenda	tion	recommendation	
production-1993-vol1	707	HYPHEN	blankgap	0	emer	gency	emergency	
production-1993-vol1	709	HYPHEN	blankgap	0	prede	velopment	predevelopment	
production-1993-vol1	711	HYPHEN	blankgap	0	apprais	ers	appraisers	
production-1993-vol1	713	HYPHEN	blankgap	0	trans	portation	transportation	
production-1993-vol1	714	HYPHEN	margin	2	re	gional	regional	lief | Interre
production-1993-vol1	715	HYPHEN	blankgap	0	trans	portation	transportation	
production-1993-vol1	715	HYPHEN	blankgap	0	transporta	tion	transportation	
production-1993-vol1	715	HYPHEN	blankgap	0	trans	portation	transportation	
production-1993-vol1	715	HYPHEN	blankgap	0	transporta	tion	transportation	
production-1993-vol1	717	HYPHEN	blankgap	0	ex	clusively	exclusively	
production-1993-vol1	718	NOHYPHEN	blankgap	0	transporta	tion	transportation	
production-1993-vol1	719	HYPHEN	blankgap	0	prin	cipal	principal	
production-1993-vol1	719	HYPHEN	blankgap	0	im	provement	improvement	
production-1993-vol1	726	HYPHEN	blankgap	0	headquar	ters	headquarters	
production-1993-vol1	726	HYPHEN	blankgap	0	im	provements	improvements	
production-1993-vol1	726	HYPHEN	blankgap	0	prelimi	nary	preliminary	
production-1993-vol1	728	HYPHEN	blankgap	0	appro	priated	appropriated	
production-1993-vol1	728	HYPHEN	blankgap	0	expendi	ture	expenditure	
production-1993-vol1	729	HYPHEN	blankgap	0	trans	portation	transportation	
production-1993-vol1	729	HYPHEN	blankgap	0	en	cumbrances	encumbrances	
production-1993-vol1	730	HYPHEN	blankgap	0	appropria	tions	appropriations	
production-1993-vol1	730	HYPHEN	blankgap	0	appropria	tions	appropriations	
production-1993-vol1	730	HYPHEN	blankgap	0	appropria	tions	appropriations	
production-1993-vol1	730	HYPHEN	blankgap	0	appropria	tions	appropriations	
production-1993-vol1	731	HYPHEN	blankgap	0	reap	propriated	reappropriated	
production-1993-vol1	743	HYPHEN	blankgap	0	conser	vancy	conservancy	
production-1993-vol1	743	HYPHEN	blankgap	0	envi	ronment	environment	
production-1993-vol1	748	HYPHEN	blankgap	0	revolv	ing	revolving	
production-1993-vol1	748	HYPHEN	blankgap	0	pe	troleum	petroleum	
production-1993-vol1	749	HYPHEN	blankgap	0	revolv	ing	revolving	
production-1993-vol1	749	HYPHEN	blankgap	0	expendi	ture	expenditure	
production-1993-vol1	751	HYPHEN	blankgap	0	de	cember	december	
production-1993-vol1	751	HYPHEN	blankgap	0	expendi	ture	expenditure	
production-1993-vol1	751	HYPHEN	blankgap	0	appro	priation	appropriation	
production-1993-vol1	753	HYPHEN	blankgap	0	rec	lamation	reclamation	
production-1993-vol1	759	HYPHEN	blankgap	0	rehabili	tation	rehabilitation	
production-1993-vol1	759	HYPHEN	blankgap	0	preserva	tion	preservation	
production-1993-vol1	759	HYPHEN	blankgap	0	re	sponse	response	
production-1993-vol1	760	HYPHEN	blankgap	0	preserva	tion	preservation	
production-1993-vol1	760	HYPHEN	blankgap	0	en	hancement	enhancement	
production-1993-vol1	767	HYPHEN	blankgap	0	rehabil	itation	rehabilitation	
production-1993-vol1	769	HYPHEN	blankgap	0	ac	quisition	acquisition	
production-1993-vol1	769	HYPHEN	blankgap	0	acqui	sition	acquisition	
production-1993-vol1	772	HYPHEN	blankgap	0	cal	ifornia	california	
production-1993-vol1	776	HYPHEN	blankgap	0	conser	vancy	conservancy	
production-1993-vol1	777	HYPHEN	blankgap	0	en	hancement	enhancement	
production-1993-vol1	785	HYPHEN	blankgap	0	expendi	ture	expenditure	
production-1993-vol1	788	HYPHEN	blankgap	0	rehabilita	tion	rehabilitation	
production-1993-vol1	790	HYPHEN	blankgap	0	recre	ational	recreational	
production-1993-vol1	790	HYPHEN	blankgap	0	prelim	inary	preliminary	
production-1993-vol1	792	HYPHEN	margin	14	con	ferred	conferred	servation and Enforcement Services Account in | the Off Highway Vehicle Fund shall be trans
production-1993-vol1	792	HYPHEN	blankgap	0	reappropri	ated	reappropriated	
production-1993-vol1	792	HYPHEN	blankgap	0	mil	lerton	millerton	
production-1993-vol1	795	HYPHEN	blankgap	0	reappropri	ated	reappropriated	
production-1993-vol1	796	HYPHEN	blankgap	0	reappropri	ated	reappropriated	
production-1993-vol1	807	HYPHEN	blankgap	0	in	tegrated	integrated	
production-1993-vol1	807	HYPHEN	blankgap	0	main	tenance	maintenance	
production-1993-vol1	809	HYPHEN	blankgap	0	envi	ronmental	environmental	
production-1993-vol1	809	HYPHEN	blankgap	0	pro	tection	protection	
production-1993-vol1	813	HYPHEN	blankgap	0	reme	diation	remediation	
production-1993-vol1	814	HYPHEN	blankgap	0	re	gional	regional	
production-1993-vol1	815	HYPHEN	blankgap	0	re	sponse	response	
production-1993-vol1	818	HYPHEN	blankgap	0	emer	gency	emergency	
production-1993-vol1	823	HYPHEN	blankgap	0	notwithstand	ing	notwithstanding	
production-1993-vol1	823	HYPHEN	blankgap	0	edu	cational	educational	
production-1993-vol1	825	HYPHEN	margin	16	ag	riculture	agriculture	ing for estimated entitlements of per meal re | imbursements from the U S Department of Ag
production-1993-vol1	825	HYPHEN	blankgap	0	nu	trition	nutrition	
production-1993-vol1	826	HYPHEN	blankgap	0	reappropri	ated	reappropriated	
production-1993-vol1	833	HYPHEN	blankgap	0	emer	gency	emergency	
production-1993-vol1	833	HYPHEN	blankgap	0	supplemen	tal	supplemental	
production-1993-vol1	833	HYPHEN	blankgap	0	le	galization	legalization	
production-1993-vol1	838	HYPHEN	blankgap	0	oth	erwise	otherwise	
production-1993-vol1	846	HYPHEN	blankgap	0	autho	rization	authorization	
production-1993-vol1	846	HYPHEN	blankgap	0	reim	bursement	reimbursement	
production-1993-vol1	848	HYPHEN	margin	7	re	cipients	recipients	quest for a proposal reaches appropriate re
production-1993-vol1	857	HYPHEN	blankgap	0	de	velopmental	developmental	
production-1993-vol1	860	HYPHEN	blankgap	0	de	velopmental	developmental	
production-1993-vol1	860	HYPHEN	blankgap	0	disabil	ities	disabilities	
production-1993-vol1	860	HYPHEN	margin	7	de	velopmental	developmental	termine | For capital outlay Department of De
production-1993-vol1	860	HYPHEN	blankgap	0	prelimi	nary	preliminary	
production-1993-vol1	865	HYPHEN	blankgap	0	subdivi	sion	subdivision	
production-1993-vol1	869	HYPHEN	blankgap	0	compensa	tion	compensation	
production-1993-vol1	871	HYPHEN	blankgap	0	disabil	ity	disability	
production-1993-vol1	873	HYPHEN	blankgap	0	admin	istration	administration	
production-1993-vol1	876	HYPHEN	blankgap	0	disabil	ity	disability	
production-1993-vol1	876	HYPHEN	blankgap	0	prelimi	nary	preliminary	
production-1993-vol1	879	HYPHEN	blankgap	0	reappro	priated	reappropriated	
production-1993-vol1	879	HYPHEN	blankgap	0	reap	propriated	reappropriated	
production-1993-vol1	895	HYPHEN	blankgap	0	limi	tations	limitations	
production-1993-vol1	895	HYPHEN	blankgap	0	ex	penditure	expenditure	
production-1993-vol1	901	HYPHEN	blankgap	0	cor	rections	corrections	
production-1993-vol1	901	HYPHEN	blankgap	0	com	munication	communication	
production-1993-vol1	901	HYPHEN	blankgap	0	distri	bution	distribution	
production-1993-vol1	903	HYPHEN	blankgap	0	prelim	inary	preliminary	
production-1993-vol1	904	HYPHEN	blankgap	0	cor	rectional	correctional	
production-1993-vol1	907	HYPHEN	blankgap	0	ex	penditure	expenditure	
production-1993-vol1	908	HYPHEN	margin	17	coun	terly	counterly	try of origin as provided for in federal treaties | The Board of Prison Terms shall provide quar
production-1993-vol1	916	HYPHEN	margin	4	re	ferred	referred	habilitation modernization maintenance de
production-1993-vol1	921	HYPHEN	blankgap	0	ed	ucation	education	
production-1993-vol1	935	HYPHEN	blankgap	0	ed	ucation	education	
production-1993-vol1	935	HYPHEN	blankgap	0	ed	ucation	education	
production-1993-vol1	936	HYPHEN	blankgap	0	ed	ucation	education	
production-1993-vol1	939	HYPHEN	blankgap	0	su	perintendent	superintendent	
production-1993-vol1	943	HYPHEN	blankgap	0	expen	diture	expenditure	
production-1993-vol1	944	HYPHEN	blankgap	0	cal	ifornia	california	
production-1993-vol1	945	HYPHEN	blankgap	0	interli	brary	interlibrary	
production-1993-vol1	945	HYPHEN	blankgap	0	com	mencing	commencing	
production-1993-vol1	950	HYPHEN	blankgap	0	propo	sition	proposition	
production-1993-vol1	951	HYPHEN	blankgap	0	hu	manities	humanities	
production-1993-vol1	952	HYPHEN	blankgap	0	distri	bution	distribution	
production-1993-vol1	952	HYPHEN	blankgap	0	prelimi	nary	preliminary	
production-1993-vol1	953	HYPHEN	blankgap	0	distri	bution	distribution	
production-1993-vol1	953	HYPHEN	blankgap	0	modifica	tions	modifications	
production-1993-vol1	955	HYPHEN	blankgap	0	fa	cility	facility	
production-1993-vol1	955	HYPHEN	blankgap	0	reno	vations	renovations	
production-1993-vol1	956	HYPHEN	blankgap	0	au	thorized	authorized	
production-1993-vol1	958	HYPHEN	blankgap	0	ac	cordance	accordance	
production-1993-vol1	958	HYPHEN	blankgap	0	propo	sition	proposition	
production-1993-vol1	958	HYPHEN	blankgap	0	appropria	tion	appropriation	
production-1993-vol1	961	HYPHEN	blankgap	0	li	brary	library	
production-1993-vol1	967	HYPHEN	blankgap	0	ac	quisition	acquisition	
production-1993-vol1	967	HYPHEN	blankgap	0	de	velopment	development	
production-1993-vol1	968	HYPHEN	blankgap	0	reap	propriated	reappropriated	
production-1993-vol1	970	HYPHEN	blankgap	0	reappro	priated	reappropriated	
production-1993-vol1	983	HYPHEN	blankgap	0	dis	tricts	districts	
production-1993-vol1	984	HYPHEN	blankgap	0	remod	el	remodel	
production-1993-vol1	992	HYPHEN	blankgap	0	archi	tectural	architectural	
production-1993-vol2	1861	HYPHEN	blankgap	0	equaliza	tion	equalization	
production-1993-vol2	1863	HYPHEN	blankgap	0	pro	tection	protection	
production-1993-vol2	2057	HYPHEN	blankgap	0	nongovern	mental	nongovernmental	
production-1993-vol3	1468	HYPHEN	blankgap	0	preser	vation	preservation	
production-1993-vol3	1918	HYPHEN	blankgap	0	ex	perienced	experienced	
production-1993-vol3	1926	HYPHEN	blankgap	0	munici	pal	municipal	
production-1993-vol3	1926	HYPHEN	blankgap	0	munici	pal	municipal	
production-1993-vol3	1926	HYPHEN	blankgap	0	munici	pal	municipal	
production-1993-vol3	1964	HYPHEN	blankgap	0	coordina	tor	coordinator	
production-1993-vol5	493	HYPHEN	blankgap	0	dis	trict	district	
production-1993-vol5	552	HYPHEN	blankgap	0	en	hancement	enhancement	
production-1994-vol1	110	HYPHEN	blankgap	0	ini	tiative	initiative	
production-1994-vol1	1253	HYPHEN	blankgap	0	legisla	tive	legislative	
production-1994-vol1	1253	HYPHEN	blankgap	0	leg	islative	legislative	
production-1994-vol1	1255	HYPHEN	blankgap	0	stan	dards	standards	
production-1994-vol1	1255	HYPHEN	blankgap	0	inter	preters	interpreters	
production-1994-vol1	1271	HYPHEN	blankgap	0	nongov	ernmental	nongovernmental	
production-1994-vol1	1271	HYPHEN	blankgap	0	trans	portation	transportation	
production-1994-vol1	1271	HYPHEN	blankgap	0	transporta	tion	transportation	
production-1994-vol1	1271	HYPHEN	blankgap	0	occupa	tional	occupational	
production-1994-vol1	1272	HYPHEN	blankgap	0	op	erations	operations	
production-1994-vol1	1277	HYPHEN	blankgap	0	ad	visory	advisory	
production-1994-vol1	1278	HYPHEN	blankgap	0	alloca	tion	allocation	
production-1994-vol1	1279	HYPHEN	blankgap	0	exposi	tion	exposition	
production-1994-vol1	1299	HYPHEN	blankgap	0	feasi	bility	feasibility	
production-1994-vol1	1302	HYPHEN	blankgap	0	prop	erty	property	
production-1994-vol1	1302	HYPHEN	blankgap	0	archi	tecture	architecture	
production-1994-vol1	1303	HYPHEN	blankgap	0	archi	tecture	architecture	
production-1994-vol1	1310	HYPHEN	blankgap	0	im	provements	improvements	
production-1994-vol1	1311	HYPHEN	blankgap	0	mainte	nance	maintenance	
production-1994-vol1	1311	HYPHEN	blankgap	0	ma	sonry	masonry	
production-1994-vol1	1313	HYPHEN	blankgap	0	audi	torium	auditorium	
production-1994-vol1	1315	HYPHEN	blankgap	0	ma	sonry	masonry	
production-1994-vol1	1327	HYPHEN	blankgap	0	mainte	nance	maintenance	
production-1994-vol1	1328	HYPHEN	blankgap	0	encum	brance	encumbrance	
production-1994-vol1	1333	HYPHEN	blankgap	0	emer	gency	emergency	
production-1994-vol1	1333	HYPHEN	blankgap	0	prede	velopment	predevelopment	
production-1994-vol1	1336	HYPHEN	blankgap	0	notwith	standing	notwithstanding	
production-1994-vol1	1336	HYPHEN	blankgap	0	adminis	trative	administrative	
production-1994-vol1	1336	HYPHEN	margin	6	in	flects	inflects	formational purposes only This estimate re
production-1994-vol1	1337	HYPHEN	blankgap	0	reg	ulatory	regulatory	
production-1994-vol1	1338	HYPHEN	margin	2	re	gional	regional	lief | Interre
production-1994-vol1	1338	HYPHEN	blankgap	0	interre	gional	interregional	
production-1994-vol1	1338	HYPHEN	blankgap	0	rehabili	tation	rehabilitation	
production-1994-vol1	1344	HYPHEN	blankgap	0	trans	portation	transportation	
production-1994-vol1	1346	HYPHEN	blankgap	0	transporta	tion	transportation	
production-1994-vol1	1347	HYPHEN	blankgap	0	trans	portation	transportation	
production-1994-vol1	1351	HYPHEN	blankgap	0	appro	priated	appropriated	
production-1994-vol1	1351	HYPHEN	blankgap	0	expendi	ture	expenditure	
production-1994-vol1	1356	HYPHEN	blankgap	0	haz	ardous	hazardous	
production-1994-vol1	1358	HYPHEN	blankgap	0	ve	hicles	vehicles	
production-1994-vol1	1371	HYPHEN	blankgap	0	envi	ronment	environment	
production-1994-vol1	1371	HYPHEN	blankgap	0	conser	vancy	conservancy	
production-1994-vol1	1372	HYPHEN	blankgap	0	expen	diture	expenditure	
production-1994-vol1	1372	HYPHEN	blankgap	0	reap	propriated	reappropriated	
production-1994-vol1	1372	HYPHEN	blankgap	0	reap	propriated	reappropriated	
production-1994-vol1	1376	HYPHEN	blankgap	0	revolv	ing	revolving	
production-1994-vol1	1376	HYPHEN	blankgap	0	pe	troleum	petroleum	
production-1994-vol1	1377	HYPHEN	blankgap	0	expendi	ture	expenditure	
production-1994-vol1	1378	HYPHEN	blankgap	0	de	cember	december	
production-1994-vol1	1379	HYPHEN	blankgap	0	pro	tection	protection	
production-1994-vol1	1379	HYPHEN	blankgap	0	trans	portation	transportation	
production-1994-vol1	1385	HYPHEN	blankgap	0	op	portunity	opportunity	
production-1994-vol1	1385	HYPHEN	blankgap	0	apprais	als	appraisals	
production-1994-vol1	1387	HYPHEN	blankgap	0	preserva	tion	preservation	
production-1994-vol1	1387	HYPHEN	blankgap	0	reg	ulations	regulations	
production-1994-vol1	1387	HYPHEN	blankgap	0	re	sponse	response	
production-1994-vol1	1387	HYPHEN	blankgap	0	preserva	tion	preservation	
production-1994-vol1	1389	HYPHEN	blankgap	0	preser	vation	preservation	
production-1994-vol1	1392	HYPHEN	blankgap	0	reim	bursement	reimbursement	
production-1994-vol1	1392	HYPHEN	blankgap	0	mon	terey	monterey	
production-1994-vol1	1406	HYPHEN	blankgap	0	rob	erti	roberti	
production-1994-vol1	1406	HYPHEN	blankgap	0	recre	ational	recreational	
production-1994-vol1	1409	HYPHEN	blankgap	0	ex	penditure	expenditure	
production-1994-vol1	1410	HYPHEN	blankgap	0	expendi	ture	expenditure	
production-1994-vol1	1415	HYPHEN	margin	14	con	ferred	conferred	servation and Enforcement Services Account in | the Off Highway Vehicle Fund shall be trans
production-1994-vol1	1421	HYPHEN	blankgap	0	conser	vancy	conservancy	
production-1994-vol1	1440	HYPHEN	blankgap	0	re	ceipts	receipts	
production-1994-vol1	1440	HYPHEN	blankgap	0	ac	cident	accident	
production-1994-vol1	1442	HYPHEN	blankgap	0	subdi	vision	subdivision	
production-1994-vol1	1443	HYPHEN	blankgap	0	reme	diation	remediation	
production-1994-vol1	1444	HYPHEN	blankgap	0	re	sponse	response	
production-1994-vol1	1445	HYPHEN	blankgap	0	sched	ules	schedules	
production-1994-vol1	1445	HYPHEN	blankgap	0	haz	ardous	hazardous	
production-1994-vol1	1445	HYPHEN	blankgap	0	envi	ronmental	environmental	
production-1994-vol1	1447	HYPHEN	blankgap	0	emer	gency	emergency	
production-1994-vol1	1449	HYPHEN	blankgap	0	in	surance	insurance	
production-1994-vol1	145	HYPHEN	margin	10	trans	portation	transportation	ferring suspending or revoking any license for the manufacture im
production-1994-vol1	1451	HYPHEN	blankgap	0	notwithstand	ing	notwithstanding	
production-1994-vol1	1451	HYPHEN	blankgap	0	edu	cational	educational	
production-1994-vol1	1458	HYPHEN	blankgap	0	occu	pational	occupational	
production-1994-vol1	1458	HYPHEN	blankgap	0	envi	ronmental	environmental	
production-1994-vol1	1458	HYPHEN	blankgap	0	ge	netic	genetic	
production-1994-vol1	1459	HYPHEN	blankgap	0	emer	gency	emergency	
production-1994-vol1	1459	HYPHEN	blankgap	0	supplemen	tal	supplemental	
production-1994-vol1	1461	HYPHEN	blankgap	0	trans	portation	transportation	
production-1994-vol1	1463	HYPHEN	blankgap	0	im	provement	improvement	
production-1994-vol1	1465	HYPHEN	blankgap	0	oth	erwise	otherwise	
production-1994-vol1	1470	HYPHEN	blankgap	0	reim	bursement	reimbursement	
production-1994-vol1	1472	HYPHEN	blankgap	0	im	munization	immunization	
production-1994-vol1	1472	HYPHEN	blankgap	0	cur	rently	currently	
production-1994-vol1	1472	HYPHEN	blankgap	0	disabil	ity	disability	
production-1994-vol1	1472	HYPHEN	blankgap	0	reim	bursement	reimbursement	
production-1994-vol1	1473	HYPHEN	margin	7	re	cipients	recipients	quest for a proposal reaches appropriate re
production-1994-vol1	1474	HYPHEN	blankgap	0	ap	propriated	appropriated	
production-1994-vol1	1476	HYPHEN	blankgap	0	labo	ratory	laboratory	
production-1994-vol1	1477	HYPHEN	blankgap	0	devel	opmental	developmental	
production-1994-vol1	1480	HYPHEN	blankgap	0	de	velopmental	developmental	
production-1994-vol1	1480	HYPHEN	blankgap	0	de	velopment	development	
production-1994-vol1	1482	HYPHEN	blankgap	0	de	velopmental	developmental	
production-1994-vol1	1482	HYPHEN	blankgap	0	disabil	ities	disabilities	
production-1994-vol1	1482	HYPHEN	margin	7	de	velopmental	developmental	termine | For local assistance Department of De
production-1994-vol1	1483	HYPHEN	blankgap	0	de	velopmental	developmental	
production-1994-vol1	1483	HYPHEN	blankgap	0	encum	brance	encumbrance	
production-1994-vol1	1487	HYPHEN	blankgap	0	subdivi	sion	subdivision	
production-1994-vol1	1489	HYPHEN	blankgap	0	appro	priation	appropriation	
production-1994-vol1	1493	HYPHEN	blankgap	0	compensa	tion	compensation	
production-1994-vol1	1494	HYPHEN	blankgap	0	as	sistance	assistance	
production-1994-vol1	1495	HYPHEN	blankgap	0	disabil	ity	disability	
production-1994-vol1	1497	HYPHEN	blankgap	0	ap	propriate	appropriate	
production-1994-vol1	1498	HYPHEN	blankgap	0	admin	istration	administration	
production-1994-vol1	1505	HYPHEN	blankgap	0	reha	bilitation	rehabilitation	
production-1994-vol1	1505	HYPHEN	blankgap	0	as	bestos	asbestos	
production-1994-vol1	1524	HYPHEN	blankgap	0	limi	tations	limitations	
production-1994-vol1	1524	HYPHEN	blankgap	0	ex	penditure	expenditure	
production-1994-vol1	1527	HYPHEN	blankgap	0	petro	leum	petroleum	
production-1994-vol1	1533	HYPHEN	blankgap	0	prelimi	nary	preliminary	
production-1994-vol1	1534	HYPHEN	blankgap	0	expen	diture	expenditure	
production-1994-vol1	1538	HYPHEN	margin	9	in	sulting	insulting	tent of the Legislature that any net savings re
production-1994-vol1	1539	HYPHEN	blankgap	0	ed	ucation	education	
production-1994-vol1	1548	HYPHEN	blankgap	0	expendi	ture	expenditure	
production-1994-vol1	1549	HYPHEN	blankgap	0	li	brary	library	
production-1994-vol1	1552	HYPHEN	blankgap	0	ed	ucation	education	
production-1994-vol1	1554	HYPHEN	blankgap	0	ap	portionments	apportionments	
production-1994-vol1	1554	HYPHEN	blankgap	0	ap	portionments	apportionments	
production-1994-vol1	1555	HYPHEN	blankgap	0	autho	rized	authorized	
production-1994-vol1	1560	HYPHEN	blankgap	0	ed	ucation	education	
production-1994-vol1	1560	HYPHEN	blankgap	0	math	ematics	mathematics	
production-1994-vol1	1562	HYPHEN	blankgap	0	ed	ucation	education	
production-1994-vol1	1570	HYPHEN	blankgap	0	ed	ucation	education	
production-1994-vol1	1571	HYPHEN	blankgap	0	ed	ucation	education	
production-1994-vol1	1574	HYPHEN	blankgap	0	par	ticipation	participation	
production-1994-vol1	1574	HYPHEN	blankgap	0	ed	ucation	education	
production-1994-vol1	1575	HYPHEN	blankgap	0	ed	ucation	education	
production-1994-vol1	1575	HYPHEN	margin	9	de	velopment	development	partment of Finance and the Office of Child De
production-1994-vol1	1575	HYPHEN	blankgap	0	ed	ucation	education	
production-1994-vol1	1575	HYPHEN	blankgap	0	su	perintendent	superintendent	
production-1994-vol1	1582	HYPHEN	blankgap	0	au	dited	audited	
production-1994-vol1	1582	HYPHEN	blankgap	0	expen	diture	expenditure	
production-1994-vol1	1582	HYPHEN	blankgap	0	compre	hensive	comprehensive	
production-1994-vol1	1587	HYPHEN	blankgap	0	postsec	ondary	postsecondary	
production-1994-vol1	1590	HYPHEN	blankgap	0	propo	sition	proposition	
production-1994-vol1	1597	HYPHEN	blankgap	0	im	provements	improvements	
production-1994-vol1	1599	HYPHEN	blankgap	0	ac	cordance	accordance	
production-1994-vol1	1599	HYPHEN	blankgap	0	propo	sition	proposition	
production-1994-vol1	1610	HYPHEN	blankgap	0	cam	puswide	campuswide	
production-1994-vol1	1614	HYPHEN	blankgap	0	distri	buted	distributed	
production-1994-vol1	1616	HYPHEN	blankgap	0	proposi	tion	proposition	
production-1994-vol1	1628	HYPHEN	blankgap	0	of	fices	offices	
production-1994-vol1	1637	HYPHEN	blankgap	0	reappro	priated	reappropriated	
production-1994-vol1	1646	HYPHEN	blankgap	0	de	linquency	delinquency	
production-1994-vol1	1646	HYPHEN	blankgap	0	of	ficer	officer	
production-1994-vol1	1648	HYPHEN	blankgap	0	pre	senting	presenting	
production-1994-vol1	1648	HYPHEN	blankgap	0	pre	senting	presenting	
production-1994-vol1	1649	HYPHEN	blankgap	0	pre	senting	presenting	
production-1994-vol1	1657	HYPHEN	blankgap	0	compen	sation	compensation	
production-1994-vol1	1660	HYPHEN	blankgap	0	expo	sition	exposition	
production-1994-vol1	1662	HYPHEN	margin	15	pro	tection	protection	vided by subdivision b of Section of the | Food and Agricultural Code for emergency de
production-1994-vol1	1665	HYPHEN	margin	16	pro	fessions	professions	vision of law all funds appropriated for California | fairs and expositions pursuant to Business and Pro
production-1994-vol1	1667	HYPHEN	blankgap	0	transporta	tion	transportation	
production-1994-vol1	1667	HYPHEN	blankgap	0	restitu	tion	restitution	
production-1994-vol1	1675	HYPHEN	blankgap	0	presi	dential	presidential	
production-1994-vol1	1675	HYPHEN	blankgap	0	benefi	ciary	beneficiary	
production-1994-vol1	1686	HYPHEN	blankgap	0	ap	propriate	appropriate	
production-1994-vol1	1686	HYPHEN	blankgap	0	ap	propriate	appropriate	
production-1994-vol1	1687	HYPHEN	margin	16	com	partments	compartments	promises and judgments against the state its offic | ers servants and employees of state agencies de
production-1994-vol1	1691	HYPHEN	blankgap	0	com	pensation	compensation	
production-1994-vol1	1694	HYPHEN	blankgap	0	emer	gencies	emergencies	
production-1994-vol1	1694	HYPHEN	blankgap	0	nongovernmen	tal	nongovernmental	
production-1994-vol1	1695	HYPHEN	blankgap	0	emer	gencies	emergencies	
production-1994-vol1	1695	HYPHEN	blankgap	0	nongovernmen	tal	nongovernmental	
production-1994-vol1	21	HYPHEN	blankgap	0	ma	jority	majority	
production-1994-vol1	358	HYPHEN	blankgap	0	commis	sioner	commissioner	
production-1994-vol2	1597	HYPHEN	blankgap	0	nongovern	mental	nongovernmental	
production-1994-vol2	1601	HYPHEN	blankgap	0	pollu	tion	pollution	
production-1994-vol2	1606	HYPHEN	blankgap	0	envi	ronmental	environmental	
production-1994-vol2	1606	HYPHEN	blankgap	0	ge	netic	genetic	
production-1994-vol2	1606	HYPHEN	blankgap	0	emer	gency	emergency	
production-1994-vol2	1606	HYPHEN	blankgap	0	supplemen	tal	supplemental	
production-1994-vol2	1610	HYPHEN	blankgap	0	im	munization	immunization	
production-1994-vol2	1610	HYPHEN	blankgap	0	cur	rently	currently	
production-1994-vol2	1611	HYPHEN	margin	7	re	cipients	recipients	quest for a proposal reaches appropriate re
production-1994-vol2	1616	HYPHEN	blankgap	0	incen	tive	incentive	
production-1994-vol2	1617	HYPHEN	blankgap	0	postsec	ondary	postsecondary	
production-1994-vol2	1618	HYPHEN	blankgap	0	com	mencing	commencing	
production-1994-vol2	395	HYPHEN	blankgap	0	fa	cility	facility	
production-1994-vol3	1848	HYPHEN	blankgap	0	ex	perienced	experienced	
production-1994-vol3	1919	HYPHEN	blankgap	0	coordina	tor	coordinator	
production-1994-vol5	1010	HYPHEN	blankgap	0	defi	ciencies	deficiencies	
production-1994-vol5	568	HYPHEN	blankgap	0	appro	priation	appropriation	
production-1994-vol5	581	HYPHEN	blankgap	0	cor	poration	corporation	
production-1994-vol5	750	HYPHEN	blankgap	0	appro	priated	appropriated	
production-1995-vol1	105	HYPHEN	blankgap	0	ini	tiative	initiative	
production-1995-vol1	1295	HYPHEN	blankgap	0	leg	islative	legislative	
production-1995-vol1	1306	HYPHEN	blankgap	0	attor	ney	attorney	
production-1995-vol1	1306	HYPHEN	blankgap	0	fin	gerprint	fingerprint	
production-1995-vol1	1306	HYPHEN	blankgap	0	narcot	ics	narcotics	
production-1995-vol1	1308	HYPHEN	margin	15	de	ceive	deceive	partment of Justice shall provide direct access to | any law enforcement agency authorized to re
production-1995-vol1	1311	HYPHEN	blankgap	0	nongovern	mental	nongovernmental	
production-1995-vol1	1321	HYPHEN	blankgap	0	equaliza	tion	equalization	
production-1995-vol1	1321	HYPHEN	blankgap	0	equaliza	tion	equalization	
production-1995-vol1	1321	HYPHEN	blankgap	0	equaliza	tion	equalization	
production-1995-vol1	1321	HYPHEN	blankgap	0	equaliza	tion	equalization	
production-1995-vol1	1321	HYPHEN	blankgap	0	equaliza	tion	equalization	
production-1995-vol1	1321	HYPHEN	blankgap	0	equaliza	tion	equalization	
production-1995-vol1	1321	HYPHEN	blankgap	0	equaliza	tion	equalization	
production-1995-vol1	1321	HYPHEN	blankgap	0	equaliza	tion	equalization	
production-1995-vol1	1321	HYPHEN	blankgap	0	equaliza	tion	equalization	
production-1995-vol1	1321	HYPHEN	blankgap	0	equaliza	tion	equalization	
production-1995-vol1	1321	HYPHEN	blankgap	0	equaliza	tion	equalization	
production-1995-vol1	1323	HYPHEN	blankgap	0	presi	dential	presidential	
production-1995-vol1	1324	HYPHEN	blankgap	0	ad	visory	advisory	
production-1995-vol1	1325	HYPHEN	blankgap	0	fi	nancing	financing	
production-1995-vol1	1325	HYPHEN	blankgap	0	alloca	tion	allocation	
production-1995-vol1	1326	HYPHEN	blankgap	0	exposi	tion	exposition	
production-1995-vol1	1338	HYPHEN	blankgap	0	cer	tification	certification	
production-1995-vol1	1338	HYPHEN	blankgap	0	haz	ardous	hazardous	
production-1995-vol1	1340	HYPHEN	blankgap	0	preserva	tion	preservation	
production-1995-vol1	1344	HYPHEN	blankgap	0	prop	erty	property	
production-1995-vol1	1345	HYPHEN	blankgap	0	archi	tecture	architecture	
production-1995-vol1	1345	HYPHEN	blankgap	0	archi	tecture	architecture	
production-1995-vol1	1348	HYPHEN	blankgap	0	appro	priate	appropriate	
production-1995-vol1	1350	HYPHEN	blankgap	0	underu	tilized	underutilized	
production-1995-vol1	1357	HYPHEN	blankgap	0	prelimi	nary	preliminary	
production-1995-vol1	1358	HYPHEN	blankgap	0	ret	rofit	retrofit	
production-1995-vol1	1361	HYPHEN	blankgap	0	au	thority	authority	
production-1995-vol1	1363	HYPHEN	blankgap	0	expen	diture	expenditure	
production-1995-vol1	1365	HYPHEN	blankgap	0	expendi	tures	expenditures	
production-1995-vol1	1371	HYPHEN	blankgap	0	mainte	nance	maintenance	
production-1995-vol1	1376	HYPHEN	blankgap	0	prede	velopment	predevelopment	
production-1995-vol1	1377	HYPHEN	blankgap	0	reim	bursement	reimbursement	
production-1995-vol1	1377	HYPHEN	blankgap	0	con	stitution	constitution	
production-1995-vol1	1377	HYPHEN	blankgap	0	apprais	ers	appraisers	
production-1995-vol1	1377	HYPHEN	blankgap	0	reg	ulatory	regulatory	
production-1995-vol1	1382	HYPHEN	margin	18	of	fices	offices	fice of Legislative Affairs and to limit the total | amount of expenditure for each of these two of
production-1995-vol1	1384	HYPHEN	blankgap	0	trans	portation	transportation	
production-1995-vol1	1387	HYPHEN	blankgap	0	de	velopment	development	
production-1995-vol1	1389	HYPHEN	blankgap	0	transporta	tion	transportation	
production-1995-vol1	1389	HYPHEN	blankgap	0	trans	portation	transportation	
production-1995-vol1	1390	HYPHEN	blankgap	0	trans	portation	transportation	
production-1995-vol1	1395	HYPHEN	blankgap	0	appro	priated	appropriated	
production-1995-vol1	1395	HYPHEN	blankgap	0	expendi	ture	expenditure	
production-1995-vol1	1395	HYPHEN	blankgap	0	im	provement	improvement	
production-1995-vol1	1396	HYPHEN	blankgap	0	ap	propriations	appropriations	
production-1995-vol1	140	HYPHEN	margin	10	trans	portation	transportation	ferring suspending or revoking any license for the manufacture im
production-1995-vol1	1401	HYPHEN	blankgap	0	ve	hicles	vehicles	
production-1995-vol1	1410	HYPHEN	blankgap	0	envi	ronment	environment	
production-1995-vol1	1411	HYPHEN	blankgap	0	expen	diture	expenditure	
production-1995-vol1	1417	HYPHEN	blankgap	0	pe	troleum	petroleum	
production-1995-vol1	1418	HYPHEN	blankgap	0	su	baccount	subaccount	
production-1995-vol1	1419	HYPHEN	blankgap	0	expendi	ture	expenditure	
production-1995-vol1	1421	HYPHEN	blankgap	0	trans	portation	transportation	
production-1995-vol1	1421	HYPHEN	blankgap	0	rec	lamation	reclamation	
production-1995-vol1	1423	HYPHEN	blankgap	0	profes	sional	professional	
production-1995-vol1	1425	HYPHEN	blankgap	0	op	erations	operations	
production-1995-vol1	1425	HYPHEN	blankgap	0	im	provement	improvement	
production-1995-vol1	1426	HYPHEN	blankgap	0	for	estry	forestry	
production-1995-vol1	1426	HYPHEN	blankgap	0	acqui	sition	acquisition	
production-1995-vol1	1426	HYPHEN	blankgap	0	acquisi	tion	acquisition	
production-1995-vol1	1426	HYPHEN	blankgap	0	prelimi	nary	preliminary	
production-1995-vol1	1427	HYPHEN	blankgap	0	emer	gency	emergency	
production-1995-vol1	1427	HYPHEN	blankgap	0	acqui	sition	acquisition	
production-1995-vol1	1431	HYPHEN	blankgap	0	re	sponse	response	
production-1995-vol1	1432	HYPHEN	blankgap	0	preser	vation	preservation	
production-1995-vol1	1433	HYPHEN	blankgap	0	preserva	tion	preservation	
production-1995-vol1	1437	HYPHEN	blankgap	0	cal	ifornia	california	
production-1995-vol1	1437	HYPHEN	blankgap	0	wa	terfowl	waterfowl	
production-1995-vol1	1438	HYPHEN	blankgap	0	en	vironmental	environmental	
production-1995-vol1	1438	HYPHEN	blankgap	0	cal	ifornia	california	
production-1995-vol1	1449	HYPHEN	blankgap	0	conser	vancy	conservancy	
production-1995-vol1	1450	HYPHEN	blankgap	0	en	hancement	enhancement	
production-1995-vol1	1450	HYPHEN	blankgap	0	en	hancement	enhancement	
production-1995-vol1	1455	HYPHEN	blankgap	0	pal	omares	palomares	
production-1995-vol1	1455	HYPHEN	blankgap	0	ac	quisition	acquisition	
production-1995-vol1	1456	HYPHEN	blankgap	0	expendi	ture	expenditure	
production-1995-vol1	1460	HYPHEN	blankgap	0	recre	ational	recreational	
production-1995-vol1	1460	HYPHEN	blankgap	0	trans	ferred	transferred	
production-1995-vol1	1460	HYPHEN	blankgap	0	autho	rized	authorized	
production-1995-vol1	1460	HYPHEN	blankgap	0	in	tervals	intervals	
production-1995-vol1	1461	HYPHEN	blankgap	0	ap	propriations	appropriations	
production-1995-vol1	1468	HYPHEN	blankgap	0	pollu	tion	pollution	
production-1995-vol1	1479	HYPHEN	blankgap	0	envi	ronmental	environmental	
production-1995-vol1	1479	HYPHEN	blankgap	0	envi	ronmental	environmental	
production-1995-vol1	1479	HYPHEN	blankgap	0	pro	tection	protection	
production-1995-vol1	1483	HYPHEN	blankgap	0	re	ceipts	receipts	
production-1995-vol1	1483	HYPHEN	blankgap	0	re	sponse	response	
production-1995-vol1	1484	HYPHEN	blankgap	0	reme	diation	remediation	
production-1995-vol1	1486	HYPHEN	blankgap	0	ac	cident	accident	
production-1995-vol1	1486	HYPHEN	blankgap	0	augmen	tation	augmentation	
production-1995-vol1	1486	HYPHEN	blankgap	0	envi	ronmental	environmental	
production-1995-vol1	1488	HYPHEN	blankgap	0	emer	gency	emergency	
production-1995-vol1	1488	HYPHEN	blankgap	0	emer	gency	emergency	
production-1995-vol1	1495	HYPHEN	blankgap	0	in	surance	insurance	
production-1995-vol1	1496	HYPHEN	margin	18	pro	priation	propriation	vided in the following citation shall revert to the | fund balance of the fund from which the appro
production-1995-vol1	1506	HYPHEN	blankgap	0	occu	pational	occupational	
production-1995-vol1	1526	HYPHEN	blankgap	0	benefi	ciary	beneficiary	
production-1995-vol1	1528	HYPHEN	blankgap	0	devel	opmental	developmental	
production-1995-vol1	1531	HYPHEN	blankgap	0	commenc	ing	commencing	
production-1995-vol1	1531	HYPHEN	blankgap	0	insti	tutions	institutions	
production-1995-vol1	1532	HYPHEN	blankgap	0	de	velopmental	developmental	
production-1995-vol1	1533	HYPHEN	blankgap	0	de	velopment	development	
production-1995-vol1	1534	HYPHEN	blankgap	0	de	velopmental	developmental	
production-1995-vol1	1534	HYPHEN	blankgap	0	disabil	ities	disabilities	
production-1995-vol1	1535	HYPHEN	margin	7	de	velopmental	developmental	termine | For local assistance Department of De
production-1995-vol1	1535	HYPHEN	blankgap	0	ex	isting	existing	
production-1995-vol1	1537	HYPHEN	blankgap	0	encum	brance	encumbrance	
production-1995-vol1	1540	HYPHEN	blankgap	0	prop	osition	proposition	
production-1995-vol1	1544	HYPHEN	blankgap	0	disor	dered	disordered	
production-1995-vol1	1549	HYPHEN	blankgap	0	compensa	tion	compensation	
production-1995-vol1	1551	HYPHEN	blankgap	0	disabil	ity	disability	
production-1995-vol1	1553	HYPHEN	blankgap	0	admin	istration	administration	
production-1995-vol1	1558	HYPHEN	blankgap	0	ret	rofit	retrofit	
production-1995-vol1	1563	HYPHEN	margin	10	re	spective	respective	port and shall be repaid as a deduction from re
production-1995-vol1	1578	HYPHEN	blankgap	0	limi	tations	limitations	
production-1995-vol1	1578	HYPHEN	blankgap	0	ex	penditure	expenditure	
production-1995-vol1	1591	HYPHEN	margin	4	re	gency	regency	ception Center Wasco Emer
production-1995-vol1	1595	HYPHEN	blankgap	0	cor	rections	corrections	
production-1995-vol1	1597	HYPHEN	blankgap	0	ex	penditure	expenditure	
production-1995-vol1	1597	HYPHEN	blankgap	0	ex	penditure	expenditure	
production-1995-vol1	1600	HYPHEN	blankgap	0	ed	ucation	education	
production-1995-vol1	1601	HYPHEN	blankgap	0	fenc	ing	fencing	
production-1995-vol1	1601	HYPHEN	blankgap	0	prelimi	nary	preliminary	
production-1995-vol1	1601	HYPHEN	blankgap	0	prelimi	nary	preliminary	
production-1995-vol1	1601	HYPHEN	blankgap	0	prelimi	nary	preliminary	
production-1995-vol1	1606	HYPHEN	blankgap	0	acquisi	tion	acquisition	
production-1995-vol1	1608	HYPHEN	blankgap	0	li	brary	library	
production-1995-vol1	1611	HYPHEN	blankgap	0	ed	ucation	education	
production-1995-vol1	1611	HYPHEN	blankgap	0	propo	sition	proposition	
production-1995-vol1	1613	HYPHEN	blankgap	0	ap	portionments	apportionments	
production-1995-vol1	1613	HYPHEN	blankgap	0	ap	portionments	apportionments	
production-1995-vol1	1615	HYPHEN	blankgap	0	ed	ucation	education	
production-1995-vol1	1623	HYPHEN	blankgap	0	ed	ucation	education	
production-1995-vol1	1625	HYPHEN	blankgap	0	ex	ceptional	exceptional	
production-1995-vol1	1630	HYPHEN	blankgap	0	ac	tivities	activities	
production-1995-vol1	1632	HYPHEN	blankgap	0	ed	ucation	education	
production-1995-vol1	1633	HYPHEN	blankgap	0	vo	cational	vocational	
production-1995-vol1	1633	HYPHEN	blankgap	0	ed	ucation	education	
production-1995-vol1	1634	HYPHEN	blankgap	0	ac	cordance	accordance	
production-1995-vol1	1640	HYPHEN	blankgap	0	reim	bursement	reimbursement	
production-1995-vol1	1645	HYPHEN	blankgap	0	ed	ucation	education	
production-1995-vol1	1646	HYPHEN	blankgap	0	ed	ucation	education	
production-1995-vol1	1646	HYPHEN	blankgap	0	ed	ucation	education	
production-1995-vol1	1646	HYPHEN	blankgap	0	su	perintendent	superintendent	
production-1995-vol1	1649	HYPHEN	blankgap	0	ed	ucation	education	
production-1995-vol1	1649	HYPHEN	blankgap	0	su	perintendent	superintendent	
production-1995-vol1	1655	HYPHEN	blankgap	0	admin	istering	administering	
production-1995-vol1	1656	HYPHEN	blankgap	0	ac	cordance	accordance	
production-1995-vol1	1656	HYPHEN	blankgap	0	ex	isting	existing	
production-1995-vol1	1656	HYPHEN	blankgap	0	moni	toring	monitoring	
production-1995-vol1	1659	HYPHEN	blankgap	0	propo	sition	proposition	
production-1995-vol1	1666	HYPHEN	blankgap	0	ac	cordance	accordance	
production-1995-vol1	1667	HYPHEN	blankgap	0	propo	sition	proposition	
production-1995-vol1	1667	HYPHEN	blankgap	0	appropria	tion	appropriation	
production-1995-vol1	1670	HYPHEN	blankgap	0	li	brary	library	
production-1995-vol1	1670	HYPHEN	blankgap	0	sys	temwide	systemwide	
production-1995-vol1	1670	HYPHEN	blankgap	0	gym	nasium	gymnasium	
production-1995-vol1	1670	HYPHEN	blankgap	0	li	brary	library	
production-1995-vol1	1675	HYPHEN	blankgap	0	li	brary	library	
production-1995-vol1	1675	HYPHEN	blankgap	0	ven	tilation	ventilation	
production-1995-vol1	1680	HYPHEN	blankgap	0	expendi	ture	expenditure	
production-1995-vol1	1681	HYPHEN	blankgap	0	ac	tivities	activities	
production-1995-vol1	1681	HYPHEN	blankgap	0	distri	buted	distributed	
production-1995-vol1	1692	HYPHEN	blankgap	0	dis	trict	district	
production-1995-vol1	1694	HYPHEN	blankgap	0	dis	tricts	districts	
production-1995-vol1	1694	HYPHEN	blankgap	0	efficien	cy	efficiency	
production-1995-vol1	1699	HYPHEN	blankgap	0	reg	ulations	regulations	
production-1995-vol1	1699	HYPHEN	blankgap	0	reinsur	ance	reinsurance	
production-1995-vol1	1705	HYPHEN	blankgap	0	de	linquency	delinquency	
production-1995-vol1	1705	HYPHEN	blankgap	0	suppres	sion	suppression	
production-1995-vol1	1705	HYPHEN	blankgap	0	delin	quency	delinquency	
production-1995-vol1	1708	HYPHEN	blankgap	0	ve	hicle	vehicle	
production-1995-vol1	1708	HYPHEN	blankgap	0	pre	senting	presenting	
production-1995-vol1	1709	HYPHEN	blankgap	0	pre	senting	presenting	
production-1995-vol1	1710	HYPHEN	blankgap	0	com	pensation	compensation	
production-1995-vol1	1710	HYPHEN	blankgap	0	em	ployee	employee	
production-1995-vol1	1710	HYPHEN	blankgap	0	promulga	tion	promulgation	
production-1995-vol1	1710	HYPHEN	blankgap	0	adjudi	cation	adjudication	
production-1995-vol1	1716	HYPHEN	blankgap	0	ex	isting	existing	
production-1995-vol1	1718	HYPHEN	blankgap	0	compensa	tion	compensation	
production-1995-vol1	1718	HYPHEN	blankgap	0	de	ferred	deferred	
production-1995-vol1	1718	HYPHEN	blankgap	0	com	pensation	compensation	
production-1995-vol1	1719	HYPHEN	blankgap	0	in	surance	insurance	
production-1995-vol1	1720	HYPHEN	blankgap	0	compen	sation	compensation	
production-1995-vol1	1722	HYPHEN	blankgap	0	expo	sition	exposition	
production-1995-vol1	1723	HYPHEN	blankgap	0	man	agement	management	
production-1995-vol1	1723	HYPHEN	blankgap	0	agricul	ture	agriculture	
production-1995-vol1	1723	HYPHEN	blankgap	0	agricul	tural	agricultural	
production-1995-vol1	1723	HYPHEN	margin	15	pro	tection	protection	vided by subdivision b of Section of the | Food and Agricultural Code for emergency de
production-1995-vol1	1727	HYPHEN	margin	16	pro	fessions	professions	vision of law all funds appropriated for California | fairs and expositions pursuant to Business and Pro
production-1995-vol1	1729	HYPHEN	blankgap	0	restitu	tion	restitution	
production-1995-vol1	1729	HYPHEN	blankgap	0	restitu	tion	restitution	
production-1995-vol1	1733	HYPHEN	blankgap	0	in	curred	incurred	
production-1995-vol1	1737	HYPHEN	blankgap	0	in	termediate	intermediate	
production-1995-vol1	1741	HYPHEN	blankgap	0	con	stitution	constitution	
production-1995-vol1	1741	HYPHEN	blankgap	0	mo	bilehome	mobilehome	
production-1995-vol1	1746	HYPHEN	blankgap	0	ap	propriate	appropriate	
production-1995-vol1	1746	HYPHEN	blankgap	0	ap	propriate	appropriate	
production-1995-vol1	1747	HYPHEN	margin	16	com	partments	compartments	promises and judgments against the state its offic | ers servants and employees of state agencies de
production-1995-vol1	1748	HYPHEN	blankgap	0	set	tlements	settlements	
production-1995-vol1	1749	HYPHEN	blankgap	0	com	pensation	compensation	
production-1995-vol1	1751	HYPHEN	blankgap	0	emer	gencies	emergencies	
production-1995-vol1	1752	HYPHEN	blankgap	0	nongovernmen	tal	nongovernmental	
production-1995-vol1	1752	HYPHEN	blankgap	0	emer	gencies	emergencies	
production-1995-vol1	1753	HYPHEN	blankgap	0	nongovernmen	tal	nongovernmental	
production-1995-vol4	409	HYPHEN	blankgap	0	coordina	tor	coordinator	
production-1996-vol1	108	HYPHEN	blankgap	0	ini	tiative	initiative	
production-1996-vol1	1246	HYPHEN	blankgap	0	ac	quired	acquired	
production-1996-vol1	1246	HYPHEN	blankgap	0	telecommunica	tions	telecommunications	
production-1996-vol1	1250	HYPHEN	blankgap	0	estab	lishing	establishing	
production-1996-vol1	1258	HYPHEN	blankgap	0	attor	ney	attorney	
production-1996-vol1	1258	HYPHEN	blankgap	0	fin	gerprint	fingerprint	
production-1996-vol1	1263	HYPHEN	blankgap	0	envi	ronmental	environmental	
production-1996-vol1	1265	HYPHEN	blankgap	0	nongovern	mental	nongovernmental	
production-1996-vol1	1272	HYPHEN	blankgap	0	expendi	ture	expenditure	
production-1996-vol1	1274	HYPHEN	blankgap	0	occu	pational	occupational	
production-1996-vol1	1278	HYPHEN	blankgap	0	presi	dential	presidential	
production-1996-vol1	1280	HYPHEN	blankgap	0	fi	nancing	financing	
production-1996-vol1	1280	HYPHEN	blankgap	0	alloca	tion	allocation	
production-1996-vol1	1282	HYPHEN	blankgap	0	exposi	tion	exposition	
production-1996-vol1	1282	HYPHEN	blankgap	0	im	provement	improvement	
production-1996-vol1	1291	HYPHEN	blankgap	0	dis	pensing	dispensing	
production-1996-vol1	1292	HYPHEN	blankgap	0	ex	amining	examining	
production-1996-vol1	1293	HYPHEN	blankgap	0	psy	chology	psychology	
production-1996-vol1	1294	HYPHEN	blankgap	0	ex	amining	examining	
production-1996-vol1	1294	HYPHEN	blankgap	0	optome	try	optometry	
production-1996-vol1	1296	HYPHEN	blankgap	0	techni	cians	technicians	
production-1996-vol1	1298	HYPHEN	blankgap	0	as	sistance	assistance	
production-1996-vol1	1301	HYPHEN	blankgap	0	transporta	tion	transportation	
production-1996-vol1	1302	HYPHEN	blankgap	0	cal	ifornia	california	
production-1996-vol1	1304	HYPHEN	blankgap	0	prop	erty	property	
production-1996-vol1	1304	HYPHEN	blankgap	0	archi	tecture	architecture	
production-1996-vol1	1305	HYPHEN	blankgap	0	archi	tecture	architecture	
production-1996-vol1	1317	HYPHEN	blankgap	0	re	verted	reverted	
production-1996-vol1	1317	HYPHEN	blankgap	0	envi	ronmental	environmental	
production-1996-vol1	1319	HYPHEN	blankgap	0	au	thority	authority	
production-1996-vol1	1321	HYPHEN	blankgap	0	ket	tleman	kettleman	
production-1996-vol1	1323	HYPHEN	blankgap	0	vet	erans	veterans	
production-1996-vol1	1323	HYPHEN	blankgap	0	clo	verdale	cloverdale	
production-1996-vol1	1324	HYPHEN	blankgap	0	ber	nardino	bernardino	
production-1996-vol1	1325	HYPHEN	margin	9	emer	gency	emergency	BCUCY vers ysaserarapee pra pesseritevepp ravers | Salinas Monterey Emer
production-1996-vol1	1325	HYPHEN	blankgap	0	emer	gency	emergency	
production-1996-vol1	1326	HYPHEN	blankgap	0	re	garding	regarding	
production-1996-vol1	1326	HYPHEN	blankgap	0	expendi	tures	expenditures	
production-1996-vol1	1334	HYPHEN	blankgap	0	reg	ulatory	regulatory	
production-1996-vol1	1335	HYPHEN	blankgap	0	encum	brance	encumbrance	
production-1996-vol1	1339	HYPHEN	blankgap	0	reim	bursement	reimbursement	
production-1996-vol1	1339	HYPHEN	blankgap	0	con	stitution	constitution	
production-1996-vol1	1339	HYPHEN	blankgap	0	apprais	ers	appraisers	
production-1996-vol1	1340	HYPHEN	blankgap	0	transporta	tion	transportation	
production-1996-vol1	1340	HYPHEN	blankgap	0	trans	portation	transportation	
production-1996-vol1	1340	HYPHEN	blankgap	0	trans	portation	transportation	
production-1996-vol1	1340	HYPHEN	blankgap	0	trans	portation	transportation	
production-1996-vol1	1341	HYPHEN	blankgap	0	trans	portation	transportation	
production-1996-vol1	1341	HYPHEN	blankgap	0	trans	portation	transportation	
production-1996-vol1	1341	HYPHEN	blankgap	0	transporta	tion	transportation	
production-1996-vol1	1341	HYPHEN	blankgap	0	trans	portation	transportation	
production-1996-vol1	1341	HYPHEN	blankgap	0	transporta	tion	transportation	
production-1996-vol1	1343	HYPHEN	blankgap	0	trans	portation	transportation	
production-1996-vol1	1348	HYPHEN	blankgap	0	transporta	tion	transportation	
production-1996-vol1	1349	HYPHEN	blankgap	0	trans	portation	transportation	
production-1996-vol1	1353	HYPHEN	blankgap	0	appro	priated	appropriated	
production-1996-vol1	1353	HYPHEN	blankgap	0	expendi	ture	expenditure	
production-1996-vol1	1354	HYPHEN	blankgap	0	appropria	tions	appropriations	
production-1996-vol1	1354	HYPHEN	blankgap	0	appropria	tions	appropriations	
production-1996-vol1	1357	HYPHEN	blankgap	0	cal	ifornia	california	
production-1996-vol1	1357	HYPHEN	blankgap	0	cal	ifornia	california	
production-1996-vol1	1367	HYPHEN	blankgap	0	envi	ronment	environment	
production-1996-vol1	1368	HYPHEN	blankgap	0	cal	ifornia	california	
production-1996-vol1	1375	HYPHEN	blankgap	0	pe	troleum	petroleum	
production-1996-vol1	1377	HYPHEN	blankgap	0	expendi	ture	expenditure	
production-1996-vol1	1378	HYPHEN	blankgap	0	trans	portation	transportation	
production-1996-vol1	1378	HYPHEN	blankgap	0	rec	lamation	reclamation	
production-1996-vol1	1380	HYPHEN	blankgap	0	envi	ronmental	environmental	
production-1996-vol1	1384	HYPHEN	blankgap	0	op	erations	operations	
production-1996-vol1	1384	HYPHEN	blankgap	0	im	provement	improvement	
production-1996-vol1	1384	HYPHEN	blankgap	0	for	estry	forestry	
production-1996-vol1	1384	HYPHEN	blankgap	0	prelimi	nary	preliminary	
production-1996-vol1	1385	HYPHEN	blankgap	0	fa	cility	facility	
production-1996-vol1	1385	HYPHEN	blankgap	0	emer	gency	emergency	
production-1996-vol1	1385	HYPHEN	blankgap	0	prelimi	nary	preliminary	
production-1996-vol1	1386	HYPHEN	blankgap	0	for	estry	forestry	
production-1996-vol1	1388	HYPHEN	blankgap	0	preserva	tion	preservation	
production-1996-vol1	1389	HYPHEN	blankgap	0	reg	ulations	regulations	
production-1996-vol1	1389	HYPHEN	blankgap	0	re	sponse	response	
production-1996-vol1	1393	HYPHEN	blankgap	0	reappropri	ated	reappropriated	
production-1996-vol1	1395	HYPHEN	margin	10	ac	quirements	acquirements	count California Environmental | License Plate Fund consistent with the re
production-1996-vol1	1401	HYPHEN	blankgap	0	reappropri	ated	reappropriated	
production-1996-vol1	1406	HYPHEN	blankgap	0	preserva	tion	preservation	
production-1996-vol1	1407	HYPHEN	blankgap	0	con	servancy	conservancy	
production-1996-vol1	1407	HYPHEN	blankgap	0	en	hancement	enhancement	
production-1996-vol1	1407	HYPHEN	blankgap	0	conser	vancy	conservancy	
production-1996-vol1	1408	HYPHEN	blankgap	0	conser	vancy	conservancy	
production-1996-vol1	1408	HYPHEN	blankgap	0	con	servancy	conservancy	
production-1996-vol1	1411	HYPHEN	margin	9	ap	propriated	appropriated	proval by any other agency and the funds ap
production-1996-vol1	1416	HYPHEN	blankgap	0	de	velopment	development	
production-1996-vol1	1416	HYPHEN	blankgap	0	re	gional	regional	
production-1996-vol1	1416	HYPHEN	blankgap	0	ath	letic	athletic	
production-1996-vol1	1417	HYPHEN	blankgap	0	expendi	ture	expenditure	
production-1996-vol1	1432	HYPHEN	blankgap	0	en	vironmental	environmental	
production-1996-vol1	1441	HYPHEN	blankgap	0	envi	ronmental	environmental	
production-1996-vol1	1445	HYPHEN	blankgap	0	re	ceipts	receipts	
production-1996-vol1	1447	HYPHEN	blankgap	0	re	sponse	response	
production-1996-vol1	1449	HYPHEN	blankgap	0	ex	pedited	expedited	
production-1996-vol1	1450	HYPHEN	blankgap	0	envi	ronmental	environmental	
production-1996-vol1	1451	HYPHEN	blankgap	0	devel	opmental	developmental	
production-1996-vol1	1451	HYPHEN	blankgap	0	emer	gency	emergency	
production-1996-vol1	1451	HYPHEN	blankgap	0	emer	gency	emergency	
production-1996-vol1	1455	HYPHEN	blankgap	0	in	surance	insurance	
production-1996-vol1	1457	HYPHEN	blankgap	0	cig	arette	cigarette	
production-1996-vol1	1465	HYPHEN	margin	11	ap	propriated	appropriated	ply to this item | The payment of reimbursement from funds ap
production-1996-vol1	1466	HYPHEN	blankgap	0	encum	brance	encumbrance	
production-1996-vol1	1468	HYPHEN	blankgap	0	envi	ronmental	environmental	
production-1996-vol1	1468	HYPHEN	blankgap	0	ge	netic	genetic	
production-1996-vol1	1469	HYPHEN	blankgap	0	emer	gency	emergency	
production-1996-vol1	1469	HYPHEN	blankgap	0	supplemen	tal	supplemental	
production-1996-vol1	1472	HYPHEN	margin	7	sub	sistent	subsistent	stances control regulation and clean up Con
production-1996-vol1	1485	HYPHEN	blankgap	0	im	munization	immunization	
production-1996-vol1	1485	HYPHEN	blankgap	0	immuniza	tion	immunization	
production-1996-vol1	1485	HYPHEN	blankgap	0	im	munize	immunize	
production-1996-vol1	1485	HYPHEN	blankgap	0	lin	guistic	linguistic	
production-1996-vol1	1488	HYPHEN	blankgap	0	cig	arette	cigarette	
production-1996-vol1	1489	HYPHEN	blankgap	0	benefi	ciary	beneficiary	
production-1996-vol1	149	HYPHEN	margin	10	trans	portation	transportation	ferring suspending or revoking any license for the manufacture im
production-1996-vol1	1493	HYPHEN	blankgap	0	devel	opmental	developmental	
production-1996-vol1	1494	HYPHEN	blankgap	0	devel	opmental	developmental	
production-1996-vol1	1494	HYPHEN	blankgap	0	devel	opmental	developmental	
production-1996-vol1	1494	HYPHEN	blankgap	0	devel	opmental	developmental	
production-1996-vol1	1496	HYPHEN	blankgap	0	devel	opmental	developmental	
production-1996-vol1	1496	HYPHEN	blankgap	0	ed	ucation	education	
production-1996-vol1	1497	HYPHEN	blankgap	0	devel	opmental	developmental	
production-1996-vol1	1497	HYPHEN	blankgap	0	de	velopmental	developmental	
production-1996-vol1	1499	HYPHEN	blankgap	0	de	velopmental	developmental	
production-1996-vol1	1499	HYPHEN	margin	7	de	velopmental	developmental	termine | For local assistance Department of De
production-1996-vol1	1499	HYPHEN	blankgap	0	de	velopmental	developmental	
production-1996-vol1	1500	HYPHEN	blankgap	0	ex	isting	existing	
production-1996-vol1	1501	HYPHEN	blankgap	0	de	velopmental	developmental	
production-1996-vol1	1512	HYPHEN	blankgap	0	disor	dered	disordered	
production-1996-vol1	1513	HYPHEN	blankgap	0	im	provements	improvements	
production-1996-vol1	1514	HYPHEN	blankgap	0	pro	viders	providers	
production-1996-vol1	1516	HYPHEN	blankgap	0	compen	sation	compensation	
production-1996-vol1	1517	HYPHEN	blankgap	0	as	sistance	assistance	
production-1996-vol1	1519	HYPHEN	blankgap	0	disabil	ity	disability	
production-1996-vol1	1521	HYPHEN	blankgap	0	admin	istration	administration	
production-1996-vol1	1530	HYPHEN	blankgap	0	mainte	nance	maintenance	
production-1996-vol1	1535	HYPHEN	blankgap	0	mainte	nance	maintenance	
production-1996-vol1	1545	HYPHEN	blankgap	0	limi	tations	limitations	
production-1996-vol1	1545	HYPHEN	blankgap	0	ex	penditure	expenditure	
production-1996-vol1	1554	HYPHEN	blankgap	0	prelim	inary	preliminary	
production-1996-vol1	1554	HYPHEN	blankgap	0	wastewa	ter	wastewater	
production-1996-vol1	1555	HYPHEN	blankgap	0	rehabilita	tion	rehabilitation	
production-1996-vol1	1556	HYPHEN	blankgap	0	cor	rections	corrections	
production-1996-vol1	1556	HYPHEN	blankgap	0	appro	priation	appropriation	
production-1996-vol1	1565	HYPHEN	blankgap	0	fenc	ing	fencing	
production-1996-vol1	1565	HYPHEN	blankgap	0	fa	cilities	facilities	
production-1996-vol1	1566	HYPHEN	blankgap	0	prelim	inary	preliminary	
production-1996-vol1	1566	HYPHEN	blankgap	0	prelimi	nary	preliminary	
production-1996-vol1	1566	HYPHEN	blankgap	0	prelimi	nary	preliminary	
production-1996-vol1	1567	HYPHEN	blankgap	0	ven	tilation	ventilation	
production-1996-vol1	1577	HYPHEN	blankgap	0	propo	sition	proposition	
production-1996-vol1	1580	HYPHEN	blankgap	0	ap	portionments	apportionments	
production-1996-vol1	1580	HYPHEN	blankgap	0	ap	portionments	apportionments	
production-1996-vol1	1582	HYPHEN	blankgap	0	ed	ucation	education	
production-1996-vol1	1585	HYPHEN	blankgap	0	ed	ucation	education	
production-1996-vol1	1590	HYPHEN	blankgap	0	res	idency	residency	
production-1996-vol1	1590	HYPHEN	blankgap	0	ed	ucation	education	
production-1996-vol1	1590	HYPHEN	blankgap	0	ed	ucation	education	
production-1996-vol1	1590	HYPHEN	blankgap	0	ed	ucation	education	
production-1996-vol1	1590	HYPHEN	blankgap	0	su	perintendent	superintendent	
production-1996-vol1	1591	HYPHEN	blankgap	0	ed	ucation	education	
production-1996-vol1	1593	HYPHEN	blankgap	0	ex	ceptional	exceptional	
production-1996-vol1	1600	HYPHEN	blankgap	0	vo	cational	vocational	
production-1996-vol1	1601	HYPHEN	blankgap	0	ed	ucation	education	
production-1996-vol1	1603	HYPHEN	blankgap	0	ex	ceptional	exceptional	
production-1996-vol1	1603	HYPHEN	blankgap	0	ed	ucation	education	
production-1996-vol1	1604	HYPHEN	blankgap	0	ap	portionments	apportionments	
production-1996-vol1	1604	HYPHEN	blankgap	0	ed	ucation	education	
production-1996-vol1	1607	HYPHEN	margin	13	ex	clusive	exclusive	pand child care and development services | to preschool children from ages to in
production-1996-vol1	1614	HYPHEN	blankgap	0	ed	ucation	education	
production-1996-vol1	1615	HYPHEN	blankgap	0	ed	ucation	education	
production-1996-vol1	1619	HYPHEN	blankgap	0	ed	ucation	education	
production-1996-vol1	1619	HYPHEN	blankgap	0	su	perintendent	superintendent	
production-1996-vol1	1620	HYPHEN	blankgap	0	ed	ucation	education	
production-1996-vol1	1620	HYPHEN	blankgap	0	su	perintendent	superintendent	
production-1996-vol1	1623	HYPHEN	blankgap	0	reap	propriated	reappropriated	
production-1996-vol1	1623	HYPHEN	blankgap	0	expen	diture	expenditure	
production-1996-vol1	1625	HYPHEN	blankgap	0	interli	brary	interlibrary	
production-1996-vol1	1625	HYPHEN	blankgap	0	com	mencing	commencing	
production-1996-vol1	1626	HYPHEN	blankgap	0	admin	istering	administering	
production-1996-vol1	1628	HYPHEN	blankgap	0	postsecond	ary	postsecondary	
production-1996-vol1	1632	HYPHEN	blankgap	0	propo	sition	proposition	
production-1996-vol1	1640	HYPHEN	blankgap	0	ac	cordance	accordance	
production-1996-vol1	1640	HYPHEN	blankgap	0	propo	sition	proposition	
production-1996-vol1	1641	HYPHEN	blankgap	0	appropria	tion	appropriation	
production-1996-vol1	1647	HYPHEN	blankgap	0	auditori	um	auditorium	
production-1996-vol1	1651	HYPHEN	blankgap	0	appro	priation	appropriation	
production-1996-vol1	1651	HYPHEN	blankgap	0	ex	penditure	expenditure	
production-1996-vol1	1652	HYPHEN	blankgap	0	distri	buted	distributed	
production-1996-vol1	1672	HYPHEN	blankgap	0	ef	fects	effects	
production-1996-vol1	1672	HYPHEN	blankgap	0	fa	cilities	facilities	
production-1996-vol1	1672	HYPHEN	blankgap	0	reloca	tion	relocation	
production-1996-vol1	1674	HYPHEN	blankgap	0	ef	fects	effects	
production-1996-vol1	1674	HYPHEN	blankgap	0	prelim	inary	preliminary	
production-1996-vol1	1675	HYPHEN	blankgap	0	ap	propriations	appropriations	
production-1996-vol1	1676	HYPHEN	blankgap	0	appro	priation	appropriation	
production-1996-vol1	1678	HYPHEN	blankgap	0	reg	ulations	regulations	
production-1996-vol1	1678	HYPHEN	blankgap	0	reinsur	ance	reinsurance	
production-1996-vol1	1685	HYPHEN	blankgap	0	de	linquency	delinquency	
production-1996-vol1	1685	HYPHEN	blankgap	0	suppres	sion	suppression	
production-1996-vol1	1685	HYPHEN	blankgap	0	delin	quency	delinquency	
production-1996-vol1	1688	HYPHEN	blankgap	0	pre	senting	presenting	
production-1996-vol1	1688	HYPHEN	blankgap	0	pre	senting	presenting	
production-1996-vol1	1689	HYPHEN	blankgap	0	pre	senting	presenting	
production-1996-vol1	1695	HYPHEN	blankgap	0	em	ployer	employer	
production-1996-vol1	1695	HYPHEN	blankgap	0	ex	isting	existing	
production-1996-vol1	1697	HYPHEN	blankgap	0	com	pensation	compensation	
production-1996-vol1	1697	HYPHEN	blankgap	0	in	surance	insurance	
production-1996-vol1	1698	HYPHEN	blankgap	0	compen	sation	compensation	
production-1996-vol1	1698	HYPHEN	blankgap	0	chi	ropractic	chiropractic	
production-1996-vol1	170	HYPHEN	blankgap	0	dis	tricts	districts	
production-1996-vol1	1701	HYPHEN	blankgap	0	man	agement	management	
production-1996-vol1	1702	HYPHEN	blankgap	0	agricul	ture	agriculture	
production-1996-vol1	1702	HYPHEN	blankgap	0	agricul	tural	agricultural	
production-1996-vol1	1705	HYPHEN	blankgap	0	ag	riculture	agriculture	
production-1996-vol1	1706	HYPHEN	margin	16	pro	fessions	professions	vision of law all funds appropriated for California | fairs and expositions pursuant to Business and Pro
production-1996-vol1	1709	HYPHEN	blankgap	0	restitu	tion	restitution	
production-1996-vol1	1709	HYPHEN	blankgap	0	restitu	tion	restitution	
production-1996-vol1	1711	HYPHEN	blankgap	0	expendi	ture	expenditure	
production-1996-vol1	1718	HYPHEN	blankgap	0	cal	ifornia	california	
production-1996-vol1	1719	HYPHEN	blankgap	0	cal	ifornia	california	
production-1996-vol1	1720	HYPHEN	blankgap	0	as	sistance	assistance	
production-1996-vol1	1721	HYPHEN	margin	16	re	stitution	restitution	imbursement in accordance with the provisions of | Section of Article XIII B of the California Con
production-1996-vol1	1721	HYPHEN	blankgap	0	con	stitution	constitution	
production-1996-vol1	1722	HYPHEN	blankgap	0	mo	bilehome	mobilehome	
production-1996-vol1	1727	HYPHEN	blankgap	0	ap	propriate	appropriate	
production-1996-vol1	1727	HYPHEN	blankgap	0	ap	propriate	appropriate	
production-1996-vol1	1730	HYPHEN	blankgap	0	com	pensation	compensation	
production-1996-vol1	1733	HYPHEN	blankgap	0	unappropri	ated	unappropriated	
production-1996-vol1	1750	HYPHEN	margin	11	ac	quired	acquired	countability policies and procedures The cost of the audit if re
production-1996-vol1	1764	HYPHEN	blankgap	0	exam	iners	examiners	
production-1996-vol2	590	HYPHEN	blankgap	0	dis	trict	district	
production-1996-vol3	665	HYPHEN	blankgap	0	prelimi	nary	preliminary	
production-1996-vol5	938	HYPHEN	blankgap	0	coordina	tor	coordinator	
production-1996-vol5	938	HYPHEN	blankgap	0	inter	preter	interpreter	
production-1996-vol6	231	NOHYPHEN	margin	14	pupus	a	pupusa	This bill would specify that the guidelines for training to meet the requirement that
production-1997-vol1	195	HYPHEN	blankgap	0	delega	tion	delegation	
production-1997-vol1	195	HYPHEN	blankgap	0	authori	zation	authorization	
production-1997-vol1	35	HYPHEN	blankgap	0	gov	ernor	governor	
production-1997-vol1	45	HYPHEN	margin	13	con	sists	consists	taining a court of appeal with one or more divisions Each division con
production-1997-vol2	287	HYPHEN	blankgap	0	evalua	tions	evaluations	
production-1997-vol2	299	HYPHEN	blankgap	0	leg	islative	legislative	
production-1997-vol2	301	HYPHEN	blankgap	0	ve	hicle	vehicle	
production-1997-vol2	301	HYPHEN	blankgap	0	in	terpreters	interpreters	
production-1997-vol2	301	HYPHEN	blankgap	0	ju	dicial	judicial	
production-1997-vol2	304	HYPHEN	blankgap	0	reappropri	ated	reappropriated	
production-1997-vol2	310	HYPHEN	blankgap	0	de	velopment	development	
production-1997-vol2	311	HYPHEN	blankgap	0	de	velopment	development	
production-1997-vol2	311	HYPHEN	blankgap	0	cal	ifornia	california	
production-1997-vol2	311	HYPHEN	blankgap	0	de	velopment	development	
production-1997-vol2	311	HYPHEN	blankgap	0	prop	erty	property	
production-1997-vol2	313	HYPHEN	blankgap	0	ac	ademic	academic	
production-1997-vol2	316	HYPHEN	blankgap	0	emer	gency	emergency	
production-1997-vol2	316	HYPHEN	blankgap	0	attor	ney	attorney	
production-1997-vol2	317	HYPHEN	blankgap	0	fin	gerprint	fingerprint	
production-1997-vol2	323	HYPHEN	blankgap	0	trans	portation	transportation	
production-1997-vol2	323	HYPHEN	blankgap	0	nongovern	mental	nongovernmental	
production-1997-vol2	330	HYPHEN	blankgap	0	ap	propriated	appropriated	
production-1997-vol2	330	HYPHEN	blankgap	0	occu	pational	occupational	
production-1997-vol2	334	HYPHEN	blankgap	0	presi	dential	presidential	
production-1997-vol2	336	HYPHEN	blankgap	0	fi	nancing	financing	
production-1997-vol2	337	HYPHEN	blankgap	0	alloca	tion	allocation	
production-1997-vol2	337	HYPHEN	blankgap	0	alloca	tion	allocation	
production-1997-vol2	338	HYPHEN	blankgap	0	exposi	tion	exposition	
production-1997-vol2	342	HYPHEN	blankgap	0	se	curity	security	
production-1997-vol2	346	HYPHEN	blankgap	0	exam	iners	examiners	
production-1997-vol2	347	HYPHEN	blankgap	0	dis	pensing	dispensing	
production-1997-vol2	348	HYPHEN	blankgap	0	ex	amining	examining	
production-1997-vol2	352	HYPHEN	blankgap	0	techni	cians	technicians	
production-1997-vol2	354	HYPHEN	blankgap	0	trans	portation	transportation	
production-1997-vol2	354	HYPHEN	blankgap	0	preserva	tion	preservation	
production-1997-vol2	366	HYPHEN	margin	14	pro	ferred	proferred	grams for which the transfer is proposed | The unencumbered balance of any funds trans
production-1997-vol2	371	HYPHEN	blankgap	0	cama	rillo	camarillo	
production-1997-vol2	373	HYPHEN	blankgap	0	clo	verdale	cloverdale	
production-1997-vol2	375	HYPHEN	blankgap	0	re	garding	regarding	
production-1997-vol2	375	HYPHEN	blankgap	0	expendi	tures	expenditures	
production-1997-vol2	377	HYPHEN	blankgap	0	legisla	ture	legislature	
production-1997-vol2	380	HYPHEN	margin	15	ex	penditures	expenditures	planation of the changes and regarding the | amount of and basis for investment advisor ex
production-1997-vol2	381	HYPHEN	blankgap	0	mainte	nance	maintenance	
production-1997-vol2	381	HYPHEN	blankgap	0	encum	brance	encumbrance	
production-1997-vol2	382	HYPHEN	blankgap	0	bev	erage	beverage	
production-1997-vol2	382	HYPHEN	blankgap	0	al	coholic	alcoholic	
production-1997-vol2	383	HYPHEN	blankgap	0	in	stitutions	institutions	
production-1997-vol2	384	HYPHEN	blankgap	0	re	volving	revolving	
production-1997-vol2	389	HYPHEN	blankgap	0	reim	bursement	reimbursement	
production-1997-vol2	389	HYPHEN	blankgap	0	con	stitution	constitution	
production-1997-vol2	391	HYPHEN	blankgap	0	trans	portation	transportation	
production-1997-vol2	391	HYPHEN	blankgap	0	trans	portation	transportation	
production-1997-vol2	391	HYPHEN	blankgap	0	transporta	tion	transportation	
production-1997-vol2	391	HYPHEN	blankgap	0	trans	portation	transportation	
production-1997-vol2	391	HYPHEN	blankgap	0	transporta	tion	transportation	
production-1997-vol2	400	HYPHEN	blankgap	0	de	velopment	development	
production-1997-vol2	401	HYPHEN	blankgap	0	de	velopment	development	
production-1997-vol2	403	HYPHEN	blankgap	0	legisla	ture	legislature	
production-1997-vol2	403	HYPHEN	blankgap	0	expendi	ture	expenditure	
production-1997-vol2	404	HYPHEN	blankgap	0	trans	portation	transportation	
production-1997-vol2	404	HYPHEN	blankgap	0	headquar	ters	headquarters	
production-1997-vol2	408	HYPHEN	blankgap	0	cal	ifornia	california	
production-1997-vol2	408	HYPHEN	blankgap	0	haz	ardous	hazardous	
production-1997-vol2	411	HYPHEN	blankgap	0	trans	portation	transportation	
production-1997-vol2	414	HYPHEN	blankgap	0	headquar	ters	headquarters	
production-1997-vol2	423	HYPHEN	blankgap	0	trans	ferred	transferred	
production-1997-vol2	430	HYPHEN	blankgap	0	expendi	ture	expenditure	
production-1997-vol2	432	HYPHEN	blankgap	0	rec	lamation	reclamation	
production-1997-vol2	436	HYPHEN	blankgap	0	cer	tification	certification	
production-1997-vol2	436	HYPHEN	blankgap	0	profes	sional	professional	
production-1997-vol2	441	HYPHEN	blankgap	0	ap	propriated	appropriated	
production-1997-vol2	443	HYPHEN	blankgap	0	preserva	tion	preservation	
production-1997-vol2	443	HYPHEN	blankgap	0	reg	ulations	regulations	
production-1997-vol2	443	HYPHEN	blankgap	0	re	sponse	response	
production-1997-vol2	443	HYPHEN	blankgap	0	preserva	tion	preservation	
production-1997-vol2	444	HYPHEN	blankgap	0	envi	ronmental	environmental	
production-1997-vol2	449	HYPHEN	blankgap	0	reappropri	ated	reappropriated	
production-1997-vol2	450	HYPHEN	margin	10	ac	quirements	acquirements	count Natural Resources Infra | structure Fund consistent with the re
production-1997-vol2	462	HYPHEN	blankgap	0	en	hancement	enhancement	
production-1997-vol2	463	HYPHEN	blankgap	0	in	frastructure	infrastructure	
production-1997-vol2	464	HYPHEN	blankgap	0	conser	vancy	conservancy	
production-1997-vol2	465	HYPHEN	blankgap	0	con	servancy	conservancy	
production-1997-vol2	465	HYPHEN	blankgap	0	en	hancement	enhancement	
production-1997-vol2	470	HYPHEN	blankgap	0	neigh	borhood	neighborhood	
production-1997-vol2	473	HYPHEN	blankgap	0	acqui	sition	acquisition	
production-1997-vol2	473	HYPHEN	blankgap	0	cal	abasas	calabasas	
production-1997-vol2	475	HYPHEN	blankgap	0	recre	ational	recreational	
production-1997-vol2	476	HYPHEN	blankgap	0	rehabili	tate	rehabilitate	
production-1997-vol2	476	HYPHEN	blankgap	0	recre	ational	recreational	
production-1997-vol2	476	HYPHEN	blankgap	0	im	provements	improvements	
production-1997-vol2	476	HYPHEN	blankgap	0	res	toration	restoration	
production-1997-vol2	480	HYPHEN	blankgap	0	trans	ferred	transferred	
production-1997-vol2	480	HYPHEN	blankgap	0	autho	rized	authorized	
production-1997-vol2	485	HYPHEN	blankgap	0	attor	ney	attorney	
production-1997-vol2	494	HYPHEN	blankgap	0	demonstra	tion	demonstration	
production-1997-vol2	494	HYPHEN	blankgap	0	reconstruc	tion	reconstruction	
production-1997-vol2	494	HYPHEN	blankgap	0	reconstruc	tion	reconstruction	
production-1997-vol2	505	HYPHEN	blankgap	0	envi	ronmental	environmental	
production-1997-vol2	505	HYPHEN	blankgap	0	seawa	ter	seawater	
production-1997-vol2	508	HYPHEN	blankgap	0	cig	arette	cigarette	
production-1997-vol2	513	HYPHEN	blankgap	0	re	ceipts	receipts	
production-1997-vol2	517	HYPHEN	blankgap	0	envi	ronmental	environmental	
production-1997-vol2	518	HYPHEN	blankgap	0	devel	opmental	developmental	
production-1997-vol2	518	HYPHEN	blankgap	0	emer	gency	emergency	
production-1997-vol2	518	HYPHEN	blankgap	0	emer	gency	emergency	
production-1997-vol2	525	HYPHEN	blankgap	0	in	surance	insurance	
production-1997-vol2	526	HYPHEN	margin	6	com	mencing	commencing	mission established pursuant to Article com
production-1997-vol2	536	HYPHEN	blankgap	0	en	vironmental	environmental	
production-1997-vol2	536	HYPHEN	blankgap	0	envi	ronmental	environmental	
production-1997-vol2	536	HYPHEN	blankgap	0	ge	netic	genetic	
production-1997-vol2	536	HYPHEN	blankgap	0	do	mestic	domestic	
production-1997-vol2	537	HYPHEN	blankgap	0	emer	gency	emergency	
production-1997-vol2	537	HYPHEN	blankgap	0	supplemen	tal	supplemental	
production-1997-vol2	555	HYPHEN	blankgap	0	im	munization	immunization	
production-1997-vol2	555	HYPHEN	blankgap	0	immuniza	tion	immunization	
production-1997-vol2	555	HYPHEN	blankgap	0	im	munize	immunize	
production-1997-vol2	555	HYPHEN	blankgap	0	lin	guistic	linguistic	
production-1997-vol2	561	HYPHEN	blankgap	0	in	fants	infants	
production-1997-vol2	561	HYPHEN	blankgap	0	benefi	ciary	beneficiary	
production-1997-vol2	564	HYPHEN	blankgap	0	unallo	cated	unallocated	
production-1997-vol2	564	HYPHEN	blankgap	0	implementa	tion	implementation	
production-1997-vol2	564	HYPHEN	blankgap	0	devel	opmental	developmental	
production-1997-vol2	566	HYPHEN	blankgap	0	devel	opmental	developmental	
production-1997-vol2	566	HYPHEN	blankgap	0	devel	opmental	developmental	
production-1997-vol2	566	HYPHEN	blankgap	0	devel	opmental	developmental	
production-1997-vol2	568	HYPHEN	blankgap	0	devel	opmental	developmental	
production-1997-vol2	568	HYPHEN	blankgap	0	devel	opmental	developmental	
production-1997-vol2	568	HYPHEN	blankgap	0	devel	opmental	developmental	
production-1997-vol2	568	HYPHEN	blankgap	0	de	velopmental	developmental	
production-1997-vol2	569	HYPHEN	blankgap	0	de	velopment	development	
production-1997-vol2	572	HYPHEN	margin	9	de	velopmental	developmental	partment of Education | For local assistance Department of De
production-1997-vol2	572	HYPHEN	blankgap	0	de	velopmental	developmental	
production-1997-vol2	572	HYPHEN	margin	8	de	velopmental	developmental	termine | F or local assistance Department of De
production-1997-vol2	572	HYPHEN	blankgap	0	de	velopmental	developmental	
production-1997-vol2	573	HYPHEN	blankgap	0	ex	isting	existing	
production-1997-vol2	573	HYPHEN	blankgap	0	con	servatorship	conservatorship	
production-1997-vol2	583	HYPHEN	margin	14	re	stitutions	restitutions	sources Consultant to carry out responsibilities | pursuant to Section of the Welfare and In
production-1997-vol2	584	HYPHEN	blankgap	0	disor	dered	disordered	
production-1997-vol2	585	HYPHEN	blankgap	0	secu	rity	security	
production-1997-vol2	585	HYPHEN	blankgap	0	im	provements	improvements	
production-1997-vol2	585	HYPHEN	blankgap	0	prelim	inary	preliminary	
production-1997-vol2	587	HYPHEN	blankgap	0	pro	viders	providers	
production-1997-vol2	589	HYPHEN	blankgap	0	compen	sation	compensation	
production-1997-vol2	590	HYPHEN	blankgap	0	as	sistance	assistance	
production-1997-vol2	592	HYPHEN	blankgap	0	in	surance	insurance	
production-1997-vol2	592	HYPHEN	blankgap	0	disabil	ity	disability	
production-1997-vol2	595	HYPHEN	blankgap	0	admin	istration	administration	
production-1997-vol2	601	HYPHEN	blankgap	0	el	igible	eligible	
production-1997-vol2	607	HYPHEN	blankgap	0	mainte	nance	maintenance	
production-1997-vol2	630	HYPHEN	blankgap	0	ex	penditure	expenditure	
production-1997-vol2	631	HYPHEN	blankgap	0	limi	tations	limitations	
production-1997-vol2	631	HYPHEN	blankgap	0	ex	penditure	expenditure	
production-1997-vol2	638	HYPHEN	margin	14	con	clude	conclude	struction and Legal Affairs Divisions of the | Department of Corrections The audit shall in
production-1997-vol2	646	HYPHEN	blankgap	0	cor	rectional	correctional	
production-1997-vol2	646	HYPHEN	blankgap	0	cor	rectional	correctional	
production-1997-vol2	646	HYPHEN	blankgap	0	rehabilita	tion	rehabilitation	
production-1997-vol2	646	HYPHEN	blankgap	0	man	agement	management	
production-1997-vol2	646	HYPHEN	blankgap	0	outpa	tient	outpatient	
production-1997-vol2	647	HYPHEN	blankgap	0	cor	rectional	correctional	
production-1997-vol2	647	HYPHEN	blankgap	0	eval	uation	evaluation	
production-1997-vol2	647	HYPHEN	blankgap	0	cor	rectional	correctional	
production-1997-vol2	647	HYPHEN	blankgap	0	cor	rectional	correctional	
production-1997-vol2	647	HYPHEN	blankgap	0	cor	rectional	correctional	
production-1997-vol2	649	HYPHEN	blankgap	0	reappro	priated	reappropriated	
production-1997-vol2	649	HYPHEN	blankgap	0	efflu	ent	effluent	
production-1997-vol2	649	HYPHEN	blankgap	0	reappro	priated	reappropriated	
production-1997-vol2	660	HYPHEN	blankgap	0	antic	ipation	anticipation	
production-1997-vol2	663	HYPHEN	blankgap	0	re	ceipt	receipt	
production-1997-vol2	663	HYPHEN	blankgap	0	ex	peditiously	expeditiously	
production-1997-vol2	666	HYPHEN	margin	9	ap	propriate	appropriate	proval to the chairperson of the fiscal and ap
production-1997-vol2	676	HYPHEN	blankgap	0	prin	cipal	principal	
production-1997-vol2	680	HYPHEN	blankgap	0	appro	priation	appropriation	
production-1997-vol2	680	HYPHEN	blankgap	0	propo	sition	proposition	
production-1997-vol2	683	HYPHEN	blankgap	0	ap	portionments	apportionments	
production-1997-vol2	683	HYPHEN	blankgap	0	ap	portionments	apportionments	
production-1997-vol2	684	HYPHEN	blankgap	0	ed	ucation	education	
production-1997-vol2	685	HYPHEN	blankgap	0	ed	ucation	education	
production-1997-vol2	689	HYPHEN	blankgap	0	dis	trict	district	
production-1997-vol2	695	HYPHEN	blankgap	0	ed	ucation	education	
production-1997-vol2	695	HYPHEN	blankgap	0	ed	ucation	education	
production-1997-vol2	695	HYPHEN	blankgap	0	su	perintendent	superintendent	
production-1997-vol2	697	HYPHEN	blankgap	0	ed	ucation	education	
production-1997-vol2	698	HYPHEN	margin	15	ex	propriate	expropriate	ceed a total of for all programs | Funding shall be reduced or eliminated as ap
production-1997-vol2	699	HYPHEN	blankgap	0	ex	ceptional	exceptional	
production-1997-vol2	702	HYPHEN	margin	14	de	ceiving	deceiving	partment of Education shall allocate funds for | the fiscal year to those programs re
production-1997-vol2	706	HYPHEN	blankgap	0	vo	cational	vocational	
production-1997-vol2	707	HYPHEN	blankgap	0	ed	ucation	education	
production-1997-vol2	707	HYPHEN	blankgap	0	ed	ucation	education	
production-1997-vol2	707	HYPHEN	blankgap	0	ed	ucation	education	
production-1997-vol2	708	HYPHEN	blankgap	0	ed	ucational	educational	
production-1997-vol2	709	HYPHEN	blankgap	0	ed	ucation	education	
production-1997-vol2	709	HYPHEN	blankgap	0	ac	cordance	accordance	
production-1997-vol2	709	HYPHEN	blankgap	0	ex	ceptional	exceptional	
production-1997-vol2	710	HYPHEN	blankgap	0	ed	ucation	education	
production-1997-vol2	710	HYPHEN	blankgap	0	ap	portionments	apportionments	
production-1997-vol2	710	HYPHEN	blankgap	0	ed	ucation	education	
production-1997-vol2	713	HYPHEN	blankgap	0	im	provement	improvement	
production-1997-vol2	724	HYPHEN	blankgap	0	ed	ucation	education	
production-1997-vol2	725	HYPHEN	blankgap	0	ed	ucation	education	
production-1997-vol2	725	HYPHEN	blankgap	0	ed	ucation	education	
production-1997-vol2	725	HYPHEN	blankgap	0	su	perintendent	superintendent	
production-1997-vol2	729	HYPHEN	blankgap	0	ed	ucation	education	
production-1997-vol2	729	HYPHEN	blankgap	0	su	perintendent	superintendent	
production-1997-vol2	729	HYPHEN	blankgap	0	ed	ucation	education	
production-1997-vol2	729	HYPHEN	blankgap	0	su	perintendent	superintendent	
production-1997-vol2	736	HYPHEN	blankgap	0	expen	diture	expenditure	
production-1997-vol2	739	HYPHEN	blankgap	0	interli	brary	interlibrary	
production-1997-vol2	739	HYPHEN	blankgap	0	com	mencing	commencing	
production-1997-vol2	739	HYPHEN	blankgap	0	occupa	tional	occupational	
production-1997-vol2	740	HYPHEN	blankgap	0	admin	istering	administering	
production-1997-vol2	740	HYPHEN	blankgap	0	creden	tials	credentials	
production-1997-vol2	749	HYPHEN	blankgap	0	propo	sition	proposition	
production-1997-vol2	754	HYPHEN	blankgap	0	leg	islature	legislature	
production-1997-vol2	754	HYPHEN	blankgap	0	im	provements	improvements	
production-1997-vol2	759	HYPHEN	blankgap	0	ac	cordance	accordance	
production-1997-vol2	759	HYPHEN	blankgap	0	propo	sition	proposition	
production-1997-vol2	760	HYPHEN	blankgap	0	appropria	tion	appropriation	
production-1997-vol2	763	HYPHEN	blankgap	0	prelimi	nary	preliminary	
production-1997-vol2	763	HYPHEN	blankgap	0	infrastruc	ture	infrastructure	
production-1997-vol2	763	HYPHEN	blankgap	0	prelimi	nary	preliminary	
production-1997-vol2	764	HYPHEN	blankgap	0	engi	neering	engineering	
production-1997-vol2	764	HYPHEN	blankgap	0	prelimi	nary	preliminary	
production-1997-vol2	764	HYPHEN	blankgap	0	telecommuni	cations	telecommunications	
production-1997-vol2	764	HYPHEN	blankgap	0	profes	sional	professional	
production-1997-vol2	765	HYPHEN	blankgap	0	cam	puswide	campuswide	
production-1997-vol2	771	HYPHEN	blankgap	0	appro	priation	appropriation	
production-1997-vol2	774	HYPHEN	blankgap	0	prop	osition	proposition	
production-1997-vol2	777	HYPHEN	blankgap	0	ed	ucation	education	
production-1997-vol2	780	HYPHEN	blankgap	0	li	brary	library	
production-1997-vol2	790	HYPHEN	blankgap	0	prop	osition	proposition	
production-1997-vol2	793	HYPHEN	blankgap	0	fa	cility	facility	
production-1997-vol2	811	HYPHEN	blankgap	0	suppres	sion	suppression	
production-1997-vol2	811	HYPHEN	blankgap	0	de	linquency	delinquency	
production-1997-vol2	811	HYPHEN	blankgap	0	delin	quency	delinquency	
production-1997-vol2	814	HYPHEN	blankgap	0	pre	senting	presenting	
production-1997-vol2	815	HYPHEN	blankgap	0	pre	senting	presenting	
production-1997-vol2	815	HYPHEN	blankgap	0	pre	senting	presenting	
production-1997-vol2	822	HYPHEN	blankgap	0	ex	isting	existing	
production-1997-vol2	823	HYPHEN	blankgap	0	de	ferred	deferred	
production-1997-vol2	824	HYPHEN	blankgap	0	unencum	bered	unencumbered	
production-1997-vol2	824	HYPHEN	blankgap	0	in	surance	insurance	
production-1997-vol2	825	HYPHEN	blankgap	0	compen	sation	compensation	
production-1997-vol2	825	HYPHEN	blankgap	0	chi	ropractic	chiropractic	
production-1997-vol2	828	HYPHEN	blankgap	0	man	agement	management	
production-1997-vol2	828	HYPHEN	blankgap	0	agricul	ture	agriculture	
production-1997-vol2	828	HYPHEN	blankgap	0	agricul	tural	agricultural	
production-1997-vol2	833	HYPHEN	margin	7	in	jected	injected	dividual satellite wagering projects and d pro
production-1997-vol2	837	HYPHEN	blankgap	0	restitu	tion	restitution	
production-1997-vol2	837	HYPHEN	blankgap	0	restitu	tion	restitution	
production-1997-vol2	841	HYPHEN	blankgap	0	au	thority	authority	
production-1997-vol2	845	HYPHEN	blankgap	0	cal	ifornia	california	
production-1997-vol2	847	HYPHEN	blankgap	0	as	sistance	assistance	
production-1997-vol2	849	HYPHEN	margin	16	re	stitution	restitution	imbursement in accordance with the provisions of | Section of Article XIII B of the California Con
production-1997-vol2	849	HYPHEN	blankgap	0	con	stitution	constitution	
production-1997-vol2	849	HYPHEN	blankgap	0	prop	erty	property	
production-1997-vol2	849	HYPHEN	blankgap	0	mo	bilehome	mobilehome	
production-1997-vol2	855	HYPHEN	blankgap	0	ap	propriate	appropriate	
production-1997-vol2	855	HYPHEN	blankgap	0	ap	propriate	appropriate	
production-1997-vol2	858	HYPHEN	blankgap	0	com	pensation	compensation	
production-1997-vol2	861	HYPHEN	blankgap	0	contin	gencies	contingencies	
production-1997-vol2	861	HYPHEN	blankgap	0	unappropri	ated	unappropriated	
production-1997-vol2	865	HYPHEN	blankgap	0	nongovern	mental	nongovernmental	
production-1997-vol2	879	HYPHEN	margin	11	ac	quired	acquired	countability policies and procedures The cost of the audit if re
production-1997-vol2	892	HYPHEN	blankgap	0	sen	tencing	sentencing	
production-1997-vol2	892	HYPHEN	blankgap	0	exam	iners	examiners	
production-1997-vol2	934	HYPHEN	blankgap	0	mo	torcycle	motorcycle	
production-1997-vol2	935	HYPHEN	blankgap	0	mo	torcycle	motorcycle	
production-1997-vol2	936	HYPHEN	blankgap	0	mo	torcycle	motorcycle	
production-1997-vol2	937	HYPHEN	blankgap	0	mo	torcycle	motorcycle	
production-1997-vol6	1869	HYPHEN	blankgap	0	ter	minate	terminate	
production-1998-vol1	111	HYPHEN	blankgap	0	infla	tionary	inflationary	
production-1998-vol1	214	HYPHEN	blankgap	0	af	fecting	affecting	
production-1998-vol1	222	HYPHEN	blankgap	0	immuni	ties	immunities	
production-1998-vol1	224	HYPHEN	blankgap	0	com	petitive	competitive	
production-1998-vol1	25	HYPHEN	blankgap	0	of	ficer	officer	
production-1998-vol1	50	HYPHEN	margin	13	con	sists	consists	taining a court of appeal with one or more divisions Each division con
production-1998-vol1	951	HYPHEN	blankgap	0	dis	trict	district	
production-1998-vol2	318	HYPHEN	blankgap	0	leg	islative	legislative	
production-1998-vol2	319	HYPHEN	blankgap	0	ve	hicle	vehicle	
production-1998-vol2	319	HYPHEN	blankgap	0	in	terpreters	interpreters	
production-1998-vol2	320	HYPHEN	blankgap	0	ve	hicle	vehicle	
production-1998-vol2	320	HYPHEN	blankgap	0	in	terpreters	interpreters	
production-1998-vol2	343	HYPHEN	blankgap	0	transporta	tion	transportation	
production-1998-vol2	343	HYPHEN	blankgap	0	nongovern	mental	nongovernmental	
production-1998-vol2	348	HYPHEN	blankgap	0	en	vironmental	environmental	
production-1998-vol2	350	HYPHEN	blankgap	0	ve	hicle	vehicle	
production-1998-vol2	350	HYPHEN	blankgap	0	occupa	tional	occupational	
production-1998-vol2	354	HYPHEN	blankgap	0	presi	dential	presidential	
production-1998-vol2	357	HYPHEN	blankgap	0	au	thority	authority	
production-1998-vol2	358	HYPHEN	blankgap	0	exposi	tion	exposition	
production-1998-vol2	360	HYPHEN	blankgap	0	fa	cility	facility	
production-1998-vol2	367	HYPHEN	blankgap	0	archi	tects	architects	
production-1998-vol2	370	HYPHEN	blankgap	0	dispens	ing	dispensing	
production-1998-vol2	370	HYPHEN	blankgap	0	ex	amining	examining	
production-1998-vol2	371	HYPHEN	blankgap	0	po	diatric	podiatric	
production-1998-vol2	371	HYPHEN	blankgap	0	psy	chology	psychology	
production-1998-vol2	372	HYPHEN	blankgap	0	optom	etry	optometry	
production-1998-vol2	376	HYPHEN	blankgap	0	ve	hicle	vehicle	
production-1998-vol2	376	HYPHEN	blankgap	0	preserva	tion	preservation	
production-1998-vol2	384	HYPHEN	margin	11	re	cipient	recipient	paid as soon as there is sufficient money in the re
production-1998-vol2	397	HYPHEN	blankgap	0	reha	bilitation	rehabilitation	
production-1998-vol2	402	HYPHEN	blankgap	0	re	tirement	retirement	
production-1998-vol2	405	HYPHEN	blankgap	0	bev	erage	beverage	
production-1998-vol2	405	HYPHEN	blankgap	0	in	stitutions	institutions	
production-1998-vol2	407	HYPHEN	blankgap	0	prede	velopment	predevelopment	
production-1998-vol2	412	HYPHEN	blankgap	0	reim	bursement	reimbursement	
production-1998-vol2	414	HYPHEN	blankgap	0	trans	portation	transportation	
production-1998-vol2	416	HYPHEN	blankgap	0	aeronau	tics	aeronautics	
production-1998-vol2	420	HYPHEN	blankgap	0	trans	portation	transportation	
production-1998-vol2	425	HYPHEN	blankgap	0	transporta	tion	transportation	
production-1998-vol2	425	HYPHEN	blankgap	0	transporta	tion	transportation	
production-1998-vol2	426	HYPHEN	blankgap	0	transporta	tion	transportation	
production-1998-vol2	430	HYPHEN	blankgap	0	transporta	tion	transportation	
production-1998-vol2	430	HYPHEN	blankgap	0	transporta	tion	transportation	
production-1998-vol2	430	HYPHEN	blankgap	0	reappro	priated	reappropriated	
production-1998-vol2	430	HYPHEN	blankgap	0	encum	brance	encumbrance	
production-1998-vol2	432	HYPHEN	blankgap	0	ve	hicle	vehicle	
production-1998-vol2	435	HYPHEN	blankgap	0	trans	portation	transportation	
production-1998-vol2	435	HYPHEN	blankgap	0	in	vestigative	investigative	
production-1998-vol2	438	HYPHEN	blankgap	0	headquar	ters	headquarters	
production-1998-vol2	438	HYPHEN	blankgap	0	headquar	ters	headquarters	
production-1998-vol2	445	HYPHEN	blankgap	0	restora	tions	restorations	
production-1998-vol2	445	HYPHEN	blankgap	0	com	mencing	commencing	
production-1998-vol2	447	HYPHEN	blankgap	0	conser	vancy	conservancy	
production-1998-vol2	447	HYPHEN	blankgap	0	restora	tions	restorations	
production-1998-vol2	447	HYPHEN	blankgap	0	com	mencing	commencing	
production-1998-vol2	452	HYPHEN	blankgap	0	demon	stration	demonstration	
production-1998-vol2	452	HYPHEN	blankgap	0	re	newable	renewable	
production-1998-vol2	452	HYPHEN	blankgap	0	transporta	tion	transportation	
production-1998-vol2	453	HYPHEN	blankgap	0	tech	nologies	technologies	
production-1998-vol2	454	HYPHEN	blankgap	0	revolv	ing	revolving	
production-1998-vol2	454	HYPHEN	blankgap	0	pe	troleum	petroleum	
production-1998-vol2	458	HYPHEN	blankgap	0	recla	mation	reclamation	
production-1998-vol2	458	HYPHEN	blankgap	0	agricul	tural	agricultural	
production-1998-vol2	465	HYPHEN	blankgap	0	profes	sional	professional	
production-1998-vol2	469	HYPHEN	blankgap	0	appa	ratus	apparatus	
production-1998-vol2	469	HYPHEN	blankgap	0	emer	gency	emergency	
production-1998-vol2	474	HYPHEN	blankgap	0	re	sponse	response	
production-1998-vol2	482	HYPHEN	blankgap	0	restora	tion	restoration	
production-1998-vol2	487	HYPHEN	blankgap	0	aban	doned	abandoned	
production-1998-vol2	492	HYPHEN	blankgap	0	con	servancy	conservancy	
production-1998-vol2	494	HYPHEN	blankgap	0	en	hancement	enhancement	
production-1998-vol2	495	HYPHEN	margin	8	con	servancy	conservancy	servation Fund | For capital outlay State Coastal Con
production-1998-vol2	495	HYPHEN	blankgap	0	conser	vancy	conservancy	
production-1998-vol2	495	HYPHEN	blankgap	0	de	velopment	development	
production-1998-vol2	496	HYPHEN	blankgap	0	con	servancy	conservancy	
production-1998-vol2	496	HYPHEN	blankgap	0	en	hancement	enhancement	
production-1998-vol2	502	HYPHEN	blankgap	0	ar	tesia	artesia	
production-1998-vol2	502	HYPHEN	blankgap	0	ac	tivities	activities	
production-1998-vol2	502	HYPHEN	blankgap	0	bas	ketball	basketball	
production-1998-vol2	502	HYPHEN	blankgap	0	recre	ational	recreational	
production-1998-vol2	504	HYPHEN	blankgap	0	irri	gation	irrigation	
production-1998-vol2	504	HYPHEN	blankgap	0	corco	ran	corcoran	
production-1998-vol2	504	HYPHEN	blankgap	0	corco	ran	corcoran	
production-1998-vol2	504	HYPHEN	blankgap	0	corco	ran	corcoran	
production-1998-vol2	504	HYPHEN	blankgap	0	corco	ran	corcoran	
production-1998-vol2	504	HYPHEN	blankgap	0	corco	ran	corcoran	
production-1998-vol2	507	HYPHEN	blankgap	0	on	tario	ontario	
production-1998-vol2	507	HYPHEN	blankgap	0	de	velopment	development	
production-1998-vol2	509	HYPHEN	blankgap	0	res	toration	restoration	
production-1998-vol2	509	HYPHEN	blankgap	0	res	toration	restoration	
production-1998-vol2	510	HYPHEN	blankgap	0	mainte	nance	maintenance	
production-1998-vol2	510	HYPHEN	blankgap	0	audito	rium	auditorium	
production-1998-vol2	510	HYPHEN	blankgap	0	rehabilita	tion	rehabilitation	
production-1998-vol2	510	HYPHEN	blankgap	0	irri	gation	irrigation	
production-1998-vol2	510	HYPHEN	blankgap	0	irriga	tion	irrigation	
production-1998-vol2	513	HYPHEN	blankgap	0	ve	hicle	vehicle	
production-1998-vol2	514	HYPHEN	blankgap	0	ac	quisition	acquisition	
production-1998-vol2	516	HYPHEN	blankgap	0	appropria	tions	appropriations	
production-1998-vol2	525	HYPHEN	blankgap	0	feasibil	ity	feasibility	
production-1998-vol2	529	HYPHEN	blankgap	0	wa	tershed	watershed	
production-1998-vol2	529	HYPHEN	blankgap	0	preconstruc	tion	preconstruction	
production-1998-vol2	544	HYPHEN	blankgap	0	re	ceipts	receipts	
production-1998-vol2	551	HYPHEN	blankgap	0	alloca	tion	allocation	
production-1998-vol2	551	HYPHEN	blankgap	0	envi	ronmental	environmental	
production-1998-vol2	552	HYPHEN	blankgap	0	re	volving	revolving	
production-1998-vol2	557	HYPHEN	blankgap	0	fa	cilities	facilities	
production-1998-vol2	569	HYPHEN	blankgap	0	occupa	tional	occupational	
production-1998-vol2	569	HYPHEN	blankgap	0	envi	ronmental	environmental	
production-1998-vol2	570	HYPHEN	blankgap	0	unallo	cated	unallocated	
production-1998-vol2	570	HYPHEN	blankgap	0	spe	cialist	specialist	
production-1998-vol2	570	HYPHEN	margin	8	re	gency	regency	search Fund Item | Amount payable from the Emer
production-1998-vol2	570	HYPHEN	blankgap	0	emer	gency	emergency	
production-1998-vol2	581	HYPHEN	margin	10	de	ferred	deferred	scribed in this item that is required to be trans
production-1998-vol2	592	HYPHEN	blankgap	0	benefi	ciary	beneficiary	
production-1998-vol2	597	HYPHEN	blankgap	0	commenc	ing	commencing	
production-1998-vol2	602	HYPHEN	blankgap	0	de	velopmental	developmental	
production-1998-vol2	605	HYPHEN	blankgap	0	de	velopmental	developmental	
production-1998-vol2	605	HYPHEN	blankgap	0	disabili	ties	disabilities	
production-1998-vol2	605	HYPHEN	blankgap	0	de	velopmental	developmental	
production-1998-vol2	605	HYPHEN	blankgap	0	disabili	ties	disabilities	
production-1998-vol2	606	HYPHEN	blankgap	0	ex	isting	existing	
production-1998-vol2	607	HYPHEN	blankgap	0	de	velopmental	developmental	
production-1998-vol2	608	HYPHEN	blankgap	0	prelimi	nary	preliminary	
production-1998-vol2	618	HYPHEN	blankgap	0	disor	dered	disordered	
production-1998-vol2	620	HYPHEN	blankgap	0	appro	priations	appropriations	
production-1998-vol2	627	HYPHEN	blankgap	0	expendi	ture	expenditure	
production-1998-vol2	627	HYPHEN	blankgap	0	compensa	tion	compensation	
production-1998-vol2	629	HYPHEN	blankgap	0	disabil	ity	disability	
production-1998-vol2	631	HYPHEN	blankgap	0	re	quired	required	
production-1998-vol2	643	HYPHEN	margin	14	ex	propriated	expropriated	ceed shall be made available from | the General Fund from funds not otherwise ap
production-1998-vol2	662	HYPHEN	blankgap	0	cor	rections	corrections	
production-1998-vol2	666	HYPHEN	blankgap	0	contamina	tion	contamination	
production-1998-vol2	666	HYPHEN	blankgap	0	cor	rectional	correctional	
production-1998-vol2	667	HYPHEN	blankgap	0	man	agement	management	
production-1998-vol2	667	HYPHEN	blankgap	0	rehabilita	tion	rehabilitation	
production-1998-vol2	667	HYPHEN	blankgap	0	rehabilita	tion	rehabilitation	
production-1998-vol2	667	HYPHEN	blankgap	0	rehabilita	tion	rehabilitation	
production-1998-vol2	668	HYPHEN	blankgap	0	man	agement	management	
production-1998-vol2	690	HYPHEN	blankgap	0	expendi	ture	expenditure	
production-1998-vol2	690	HYPHEN	blankgap	0	ac	cordance	accordance	
production-1998-vol2	692	HYPHEN	blankgap	0	re	volving	revolving	
production-1998-vol2	696	HYPHEN	blankgap	0	stan	dardized	standardized	
production-1998-vol2	701	HYPHEN	blankgap	0	ap	portionments	apportionments	
production-1998-vol2	704	HYPHEN	blankgap	0	ap	portionments	apportionments	
production-1998-vol2	704	HYPHEN	blankgap	0	ap	portionments	apportionments	
production-1998-vol2	705	HYPHEN	margin	14	de	ceive	deceive	scribed above that offers less than hours of | supplemental summer school offerings shall re
production-1998-vol2	710	HYPHEN	blankgap	0	as	sessment	assessment	
production-1998-vol2	719	HYPHEN	blankgap	0	effec	tiveness	effectiveness	
production-1998-vol2	723	HYPHEN	blankgap	0	su	perintendent	superintendent	
production-1998-vol2	723	HYPHEN	blankgap	0	oth	erwise	otherwise	
production-1998-vol2	733	HYPHEN	blankgap	0	ex	ceptional	exceptional	
production-1998-vol2	739	HYPHEN	blankgap	0	acad	emies	academies	
production-1998-vol2	743	HYPHEN	blankgap	0	ex	ceptional	exceptional	
production-1998-vol2	744	HYPHEN	blankgap	0	ap	portionments	apportionments	
production-1998-vol2	745	HYPHEN	blankgap	0	oth	erwise	otherwise	
production-1998-vol2	746	HYPHEN	blankgap	0	re	quired	required	
production-1998-vol2	747	HYPHEN	blankgap	0	im	provement	improvement	
production-1998-vol2	752	HYPHEN	blankgap	0	rev	enues	revenues	
production-1998-vol2	752	HYPHEN	blankgap	0	re	quired	required	
production-1998-vol2	752	HYPHEN	blankgap	0	subse	quent	subsequent	
production-1998-vol2	766	HYPHEN	blankgap	0	su	perintendent	superintendent	
production-1998-vol2	767	HYPHEN	blankgap	0	su	perintendent	superintendent	
production-1998-vol2	767	HYPHEN	blankgap	0	com	mencing	commencing	
production-1998-vol2	767	HYPHEN	blankgap	0	es	tablished	established	
production-1998-vol2	769	HYPHEN	blankgap	0	ben	efits	benefits	
production-1998-vol2	771	HYPHEN	blankgap	0	appropria	tion	appropriation	
production-1998-vol2	772	HYPHEN	blankgap	0	propo	sition	proposition	
production-1998-vol2	774	HYPHEN	blankgap	0	com	mencing	commencing	
production-1998-vol2	775	HYPHEN	blankgap	0	adminis	tering	administering	
production-1998-vol2	776	HYPHEN	blankgap	0	creden	tials	credentials	
production-1998-vol2	778	HYPHEN	blankgap	0	postsecond	ary	postsecondary	
production-1998-vol2	796	HYPHEN	blankgap	0	ex	penditure	expenditure	
production-1998-vol2	798	HYPHEN	blankgap	0	expen	diture	expenditure	
production-1998-vol2	802	HYPHEN	blankgap	0	infrastruc	ture	infrastructure	
production-1998-vol2	814	HYPHEN	blankgap	0	distri	buted	distributed	
production-1998-vol2	839	HYPHEN	blankgap	0	reappro	priated	reappropriated	
production-1998-vol2	844	HYPHEN	blankgap	0	leg	islature	legislature	
production-1998-vol2	845	HYPHEN	blankgap	0	abduc	tion	abduction	
production-1998-vol2	849	HYPHEN	blankgap	0	suppres	sion	suppression	
production-1998-vol2	849	HYPHEN	blankgap	0	de	linquency	delinquency	
production-1998-vol2	849	HYPHEN	blankgap	0	of	ficers	officers	
production-1998-vol2	850	HYPHEN	blankgap	0	of	ficers	officers	
production-1998-vol2	858	HYPHEN	blankgap	0	com	pensation	compensation	
production-1998-vol2	858	HYPHEN	blankgap	0	em	ployee	employee	
production-1998-vol2	859	HYPHEN	blankgap	0	re	volving	revolving	
production-1998-vol2	861	HYPHEN	blankgap	0	in	dustry	industry	
production-1998-vol2	864	HYPHEN	blankgap	0	compensa	tion	compensation	
production-1998-vol2	866	HYPHEN	blankgap	0	com	pensation	compensation	
production-1998-vol2	866	HYPHEN	blankgap	0	ar	ticle	article	
production-1998-vol2	867	HYPHEN	blankgap	0	com	pensation	compensation	
production-1998-vol2	868	HYPHEN	blankgap	0	commis	sioners	commissioners	
production-1998-vol2	873	HYPHEN	blankgap	0	ag	riculture	agriculture	
production-1998-vol2	873	HYPHEN	blankgap	0	ag	ricultural	agricultural	
production-1998-vol2	881	HYPHEN	blankgap	0	com	pliance	compliance	
production-1998-vol2	882	HYPHEN	blankgap	0	restitu	tion	restitution	
production-1998-vol2	882	HYPHEN	blankgap	0	restitu	tion	restitution	
production-1998-vol2	883	HYPHEN	blankgap	0	res	titution	restitution	
production-1998-vol2	884	HYPHEN	blankgap	0	for	estry	forestry	
production-1998-vol2	887	HYPHEN	blankgap	0	ad	jutant	adjutant	
production-1998-vol2	893	HYPHEN	blankgap	0	res	ervoir	reservoir	
production-1998-vol2	894	HYPHEN	blankgap	0	rev	enue	revenue	
production-1998-vol2	894	HYPHEN	blankgap	0	rev	enue	revenue	
production-1998-vol2	895	HYPHEN	blankgap	0	as	sistance	assistance	
production-1998-vol2	903	HYPHEN	blankgap	0	im	provement	improvement	
production-1998-vol2	903	HYPHEN	blankgap	0	im	provement	improvement	
production-1998-vol2	903	HYPHEN	blankgap	0	im	provement	improvement	
production-1998-vol2	906	HYPHEN	blankgap	0	nongov	ernmental	nongovernmental	
production-1998-vol2	907	HYPHEN	blankgap	0	unallo	cated	unallocated	
production-1998-vol2	908	HYPHEN	blankgap	0	unallo	cated	unallocated	
production-1998-vol2	908	HYPHEN	blankgap	0	com	pensation	compensation	
production-1998-vol2	910	HYPHEN	blankgap	0	nongovern	mental	nongovernmental	
production-1998-vol2	937	HYPHEN	margin	22	de	sition	desition	partment of Finance shall prescribe all established positions whose | continuance for the year is approved and all new positions No new po
production-1998-vol2	940	HYPHEN	blankgap	0	fi	nancing	financing	
production-1998-vol5	1101	HYPHEN	blankgap	0	hexa	grammos	hexagrammos	
production-1998-vol5	1107	HYPHEN	blankgap	0	hexa	grammos	hexagrammos	
production-1999-vol1	1015	HYPHEN	blankgap	0	adminis	trative	administrative	
production-1999-vol1	1016	HYPHEN	blankgap	0	cor	rectional	correctional	
production-1999-vol1	1016	HYPHEN	blankgap	0	cor	rectional	correctional	
production-1999-vol1	1016	HYPHEN	blankgap	0	evalua	tion	evaluation	
production-1999-vol1	1016	HYPHEN	blankgap	0	rehabilita	tion	rehabilitation	
production-1999-vol1	1017	HYPHEN	blankgap	0	man	agement	management	
production-1999-vol1	1019	HYPHEN	blankgap	0	de	termined	determined	
production-1999-vol1	1026	HYPHEN	blankgap	0	ap	provals	approvals	
production-1999-vol1	1027	HYPHEN	blankgap	0	fa	cility	facility	
production-1999-vol1	1029	HYPHEN	blankgap	0	cor	rectional	correctional	
production-1999-vol1	1029	HYPHEN	blankgap	0	cor	rectional	correctional	
production-1999-vol1	1032	HYPHEN	blankgap	0	reappropri	ated	reappropriated	
production-1999-vol1	1033	HYPHEN	blankgap	0	man	agement	management	
production-1999-vol1	1037	HYPHEN	margin	7	con	sultant	consultant	tract for an independent project oversight con
production-1999-vol1	1039	HYPHEN	blankgap	0	cur	riculum	curriculum	
production-1999-vol1	1043	HYPHEN	blankgap	0	stan	dardized	standardized	
production-1999-vol1	1048	HYPHEN	blankgap	0	ap	portionments	apportionments	
production-1999-vol1	1048	HYPHEN	blankgap	0	propo	sition	proposition	
production-1999-vol1	1051	HYPHEN	blankgap	0	ap	portionments	apportionments	
production-1999-vol1	1059	HYPHEN	blankgap	0	el	ementary	elementary	
production-1999-vol1	1062	HYPHEN	blankgap	0	el	ementary	elementary	
production-1999-vol1	1063	HYPHEN	blankgap	0	el	ementary	elementary	
production-1999-vol1	1067	HYPHEN	blankgap	0	kindergar	ten	kindergarten	
production-1999-vol1	1068	HYPHEN	blankgap	0	vo	cational	vocational	
production-1999-vol1	107	HYPHEN	blankgap	0	infla	tionary	inflationary	
production-1999-vol1	1071	HYPHEN	blankgap	0	commenc	ing	commencing	
production-1999-vol1	1071	HYPHEN	blankgap	0	ar	ticle	article	
production-1999-vol1	1072	HYPHEN	blankgap	0	commenc	ing	commencing	
production-1999-vol1	1088	HYPHEN	blankgap	0	ex	ceptional	exceptional	
production-1999-vol1	1091	HYPHEN	blankgap	0	ex	ceptional	exceptional	
production-1999-vol1	1092	HYPHEN	blankgap	0	en	titlements	entitlements	
production-1999-vol1	1092	HYPHEN	blankgap	0	en	titlements	entitlements	
production-1999-vol1	1092	HYPHEN	blankgap	0	im	provement	improvement	
production-1999-vol1	1095	HYPHEN	blankgap	0	acad	emies	academies	
production-1999-vol1	1097	HYPHEN	blankgap	0	commenc	ing	commencing	
production-1999-vol1	1100	HYPHEN	blankgap	0	kindergar	ten	kindergarten	
production-1999-vol1	1102	HYPHEN	blankgap	0	ap	portionments	apportionments	
production-1999-vol1	1105	HYPHEN	blankgap	0	re	quired	required	
production-1999-vol1	1109	HYPHEN	margin	7	con	ferred	conferred	tract and up to shall be trans
production-1999-vol1	1126	HYPHEN	blankgap	0	cur	riculum	curriculum	
production-1999-vol1	1126	HYPHEN	blankgap	0	com	mencing	commencing	
production-1999-vol1	1128	HYPHEN	blankgap	0	ben	efits	benefits	
production-1999-vol1	1134	HYPHEN	blankgap	0	re	sponsibilities	responsibilities	
production-1999-vol1	1136	HYPHEN	blankgap	0	encum	brance	encumbrance	
production-1999-vol1	1140	HYPHEN	blankgap	0	occupa	tional	occupational	
production-1999-vol1	1143	HYPHEN	blankgap	0	cre	dentials	credentials	
production-1999-vol1	1163	HYPHEN	blankgap	0	expen	diture	expenditure	
production-1999-vol1	1167	HYPHEN	blankgap	0	telecom	munications	telecommunications	
production-1999-vol1	1167	HYPHEN	blankgap	0	telecommu	nications	telecommunications	
production-1999-vol1	1167	HYPHEN	blankgap	0	telecommuni	cations	telecommunications	
production-1999-vol1	1175	HYPHEN	blankgap	0	distri	buted	distributed	
production-1999-vol1	1208	HYPHEN	blankgap	0	pe	riod	period	
production-1999-vol1	1213	HYPHEN	blankgap	0	abduc	tion	abduction	
production-1999-vol1	1217	HYPHEN	blankgap	0	suppres	sion	suppression	
production-1999-vol1	1217	HYPHEN	blankgap	0	de	linquency	delinquency	
production-1999-vol1	1217	HYPHEN	blankgap	0	delin	quency	delinquency	
production-1999-vol1	1219	HYPHEN	blankgap	0	of	ficers	officers	
production-1999-vol1	1219	HYPHEN	blankgap	0	of	ficers	officers	
production-1999-vol1	1226	HYPHEN	blankgap	0	in	cludes	includes	
production-1999-vol1	1228	HYPHEN	blankgap	0	com	pensation	compensation	
production-1999-vol1	1228	HYPHEN	blankgap	0	em	ployee	employee	
production-1999-vol1	1229	HYPHEN	blankgap	0	asbes	tos	asbestos	
production-1999-vol1	1229	HYPHEN	blankgap	0	asbes	tos	asbestos	
production-1999-vol1	1234	HYPHEN	blankgap	0	compensa	tion	compensation	
production-1999-vol1	1235	HYPHEN	blankgap	0	com	pensation	compensation	
production-1999-vol1	1235	HYPHEN	blankgap	0	ar	ticle	article	
production-1999-vol1	1236	HYPHEN	blankgap	0	com	pensation	compensation	
production-1999-vol1	1238	HYPHEN	blankgap	0	man	agement	management	
production-1999-vol1	1238	HYPHEN	blankgap	0	agricul	ture	agriculture	
production-1999-vol1	1238	HYPHEN	blankgap	0	agricul	tural	agricultural	
production-1999-vol1	1248	HYPHEN	blankgap	0	for	estry	forestry	
production-1999-vol1	1251	HYPHEN	blankgap	0	ad	jutant	adjutant	
production-1999-vol1	1261	HYPHEN	blankgap	0	prop	erty	property	
production-1999-vol1	1263	HYPHEN	blankgap	0	op	erations	operations	
production-1999-vol1	1267	HYPHEN	blankgap	0	im	provement	improvement	
production-1999-vol1	1267	HYPHEN	blankgap	0	im	provement	improvement	
production-1999-vol1	1273	HYPHEN	blankgap	0	nongovern	mental	nongovernmental	
production-1999-vol1	1298	HYPHEN	margin	22	de	sition	desition	partment of Finance shall prescribe all established positions whose | continuance for the year is approved and all new positions No new po
production-1999-vol1	1301	HYPHEN	blankgap	0	fi	nancing	financing	
production-1999-vol1	21	HYPHEN	blankgap	0	of	ficer	officer	
production-1999-vol1	218	HYPHEN	blankgap	0	immuni	ties	immunities	
production-1999-vol1	220	HYPHEN	blankgap	0	com	petitive	competitive	
production-1999-vol1	46	HYPHEN	margin	13	con	sists	consists	taining a court of appeal with one or more divisions Each division con
production-1999-vol1	648	HYPHEN	blankgap	0	leg	islative	legislative	
production-1999-vol1	649	HYPHEN	blankgap	0	ve	hicle	vehicle	
production-1999-vol1	649	HYPHEN	blankgap	0	in	terpreters	interpreters	
production-1999-vol1	678	HYPHEN	blankgap	0	appro	priations	appropriations	
production-1999-vol1	689	HYPHEN	blankgap	0	ve	hicle	vehicle	
production-1999-vol1	689	HYPHEN	blankgap	0	occupa	tional	occupational	
production-1999-vol1	698	HYPHEN	blankgap	0	exposi	tion	exposition	
production-1999-vol1	703	HYPHEN	blankgap	0	pro	fessions	professions	
production-1999-vol1	704	HYPHEN	blankgap	0	se	curity	security	
production-1999-vol1	713	HYPHEN	blankgap	0	ex	amining	examining	
production-1999-vol1	713	HYPHEN	blankgap	0	vo	cational	vocational	
production-1999-vol1	719	HYPHEN	blankgap	0	prelim	inary	preliminary	
production-1999-vol1	723	HYPHEN	margin	11	re	cipient	recipient	paid as soon as there is sufficient money in the re
production-1999-vol1	729	HYPHEN	blankgap	0	encum	brance	encumbrance	
production-1999-vol1	732	HYPHEN	blankgap	0	se	quoia	sequoia	
production-1999-vol1	733	HYPHEN	blankgap	0	en	cumbrances	encumbrances	
production-1999-vol1	733	HYPHEN	blankgap	0	reha	bilitation	rehabilitation	
production-1999-vol1	733	HYPHEN	blankgap	0	ap	propriated	appropriated	
production-1999-vol1	741	HYPHEN	blankgap	0	bev	erage	beverage	
production-1999-vol1	745	HYPHEN	blankgap	0	rehabili	tation	rehabilitation	
production-1999-vol1	754	HYPHEN	blankgap	0	in	surance	insurance	
production-1999-vol1	763	HYPHEN	blankgap	0	transporta	tion	transportation	
production-1999-vol1	764	HYPHEN	blankgap	0	headquar	ters	headquarters	
production-1999-vol1	765	HYPHEN	blankgap	0	ap	propriations	appropriations	
production-1999-vol1	765	HYPHEN	blankgap	0	ex	penditure	expenditure	
production-1999-vol1	765	HYPHEN	blankgap	0	transporta	tion	transportation	
production-1999-vol1	765	HYPHEN	blankgap	0	reappropri	ated	reappropriated	
production-1999-vol1	772	HYPHEN	blankgap	0	trans	portation	transportation	
production-1999-vol1	772	HYPHEN	blankgap	0	in	vestigative	investigative	
production-1999-vol1	773	HYPHEN	blankgap	0	ve	hicle	vehicle	
production-1999-vol1	773	HYPHEN	blankgap	0	trans	portation	transportation	
production-1999-vol1	773	HYPHEN	blankgap	0	car	riers	carriers	
production-1999-vol1	782	HYPHEN	margin	8	con	servancy	conservancy	servation Fund | For support of California Tahoe Con
production-1999-vol1	783	HYPHEN	blankgap	0	restora	tion	restoration	
production-1999-vol1	784	HYPHEN	blankgap	0	restora	tions	restorations	
production-1999-vol1	784	HYPHEN	blankgap	0	com	mencing	commencing	
production-1999-vol1	785	HYPHEN	blankgap	0	acqui	sition	acquisition	
production-1999-vol1	790	HYPHEN	blankgap	0	transporta	tion	transportation	
production-1999-vol1	790	HYPHEN	blankgap	0	tech	nologies	technologies	
production-1999-vol1	793	HYPHEN	blankgap	0	pe	destrian	pedestrian	
production-1999-vol1	794	HYPHEN	blankgap	0	recla	mation	reclamation	
production-1999-vol1	799	HYPHEN	blankgap	0	profes	sional	professional	
production-1999-vol1	802	HYPHEN	margin	9	for	estry	forestry	S tp ee | For capital outlay Department of For
production-1999-vol1	803	HYPHEN	blankgap	0	emer	gency	emergency	
production-1999-vol1	810	HYPHEN	blankgap	0	preserva	tion	preservation	
production-1999-vol1	815	HYPHEN	blankgap	0	con	servancy	conservancy	
production-1999-vol1	818	HYPHEN	blankgap	0	wa	tercraft	watercraft	
production-1999-vol1	820	HYPHEN	blankgap	0	res	ervoir	reservoir	
production-1999-vol1	821	HYPHEN	blankgap	0	aban	doned	abandoned	
production-1999-vol1	823	HYPHEN	blankgap	0	fa	cility	facility	
production-1999-vol1	825	HYPHEN	blankgap	0	conser	vancy	conservancy	
production-1999-vol1	827	HYPHEN	blankgap	0	devel	opmen	developmen	
production-1999-vol1	829	HYPHEN	blankgap	0	conser	vancy	conservancy	
production-1999-vol1	830	HYPHEN	blankgap	0	con	servancy	conservancy	
production-1999-vol1	835	HYPHEN	blankgap	0	recre	ational	recreational	
production-1999-vol1	838	HYPHEN	blankgap	0	mainte	nance	maintenance	
production-1999-vol1	838	HYPHEN	blankgap	0	dis	trict	district	
production-1999-vol1	839	HYPHEN	blankgap	0	dis	trict	district	
production-1999-vol1	839	HYPHEN	blankgap	0	fed	erspiel	federspiel	
production-1999-vol1	839	HYPHEN	blankgap	0	re	gional	regional	
production-1999-vol1	839	HYPHEN	blankgap	0	dis	trict	district	
production-1999-vol1	840	HYPHEN	blankgap	0	recre	ational	recreational	
production-1999-vol1	840	HYPHEN	blankgap	0	ex	pansion	expansion	
production-1999-vol1	840	HYPHEN	blankgap	0	im	provements	improvements	
production-1999-vol1	840	HYPHEN	blankgap	0	preserva	tion	preservation	
production-1999-vol1	840	HYPHEN	blankgap	0	neigh	borhood	neighborhood	
production-1999-vol1	841	HYPHEN	blankgap	0	un	derroof	underroof	
production-1999-vol1	841	HYPHEN	blankgap	0	am	phitheater	amphitheater	
production-1999-vol1	841	HYPHEN	blankgap	0	guada	lupe	guadalupe	
production-1999-vol1	841	HYPHEN	blankgap	0	im	provements	improvements	
production-1999-vol1	842	HYPHEN	blankgap	0	healds	burg	healdsburg	
production-1999-vol1	842	HYPHEN	blankgap	0	asso	ciation	association	
production-1999-vol1	842	HYPHEN	blankgap	0	dis	trict	district	
production-1999-vol1	842	HYPHEN	blankgap	0	dis	trict	district	
production-1999-vol1	842	HYPHEN	blankgap	0	dis	trict	district	
production-1999-vol1	842	HYPHEN	blankgap	0	rehabilita	tion	rehabilitation	
production-1999-vol1	842	HYPHEN	blankgap	0	res	toration	restoration	
production-1999-vol1	843	HYPHEN	blankgap	0	im	provements	improvements	
production-1999-vol1	843	HYPHEN	blankgap	0	acquisi	tion	acquisition	
production-1999-vol1	843	HYPHEN	blankgap	0	infrastruc	ture	infrastructure	
production-1999-vol1	843	HYPHEN	blankgap	0	bas	ketball	basketball	
production-1999-vol1	844	HYPHEN	blankgap	0	rehabili	tation	rehabilitation	
production-1999-vol1	844	HYPHEN	blankgap	0	rehabilita	tion	rehabilitation	
production-1999-vol1	845	HYPHEN	blankgap	0	infor	mational	informational	
production-1999-vol1	845	HYPHEN	blankgap	0	dis	trict	district	
production-1999-vol1	845	HYPHEN	blankgap	0	preser	vation	preservation	
production-1999-vol1	845	HYPHEN	blankgap	0	am	phitheater	amphitheater	
production-1999-vol1	846	HYPHEN	blankgap	0	im	provements	improvements	
production-1999-vol1	846	HYPHEN	blankgap	0	dis	trict	district	
production-1999-vol1	847	HYPHEN	blankgap	0	rec	reation	recreation	
production-1999-vol1	847	HYPHEN	blankgap	0	oran	gevale	orangevale	
production-1999-vol1	847	HYPHEN	blankgap	0	im	provements	improvements	
production-1999-vol1	847	HYPHEN	blankgap	0	main	tenance	maintenance	
production-1999-vol1	848	HYPHEN	margin	3	sacra	lization	sacralization	mento Bank Stabi
production-1999-vol1	848	HYPHEN	blankgap	0	stabi	lization	stabilization	
production-1999-vol1	848	HYPHEN	blankgap	0	ac	quisition	acquisition	
production-1999-vol1	848	HYPHEN	blankgap	0	restora	tion	restoration	
production-1999-vol1	848	HYPHEN	blankgap	0	im	provements	improvements	
production-1999-vol1	849	HYPHEN	blankgap	0	rec	reation	recreation	
production-1999-vol1	849	HYPHEN	blankgap	0	ath	letic	athletic	
production-1999-vol1	850	HYPHEN	blankgap	0	sweetwa	ter	sweetwater	
production-1999-vol1	850	HYPHEN	blankgap	0	ex	pansion	expansion	
production-1999-vol1	850	HYPHEN	blankgap	0	rehabilita	tion	rehabilitation	
production-1999-vol1	851	HYPHEN	blankgap	0	ja	cinto	jacinto	
production-1999-vol1	852	HYPHEN	blankgap	0	se	nior	senior	
production-1999-vol1	852	HYPHEN	blankgap	0	sebasto	pol	sebastopol	
production-1999-vol1	852	HYPHEN	blankgap	0	li	brary	library	
production-1999-vol1	852	HYPHEN	blankgap	0	dis	trict	district	
production-1999-vol1	852	HYPHEN	blankgap	0	surfac	ing	surfacing	
production-1999-vol1	853	HYPHEN	blankgap	0	dis	trict	district	
production-1999-vol1	853	HYPHEN	blankgap	0	in	frastructure	infrastructure	
production-1999-vol1	853	HYPHEN	blankgap	0	au	thority	authority	
production-1999-vol1	853	HYPHEN	blankgap	0	sweetwa	ter	sweetwater	
production-1999-vol1	853	HYPHEN	blankgap	0	preserva	tion	preservation	
production-1999-vol1	853	HYPHEN	blankgap	0	pa	leontology	paleontology	
production-1999-vol1	856	HYPHEN	blankgap	0	in	frastructure	infrastructure	
production-1999-vol1	863	HYPHEN	blankgap	0	appro	priation	appropriation	
production-1999-vol1	875	HYPHEN	blankgap	0	encum	brance	encumbrance	
production-1999-vol1	875	HYPHEN	blankgap	0	preconstruc	tion	preconstruction	
production-1999-vol1	884	HYPHEN	blankgap	0	ex	isting	existing	
production-1999-vol1	885	HYPHEN	blankgap	0	re	volving	revolving	
production-1999-vol1	897	HYPHEN	blankgap	0	ve	hicular	vehicular	
production-1999-vol1	897	HYPHEN	blankgap	0	devel	opmental	developmental	
production-1999-vol1	897	HYPHEN	blankgap	0	emer	gency	emergency	
production-1999-vol1	900	HYPHEN	margin	8	ad	fected	adfected	ministration for Children and Families and the af
production-1999-vol1	914	HYPHEN	blankgap	0	transporta	tion	transportation	
production-1999-vol1	914	HYPHEN	blankgap	0	occupa	tional	occupational	
production-1999-vol1	914	HYPHEN	blankgap	0	envi	ronmental	environmental	
production-1999-vol1	915	HYPHEN	blankgap	0	unallo	cated	unallocated	
production-1999-vol1	915	HYPHEN	blankgap	0	admin	istration	administration	
production-1999-vol1	926	HYPHEN	margin	10	de	ferred	deferred	scribed in this item that is required to be trans
production-1999-vol1	932	HYPHEN	blankgap	0	unallo	cated	unallocated	
production-1999-vol1	933	HYPHEN	blankgap	0	re	quirements	requirements	
production-1999-vol1	950	HYPHEN	blankgap	0	de	velopmental	developmental	
production-1999-vol1	953	HYPHEN	blankgap	0	de	velopmental	developmental	
production-1999-vol1	953	HYPHEN	blankgap	0	ex	isting	existing	
production-1999-vol1	954	HYPHEN	blankgap	0	de	velopmental	developmental	
production-1999-vol1	954	HYPHEN	blankgap	0	im	provements	improvements	
production-1999-vol1	954	HYPHEN	blankgap	0	im	provements	improvements	
production-1999-vol1	954	HYPHEN	blankgap	0	im	provements	improvements	
production-1999-vol1	954	HYPHEN	blankgap	0	prelimi	nary	preliminary	
production-1999-vol1	970	HYPHEN	blankgap	0	appropria	tions	appropriations	
production-1999-vol1	973	HYPHEN	blankgap	0	expendi	ture	expenditure	
production-1999-vol1	973	HYPHEN	blankgap	0	compensa	tion	compensation	
production-1999-vol1	997	HYPHEN	margin	16	de	sistance	desistance	partment of Education and the entire amount so | transferred shall be used for CalWORKs local as
production-1999-vol4	1705	HYPHEN	margin	6	ex	penditures	expenditures	cess of the exempt purpose ex
production-1999-vol4	1705	HYPHEN	blankgap	0	ex	penditures	expenditures	
production-1999-vol4	1705	HYPHEN	margin	6	ex	penditures	expenditures	ess of the exempt purpose ex
production-1999-vol4	1705	HYPHEN	blankgap	0	ex	penditures	expenditures	
production-1999-vol4	1705	HYPHEN	margin	6	ex	penditures	expenditures	cess of the exempt purpose ex
production-1999-vol4	206	HYPHEN	blankgap	0	em	ployees	employees	
production-1999-vol5	438	HYPHEN	blankgap	0	mo	torcycle	motorcycle	
production-1999-vol5	499	HYPHEN	blankgap	0	conflu	ence	confluence	
production-1999-vol5	500	HYPHEN	blankgap	0	conflu	ence	confluence	
production-1999-vol5	500	HYPHEN	blankgap	0	conflu	ence	confluence	
production-1999-vol5	500	HYPHEN	blankgap	0	de	picted	depicted	
production-1999-vol5	500	HYPHEN	blankgap	0	to	pographic	topographic	
production-1999-vol5	501	HYPHEN	blankgap	0	de	picted	depicted	
production-1999-vol5	501	HYPHEN	blankgap	0	to	pographic	topographic	
production-1999-vol5	501	HYPHEN	blankgap	0	conflu	ence	confluence	
production-1999-vol5	501	HYPHEN	blankgap	0	de	picted	depicted	
production-1999-vol5	502	HYPHEN	blankgap	0	conflu	ence	confluence	
production-1999-vol5	502	HYPHEN	blankgap	0	conflu	ence	confluence	
production-1999-vol5	503	HYPHEN	blankgap	0	conflu	ence	confluence	
production-1999-vol5	503	HYPHEN	blankgap	0	siskiy	ou	siskiyou	
