[2026-06-02 00:06 PT] REPARSE | === reparse.py starting — fixed APPROVED_RE parser === | OK
[2026-06-02 00:06 PT] REPARSE | Root cause: APPROVED_RE missing [,.]? between keyword and month; also ordinal-day OCR artifacts and variant keyword spellings. | OK
[2026-06-02 00:06 PT] REPARSE | 1850: Reading OCR from C:\Users\PatrickKolasinski\PatoLex-scratch\production-1850\ocr_consensus\page_ocr_results.json | OK
[2026-06-02 00:06 PT] REPARSE | 1850: BEFORE confident=82 flagged=8 | AFTER confident=83 flagged=61 | delta_confident=+1 | wrote parsed_acts_fixed.json | OK
[2026-06-02 00:06 PT] REPARSE | 1851: Reading OCR from C:\Users\PatrickKolasinski\PatoLex-scratch\production-1851\ocr_consensus\page_ocr_results.json | OK
[2026-06-02 00:06 PT] REPARSE | 1851: BEFORE confident=97 flagged=75 | AFTER confident=101 flagged=71 | delta_confident=+4 | wrote parsed_acts_fixed.json | OK
[2026-06-02 00:06 PT] REPARSE | 1852: Reading OCR from C:\Users\PatrickKolasinski\PatoLex-scratch\production-1852\ocr_consensus\page_ocr_results.json | OK
[2026-06-02 00:06 PT] REPARSE | 1852: BEFORE confident=12 flagged=101 | AFTER confident=80 flagged=33 | delta_confident=+68 | wrote parsed_acts_fixed.json | OK
[2026-06-02 00:06 PT] REPARSE | 1853: Reading OCR from C:\Users\PatrickKolasinski\PatoLex-scratch\production-1853\ocr_consensus\page_ocr_results.json | OK
[2026-06-02 00:06 PT] REPARSE | 1853: BEFORE confident=8 flagged=126 | AFTER confident=123 flagged=11 | delta_confident=+115 | wrote parsed_acts_fixed.json | OK
[2026-06-02 00:06 PT] REPARSE | === SUMMARY === | OK
[2026-06-02 00:06 PT] REPARSE |   1850: confident 82 -> 83 (+1), flagged 8 -> 61 | OK
[2026-06-02 00:06 PT] REPARSE |   1851: confident 97 -> 101 (+4), flagged 75 -> 71 | OK
[2026-06-02 00:06 PT] REPARSE |   1852: confident 12 -> 80 (+68), flagged 101 -> 33 | OK
[2026-06-02 00:06 PT] REPARSE |   1853: confident 8 -> 123 (+115), flagged 126 -> 11 | OK
[2026-06-02 00:06 PT] REPARSE | === DONE — output written to parsed_acts_fixed.json per volume === | OK
[2026-06-02 00:06 PT] REPARSE | Re-ingest: run re_ingest_fixed.py after PID 37384 batch completes. It reads parsed_acts_fixed.json and is strictly idempotent. | OK
[2026-06-02 00:12 PT] REPARSE | === reparse.py v2 starting -- fixed APPROVED_RE parser === | OK
[2026-06-02 00:12 PT] REPARSE | Root cause: APPROVED_RE lacked [,.]? between keyword and month. 1852+ volumes use 'APPROVED, Month Day, Year' (comma) vs 1850-1851 'Passed Month Day, Year' (no comma). Also fixes OCR keyword variants, ordinal-day artifacts, text-truncation date loss. | OK
[2026-06-02 00:12 PT] REPARSE | 1850: Reading OCR from C:\Users\PatrickKolasinski\PatoLex-scratch\production-1850\ocr_consensus\page_ocr_results.json | OK
[2026-06-02 00:12 PT] REPARSE | 1850: BEFORE confident=82 flagged=8 | AFTER confident=83 flagged=61 | delta_confident=+1 | wrote parsed_acts_fixed.json | OK
[2026-06-02 00:12 PT] REPARSE | 1851: Reading OCR from C:\Users\PatrickKolasinski\PatoLex-scratch\production-1851\ocr_consensus\page_ocr_results.json | OK
[2026-06-02 00:12 PT] REPARSE | 1851: BEFORE confident=97 flagged=75 | AFTER confident=101 flagged=71 | delta_confident=+4 | wrote parsed_acts_fixed.json | OK
[2026-06-02 00:12 PT] REPARSE | 1852: Reading OCR from C:\Users\PatrickKolasinski\PatoLex-scratch\production-1852\ocr_consensus\page_ocr_results.json | OK
[2026-06-02 00:12 PT] REPARSE | 1852: BEFORE confident=12 flagged=101 | AFTER confident=94 flagged=19 | delta_confident=+82 | wrote parsed_acts_fixed.json | OK
[2026-06-02 00:12 PT] REPARSE | 1853: Reading OCR from C:\Users\PatrickKolasinski\PatoLex-scratch\production-1853\ocr_consensus\page_ocr_results.json | OK
[2026-06-02 00:12 PT] REPARSE | 1853: BEFORE confident=8 flagged=126 | AFTER confident=117 flagged=17 | delta_confident=+109 | wrote parsed_acts_fixed.json | OK
[2026-06-02 00:12 PT] REPARSE | === SUMMARY === | OK
[2026-06-02 00:12 PT] REPARSE |   1850: confident 82 -> 83 (+1), flagged 8 -> 61 | OK
[2026-06-02 00:12 PT] REPARSE |   1851: confident 97 -> 101 (+4), flagged 75 -> 71 | OK
[2026-06-02 00:12 PT] REPARSE |   1852: confident 12 -> 94 (+82), flagged 101 -> 19 | OK
[2026-06-02 00:12 PT] REPARSE |   1853: confident 8 -> 117 (+109), flagged 126 -> 17 | OK
[2026-06-02 00:12 PT] REPARSE | Output: parsed_acts_fixed.json per volume. Re-ingest: run re_ingest_fixed.py after PID 37384 batch completes. | OK
[2026-06-02 00:14 PT] DIAGNOSIS | Root cause confirmed: APPROVED_RE r'(?:Approved|Passed)\s+' (orig) does not match 1852+ format 'APPROVED, Month Day, Year' (comma after keyword). 1851 uses 'Passed Month Day, Year' (no comma) -- original regex worked. Fix: keyword=[A[Pp]{1,3}[Rr]{1,3}[Oo]?[Vv]\w{0,6}|Pass(?:ed)?] + [,.]?\s* separator + broader day/month handling. PID 37384 still running, not disturbed. | OK

[2026-06-02 00:14 PT] ACTION | Re-ingest NOT done (concurrent batch PID 37384 still active). Run re_ingest_fixed.py after batch completes. Script is idempotent (ON CONFLICT DO NOTHING). | OK

[2026-06-02 02:57 PT] REPARSE | === reparse.py v2 starting -- fixed APPROVED_RE parser === | OK
[2026-06-02 02:57 PT] REPARSE | Root cause: APPROVED_RE lacked [,.]? between keyword and month. 1852+ volumes use 'APPROVED, Month Day, Year' (comma) vs 1850-1851 'Passed Month Day, Year' (no comma). Also fixes OCR keyword variants, ordinal-day artifacts, text-truncation date loss. | OK
[2026-06-02 02:57 PT] REPARSE | 1850: Reading OCR from C:\Users\PatrickKolasinski\PatoLex-scratch\production-1850\ocr_consensus\page_ocr_results.json | OK
[2026-06-02 02:57 PT] REPARSE | 1850: BEFORE confident=82 flagged=8 | AFTER confident=83 flagged=61 | delta_confident=+1 | wrote parsed_acts_fixed.json | OK
[2026-06-02 02:57 PT] REPARSE | 1851: Reading OCR from C:\Users\PatrickKolasinski\PatoLex-scratch\production-1851\ocr_consensus\page_ocr_results.json | OK
[2026-06-02 02:57 PT] REPARSE | 1851: BEFORE confident=97 flagged=75 | AFTER confident=101 flagged=71 | delta_confident=+4 | wrote parsed_acts_fixed.json | OK
[2026-06-02 02:57 PT] REPARSE | 1852: Reading OCR from C:\Users\PatrickKolasinski\PatoLex-scratch\production-1852\ocr_consensus\page_ocr_results.json | OK
[2026-06-02 02:57 PT] REPARSE | 1852: BEFORE confident=12 flagged=101 | AFTER confident=94 flagged=19 | delta_confident=+82 | wrote parsed_acts_fixed.json | OK
[2026-06-02 02:57 PT] REPARSE | 1853: Reading OCR from C:\Users\PatrickKolasinski\PatoLex-scratch\production-1853\ocr_consensus\page_ocr_results.json | OK
[2026-06-02 02:57 PT] REPARSE | 1853: BEFORE confident=8 flagged=126 | AFTER confident=117 flagged=17 | delta_confident=+109 | wrote parsed_acts_fixed.json | OK
[2026-06-02 02:57 PT] REPARSE | 1854: Reading OCR from C:\Users\PatrickKolasinski\PatoLex-scratch\production-1854\ocr_consensus\page_ocr_results.json | OK
[2026-06-02 02:57 PT] REPARSE | 1854: BEFORE confident=42 flagged=3 | AFTER confident=43 flagged=2 | delta_confident=+1 | wrote parsed_acts_fixed.json | OK
[2026-06-02 02:57 PT] REPARSE | 1855: Reading OCR from C:\Users\PatrickKolasinski\PatoLex-scratch\production-1855\ocr_consensus\page_ocr_results.json | OK
[2026-06-02 02:57 PT] REPARSE | 1855: BEFORE confident=137 flagged=24 | AFTER confident=142 flagged=19 | delta_confident=+5 | wrote parsed_acts_fixed.json | OK
[2026-06-02 02:57 PT] REPARSE | 1856: Reading OCR from C:\Users\PatrickKolasinski\PatoLex-scratch\production-1856\ocr_consensus\page_ocr_results.json | OK
[2026-06-02 02:57 PT] REPARSE | 1856: BEFORE confident=16 flagged=88 | AFTER confident=90 flagged=14 | delta_confident=+74 | wrote parsed_acts_fixed.json | OK
[2026-06-02 02:57 PT] REPARSE | 1857: Reading OCR from C:\Users\PatrickKolasinski\PatoLex-scratch\production-1857\ocr_consensus\page_ocr_results.json | OK
[2026-06-02 02:57 PT] REPARSE | 1857: BEFORE confident=171 flagged=9 | AFTER confident=174 flagged=6 | delta_confident=+3 | wrote parsed_acts_fixed.json | OK
[2026-06-02 02:57 PT] REPARSE | 1858: Reading OCR from C:\Users\PatrickKolasinski\PatoLex-scratch\production-1858\ocr_consensus\page_ocr_results.json | OK
[2026-06-02 02:57 PT] REPARSE | 1858: BEFORE confident=0 flagged=0 | AFTER confident=0 flagged=0 | delta_confident=+0 | wrote parsed_acts_fixed.json | OK
[2026-06-02 02:57 PT] REPARSE | 1859: Reading OCR from C:\Users\PatrickKolasinski\PatoLex-scratch\production-1859\ocr_consensus\page_ocr_results.json | OK
[2026-06-02 02:57 PT] REPARSE | 1859: BEFORE confident=0 flagged=0 | AFTER confident=0 flagged=0 | delta_confident=+0 | wrote parsed_acts_fixed.json | OK
[2026-06-02 02:57 PT] REPARSE | 1860: Reading OCR from C:\Users\PatrickKolasinski\PatoLex-scratch\production-1860\ocr_consensus\page_ocr_results.json | OK
[2026-06-02 02:57 PT] REPARSE | 1860: BEFORE confident=0 flagged=0 | AFTER confident=0 flagged=0 | delta_confident=+0 | wrote parsed_acts_fixed.json | OK
[2026-06-02 02:57 PT] REPARSE | === SUMMARY === | OK
[2026-06-02 02:57 PT] REPARSE |   1850: confident 82 -> 83 (+1), flagged 8 -> 61 | OK
[2026-06-02 02:57 PT] REPARSE |   1851: confident 97 -> 101 (+4), flagged 75 -> 71 | OK
[2026-06-02 02:57 PT] REPARSE |   1852: confident 12 -> 94 (+82), flagged 101 -> 19 | OK
[2026-06-02 02:57 PT] REPARSE |   1853: confident 8 -> 117 (+109), flagged 126 -> 17 | OK
[2026-06-02 02:57 PT] REPARSE |   1854: confident 42 -> 43 (+1), flagged 3 -> 2 | OK
[2026-06-02 02:57 PT] REPARSE |   1855: confident 137 -> 142 (+5), flagged 24 -> 19 | OK
[2026-06-02 02:57 PT] REPARSE |   1856: confident 16 -> 90 (+74), flagged 88 -> 14 | OK
[2026-06-02 02:57 PT] REPARSE |   1857: confident 171 -> 174 (+3), flagged 9 -> 6 | OK
[2026-06-02 02:57 PT] REPARSE |   1858: confident 0 -> 0 (+0), flagged 0 -> 0 | OK
[2026-06-02 02:57 PT] REPARSE |   1859: confident 0 -> 0 (+0), flagged 0 -> 0 | OK
[2026-06-02 02:57 PT] REPARSE |   1860: confident 0 -> 0 (+0), flagged 0 -> 0 | OK
[2026-06-02 02:57 PT] REPARSE | Output: parsed_acts_fixed.json per volume. Re-ingest: run re_ingest_fixed.py after PID 37384 batch completes. | OK
[2026-06-02 02:58 PT] REINGEST | === re_ingest_fixed.py starting === | OK
[2026-06-02 02:58 PT] REINGEST | SAFETY: only run after PID 37384 batch has completed. Uses ON CONFLICT DO NOTHING -- safe to re-run. | OK
[2026-06-02 02:58 PT] REINGEST | 1850: source_document id=20 | ingesting 83 confident acts | OK
[2026-06-02 02:58 PT] REINGEST | 1850 ch=8: INSERT error: psql error: ERROR:  column "chapter" of relation "enactment" does not exist
LINE 1: INSERT INTO enactment (source_document_id, chapter, chapter_...
                                                   ^ | WARN
[2026-06-02 02:58 PT] REINGEST | 1850 ch=9: INSERT error: psql error: ERROR:  column "chapter" of relation "enactment" does not exist
LINE 1: INSERT INTO enactment (source_document_id, chapter, chapter_...
                                                   ^ | WARN
[2026-06-02 02:58 PT] REINGEST | 1850 ch=11: INSERT error: psql error: ERROR:  column "chapter" of relation "enactment" does not exist
LINE 1: INSERT INTO enactment (source_document_id, chapter, chapter_...
                                                   ^ | WARN
[2026-06-02 02:58 PT] REINGEST | 1850 ch=12: INSERT error: psql error: ERROR:  column "chapter" of relation "enactment" does not exist
LINE 1: INSERT INTO enactment (source_document_id, chapter, chapter_...
                                                   ^ | WARN
[2026-06-02 02:58 PT] REINGEST | 1850 ch=10: INSERT error: psql error: ERROR:  column "chapter" of relation "enactment" does not exist
LINE 1: INSERT INTO enactment (source_document_id, chapter, chapter_...
                                                   ^ | WARN
[2026-06-02 02:58 PT] REINGEST | 1850 ch=18: INSERT error: psql error: ERROR:  column "chapter" of relation "enactment" does not exist
LINE 1: INSERT INTO enactment (source_document_id, chapter, chapter_...
                                                   ^ | WARN
[2026-06-02 02:58 PT] REINGEST | 1850 ch=19: INSERT error: psql error: ERROR:  column "chapter" of relation "enactment" does not exist
LINE 1: INSERT INTO enactment (source_document_id, chapter, chapter_...
                                                   ^ | WARN
[2026-06-02 02:58 PT] REINGEST | 1850 ch=20: INSERT error: psql error: ERROR:  column "chapter" of relation "enactment" does not exist
LINE 1: INSERT INTO enactment (source_document_id, chapter, chapter_...
                                                   ^ | WARN
[2026-06-02 02:58 PT] REINGEST | 1850 ch=21: INSERT error: psql error: ERROR:  column "chapter" of relation "enactment" does not exist
LINE 1: INSERT INTO enactment (source_document_id, chapter, chapter_...
                                                   ^ | WARN
[2026-06-02 02:58 PT] REINGEST | 1850 ch=23: INSERT error: psql error: ERROR:  column "chapter" of relation "enactment" does not exist
LINE 1: INSERT INTO enactment (source_document_id, chapter, chapter_...
                                                   ^ | WARN
[2026-06-02 02:58 PT] REINGEST | 1850 ch=24: INSERT error: psql error: ERROR:  column "chapter" of relation "enactment" does not exist
LINE 1: INSERT INTO enactment (source_document_id, chapter, chapter_...
                                                   ^ | WARN
[2026-06-02 02:58 PT] REINGEST | 1850 ch=25: INSERT error: psql error: ERROR:  column "chapter" of relation "enactment" does not exist
LINE 1: INSERT INTO enactment (source_document_id, chapter, chapter_...
                                                   ^ | WARN
[2026-06-02 02:58 PT] REINGEST | 1850 ch=26: INSERT error: psql error: ERROR:  column "chapter" of relation "enactment" does not exist
LINE 1: INSERT INTO enactment (source_document_id, chapter, chapter_...
                                                   ^ | WARN
[2026-06-02 02:58 PT] REINGEST | 1850 ch=27: INSERT error: psql error: ERROR:  column "chapter" of relation "enactment" does not exist
LINE 1: INSERT INTO enactment (source_document_id, chapter, chapter_...
                                                   ^ | WARN
[2026-06-02 02:58 PT] REINGEST | 1850 ch=28: INSERT error: psql error: ERROR:  column "chapter" of relation "enactment" does not exist
LINE 1: INSERT INTO enactment (source_document_id, chapter, chapter_...
                                                   ^ | WARN
[2026-06-02 02:58 PT] REINGEST | 1850 ch=29: INSERT error: psql error: ERROR:  column "chapter" of relation "enactment" does not exist
LINE 1: INSERT INTO enactment (source_document_id, chapter, chapter_...
                                                   ^ | WARN
[2026-06-02 02:58 PT] REINGEST | 1850 ch=39: INSERT error: psql error: ERROR:  column "chapter" of relation "enactment" does not exist
LINE 1: INSERT INTO enactment (source_document_id, chapter, chapter_...
                                                   ^ | WARN
[2026-06-02 02:58 PT] REINGEST | 1850 ch=34: INSERT error: psql error: ERROR:  column "chapter" of relation "enactment" does not exist
LINE 1: INSERT INTO enactment (source_document_id, chapter, chapter_...
                                                   ^ | WARN
[2026-06-02 02:58 PT] REINGEST | 1850 ch=36: INSERT error: psql error: ERROR:  column "chapter" of relation "enactment" does not exist
LINE 1: INSERT INTO enactment (source_document_id, chapter, chapter_...
                                                   ^ | WARN
[2026-06-02 02:58 PT] REINGEST | 1850 ch=39: INSERT error: psql error: ERROR:  column "chapter" of relation "enactment" does not exist
LINE 1: INSERT INTO enactment (source_document_id, chapter, chapter_...
                                                   ^ | WARN
[2026-06-02 02:58 PT] REINGEST | 1850 ch=42: INSERT error: psql error: ERROR:  column "chapter" of relation "enactment" does not exist
LINE 1: INSERT INTO enactment (source_document_id, chapter, chapter_...
                                                   ^ | WARN
[2026-06-02 02:58 PT] REINGEST | 1850 ch=44: INSERT error: psql error: ERROR:  column "chapter" of relation "enactment" does not exist
LINE 1: INSERT INTO enactment (source_document_id, chapter, chapter_...
                                                   ^ | WARN
[2026-06-02 02:58 PT] REINGEST | 1850 ch=48: INSERT error: psql error: ERROR:  column "chapter" of relation "enactment" does not exist
LINE 1: INSERT INTO enactment (source_document_id, chapter, chapter_...
                                                   ^ | WARN
[2026-06-02 02:58 PT] REINGEST | 1850 ch=50: INSERT error: psql error: ERROR:  column "chapter" of relation "enactment" does not exist
LINE 1: INSERT INTO enactment (source_document_id, chapter, chapter_...
                                                   ^ | WARN
[2026-06-02 02:58 PT] REINGEST | 1850 ch=54: INSERT error: psql error: ERROR:  column "chapter" of relation "enactment" does not exist
LINE 1: INSERT INTO enactment (source_document_id, chapter, chapter_...
                                                   ^ | WARN
[2026-06-02 02:58 PT] REINGEST | 1850 ch=56: INSERT error: psql error: ERROR:  column "chapter" of relation "enactment" does not exist
LINE 1: INSERT INTO enactment (source_document_id, chapter, chapter_...
                                                   ^ | WARN
[2026-06-02 02:58 PT] REINGEST | 1850 ch=57: INSERT error: psql error: ERROR:  column "chapter" of relation "enactment" does not exist
LINE 1: INSERT INTO enactment (source_document_id, chapter, chapter_...
                                                   ^ | WARN
[2026-06-02 02:58 PT] REINGEST | 1850 ch=60: INSERT error: psql error: ERROR:  column "chapter" of relation "enactment" does not exist
LINE 1: INSERT INTO enactment (source_document_id, chapter, chapter_...
                                                   ^ | WARN
[2026-06-02 02:58 PT] REINGEST | 1850 ch=61: INSERT error: psql error: ERROR:  column "chapter" of relation "enactment" does not exist
LINE 1: INSERT INTO enactment (source_document_id, chapter, chapter_...
                                                   ^ | WARN
[2026-06-02 02:58 PT] REINGEST | 1850 ch=63: INSERT error: psql error: ERROR:  column "chapter" of relation "enactment" does not exist
LINE 1: INSERT INTO enactment (source_document_id, chapter, chapter_...
                                                   ^ | WARN
[2026-06-02 02:58 PT] REINGEST | 1850 ch=66: INSERT error: psql error: ERROR:  column "chapter" of relation "enactment" does not exist
LINE 1: INSERT INTO enactment (source_document_id, chapter, chapter_...
                                                   ^ | WARN
[2026-06-02 02:58 PT] REINGEST | 1850 ch=68: INSERT error: psql error: ERROR:  column "chapter" of relation "enactment" does not exist
LINE 1: INSERT INTO enactment (source_document_id, chapter, chapter_...
                                                   ^ | WARN
[2026-06-02 02:58 PT] REINGEST | 1850 ch=70: INSERT error: psql error: ERROR:  column "chapter" of relation "enactment" does not exist
LINE 1: INSERT INTO enactment (source_document_id, chapter, chapter_...
                                                   ^ | WARN
[2026-06-02 02:58 PT] REINGEST | 1850 ch=71: INSERT error: psql error: ERROR:  column "chapter" of relation "enactment" does not exist
LINE 1: INSERT INTO enactment (source_document_id, chapter, chapter_...
                                                   ^ | WARN
[2026-06-02 02:58 PT] REINGEST | 1850 ch=72: INSERT error: psql error: ERROR:  column "chapter" of relation "enactment" does not exist
LINE 1: INSERT INTO enactment (source_document_id, chapter, chapter_...
                                                   ^ | WARN
[2026-06-02 02:58 PT] REINGEST | 1850 ch=73: INSERT error: psql error: ERROR:  column "chapter" of relation "enactment" does not exist
LINE 1: INSERT INTO enactment (source_document_id, chapter, chapter_...
                                                   ^ | WARN
[2026-06-02 02:58 PT] REINGEST | 1850 ch=75: INSERT error: psql error: ERROR:  column "chapter" of relation "enactment" does not exist
LINE 1: INSERT INTO enactment (source_document_id, chapter, chapter_...
                                                   ^ | WARN
[2026-06-02 02:58 PT] REINGEST | 1850 ch=76: INSERT error: psql error: ERROR:  column "chapter" of relation "enactment" does not exist
LINE 1: INSERT INTO enactment (source_document_id, chapter, chapter_...
                                                   ^ | WARN
[2026-06-02 02:58 PT] REINGEST | 1850 ch=77: INSERT error: psql error: ERROR:  column "chapter" of relation "enactment" does not exist
LINE 1: INSERT INTO enactment (source_document_id, chapter, chapter_...
                                                   ^ | WARN
[2026-06-02 02:58 PT] REINGEST | 1850 ch=79: INSERT error: psql error: ERROR:  column "chapter" of relation "enactment" does not exist
LINE 1: INSERT INTO enactment (source_document_id, chapter, chapter_...
                                                   ^ | WARN
[2026-06-02 02:58 PT] REINGEST | 1850 ch=80: INSERT error: psql error: ERROR:  column "chapter" of relation "enactment" does not exist
LINE 1: INSERT INTO enactment (source_document_id, chapter, chapter_...
                                                   ^ | WARN
[2026-06-02 02:58 PT] REINGEST | 1850 ch=81: INSERT error: psql error: ERROR:  column "chapter" of relation "enactment" does not exist
LINE 1: INSERT INTO enactment (source_document_id, chapter, chapter_...
                                                   ^ | WARN
[2026-06-02 02:58 PT] REINGEST | 1850 ch=82: INSERT error: psql error: ERROR:  column "chapter" of relation "enactment" does not exist
LINE 1: INSERT INTO enactment (source_document_id, chapter, chapter_...
                                                   ^ | WARN
[2026-06-02 02:58 PT] REINGEST | 1850 ch=83: INSERT error: psql error: ERROR:  column "chapter" of relation "enactment" does not exist
LINE 1: INSERT INTO enactment (source_document_id, chapter, chapter_...
                                                   ^ | WARN
[2026-06-02 02:58 PT] REINGEST | 1850 ch=84: INSERT error: psql error: ERROR:  column "chapter" of relation "enactment" does not exist
LINE 1: INSERT INTO enactment (source_document_id, chapter, chapter_...
                                                   ^ | WARN
[2026-06-02 02:58 PT] REINGEST | 1850 ch=86: INSERT error: psql error: ERROR:  column "chapter" of relation "enactment" does not exist
LINE 1: INSERT INTO enactment (source_document_id, chapter, chapter_...
                                                   ^ | WARN
[2026-06-02 02:58 PT] REINGEST | 1850 ch=87: INSERT error: psql error: ERROR:  column "chapter" of relation "enactment" does not exist
LINE 1: INSERT INTO enactment (source_document_id, chapter, chapter_...
                                                   ^ | WARN
[2026-06-02 02:58 PT] REINGEST | 1850 ch=88: INSERT error: psql error: ERROR:  column "chapter" of relation "enactment" does not exist
LINE 1: INSERT INTO enactment (source_document_id, chapter, chapter_...
                                                   ^ | WARN
[2026-06-02 02:58 PT] REINGEST | 1850 ch=89: INSERT error: psql error: ERROR:  column "chapter" of relation "enactment" does not exist
LINE 1: INSERT INTO enactment (source_document_id, chapter, chapter_...
                                                   ^ | WARN
[2026-06-02 02:58 PT] REINGEST | 1850 ch=90: INSERT error: psql error: ERROR:  column "chapter" of relation "enactment" does not exist
LINE 1: INSERT INTO enactment (source_document_id, chapter, chapter_...
                                                   ^ | WARN
[2026-06-02 02:58 PT] REINGEST | 1850 ch=91: INSERT error: psql error: ERROR:  column "chapter" of relation "enactment" does not exist
LINE 1: INSERT INTO enactment (source_document_id, chapter, chapter_...
                                                   ^ | WARN
[2026-06-02 02:58 PT] REINGEST | 1850 ch=93: INSERT error: psql error: ERROR:  column "chapter" of relation "enactment" does not exist
LINE 1: INSERT INTO enactment (source_document_id, chapter, chapter_...
                                                   ^ | WARN
[2026-06-02 02:58 PT] REINGEST | 1850 ch=96: INSERT error: psql error: ERROR:  column "chapter" of relation "enactment" does not exist
LINE 1: INSERT INTO enactment (source_document_id, chapter, chapter_...
                                                   ^ | WARN
[2026-06-02 02:58 PT] REINGEST | 1850 ch=97: INSERT error: psql error: ERROR:  column "chapter" of relation "enactment" does not exist
LINE 1: INSERT INTO enactment (source_document_id, chapter, chapter_...
                                                   ^ | WARN
[2026-06-02 02:58 PT] REINGEST | 1850 ch=98: INSERT error: psql error: ERROR:  column "chapter" of relation "enactment" does not exist
LINE 1: INSERT INTO enactment (source_document_id, chapter, chapter_...
                                                   ^ | WARN
[2026-06-02 02:58 PT] REINGEST | 1850 ch=99: INSERT error: psql error: ERROR:  column "chapter" of relation "enactment" does not exist
LINE 1: INSERT INTO enactment (source_document_id, chapter, chapter_...
                                                   ^ | WARN
[2026-06-02 02:58 PT] REINGEST | 1850 ch=100: INSERT error: psql error: ERROR:  column "chapter" of relation "enactment" does not exist
LINE 1: INSERT INTO enactment (source_document_id, chapter, chapter_...
                                                   ^ | WARN
[2026-06-02 02:58 PT] REINGEST | 1850 ch=101: INSERT error: psql error: ERROR:  column "chapter" of relation "enactment" does not exist
LINE 1: INSERT INTO enactment (source_document_id, chapter, chapter_...
                                                   ^ | WARN
[2026-06-02 02:58 PT] REINGEST | 1850 ch=103: INSERT error: psql error: ERROR:  column "chapter" of relation "enactment" does not exist
LINE 1: INSERT INTO enactment (source_document_id, chapter, chapter_...
                                                   ^ | WARN
[2026-06-02 02:58 PT] REINGEST | 1850 ch=105: INSERT error: psql error: ERROR:  column "chapter" of relation "enactment" does not exist
LINE 1: INSERT INTO enactment (source_document_id, chapter, chapter_...
                                                   ^ | WARN
[2026-06-02 02:58 PT] REINGEST | 1850 ch=106: INSERT error: psql error: ERROR:  column "chapter" of relation "enactment" does not exist
LINE 1: INSERT INTO enactment (source_document_id, chapter, chapter_...
                                                   ^ | WARN
[2026-06-02 02:58 PT] REINGEST | 1850 ch=109: INSERT error: psql error: ERROR:  column "chapter" of relation "enactment" does not exist
LINE 1: INSERT INTO enactment (source_document_id, chapter, chapter_...
                                                   ^ | WARN
[2026-06-02 02:58 PT] REINGEST | 1850 ch=110: INSERT error: psql error: ERROR:  column "chapter" of relation "enactment" does not exist
LINE 1: INSERT INTO enactment (source_document_id, chapter, chapter_...
                                                   ^ | WARN
[2026-06-02 02:58 PT] REINGEST | 1850 ch=113: INSERT error: psql error: ERROR:  column "chapter" of relation "enactment" does not exist
LINE 1: INSERT INTO enactment (source_document_id, chapter, chapter_...
                                                   ^ | WARN
[2026-06-02 02:58 PT] REINGEST | 1850 ch=110: INSERT error: psql error: ERROR:  column "chapter" of relation "enactment" does not exist
LINE 1: INSERT INTO enactment (source_document_id, chapter, chapter_...
                                                   ^ | WARN
[2026-06-02 02:58 PT] REINGEST | 1850 ch=116: INSERT error: psql error: ERROR:  column "chapter" of relation "enactment" does not exist
LINE 1: INSERT INTO enactment (source_document_id, chapter, chapter_...
                                                   ^ | WARN
[2026-06-02 02:58 PT] REINGEST | 1850 ch=117: INSERT error: psql error: ERROR:  column "chapter" of relation "enactment" does not exist
LINE 1: INSERT INTO enactment (source_document_id, chapter, chapter_...
                                                   ^ | WARN
[2026-06-02 02:58 PT] REINGEST | 1850 ch=119: INSERT error: psql error: ERROR:  column "chapter" of relation "enactment" does not exist
LINE 1: INSERT INTO enactment (source_document_id, chapter, chapter_...
                                                   ^ | WARN
[2026-06-02 02:58 PT] REINGEST | 1850 ch=120: INSERT error: psql error: ERROR:  column "chapter" of relation "enactment" does not exist
LINE 1: INSERT INTO enactment (source_document_id, chapter, chapter_...
                                                   ^ | WARN
[2026-06-02 02:58 PT] REINGEST | 1850 ch=121: INSERT error: psql error: ERROR:  column "chapter" of relation "enactment" does not exist
LINE 1: INSERT INTO enactment (source_document_id, chapter, chapter_...
                                                   ^ | WARN
[2026-06-02 02:58 PT] REINGEST | 1850 ch=123: INSERT error: psql error: ERROR:  column "chapter" of relation "enactment" does not exist
LINE 1: INSERT INTO enactment (source_document_id, chapter, chapter_...
                                                   ^ | WARN
[2026-06-02 02:58 PT] REINGEST | 1850 ch=124: INSERT error: psql error: ERROR:  column "chapter" of relation "enactment" does not exist
LINE 1: INSERT INTO enactment (source_document_id, chapter, chapter_...
                                                   ^ | WARN
[2026-06-02 02:58 PT] REINGEST | 1850 ch=126: INSERT error: psql error: ERROR:  column "chapter" of relation "enactment" does not exist
LINE 1: INSERT INTO enactment (source_document_id, chapter, chapter_...
                                                   ^ | WARN
[2026-06-02 02:58 PT] REINGEST | 1850 ch=6: INSERT error: psql error: ERROR:  column "chapter" of relation "enactment" does not exist
LINE 1: INSERT INTO enactment (source_document_id, chapter, chapter_...
                                                   ^ | WARN
[2026-06-02 02:58 PT] REINGEST | 1850 ch=130: INSERT error: psql error: ERROR:  column "chapter" of relation "enactment" does not exist
LINE 1: INSERT INTO enactment (source_document_id, chapter, chapter_...
                                                   ^ | WARN
[2026-06-02 02:58 PT] REINGEST | 1850 ch=133: INSERT error: psql error: ERROR:  column "chapter" of relation "enactment" does not exist
LINE 1: INSERT INTO enactment (source_document_id, chapter, chapter_...
                                                   ^ | WARN
[2026-06-02 02:58 PT] REINGEST | 1850 ch=137: INSERT error: psql error: ERROR:  column "chapter" of relation "enactment" does not exist
LINE 1: INSERT INTO enactment (source_document_id, chapter, chapter_...
                                                   ^ | WARN
[2026-06-02 02:58 PT] REINGEST | 1850 ch=139: INSERT error: psql error: ERROR:  column "chapter" of relation "enactment" does not exist
LINE 1: INSERT INTO enactment (source_document_id, chapter, chapter_...
                                                   ^ | WARN
[2026-06-02 02:58 PT] REINGEST | 1850 ch=140: INSERT error: psql error: ERROR:  column "chapter" of relation "enactment" does not exist
LINE 1: INSERT INTO enactment (source_document_id, chapter, chapter_...
                                                   ^ | WARN
[2026-06-02 02:58 PT] REINGEST | 1850 ch=142: INSERT error: psql error: ERROR:  column "chapter" of relation "enactment" does not exist
LINE 1: INSERT INTO enactment (source_document_id, chapter, chapter_...
                                                   ^ | WARN
[2026-06-02 02:58 PT] REINGEST | 1850 ch=143: INSERT error: psql error: ERROR:  column "chapter" of relation "enactment" does not exist
LINE 1: INSERT INTO enactment (source_document_id, chapter, chapter_...
                                                   ^ | WARN
[2026-06-02 02:58 PT] REINGEST | 1850 ch=146: INSERT error: psql error: ERROR:  column "chapter" of relation "enactment" does not exist
LINE 1: INSERT INTO enactment (source_document_id, chapter, chapter_...
                                                   ^ | WARN
[2026-06-02 02:58 PT] REINGEST | 1850 ch=146: INSERT error: psql error: ERROR:  column "chapter" of relation "enactment" does not exist
LINE 1: INSERT INTO enactment (source_document_id, chapter, chapter_...
                                                   ^ | WARN
[2026-06-02 02:58 PT] REINGEST | 1850: inserted=0 skipped(dup)=0 errors=83 | WARN
[2026-06-02 02:58 PT] REINGEST | 1851: source_document id=2 | ingesting 101 confident acts | OK
[2026-06-02 02:58 PT] REINGEST | 1851 ch=1: INSERT error: psql error: ERROR:  column "chapter" of relation "enactment" does not exist
LINE 1: INSERT INTO enactment (source_document_id, chapter, chapter_...
                                                   ^ | WARN
[2026-06-02 02:58 PT] REINGEST | 1851 ch=2: INSERT error: psql error: ERROR:  column "chapter" of relation "enactment" does not exist
LINE 1: INSERT INTO enactment (source_document_id, chapter, chapter_...
                                                   ^ | WARN
[2026-06-02 02:58 PT] REINGEST | 1851 ch=3: INSERT error: psql error: ERROR:  column "chapter" of relation "enactment" does not exist
LINE 1: INSERT INTO enactment (source_document_id, chapter, chapter_...
                                                   ^ | WARN
[2026-06-02 02:58 PT] REINGEST | 1851 ch=4: INSERT error: psql error: ERROR:  column "chapter" of relation "enactment" does not exist
LINE 1: INSERT INTO enactment (source_document_id, chapter, chapter_...
                                                   ^ | WARN
[2026-06-02 02:58 PT] REINGEST | 1851 ch=5: INSERT error: psql error: ERROR:  column "chapter" of relation "enactment" does not exist
LINE 1: INSERT INTO enactment (source_document_id, chapter, chapter_...
                                                   ^ | WARN
[2026-06-02 02:58 PT] REINGEST | 1851 ch=6: INSERT error: psql error: ERROR:  column "chapter" of relation "enactment" does not exist
LINE 1: INSERT INTO enactment (source_document_id, chapter, chapter_...
                                                   ^ | WARN
[2026-06-02 02:58 PT] REINGEST | 1851 ch=7: INSERT error: psql error: ERROR:  column "chapter" of relation "enactment" does not exist
LINE 1: INSERT INTO enactment (source_document_id, chapter, chapter_...
                                                   ^ | WARN
[2026-06-02 02:58 PT] REINGEST | 1851 ch=9: INSERT error: psql error: ERROR:  column "chapter" of relation "enactment" does not exist
LINE 1: INSERT INTO enactment (source_document_id, chapter, chapter_...
                                                   ^ | WARN
[2026-06-02 02:58 PT] REINGEST | 1851 ch=10: INSERT error: psql error: ERROR:  column "chapter" of relation "enactment" does not exist
LINE 1: INSERT INTO enactment (source_document_id, chapter, chapter_...
                                                   ^ | WARN
[2026-06-02 02:58 PT] REINGEST | 1851 ch=11: INSERT error: psql error: ERROR:  column "chapter" of relation "enactment" does not exist
LINE 1: INSERT INTO enactment (source_document_id, chapter, chapter_...
                                                   ^ | WARN
[2026-06-02 02:58 PT] REINGEST | 1851 ch=12: INSERT error: psql error: ERROR:  column "chapter" of relation "enactment" does not exist
LINE 1: INSERT INTO enactment (source_document_id, chapter, chapter_...
                                                   ^ | WARN
[2026-06-02 02:58 PT] REINGEST | 1851 ch=13: INSERT error: psql error: ERROR:  column "chapter" of relation "enactment" does not exist
LINE 1: INSERT INTO enactment (source_document_id, chapter, chapter_...
                                                   ^ | WARN
[2026-06-02 02:58 PT] REINGEST | 1851 ch=14: INSERT error: psql error: ERROR:  column "chapter" of relation "enactment" does not exist
LINE 1: INSERT INTO enactment (source_document_id, chapter, chapter_...
                                                   ^ | WARN
[2026-06-02 02:58 PT] REINGEST | 1851 ch=15: INSERT error: psql error: ERROR:  column "chapter" of relation "enactment" does not exist
LINE 1: INSERT INTO enactment (source_document_id, chapter, chapter_...
                                                   ^ | WARN
[2026-06-02 02:58 PT] REINGEST | 1851 ch=16: INSERT error: psql error: ERROR:  column "chapter" of relation "enactment" does not exist
LINE 1: INSERT INTO enactment (source_document_id, chapter, chapter_...
                                                   ^ | WARN
[2026-06-02 02:58 PT] REINGEST | 1851 ch=17: INSERT error: psql error: ERROR:  column "chapter" of relation "enactment" does not exist
LINE 1: INSERT INTO enactment (source_document_id, chapter, chapter_...
                                                   ^ | WARN
[2026-06-02 02:58 PT] REINGEST | 1851 ch=18: INSERT error: psql error: ERROR:  column "chapter" of relation "enactment" does not exist
LINE 1: INSERT INTO enactment (source_document_id, chapter, chapter_...
                                                   ^ | WARN
[2026-06-02 02:58 PT] REINGEST | 1851 ch=19: INSERT error: psql error: ERROR:  column "chapter" of relation "enactment" does not exist
LINE 1: INSERT INTO enactment (source_document_id, chapter, chapter_...
                                                   ^ | WARN
[2026-06-02 02:58 PT] REINGEST | 1851 ch=20: INSERT error: psql error: ERROR:  column "chapter" of relation "enactment" does not exist
LINE 1: INSERT INTO enactment (source_document_id, chapter, chapter_...
                                                   ^ | WARN
[2026-06-02 02:58 PT] REINGEST | 1851 ch=22: INSERT error: psql error: ERROR:  column "chapter" of relation "enactment" does not exist
LINE 1: INSERT INTO enactment (source_document_id, chapter, chapter_...
                                                   ^ | WARN
[2026-06-02 02:58 PT] REINGEST | 1851 ch=23: INSERT error: psql error: ERROR:  column "chapter" of relation "enactment" does not exist
LINE 1: INSERT INTO enactment (source_document_id, chapter, chapter_...
                                                   ^ | WARN
[2026-06-02 02:58 PT] REINGEST | 1851 ch=24: INSERT error: psql error: ERROR:  column "chapter" of relation "enactment" does not exist
LINE 1: INSERT INTO enactment (source_document_id, chapter, chapter_...
                                                   ^ | WARN
[2026-06-02 02:58 PT] REINGEST | 1851 ch=27: INSERT error: psql error: ERROR:  column "chapter" of relation "enactment" does not exist
LINE 1: INSERT INTO enactment (source_document_id, chapter, chapter_...
                                                   ^ | WARN
[2026-06-02 02:58 PT] REINGEST | 1851 ch=28: INSERT error: psql error: ERROR:  column "chapter" of relation "enactment" does not exist
LINE 1: INSERT INTO enactment (source_document_id, chapter, chapter_...
                                                   ^ | WARN
[2026-06-02 02:58 PT] REINGEST | 1851 ch=29: INSERT error: psql error: ERROR:  column "chapter" of relation "enactment" does not exist
LINE 1: INSERT INTO enactment (source_document_id, chapter, chapter_...
                                                   ^ | WARN
[2026-06-02 02:58 PT] REINGEST | 1851 ch=30: INSERT error: psql error: ERROR:  column "chapter" of relation "enactment" does not exist
LINE 1: INSERT INTO enactment (source_document_id, chapter, chapter_...
                                                   ^ | WARN
[2026-06-02 02:58 PT] REINGEST | 1851 ch=32: INSERT error: psql error: ERROR:  column "chapter" of relation "enactment" does not exist
LINE 1: INSERT INTO enactment (source_document_id, chapter, chapter_...
                                                   ^ | WARN
[2026-06-02 02:58 PT] REINGEST | 1851 ch=33: INSERT error: psql error: ERROR:  column "chapter" of relation "enactment" does not exist
LINE 1: INSERT INTO enactment (source_document_id, chapter, chapter_...
                                                   ^ | WARN
[2026-06-02 02:58 PT] REINGEST | 1851 ch=35: INSERT error: psql error: ERROR:  column "chapter" of relation "enactment" does not exist
LINE 1: INSERT INTO enactment (source_document_id, chapter, chapter_...
                                                   ^ | WARN
[2026-06-02 02:58 PT] REINGEST | 1851 ch=36: INSERT error: psql error: ERROR:  column "chapter" of relation "enactment" does not exist
LINE 1: INSERT INTO enactment (source_document_id, chapter, chapter_...
                                                   ^ | WARN
[2026-06-02 02:58 PT] REINGEST | 1851 ch=37: INSERT error: psql error: ERROR:  column "chapter" of relation "enactment" does not exist
LINE 1: INSERT INTO enactment (source_document_id, chapter, chapter_...
                                                   ^ | WARN
[2026-06-02 02:58 PT] REINGEST | 1851 ch=38: INSERT error: psql error: ERROR:  column "chapter" of relation "enactment" does not exist
LINE 1: INSERT INTO enactment (source_document_id, chapter, chapter_...
                                                   ^ | WARN
[2026-06-02 02:58 PT] REINGEST | 1851 ch=39: INSERT error: psql error: ERROR:  column "chapter" of relation "enactment" does not exist
LINE 1: INSERT INTO enactment (source_document_id, chapter, chapter_...
                                                   ^ | WARN
[2026-06-02 02:58 PT] REINGEST | 1851 ch=40: INSERT error: psql error: ERROR:  column "chapter" of relation "enactment" does not exist
LINE 1: INSERT INTO enactment (source_document_id, chapter, chapter_...
                                                   ^ | WARN
[2026-06-02 02:58 PT] REINGEST | 1851 ch=42: INSERT error: psql error: ERROR:  column "chapter" of relation "enactment" does not exist
LINE 1: INSERT INTO enactment (source_document_id, chapter, chapter_...
                                                   ^ | WARN
[2026-06-02 02:58 PT] REINGEST | 1851 ch=43: INSERT error: psql error: ERROR:  column "chapter" of relation "enactment" does not exist
LINE 1: INSERT INTO enactment (source_document_id, chapter, chapter_...
                                                   ^ | WARN
[2026-06-02 02:58 PT] REINGEST | 1851 ch=46: INSERT error: psql error: ERROR:  column "chapter" of relation "enactment" does not exist
LINE 1: INSERT INTO enactment (source_document_id, chapter, chapter_...
                                                   ^ | WARN
[2026-06-02 02:58 PT] REINGEST | 1851 ch=46: INSERT error: psql error: ERROR:  column "chapter" of relation "enactment" does not exist
LINE 1: INSERT INTO enactment (source_document_id, chapter, chapter_...
                                                   ^ | WARN
[2026-06-02 02:58 PT] REINGEST | 1851 ch=48: INSERT error: psql error: ERROR:  column "chapter" of relation "enactment" does not exist
LINE 1: INSERT INTO enactment (source_document_id, chapter, chapter_...
                                                   ^ | WARN
[2026-06-02 02:58 PT] REINGEST | 1851 ch=49: INSERT error: psql error: ERROR:  column "chapter" of relation "enactment" does not exist
LINE 1: INSERT INTO enactment (source_document_id, chapter, chapter_...
                                                   ^ | WARN
[2026-06-02 02:58 PT] REINGEST | 1851 ch=50: INSERT error: psql error: ERROR:  column "chapter" of relation "enactment" does not exist
LINE 1: INSERT INTO enactment (source_document_id, chapter, chapter_...
                                                   ^ | WARN
[2026-06-02 02:58 PT] REINGEST | 1851 ch=51: INSERT error: psql error: ERROR:  column "chapter" of relation "enactment" does not exist
LINE 1: INSERT INTO enactment (source_document_id, chapter, chapter_...
                                                   ^ | WARN
[2026-06-02 02:58 PT] REINGEST | 1851 ch=52: INSERT error: psql error: ERROR:  column "chapter" of relation "enactment" does not exist
LINE 1: INSERT INTO enactment (source_document_id, chapter, chapter_...
                                                   ^ | WARN
[2026-06-02 02:58 PT] REINGEST | 1851 ch=53: INSERT error: psql error: ERROR:  column "chapter" of relation "enactment" does not exist
LINE 1: INSERT INTO enactment (source_document_id, chapter, chapter_...
                                                   ^ | WARN
[2026-06-02 02:58 PT] REINGEST | 1851 ch=54: INSERT error: psql error: ERROR:  column "chapter" of relation "enactment" does not exist
LINE 1: INSERT INTO enactment (source_document_id, chapter, chapter_...
                                                   ^ | WARN
[2026-06-02 02:58 PT] REINGEST | 1851 ch=55: INSERT error: psql error: ERROR:  column "chapter" of relation "enactment" does not exist
LINE 1: INSERT INTO enactment (source_document_id, chapter, chapter_...
                                                   ^ | WARN
[2026-06-02 02:58 PT] REINGEST | 1851 ch=56: INSERT error: psql error: ERROR:  column "chapter" of relation "enactment" does not exist
LINE 1: INSERT INTO enactment (source_document_id, chapter, chapter_...
                                                   ^ | WARN
[2026-06-02 02:58 PT] REINGEST | 1851 ch=58: INSERT error: psql error: ERROR:  column "chapter" of relation "enactment" does not exist
LINE 1: INSERT INTO enactment (source_document_id, chapter, chapter_...
                                                   ^ | WARN
[2026-06-02 02:58 PT] REINGEST | 1851 ch=59: INSERT error: psql error: ERROR:  column "chapter" of relation "enactment" does not exist
LINE 1: INSERT INTO enactment (source_document_id, chapter, chapter_...
                                                   ^ | WARN
[2026-06-02 02:58 PT] REINGEST | 1851 ch=64: INSERT error: psql error: ERROR:  column "chapter" of relation "enactment" does not exist
LINE 1: INSERT INTO enactment (source_document_id, chapter, chapter_...
                                                   ^ | WARN
[2026-06-02 02:58 PT] REINGEST | 1851 ch=68: INSERT error: psql error: ERROR:  column "chapter" of relation "enactment" does not exist
LINE 1: INSERT INTO enactment (source_document_id, chapter, chapter_...
                                                   ^ | WARN
[2026-06-02 02:58 PT] REINGEST | 1851 ch=69: INSERT error: psql error: ERROR:  column "chapter" of relation "enactment" does not exist
LINE 1: INSERT INTO enactment (source_document_id, chapter, chapter_...
                                                   ^ | WARN
[2026-06-02 02:58 PT] REINGEST | 1851 ch=70: INSERT error: psql error: ERROR:  column "chapter" of relation "enactment" does not exist
LINE 1: INSERT INTO enactment (source_document_id, chapter, chapter_...
                                                   ^ | WARN
[2026-06-02 02:58 PT] REINGEST | 1851 ch=71: INSERT error: psql error: ERROR:  column "chapter" of relation "enactment" does not exist
LINE 1: INSERT INTO enactment (source_document_id, chapter, chapter_...
                                                   ^ | WARN
[2026-06-02 02:58 PT] REINGEST | 1851 ch=73: INSERT error: psql error: ERROR:  column "chapter" of relation "enactment" does not exist
LINE 1: INSERT INTO enactment (source_document_id, chapter, chapter_...
                                                   ^ | WARN
[2026-06-02 02:58 PT] REINGEST | 1851 ch=74: INSERT error: psql error: ERROR:  column "chapter" of relation "enactment" does not exist
LINE 1: INSERT INTO enactment (source_document_id, chapter, chapter_...
                                                   ^ | WARN
[2026-06-02 02:58 PT] REINGEST | 1851 ch=75: INSERT error: psql error: ERROR:  column "chapter" of relation "enactment" does not exist
LINE 1: INSERT INTO enactment (source_document_id, chapter, chapter_...
                                                   ^ | WARN
[2026-06-02 02:58 PT] REINGEST | 1851 ch=77: INSERT error: psql error: ERROR:  column "chapter" of relation "enactment" does not exist
LINE 1: INSERT INTO enactment (source_document_id, chapter, chapter_...
                                                   ^ | WARN
[2026-06-02 02:58 PT] REINGEST | 1851 ch=78: INSERT error: psql error: ERROR:  column "chapter" of relation "enactment" does not exist
LINE 1: INSERT INTO enactment (source_document_id, chapter, chapter_...
                                                   ^ | WARN
[2026-06-02 02:58 PT] REINGEST | 1851 ch=80: INSERT error: psql error: ERROR:  column "chapter" of relation "enactment" does not exist
LINE 1: INSERT INTO enactment (source_document_id, chapter, chapter_...
                                                   ^ | WARN
[2026-06-02 02:58 PT] REINGEST | 1851 ch=82: INSERT error: psql error: ERROR:  column "chapter" of relation "enactment" does not exist
LINE 1: INSERT INTO enactment (source_document_id, chapter, chapter_...
                                                   ^ | WARN
[2026-06-02 02:58 PT] REINGEST | 1851 ch=84: INSERT error: psql error: ERROR:  column "chapter" of relation "enactment" does not exist
LINE 1: INSERT INTO enactment (source_document_id, chapter, chapter_...
                                                   ^ | WARN
[2026-06-02 02:58 PT] REINGEST | 1851 ch=86: INSERT error: psql error: ERROR:  column "chapter" of relation "enactment" does not exist
LINE 1: INSERT INTO enactment (source_document_id, chapter, chapter_...
                                                   ^ | WARN
[2026-06-02 02:58 PT] REINGEST | 1851 ch=87: INSERT error: psql error: ERROR:  column "chapter" of relation "enactment" does not exist
LINE 1: INSERT INTO enactment (source_document_id, chapter, chapter_...
                                                   ^ | WARN
[2026-06-02 02:58 PT] REINGEST | 1851 ch=88: INSERT error: psql error: ERROR:  column "chapter" of relation "enactment" does not exist
LINE 1: INSERT INTO enactment (source_document_id, chapter, chapter_...
                                                   ^ | WARN
[2026-06-02 02:58 PT] REINGEST | 1851 ch=90: INSERT error: psql error: ERROR:  column "chapter" of relation "enactment" does not exist
LINE 1: INSERT INTO enactment (source_document_id, chapter, chapter_...
                                                   ^ | WARN
[2026-06-02 02:58 PT] REINGEST | 1851 ch=91: INSERT error: psql error: ERROR:  column "chapter" of relation "enactment" does not exist
LINE 1: INSERT INTO enactment (source_document_id, chapter, chapter_...
                                                   ^ | WARN
[2026-06-02 02:58 PT] REINGEST | 1851 ch=93: INSERT error: psql error: ERROR:  column "chapter" of relation "enactment" does not exist
LINE 1: INSERT INTO enactment (source_document_id, chapter, chapter_...
                                                   ^ | WARN
[2026-06-02 02:58 PT] REINGEST | 1851 ch=96: INSERT error: psql error: ERROR:  column "chapter" of relation "enactment" does not exist
LINE 1: INSERT INTO enactment (source_document_id, chapter, chapter_...
                                                   ^ | WARN
[2026-06-02 02:58 PT] REINGEST | 1851 ch=97: INSERT error: psql error: ERROR:  column "chapter" of relation "enactment" does not exist
LINE 1: INSERT INTO enactment (source_document_id, chapter, chapter_...
                                                   ^ | WARN
[2026-06-02 02:58 PT] REINGEST | 1851 ch=98: INSERT error: psql error: ERROR:  column "chapter" of relation "enactment" does not exist
LINE 1: INSERT INTO enactment (source_document_id, chapter, chapter_...
                                                   ^ | WARN
[2026-06-02 02:58 PT] REINGEST | 1851 ch=99: INSERT error: psql error: ERROR:  column "chapter" of relation "enactment" does not exist
LINE 1: INSERT INTO enactment (source_document_id, chapter, chapter_...
                                                   ^ | WARN
[2026-06-02 02:58 PT] REINGEST | 1851 ch=100: INSERT error: psql error: ERROR:  column "chapter" of relation "enactment" does not exist
LINE 1: INSERT INTO enactment (source_document_id, chapter, chapter_...
                                                   ^ | WARN
[2026-06-02 02:58 PT] REINGEST | 1851 ch=101: INSERT error: psql error: ERROR:  column "chapter" of relation "enactment" does not exist
LINE 1: INSERT INTO enactment (source_document_id, chapter, chapter_...
                                                   ^ | WARN
[2026-06-02 02:58 PT] REINGEST | 1851 ch=102: INSERT error: psql error: ERROR:  column "chapter" of relation "enactment" does not exist
LINE 1: INSERT INTO enactment (source_document_id, chapter, chapter_...
                                                   ^ | WARN
[2026-06-02 02:58 PT] REINGEST | 1851 ch=103: INSERT error: psql error: ERROR:  column "chapter" of relation "enactment" does not exist
LINE 1: INSERT INTO enactment (source_document_id, chapter, chapter_...
                                                   ^ | WARN
[2026-06-02 02:58 PT] REINGEST | 1851 ch=104: INSERT error: psql error: ERROR:  column "chapter" of relation "enactment" does not exist
LINE 1: INSERT INTO enactment (source_document_id, chapter, chapter_...
                                                   ^ | WARN
[2026-06-02 02:58 PT] REINGEST | 1851 ch=105: INSERT error: psql error: ERROR:  column "chapter" of relation "enactment" does not exist
LINE 1: INSERT INTO enactment (source_document_id, chapter, chapter_...
                                                   ^ | WARN
[2026-06-02 02:58 PT] REINGEST | 1851 ch=106: INSERT error: psql error: ERROR:  column "chapter" of relation "enactment" does not exist
LINE 1: INSERT INTO enactment (source_document_id, chapter, chapter_...
                                                   ^ | WARN
[2026-06-02 02:58 PT] REINGEST | 1851 ch=108: INSERT error: psql error: ERROR:  column "chapter" of relation "enactment" does not exist
LINE 1: INSERT INTO enactment (source_document_id, chapter, chapter_...
                                                   ^ | WARN
[2026-06-02 02:58 PT] REINGEST | 1851 ch=109: INSERT error: psql error: ERROR:  column "chapter" of relation "enactment" does not exist
LINE 1: INSERT INTO enactment (source_document_id, chapter, chapter_...
                                                   ^ | WARN
[2026-06-02 02:58 PT] REINGEST | 1851 ch=110: INSERT error: psql error: ERROR:  column "chapter" of relation "enactment" does not exist
LINE 1: INSERT INTO enactment (source_document_id, chapter, chapter_...
                                                   ^ | WARN
[2026-06-02 02:58 PT] REINGEST | 1851 ch=111: INSERT error: psql error: ERROR:  column "chapter" of relation "enactment" does not exist
LINE 1: INSERT INTO enactment (source_document_id, chapter, chapter_...
                                                   ^ | WARN
[2026-06-02 02:58 PT] REINGEST | 1851 ch=113: INSERT error: psql error: ERROR:  column "chapter" of relation "enactment" does not exist
LINE 1: INSERT INTO enactment (source_document_id, chapter, chapter_...
                                                   ^ | WARN
[2026-06-02 02:58 PT] REINGEST | 1851 ch=114: INSERT error: psql error: ERROR:  column "chapter" of relation "enactment" does not exist
LINE 1: INSERT INTO enactment (source_document_id, chapter, chapter_...
                                                   ^ | WARN
[2026-06-02 02:58 PT] REINGEST | 1851 ch=116: INSERT error: psql error: ERROR:  column "chapter" of relation "enactment" does not exist
LINE 1: INSERT INTO enactment (source_document_id, chapter, chapter_...
                                                   ^ | WARN
[2026-06-02 02:58 PT] REINGEST | 1851 ch=118: INSERT error: psql error: ERROR:  column "chapter" of relation "enactment" does not exist
LINE 1: INSERT INTO enactment (source_document_id, chapter, chapter_...
                                                   ^ | WARN
[2026-06-02 02:58 PT] REINGEST | 1851 ch=119: INSERT error: psql error: ERROR:  column "chapter" of relation "enactment" does not exist
LINE 1: INSERT INTO enactment (source_document_id, chapter, chapter_...
                                                   ^ | WARN
[2026-06-02 02:58 PT] REINGEST | 1851 ch=120: INSERT error: psql error: ERROR:  column "chapter" of relation "enactment" does not exist
LINE 1: INSERT INTO enactment (source_document_id, chapter, chapter_...
                                                   ^ | WARN
[2026-06-02 02:58 PT] REINGEST | 1851 ch=121: INSERT error: psql error: ERROR:  column "chapter" of relation "enactment" does not exist
LINE 1: INSERT INTO enactment (source_document_id, chapter, chapter_...
                                                   ^ | WARN
[2026-06-02 02:58 PT] REINGEST | 1851 ch=123: INSERT error: psql error: ERROR:  column "chapter" of relation "enactment" does not exist
LINE 1: INSERT INTO enactment (source_document_id, chapter, chapter_...
                                                   ^ | WARN
[2026-06-02 02:58 PT] REINGEST | 1851 ch=125: INSERT error: psql error: ERROR:  column "chapter" of relation "enactment" does not exist
LINE 1: INSERT INTO enactment (source_document_id, chapter, chapter_...
                                                   ^ | WARN
[2026-06-02 02:58 PT] REINGEST | 1851 ch=126: INSERT error: psql error: ERROR:  column "chapter" of relation "enactment" does not exist
LINE 1: INSERT INTO enactment (source_document_id, chapter, chapter_...
                                                   ^ | WARN
[2026-06-02 02:58 PT] REINGEST | 1851 ch=128: INSERT error: psql error: ERROR:  column "chapter" of relation "enactment" does not exist
LINE 1: INSERT INTO enactment (source_document_id, chapter, chapter_...
                                                   ^ | WARN
[2026-06-02 02:58 PT] REINGEST | 1851 ch=129: INSERT error: psql error: ERROR:  column "chapter" of relation "enactment" does not exist
LINE 1: INSERT INTO enactment (source_document_id, chapter, chapter_...
                                                   ^ | WARN
[2026-06-02 02:58 PT] REINGEST | 1851 ch=131: INSERT error: psql error: ERROR:  column "chapter" of relation "enactment" does not exist
LINE 1: INSERT INTO enactment (source_document_id, chapter, chapter_...
                                                   ^ | WARN
[2026-06-02 02:58 PT] REINGEST | 1851 ch=132: INSERT error: psql error: ERROR:  column "chapter" of relation "enactment" does not exist
LINE 1: INSERT INTO enactment (source_document_id, chapter, chapter_...
                                                   ^ | WARN
[2026-06-02 02:58 PT] REINGEST | 1851 ch=134: INSERT error: psql error: ERROR:  column "chapter" of relation "enactment" does not exist
LINE 1: INSERT INTO enactment (source_document_id, chapter, chapter_...
                                                   ^ | WARN
[2026-06-02 02:58 PT] REINGEST | 1851 ch=136: INSERT error: psql error: ERROR:  column "chapter" of relation "enactment" does not exist
LINE 1: INSERT INTO enactment (source_document_id, chapter, chapter_...
                                                   ^ | WARN
[2026-06-02 02:58 PT] REINGEST | 1851 ch=138: INSERT error: psql error: ERROR:  column "chapter" of relation "enactment" does not exist
LINE 1: INSERT INTO enactment (source_document_id, chapter, chapter_...
                                                   ^ | WARN
[2026-06-02 02:58 PT] REINGEST | 1851 ch=139: INSERT error: psql error: ERROR:  column "chapter" of relation "enactment" does not exist
LINE 1: INSERT INTO enactment (source_document_id, chapter, chapter_...
                                                   ^ | WARN
[2026-06-02 02:58 PT] REINGEST | 1851: inserted=0 skipped(dup)=0 errors=101 | WARN
[2026-06-02 02:58 PT] REINGEST | 1852: source_document id=3 | ingesting 94 confident acts | OK
[2026-06-02 02:58 PT] REINGEST | 1852 ch=3: INSERT error: psql error: ERROR:  column "chapter" of relation "enactment" does not exist
LINE 1: INSERT INTO enactment (source_document_id, chapter, chapter_...
                                                   ^ | WARN
[2026-06-02 02:58 PT] REINGEST | 1852 ch=5: INSERT error: psql error: ERROR:  column "chapter" of relation "enactment" does not exist
LINE 1: INSERT INTO enactment (source_document_id, chapter, chapter_...
                                                   ^ | WARN
[2026-06-02 02:58 PT] REINGEST | 1852 ch=7: INSERT error: psql error: ERROR:  column "chapter" of relation "enactment" does not exist
LINE 1: INSERT INTO enactment (source_document_id, chapter, chapter_...
                                                   ^ | WARN
[2026-06-02 02:58 PT] REINGEST | 1852 ch=8: INSERT error: psql error: ERROR:  column "chapter" of relation "enactment" does not exist
LINE 1: INSERT INTO enactment (source_document_id, chapter, chapter_...
                                                   ^ | WARN
[2026-06-02 02:58 PT] REINGEST | 1852 ch=9: INSERT error: psql error: ERROR:  column "chapter" of relation "enactment" does not exist
LINE 1: INSERT INTO enactment (source_document_id, chapter, chapter_...
                                                   ^ | WARN
[2026-06-02 02:58 PT] REINGEST | 1852 ch=12: INSERT error: psql error: ERROR:  column "chapter" of relation "enactment" does not exist
LINE 1: INSERT INTO enactment (source_document_id, chapter, chapter_...
                                                   ^ | WARN
[2026-06-02 02:58 PT] REINGEST | 1852 ch=14: INSERT error: psql error: ERROR:  column "chapter" of relation "enactment" does not exist
LINE 1: INSERT INTO enactment (source_document_id, chapter, chapter_...
                                                   ^ | WARN
[2026-06-02 02:58 PT] REINGEST | 1852 ch=15: INSERT error: psql error: ERROR:  column "chapter" of relation "enactment" does not exist
LINE 1: INSERT INTO enactment (source_document_id, chapter, chapter_...
                                                   ^ | WARN
[2026-06-02 02:58 PT] REINGEST | 1852 ch=18: INSERT error: psql error: ERROR:  column "chapter" of relation "enactment" does not exist
LINE 1: INSERT INTO enactment (source_document_id, chapter, chapter_...
                                                   ^ | WARN
[2026-06-02 02:58 PT] REINGEST | 1852 ch=23: INSERT error: psql error: ERROR:  column "chapter" of relation "enactment" does not exist
LINE 1: INSERT INTO enactment (source_document_id, chapter, chapter_...
                                                   ^ | WARN
[2026-06-02 02:58 PT] REINGEST | 1852 ch=25: INSERT error: psql error: ERROR:  column "chapter" of relation "enactment" does not exist
LINE 1: INSERT INTO enactment (source_document_id, chapter, chapter_...
                                                   ^ | WARN
[2026-06-02 02:58 PT] REINGEST | 1852 ch=26: INSERT error: psql error: ERROR:  column "chapter" of relation "enactment" does not exist
LINE 1: INSERT INTO enactment (source_document_id, chapter, chapter_...
                                                   ^ | WARN
[2026-06-02 02:58 PT] REINGEST | 1852 ch=28: INSERT error: psql error: ERROR:  column "chapter" of relation "enactment" does not exist
LINE 1: INSERT INTO enactment (source_document_id, chapter, chapter_...
                                                   ^ | WARN
[2026-06-02 02:58 PT] REINGEST | 1852 ch=41: INSERT error: psql error: ERROR:  column "chapter" of relation "enactment" does not exist
LINE 1: INSERT INTO enactment (source_document_id, chapter, chapter_...
                                                   ^ | WARN
[2026-06-02 02:58 PT] REINGEST | 1852 ch=32: INSERT error: psql error: ERROR:  column "chapter" of relation "enactment" does not exist
LINE 1: INSERT INTO enactment (source_document_id, chapter, chapter_...
                                                   ^ | WARN
[2026-06-02 02:58 PT] REINGEST | 1852 ch=43: INSERT error: psql error: ERROR:  column "chapter" of relation "enactment" does not exist
LINE 1: INSERT INTO enactment (source_document_id, chapter, chapter_...
                                                   ^ | WARN
[2026-06-02 02:58 PT] REINGEST | 1852 ch=35: INSERT error: psql error: ERROR:  column "chapter" of relation "enactment" does not exist
LINE 1: INSERT INTO enactment (source_document_id, chapter, chapter_...
                                                   ^ | WARN
[2026-06-02 02:58 PT] REINGEST | 1852 ch=36: INSERT error: psql error: ERROR:  column "chapter" of relation "enactment" does not exist
LINE 1: INSERT INTO enactment (source_document_id, chapter, chapter_...
                                                   ^ | WARN
[2026-06-02 02:58 PT] REINGEST | 1852 ch=38: INSERT error: psql error: ERROR:  column "chapter" of relation "enactment" does not exist
LINE 1: INSERT INTO enactment (source_document_id, chapter, chapter_...
                                                   ^ | WARN
[2026-06-02 02:58 PT] REINGEST | 1852 ch=39: INSERT error: psql error: ERROR:  column "chapter" of relation "enactment" does not exist
LINE 1: INSERT INTO enactment (source_document_id, chapter, chapter_...
                                                   ^ | WARN
[2026-06-02 02:58 PT] REINGEST | 1852 ch=40: INSERT error: psql error: ERROR:  column "chapter" of relation "enactment" does not exist
LINE 1: INSERT INTO enactment (source_document_id, chapter, chapter_...
                                                   ^ | WARN
[2026-06-02 02:58 PT] REINGEST | 1852 ch=41: INSERT error: psql error: ERROR:  column "chapter" of relation "enactment" does not exist
LINE 1: INSERT INTO enactment (source_document_id, chapter, chapter_...
                                                   ^ | WARN
[2026-06-02 02:58 PT] REINGEST | 1852 ch=42: INSERT error: psql error: ERROR:  column "chapter" of relation "enactment" does not exist
LINE 1: INSERT INTO enactment (source_document_id, chapter, chapter_...
                                                   ^ | WARN
[2026-06-02 02:58 PT] REINGEST | 1852 ch=46: INSERT error: psql error: ERROR:  column "chapter" of relation "enactment" does not exist
LINE 1: INSERT INTO enactment (source_document_id, chapter, chapter_...
                                                   ^ | WARN
[2026-06-02 02:58 PT] REINGEST | 1852 ch=49: INSERT error: psql error: ERROR:  column "chapter" of relation "enactment" does not exist
LINE 1: INSERT INTO enactment (source_document_id, chapter, chapter_...
                                                   ^ | WARN
[2026-06-02 02:58 PT] REINGEST | 1852 ch=52: INSERT error: psql error: ERROR:  column "chapter" of relation "enactment" does not exist
LINE 1: INSERT INTO enactment (source_document_id, chapter, chapter_...
                                                   ^ | WARN
[2026-06-02 02:58 PT] REINGEST | 1852 ch=53: INSERT error: psql error: ERROR:  column "chapter" of relation "enactment" does not exist
LINE 1: INSERT INTO enactment (source_document_id, chapter, chapter_...
                                                   ^ | WARN
[2026-06-02 02:58 PT] REINGEST | 1852 ch=54: INSERT error: psql error: ERROR:  column "chapter" of relation "enactment" does not exist
LINE 1: INSERT INTO enactment (source_document_id, chapter, chapter_...
                                                   ^ | WARN
[2026-06-02 02:58 PT] REINGEST | 1852 ch=56: INSERT error: psql error: ERROR:  column "chapter" of relation "enactment" does not exist
LINE 1: INSERT INTO enactment (source_document_id, chapter, chapter_...
                                                   ^ | WARN
[2026-06-02 02:58 PT] REINGEST | 1852 ch=57: INSERT error: psql error: ERROR:  column "chapter" of relation "enactment" does not exist
LINE 1: INSERT INTO enactment (source_document_id, chapter, chapter_...
                                                   ^ | WARN
[2026-06-02 02:58 PT] REINGEST | 1852 ch=61: INSERT error: psql error: ERROR:  column "chapter" of relation "enactment" does not exist
LINE 1: INSERT INTO enactment (source_document_id, chapter, chapter_...
                                                   ^ | WARN
[2026-06-02 02:58 PT] REINGEST | 1852 ch=65: INSERT error: psql error: ERROR:  column "chapter" of relation "enactment" does not exist
LINE 1: INSERT INTO enactment (source_document_id, chapter, chapter_...
                                                   ^ | WARN
[2026-06-02 02:58 PT] REINGEST | 1852 ch=68: INSERT error: psql error: ERROR:  column "chapter" of relation "enactment" does not exist
LINE 1: INSERT INTO enactment (source_document_id, chapter, chapter_...
                                                   ^ | WARN
[2026-06-02 02:58 PT] REINGEST | 1852 ch=69: INSERT error: psql error: ERROR:  column "chapter" of relation "enactment" does not exist
LINE 1: INSERT INTO enactment (source_document_id, chapter, chapter_...
                                                   ^ | WARN
[2026-06-02 02:58 PT] REINGEST | 1852 ch=71: INSERT error: psql error: ERROR:  column "chapter" of relation "enactment" does not exist
LINE 1: INSERT INTO enactment (source_document_id, chapter, chapter_...
                                                   ^ | WARN
[2026-06-02 02:58 PT] REINGEST | 1852 ch=72: INSERT error: psql error: ERROR:  column "chapter" of relation "enactment" does not exist
LINE 1: INSERT INTO enactment (source_document_id, chapter, chapter_...
                                                   ^ | WARN
[2026-06-02 02:58 PT] REINGEST | 1852 ch=74: INSERT error: psql error: ERROR:  column "chapter" of relation "enactment" does not exist
LINE 1: INSERT INTO enactment (source_document_id, chapter, chapter_...
                                                   ^ | WARN
[2026-06-02 02:58 PT] REINGEST | 1852 ch=75: INSERT error: psql error: ERROR:  column "chapter" of relation "enactment" does not exist
LINE 1: INSERT INTO enactment (source_document_id, chapter, chapter_...
                                                   ^ | WARN
[2026-06-02 02:58 PT] REINGEST | 1852 ch=77: INSERT error: psql error: ERROR:  column "chapter" of relation "enactment" does not exist
LINE 1: INSERT INTO enactment (source_document_id, chapter, chapter_...
                                                   ^ | WARN
[2026-06-02 02:58 PT] REINGEST | 1852 ch=79: INSERT error: psql error: ERROR:  column "chapter" of relation "enactment" does not exist
LINE 1: INSERT INTO enactment (source_document_id, chapter, chapter_...
                                                   ^ | WARN
[2026-06-02 02:58 PT] REINGEST | 1852 ch=81: INSERT error: psql error: ERROR:  column "chapter" of relation "enactment" does not exist
LINE 1: INSERT INTO enactment (source_document_id, chapter, chapter_...
                                                   ^ | WARN
[2026-06-02 02:58 PT] REINGEST | 1852 ch=84: INSERT error: psql error: ERROR:  column "chapter" of relation "enactment" does not exist
LINE 1: INSERT INTO enactment (source_document_id, chapter, chapter_...
                                                   ^ | WARN
[2026-06-02 02:58 PT] REINGEST | 1852 ch=95: INSERT error: psql error: ERROR:  column "chapter" of relation "enactment" does not exist
LINE 1: INSERT INTO enactment (source_document_id, chapter, chapter_...
                                                   ^ | WARN
[2026-06-02 02:58 PT] REINGEST | 1852 ch=86: INSERT error: psql error: ERROR:  column "chapter" of relation "enactment" does not exist
LINE 1: INSERT INTO enactment (source_document_id, chapter, chapter_...
                                                   ^ | WARN
[2026-06-02 02:58 PT] REINGEST | 1852 ch=88: INSERT error: psql error: ERROR:  column "chapter" of relation "enactment" does not exist
LINE 1: INSERT INTO enactment (source_document_id, chapter, chapter_...
                                                   ^ | WARN
[2026-06-02 02:58 PT] REINGEST | 1852 ch=90: INSERT error: psql error: ERROR:  column "chapter" of relation "enactment" does not exist
LINE 1: INSERT INTO enactment (source_document_id, chapter, chapter_...
                                                   ^ | WARN
[2026-06-02 02:58 PT] REINGEST | 1852 ch=92: INSERT error: psql error: ERROR:  column "chapter" of relation "enactment" does not exist
LINE 1: INSERT INTO enactment (source_document_id, chapter, chapter_...
                                                   ^ | WARN
[2026-06-02 02:58 PT] REINGEST | 1852 ch=93: INSERT error: psql error: ERROR:  column "chapter" of relation "enactment" does not exist
LINE 1: INSERT INTO enactment (source_document_id, chapter, chapter_...
                                                   ^ | WARN
[2026-06-02 02:58 PT] REINGEST | 1852 ch=95: INSERT error: psql error: ERROR:  column "chapter" of relation "enactment" does not exist
LINE 1: INSERT INTO enactment (source_document_id, chapter, chapter_...
                                                   ^ | WARN
[2026-06-02 02:58 PT] REINGEST | 1852 ch=96: INSERT error: psql error: ERROR:  column "chapter" of relation "enactment" does not exist
LINE 1: INSERT INTO enactment (source_document_id, chapter, chapter_...
                                                   ^ | WARN
[2026-06-02 02:58 PT] REINGEST | 1852 ch=100: INSERT error: psql error: ERROR:  column "chapter" of relation "enactment" does not exist
LINE 1: INSERT INTO enactment (source_document_id, chapter, chapter_...
                                                   ^ | WARN
[2026-06-02 02:58 PT] REINGEST | 1852 ch=102: INSERT error: psql error: ERROR:  column "chapter" of relation "enactment" does not exist
LINE 1: INSERT INTO enactment (source_document_id, chapter, chapter_...
                                                   ^ | WARN
[2026-06-02 02:58 PT] REINGEST | 1852 ch=102: INSERT error: psql error: ERROR:  column "chapter" of relation "enactment" does not exist
LINE 1: INSERT INTO enactment (source_document_id, chapter, chapter_...
                                                   ^ | WARN
[2026-06-02 02:58 PT] REINGEST | 1852 ch=104: INSERT error: psql error: ERROR:  column "chapter" of relation "enactment" does not exist
LINE 1: INSERT INTO enactment (source_document_id, chapter, chapter_...
                                                   ^ | WARN
[2026-06-02 02:58 PT] REINGEST | 1852 ch=107: INSERT error: psql error: ERROR:  column "chapter" of relation "enactment" does not exist
LINE 1: INSERT INTO enactment (source_document_id, chapter, chapter_...
                                                   ^ | WARN
[2026-06-02 02:58 PT] REINGEST | 1852 ch=109: INSERT error: psql error: ERROR:  column "chapter" of relation "enactment" does not exist
LINE 1: INSERT INTO enactment (source_document_id, chapter, chapter_...
                                                   ^ | WARN
[2026-06-02 02:58 PT] REINGEST | 1852 ch=111: INSERT error: psql error: ERROR:  column "chapter" of relation "enactment" does not exist
LINE 1: INSERT INTO enactment (source_document_id, chapter, chapter_...
                                                   ^ | WARN
[2026-06-02 02:58 PT] REINGEST | 1852 ch=114: INSERT error: psql error: ERROR:  column "chapter" of relation "enactment" does not exist
LINE 1: INSERT INTO enactment (source_document_id, chapter, chapter_...
                                                   ^ | WARN
[2026-06-02 02:58 PT] REINGEST | 1852 ch=115: INSERT error: psql error: ERROR:  column "chapter" of relation "enactment" does not exist
LINE 1: INSERT INTO enactment (source_document_id, chapter, chapter_...
                                                   ^ | WARN
[2026-06-02 02:58 PT] REINGEST | 1852 ch=117: INSERT error: psql error: ERROR:  column "chapter" of relation "enactment" does not exist
LINE 1: INSERT INTO enactment (source_document_id, chapter, chapter_...
                                                   ^ | WARN
[2026-06-02 02:58 PT] REINGEST | 1852 ch=118: INSERT error: psql error: ERROR:  column "chapter" of relation "enactment" does not exist
LINE 1: INSERT INTO enactment (source_document_id, chapter, chapter_...
                                                   ^ | WARN
[2026-06-02 02:58 PT] REINGEST | 1852 ch=119: INSERT error: psql error: ERROR:  column "chapter" of relation "enactment" does not exist
LINE 1: INSERT INTO enactment (source_document_id, chapter, chapter_...
                                                   ^ | WARN
[2026-06-02 02:58 PT] REINGEST | 1852 ch=121: INSERT error: psql error: ERROR:  column "chapter" of relation "enactment" does not exist
LINE 1: INSERT INTO enactment (source_document_id, chapter, chapter_...
                                                   ^ | WARN
[2026-06-02 02:58 PT] REINGEST | 1852 ch=122: INSERT error: psql error: ERROR:  column "chapter" of relation "enactment" does not exist
LINE 1: INSERT INTO enactment (source_document_id, chapter, chapter_...
                                                   ^ | WARN
[2026-06-02 02:58 PT] REINGEST | 1852 ch=124: INSERT error: psql error: ERROR:  column "chapter" of relation "enactment" does not exist
LINE 1: INSERT INTO enactment (source_document_id, chapter, chapter_...
                                                   ^ | WARN
[2026-06-02 02:58 PT] REINGEST | 1852 ch=125: INSERT error: psql error: ERROR:  column "chapter" of relation "enactment" does not exist
LINE 1: INSERT INTO enactment (source_document_id, chapter, chapter_...
                                                   ^ | WARN
[2026-06-02 02:58 PT] REINGEST | 1852 ch=128: INSERT error: psql error: ERROR:  column "chapter" of relation "enactment" does not exist
LINE 1: INSERT INTO enactment (source_document_id, chapter, chapter_...
                                                   ^ | WARN
[2026-06-02 02:58 PT] REINGEST | 1852 ch=131: INSERT error: psql error: ERROR:  column "chapter" of relation "enactment" does not exist
LINE 1: INSERT INTO enactment (source_document_id, chapter, chapter_...
                                                   ^ | WARN
[2026-06-02 02:58 PT] REINGEST | 1852 ch=132: INSERT error: psql error: ERROR:  column "chapter" of relation "enactment" does not exist
LINE 1: INSERT INTO enactment (source_document_id, chapter, chapter_...
                                                   ^ | WARN
[2026-06-02 02:58 PT] REINGEST | 1852 ch=134: INSERT error: psql error: ERROR:  column "chapter" of relation "enactment" does not exist
LINE 1: INSERT INTO enactment (source_document_id, chapter, chapter_...
                                                   ^ | WARN
[2026-06-02 02:58 PT] REINGEST | 1852 ch=136: INSERT error: psql error: ERROR:  column "chapter" of relation "enactment" does not exist
LINE 1: INSERT INTO enactment (source_document_id, chapter, chapter_...
                                                   ^ | WARN
[2026-06-02 02:58 PT] REINGEST | 1852 ch=137: INSERT error: psql error: ERROR:  column "chapter" of relation "enactment" does not exist
LINE 1: INSERT INTO enactment (source_document_id, chapter, chapter_...
                                                   ^ | WARN
[2026-06-02 02:58 PT] REINGEST | 1852 ch=140: INSERT error: psql error: ERROR:  column "chapter" of relation "enactment" does not exist
LINE 1: INSERT INTO enactment (source_document_id, chapter, chapter_...
                                                   ^ | WARN
[2026-06-02 02:58 PT] REINGEST | 1852 ch=145: INSERT error: psql error: ERROR:  column "chapter" of relation "enactment" does not exist
LINE 1: INSERT INTO enactment (source_document_id, chapter, chapter_...
                                                   ^ | WARN
[2026-06-02 02:58 PT] REINGEST | 1852 ch=146: INSERT error: psql error: ERROR:  column "chapter" of relation "enactment" does not exist
LINE 1: INSERT INTO enactment (source_document_id, chapter, chapter_...
                                                   ^ | WARN
[2026-06-02 02:58 PT] REINGEST | 1852 ch=148: INSERT error: psql error: ERROR:  column "chapter" of relation "enactment" does not exist
LINE 1: INSERT INTO enactment (source_document_id, chapter, chapter_...
                                                   ^ | WARN
[2026-06-02 02:58 PT] REINGEST | 1852 ch=151: INSERT error: psql error: ERROR:  column "chapter" of relation "enactment" does not exist
LINE 1: INSERT INTO enactment (source_document_id, chapter, chapter_...
                                                   ^ | WARN
[2026-06-02 02:58 PT] REINGEST | 1852 ch=154: INSERT error: psql error: ERROR:  column "chapter" of relation "enactment" does not exist
LINE 1: INSERT INTO enactment (source_document_id, chapter, chapter_...
                                                   ^ | WARN
[2026-06-02 02:58 PT] REINGEST | 1852 ch=156: INSERT error: psql error: ERROR:  column "chapter" of relation "enactment" does not exist
LINE 1: INSERT INTO enactment (source_document_id, chapter, chapter_...
                                                   ^ | WARN
[2026-06-02 02:58 PT] REINGEST | 1852 ch=159: INSERT error: psql error: ERROR:  column "chapter" of relation "enactment" does not exist
LINE 1: INSERT INTO enactment (source_document_id, chapter, chapter_...
                                                   ^ | WARN
[2026-06-02 02:58 PT] REINGEST | 1852 ch=161: INSERT error: psql error: ERROR:  column "chapter" of relation "enactment" does not exist
LINE 1: INSERT INTO enactment (source_document_id, chapter, chapter_...
                                                   ^ | WARN
[2026-06-02 02:58 PT] REINGEST | 1852 ch=164: INSERT error: psql error: ERROR:  column "chapter" of relation "enactment" does not exist
LINE 1: INSERT INTO enactment (source_document_id, chapter, chapter_...
                                                   ^ | WARN
[2026-06-02 02:58 PT] REINGEST | 1852 ch=168: INSERT error: psql error: ERROR:  column "chapter" of relation "enactment" does not exist
LINE 1: INSERT INTO enactment (source_document_id, chapter, chapter_...
                                                   ^ | WARN
[2026-06-02 02:58 PT] REINGEST | 1852 ch=170: INSERT error: psql error: ERROR:  column "chapter" of relation "enactment" does not exist
LINE 1: INSERT INTO enactment (source_document_id, chapter, chapter_...
                                                   ^ | WARN
[2026-06-02 02:58 PT] REINGEST | 1852 ch=174: INSERT error: psql error: ERROR:  column "chapter" of relation "enactment" does not exist
LINE 1: INSERT INTO enactment (source_document_id, chapter, chapter_...
                                                   ^ | WARN
[2026-06-02 02:58 PT] REINGEST | 1852 ch=177: INSERT error: psql error: ERROR:  column "chapter" of relation "enactment" does not exist
LINE 1: INSERT INTO enactment (source_document_id, chapter, chapter_...
                                                   ^ | WARN
[2026-06-02 02:58 PT] REINGEST | 1852 ch=179: INSERT error: psql error: ERROR:  column "chapter" of relation "enactment" does not exist
LINE 1: INSERT INTO enactment (source_document_id, chapter, chapter_...
                                                   ^ | WARN
[2026-06-02 02:58 PT] REINGEST | 1852 ch=189: INSERT error: psql error: ERROR:  column "chapter" of relation "enactment" does not exist
LINE 1: INSERT INTO enactment (source_document_id, chapter, chapter_...
                                                   ^ | WARN
[2026-06-02 02:58 PT] REINGEST | 1852 ch=191: INSERT error: psql error: ERROR:  column "chapter" of relation "enactment" does not exist
LINE 1: INSERT INTO enactment (source_document_id, chapter, chapter_...
                                                   ^ | WARN
[2026-06-02 02:58 PT] REINGEST | 1852 ch=191: INSERT error: psql error: ERROR:  column "chapter" of relation "enactment" does not exist
LINE 1: INSERT INTO enactment (source_document_id, chapter, chapter_...
                                                   ^ | WARN
[2026-06-02 02:58 PT] REINGEST | 1852 ch=239: INSERT error: psql error: ERROR:  column "chapter" of relation "enactment" does not exist
LINE 1: INSERT INTO enactment (source_document_id, chapter, chapter_...
                                                   ^ | WARN
[2026-06-02 02:58 PT] REINGEST | 1852 ch=244: INSERT error: psql error: ERROR:  column "chapter" of relation "enactment" does not exist
LINE 1: INSERT INTO enactment (source_document_id, chapter, chapter_...
                                                   ^ | WARN
[2026-06-02 02:58 PT] REINGEST | 1852 ch=200: INSERT error: psql error: ERROR:  column "chapter" of relation "enactment" does not exist
LINE 1: INSERT INTO enactment (source_document_id, chapter, chapter_...
                                                   ^ | WARN
[2026-06-02 02:58 PT] REINGEST | 1852 ch=250: INSERT error: psql error: ERROR:  column "chapter" of relation "enactment" does not exist
LINE 1: INSERT INTO enactment (source_document_id, chapter, chapter_...
                                                   ^ | WARN
[2026-06-02 02:58 PT] REINGEST | 1852: inserted=0 skipped(dup)=0 errors=94 | WARN
[2026-06-02 02:58 PT] REINGEST | 1853: source_document id=4 | ingesting 117 confident acts | OK
[2026-06-02 02:58 PT] REINGEST | 1853 ch=1: INSERT error: psql error: ERROR:  column "chapter" of relation "enactment" does not exist
LINE 1: INSERT INTO enactment (source_document_id, chapter, chapter_...
                                                   ^ | WARN
[2026-06-02 02:58 PT] REINGEST | 1853 ch=2: INSERT error: psql error: ERROR:  column "chapter" of relation "enactment" does not exist
LINE 1: INSERT INTO enactment (source_document_id, chapter, chapter_...
                                                   ^ | WARN
[2026-06-02 02:58 PT] REINGEST | 1853 ch=4: INSERT error: psql error: ERROR:  column "chapter" of relation "enactment" does not exist
LINE 1: INSERT INTO enactment (source_document_id, chapter, chapter_...
                                                   ^ | WARN
[2026-06-02 02:58 PT] REINGEST | 1853 ch=5: INSERT error: psql error: ERROR:  column "chapter" of relation "enactment" does not exist
LINE 1: INSERT INTO enactment (source_document_id, chapter, chapter_...
                                                   ^ | WARN
[2026-06-02 02:58 PT] REINGEST | 1853 ch=6: INSERT error: psql error: ERROR:  column "chapter" of relation "enactment" does not exist
LINE 1: INSERT INTO enactment (source_document_id, chapter, chapter_...
                                                   ^ | WARN
[2026-06-02 02:58 PT] REINGEST | 1853 ch=7: INSERT error: psql error: ERROR:  column "chapter" of relation "enactment" does not exist
LINE 1: INSERT INTO enactment (source_document_id, chapter, chapter_...
                                                   ^ | WARN
[2026-06-02 02:58 PT] REINGEST | 1853 ch=11: INSERT error: psql error: ERROR:  column "chapter" of relation "enactment" does not exist
LINE 1: INSERT INTO enactment (source_document_id, chapter, chapter_...
                                                   ^ | WARN
[2026-06-02 02:58 PT] REINGEST | 1853 ch=14: INSERT error: psql error: ERROR:  column "chapter" of relation "enactment" does not exist
LINE 1: INSERT INTO enactment (source_document_id, chapter, chapter_...
                                                   ^ | WARN
[2026-06-02 02:58 PT] REINGEST | 1853 ch=16: INSERT error: psql error: ERROR:  column "chapter" of relation "enactment" does not exist
LINE 1: INSERT INTO enactment (source_document_id, chapter, chapter_...
                                                   ^ | WARN
[2026-06-02 02:58 PT] REINGEST | 1853 ch=17: INSERT error: psql error: ERROR:  column "chapter" of relation "enactment" does not exist
LINE 1: INSERT INTO enactment (source_document_id, chapter, chapter_...
                                                   ^ | WARN
[2026-06-02 02:58 PT] REINGEST | 1853 ch=18: INSERT error: psql error: ERROR:  column "chapter" of relation "enactment" does not exist
LINE 1: INSERT INTO enactment (source_document_id, chapter, chapter_...
                                                   ^ | WARN
[2026-06-02 02:58 PT] REINGEST | 1853 ch=21: INSERT error: psql error: ERROR:  column "chapter" of relation "enactment" does not exist
LINE 1: INSERT INTO enactment (source_document_id, chapter, chapter_...
                                                   ^ | WARN
[2026-06-02 02:58 PT] REINGEST | 1853 ch=23: INSERT error: psql error: ERROR:  column "chapter" of relation "enactment" does not exist
LINE 1: INSERT INTO enactment (source_document_id, chapter, chapter_...
                                                   ^ | WARN
[2026-06-02 02:58 PT] REINGEST | 1853 ch=24: INSERT error: psql error: ERROR:  column "chapter" of relation "enactment" does not exist
LINE 1: INSERT INTO enactment (source_document_id, chapter, chapter_...
                                                   ^ | WARN
[2026-06-02 02:58 PT] REINGEST | 1853 ch=74: INSERT error: psql error: ERROR:  column "chapter" of relation "enactment" does not exist
LINE 1: INSERT INTO enactment (source_document_id, chapter, chapter_...
                                                   ^ | WARN
[2026-06-02 02:58 PT] REINGEST | 1853 ch=29: INSERT error: psql error: ERROR:  column "chapter" of relation "enactment" does not exist
LINE 1: INSERT INTO enactment (source_document_id, chapter, chapter_...
                                                   ^ | WARN
[2026-06-02 02:58 PT] REINGEST | 1853 ch=30: INSERT error: psql error: ERROR:  column "chapter" of relation "enactment" does not exist
LINE 1: INSERT INTO enactment (source_document_id, chapter, chapter_...
                                                   ^ | WARN
[2026-06-02 02:58 PT] REINGEST | 1853 ch=31: INSERT error: psql error: ERROR:  column "chapter" of relation "enactment" does not exist
LINE 1: INSERT INTO enactment (source_document_id, chapter, chapter_...
                                                   ^ | WARN
[2026-06-02 02:58 PT] REINGEST | 1853 ch=34: INSERT error: psql error: ERROR:  column "chapter" of relation "enactment" does not exist
LINE 1: INSERT INTO enactment (source_document_id, chapter, chapter_...
                                                   ^ | WARN
[2026-06-02 02:58 PT] REINGEST | 1853 ch=36: INSERT error: psql error: ERROR:  column "chapter" of relation "enactment" does not exist
LINE 1: INSERT INTO enactment (source_document_id, chapter, chapter_...
                                                   ^ | WARN
[2026-06-02 02:58 PT] REINGEST | 1853 ch=39: INSERT error: psql error: ERROR:  column "chapter" of relation "enactment" does not exist
LINE 1: INSERT INTO enactment (source_document_id, chapter, chapter_...
                                                   ^ | WARN
[2026-06-02 02:58 PT] REINGEST | 1853 ch=41: INSERT error: psql error: ERROR:  column "chapter" of relation "enactment" does not exist
LINE 1: INSERT INTO enactment (source_document_id, chapter, chapter_...
                                                   ^ | WARN
[2026-06-02 02:58 PT] REINGEST | 1853 ch=42: INSERT error: psql error: ERROR:  column "chapter" of relation "enactment" does not exist
LINE 1: INSERT INTO enactment (source_document_id, chapter, chapter_...
                                                   ^ | WARN
[2026-06-02 02:58 PT] REINGEST | 1853 ch=44: INSERT error: psql error: ERROR:  column "chapter" of relation "enactment" does not exist
LINE 1: INSERT INTO enactment (source_document_id, chapter, chapter_...
                                                   ^ | WARN
[2026-06-02 02:58 PT] REINGEST | 1853 ch=45: INSERT error: psql error: ERROR:  column "chapter" of relation "enactment" does not exist
LINE 1: INSERT INTO enactment (source_document_id, chapter, chapter_...
                                                   ^ | WARN
[2026-06-02 02:58 PT] REINGEST | 1853 ch=46: INSERT error: psql error: ERROR:  column "chapter" of relation "enactment" does not exist
LINE 1: INSERT INTO enactment (source_document_id, chapter, chapter_...
                                                   ^ | WARN
[2026-06-02 02:58 PT] REINGEST | 1853 ch=47: INSERT error: psql error: ERROR:  column "chapter" of relation "enactment" does not exist
LINE 1: INSERT INTO enactment (source_document_id, chapter, chapter_...
                                                   ^ | WARN
[2026-06-02 02:58 PT] REINGEST | 1853 ch=48: INSERT error: psql error: ERROR:  column "chapter" of relation "enactment" does not exist
LINE 1: INSERT INTO enactment (source_document_id, chapter, chapter_...
                                                   ^ | WARN
[2026-06-02 02:58 PT] REINGEST | 1853 ch=49: INSERT error: psql error: ERROR:  column "chapter" of relation "enactment" does not exist
LINE 1: INSERT INTO enactment (source_document_id, chapter, chapter_...
                                                   ^ | WARN
[2026-06-02 02:58 PT] REINGEST | 1853 ch=49: INSERT error: psql error: ERROR:  column "chapter" of relation "enactment" does not exist
LINE 1: INSERT INTO enactment (source_document_id, chapter, chapter_...
                                                   ^ | WARN
[2026-06-02 02:58 PT] REINGEST | 1853 ch=51: INSERT error: psql error: ERROR:  column "chapter" of relation "enactment" does not exist
LINE 1: INSERT INTO enactment (source_document_id, chapter, chapter_...
                                                   ^ | WARN
[2026-06-02 02:58 PT] REINGEST | 1853 ch=52: INSERT error: psql error: ERROR:  column "chapter" of relation "enactment" does not exist
LINE 1: INSERT INTO enactment (source_document_id, chapter, chapter_...
                                                   ^ | WARN
[2026-06-02 02:58 PT] REINGEST | 1853 ch=53: INSERT error: psql error: ERROR:  column "chapter" of relation "enactment" does not exist
LINE 1: INSERT INTO enactment (source_document_id, chapter, chapter_...
                                                   ^ | WARN
[2026-06-02 02:58 PT] REINGEST | 1853 ch=54: INSERT error: psql error: ERROR:  column "chapter" of relation "enactment" does not exist
LINE 1: INSERT INTO enactment (source_document_id, chapter, chapter_...
                                                   ^ | WARN
[2026-06-02 02:58 PT] REINGEST | 1853 ch=55: INSERT error: psql error: ERROR:  column "chapter" of relation "enactment" does not exist
LINE 1: INSERT INTO enactment (source_document_id, chapter, chapter_...
                                                   ^ | WARN
[2026-06-02 02:58 PT] REINGEST | 1853 ch=56: INSERT error: psql error: ERROR:  column "chapter" of relation "enactment" does not exist
LINE 1: INSERT INTO enactment (source_document_id, chapter, chapter_...
                                                   ^ | WARN
[2026-06-02 02:58 PT] REINGEST | 1853 ch=60: INSERT error: psql error: ERROR:  column "chapter" of relation "enactment" does not exist
LINE 1: INSERT INTO enactment (source_document_id, chapter, chapter_...
                                                   ^ | WARN
[2026-06-02 02:58 PT] REINGEST | 1853 ch=62: INSERT error: psql error: ERROR:  column "chapter" of relation "enactment" does not exist
LINE 1: INSERT INTO enactment (source_document_id, chapter, chapter_...
                                                   ^ | WARN
[2026-06-02 02:58 PT] REINGEST | 1853 ch=63: INSERT error: psql error: ERROR:  column "chapter" of relation "enactment" does not exist
LINE 1: INSERT INTO enactment (source_document_id, chapter, chapter_...
                                                   ^ | WARN
[2026-06-02 02:58 PT] REINGEST | 1853 ch=64: INSERT error: psql error: ERROR:  column "chapter" of relation "enactment" does not exist
LINE 1: INSERT INTO enactment (source_document_id, chapter, chapter_...
                                                   ^ | WARN
[2026-06-02 02:58 PT] REINGEST | 1853 ch=65: INSERT error: psql error: ERROR:  column "chapter" of relation "enactment" does not exist
LINE 1: INSERT INTO enactment (source_document_id, chapter, chapter_...
                                                   ^ | WARN
[2026-06-02 02:58 PT] REINGEST | 1853 ch=66: INSERT error: psql error: ERROR:  column "chapter" of relation "enactment" does not exist
LINE 1: INSERT INTO enactment (source_document_id, chapter, chapter_...
                                                   ^ | WARN
[2026-06-02 02:58 PT] REINGEST | 1853 ch=71: INSERT error: psql error: ERROR:  column "chapter" of relation "enactment" does not exist
LINE 1: INSERT INTO enactment (source_document_id, chapter, chapter_...
                                                   ^ | WARN
[2026-06-02 02:58 PT] REINGEST | 1853 ch=72: INSERT error: psql error: ERROR:  column "chapter" of relation "enactment" does not exist
LINE 1: INSERT INTO enactment (source_document_id, chapter, chapter_...
                                                   ^ | WARN
[2026-06-02 02:58 PT] REINGEST | 1853 ch=72: INSERT error: psql error: ERROR:  column "chapter" of relation "enactment" does not exist
LINE 1: INSERT INTO enactment (source_document_id, chapter, chapter_...
                                                   ^ | WARN
[2026-06-02 02:58 PT] REINGEST | 1853 ch=74: INSERT error: psql error: ERROR:  column "chapter" of relation "enactment" does not exist
LINE 1: INSERT INTO enactment (source_document_id, chapter, chapter_...
                                                   ^ | WARN
[2026-06-02 02:58 PT] REINGEST | 1853 ch=124: INSERT error: psql error: ERROR:  column "chapter" of relation "enactment" does not exist
LINE 1: INSERT INTO enactment (source_document_id, chapter, chapter_...
                                                   ^ | WARN
[2026-06-02 02:58 PT] REINGEST | 1853 ch=78: INSERT error: psql error: ERROR:  column "chapter" of relation "enactment" does not exist
LINE 1: INSERT INTO enactment (source_document_id, chapter, chapter_...
                                                   ^ | WARN
[2026-06-02 02:58 PT] REINGEST | 1853 ch=82: INSERT error: psql error: ERROR:  column "chapter" of relation "enactment" does not exist
LINE 1: INSERT INTO enactment (source_document_id, chapter, chapter_...
                                                   ^ | WARN
[2026-06-02 02:58 PT] REINGEST | 1853 ch=87: INSERT error: psql error: ERROR:  column "chapter" of relation "enactment" does not exist
LINE 1: INSERT INTO enactment (source_document_id, chapter, chapter_...
                                                   ^ | WARN
[2026-06-02 02:58 PT] REINGEST | 1853 ch=88: INSERT error: psql error: ERROR:  column "chapter" of relation "enactment" does not exist
LINE 1: INSERT INTO enactment (source_document_id, chapter, chapter_...
                                                   ^ | WARN
[2026-06-02 02:58 PT] REINGEST | 1853 ch=90: INSERT error: psql error: ERROR:  column "chapter" of relation "enactment" does not exist
LINE 1: INSERT INTO enactment (source_document_id, chapter, chapter_...
                                                   ^ | WARN
[2026-06-02 02:58 PT] REINGEST | 1853 ch=91: INSERT error: psql error: ERROR:  column "chapter" of relation "enactment" does not exist
LINE 1: INSERT INTO enactment (source_document_id, chapter, chapter_...
                                                   ^ | WARN
[2026-06-02 02:58 PT] REINGEST | 1853 ch=93: INSERT error: psql error: ERROR:  column "chapter" of relation "enactment" does not exist
LINE 1: INSERT INTO enactment (source_document_id, chapter, chapter_...
                                                   ^ | WARN
[2026-06-02 02:58 PT] REINGEST | 1853 ch=94: INSERT error: psql error: ERROR:  column "chapter" of relation "enactment" does not exist
LINE 1: INSERT INTO enactment (source_document_id, chapter, chapter_...
                                                   ^ | WARN
[2026-06-02 02:58 PT] REINGEST | 1853 ch=95: INSERT error: psql error: ERROR:  column "chapter" of relation "enactment" does not exist
LINE 1: INSERT INTO enactment (source_document_id, chapter, chapter_...
                                                   ^ | WARN
[2026-06-02 02:58 PT] REINGEST | 1853 ch=96: INSERT error: psql error: ERROR:  column "chapter" of relation "enactment" does not exist
LINE 1: INSERT INTO enactment (source_document_id, chapter, chapter_...
                                                   ^ | WARN
[2026-06-02 02:58 PT] REINGEST | 1853 ch=99: INSERT error: psql error: ERROR:  column "chapter" of relation "enactment" does not exist
LINE 1: INSERT INTO enactment (source_document_id, chapter, chapter_...
                                                   ^ | WARN
[2026-06-02 02:58 PT] REINGEST | 1853 ch=100: INSERT error: psql error: ERROR:  column "chapter" of relation "enactment" does not exist
LINE 1: INSERT INTO enactment (source_document_id, chapter, chapter_...
                                                   ^ | WARN
[2026-06-02 02:58 PT] REINGEST | 1853 ch=101: INSERT error: psql error: ERROR:  column "chapter" of relation "enactment" does not exist
LINE 1: INSERT INTO enactment (source_document_id, chapter, chapter_...
                                                   ^ | WARN
[2026-06-02 02:58 PT] REINGEST | 1853 ch=102: INSERT error: psql error: ERROR:  column "chapter" of relation "enactment" does not exist
LINE 1: INSERT INTO enactment (source_document_id, chapter, chapter_...
                                                   ^ | WARN
[2026-06-02 02:58 PT] REINGEST | 1853 ch=102: INSERT error: psql error: ERROR:  column "chapter" of relation "enactment" does not exist
LINE 1: INSERT INTO enactment (source_document_id, chapter, chapter_...
                                                   ^ | WARN
[2026-06-02 02:58 PT] REINGEST | 1853 ch=105: INSERT error: psql error: ERROR:  column "chapter" of relation "enactment" does not exist
LINE 1: INSERT INTO enactment (source_document_id, chapter, chapter_...
                                                   ^ | WARN
[2026-06-02 02:58 PT] REINGEST | 1853 ch=154: INSERT error: psql error: ERROR:  column "chapter" of relation "enactment" does not exist
LINE 1: INSERT INTO enactment (source_document_id, chapter, chapter_...
                                                   ^ | WARN
[2026-06-02 02:58 PT] REINGEST | 1853 ch=155: INSERT error: psql error: ERROR:  column "chapter" of relation "enactment" does not exist
LINE 1: INSERT INTO enactment (source_document_id, chapter, chapter_...
                                                   ^ | WARN
[2026-06-02 02:58 PT] REINGEST | 1853 ch=109: INSERT error: psql error: ERROR:  column "chapter" of relation "enactment" does not exist
LINE 1: INSERT INTO enactment (source_document_id, chapter, chapter_...
                                                   ^ | WARN
[2026-06-02 02:58 PT] REINGEST | 1853 ch=110: INSERT error: psql error: ERROR:  column "chapter" of relation "enactment" does not exist
LINE 1: INSERT INTO enactment (source_document_id, chapter, chapter_...
                                                   ^ | WARN
[2026-06-02 02:58 PT] REINGEST | 1853 ch=112: INSERT error: psql error: ERROR:  column "chapter" of relation "enactment" does not exist
LINE 1: INSERT INTO enactment (source_document_id, chapter, chapter_...
                                                   ^ | WARN
[2026-06-02 02:58 PT] REINGEST | 1853 ch=113: INSERT error: psql error: ERROR:  column "chapter" of relation "enactment" does not exist
LINE 1: INSERT INTO enactment (source_document_id, chapter, chapter_...
                                                   ^ | WARN
[2026-06-02 02:58 PT] REINGEST | 1853 ch=116: INSERT error: psql error: ERROR:  column "chapter" of relation "enactment" does not exist
LINE 1: INSERT INTO enactment (source_document_id, chapter, chapter_...
                                                   ^ | WARN
[2026-06-02 02:58 PT] REINGEST | 1853 ch=121: INSERT error: psql error: ERROR:  column "chapter" of relation "enactment" does not exist
LINE 1: INSERT INTO enactment (source_document_id, chapter, chapter_...
                                                   ^ | WARN
[2026-06-02 02:58 PT] REINGEST | 1853 ch=124: INSERT error: psql error: ERROR:  column "chapter" of relation "enactment" does not exist
LINE 1: INSERT INTO enactment (source_document_id, chapter, chapter_...
                                                   ^ | WARN
[2026-06-02 02:58 PT] REINGEST | 1853 ch=125: INSERT error: psql error: ERROR:  column "chapter" of relation "enactment" does not exist
LINE 1: INSERT INTO enactment (source_document_id, chapter, chapter_...
                                                   ^ | WARN
[2026-06-02 02:58 PT] REINGEST | 1853 ch=126: INSERT error: psql error: ERROR:  column "chapter" of relation "enactment" does not exist
LINE 1: INSERT INTO enactment (source_document_id, chapter, chapter_...
                                                   ^ | WARN
[2026-06-02 02:58 PT] REINGEST | 1853 ch=126: INSERT error: psql error: ERROR:  column "chapter" of relation "enactment" does not exist
LINE 1: INSERT INTO enactment (source_document_id, chapter, chapter_...
                                                   ^ | WARN
[2026-06-02 02:58 PT] REINGEST | 1853 ch=128: INSERT error: psql error: ERROR:  column "chapter" of relation "enactment" does not exist
LINE 1: INSERT INTO enactment (source_document_id, chapter, chapter_...
                                                   ^ | WARN
[2026-06-02 02:58 PT] REINGEST | 1853 ch=130: INSERT error: psql error: ERROR:  column "chapter" of relation "enactment" does not exist
LINE 1: INSERT INTO enactment (source_document_id, chapter, chapter_...
                                                   ^ | WARN
[2026-06-02 02:58 PT] REINGEST | 1853 ch=131: INSERT error: psql error: ERROR:  column "chapter" of relation "enactment" does not exist
LINE 1: INSERT INTO enactment (source_document_id, chapter, chapter_...
                                                   ^ | WARN
[2026-06-02 02:58 PT] REINGEST | 1853 ch=134: INSERT error: psql error: ERROR:  column "chapter" of relation "enactment" does not exist
LINE 1: INSERT INTO enactment (source_document_id, chapter, chapter_...
                                                   ^ | WARN
[2026-06-02 02:58 PT] REINGEST | 1853 ch=136: INSERT error: psql error: ERROR:  column "chapter" of relation "enactment" does not exist
LINE 1: INSERT INTO enactment (source_document_id, chapter, chapter_...
                                                   ^ | WARN
[2026-06-02 02:58 PT] REINGEST | 1853 ch=139: INSERT error: psql error: ERROR:  column "chapter" of relation "enactment" does not exist
LINE 1: INSERT INTO enactment (source_document_id, chapter, chapter_...
                                                   ^ | WARN
[2026-06-02 02:58 PT] REINGEST | 1853 ch=140: INSERT error: psql error: ERROR:  column "chapter" of relation "enactment" does not exist
LINE 1: INSERT INTO enactment (source_document_id, chapter, chapter_...
                                                   ^ | WARN
[2026-06-02 02:58 PT] REINGEST | 1853 ch=191: INSERT error: psql error: ERROR:  column "chapter" of relation "enactment" does not exist
LINE 1: INSERT INTO enactment (source_document_id, chapter, chapter_...
                                                   ^ | WARN
[2026-06-02 02:58 PT] REINGEST | 1853 ch=142: INSERT error: psql error: ERROR:  column "chapter" of relation "enactment" does not exist
LINE 1: INSERT INTO enactment (source_document_id, chapter, chapter_...
                                                   ^ | WARN
[2026-06-02 02:58 PT] REINGEST | 1853 ch=142: INSERT error: psql error: ERROR:  column "chapter" of relation "enactment" does not exist
LINE 1: INSERT INTO enactment (source_document_id, chapter, chapter_...
                                                   ^ | WARN
[2026-06-02 02:58 PT] REINGEST | 1853 ch=144: INSERT error: psql error: ERROR:  column "chapter" of relation "enactment" does not exist
LINE 1: INSERT INTO enactment (source_document_id, chapter, chapter_...
                                                   ^ | WARN
[2026-06-02 02:58 PT] REINGEST | 1853 ch=145: INSERT error: psql error: ERROR:  column "chapter" of relation "enactment" does not exist
LINE 1: INSERT INTO enactment (source_document_id, chapter, chapter_...
                                                   ^ | WARN
[2026-06-02 02:58 PT] REINGEST | 1853 ch=147: INSERT error: psql error: ERROR:  column "chapter" of relation "enactment" does not exist
LINE 1: INSERT INTO enactment (source_document_id, chapter, chapter_...
                                                   ^ | WARN
[2026-06-02 02:58 PT] REINGEST | 1853 ch=148: INSERT error: psql error: ERROR:  column "chapter" of relation "enactment" does not exist
LINE 1: INSERT INTO enactment (source_document_id, chapter, chapter_...
                                                   ^ | WARN
[2026-06-02 02:58 PT] REINGEST | 1853 ch=149: INSERT error: psql error: ERROR:  column "chapter" of relation "enactment" does not exist
LINE 1: INSERT INTO enactment (source_document_id, chapter, chapter_...
                                                   ^ | WARN
[2026-06-02 02:58 PT] REINGEST | 1853 ch=150: INSERT error: psql error: ERROR:  column "chapter" of relation "enactment" does not exist
LINE 1: INSERT INTO enactment (source_document_id, chapter, chapter_...
                                                   ^ | WARN
[2026-06-02 02:58 PT] REINGEST | 1853 ch=151: INSERT error: psql error: ERROR:  column "chapter" of relation "enactment" does not exist
LINE 1: INSERT INTO enactment (source_document_id, chapter, chapter_...
                                                   ^ | WARN
[2026-06-02 02:58 PT] REINGEST | 1853 ch=152: INSERT error: psql error: ERROR:  column "chapter" of relation "enactment" does not exist
LINE 1: INSERT INTO enactment (source_document_id, chapter, chapter_...
                                                   ^ | WARN
[2026-06-02 02:58 PT] REINGEST | 1853 ch=200: INSERT error: psql error: ERROR:  column "chapter" of relation "enactment" does not exist
LINE 1: INSERT INTO enactment (source_document_id, chapter, chapter_...
                                                   ^ | WARN
[2026-06-02 02:58 PT] REINGEST | 1853 ch=154: INSERT error: psql error: ERROR:  column "chapter" of relation "enactment" does not exist
LINE 1: INSERT INTO enactment (source_document_id, chapter, chapter_...
                                                   ^ | WARN
[2026-06-02 02:58 PT] REINGEST | 1853 ch=155: INSERT error: psql error: ERROR:  column "chapter" of relation "enactment" does not exist
LINE 1: INSERT INTO enactment (source_document_id, chapter, chapter_...
                                                   ^ | WARN
[2026-06-02 02:58 PT] REINGEST | 1853 ch=156: INSERT error: psql error: ERROR:  column "chapter" of relation "enactment" does not exist
LINE 1: INSERT INTO enactment (source_document_id, chapter, chapter_...
                                                   ^ | WARN
[2026-06-02 02:58 PT] REINGEST | 1853 ch=157: INSERT error: psql error: ERROR:  column "chapter" of relation "enactment" does not exist
LINE 1: INSERT INTO enactment (source_document_id, chapter, chapter_...
                                                   ^ | WARN
[2026-06-02 02:58 PT] REINGEST | 1853 ch=158: INSERT error: psql error: ERROR:  column "chapter" of relation "enactment" does not exist
LINE 1: INSERT INTO enactment (source_document_id, chapter, chapter_...
                                                   ^ | WARN
[2026-06-02 02:58 PT] REINGEST | 1853 ch=159: INSERT error: psql error: ERROR:  column "chapter" of relation "enactment" does not exist
LINE 1: INSERT INTO enactment (source_document_id, chapter, chapter_...
                                                   ^ | WARN
[2026-06-02 02:58 PT] REINGEST | 1853 ch=160: INSERT error: psql error: ERROR:  column "chapter" of relation "enactment" does not exist
LINE 1: INSERT INTO enactment (source_document_id, chapter, chapter_...
                                                   ^ | WARN
[2026-06-02 02:58 PT] REINGEST | 1853 ch=161: INSERT error: psql error: ERROR:  column "chapter" of relation "enactment" does not exist
LINE 1: INSERT INTO enactment (source_document_id, chapter, chapter_...
                                                   ^ | WARN
[2026-06-02 02:58 PT] REINGEST | 1853 ch=161: INSERT error: psql error: ERROR:  column "chapter" of relation "enactment" does not exist
LINE 1: INSERT INTO enactment (source_document_id, chapter, chapter_...
                                                   ^ | WARN
[2026-06-02 02:58 PT] REINGEST | 1853 ch=210: INSERT error: psql error: ERROR:  column "chapter" of relation "enactment" does not exist
LINE 1: INSERT INTO enactment (source_document_id, chapter, chapter_...
                                                   ^ | WARN
[2026-06-02 02:58 PT] REINGEST | 1853 ch=164: INSERT error: psql error: ERROR:  column "chapter" of relation "enactment" does not exist
LINE 1: INSERT INTO enactment (source_document_id, chapter, chapter_...
                                                   ^ | WARN
[2026-06-02 02:58 PT] REINGEST | 1853 ch=165: INSERT error: psql error: ERROR:  column "chapter" of relation "enactment" does not exist
LINE 1: INSERT INTO enactment (source_document_id, chapter, chapter_...
                                                   ^ | WARN
[2026-06-02 02:58 PT] REINGEST | 1853 ch=166: INSERT error: psql error: ERROR:  column "chapter" of relation "enactment" does not exist
LINE 1: INSERT INTO enactment (source_document_id, chapter, chapter_...
                                                   ^ | WARN
[2026-06-02 02:58 PT] REINGEST | 1853 ch=167: INSERT error: psql error: ERROR:  column "chapter" of relation "enactment" does not exist
LINE 1: INSERT INTO enactment (source_document_id, chapter, chapter_...
                                                   ^ | WARN
[2026-06-02 02:58 PT] REINGEST | 1853 ch=215: INSERT error: psql error: ERROR:  column "chapter" of relation "enactment" does not exist
LINE 1: INSERT INTO enactment (source_document_id, chapter, chapter_...
                                                   ^ | WARN
[2026-06-02 02:58 PT] REINGEST | 1853 ch=169: INSERT error: psql error: ERROR:  column "chapter" of relation "enactment" does not exist
LINE 1: INSERT INTO enactment (source_document_id, chapter, chapter_...
                                                   ^ | WARN
[2026-06-02 02:58 PT] REINGEST | 1853 ch=170: INSERT error: psql error: ERROR:  column "chapter" of relation "enactment" does not exist
LINE 1: INSERT INTO enactment (source_document_id, chapter, chapter_...
                                                   ^ | WARN
[2026-06-02 02:58 PT] REINGEST | 1853 ch=171: INSERT error: psql error: ERROR:  column "chapter" of relation "enactment" does not exist
LINE 1: INSERT INTO enactment (source_document_id, chapter, chapter_...
                                                   ^ | WARN
[2026-06-02 02:58 PT] REINGEST | 1853 ch=173: INSERT error: psql error: ERROR:  column "chapter" of relation "enactment" does not exist
LINE 1: INSERT INTO enactment (source_document_id, chapter, chapter_...
                                                   ^ | WARN
[2026-06-02 02:58 PT] REINGEST | 1853 ch=174: INSERT error: psql error: ERROR:  column "chapter" of relation "enactment" does not exist
LINE 1: INSERT INTO enactment (source_document_id, chapter, chapter_...
                                                   ^ | WARN
[2026-06-02 02:58 PT] REINGEST | 1853 ch=176: INSERT error: psql error: ERROR:  column "chapter" of relation "enactment" does not exist
LINE 1: INSERT INTO enactment (source_document_id, chapter, chapter_...
                                                   ^ | WARN
[2026-06-02 02:58 PT] REINGEST | 1853 ch=179: INSERT error: psql error: ERROR:  column "chapter" of relation "enactment" does not exist
LINE 1: INSERT INTO enactment (source_document_id, chapter, chapter_...
                                                   ^ | WARN
[2026-06-02 02:58 PT] REINGEST | 1853 ch=180: INSERT error: psql error: ERROR:  column "chapter" of relation "enactment" does not exist
LINE 1: INSERT INTO enactment (source_document_id, chapter, chapter_...
                                                   ^ | WARN
[2026-06-02 02:58 PT] REINGEST | 1853: inserted=0 skipped(dup)=0 errors=117 | WARN
[2026-06-02 02:58 PT] REINGEST | 1854: source_document id=5 | ingesting 43 confident acts | OK
[2026-06-02 02:58 PT] REINGEST | 1854 ch=5: INSERT error: psql error: ERROR:  column "chapter" of relation "enactment" does not exist
LINE 1: INSERT INTO enactment (source_document_id, chapter, chapter_...
                                                   ^ | WARN
[2026-06-02 02:58 PT] REINGEST | 1854 ch=7: INSERT error: psql error: ERROR:  column "chapter" of relation "enactment" does not exist
LINE 1: INSERT INTO enactment (source_document_id, chapter, chapter_...
                                                   ^ | WARN
[2026-06-02 02:58 PT] REINGEST | 1854 ch=10: INSERT error: psql error: ERROR:  column "chapter" of relation "enactment" does not exist
LINE 1: INSERT INTO enactment (source_document_id, chapter, chapter_...
                                                   ^ | WARN
[2026-06-02 02:58 PT] REINGEST | 1854 ch=11: INSERT error: psql error: ERROR:  column "chapter" of relation "enactment" does not exist
LINE 1: INSERT INTO enactment (source_document_id, chapter, chapter_...
                                                   ^ | WARN
[2026-06-02 02:58 PT] REINGEST | 1854 ch=15: INSERT error: psql error: ERROR:  column "chapter" of relation "enactment" does not exist
LINE 1: INSERT INTO enactment (source_document_id, chapter, chapter_...
                                                   ^ | WARN
[2026-06-02 02:58 PT] REINGEST | 1854 ch=65: INSERT error: psql error: ERROR:  column "chapter" of relation "enactment" does not exist
LINE 1: INSERT INTO enactment (source_document_id, chapter, chapter_...
                                                   ^ | WARN
[2026-06-02 02:58 PT] REINGEST | 1854 ch=23: INSERT error: psql error: ERROR:  column "chapter" of relation "enactment" does not exist
LINE 1: INSERT INTO enactment (source_document_id, chapter, chapter_...
                                                   ^ | WARN
[2026-06-02 02:58 PT] REINGEST | 1854 ch=28: INSERT error: psql error: ERROR:  column "chapter" of relation "enactment" does not exist
LINE 1: INSERT INTO enactment (source_document_id, chapter, chapter_...
                                                   ^ | WARN
[2026-06-02 02:58 PT] REINGEST | 1854 ch=30: INSERT error: psql error: ERROR:  column "chapter" of relation "enactment" does not exist
LINE 1: INSERT INTO enactment (source_document_id, chapter, chapter_...
                                                   ^ | WARN
[2026-06-02 02:58 PT] REINGEST | 1854 ch=31: INSERT error: psql error: ERROR:  column "chapter" of relation "enactment" does not exist
LINE 1: INSERT INTO enactment (source_document_id, chapter, chapter_...
                                                   ^ | WARN
[2026-06-02 02:58 PT] REINGEST | 1854 ch=32: INSERT error: psql error: ERROR:  column "chapter" of relation "enactment" does not exist
LINE 1: INSERT INTO enactment (source_document_id, chapter, chapter_...
                                                   ^ | WARN
[2026-06-02 02:58 PT] REINGEST | 1854 ch=32: INSERT error: psql error: ERROR:  column "chapter" of relation "enactment" does not exist
LINE 1: INSERT INTO enactment (source_document_id, chapter, chapter_...
                                                   ^ | WARN
[2026-06-02 02:58 PT] REINGEST | 1854 ch=34: INSERT error: psql error: ERROR:  column "chapter" of relation "enactment" does not exist
LINE 1: INSERT INTO enactment (source_document_id, chapter, chapter_...
                                                   ^ | WARN
[2026-06-02 02:58 PT] REINGEST | 1854 ch=36: INSERT error: psql error: ERROR:  column "chapter" of relation "enactment" does not exist
LINE 1: INSERT INTO enactment (source_document_id, chapter, chapter_...
                                                   ^ | WARN
[2026-06-02 02:58 PT] REINGEST | 1854 ch=44: INSERT error: psql error: ERROR:  column "chapter" of relation "enactment" does not exist
LINE 1: INSERT INTO enactment (source_document_id, chapter, chapter_...
                                                   ^ | WARN
[2026-06-02 02:58 PT] REINGEST | 1854 ch=54: INSERT error: psql error: ERROR:  column "chapter" of relation "enactment" does not exist
LINE 1: INSERT INTO enactment (source_document_id, chapter, chapter_...
                                                   ^ | WARN
[2026-06-02 02:58 PT] REINGEST | 1854 ch=64: INSERT error: psql error: ERROR:  column "chapter" of relation "enactment" does not exist
LINE 1: INSERT INTO enactment (source_document_id, chapter, chapter_...
                                                   ^ | WARN
[2026-06-02 02:58 PT] REINGEST | 1854 ch=12: INSERT error: psql error: ERROR:  column "chapter" of relation "enactment" does not exist
LINE 1: INSERT INTO enactment (source_document_id, chapter, chapter_...
                                                   ^ | WARN
[2026-06-02 02:58 PT] REINGEST | 1854 ch=11: INSERT error: psql error: ERROR:  column "chapter" of relation "enactment" does not exist
LINE 1: INSERT INTO enactment (source_document_id, chapter, chapter_...
                                                   ^ | WARN
[2026-06-02 02:58 PT] REINGEST | 1854 ch=16: INSERT error: psql error: ERROR:  column "chapter" of relation "enactment" does not exist
LINE 1: INSERT INTO enactment (source_document_id, chapter, chapter_...
                                                   ^ | WARN
[2026-06-02 02:58 PT] REINGEST | 1854 ch=19: INSERT error: psql error: ERROR:  column "chapter" of relation "enactment" does not exist
LINE 1: INSERT INTO enactment (source_document_id, chapter, chapter_...
                                                   ^ | WARN
[2026-06-02 02:58 PT] REINGEST | 1854 ch=29: INSERT error: psql error: ERROR:  column "chapter" of relation "enactment" does not exist
LINE 1: INSERT INTO enactment (source_document_id, chapter, chapter_...
                                                   ^ | WARN
[2026-06-02 02:58 PT] REINGEST | 1854 ch=31: INSERT error: psql error: ERROR:  column "chapter" of relation "enactment" does not exist
LINE 1: INSERT INTO enactment (source_document_id, chapter, chapter_...
                                                   ^ | WARN
[2026-06-02 02:58 PT] REINGEST | 1854 ch=32: INSERT error: psql error: ERROR:  column "chapter" of relation "enactment" does not exist
LINE 1: INSERT INTO enactment (source_document_id, chapter, chapter_...
                                                   ^ | WARN
[2026-06-02 02:58 PT] REINGEST | 1854 ch=34: INSERT error: psql error: ERROR:  column "chapter" of relation "enactment" does not exist
LINE 1: INSERT INTO enactment (source_document_id, chapter, chapter_...
                                                   ^ | WARN
[2026-06-02 02:58 PT] REINGEST | 1854 ch=35: INSERT error: psql error: ERROR:  column "chapter" of relation "enactment" does not exist
LINE 1: INSERT INTO enactment (source_document_id, chapter, chapter_...
                                                   ^ | WARN
[2026-06-02 02:58 PT] REINGEST | 1854 ch=39: INSERT error: psql error: ERROR:  column "chapter" of relation "enactment" does not exist
LINE 1: INSERT INTO enactment (source_document_id, chapter, chapter_...
                                                   ^ | WARN
[2026-06-02 02:58 PT] REINGEST | 1854 ch=11: INSERT error: psql error: ERROR:  column "chapter" of relation "enactment" does not exist
LINE 1: INSERT INTO enactment (source_document_id, chapter, chapter_...
                                                   ^ | WARN
[2026-06-02 02:58 PT] REINGEST | 1854 ch=41: INSERT error: psql error: ERROR:  column "chapter" of relation "enactment" does not exist
LINE 1: INSERT INTO enactment (source_document_id, chapter, chapter_...
                                                   ^ | WARN
[2026-06-02 02:58 PT] REINGEST | 1854 ch=44: INSERT error: psql error: ERROR:  column "chapter" of relation "enactment" does not exist
LINE 1: INSERT INTO enactment (source_document_id, chapter, chapter_...
                                                   ^ | WARN
[2026-06-02 02:58 PT] REINGEST | 1854 ch=94: INSERT error: psql error: ERROR:  column "chapter" of relation "enactment" does not exist
LINE 1: INSERT INTO enactment (source_document_id, chapter, chapter_...
                                                   ^ | WARN
[2026-06-02 02:58 PT] REINGEST | 1854 ch=49: INSERT error: psql error: ERROR:  column "chapter" of relation "enactment" does not exist
LINE 1: INSERT INTO enactment (source_document_id, chapter, chapter_...
                                                   ^ | WARN
[2026-06-02 02:58 PT] REINGEST | 1854 ch=60: INSERT error: psql error: ERROR:  column "chapter" of relation "enactment" does not exist
LINE 1: INSERT INTO enactment (source_document_id, chapter, chapter_...
                                                   ^ | WARN
[2026-06-02 02:58 PT] REINGEST | 1854 ch=62: INSERT error: psql error: ERROR:  column "chapter" of relation "enactment" does not exist
LINE 1: INSERT INTO enactment (source_document_id, chapter, chapter_...
                                                   ^ | WARN
[2026-06-02 02:58 PT] REINGEST | 1854 ch=64: INSERT error: psql error: ERROR:  column "chapter" of relation "enactment" does not exist
LINE 1: INSERT INTO enactment (source_document_id, chapter, chapter_...
                                                   ^ | WARN
[2026-06-02 02:58 PT] REINGEST | 1854 ch=66: INSERT error: psql error: ERROR:  column "chapter" of relation "enactment" does not exist
LINE 1: INSERT INTO enactment (source_document_id, chapter, chapter_...
                                                   ^ | WARN
[2026-06-02 02:58 PT] REINGEST | 1854 ch=67: INSERT error: psql error: ERROR:  column "chapter" of relation "enactment" does not exist
LINE 1: INSERT INTO enactment (source_document_id, chapter, chapter_...
                                                   ^ | WARN
[2026-06-02 02:58 PT] REINGEST | 1854 ch=115: INSERT error: psql error: ERROR:  column "chapter" of relation "enactment" does not exist
LINE 1: INSERT INTO enactment (source_document_id, chapter, chapter_...
                                                   ^ | WARN
[2026-06-02 02:58 PT] REINGEST | 1854 ch=0: INSERT error: psql error: ERROR:  column "chapter" of relation "enactment" does not exist
LINE 1: INSERT INTO enactment (source_document_id, chapter, chapter_...
                                                   ^ | WARN
[2026-06-02 02:58 PT] REINGEST | 1854 ch=81: INSERT error: psql error: ERROR:  column "chapter" of relation "enactment" does not exist
LINE 1: INSERT INTO enactment (source_document_id, chapter, chapter_...
                                                   ^ | WARN
[2026-06-02 02:58 PT] REINGEST | 1854 ch=89: INSERT error: psql error: ERROR:  column "chapter" of relation "enactment" does not exist
LINE 1: INSERT INTO enactment (source_document_id, chapter, chapter_...
                                                   ^ | WARN
[2026-06-02 02:58 PT] REINGEST | 1854 ch=99: INSERT error: psql error: ERROR:  column "chapter" of relation "enactment" does not exist
LINE 1: INSERT INTO enactment (source_document_id, chapter, chapter_...
                                                   ^ | WARN
[2026-06-02 02:58 PT] REINGEST | 1854 ch=101: INSERT error: psql error: ERROR:  column "chapter" of relation "enactment" does not exist
LINE 1: INSERT INTO enactment (source_document_id, chapter, chapter_...
                                                   ^ | WARN
[2026-06-02 02:58 PT] REINGEST | 1854: inserted=0 skipped(dup)=0 errors=43 | WARN
[2026-06-02 02:58 PT] REINGEST | 1855: source_document id=6 | ingesting 142 confident acts | OK
[2026-06-02 02:58 PT] REINGEST | 1855 ch=1: INSERT error: psql error: ERROR:  column "chapter" of relation "enactment" does not exist
LINE 1: INSERT INTO enactment (source_document_id, chapter, chapter_...
                                                   ^ | WARN
[2026-06-02 02:58 PT] REINGEST | 1855 ch=3: INSERT error: psql error: ERROR:  column "chapter" of relation "enactment" does not exist
LINE 1: INSERT INTO enactment (source_document_id, chapter, chapter_...
                                                   ^ | WARN
[2026-06-02 02:58 PT] REINGEST | 1855 ch=6: INSERT error: psql error: ERROR:  column "chapter" of relation "enactment" does not exist
LINE 1: INSERT INTO enactment (source_document_id, chapter, chapter_...
                                                   ^ | WARN
[2026-06-02 02:58 PT] REINGEST | 1855 ch=7: INSERT error: psql error: ERROR:  column "chapter" of relation "enactment" does not exist
LINE 1: INSERT INTO enactment (source_document_id, chapter, chapter_...
                                                   ^ | WARN
[2026-06-02 02:58 PT] REINGEST | 1855 ch=8: INSERT error: psql error: ERROR:  column "chapter" of relation "enactment" does not exist
LINE 1: INSERT INTO enactment (source_document_id, chapter, chapter_...
                                                   ^ | WARN
[2026-06-02 02:58 PT] REINGEST | 1855 ch=9: INSERT error: psql error: ERROR:  column "chapter" of relation "enactment" does not exist
LINE 1: INSERT INTO enactment (source_document_id, chapter, chapter_...
                                                   ^ | WARN
[2026-06-02 02:58 PT] REINGEST | 1855 ch=10: INSERT error: psql error: ERROR:  column "chapter" of relation "enactment" does not exist
LINE 1: INSERT INTO enactment (source_document_id, chapter, chapter_...
                                                   ^ | WARN
[2026-06-02 02:58 PT] REINGEST | 1855 ch=11: INSERT error: psql error: ERROR:  column "chapter" of relation "enactment" does not exist
LINE 1: INSERT INTO enactment (source_document_id, chapter, chapter_...
                                                   ^ | WARN
[2026-06-02 02:58 PT] REINGEST | 1855 ch=12: INSERT error: psql error: ERROR:  column "chapter" of relation "enactment" does not exist
LINE 1: INSERT INTO enactment (source_document_id, chapter, chapter_...
                                                   ^ | WARN
[2026-06-02 02:58 PT] REINGEST | 1855 ch=13: INSERT error: psql error: ERROR:  column "chapter" of relation "enactment" does not exist
LINE 1: INSERT INTO enactment (source_document_id, chapter, chapter_...
                                                   ^ | WARN
[2026-06-02 02:58 PT] REINGEST | 1855 ch=14: INSERT error: psql error: ERROR:  column "chapter" of relation "enactment" does not exist
LINE 1: INSERT INTO enactment (source_document_id, chapter, chapter_...
                                                   ^ | WARN
[2026-06-02 02:58 PT] REINGEST | 1855 ch=15: INSERT error: psql error: ERROR:  column "chapter" of relation "enactment" does not exist
LINE 1: INSERT INTO enactment (source_document_id, chapter, chapter_...
                                                   ^ | WARN
[2026-06-02 02:58 PT] REINGEST | 1855 ch=19: INSERT error: psql error: ERROR:  column "chapter" of relation "enactment" does not exist
LINE 1: INSERT INTO enactment (source_document_id, chapter, chapter_...
                                                   ^ | WARN
[2026-06-02 02:58 PT] REINGEST | 1855 ch=20: INSERT error: psql error: ERROR:  column "chapter" of relation "enactment" does not exist
LINE 1: INSERT INTO enactment (source_document_id, chapter, chapter_...
                                                   ^ | WARN
[2026-06-02 02:58 PT] REINGEST | 1855 ch=21: INSERT error: psql error: ERROR:  column "chapter" of relation "enactment" does not exist
LINE 1: INSERT INTO enactment (source_document_id, chapter, chapter_...
                                                   ^ | WARN
[2026-06-02 02:58 PT] REINGEST | 1855 ch=23: INSERT error: psql error: ERROR:  column "chapter" of relation "enactment" does not exist
LINE 1: INSERT INTO enactment (source_document_id, chapter, chapter_...
                                                   ^ | WARN
[2026-06-02 02:58 PT] REINGEST | 1855 ch=24: INSERT error: psql error: ERROR:  column "chapter" of relation "enactment" does not exist
LINE 1: INSERT INTO enactment (source_document_id, chapter, chapter_...
                                                   ^ | WARN
[2026-06-02 02:58 PT] REINGEST | 1855 ch=25: INSERT error: psql error: ERROR:  column "chapter" of relation "enactment" does not exist
LINE 1: INSERT INTO enactment (source_document_id, chapter, chapter_...
                                                   ^ | WARN
[2026-06-02 02:58 PT] REINGEST | 1855 ch=27: INSERT error: psql error: ERROR:  column "chapter" of relation "enactment" does not exist
LINE 1: INSERT INTO enactment (source_document_id, chapter, chapter_...
                                                   ^ | WARN
[2026-06-02 02:58 PT] REINGEST | 1855 ch=29: INSERT error: psql error: ERROR:  column "chapter" of relation "enactment" does not exist
LINE 1: INSERT INTO enactment (source_document_id, chapter, chapter_...
                                                   ^ | WARN
[2026-06-02 02:58 PT] REINGEST | 1855 ch=30: INSERT error: psql error: ERROR:  column "chapter" of relation "enactment" does not exist
LINE 1: INSERT INTO enactment (source_document_id, chapter, chapter_...
                                                   ^ | WARN
[2026-06-02 02:58 PT] REINGEST | 1855 ch=31: INSERT error: psql error: ERROR:  column "chapter" of relation "enactment" does not exist
LINE 1: INSERT INTO enactment (source_document_id, chapter, chapter_...
                                                   ^ | WARN
[2026-06-02 02:58 PT] REINGEST | 1855 ch=32: INSERT error: psql error: ERROR:  column "chapter" of relation "enactment" does not exist
LINE 1: INSERT INTO enactment (source_document_id, chapter, chapter_...
                                                   ^ | WARN
[2026-06-02 02:58 PT] REINGEST | 1855 ch=34: INSERT error: psql error: ERROR:  column "chapter" of relation "enactment" does not exist
LINE 1: INSERT INTO enactment (source_document_id, chapter, chapter_...
                                                   ^ | WARN
[2026-06-02 02:58 PT] REINGEST | 1855 ch=38: INSERT error: psql error: ERROR:  column "chapter" of relation "enactment" does not exist
LINE 1: INSERT INTO enactment (source_document_id, chapter, chapter_...
                                                   ^ | WARN
[2026-06-02 02:58 PT] REINGEST | 1855 ch=39: INSERT error: psql error: ERROR:  column "chapter" of relation "enactment" does not exist
LINE 1: INSERT INTO enactment (source_document_id, chapter, chapter_...
                                                   ^ | WARN
[2026-06-02 02:58 PT] REINGEST | 1855 ch=41: INSERT error: psql error: ERROR:  column "chapter" of relation "enactment" does not exist
LINE 1: INSERT INTO enactment (source_document_id, chapter, chapter_...
                                                   ^ | WARN
[2026-06-02 02:58 PT] REINGEST | 1855 ch=42: INSERT error: psql error: ERROR:  column "chapter" of relation "enactment" does not exist
LINE 1: INSERT INTO enactment (source_document_id, chapter, chapter_...
                                                   ^ | WARN
[2026-06-02 02:58 PT] REINGEST | 1855 ch=43: INSERT error: psql error: ERROR:  column "chapter" of relation "enactment" does not exist
LINE 1: INSERT INTO enactment (source_document_id, chapter, chapter_...
                                                   ^ | WARN
[2026-06-02 02:58 PT] REINGEST | 1855 ch=45: INSERT error: psql error: ERROR:  column "chapter" of relation "enactment" does not exist
LINE 1: INSERT INTO enactment (source_document_id, chapter, chapter_...
                                                   ^ | WARN
[2026-06-02 02:58 PT] REINGEST | 1855 ch=47: INSERT error: psql error: ERROR:  column "chapter" of relation "enactment" does not exist
LINE 1: INSERT INTO enactment (source_document_id, chapter, chapter_...
                                                   ^ | WARN
[2026-06-02 02:58 PT] REINGEST | 1855 ch=49: INSERT error: psql error: ERROR:  column "chapter" of relation "enactment" does not exist
LINE 1: INSERT INTO enactment (source_document_id, chapter, chapter_...
                                                   ^ | WARN
[2026-06-02 02:58 PT] REINGEST | 1855 ch=50: INSERT error: psql error: ERROR:  column "chapter" of relation "enactment" does not exist
LINE 1: INSERT INTO enactment (source_document_id, chapter, chapter_...
                                                   ^ | WARN
[2026-06-02 02:58 PT] REINGEST | 1855 ch=51: INSERT error: psql error: ERROR:  column "chapter" of relation "enactment" does not exist
LINE 1: INSERT INTO enactment (source_document_id, chapter, chapter_...
                                                   ^ | WARN
[2026-06-02 02:58 PT] REINGEST | 1855 ch=99: INSERT error: psql error: ERROR:  column "chapter" of relation "enactment" does not exist
LINE 1: INSERT INTO enactment (source_document_id, chapter, chapter_...
                                                   ^ | WARN
[2026-06-02 02:58 PT] REINGEST | 1855 ch=54: INSERT error: psql error: ERROR:  column "chapter" of relation "enactment" does not exist
LINE 1: INSERT INTO enactment (source_document_id, chapter, chapter_...
                                                   ^ | WARN
[2026-06-02 02:58 PT] REINGEST | 1855 ch=56: INSERT error: psql error: ERROR:  column "chapter" of relation "enactment" does not exist
LINE 1: INSERT INTO enactment (source_document_id, chapter, chapter_...
                                                   ^ | WARN
[2026-06-02 02:58 PT] REINGEST | 1855 ch=57: INSERT error: psql error: ERROR:  column "chapter" of relation "enactment" does not exist
LINE 1: INSERT INTO enactment (source_document_id, chapter, chapter_...
                                                   ^ | WARN
[2026-06-02 02:58 PT] REINGEST | 1855 ch=58: INSERT error: psql error: ERROR:  column "chapter" of relation "enactment" does not exist
LINE 1: INSERT INTO enactment (source_document_id, chapter, chapter_...
                                                   ^ | WARN
[2026-06-02 02:58 PT] REINGEST | 1855 ch=60: INSERT error: psql error: ERROR:  column "chapter" of relation "enactment" does not exist
LINE 1: INSERT INTO enactment (source_document_id, chapter, chapter_...
                                                   ^ | WARN
[2026-06-02 02:58 PT] REINGEST | 1855 ch=109: INSERT error: psql error: ERROR:  column "chapter" of relation "enactment" does not exist
LINE 1: INSERT INTO enactment (source_document_id, chapter, chapter_...
                                                   ^ | WARN
[2026-06-02 02:58 PT] REINGEST | 1855 ch=63: INSERT error: psql error: ERROR:  column "chapter" of relation "enactment" does not exist
LINE 1: INSERT INTO enactment (source_document_id, chapter, chapter_...
                                                   ^ | WARN
[2026-06-02 02:58 PT] REINGEST | 1855 ch=64: INSERT error: psql error: ERROR:  column "chapter" of relation "enactment" does not exist
LINE 1: INSERT INTO enactment (source_document_id, chapter, chapter_...
                                                   ^ | WARN
[2026-06-02 02:58 PT] REINGEST | 1855 ch=65: INSERT error: psql error: ERROR:  column "chapter" of relation "enactment" does not exist
LINE 1: INSERT INTO enactment (source_document_id, chapter, chapter_...
                                                   ^ | WARN
[2026-06-02 02:58 PT] REINGEST | 1855 ch=67: INSERT error: psql error: ERROR:  column "chapter" of relation "enactment" does not exist
LINE 1: INSERT INTO enactment (source_document_id, chapter, chapter_...
                                                   ^ | WARN
[2026-06-02 02:58 PT] REINGEST | 1855 ch=68: INSERT error: psql error: ERROR:  column "chapter" of relation "enactment" does not exist
LINE 1: INSERT INTO enactment (source_document_id, chapter, chapter_...
                                                   ^ | WARN
[2026-06-02 02:58 PT] REINGEST | 1855 ch=70: INSERT error: psql error: ERROR:  column "chapter" of relation "enactment" does not exist
LINE 1: INSERT INTO enactment (source_document_id, chapter, chapter_...
                                                   ^ | WARN
[2026-06-02 02:58 PT] REINGEST | 1855 ch=71: INSERT error: psql error: ERROR:  column "chapter" of relation "enactment" does not exist
LINE 1: INSERT INTO enactment (source_document_id, chapter, chapter_...
                                                   ^ | WARN
[2026-06-02 02:58 PT] REINGEST | 1855 ch=73: INSERT error: psql error: ERROR:  column "chapter" of relation "enactment" does not exist
LINE 1: INSERT INTO enactment (source_document_id, chapter, chapter_...
                                                   ^ | WARN
[2026-06-02 02:58 PT] REINGEST | 1855 ch=74: INSERT error: psql error: ERROR:  column "chapter" of relation "enactment" does not exist
LINE 1: INSERT INTO enactment (source_document_id, chapter, chapter_...
                                                   ^ | WARN
[2026-06-02 02:58 PT] REINGEST | 1855 ch=76: INSERT error: psql error: ERROR:  column "chapter" of relation "enactment" does not exist
LINE 1: INSERT INTO enactment (source_document_id, chapter, chapter_...
                                                   ^ | WARN
[2026-06-02 02:58 PT] REINGEST | 1855 ch=77: INSERT error: psql error: ERROR:  column "chapter" of relation "enactment" does not exist
LINE 1: INSERT INTO enactment (source_document_id, chapter, chapter_...
                                                   ^ | WARN
[2026-06-02 02:58 PT] REINGEST | 1855 ch=78: INSERT error: psql error: ERROR:  column "chapter" of relation "enactment" does not exist
LINE 1: INSERT INTO enactment (source_document_id, chapter, chapter_...
                                                   ^ | WARN
[2026-06-02 02:58 PT] REINGEST | 1855 ch=79: INSERT error: psql error: ERROR:  column "chapter" of relation "enactment" does not exist
LINE 1: INSERT INTO enactment (source_document_id, chapter, chapter_...
                                                   ^ | WARN
[2026-06-02 02:58 PT] REINGEST | 1855 ch=90: INSERT error: psql error: ERROR:  column "chapter" of relation "enactment" does not exist
LINE 1: INSERT INTO enactment (source_document_id, chapter, chapter_...
                                                   ^ | WARN
[2026-06-02 02:58 PT] REINGEST | 1855 ch=81: INSERT error: psql error: ERROR:  column "chapter" of relation "enactment" does not exist
LINE 1: INSERT INTO enactment (source_document_id, chapter, chapter_...
                                                   ^ | WARN
[2026-06-02 02:58 PT] REINGEST | 1855 ch=82: INSERT error: psql error: ERROR:  column "chapter" of relation "enactment" does not exist
LINE 1: INSERT INTO enactment (source_document_id, chapter, chapter_...
                                                   ^ | WARN
[2026-06-02 02:58 PT] REINGEST | 1855 ch=83: INSERT error: psql error: ERROR:  column "chapter" of relation "enactment" does not exist
LINE 1: INSERT INTO enactment (source_document_id, chapter, chapter_...
                                                   ^ | WARN
[2026-06-02 02:58 PT] REINGEST | 1855 ch=84: INSERT error: psql error: ERROR:  column "chapter" of relation "enactment" does not exist
LINE 1: INSERT INTO enactment (source_document_id, chapter, chapter_...
                                                   ^ | WARN
[2026-06-02 02:58 PT] REINGEST | 1855 ch=85: INSERT error: psql error: ERROR:  column "chapter" of relation "enactment" does not exist
LINE 1: INSERT INTO enactment (source_document_id, chapter, chapter_...
                                                   ^ | WARN
[2026-06-02 02:58 PT] REINGEST | 1855 ch=86: INSERT error: psql error: ERROR:  column "chapter" of relation "enactment" does not exist
LINE 1: INSERT INTO enactment (source_document_id, chapter, chapter_...
                                                   ^ | WARN
[2026-06-02 02:58 PT] REINGEST | 1855 ch=89: INSERT error: psql error: ERROR:  column "chapter" of relation "enactment" does not exist
LINE 1: INSERT INTO enactment (source_document_id, chapter, chapter_...
                                                   ^ | WARN
[2026-06-02 02:58 PT] REINGEST | 1855 ch=90: INSERT error: psql error: ERROR:  column "chapter" of relation "enactment" does not exist
LINE 1: INSERT INTO enactment (source_document_id, chapter, chapter_...
                                                   ^ | WARN
[2026-06-02 02:58 PT] REINGEST | 1855 ch=92: INSERT error: psql error: ERROR:  column "chapter" of relation "enactment" does not exist
LINE 1: INSERT INTO enactment (source_document_id, chapter, chapter_...
                                                   ^ | WARN
[2026-06-02 02:58 PT] REINGEST | 1855 ch=93: INSERT error: psql error: ERROR:  column "chapter" of relation "enactment" does not exist
LINE 1: INSERT INTO enactment (source_document_id, chapter, chapter_...
                                                   ^ | WARN
[2026-06-02 02:58 PT] REINGEST | 1855 ch=97: INSERT error: psql error: ERROR:  column "chapter" of relation "enactment" does not exist
LINE 1: INSERT INTO enactment (source_document_id, chapter, chapter_...
                                                   ^ | WARN
[2026-06-02 02:58 PT] REINGEST | 1855 ch=98: INSERT error: psql error: ERROR:  column "chapter" of relation "enactment" does not exist
LINE 1: INSERT INTO enactment (source_document_id, chapter, chapter_...
                                                   ^ | WARN
[2026-06-02 02:58 PT] REINGEST | 1855 ch=100: INSERT error: psql error: ERROR:  column "chapter" of relation "enactment" does not exist
LINE 1: INSERT INTO enactment (source_document_id, chapter, chapter_...
                                                   ^ | WARN
[2026-06-02 02:58 PT] REINGEST | 1855 ch=150: INSERT error: psql error: ERROR:  column "chapter" of relation "enactment" does not exist
LINE 1: INSERT INTO enactment (source_document_id, chapter, chapter_...
                                                   ^ | WARN
[2026-06-02 02:58 PT] REINGEST | 1855 ch=106: INSERT error: psql error: ERROR:  column "chapter" of relation "enactment" does not exist
LINE 1: INSERT INTO enactment (source_document_id, chapter, chapter_...
                                                   ^ | WARN
[2026-06-02 02:58 PT] REINGEST | 1855 ch=108: INSERT error: psql error: ERROR:  column "chapter" of relation "enactment" does not exist
LINE 1: INSERT INTO enactment (source_document_id, chapter, chapter_...
                                                   ^ | WARN
[2026-06-02 02:58 PT] REINGEST | 1855 ch=110: INSERT error: psql error: ERROR:  column "chapter" of relation "enactment" does not exist
LINE 1: INSERT INTO enactment (source_document_id, chapter, chapter_...
                                                   ^ | WARN
[2026-06-02 02:58 PT] REINGEST | 1855 ch=113: INSERT error: psql error: ERROR:  column "chapter" of relation "enactment" does not exist
LINE 1: INSERT INTO enactment (source_document_id, chapter, chapter_...
                                                   ^ | WARN
[2026-06-02 02:58 PT] REINGEST | 1855 ch=113: INSERT error: psql error: ERROR:  column "chapter" of relation "enactment" does not exist
LINE 1: INSERT INTO enactment (source_document_id, chapter, chapter_...
                                                   ^ | WARN
[2026-06-02 02:58 PT] REINGEST | 1855 ch=114: INSERT error: psql error: ERROR:  column "chapter" of relation "enactment" does not exist
LINE 1: INSERT INTO enactment (source_document_id, chapter, chapter_...
                                                   ^ | WARN
[2026-06-02 02:58 PT] REINGEST | 1855 ch=115: INSERT error: psql error: ERROR:  column "chapter" of relation "enactment" does not exist
LINE 1: INSERT INTO enactment (source_document_id, chapter, chapter_...
                                                   ^ | WARN
[2026-06-02 02:58 PT] REINGEST | 1855 ch=116: INSERT error: psql error: ERROR:  column "chapter" of relation "enactment" does not exist
LINE 1: INSERT INTO enactment (source_document_id, chapter, chapter_...
                                                   ^ | WARN
[2026-06-02 02:58 PT] REINGEST | 1855 ch=119: INSERT error: psql error: ERROR:  column "chapter" of relation "enactment" does not exist
LINE 1: INSERT INTO enactment (source_document_id, chapter, chapter_...
                                                   ^ | WARN
[2026-06-02 02:58 PT] REINGEST | 1855 ch=0: INSERT error: psql error: ERROR:  column "chapter" of relation "enactment" does not exist
LINE 1: INSERT INTO enactment (source_document_id, chapter, chapter_...
                                                   ^ | WARN
[2026-06-02 02:58 PT] REINGEST | 1855 ch=123: INSERT error: psql error: ERROR:  column "chapter" of relation "enactment" does not exist
LINE 1: INSERT INTO enactment (source_document_id, chapter, chapter_...
                                                   ^ | WARN
[2026-06-02 02:58 PT] REINGEST | 1855 ch=125: INSERT error: psql error: ERROR:  column "chapter" of relation "enactment" does not exist
LINE 1: INSERT INTO enactment (source_document_id, chapter, chapter_...
                                                   ^ | WARN
[2026-06-02 02:58 PT] REINGEST | 1855 ch=127: INSERT error: psql error: ERROR:  column "chapter" of relation "enactment" does not exist
LINE 1: INSERT INTO enactment (source_document_id, chapter, chapter_...
                                                   ^ | WARN
[2026-06-02 02:58 PT] REINGEST | 1855 ch=128: INSERT error: psql error: ERROR:  column "chapter" of relation "enactment" does not exist
LINE 1: INSERT INTO enactment (source_document_id, chapter, chapter_...
                                                   ^ | WARN
[2026-06-02 02:58 PT] REINGEST | 1855 ch=129: INSERT error: psql error: ERROR:  column "chapter" of relation "enactment" does not exist
LINE 1: INSERT INTO enactment (source_document_id, chapter, chapter_...
                                                   ^ | WARN
[2026-06-02 02:58 PT] REINGEST | 1855 ch=130: INSERT error: psql error: ERROR:  column "chapter" of relation "enactment" does not exist
LINE 1: INSERT INTO enactment (source_document_id, chapter, chapter_...
                                                   ^ | WARN
[2026-06-02 02:58 PT] REINGEST | 1855 ch=131: INSERT error: psql error: ERROR:  column "chapter" of relation "enactment" does not exist
LINE 1: INSERT INTO enactment (source_document_id, chapter, chapter_...
                                                   ^ | WARN
[2026-06-02 02:58 PT] REINGEST | 1855 ch=133: INSERT error: psql error: ERROR:  column "chapter" of relation "enactment" does not exist
LINE 1: INSERT INTO enactment (source_document_id, chapter, chapter_...
                                                   ^ | WARN
[2026-06-02 02:58 PT] REINGEST | 1855 ch=134: INSERT error: psql error: ERROR:  column "chapter" of relation "enactment" does not exist
LINE 1: INSERT INTO enactment (source_document_id, chapter, chapter_...
                                                   ^ | WARN
[2026-06-02 02:58 PT] REINGEST | 1855 ch=136: INSERT error: psql error: ERROR:  column "chapter" of relation "enactment" does not exist
LINE 1: INSERT INTO enactment (source_document_id, chapter, chapter_...
                                                   ^ | WARN
[2026-06-02 02:58 PT] REINGEST | 1855 ch=137: INSERT error: psql error: ERROR:  column "chapter" of relation "enactment" does not exist
LINE 1: INSERT INTO enactment (source_document_id, chapter, chapter_...
                                                   ^ | WARN
[2026-06-02 02:58 PT] REINGEST | 1855 ch=138: INSERT error: psql error: ERROR:  column "chapter" of relation "enactment" does not exist
LINE 1: INSERT INTO enactment (source_document_id, chapter, chapter_...
                                                   ^ | WARN
[2026-06-02 02:58 PT] REINGEST | 1855 ch=140: INSERT error: psql error: ERROR:  column "chapter" of relation "enactment" does not exist
LINE 1: INSERT INTO enactment (source_document_id, chapter, chapter_...
                                                   ^ | WARN
[2026-06-02 02:58 PT] REINGEST | 1855 ch=141: INSERT error: psql error: ERROR:  column "chapter" of relation "enactment" does not exist
LINE 1: INSERT INTO enactment (source_document_id, chapter, chapter_...
                                                   ^ | WARN
[2026-06-02 02:58 PT] REINGEST | 1855 ch=142: INSERT error: psql error: ERROR:  column "chapter" of relation "enactment" does not exist
LINE 1: INSERT INTO enactment (source_document_id, chapter, chapter_...
                                                   ^ | WARN
[2026-06-02 02:58 PT] REINGEST | 1855 ch=143: INSERT error: psql error: ERROR:  column "chapter" of relation "enactment" does not exist
LINE 1: INSERT INTO enactment (source_document_id, chapter, chapter_...
                                                   ^ | WARN
[2026-06-02 02:58 PT] REINGEST | 1855 ch=144: INSERT error: psql error: ERROR:  column "chapter" of relation "enactment" does not exist
LINE 1: INSERT INTO enactment (source_document_id, chapter, chapter_...
                                                   ^ | WARN
[2026-06-02 02:58 PT] REINGEST | 1855 ch=194: INSERT error: psql error: ERROR:  column "chapter" of relation "enactment" does not exist
LINE 1: INSERT INTO enactment (source_document_id, chapter, chapter_...
                                                   ^ | WARN
[2026-06-02 02:58 PT] REINGEST | 1855 ch=148: INSERT error: psql error: ERROR:  column "chapter" of relation "enactment" does not exist
LINE 1: INSERT INTO enactment (source_document_id, chapter, chapter_...
                                                   ^ | WARN
[2026-06-02 02:58 PT] REINGEST | 1855 ch=150: INSERT error: psql error: ERROR:  column "chapter" of relation "enactment" does not exist
LINE 1: INSERT INTO enactment (source_document_id, chapter, chapter_...
                                                   ^ | WARN
[2026-06-02 02:58 PT] REINGEST | 1855 ch=151: INSERT error: psql error: ERROR:  column "chapter" of relation "enactment" does not exist
LINE 1: INSERT INTO enactment (source_document_id, chapter, chapter_...
                                                   ^ | WARN
[2026-06-02 02:58 PT] REINGEST | 1855 ch=152: INSERT error: psql error: ERROR:  column "chapter" of relation "enactment" does not exist
LINE 1: INSERT INTO enactment (source_document_id, chapter, chapter_...
                                                   ^ | WARN
[2026-06-02 02:58 PT] REINGEST | 1855 ch=153: INSERT error: psql error: ERROR:  column "chapter" of relation "enactment" does not exist
LINE 1: INSERT INTO enactment (source_document_id, chapter, chapter_...
                                                   ^ | WARN
[2026-06-02 02:58 PT] REINGEST | 1855 ch=154: INSERT error: psql error: ERROR:  column "chapter" of relation "enactment" does not exist
LINE 1: INSERT INTO enactment (source_document_id, chapter, chapter_...
                                                   ^ | WARN
[2026-06-02 02:58 PT] REINGEST | 1855 ch=160: INSERT error: psql error: ERROR:  column "chapter" of relation "enactment" does not exist
LINE 1: INSERT INTO enactment (source_document_id, chapter, chapter_...
                                                   ^ | WARN
[2026-06-02 02:58 PT] REINGEST | 1855 ch=161: INSERT error: psql error: ERROR:  column "chapter" of relation "enactment" does not exist
LINE 1: INSERT INTO enactment (source_document_id, chapter, chapter_...
                                                   ^ | WARN
[2026-06-02 02:58 PT] REINGEST | 1855 ch=162: INSERT error: psql error: ERROR:  column "chapter" of relation "enactment" does not exist
LINE 1: INSERT INTO enactment (source_document_id, chapter, chapter_...
                                                   ^ | WARN
[2026-06-02 02:58 PT] REINGEST | 1855 ch=163: INSERT error: psql error: ERROR:  column "chapter" of relation "enactment" does not exist
LINE 1: INSERT INTO enactment (source_document_id, chapter, chapter_...
                                                   ^ | WARN
[2026-06-02 02:58 PT] REINGEST | 1855 ch=171: INSERT error: psql error: ERROR:  column "chapter" of relation "enactment" does not exist
LINE 1: INSERT INTO enactment (source_document_id, chapter, chapter_...
                                                   ^ | WARN
[2026-06-02 02:58 PT] REINGEST | 1855 ch=173: INSERT error: psql error: ERROR:  column "chapter" of relation "enactment" does not exist
LINE 1: INSERT INTO enactment (source_document_id, chapter, chapter_...
                                                   ^ | WARN
[2026-06-02 02:58 PT] REINGEST | 1855 ch=174: INSERT error: psql error: ERROR:  column "chapter" of relation "enactment" does not exist
LINE 1: INSERT INTO enactment (source_document_id, chapter, chapter_...
                                                   ^ | WARN
[2026-06-02 02:58 PT] REINGEST | 1855 ch=176: INSERT error: psql error: ERROR:  column "chapter" of relation "enactment" does not exist
LINE 1: INSERT INTO enactment (source_document_id, chapter, chapter_...
                                                   ^ | WARN
[2026-06-02 02:58 PT] REINGEST | 1855 ch=177: INSERT error: psql error: ERROR:  column "chapter" of relation "enactment" does not exist
LINE 1: INSERT INTO enactment (source_document_id, chapter, chapter_...
                                                   ^ | WARN
[2026-06-02 02:58 PT] REINGEST | 1855 ch=178: INSERT error: psql error: ERROR:  column "chapter" of relation "enactment" does not exist
LINE 1: INSERT INTO enactment (source_document_id, chapter, chapter_...
                                                   ^ | WARN
[2026-06-02 02:58 PT] REINGEST | 1855 ch=182: INSERT error: psql error: ERROR:  column "chapter" of relation "enactment" does not exist
LINE 1: INSERT INTO enactment (source_document_id, chapter, chapter_...
                                                   ^ | WARN
[2026-06-02 02:58 PT] REINGEST | 1855 ch=183: INSERT error: psql error: ERROR:  column "chapter" of relation "enactment" does not exist
LINE 1: INSERT INTO enactment (source_document_id, chapter, chapter_...
                                                   ^ | WARN
[2026-06-02 02:58 PT] REINGEST | 1855 ch=185: INSERT error: psql error: ERROR:  column "chapter" of relation "enactment" does not exist
LINE 1: INSERT INTO enactment (source_document_id, chapter, chapter_...
                                                   ^ | WARN
[2026-06-02 02:58 PT] REINGEST | 1855 ch=186: INSERT error: psql error: ERROR:  column "chapter" of relation "enactment" does not exist
LINE 1: INSERT INTO enactment (source_document_id, chapter, chapter_...
                                                   ^ | WARN
[2026-06-02 02:58 PT] REINGEST | 1855 ch=187: INSERT error: psql error: ERROR:  column "chapter" of relation "enactment" does not exist
LINE 1: INSERT INTO enactment (source_document_id, chapter, chapter_...
                                                   ^ | WARN
[2026-06-02 02:58 PT] REINGEST | 1855 ch=189: INSERT error: psql error: ERROR:  column "chapter" of relation "enactment" does not exist
LINE 1: INSERT INTO enactment (source_document_id, chapter, chapter_...
                                                   ^ | WARN
[2026-06-02 02:58 PT] REINGEST | 1855 ch=190: INSERT error: psql error: ERROR:  column "chapter" of relation "enactment" does not exist
LINE 1: INSERT INTO enactment (source_document_id, chapter, chapter_...
                                                   ^ | WARN
[2026-06-02 02:58 PT] REINGEST | 1855 ch=193: INSERT error: psql error: ERROR:  column "chapter" of relation "enactment" does not exist
LINE 1: INSERT INTO enactment (source_document_id, chapter, chapter_...
                                                   ^ | WARN
[2026-06-02 02:58 PT] REINGEST | 1855 ch=195: INSERT error: psql error: ERROR:  column "chapter" of relation "enactment" does not exist
LINE 1: INSERT INTO enactment (source_document_id, chapter, chapter_...
                                                   ^ | WARN
[2026-06-02 02:58 PT] REINGEST | 1855 ch=196: INSERT error: psql error: ERROR:  column "chapter" of relation "enactment" does not exist
LINE 1: INSERT INTO enactment (source_document_id, chapter, chapter_...
                                                   ^ | WARN
[2026-06-02 02:58 PT] REINGEST | 1855 ch=197: INSERT error: psql error: ERROR:  column "chapter" of relation "enactment" does not exist
LINE 1: INSERT INTO enactment (source_document_id, chapter, chapter_...
                                                   ^ | WARN
[2026-06-02 02:58 PT] REINGEST | 1855 ch=198: INSERT error: psql error: ERROR:  column "chapter" of relation "enactment" does not exist
LINE 1: INSERT INTO enactment (source_document_id, chapter, chapter_...
                                                   ^ | WARN
[2026-06-02 02:58 PT] REINGEST | 1855 ch=199: INSERT error: psql error: ERROR:  column "chapter" of relation "enactment" does not exist
LINE 1: INSERT INTO enactment (source_document_id, chapter, chapter_...
                                                   ^ | WARN
[2026-06-02 02:58 PT] REINGEST | 1855 ch=200: INSERT error: psql error: ERROR:  column "chapter" of relation "enactment" does not exist
LINE 1: INSERT INTO enactment (source_document_id, chapter, chapter_...
                                                   ^ | WARN
[2026-06-02 02:58 PT] REINGEST | 1855 ch=201: INSERT error: psql error: ERROR:  column "chapter" of relation "enactment" does not exist
LINE 1: INSERT INTO enactment (source_document_id, chapter, chapter_...
                                                   ^ | WARN
[2026-06-02 02:58 PT] REINGEST | 1855 ch=203: INSERT error: psql error: ERROR:  column "chapter" of relation "enactment" does not exist
LINE 1: INSERT INTO enactment (source_document_id, chapter, chapter_...
                                                   ^ | WARN
[2026-06-02 02:58 PT] REINGEST | 1855 ch=206: INSERT error: psql error: ERROR:  column "chapter" of relation "enactment" does not exist
LINE 1: INSERT INTO enactment (source_document_id, chapter, chapter_...
                                                   ^ | WARN
[2026-06-02 02:58 PT] REINGEST | 1855 ch=209: INSERT error: psql error: ERROR:  column "chapter" of relation "enactment" does not exist
LINE 1: INSERT INTO enactment (source_document_id, chapter, chapter_...
                                                   ^ | WARN
[2026-06-02 02:58 PT] REINGEST | 1855 ch=210: INSERT error: psql error: ERROR:  column "chapter" of relation "enactment" does not exist
LINE 1: INSERT INTO enactment (source_document_id, chapter, chapter_...
                                                   ^ | WARN
[2026-06-02 02:58 PT] REINGEST | 1855 ch=211: INSERT error: psql error: ERROR:  column "chapter" of relation "enactment" does not exist
LINE 1: INSERT INTO enactment (source_document_id, chapter, chapter_...
                                                   ^ | WARN
[2026-06-02 02:58 PT] REINGEST | 1855 ch=213: INSERT error: psql error: ERROR:  column "chapter" of relation "enactment" does not exist
LINE 1: INSERT INTO enactment (source_document_id, chapter, chapter_...
                                                   ^ | WARN
[2026-06-02 02:58 PT] REINGEST | 1855 ch=214: INSERT error: psql error: ERROR:  column "chapter" of relation "enactment" does not exist
LINE 1: INSERT INTO enactment (source_document_id, chapter, chapter_...
                                                   ^ | WARN
[2026-06-02 02:58 PT] REINGEST | 1855 ch=216: INSERT error: psql error: ERROR:  column "chapter" of relation "enactment" does not exist
LINE 1: INSERT INTO enactment (source_document_id, chapter, chapter_...
                                                   ^ | WARN
[2026-06-02 02:58 PT] REINGEST | 1855 ch=217: INSERT error: psql error: ERROR:  column "chapter" of relation "enactment" does not exist
LINE 1: INSERT INTO enactment (source_document_id, chapter, chapter_...
                                                   ^ | WARN
[2026-06-02 02:58 PT] REINGEST | 1855 ch=219: INSERT error: psql error: ERROR:  column "chapter" of relation "enactment" does not exist
LINE 1: INSERT INTO enactment (source_document_id, chapter, chapter_...
                                                   ^ | WARN
[2026-06-02 02:58 PT] REINGEST | 1855 ch=220: INSERT error: psql error: ERROR:  column "chapter" of relation "enactment" does not exist
LINE 1: INSERT INTO enactment (source_document_id, chapter, chapter_...
                                                   ^ | WARN
[2026-06-02 02:58 PT] REINGEST | 1855 ch=222: INSERT error: psql error: ERROR:  column "chapter" of relation "enactment" does not exist
LINE 1: INSERT INTO enactment (source_document_id, chapter, chapter_...
                                                   ^ | WARN
[2026-06-02 02:58 PT] REINGEST | 1855 ch=224: INSERT error: psql error: ERROR:  column "chapter" of relation "enactment" does not exist
LINE 1: INSERT INTO enactment (source_document_id, chapter, chapter_...
                                                   ^ | WARN
[2026-06-02 02:58 PT] REINGEST | 1855 ch=227: INSERT error: psql error: ERROR:  column "chapter" of relation "enactment" does not exist
LINE 1: INSERT INTO enactment (source_document_id, chapter, chapter_...
                                                   ^ | WARN
[2026-06-02 02:58 PT] REINGEST | 1855: inserted=0 skipped(dup)=0 errors=142 | WARN
[2026-06-02 02:58 PT] REINGEST | 1856: source_document id=7 | ingesting 90 confident acts | OK
[2026-06-02 02:58 PT] REINGEST | 1856 ch=150: INSERT error: psql error: ERROR:  column "chapter" of relation "enactment" does not exist
LINE 1: INSERT INTO enactment (source_document_id, chapter, chapter_...
                                                   ^ | WARN
[2026-06-02 02:58 PT] REINGEST | 1856 ch=1: INSERT error: psql error: ERROR:  column "chapter" of relation "enactment" does not exist
LINE 1: INSERT INTO enactment (source_document_id, chapter, chapter_...
                                                   ^ | WARN
[2026-06-02 02:58 PT] REINGEST | 1856 ch=4: INSERT error: psql error: ERROR:  column "chapter" of relation "enactment" does not exist
LINE 1: INSERT INTO enactment (source_document_id, chapter, chapter_...
                                                   ^ | WARN
[2026-06-02 02:58 PT] REINGEST | 1856 ch=5: INSERT error: psql error: ERROR:  column "chapter" of relation "enactment" does not exist
LINE 1: INSERT INTO enactment (source_document_id, chapter, chapter_...
                                                   ^ | WARN
[2026-06-02 02:58 PT] REINGEST | 1856 ch=7: INSERT error: psql error: ERROR:  column "chapter" of relation "enactment" does not exist
LINE 1: INSERT INTO enactment (source_document_id, chapter, chapter_...
                                                   ^ | WARN
[2026-06-02 02:58 PT] REINGEST | 1856 ch=8: INSERT error: psql error: ERROR:  column "chapter" of relation "enactment" does not exist
LINE 1: INSERT INTO enactment (source_document_id, chapter, chapter_...
                                                   ^ | WARN
[2026-06-02 02:58 PT] REINGEST | 1856 ch=9: INSERT error: psql error: ERROR:  column "chapter" of relation "enactment" does not exist
LINE 1: INSERT INTO enactment (source_document_id, chapter, chapter_...
                                                   ^ | WARN
[2026-06-02 02:58 PT] REINGEST | 1856 ch=10: INSERT error: psql error: ERROR:  column "chapter" of relation "enactment" does not exist
LINE 1: INSERT INTO enactment (source_document_id, chapter, chapter_...
                                                   ^ | WARN
[2026-06-02 02:58 PT] REINGEST | 1856 ch=11: INSERT error: psql error: ERROR:  column "chapter" of relation "enactment" does not exist
LINE 1: INSERT INTO enactment (source_document_id, chapter, chapter_...
                                                   ^ | WARN
[2026-06-02 02:58 PT] REINGEST | 1856 ch=13: INSERT error: psql error: ERROR:  column "chapter" of relation "enactment" does not exist
LINE 1: INSERT INTO enactment (source_document_id, chapter, chapter_...
                                                   ^ | WARN
[2026-06-02 02:58 PT] REINGEST | 1856 ch=15: INSERT error: psql error: ERROR:  column "chapter" of relation "enactment" does not exist
LINE 1: INSERT INTO enactment (source_document_id, chapter, chapter_...
                                                   ^ | WARN
[2026-06-02 02:58 PT] REINGEST | 1856 ch=16: INSERT error: psql error: ERROR:  column "chapter" of relation "enactment" does not exist
LINE 1: INSERT INTO enactment (source_document_id, chapter, chapter_...
                                                   ^ | WARN
[2026-06-02 02:58 PT] REINGEST | 1856 ch=17: INSERT error: psql error: ERROR:  column "chapter" of relation "enactment" does not exist
LINE 1: INSERT INTO enactment (source_document_id, chapter, chapter_...
                                                   ^ | WARN
[2026-06-02 02:58 PT] REINGEST | 1856 ch=18: INSERT error: psql error: ERROR:  column "chapter" of relation "enactment" does not exist
LINE 1: INSERT INTO enactment (source_document_id, chapter, chapter_...
                                                   ^ | WARN
[2026-06-02 02:58 PT] REINGEST | 1856 ch=22: INSERT error: psql error: ERROR:  column "chapter" of relation "enactment" does not exist
LINE 1: INSERT INTO enactment (source_document_id, chapter, chapter_...
                                                   ^ | WARN
[2026-06-02 02:58 PT] REINGEST | 1856 ch=23: INSERT error: psql error: ERROR:  column "chapter" of relation "enactment" does not exist
LINE 1: INSERT INTO enactment (source_document_id, chapter, chapter_...
                                                   ^ | WARN
[2026-06-02 02:58 PT] REINGEST | 1856 ch=24: INSERT error: psql error: ERROR:  column "chapter" of relation "enactment" does not exist
LINE 1: INSERT INTO enactment (source_document_id, chapter, chapter_...
                                                   ^ | WARN
[2026-06-02 02:58 PT] REINGEST | 1856 ch=36: INSERT error: psql error: ERROR:  column "chapter" of relation "enactment" does not exist
LINE 1: INSERT INTO enactment (source_document_id, chapter, chapter_...
                                                   ^ | WARN
[2026-06-02 02:58 PT] REINGEST | 1856 ch=28: INSERT error: psql error: ERROR:  column "chapter" of relation "enactment" does not exist
LINE 1: INSERT INTO enactment (source_document_id, chapter, chapter_...
                                                   ^ | WARN
[2026-06-02 02:58 PT] REINGEST | 1856 ch=28: INSERT error: psql error: ERROR:  column "chapter" of relation "enactment" does not exist
LINE 1: INSERT INTO enactment (source_document_id, chapter, chapter_...
                                                   ^ | WARN
[2026-06-02 02:58 PT] REINGEST | 1856 ch=29: INSERT error: psql error: ERROR:  column "chapter" of relation "enactment" does not exist
LINE 1: INSERT INTO enactment (source_document_id, chapter, chapter_...
                                                   ^ | WARN
[2026-06-02 02:58 PT] REINGEST | 1856 ch=30: INSERT error: psql error: ERROR:  column "chapter" of relation "enactment" does not exist
LINE 1: INSERT INTO enactment (source_document_id, chapter, chapter_...
                                                   ^ | WARN
[2026-06-02 02:58 PT] REINGEST | 1856 ch=31: INSERT error: psql error: ERROR:  column "chapter" of relation "enactment" does not exist
LINE 1: INSERT INTO enactment (source_document_id, chapter, chapter_...
                                                   ^ | WARN
[2026-06-02 02:58 PT] REINGEST | 1856 ch=32: INSERT error: psql error: ERROR:  column "chapter" of relation "enactment" does not exist
LINE 1: INSERT INTO enactment (source_document_id, chapter, chapter_...
                                                   ^ | WARN
[2026-06-02 02:58 PT] REINGEST | 1856 ch=37: INSERT error: psql error: ERROR:  column "chapter" of relation "enactment" does not exist
LINE 1: INSERT INTO enactment (source_document_id, chapter, chapter_...
                                                   ^ | WARN
[2026-06-02 02:58 PT] REINGEST | 1856 ch=38: INSERT error: psql error: ERROR:  column "chapter" of relation "enactment" does not exist
LINE 1: INSERT INTO enactment (source_document_id, chapter, chapter_...
                                                   ^ | WARN
[2026-06-02 02:58 PT] REINGEST | 1856 ch=42: INSERT error: psql error: ERROR:  column "chapter" of relation "enactment" does not exist
LINE 1: INSERT INTO enactment (source_document_id, chapter, chapter_...
                                                   ^ | WARN
[2026-06-02 02:58 PT] REINGEST | 1856 ch=45: INSERT error: psql error: ERROR:  column "chapter" of relation "enactment" does not exist
LINE 1: INSERT INTO enactment (source_document_id, chapter, chapter_...
                                                   ^ | WARN
[2026-06-02 02:58 PT] REINGEST | 1856 ch=46: INSERT error: psql error: ERROR:  column "chapter" of relation "enactment" does not exist
LINE 1: INSERT INTO enactment (source_document_id, chapter, chapter_...
                                                   ^ | WARN
[2026-06-02 02:58 PT] REINGEST | 1856 ch=47: INSERT error: psql error: ERROR:  column "chapter" of relation "enactment" does not exist
LINE 1: INSERT INTO enactment (source_document_id, chapter, chapter_...
                                                   ^ | WARN
[2026-06-02 02:58 PT] REINGEST | 1856 ch=49: INSERT error: psql error: ERROR:  column "chapter" of relation "enactment" does not exist
LINE 1: INSERT INTO enactment (source_document_id, chapter, chapter_...
                                                   ^ | WARN
[2026-06-02 02:58 PT] REINGEST | 1856 ch=50: INSERT error: psql error: ERROR:  column "chapter" of relation "enactment" does not exist
LINE 1: INSERT INTO enactment (source_document_id, chapter, chapter_...
                                                   ^ | WARN
[2026-06-02 02:58 PT] REINGEST | 1856 ch=52: INSERT error: psql error: ERROR:  column "chapter" of relation "enactment" does not exist
LINE 1: INSERT INTO enactment (source_document_id, chapter, chapter_...
                                                   ^ | WARN
[2026-06-02 02:58 PT] REINGEST | 1856 ch=55: INSERT error: psql error: ERROR:  column "chapter" of relation "enactment" does not exist
LINE 1: INSERT INTO enactment (source_document_id, chapter, chapter_...
                                                   ^ | WARN
[2026-06-02 02:58 PT] REINGEST | 1856 ch=58: INSERT error: psql error: ERROR:  column "chapter" of relation "enactment" does not exist
LINE 1: INSERT INTO enactment (source_document_id, chapter, chapter_...
                                                   ^ | WARN
[2026-06-02 02:58 PT] REINGEST | 1856 ch=62: INSERT error: psql error: ERROR:  column "chapter" of relation "enactment" does not exist
LINE 1: INSERT INTO enactment (source_document_id, chapter, chapter_...
                                                   ^ | WARN
[2026-06-02 02:58 PT] REINGEST | 1856 ch=67: INSERT error: psql error: ERROR:  column "chapter" of relation "enactment" does not exist
LINE 1: INSERT INTO enactment (source_document_id, chapter, chapter_...
                                                   ^ | WARN
[2026-06-02 02:58 PT] REINGEST | 1856 ch=68: INSERT error: psql error: ERROR:  column "chapter" of relation "enactment" does not exist
LINE 1: INSERT INTO enactment (source_document_id, chapter, chapter_...
                                                   ^ | WARN
[2026-06-02 02:58 PT] REINGEST | 1856 ch=69: INSERT error: psql error: ERROR:  column "chapter" of relation "enactment" does not exist
LINE 1: INSERT INTO enactment (source_document_id, chapter, chapter_...
                                                   ^ | WARN
[2026-06-02 02:58 PT] REINGEST | 1856 ch=72: INSERT error: psql error: ERROR:  column "chapter" of relation "enactment" does not exist
LINE 1: INSERT INTO enactment (source_document_id, chapter, chapter_...
                                                   ^ | WARN
[2026-06-02 02:58 PT] REINGEST | 1856 ch=74: INSERT error: psql error: ERROR:  column "chapter" of relation "enactment" does not exist
LINE 1: INSERT INTO enactment (source_document_id, chapter, chapter_...
                                                   ^ | WARN
[2026-06-02 02:58 PT] REINGEST | 1856 ch=76: INSERT error: psql error: ERROR:  column "chapter" of relation "enactment" does not exist
LINE 1: INSERT INTO enactment (source_document_id, chapter, chapter_...
                                                   ^ | WARN
[2026-06-02 02:58 PT] REINGEST | 1856 ch=77: INSERT error: psql error: ERROR:  column "chapter" of relation "enactment" does not exist
LINE 1: INSERT INTO enactment (source_document_id, chapter, chapter_...
                                                   ^ | WARN
[2026-06-02 02:58 PT] REINGEST | 1856 ch=78: INSERT error: psql error: ERROR:  column "chapter" of relation "enactment" does not exist
LINE 1: INSERT INTO enactment (source_document_id, chapter, chapter_...
                                                   ^ | WARN
[2026-06-02 02:58 PT] REINGEST | 1856 ch=80: INSERT error: psql error: ERROR:  column "chapter" of relation "enactment" does not exist
LINE 1: INSERT INTO enactment (source_document_id, chapter, chapter_...
                                                   ^ | WARN
[2026-06-02 02:58 PT] REINGEST | 1856 ch=82: INSERT error: psql error: ERROR:  column "chapter" of relation "enactment" does not exist
LINE 1: INSERT INTO enactment (source_document_id, chapter, chapter_...
                                                   ^ | WARN
[2026-06-02 02:58 PT] REINGEST | 1856 ch=83: INSERT error: psql error: ERROR:  column "chapter" of relation "enactment" does not exist
LINE 1: INSERT INTO enactment (source_document_id, chapter, chapter_...
                                                   ^ | WARN
[2026-06-02 02:58 PT] REINGEST | 1856 ch=84: INSERT error: psql error: ERROR:  column "chapter" of relation "enactment" does not exist
LINE 1: INSERT INTO enactment (source_document_id, chapter, chapter_...
                                                   ^ | WARN
[2026-06-02 02:58 PT] REINGEST | 1856 ch=86: INSERT error: psql error: ERROR:  column "chapter" of relation "enactment" does not exist
LINE 1: INSERT INTO enactment (source_document_id, chapter, chapter_...
                                                   ^ | WARN
[2026-06-02 02:58 PT] REINGEST | 1856 ch=89: INSERT error: psql error: ERROR:  column "chapter" of relation "enactment" does not exist
LINE 1: INSERT INTO enactment (source_document_id, chapter, chapter_...
                                                   ^ | WARN
[2026-06-02 02:58 PT] REINGEST | 1856 ch=90: INSERT error: psql error: ERROR:  column "chapter" of relation "enactment" does not exist
LINE 1: INSERT INTO enactment (source_document_id, chapter, chapter_...
                                                   ^ | WARN
[2026-06-02 02:58 PT] REINGEST | 1856 ch=92: INSERT error: psql error: ERROR:  column "chapter" of relation "enactment" does not exist
LINE 1: INSERT INTO enactment (source_document_id, chapter, chapter_...
                                                   ^ | WARN
[2026-06-02 02:58 PT] REINGEST | 1856 ch=93: INSERT error: psql error: ERROR:  column "chapter" of relation "enactment" does not exist
LINE 1: INSERT INTO enactment (source_document_id, chapter, chapter_...
                                                   ^ | WARN
[2026-06-02 02:58 PT] REINGEST | 1856 ch=94: INSERT error: psql error: ERROR:  column "chapter" of relation "enactment" does not exist
LINE 1: INSERT INTO enactment (source_document_id, chapter, chapter_...
                                                   ^ | WARN
[2026-06-02 02:58 PT] REINGEST | 1856 ch=95: INSERT error: psql error: ERROR:  column "chapter" of relation "enactment" does not exist
LINE 1: INSERT INTO enactment (source_document_id, chapter, chapter_...
                                                   ^ | WARN
[2026-06-02 02:58 PT] REINGEST | 1856 ch=96: INSERT error: psql error: ERROR:  column "chapter" of relation "enactment" does not exist
LINE 1: INSERT INTO enactment (source_document_id, chapter, chapter_...
                                                   ^ | WARN
[2026-06-02 02:58 PT] REINGEST | 1856 ch=97: INSERT error: psql error: ERROR:  column "chapter" of relation "enactment" does not exist
LINE 1: INSERT INTO enactment (source_document_id, chapter, chapter_...
                                                   ^ | WARN
[2026-06-02 02:58 PT] REINGEST | 1856 ch=98: INSERT error: psql error: ERROR:  column "chapter" of relation "enactment" does not exist
LINE 1: INSERT INTO enactment (source_document_id, chapter, chapter_...
                                                   ^ | WARN
[2026-06-02 02:58 PT] REINGEST | 1856 ch=100: INSERT error: psql error: ERROR:  column "chapter" of relation "enactment" does not exist
LINE 1: INSERT INTO enactment (source_document_id, chapter, chapter_...
                                                   ^ | WARN
[2026-06-02 02:58 PT] REINGEST | 1856 ch=101: INSERT error: psql error: ERROR:  column "chapter" of relation "enactment" does not exist
LINE 1: INSERT INTO enactment (source_document_id, chapter, chapter_...
                                                   ^ | WARN
[2026-06-02 02:58 PT] REINGEST | 1856 ch=103: INSERT error: psql error: ERROR:  column "chapter" of relation "enactment" does not exist
LINE 1: INSERT INTO enactment (source_document_id, chapter, chapter_...
                                                   ^ | WARN
[2026-06-02 02:58 PT] REINGEST | 1856 ch=104: INSERT error: psql error: ERROR:  column "chapter" of relation "enactment" does not exist
LINE 1: INSERT INTO enactment (source_document_id, chapter, chapter_...
                                                   ^ | WARN
[2026-06-02 02:58 PT] REINGEST | 1856 ch=105: INSERT error: psql error: ERROR:  column "chapter" of relation "enactment" does not exist
LINE 1: INSERT INTO enactment (source_document_id, chapter, chapter_...
                                                   ^ | WARN
[2026-06-02 02:58 PT] REINGEST | 1856 ch=106: INSERT error: psql error: ERROR:  column "chapter" of relation "enactment" does not exist
LINE 1: INSERT INTO enactment (source_document_id, chapter, chapter_...
                                                   ^ | WARN
[2026-06-02 02:58 PT] REINGEST | 1856 ch=111: INSERT error: psql error: ERROR:  column "chapter" of relation "enactment" does not exist
LINE 1: INSERT INTO enactment (source_document_id, chapter, chapter_...
                                                   ^ | WARN
[2026-06-02 02:58 PT] REINGEST | 1856 ch=114: INSERT error: psql error: ERROR:  column "chapter" of relation "enactment" does not exist
LINE 1: INSERT INTO enactment (source_document_id, chapter, chapter_...
                                                   ^ | WARN
[2026-06-02 02:58 PT] REINGEST | 1856 ch=116: INSERT error: psql error: ERROR:  column "chapter" of relation "enactment" does not exist
LINE 1: INSERT INTO enactment (source_document_id, chapter, chapter_...
                                                   ^ | WARN
[2026-06-02 02:58 PT] REINGEST | 1856 ch=117: INSERT error: psql error: ERROR:  column "chapter" of relation "enactment" does not exist
LINE 1: INSERT INTO enactment (source_document_id, chapter, chapter_...
                                                   ^ | WARN
[2026-06-02 02:58 PT] REINGEST | 1856 ch=129: INSERT error: psql error: ERROR:  column "chapter" of relation "enactment" does not exist
LINE 1: INSERT INTO enactment (source_document_id, chapter, chapter_...
                                                   ^ | WARN
[2026-06-02 02:58 PT] REINGEST | 1856 ch=120: INSERT error: psql error: ERROR:  column "chapter" of relation "enactment" does not exist
LINE 1: INSERT INTO enactment (source_document_id, chapter, chapter_...
                                                   ^ | WARN
[2026-06-02 02:58 PT] REINGEST | 1856 ch=122: INSERT error: psql error: ERROR:  column "chapter" of relation "enactment" does not exist
LINE 1: INSERT INTO enactment (source_document_id, chapter, chapter_...
                                                   ^ | WARN
[2026-06-02 02:58 PT] REINGEST | 1856 ch=123: INSERT error: psql error: ERROR:  column "chapter" of relation "enactment" does not exist
LINE 1: INSERT INTO enactment (source_document_id, chapter, chapter_...
                                                   ^ | WARN
[2026-06-02 02:58 PT] REINGEST | 1856 ch=124: INSERT error: psql error: ERROR:  column "chapter" of relation "enactment" does not exist
LINE 1: INSERT INTO enactment (source_document_id, chapter, chapter_...
                                                   ^ | WARN
[2026-06-02 02:58 PT] REINGEST | 1856 ch=125: INSERT error: psql error: ERROR:  column "chapter" of relation "enactment" does not exist
LINE 1: INSERT INTO enactment (source_document_id, chapter, chapter_...
                                                   ^ | WARN
[2026-06-02 02:58 PT] REINGEST | 1856 ch=127: INSERT error: psql error: ERROR:  column "chapter" of relation "enactment" does not exist
LINE 1: INSERT INTO enactment (source_document_id, chapter, chapter_...
                                                   ^ | WARN
[2026-06-02 02:58 PT] REINGEST | 1856 ch=130: INSERT error: psql error: ERROR:  column "chapter" of relation "enactment" does not exist
LINE 1: INSERT INTO enactment (source_document_id, chapter, chapter_...
                                                   ^ | WARN
[2026-06-02 02:58 PT] REINGEST | 1856 ch=133: INSERT error: psql error: ERROR:  column "chapter" of relation "enactment" does not exist
LINE 1: INSERT INTO enactment (source_document_id, chapter, chapter_...
                                                   ^ | WARN
[2026-06-02 02:58 PT] REINGEST | 1856 ch=134: INSERT error: psql error: ERROR:  column "chapter" of relation "enactment" does not exist
LINE 1: INSERT INTO enactment (source_document_id, chapter, chapter_...
                                                   ^ | WARN
[2026-06-02 02:58 PT] REINGEST | 1856 ch=137: INSERT error: psql error: ERROR:  column "chapter" of relation "enactment" does not exist
LINE 1: INSERT INTO enactment (source_document_id, chapter, chapter_...
                                                   ^ | WARN
[2026-06-02 02:58 PT] REINGEST | 1856 ch=138: INSERT error: psql error: ERROR:  column "chapter" of relation "enactment" does not exist
LINE 1: INSERT INTO enactment (source_document_id, chapter, chapter_...
                                                   ^ | WARN
[2026-06-02 02:58 PT] REINGEST | 1856 ch=139: INSERT error: psql error: ERROR:  column "chapter" of relation "enactment" does not exist
LINE 1: INSERT INTO enactment (source_document_id, chapter, chapter_...
                                                   ^ | WARN
[2026-06-02 02:58 PT] REINGEST | 1856 ch=140: INSERT error: psql error: ERROR:  column "chapter" of relation "enactment" does not exist
LINE 1: INSERT INTO enactment (source_document_id, chapter, chapter_...
                                                   ^ | WARN
[2026-06-02 02:58 PT] REINGEST | 1856 ch=141: INSERT error: psql error: ERROR:  column "chapter" of relation "enactment" does not exist
LINE 1: INSERT INTO enactment (source_document_id, chapter, chapter_...
                                                   ^ | WARN
[2026-06-02 02:58 PT] REINGEST | 1856 ch=142: INSERT error: psql error: ERROR:  column "chapter" of relation "enactment" does not exist
LINE 1: INSERT INTO enactment (source_document_id, chapter, chapter_...
                                                   ^ | WARN
[2026-06-02 02:58 PT] REINGEST | 1856 ch=143: INSERT error: psql error: ERROR:  column "chapter" of relation "enactment" does not exist
LINE 1: INSERT INTO enactment (source_document_id, chapter, chapter_...
                                                   ^ | WARN
[2026-06-02 02:58 PT] REINGEST | 1856 ch=144: INSERT error: psql error: ERROR:  column "chapter" of relation "enactment" does not exist
LINE 1: INSERT INTO enactment (source_document_id, chapter, chapter_...
                                                   ^ | WARN
[2026-06-02 02:58 PT] REINGEST | 1856 ch=147: INSERT error: psql error: ERROR:  column "chapter" of relation "enactment" does not exist
LINE 1: INSERT INTO enactment (source_document_id, chapter, chapter_...
                                                   ^ | WARN
[2026-06-02 02:58 PT] REINGEST | 1856 ch=149: INSERT error: psql error: ERROR:  column "chapter" of relation "enactment" does not exist
LINE 1: INSERT INTO enactment (source_document_id, chapter, chapter_...
                                                   ^ | WARN
[2026-06-02 02:58 PT] REINGEST | 1856 ch=150: INSERT error: psql error: ERROR:  column "chapter" of relation "enactment" does not exist
LINE 1: INSERT INTO enactment (source_document_id, chapter, chapter_...
                                                   ^ | WARN
[2026-06-02 02:58 PT] REINGEST | 1856 ch=151: INSERT error: psql error: ERROR:  column "chapter" of relation "enactment" does not exist
LINE 1: INSERT INTO enactment (source_document_id, chapter, chapter_...
                                                   ^ | WARN
[2026-06-02 02:58 PT] REINGEST | 1856: inserted=0 skipped(dup)=0 errors=90 | WARN
[2026-06-02 02:58 PT] REINGEST | 1857: source_document id=8 | ingesting 174 confident acts | OK
[2026-06-02 02:58 PT] REINGEST | 1857 ch=1: INSERT error: psql error: ERROR:  column "chapter" of relation "enactment" does not exist
LINE 1: INSERT INTO enactment (source_document_id, chapter, chapter_...
                                                   ^ | WARN
[2026-06-02 02:58 PT] REINGEST | 1857 ch=2: INSERT error: psql error: ERROR:  column "chapter" of relation "enactment" does not exist
LINE 1: INSERT INTO enactment (source_document_id, chapter, chapter_...
                                                   ^ | WARN
[2026-06-02 02:58 PT] REINGEST | 1857 ch=3: INSERT error: psql error: ERROR:  column "chapter" of relation "enactment" does not exist
LINE 1: INSERT INTO enactment (source_document_id, chapter, chapter_...
                                                   ^ | WARN
[2026-06-02 02:58 PT] REINGEST | 1857 ch=4: INSERT error: psql error: ERROR:  column "chapter" of relation "enactment" does not exist
LINE 1: INSERT INTO enactment (source_document_id, chapter, chapter_...
                                                   ^ | WARN
[2026-06-02 02:58 PT] REINGEST | 1857 ch=6: INSERT error: psql error: ERROR:  column "chapter" of relation "enactment" does not exist
LINE 1: INSERT INTO enactment (source_document_id, chapter, chapter_...
                                                   ^ | WARN
[2026-06-02 02:58 PT] REINGEST | 1857 ch=7: INSERT error: psql error: ERROR:  column "chapter" of relation "enactment" does not exist
LINE 1: INSERT INTO enactment (source_document_id, chapter, chapter_...
                                                   ^ | WARN
[2026-06-02 02:58 PT] REINGEST | 1857 ch=8: INSERT error: psql error: ERROR:  column "chapter" of relation "enactment" does not exist
LINE 1: INSERT INTO enactment (source_document_id, chapter, chapter_...
                                                   ^ | WARN
[2026-06-02 02:58 PT] REINGEST | 1857 ch=9: INSERT error: psql error: ERROR:  column "chapter" of relation "enactment" does not exist
LINE 1: INSERT INTO enactment (source_document_id, chapter, chapter_...
                                                   ^ | WARN
[2026-06-02 02:58 PT] REINGEST | 1857 ch=10: INSERT error: psql error: ERROR:  column "chapter" of relation "enactment" does not exist
LINE 1: INSERT INTO enactment (source_document_id, chapter, chapter_...
                                                   ^ | WARN
[2026-06-02 02:58 PT] REINGEST | 1857 ch=11: INSERT error: psql error: ERROR:  column "chapter" of relation "enactment" does not exist
LINE 1: INSERT INTO enactment (source_document_id, chapter, chapter_...
                                                   ^ | WARN
[2026-06-02 02:58 PT] REINGEST | 1857 ch=12: INSERT error: psql error: ERROR:  column "chapter" of relation "enactment" does not exist
LINE 1: INSERT INTO enactment (source_document_id, chapter, chapter_...
                                                   ^ | WARN
[2026-06-02 02:58 PT] REINGEST | 1857 ch=13: INSERT error: psql error: ERROR:  column "chapter" of relation "enactment" does not exist
LINE 1: INSERT INTO enactment (source_document_id, chapter, chapter_...
                                                   ^ | WARN
[2026-06-02 02:58 PT] REINGEST | 1857 ch=14: INSERT error: psql error: ERROR:  column "chapter" of relation "enactment" does not exist
LINE 1: INSERT INTO enactment (source_document_id, chapter, chapter_...
                                                   ^ | WARN
[2026-06-02 02:58 PT] REINGEST | 1857 ch=15: INSERT error: psql error: ERROR:  column "chapter" of relation "enactment" does not exist
LINE 1: INSERT INTO enactment (source_document_id, chapter, chapter_...
                                                   ^ | WARN
[2026-06-02 02:58 PT] REINGEST | 1857 ch=16: INSERT error: psql error: ERROR:  column "chapter" of relation "enactment" does not exist
LINE 1: INSERT INTO enactment (source_document_id, chapter, chapter_...
                                                   ^ | WARN
[2026-06-02 02:58 PT] REINGEST | 1857 ch=17: INSERT error: psql error: ERROR:  column "chapter" of relation "enactment" does not exist
LINE 1: INSERT INTO enactment (source_document_id, chapter, chapter_...
                                                   ^ | WARN
[2026-06-02 02:58 PT] REINGEST | 1857 ch=18: INSERT error: psql error: ERROR:  column "chapter" of relation "enactment" does not exist
LINE 1: INSERT INTO enactment (source_document_id, chapter, chapter_...
                                                   ^ | WARN
[2026-06-02 02:58 PT] REINGEST | 1857 ch=19: INSERT error: psql error: ERROR:  column "chapter" of relation "enactment" does not exist
LINE 1: INSERT INTO enactment (source_document_id, chapter, chapter_...
                                                   ^ | WARN
[2026-06-02 02:58 PT] REINGEST | 1857 ch=20: INSERT error: psql error: ERROR:  column "chapter" of relation "enactment" does not exist
LINE 1: INSERT INTO enactment (source_document_id, chapter, chapter_...
                                                   ^ | WARN
[2026-06-02 02:58 PT] REINGEST | 1857 ch=21: INSERT error: psql error: ERROR:  column "chapter" of relation "enactment" does not exist
LINE 1: INSERT INTO enactment (source_document_id, chapter, chapter_...
                                                   ^ | WARN
[2026-06-02 02:58 PT] REINGEST | 1857 ch=22: INSERT error: psql error: ERROR:  column "chapter" of relation "enactment" does not exist
LINE 1: INSERT INTO enactment (source_document_id, chapter, chapter_...
                                                   ^ | WARN
[2026-06-02 02:58 PT] REINGEST | 1857 ch=23: INSERT error: psql error: ERROR:  column "chapter" of relation "enactment" does not exist
LINE 1: INSERT INTO enactment (source_document_id, chapter, chapter_...
                                                   ^ | WARN
[2026-06-02 02:58 PT] REINGEST | 1857 ch=24: INSERT error: psql error: ERROR:  column "chapter" of relation "enactment" does not exist
LINE 1: INSERT INTO enactment (source_document_id, chapter, chapter_...
                                                   ^ | WARN
[2026-06-02 02:58 PT] REINGEST | 1857 ch=28: INSERT error: psql error: ERROR:  column "chapter" of relation "enactment" does not exist
LINE 1: INSERT INTO enactment (source_document_id, chapter, chapter_...
                                                   ^ | WARN
[2026-06-02 02:58 PT] REINGEST | 1857 ch=28: INSERT error: psql error: ERROR:  column "chapter" of relation "enactment" does not exist
LINE 1: INSERT INTO enactment (source_document_id, chapter, chapter_...
                                                   ^ | WARN
[2026-06-02 02:58 PT] REINGEST | 1857 ch=29: INSERT error: psql error: ERROR:  column "chapter" of relation "enactment" does not exist
LINE 1: INSERT INTO enactment (source_document_id, chapter, chapter_...
                                                   ^ | WARN
[2026-06-02 02:58 PT] REINGEST | 1857 ch=32: INSERT error: psql error: ERROR:  column "chapter" of relation "enactment" does not exist
LINE 1: INSERT INTO enactment (source_document_id, chapter, chapter_...
                                                   ^ | WARN
[2026-06-02 02:58 PT] REINGEST | 1857 ch=32: INSERT error: psql error: ERROR:  column "chapter" of relation "enactment" does not exist
LINE 1: INSERT INTO enactment (source_document_id, chapter, chapter_...
                                                   ^ | WARN
[2026-06-02 02:58 PT] REINGEST | 1857 ch=33: INSERT error: psql error: ERROR:  column "chapter" of relation "enactment" does not exist
LINE 1: INSERT INTO enactment (source_document_id, chapter, chapter_...
                                                   ^ | WARN
[2026-06-02 02:58 PT] REINGEST | 1857 ch=35: INSERT error: psql error: ERROR:  column "chapter" of relation "enactment" does not exist
LINE 1: INSERT INTO enactment (source_document_id, chapter, chapter_...
                                                   ^ | WARN
[2026-06-02 02:58 PT] REINGEST | 1857 ch=36: INSERT error: psql error: ERROR:  column "chapter" of relation "enactment" does not exist
LINE 1: INSERT INTO enactment (source_document_id, chapter, chapter_...
                                                   ^ | WARN
[2026-06-02 02:58 PT] REINGEST | 1857 ch=37: INSERT error: psql error: ERROR:  column "chapter" of relation "enactment" does not exist
LINE 1: INSERT INTO enactment (source_document_id, chapter, chapter_...
                                                   ^ | WARN
[2026-06-02 02:58 PT] REINGEST | 1857 ch=38: INSERT error: psql error: ERROR:  column "chapter" of relation "enactment" does not exist
LINE 1: INSERT INTO enactment (source_document_id, chapter, chapter_...
                                                   ^ | WARN
[2026-06-02 02:58 PT] REINGEST | 1857 ch=39: INSERT error: psql error: ERROR:  column "chapter" of relation "enactment" does not exist
LINE 1: INSERT INTO enactment (source_document_id, chapter, chapter_...
                                                   ^ | WARN
[2026-06-02 02:58 PT] REINGEST | 1857 ch=40: INSERT error: psql error: ERROR:  column "chapter" of relation "enactment" does not exist
LINE 1: INSERT INTO enactment (source_document_id, chapter, chapter_...
                                                   ^ | WARN
[2026-06-02 02:58 PT] REINGEST | 1857 ch=42: INSERT error: psql error: ERROR:  column "chapter" of relation "enactment" does not exist
LINE 1: INSERT INTO enactment (source_document_id, chapter, chapter_...
                                                   ^ | WARN
[2026-06-02 02:58 PT] REINGEST | 1857 ch=43: INSERT error: psql error: ERROR:  column "chapter" of relation "enactment" does not exist
LINE 1: INSERT INTO enactment (source_document_id, chapter, chapter_...
                                                   ^ | WARN
[2026-06-02 02:58 PT] REINGEST | 1857 ch=45: INSERT error: psql error: ERROR:  column "chapter" of relation "enactment" does not exist
LINE 1: INSERT INTO enactment (source_document_id, chapter, chapter_...
                                                   ^ | WARN
[2026-06-02 02:58 PT] REINGEST | 1857 ch=47: INSERT error: psql error: ERROR:  column "chapter" of relation "enactment" does not exist
LINE 1: INSERT INTO enactment (source_document_id, chapter, chapter_...
                                                   ^ | WARN
[2026-06-02 02:58 PT] REINGEST | 1857 ch=49: INSERT error: psql error: ERROR:  column "chapter" of relation "enactment" does not exist
LINE 1: INSERT INTO enactment (source_document_id, chapter, chapter_...
                                                   ^ | WARN
[2026-06-02 02:58 PT] REINGEST | 1857 ch=50: INSERT error: psql error: ERROR:  column "chapter" of relation "enactment" does not exist
LINE 1: INSERT INTO enactment (source_document_id, chapter, chapter_...
                                                   ^ | WARN
[2026-06-02 02:58 PT] REINGEST | 1857 ch=51: INSERT error: psql error: ERROR:  column "chapter" of relation "enactment" does not exist
LINE 1: INSERT INTO enactment (source_document_id, chapter, chapter_...
                                                   ^ | WARN
[2026-06-02 02:58 PT] REINGEST | 1857 ch=52: INSERT error: psql error: ERROR:  column "chapter" of relation "enactment" does not exist
LINE 1: INSERT INTO enactment (source_document_id, chapter, chapter_...
                                                   ^ | WARN
[2026-06-02 02:58 PT] REINGEST | 1857 ch=53: INSERT error: psql error: ERROR:  column "chapter" of relation "enactment" does not exist
LINE 1: INSERT INTO enactment (source_document_id, chapter, chapter_...
                                                   ^ | WARN
[2026-06-02 02:58 PT] REINGEST | 1857 ch=57: INSERT error: psql error: ERROR:  column "chapter" of relation "enactment" does not exist
LINE 1: INSERT INTO enactment (source_document_id, chapter, chapter_...
                                                   ^ | WARN
[2026-06-02 02:58 PT] REINGEST | 1857 ch=59: INSERT error: psql error: ERROR:  column "chapter" of relation "enactment" does not exist
LINE 1: INSERT INTO enactment (source_document_id, chapter, chapter_...
                                                   ^ | WARN
[2026-06-02 02:58 PT] REINGEST | 1857 ch=60: INSERT error: psql error: ERROR:  column "chapter" of relation "enactment" does not exist
LINE 1: INSERT INTO enactment (source_document_id, chapter, chapter_...
                                                   ^ | WARN
[2026-06-02 02:58 PT] REINGEST | 1857 ch=61: INSERT error: psql error: ERROR:  column "chapter" of relation "enactment" does not exist
LINE 1: INSERT INTO enactment (source_document_id, chapter, chapter_...
                                                   ^ | WARN
[2026-06-02 02:58 PT] REINGEST | 1857 ch=62: INSERT error: psql error: ERROR:  column "chapter" of relation "enactment" does not exist
LINE 1: INSERT INTO enactment (source_document_id, chapter, chapter_...
                                                   ^ | WARN
[2026-06-02 02:58 PT] REINGEST | 1857 ch=63: INSERT error: psql error: ERROR:  column "chapter" of relation "enactment" does not exist
LINE 1: INSERT INTO enactment (source_document_id, chapter, chapter_...
                                                   ^ | WARN
[2026-06-02 02:58 PT] REINGEST | 1857 ch=64: INSERT error: psql error: ERROR:  column "chapter" of relation "enactment" does not exist
LINE 1: INSERT INTO enactment (source_document_id, chapter, chapter_...
                                                   ^ | WARN
[2026-06-02 02:58 PT] REINGEST | 1857 ch=65: INSERT error: psql error: ERROR:  column "chapter" of relation "enactment" does not exist
LINE 1: INSERT INTO enactment (source_document_id, chapter, chapter_...
                                                   ^ | WARN
[2026-06-02 02:58 PT] REINGEST | 1857 ch=66: INSERT error: psql error: ERROR:  column "chapter" of relation "enactment" does not exist
LINE 1: INSERT INTO enactment (source_document_id, chapter, chapter_...
                                                   ^ | WARN
[2026-06-02 02:58 PT] REINGEST | 1857 ch=67: INSERT error: psql error: ERROR:  column "chapter" of relation "enactment" does not exist
LINE 1: INSERT INTO enactment (source_document_id, chapter, chapter_...
                                                   ^ | WARN
[2026-06-02 02:58 PT] REINGEST | 1857 ch=69: INSERT error: psql error: ERROR:  column "chapter" of relation "enactment" does not exist
LINE 1: INSERT INTO enactment (source_document_id, chapter, chapter_...
                                                   ^ | WARN
[2026-06-02 02:58 PT] REINGEST | 1857 ch=70: INSERT error: psql error: ERROR:  column "chapter" of relation "enactment" does not exist
LINE 1: INSERT INTO enactment (source_document_id, chapter, chapter_...
                                                   ^ | WARN
[2026-06-02 02:58 PT] REINGEST | 1857 ch=71: INSERT error: psql error: ERROR:  column "chapter" of relation "enactment" does not exist
LINE 1: INSERT INTO enactment (source_document_id, chapter, chapter_...
                                                   ^ | WARN
[2026-06-02 02:58 PT] REINGEST | 1857 ch=72: INSERT error: psql error: ERROR:  column "chapter" of relation "enactment" does not exist
LINE 1: INSERT INTO enactment (source_document_id, chapter, chapter_...
                                                   ^ | WARN
[2026-06-02 02:58 PT] REINGEST | 1857 ch=73: INSERT error: psql error: ERROR:  column "chapter" of relation "enactment" does not exist
LINE 1: INSERT INTO enactment (source_document_id, chapter, chapter_...
                                                   ^ | WARN
[2026-06-02 02:58 PT] REINGEST | 1857 ch=74: INSERT error: psql error: ERROR:  column "chapter" of relation "enactment" does not exist
LINE 1: INSERT INTO enactment (source_document_id, chapter, chapter_...
                                                   ^ | WARN
[2026-06-02 02:58 PT] REINGEST | 1857 ch=76: INSERT error: psql error: ERROR:  column "chapter" of relation "enactment" does not exist
LINE 1: INSERT INTO enactment (source_document_id, chapter, chapter_...
                                                   ^ | WARN
[2026-06-02 02:58 PT] REINGEST | 1857 ch=78: INSERT error: psql error: ERROR:  column "chapter" of relation "enactment" does not exist
LINE 1: INSERT INTO enactment (source_document_id, chapter, chapter_...
                                                   ^ | WARN
[2026-06-02 02:58 PT] REINGEST | 1857 ch=79: INSERT error: psql error: ERROR:  column "chapter" of relation "enactment" does not exist
LINE 1: INSERT INTO enactment (source_document_id, chapter, chapter_...
                                                   ^ | WARN
[2026-06-02 02:58 PT] REINGEST | 1857 ch=81: INSERT error: psql error: ERROR:  column "chapter" of relation "enactment" does not exist
LINE 1: INSERT INTO enactment (source_document_id, chapter, chapter_...
                                                   ^ | WARN
[2026-06-02 02:58 PT] REINGEST | 1857 ch=83: INSERT error: psql error: ERROR:  column "chapter" of relation "enactment" does not exist
LINE 1: INSERT INTO enactment (source_document_id, chapter, chapter_...
                                                   ^ | WARN
[2026-06-02 02:58 PT] REINGEST | 1857 ch=84: INSERT error: psql error: ERROR:  column "chapter" of relation "enactment" does not exist
LINE 1: INSERT INTO enactment (source_document_id, chapter, chapter_...
                                                   ^ | WARN
[2026-06-02 02:58 PT] REINGEST | 1857 ch=90: INSERT error: psql error: ERROR:  column "chapter" of relation "enactment" does not exist
LINE 1: INSERT INTO enactment (source_document_id, chapter, chapter_...
                                                   ^ | WARN
[2026-06-02 02:58 PT] REINGEST | 1857 ch=140: INSERT error: psql error: ERROR:  column "chapter" of relation "enactment" does not exist
LINE 1: INSERT INTO enactment (source_document_id, chapter, chapter_...
                                                   ^ | WARN
[2026-06-02 02:58 PT] REINGEST | 1857 ch=92: INSERT error: psql error: ERROR:  column "chapter" of relation "enactment" does not exist
LINE 1: INSERT INTO enactment (source_document_id, chapter, chapter_...
                                                   ^ | WARN
[2026-06-02 02:58 PT] REINGEST | 1857 ch=93: INSERT error: psql error: ERROR:  column "chapter" of relation "enactment" does not exist
LINE 1: INSERT INTO enactment (source_document_id, chapter, chapter_...
                                                   ^ | WARN
[2026-06-02 02:58 PT] REINGEST | 1857 ch=94: INSERT error: psql error: ERROR:  column "chapter" of relation "enactment" does not exist
LINE 1: INSERT INTO enactment (source_document_id, chapter, chapter_...
                                                   ^ | WARN
[2026-06-02 02:58 PT] REINGEST | 1857 ch=97: INSERT error: psql error: ERROR:  column "chapter" of relation "enactment" does not exist
LINE 1: INSERT INTO enactment (source_document_id, chapter, chapter_...
                                                   ^ | WARN
[2026-06-02 02:58 PT] REINGEST | 1857 ch=99: INSERT error: psql error: ERROR:  column "chapter" of relation "enactment" does not exist
LINE 1: INSERT INTO enactment (source_document_id, chapter, chapter_...
                                                   ^ | WARN
[2026-06-02 02:58 PT] REINGEST | 1857 ch=101: INSERT error: psql error: ERROR:  column "chapter" of relation "enactment" does not exist
LINE 1: INSERT INTO enactment (source_document_id, chapter, chapter_...
                                                   ^ | WARN
[2026-06-02 02:58 PT] REINGEST | 1857 ch=102: INSERT error: psql error: ERROR:  column "chapter" of relation "enactment" does not exist
LINE 1: INSERT INTO enactment (source_document_id, chapter, chapter_...
                                                   ^ | WARN
[2026-06-02 02:58 PT] REINGEST | 1857 ch=153: INSERT error: psql error: ERROR:  column "chapter" of relation "enactment" does not exist
LINE 1: INSERT INTO enactment (source_document_id, chapter, chapter_...
                                                   ^ | WARN
[2026-06-02 02:58 PT] REINGEST | 1857 ch=104: INSERT error: psql error: ERROR:  column "chapter" of relation "enactment" does not exist
LINE 1: INSERT INTO enactment (source_document_id, chapter, chapter_...
                                                   ^ | WARN
[2026-06-02 02:58 PT] REINGEST | 1857 ch=106: INSERT error: psql error: ERROR:  column "chapter" of relation "enactment" does not exist
LINE 1: INSERT INTO enactment (source_document_id, chapter, chapter_...
                                                   ^ | WARN
[2026-06-02 02:58 PT] REINGEST | 1857 ch=108: INSERT error: psql error: ERROR:  column "chapter" of relation "enactment" does not exist
LINE 1: INSERT INTO enactment (source_document_id, chapter, chapter_...
                                                   ^ | WARN
[2026-06-02 02:58 PT] REINGEST | 1857 ch=110: INSERT error: psql error: ERROR:  column "chapter" of relation "enactment" does not exist
LINE 1: INSERT INTO enactment (source_document_id, chapter, chapter_...
                                                   ^ | WARN
[2026-06-02 02:58 PT] REINGEST | 1857 ch=111: INSERT error: psql error: ERROR:  column "chapter" of relation "enactment" does not exist
LINE 1: INSERT INTO enactment (source_document_id, chapter, chapter_...
                                                   ^ | WARN
[2026-06-02 02:58 PT] REINGEST | 1857 ch=113: INSERT error: psql error: ERROR:  column "chapter" of relation "enactment" does not exist
LINE 1: INSERT INTO enactment (source_document_id, chapter, chapter_...
                                                   ^ | WARN
[2026-06-02 02:58 PT] REINGEST | 1857 ch=114: INSERT error: psql error: ERROR:  column "chapter" of relation "enactment" does not exist
LINE 1: INSERT INTO enactment (source_document_id, chapter, chapter_...
                                                   ^ | WARN
[2026-06-02 02:58 PT] REINGEST | 1857 ch=116: INSERT error: psql error: ERROR:  column "chapter" of relation "enactment" does not exist
LINE 1: INSERT INTO enactment (source_document_id, chapter, chapter_...
                                                   ^ | WARN
[2026-06-02 02:58 PT] REINGEST | 1857 ch=119: INSERT error: psql error: ERROR:  column "chapter" of relation "enactment" does not exist
LINE 1: INSERT INTO enactment (source_document_id, chapter, chapter_...
                                                   ^ | WARN
[2026-06-02 02:58 PT] REINGEST | 1857 ch=120: INSERT error: psql error: ERROR:  column "chapter" of relation "enactment" does not exist
LINE 1: INSERT INTO enactment (source_document_id, chapter, chapter_...
                                                   ^ | WARN
[2026-06-02 02:58 PT] REINGEST | 1857 ch=122: INSERT error: psql error: ERROR:  column "chapter" of relation "enactment" does not exist
LINE 1: INSERT INTO enactment (source_document_id, chapter, chapter_...
                                                   ^ | WARN
[2026-06-02 02:58 PT] REINGEST | 1857 ch=123: INSERT error: psql error: ERROR:  column "chapter" of relation "enactment" does not exist
LINE 1: INSERT INTO enactment (source_document_id, chapter, chapter_...
                                                   ^ | WARN
[2026-06-02 02:58 PT] REINGEST | 1857 ch=124: INSERT error: psql error: ERROR:  column "chapter" of relation "enactment" does not exist
LINE 1: INSERT INTO enactment (source_document_id, chapter, chapter_...
                                                   ^ | WARN
[2026-06-02 02:58 PT] REINGEST | 1857 ch=126: INSERT error: psql error: ERROR:  column "chapter" of relation "enactment" does not exist
LINE 1: INSERT INTO enactment (source_document_id, chapter, chapter_...
                                                   ^ | WARN
[2026-06-02 02:58 PT] REINGEST | 1857 ch=127: INSERT error: psql error: ERROR:  column "chapter" of relation "enactment" does not exist
LINE 1: INSERT INTO enactment (source_document_id, chapter, chapter_...
                                                   ^ | WARN
[2026-06-02 02:58 PT] REINGEST | 1857 ch=129: INSERT error: psql error: ERROR:  column "chapter" of relation "enactment" does not exist
LINE 1: INSERT INTO enactment (source_document_id, chapter, chapter_...
                                                   ^ | WARN
[2026-06-02 02:58 PT] REINGEST | 1857 ch=131: INSERT error: psql error: ERROR:  column "chapter" of relation "enactment" does not exist
LINE 1: INSERT INTO enactment (source_document_id, chapter, chapter_...
                                                   ^ | WARN
[2026-06-02 02:58 PT] REINGEST | 1857 ch=133: INSERT error: psql error: ERROR:  column "chapter" of relation "enactment" does not exist
LINE 1: INSERT INTO enactment (source_document_id, chapter, chapter_...
                                                   ^ | WARN
[2026-06-02 02:58 PT] REINGEST | 1857 ch=134: INSERT error: psql error: ERROR:  column "chapter" of relation "enactment" does not exist
LINE 1: INSERT INTO enactment (source_document_id, chapter, chapter_...
                                                   ^ | WARN
[2026-06-02 02:58 PT] REINGEST | 1857 ch=136: INSERT error: psql error: ERROR:  column "chapter" of relation "enactment" does not exist
LINE 1: INSERT INTO enactment (source_document_id, chapter, chapter_...
                                                   ^ | WARN
[2026-06-02 02:58 PT] REINGEST | 1857 ch=138: INSERT error: psql error: ERROR:  column "chapter" of relation "enactment" does not exist
LINE 1: INSERT INTO enactment (source_document_id, chapter, chapter_...
                                                   ^ | WARN
[2026-06-02 02:58 PT] REINGEST | 1857 ch=139: INSERT error: psql error: ERROR:  column "chapter" of relation "enactment" does not exist
LINE 1: INSERT INTO enactment (source_document_id, chapter, chapter_...
                                                   ^ | WARN
[2026-06-02 02:58 PT] REINGEST | 1857 ch=140: INSERT error: psql error: ERROR:  column "chapter" of relation "enactment" does not exist
LINE 1: INSERT INTO enactment (source_document_id, chapter, chapter_...
                                                   ^ | WARN
[2026-06-02 02:58 PT] REINGEST | 1857 ch=142: INSERT error: psql error: ERROR:  column "chapter" of relation "enactment" does not exist
LINE 1: INSERT INTO enactment (source_document_id, chapter, chapter_...
                                                   ^ | WARN
[2026-06-02 02:58 PT] REINGEST | 1857 ch=143: INSERT error: psql error: ERROR:  column "chapter" of relation "enactment" does not exist
LINE 1: INSERT INTO enactment (source_document_id, chapter, chapter_...
                                                   ^ | WARN
[2026-06-02 02:58 PT] REINGEST | 1857 ch=144: INSERT error: psql error: ERROR:  column "chapter" of relation "enactment" does not exist
LINE 1: INSERT INTO enactment (source_document_id, chapter, chapter_...
                                                   ^ | WARN
[2026-06-02 02:58 PT] REINGEST | 1857 ch=145: INSERT error: psql error: ERROR:  column "chapter" of relation "enactment" does not exist
LINE 1: INSERT INTO enactment (source_document_id, chapter, chapter_...
                                                   ^ | WARN
[2026-06-02 02:58 PT] REINGEST | 1857 ch=146: INSERT error: psql error: ERROR:  column "chapter" of relation "enactment" does not exist
LINE 1: INSERT INTO enactment (source_document_id, chapter, chapter_...
                                                   ^ | WARN
[2026-06-02 02:58 PT] REINGEST | 1857 ch=147: INSERT error: psql error: ERROR:  column "chapter" of relation "enactment" does not exist
LINE 1: INSERT INTO enactment (source_document_id, chapter, chapter_...
                                                   ^ | WARN
[2026-06-02 02:58 PT] REINGEST | 1857 ch=148: INSERT error: psql error: ERROR:  column "chapter" of relation "enactment" does not exist
LINE 1: INSERT INTO enactment (source_document_id, chapter, chapter_...
                                                   ^ | WARN
[2026-06-02 02:58 PT] REINGEST | 1857 ch=149: INSERT error: psql error: ERROR:  column "chapter" of relation "enactment" does not exist
LINE 1: INSERT INTO enactment (source_document_id, chapter, chapter_...
                                                   ^ | WARN
[2026-06-02 02:58 PT] REINGEST | 1857 ch=150: INSERT error: psql error: ERROR:  column "chapter" of relation "enactment" does not exist
LINE 1: INSERT INTO enactment (source_document_id, chapter, chapter_...
                                                   ^ | WARN
[2026-06-02 02:58 PT] REINGEST | 1857 ch=151: INSERT error: psql error: ERROR:  column "chapter" of relation "enactment" does not exist
LINE 1: INSERT INTO enactment (source_document_id, chapter, chapter_...
                                                   ^ | WARN
[2026-06-02 02:58 PT] REINGEST | 1857 ch=154: INSERT error: psql error: ERROR:  column "chapter" of relation "enactment" does not exist
LINE 1: INSERT INTO enactment (source_document_id, chapter, chapter_...
                                                   ^ | WARN
[2026-06-02 02:58 PT] REINGEST | 1857 ch=157: INSERT error: psql error: ERROR:  column "chapter" of relation "enactment" does not exist
LINE 1: INSERT INTO enactment (source_document_id, chapter, chapter_...
                                                   ^ | WARN
[2026-06-02 02:58 PT] REINGEST | 1857 ch=160: INSERT error: psql error: ERROR:  column "chapter" of relation "enactment" does not exist
LINE 1: INSERT INTO enactment (source_document_id, chapter, chapter_...
                                                   ^ | WARN
[2026-06-02 02:58 PT] REINGEST | 1857 ch=161: INSERT error: psql error: ERROR:  column "chapter" of relation "enactment" does not exist
LINE 1: INSERT INTO enactment (source_document_id, chapter, chapter_...
                                                   ^ | WARN
[2026-06-02 02:58 PT] REINGEST | 1857 ch=162: INSERT error: psql error: ERROR:  column "chapter" of relation "enactment" does not exist
LINE 1: INSERT INTO enactment (source_document_id, chapter, chapter_...
                                                   ^ | WARN
[2026-06-02 02:58 PT] REINGEST | 1857 ch=163: INSERT error: psql error: ERROR:  column "chapter" of relation "enactment" does not exist
LINE 1: INSERT INTO enactment (source_document_id, chapter, chapter_...
                                                   ^ | WARN
[2026-06-02 02:58 PT] REINGEST | 1857 ch=167: INSERT error: psql error: ERROR:  column "chapter" of relation "enactment" does not exist
LINE 1: INSERT INTO enactment (source_document_id, chapter, chapter_...
                                                   ^ | WARN
[2026-06-02 02:58 PT] REINGEST | 1857 ch=169: INSERT error: psql error: ERROR:  column "chapter" of relation "enactment" does not exist
LINE 1: INSERT INTO enactment (source_document_id, chapter, chapter_...
                                                   ^ | WARN
[2026-06-02 02:58 PT] REINGEST | 1857 ch=170: INSERT error: psql error: ERROR:  column "chapter" of relation "enactment" does not exist
LINE 1: INSERT INTO enactment (source_document_id, chapter, chapter_...
                                                   ^ | WARN
[2026-06-02 02:58 PT] REINGEST | 1857 ch=171: INSERT error: psql error: ERROR:  column "chapter" of relation "enactment" does not exist
LINE 1: INSERT INTO enactment (source_document_id, chapter, chapter_...
                                                   ^ | WARN
[2026-06-02 02:58 PT] REINGEST | 1857 ch=172: INSERT error: psql error: ERROR:  column "chapter" of relation "enactment" does not exist
LINE 1: INSERT INTO enactment (source_document_id, chapter, chapter_...
                                                   ^ | WARN
[2026-06-02 02:58 PT] REINGEST | 1857 ch=173: INSERT error: psql error: ERROR:  column "chapter" of relation "enactment" does not exist
LINE 1: INSERT INTO enactment (source_document_id, chapter, chapter_...
                                                   ^ | WARN
[2026-06-02 02:58 PT] REINGEST | 1857 ch=174: INSERT error: psql error: ERROR:  column "chapter" of relation "enactment" does not exist
LINE 1: INSERT INTO enactment (source_document_id, chapter, chapter_...
                                                   ^ | WARN
[2026-06-02 02:58 PT] REINGEST | 1857 ch=176: INSERT error: psql error: ERROR:  column "chapter" of relation "enactment" does not exist
LINE 1: INSERT INTO enactment (source_document_id, chapter, chapter_...
                                                   ^ | WARN
[2026-06-02 02:58 PT] REINGEST | 1857 ch=177: INSERT error: psql error: ERROR:  column "chapter" of relation "enactment" does not exist
LINE 1: INSERT INTO enactment (source_document_id, chapter, chapter_...
                                                   ^ | WARN
[2026-06-02 02:58 PT] REINGEST | 1857 ch=179: INSERT error: psql error: ERROR:  column "chapter" of relation "enactment" does not exist
LINE 1: INSERT INTO enactment (source_document_id, chapter, chapter_...
                                                   ^ | WARN
[2026-06-02 02:58 PT] REINGEST | 1857 ch=180: INSERT error: psql error: ERROR:  column "chapter" of relation "enactment" does not exist
LINE 1: INSERT INTO enactment (source_document_id, chapter, chapter_...
                                                   ^ | WARN
[2026-06-02 02:58 PT] REINGEST | 1857 ch=181: INSERT error: psql error: ERROR:  column "chapter" of relation "enactment" does not exist
LINE 1: INSERT INTO enactment (source_document_id, chapter, chapter_...
                                                   ^ | WARN
[2026-06-02 02:58 PT] REINGEST | 1857 ch=182: INSERT error: psql error: ERROR:  column "chapter" of relation "enactment" does not exist
LINE 1: INSERT INTO enactment (source_document_id, chapter, chapter_...
                                                   ^ | WARN
[2026-06-02 02:58 PT] REINGEST | 1857 ch=183: INSERT error: psql error: ERROR:  column "chapter" of relation "enactment" does not exist
LINE 1: INSERT INTO enactment (source_document_id, chapter, chapter_...
                                                   ^ | WARN
[2026-06-02 02:58 PT] REINGEST | 1857 ch=184: INSERT error: psql error: ERROR:  column "chapter" of relation "enactment" does not exist
LINE 1: INSERT INTO enactment (source_document_id, chapter, chapter_...
                                                   ^ | WARN
[2026-06-02 02:58 PT] REINGEST | 1857 ch=186: INSERT error: psql error: ERROR:  column "chapter" of relation "enactment" does not exist
LINE 1: INSERT INTO enactment (source_document_id, chapter, chapter_...
                                                   ^ | WARN
[2026-06-02 02:58 PT] REINGEST | 1857 ch=187: INSERT error: psql error: ERROR:  column "chapter" of relation "enactment" does not exist
LINE 1: INSERT INTO enactment (source_document_id, chapter, chapter_...
                                                   ^ | WARN
[2026-06-02 02:58 PT] REINGEST | 1857 ch=188: INSERT error: psql error: ERROR:  column "chapter" of relation "enactment" does not exist
LINE 1: INSERT INTO enactment (source_document_id, chapter, chapter_...
                                                   ^ | WARN
[2026-06-02 02:58 PT] REINGEST | 1857 ch=189: INSERT error: psql error: ERROR:  column "chapter" of relation "enactment" does not exist
LINE 1: INSERT INTO enactment (source_document_id, chapter, chapter_...
                                                   ^ | WARN
[2026-06-02 02:58 PT] REINGEST | 1857 ch=190: INSERT error: psql error: ERROR:  column "chapter" of relation "enactment" does not exist
LINE 1: INSERT INTO enactment (source_document_id, chapter, chapter_...
                                                   ^ | WARN
[2026-06-02 02:58 PT] REINGEST | 1857 ch=192: INSERT error: psql error: ERROR:  column "chapter" of relation "enactment" does not exist
LINE 1: INSERT INTO enactment (source_document_id, chapter, chapter_...
                                                   ^ | WARN
[2026-06-02 02:58 PT] REINGEST | 1857 ch=194: INSERT error: psql error: ERROR:  column "chapter" of relation "enactment" does not exist
LINE 1: INSERT INTO enactment (source_document_id, chapter, chapter_...
                                                   ^ | WARN
[2026-06-02 02:58 PT] REINGEST | 1857 ch=195: INSERT error: psql error: ERROR:  column "chapter" of relation "enactment" does not exist
LINE 1: INSERT INTO enactment (source_document_id, chapter, chapter_...
                                                   ^ | WARN
[2026-06-02 02:58 PT] REINGEST | 1857 ch=200: INSERT error: psql error: ERROR:  column "chapter" of relation "enactment" does not exist
LINE 1: INSERT INTO enactment (source_document_id, chapter, chapter_...
                                                   ^ | WARN
[2026-06-02 02:58 PT] REINGEST | 1857 ch=201: INSERT error: psql error: ERROR:  column "chapter" of relation "enactment" does not exist
LINE 1: INSERT INTO enactment (source_document_id, chapter, chapter_...
                                                   ^ | WARN
[2026-06-02 02:58 PT] REINGEST | 1857 ch=202: INSERT error: psql error: ERROR:  column "chapter" of relation "enactment" does not exist
LINE 1: INSERT INTO enactment (source_document_id, chapter, chapter_...
                                                   ^ | WARN
[2026-06-02 02:58 PT] REINGEST | 1857 ch=203: INSERT error: psql error: ERROR:  column "chapter" of relation "enactment" does not exist
LINE 1: INSERT INTO enactment (source_document_id, chapter, chapter_...
                                                   ^ | WARN
[2026-06-02 02:58 PT] REINGEST | 1857 ch=204: INSERT error: psql error: ERROR:  column "chapter" of relation "enactment" does not exist
LINE 1: INSERT INTO enactment (source_document_id, chapter, chapter_...
                                                   ^ | WARN
[2026-06-02 02:58 PT] REINGEST | 1857 ch=205: INSERT error: psql error: ERROR:  column "chapter" of relation "enactment" does not exist
LINE 1: INSERT INTO enactment (source_document_id, chapter, chapter_...
                                                   ^ | WARN
[2026-06-02 02:58 PT] REINGEST | 1857 ch=206: INSERT error: psql error: ERROR:  column "chapter" of relation "enactment" does not exist
LINE 1: INSERT INTO enactment (source_document_id, chapter, chapter_...
                                                   ^ | WARN
[2026-06-02 02:58 PT] REINGEST | 1857 ch=208: INSERT error: psql error: ERROR:  column "chapter" of relation "enactment" does not exist
LINE 1: INSERT INTO enactment (source_document_id, chapter, chapter_...
                                                   ^ | WARN
[2026-06-02 02:58 PT] REINGEST | 1857 ch=209: INSERT error: psql error: ERROR:  column "chapter" of relation "enactment" does not exist
LINE 1: INSERT INTO enactment (source_document_id, chapter, chapter_...
                                                   ^ | WARN
[2026-06-02 02:58 PT] REINGEST | 1857 ch=210: INSERT error: psql error: ERROR:  column "chapter" of relation "enactment" does not exist
LINE 1: INSERT INTO enactment (source_document_id, chapter, chapter_...
                                                   ^ | WARN
[2026-06-02 02:58 PT] REINGEST | 1857 ch=211: INSERT error: psql error: ERROR:  column "chapter" of relation "enactment" does not exist
LINE 1: INSERT INTO enactment (source_document_id, chapter, chapter_...
                                                   ^ | WARN
[2026-06-02 02:58 PT] REINGEST | 1857 ch=213: INSERT error: psql error: ERROR:  column "chapter" of relation "enactment" does not exist
LINE 1: INSERT INTO enactment (source_document_id, chapter, chapter_...
                                                   ^ | WARN
[2026-06-02 02:58 PT] REINGEST | 1857 ch=219: INSERT error: psql error: ERROR:  column "chapter" of relation "enactment" does not exist
LINE 1: INSERT INTO enactment (source_document_id, chapter, chapter_...
                                                   ^ | WARN
[2026-06-02 02:58 PT] REINGEST | 1857 ch=220: INSERT error: psql error: ERROR:  column "chapter" of relation "enactment" does not exist
LINE 1: INSERT INTO enactment (source_document_id, chapter, chapter_...
                                                   ^ | WARN
[2026-06-02 02:58 PT] REINGEST | 1857 ch=224: INSERT error: psql error: ERROR:  column "chapter" of relation "enactment" does not exist
LINE 1: INSERT INTO enactment (source_document_id, chapter, chapter_...
                                                   ^ | WARN
[2026-06-02 02:58 PT] REINGEST | 1857 ch=229: INSERT error: psql error: ERROR:  column "chapter" of relation "enactment" does not exist
LINE 1: INSERT INTO enactment (source_document_id, chapter, chapter_...
                                                   ^ | WARN
[2026-06-02 02:58 PT] REINGEST | 1857 ch=230: INSERT error: psql error: ERROR:  column "chapter" of relation "enactment" does not exist
LINE 1: INSERT INTO enactment (source_document_id, chapter, chapter_...
                                                   ^ | WARN
[2026-06-02 02:58 PT] REINGEST | 1857 ch=231: INSERT error: psql error: ERROR:  column "chapter" of relation "enactment" does not exist
LINE 1: INSERT INTO enactment (source_document_id, chapter, chapter_...
                                                   ^ | WARN
[2026-06-02 02:58 PT] REINGEST | 1857 ch=239: INSERT error: psql error: ERROR:  column "chapter" of relation "enactment" does not exist
LINE 1: INSERT INTO enactment (source_document_id, chapter, chapter_...
                                                   ^ | WARN
[2026-06-02 02:58 PT] REINGEST | 1857 ch=240: INSERT error: psql error: ERROR:  column "chapter" of relation "enactment" does not exist
LINE 1: INSERT INTO enactment (source_document_id, chapter, chapter_...
                                                   ^ | WARN
[2026-06-02 02:58 PT] REINGEST | 1857 ch=244: INSERT error: psql error: ERROR:  column "chapter" of relation "enactment" does not exist
LINE 1: INSERT INTO enactment (source_document_id, chapter, chapter_...
                                                   ^ | WARN
[2026-06-02 02:58 PT] REINGEST | 1857 ch=247: INSERT error: psql error: ERROR:  column "chapter" of relation "enactment" does not exist
LINE 1: INSERT INTO enactment (source_document_id, chapter, chapter_...
                                                   ^ | WARN
[2026-06-02 02:58 PT] REINGEST | 1857 ch=248: INSERT error: psql error: ERROR:  column "chapter" of relation "enactment" does not exist
LINE 1: INSERT INTO enactment (source_document_id, chapter, chapter_...
                                                   ^ | WARN
[2026-06-02 02:58 PT] REINGEST | 1857 ch=249: INSERT error: psql error: ERROR:  column "chapter" of relation "enactment" does not exist
LINE 1: INSERT INTO enactment (source_document_id, chapter, chapter_...
                                                   ^ | WARN
[2026-06-02 02:58 PT] REINGEST | 1857 ch=250: INSERT error: psql error: ERROR:  column "chapter" of relation "enactment" does not exist
LINE 1: INSERT INTO enactment (source_document_id, chapter, chapter_...
                                                   ^ | WARN
[2026-06-02 02:58 PT] REINGEST | 1857 ch=0: INSERT error: psql error: ERROR:  column "chapter" of relation "enactment" does not exist
LINE 1: INSERT INTO enactment (source_document_id, chapter, chapter_...
                                                   ^ | WARN
[2026-06-02 02:58 PT] REINGEST | 1857 ch=256: INSERT error: psql error: ERROR:  column "chapter" of relation "enactment" does not exist
LINE 1: INSERT INTO enactment (source_document_id, chapter, chapter_...
                                                   ^ | WARN
[2026-06-02 02:58 PT] REINGEST | 1857 ch=258: INSERT error: psql error: ERROR:  column "chapter" of relation "enactment" does not exist
LINE 1: INSERT INTO enactment (source_document_id, chapter, chapter_...
                                                   ^ | WARN
[2026-06-02 02:58 PT] REINGEST | 1857 ch=259: INSERT error: psql error: ERROR:  column "chapter" of relation "enactment" does not exist
LINE 1: INSERT INTO enactment (source_document_id, chapter, chapter_...
                                                   ^ | WARN
[2026-06-02 02:58 PT] REINGEST | 1857 ch=260: INSERT error: psql error: ERROR:  column "chapter" of relation "enactment" does not exist
LINE 1: INSERT INTO enactment (source_document_id, chapter, chapter_...
                                                   ^ | WARN
[2026-06-02 02:58 PT] REINGEST | 1857 ch=261: INSERT error: psql error: ERROR:  column "chapter" of relation "enactment" does not exist
LINE 1: INSERT INTO enactment (source_document_id, chapter, chapter_...
                                                   ^ | WARN
[2026-06-02 02:58 PT] REINGEST | 1857 ch=263: INSERT error: psql error: ERROR:  column "chapter" of relation "enactment" does not exist
LINE 1: INSERT INTO enactment (source_document_id, chapter, chapter_...
                                                   ^ | WARN
[2026-06-02 02:58 PT] REINGEST | 1857 ch=266: INSERT error: psql error: ERROR:  column "chapter" of relation "enactment" does not exist
LINE 1: INSERT INTO enactment (source_document_id, chapter, chapter_...
                                                   ^ | WARN
[2026-06-02 02:58 PT] REINGEST | 1857 ch=266: INSERT error: psql error: ERROR:  column "chapter" of relation "enactment" does not exist
LINE 1: INSERT INTO enactment (source_document_id, chapter, chapter_...
                                                   ^ | WARN
[2026-06-02 02:58 PT] REINGEST | 1857 ch=269: INSERT error: psql error: ERROR:  column "chapter" of relation "enactment" does not exist
LINE 1: INSERT INTO enactment (source_document_id, chapter, chapter_...
                                                   ^ | WARN
[2026-06-02 02:58 PT] REINGEST | 1857 ch=270: INSERT error: psql error: ERROR:  column "chapter" of relation "enactment" does not exist
LINE 1: INSERT INTO enactment (source_document_id, chapter, chapter_...
                                                   ^ | WARN
[2026-06-02 02:58 PT] REINGEST | 1857: inserted=0 skipped(dup)=0 errors=174 | WARN
[2026-06-02 02:58 PT] REINGEST | 1858: no confident acts found in fixed parse | WARN
[2026-06-02 02:58 PT] REINGEST | 1859: no confident acts found in fixed parse | WARN
[2026-06-02 02:58 PT] REINGEST | 1860: no confident acts found in fixed parse | WARN
[2026-06-02 02:58 PT] REINGEST | === re_ingest_fixed.py done === | OK
[2026-06-02 03:00 PT] REINGEST | === re_ingest_fixed.py starting (schema-corrected) === | OK
[2026-06-02 03:00 PT] REINGEST | Idempotent on (citation, source_document_id). Mirrors STAGE6 of production_pipeline.py. Safe to re-run. | OK
[2026-06-02 03:00 PT] REINGEST | 1852: source_document id=3 | ingesting 94 confident acts | OK
[2026-06-02 03:00 PT] REINGEST | 1852: enactments=9 provisions=9 change_events=9 skipped(dup)=85 errors=0 | OK
[2026-06-02 03:00 PT] REINGEST | === re_ingest_fixed.py done === | OK
[2026-06-02 03:00 PT] REINGEST | === re_ingest_fixed.py starting (schema-corrected) === | OK
[2026-06-02 03:00 PT] REINGEST | Idempotent on (citation, source_document_id). Mirrors STAGE6 of production_pipeline.py. Safe to re-run. | OK
[2026-06-02 03:00 PT] REINGEST | 1850: source_document id=20 | ingesting 83 confident acts | OK
[2026-06-02 03:00 PT] REINGEST | 1850: enactments=2 provisions=2 change_events=2 skipped(dup)=81 errors=0 | OK
[2026-06-02 03:00 PT] REINGEST | 1851: source_document id=2 | ingesting 101 confident acts | OK
[2026-06-02 03:00 PT] REINGEST | 1851: enactments=4 provisions=4 change_events=4 skipped(dup)=97 errors=0 | OK
[2026-06-02 03:00 PT] REINGEST | 1852: source_document id=3 | ingesting 94 confident acts | OK
[2026-06-02 03:00 PT] REINGEST | 1852: enactments=0 provisions=0 change_events=0 skipped(dup)=94 errors=0 | OK
[2026-06-02 03:00 PT] REINGEST | 1853: source_document id=4 | ingesting 117 confident acts | OK
[2026-06-02 03:01 PT] REINGEST | 1853: enactments=53 provisions=53 change_events=53 skipped(dup)=64 errors=0 | OK
[2026-06-02 03:01 PT] REINGEST | 1854: source_document id=5 | ingesting 43 confident acts | OK
[2026-06-02 03:01 PT] REINGEST | 1854: enactments=0 provisions=0 change_events=0 skipped(dup)=43 errors=0 | OK
[2026-06-02 03:01 PT] REINGEST | 1855: source_document id=6 | ingesting 142 confident acts | OK
[2026-06-02 03:01 PT] REINGEST | 1855: enactments=2 provisions=2 change_events=2 skipped(dup)=140 errors=0 | OK
[2026-06-02 03:01 PT] REINGEST | 1856: source_document id=7 | ingesting 90 confident acts | OK
[2026-06-02 03:01 PT] REINGEST | 1856: enactments=27 provisions=27 change_events=27 skipped(dup)=63 errors=0 | OK
[2026-06-02 03:01 PT] REINGEST | 1857: source_document id=8 | ingesting 174 confident acts | OK
[2026-06-02 03:01 PT] REINGEST | 1857: enactments=3 provisions=3 change_events=3 skipped(dup)=171 errors=0 | OK
[2026-06-02 03:01 PT] REINGEST | 1858: no confident acts found in fixed parse | WARN
[2026-06-02 03:01 PT] REINGEST | 1859: no confident acts found in fixed parse | WARN
[2026-06-02 03:01 PT] REINGEST | 1860: no confident acts found in fixed parse | WARN
[2026-06-02 03:01 PT] REINGEST | === re_ingest_fixed.py done === | OK
