[2026-06-01 22:47 PT] [1851] PIPELINE | === START: 1851_Statutes.pdf session=1851 === | OK
[2026-06-01 22:47 PT] [1851] STAGE0 | Computing SHA256 of 1851_Statutes.pdf | OK
[2026-06-01 22:47 PT] [1851] STAGE0 | SHA256=25563848cc438b988afb95b5b4ee8cb605642826dd79caafed3f00dda06caf17 (26ms) | OK
[2026-06-01 22:47 PT] [1851] STAGE0 | No production row with this SHA256 -- proceeding | OK
[2026-06-01 22:47 PT] [1851] STAGE0 | PDF opened: 545 pages | OK
[2026-06-01 22:47 PT] [1851] STAGE1-RENDER | Rendering 545 pages at 300 DPI | OK
[2026-06-01 22:47 PT] [1851] STAGE1-RENDER | page 1/545 | OK
[2026-06-01 22:47 PT] [1851] STAGE1-RENDER | page 2/545 | OK
[2026-06-01 22:47 PT] [1851] STAGE1-RENDER | page 3/545 | OK
[2026-06-01 22:47 PT] [1851] STAGE1-RENDER | page 101/545 | OK
[2026-06-01 22:47 PT] [1851] STAGE1-RENDER | page 201/545 | OK
[2026-06-01 22:47 PT] [1851] STAGE1-RENDER | page 301/545 | OK
[2026-06-01 22:47 PT] [1851] STAGE1-RENDER | page 401/545 | OK
[2026-06-01 22:47 PT] [1851] STAGE1-RENDER | page 501/545 | OK
[2026-06-01 22:47 PT] [1851] STAGE1-RENDER | Render done: 545 pages in 23.4s (0.04s/page) | OK
[2026-06-01 22:47 PT] [1851] STAGE2-PREPROCESS | Preprocessing 545 pages (v2 grayscale track) | OK
[2026-06-01 22:47 PT] [1851] STAGE2-PREPROCESS | page 1/545 ok=1 fail=0 | OK
[2026-06-01 22:47 PT] [1851] STAGE2-PREPROCESS | page 2/545 ok=2 fail=0 | OK
[2026-06-01 22:47 PT] [1851] STAGE2-PREPROCESS | page 3/545 ok=3 fail=0 | OK
[2026-06-01 22:49 PT] [1851] STAGE2-PREPROCESS | page 101/545 ok=101 fail=0 | OK
[2026-06-01 22:50 PT] [1851] STAGE2-PREPROCESS | page 201/545 ok=201 fail=0 | OK
[2026-06-01 22:51 PT] [1851] STAGE2-PREPROCESS | page 301/545 ok=301 fail=0 | OK
[2026-06-01 22:53 PT] [1851] STAGE2-PREPROCESS | page 401/545 ok=401 fail=0 | OK
[2026-06-01 22:54 PT] [1851] STAGE2-PREPROCESS | page 501/545 ok=501 fail=0 | OK
[2026-06-01 22:55 PT] [1851] STAGE2-PREPROCESS | Preprocess done: 545 OK / 0 FAIL in 449.0s | OK
[2026-06-01 22:55 PT] [1851] STAGE3-CLASSIFY | Detecting body start page via ink density | OK
[2026-06-01 22:55 PT] [1851] STAGE3-CLASSIFY | Body start detected at 0-indexed page 6 (PDF page 7) | OK
[2026-06-01 22:55 PT] [1851] STAGE3-CLASSIFY | Classification done in 13.1s: body=538 front_matter=6 index=0 empty=1 | OK
[2026-06-01 22:55 PT] [1851] STAGE4-OCR | Loading docTR model (GPU) | OK
[2026-06-01 22:55 PT] [1851] STAGE4-OCR | docTR on GPU: NVIDIA GeForce RTX 5080 | OK
[2026-06-01 22:55 PT] [1851] STAGE4-OCR | Surya unavailable: 'Settings' object has no attribute 'COMPILE_ALL' -- falling back to docTR+Tesseract only | WARN
[2026-06-01 22:55 PT] [1851] STAGE4-OCR | Starting OCR consensus on 538 body pages (Surya=False) | OK
[2026-06-01 22:55 PT] [1851] STAGE4-OCR | page 7 (1/538): engines=doctr+tess agree=0.26 hi=False 1.3s | OK
[2026-06-01 22:55 PT] [1851] STAGE4-OCR | page 8 (2/538): engines=doctr+tess agree=0.33 hi=False 1.4s | OK
[2026-06-01 22:55 PT] [1851] STAGE4-OCR | page 9 (3/538): engines=doctr+tess agree=0.36 hi=False 1.5s | OK
[2026-06-01 22:55 PT] [1851] STAGE4-OCR | page 10 (4/538): engines=doctr+tess agree=0.31 hi=False 1.4s | OK
[2026-06-01 22:55 PT] [1851] STAGE4-OCR | page 11 (5/538): engines=doctr+tess agree=0.41 hi=False 1.3s | OK
[2026-06-01 22:56 PT] [1851] STAGE4-OCR | page 27 (21/538): engines=doctr+tess agree=0.66 hi=False 1.2s | OK
[2026-06-01 22:56 PT] [1851] STAGE4-OCR | page 47 (41/538): engines=doctr+tess agree=0.65 hi=False 1.0s | OK
[2026-06-01 22:56 PT] [1851] STAGE4-OCR | page 67 (61/538): engines=doctr+tess agree=0.55 hi=False 1.2s | OK
[2026-06-01 22:57 PT] [1851] STAGE4-OCR | page 87 (81/538): engines=doctr+tess agree=0.66 hi=False 1.1s | OK
[2026-06-01 22:57 PT] [1851] STAGE4-OCR | page 107 (101/538): engines=doctr+tess agree=0.50 hi=False 1.2s | OK
[2026-06-01 22:58 PT] [1851] STAGE4-OCR | page 127 (121/538): engines=doctr+tess agree=0.71 hi=True 1.1s | OK
[2026-06-01 22:58 PT] [1851] STAGE4-OCR | page 147 (141/538): engines=doctr+tess agree=0.69 hi=False 1.2s | OK
[2026-06-01 22:58 PT] [1851] STAGE4-OCR | page 167 (161/538): engines=doctr+tess agree=0.59 hi=False 1.2s | OK
[2026-06-01 22:59 PT] [1851] STAGE4-OCR | page 187 (181/538): engines=doctr+tess agree=0.69 hi=False 1.1s | OK
[2026-06-01 22:59 PT] [1851] STAGE4-OCR | page 207 (201/538): engines=doctr+tess agree=0.66 hi=False 1.2s | OK
[2026-06-01 22:59 PT] [1851] STAGE4-OCR | page 227 (221/538): engines=doctr+tess agree=0.70 hi=True 0.9s | OK
[2026-06-01 23:00 PT] [1851] STAGE4-OCR | page 247 (241/538): engines=doctr+tess agree=0.61 hi=False 1.2s | OK
[2026-06-01 23:00 PT] [1851] STAGE4-OCR | page 267 (261/538): engines=doctr+tess agree=0.60 hi=False 1.1s | OK
[2026-06-01 23:01 PT] [1851] STAGE4-OCR | page 287 (281/538): engines=doctr+tess agree=0.57 hi=False 1.0s | OK
[2026-06-01 23:01 PT] [1851] STAGE4-OCR | page 307 (301/538): engines=doctr+tess agree=0.72 hi=True 1.2s | OK
[2026-06-01 23:01 PT] [1851] STAGE4-OCR | page 327 (321/538): engines=doctr+tess agree=0.73 hi=True 1.1s | OK
[2026-06-01 23:02 PT] [1851] STAGE4-OCR | page 347 (341/538): engines=doctr+tess agree=0.72 hi=True 1.0s | OK
[2026-06-01 23:02 PT] [1851] STAGE4-OCR | page 367 (361/538): engines=doctr+tess agree=0.73 hi=True 1.3s | OK
[2026-06-01 23:02 PT] [1851] STAGE4-OCR | page 387 (381/538): engines=doctr+tess agree=0.73 hi=True 1.0s | OK
[2026-06-01 23:03 PT] [1851] STAGE4-OCR | page 407 (401/538): engines=doctr+tess agree=0.68 hi=False 1.2s | OK
[2026-06-01 23:03 PT] [1851] STAGE4-OCR | page 427 (421/538): engines=doctr+tess agree=0.70 hi=True 1.2s | OK
[2026-06-01 23:04 PT] [1851] STAGE4-OCR | page 447 (441/538): engines=doctr+tess agree=0.68 hi=False 0.8s | OK
[2026-06-01 23:04 PT] [1851] STAGE4-OCR | page 467 (461/538): engines=doctr+tess agree=0.70 hi=False 1.2s | OK
[2026-06-01 23:04 PT] [1851] STAGE4-OCR | page 487 (481/538): engines=doctr+tess agree=0.58 hi=False 1.3s | OK
[2026-06-01 23:05 PT] [1851] STAGE4-OCR | page 507 (501/538): engines=doctr+tess agree=0.64 hi=False 1.2s | OK
[2026-06-01 23:05 PT] [1851] STAGE4-OCR | page 527 (521/538): engines=doctr+tess agree=0.71 hi=True 0.9s | OK
[2026-06-01 23:05 PT] [1851] STAGE4-OCR | OCR done: 538 pages in 608.4s (1.13s/page) hi=117 lo=421 | OK
[2026-06-01 23:05 PT] [1851] STAGE4-OCR | Confidence distribution: {'high_>=0.65': 260, 'medium_0.50_0.65': 267, 'low_<0.50': 11, 'mean_agreement': 0.646, 'median_agreement': 0.6479} | OK
[2026-06-01 23:05 PT] [1851] STAGE5-PARSE | Parsing acts from consensus OCR text | OK
[2026-06-01 23:05 PT] [1851] STAGE5-PARSE | Parse done in 0.07s: confident=97 flagged_text_only=75 | OK
[2026-06-01 23:05 PT] [1851] STAGE6-INGEST | Starting DB ingest (idempotent on content_sha256) | OK
[2026-06-01 23:05 PT] [1851] STAGE6-INGEST | Updated skeleton source_document id=2 with real data | OK
[2026-06-01 23:05 PT] [1851] STAGE6-INGEST | Ingesting 97 confident acts | OK
[2026-06-01 23:06 PT] [1851] STAGE6-INGEST | Ingest done: enactments=84 provisions=84 change_events=84 skipped_dup=13 failed=0 | OK
[2026-06-01 23:06 PT] [1851] STAGE6-INGEST | Flagged text-only acts (NOT ingested as structured): 75 | WARN
[2026-06-01 23:06 PT] [1851] STAGE6-INGEST | Final DB counts: source_document=20 enactment=1232 provision=1232 change_event=1232 | OK
[2026-06-01 23:06 PT] [1851] REPORT | === VOLUME COMPLETE: 1851 === | OK
[2026-06-01 23:06 PT] [1851] REPORT | PDF: 1851_Statutes.pdf | 545 pages | SHA256=25563848cc438b988afb95b5b4ee8cb605642826dd79caafed3f00dda06caf17 | OK
[2026-06-01 23:06 PT] [1851] REPORT | Render: 23.4s | Preprocess: 449.0s | OCR: 608.4s | Parse: 0.07s | TOTAL: 1080.9s (18.0 min) | OK
[2026-06-01 23:06 PT] [1851] REPORT | OCR: 538 body pages | 1.13s/page | 53.1 p/min | Surya=False engines=doctr+tesseract-5 | OK
[2026-06-01 23:06 PT] [1851] REPORT | Confidence: {'high_>=0.65': 260, 'medium_0.50_0.65': 267, 'low_<0.50': 11, 'mean_agreement': 0.646, 'median_agreement': 0.6479} | OK
[2026-06-01 23:06 PT] [1851] REPORT | Acts: confident=97 flagged=75 | OK
[2026-06-01 23:06 PT] [1851] REPORT | DB: src_doc_id=2 enactments=84 provisions=84 change_events=84 | OK
[2026-06-01 23:06 PT] [1851] REPORT | OCR output: C:\Users\PatrickKolasinski\PatoLex-scratch\production-1851\ocr_consensus\page_ocr_results.json | OK
[2026-06-01 23:06 PT] [1851] REPORT | === END: 1851 === | OK
[2026-06-01 23:08 PT] [BATCH] BATCH | Total volumes: 37 | Completed: 1 | Pending: 37 | Failed: 0 | OK
[2026-06-01 23:08 PT] [BATCH] BATCH | Total volumes: 19 | Completed: 1 | Pending: 19 | Failed: 0 | OK
[2026-06-01 23:09 PT] [SETUP] Surya 0.13 / transformers 4.57.6 compat patches applied to site-packages: settings.py (COMPILE_ALL/DETECTOR, STATIC_CACHE flags, INFERENCE_MODE computed field, DETECTOR_BOX_Y_EXPAND_MARGIN) + detection/loader.py (already guarded by settings patch) + recognition/model/config.py (SuryaOCRConfig no-kwargs guard) + recognition/model/encoderdecoder.py (_init_weights override). Surya test PASSED on page_0006.png. Future volumes will use 3-engine consensus. | OK
[2026-06-01 23:09 PT] [SETUP] Throughput: 1851 measured 1.13s/page (doctr+tess, 538 body pages, 18.0 min wall). Surya BENCHMARKED 1.73s/page (after GPU warmup). 3-engine total: ~2.86s/page = ~21 pages/min. | OK
[2026-06-01 23:09 PT] [SETUP] production_pipeline.py written: C:\Users\PatrickKolasinski\PatoLex-scratch\production_pipeline.py | OK
[2026-06-01 23:09 PT] [SETUP] production_batch.py written: C:\Users\PatrickKolasinski\PatoLex-scratch\production_batch.py | OK
[2026-06-01 23:09 PT] [SETUP] production_batch_state.json initialized with 1851 completed. 1852 onward pending (19 volumes, 1852-1875-76). | OK
[2026-06-01 23:09 PT] [SETUP] Batch driver ready. To launch: python production_batch.py --start-year 1852 --end-year 1875 | OK
[2026-06-01 23:11 PT] [BATCH] BATCH | Total volumes: 19 | Completed: 1 | Pending: 19 | Failed: 0 | OK
[2026-06-01 23:15 PT] [BATCH] BATCH | Total volumes: 19 | Completed: 1 | Pending: 19 | Failed: 0 | OK
[2026-06-01 23:15 PT] [BATCH] BATCH | Starting 1852: 288 pages, ~16 min est | 1852_Statutes.pdf | OK
[2026-06-01 23:15 PT] [1852] PIPELINE | === START: 1852_Statutes.pdf session=1852 === | OK
[2026-06-01 23:15 PT] [1852] STAGE0 | Computing SHA256 of 1852_Statutes.pdf | OK
[2026-06-01 23:15 PT] [1852] STAGE0 | SHA256=a227019baab061d2ba47299e5c12c8fd46d70c818feeb43716c974bb304fef8a (16ms) | OK
[2026-06-01 23:15 PT] [1852] STAGE0 | No production row with this SHA256 -- proceeding | OK
[2026-06-01 23:15 PT] [1852] STAGE0 | PDF opened: 288 pages | OK
[2026-06-01 23:15 PT] [1852] STAGE1-RENDER | Rendering 288 pages at 300 DPI | OK
[2026-06-01 23:15 PT] [1852] STAGE1-RENDER | page 1/288 | OK
[2026-06-01 23:15 PT] [1852] STAGE1-RENDER | page 2/288 | OK
[2026-06-01 23:15 PT] [1852] STAGE1-RENDER | page 3/288 | OK
[2026-06-01 23:15 PT] [1852] STAGE1-RENDER | page 101/288 | OK
[2026-06-01 23:15 PT] [1852] STAGE1-RENDER | page 201/288 | OK
[2026-06-01 23:15 PT] [1852] STAGE1-RENDER | Render done: 288 pages in 13.1s (0.05s/page) | OK
[2026-06-01 23:15 PT] [1852] STAGE2-PREPROCESS | Preprocessing 288 pages (v2 grayscale track) | OK
[2026-06-01 23:15 PT] [1852] STAGE2-PREPROCESS | page 1/288 ok=1 fail=0 | OK
[2026-06-01 23:15 PT] [1852] STAGE2-PREPROCESS | page 2/288 ok=2 fail=0 | OK
[2026-06-01 23:15 PT] [1852] STAGE2-PREPROCESS | page 3/288 ok=3 fail=0 | OK
[2026-06-01 23:17 PT] [1852] STAGE2-PREPROCESS | page 101/288 ok=101 fail=0 | OK
[2026-06-01 23:18 PT] [1852] STAGE2-PREPROCESS | page 201/288 ok=201 fail=0 | OK
[2026-06-01 23:19 PT] [1852] STAGE2-PREPROCESS | Preprocess done: 288 OK / 0 FAIL in 238.4s | OK
[2026-06-01 23:19 PT] [1852] STAGE3-CLASSIFY | Detecting body start page via ink density | OK
[2026-06-01 23:19 PT] [1852] STAGE3-CLASSIFY | Body start detected at 0-indexed page 2 (PDF page 3) | OK
[2026-06-01 23:19 PT] [1852] STAGE3-CLASSIFY | Classification done in 8.5s: body=284 front_matter=2 index=1 empty=1 | OK
[2026-06-01 23:19 PT] [1852] STAGE4-OCR | Loading docTR model (GPU) | OK
[2026-06-01 23:19 PT] [1852] STAGE4-OCR | docTR on GPU: NVIDIA GeForce RTX 5080 | OK
[2026-06-01 23:20 PT] [1852] STAGE4-OCR | Surya (local) loaded OK | OK
[2026-06-01 23:20 PT] [1852] STAGE4-OCR | Starting OCR consensus on 284 body pages (Surya=True) | OK
[2026-06-01 23:20 PT] [1852] STAGE4-OCR | page 3 (1/284): engines=surya+doctr+tess agree=0.49 hi=False 4.6s | OK
[2026-06-01 23:20 PT] [1852] STAGE4-OCR | page 4 (2/284): engines=surya+doctr+tess agree=0.51 hi=False 4.8s | OK
[2026-06-01 23:20 PT] [1852] STAGE4-OCR | page 5 (3/284): engines=surya+doctr+tess agree=0.41 hi=False 3.6s | OK
[2026-06-01 23:20 PT] [1852] STAGE4-OCR | page 6 (4/284): engines=surya+doctr+tess agree=0.34 hi=False 3.2s | OK
[2026-06-01 23:20 PT] [1852] STAGE4-OCR | page 7 (5/284): engines=surya+doctr+tess agree=0.28 hi=False 3.5s | OK
[2026-06-01 23:21 PT] [1852] STAGE4-OCR | page 23 (21/284): engines=surya+doctr+tess agree=0.59 hi=False 3.3s | OK
[2026-06-01 23:22 PT] [1852] STAGE4-OCR | page 43 (41/284): engines=surya+doctr+tess agree=0.45 hi=False 2.9s | OK
[2026-06-01 23:23 PT] [1852] STAGE4-OCR | page 63 (61/284): engines=surya+doctr+tess agree=0.64 hi=False 2.3s | OK
[2026-06-01 23:24 PT] [1852] STAGE4-OCR | page 83 (81/284): engines=surya+doctr+tess agree=0.63 hi=False 2.3s | OK
[2026-06-01 23:25 PT] [1852] STAGE4-OCR | page 103 (101/284): engines=surya+doctr+tess agree=0.64 hi=False 3.0s | OK
[2026-06-01 23:26 PT] [1852] STAGE4-OCR | page 123 (121/284): engines=surya+doctr+tess agree=0.57 hi=False 3.2s | OK
[2026-06-01 23:26 PT] [1852] STAGE4-OCR | page 143 (141/284): engines=surya+doctr+tess agree=0.56 hi=False 3.3s | OK
[2026-06-01 23:27 PT] [1852] STAGE4-OCR | page 163 (161/284): engines=surya+doctr+tess agree=0.52 hi=False 2.7s | OK
[2026-06-01 23:28 PT] [1852] STAGE4-OCR | page 183 (181/284): engines=surya+doctr+tess agree=0.64 hi=False 2.9s | OK
[2026-06-01 23:29 PT] [1852] STAGE4-OCR | page 203 (201/284): engines=surya+doctr+tess agree=0.68 hi=True 2.6s | OK
[2026-06-01 23:30 PT] [1852] STAGE4-OCR | page 223 (221/284): engines=surya+doctr+tess agree=0.52 hi=False 2.2s | OK
[2026-06-01 23:31 PT] [1852] STAGE4-OCR | page 243 (241/284): engines=surya+doctr+tess agree=0.53 hi=False 2.5s | OK
[2026-06-01 23:31 PT] [1852] STAGE4-OCR | page 263 (261/284): engines=surya+doctr+tess agree=0.58 hi=False 2.5s | OK
[2026-06-01 23:32 PT] [1852] STAGE4-OCR | page 284 (281/284): engines=surya+doctr+tess agree=0.68 hi=True 2.5s | OK
[2026-06-01 23:32 PT] [1852] STAGE4-OCR | OCR done: 284 pages in 760.4s (2.68s/page) hi=49 lo=235 | OK
[2026-06-01 23:32 PT] [1852] STAGE4-OCR | Confidence distribution: {'high_>=0.65': 49, 'medium_0.50_0.65': 201, 'low_<0.50': 34, 'mean_agreement': 0.5851, 'median_agreement': 0.5897} | OK
[2026-06-01 23:32 PT] [1852] STAGE5-PARSE | Parsing acts from consensus OCR text | OK
[2026-06-01 23:32 PT] [1852] STAGE5-PARSE | Parse done in 0.04s: confident=12 flagged_text_only=101 | OK
[2026-06-01 23:32 PT] [1852] STAGE6-INGEST | Starting DB ingest (idempotent on content_sha256) | OK
[2026-06-01 23:32 PT] [1852] STAGE6-INGEST | Updated skeleton source_document id=3 with real data | OK
[2026-06-01 23:32 PT] [1852] STAGE6-INGEST | Ingesting 12 confident acts | OK
[2026-06-01 23:32 PT] [1852] STAGE6-INGEST | Ingest done: enactments=3 provisions=3 change_events=3 skipped_dup=9 failed=0 | OK
[2026-06-01 23:32 PT] [1852] STAGE6-INGEST | Flagged text-only acts (NOT ingested as structured): 101 | WARN
[2026-06-01 23:32 PT] [1852] STAGE6-INGEST | Final DB counts: source_document=20 enactment=1235 provision=1235 change_event=1235 | OK
[2026-06-01 23:32 PT] [1852] REPORT | === VOLUME COMPLETE: 1852 === | OK
[2026-06-01 23:32 PT] [1852] REPORT | PDF: 1852_Statutes.pdf | 288 pages | SHA256=a227019baab061d2ba47299e5c12c8fd46d70c818feeb43716c974bb304fef8a | OK
[2026-06-01 23:32 PT] [1852] REPORT | Render: 13.1s | Preprocess: 238.4s | OCR: 760.4s | Parse: 0.04s | TOTAL: 1011.9s (16.9 min) | OK
[2026-06-01 23:32 PT] [1852] REPORT | OCR: 284 body pages | 2.68s/page | 22.4 p/min | Surya=True engines=surya+doctr+tesseract-5 | OK
[2026-06-01 23:32 PT] [1852] REPORT | Confidence: {'high_>=0.65': 49, 'medium_0.50_0.65': 201, 'low_<0.50': 34, 'mean_agreement': 0.5851, 'median_agreement': 0.5897} | OK
[2026-06-01 23:32 PT] [1852] REPORT | Acts: confident=12 flagged=101 | OK
[2026-06-01 23:32 PT] [1852] REPORT | DB: src_doc_id=3 enactments=3 provisions=3 change_events=3 | OK
[2026-06-01 23:32 PT] [1852] REPORT | OCR output: C:\Users\PatrickKolasinski\PatoLex-scratch\production-1852\ocr_consensus\page_ocr_results.json | OK
[2026-06-01 23:32 PT] [1852] REPORT | === END: 1852 === | OK
[2026-06-01 23:32 PT] [BATCH] BATCH | 1852: COMPLETED in 17.2 min (exit 0) | OK
[2026-06-01 23:32 PT] [BATCH] BATCH | Starting 1853: 318 pages, ~17 min est | 1853_Statutes.pdf | OK
[2026-06-01 23:32 PT] [1853] PIPELINE | === START: 1853_Statutes.pdf session=1853 === | OK
[2026-06-01 23:32 PT] [1853] STAGE0 | Computing SHA256 of 1853_Statutes.pdf | OK
[2026-06-01 23:32 PT] [1853] STAGE0 | SHA256=b84b34aedc93d4e9aba07af7b53352d5d812b3f67db818913604c04a97f140d3 (7ms) | OK
[2026-06-01 23:32 PT] [1853] STAGE0 | No production row with this SHA256 -- proceeding | OK
[2026-06-01 23:32 PT] [1853] STAGE0 | PDF opened: 318 pages | OK
[2026-06-01 23:32 PT] [1853] STAGE1-RENDER | Rendering 318 pages at 300 DPI | OK
[2026-06-01 23:32 PT] [1853] STAGE1-RENDER | page 1/318 | OK
[2026-06-01 23:32 PT] [1853] STAGE1-RENDER | page 2/318 | OK
[2026-06-01 23:32 PT] [1853] STAGE1-RENDER | page 3/318 | OK
[2026-06-01 23:32 PT] [1853] STAGE1-RENDER | page 101/318 | OK
[2026-06-01 23:32 PT] [1853] STAGE1-RENDER | page 201/318 | OK
[2026-06-01 23:33 PT] [1853] STAGE1-RENDER | page 301/318 | OK
[2026-06-01 23:33 PT] [1853] STAGE1-RENDER | Render done: 318 pages in 14.3s (0.05s/page) | OK
[2026-06-01 23:33 PT] [1853] STAGE2-PREPROCESS | Preprocessing 318 pages (v2 grayscale track) | OK
[2026-06-01 23:33 PT] [1853] STAGE2-PREPROCESS | page 1/318 ok=1 fail=0 | OK
[2026-06-01 23:33 PT] [1853] STAGE2-PREPROCESS | page 2/318 ok=2 fail=0 | OK
[2026-06-01 23:33 PT] [1853] STAGE2-PREPROCESS | page 3/318 ok=3 fail=0 | OK
[2026-06-01 23:34 PT] [1853] STAGE2-PREPROCESS | page 101/318 ok=101 fail=0 | OK
[2026-06-01 23:35 PT] [1853] STAGE2-PREPROCESS | page 201/318 ok=201 fail=0 | OK
[2026-06-01 23:37 PT] [1853] STAGE2-PREPROCESS | page 301/318 ok=301 fail=0 | OK
[2026-06-01 23:37 PT] [1853] STAGE2-PREPROCESS | Preprocess done: 318 OK / 0 FAIL in 264.7s | OK
[2026-06-01 23:37 PT] [1853] STAGE3-CLASSIFY | Detecting body start page via ink density | OK
[2026-06-01 23:37 PT] [1853] STAGE3-CLASSIFY | Body start detected at 0-indexed page 2 (PDF page 3) | OK
[2026-06-01 23:37 PT] [1853] STAGE3-CLASSIFY | Classification done in 8.5s: body=314 front_matter=2 index=1 empty=1 | OK
[2026-06-01 23:37 PT] [1853] STAGE4-OCR | Loading docTR model (GPU) | OK
[2026-06-01 23:37 PT] [1853] STAGE4-OCR | docTR on GPU: NVIDIA GeForce RTX 5080 | OK
[2026-06-01 23:37 PT] [1853] STAGE4-OCR | Surya (local) loaded OK | OK
[2026-06-01 23:37 PT] [1853] STAGE4-OCR | Starting OCR consensus on 314 body pages (Surya=True) | OK
[2026-06-01 23:37 PT] [1853] STAGE4-OCR | page 3 (1/314): engines=surya+doctr+tess agree=0.58 hi=False 4.7s | OK
[2026-06-01 23:37 PT] [1853] STAGE4-OCR | page 4 (2/314): engines=surya+doctr+tess agree=0.48 hi=False 3.7s | OK
[2026-06-01 23:37 PT] [1853] STAGE4-OCR | page 5 (3/314): engines=surya+doctr+tess agree=0.52 hi=False 2.9s | OK
[2026-06-01 23:37 PT] [1853] STAGE4-OCR | page 6 (4/314): engines=surya+doctr+tess agree=0.56 hi=False 2.9s | OK
[2026-06-01 23:38 PT] [1853] STAGE4-OCR | page 7 (5/314): engines=surya+doctr+tess agree=0.62 hi=False 3.0s | OK
[2026-06-01 23:38 PT] [1853] STAGE4-OCR | page 24 (21/314): engines=surya+doctr+tess agree=0.68 hi=True 2.1s | OK
[2026-06-01 23:39 PT] [1853] STAGE4-OCR | page 44 (41/314): engines=surya+doctr+tess agree=0.68 hi=True 2.3s | OK
[2026-06-01 23:40 PT] [1853] STAGE4-OCR | page 64 (61/314): engines=surya+doctr+tess agree=0.67 hi=True 2.9s | OK
[2026-06-01 23:40 PT] [1853] STAGE4-OCR | page 84 (81/314): engines=surya+doctr+tess agree=0.71 hi=True 1.7s | OK
[2026-06-01 23:41 PT] [1853] STAGE4-OCR | page 104 (101/314): engines=surya+doctr+tess agree=0.68 hi=True 3.0s | OK
[2026-06-01 23:42 PT] [1853] STAGE4-OCR | page 124 (121/314): engines=surya+doctr+tess agree=0.57 hi=False 2.8s | OK
[2026-06-01 23:43 PT] [1853] STAGE4-OCR | page 144 (141/314): engines=surya+doctr+tess agree=0.72 hi=True 2.0s | OK
[2026-06-01 23:44 PT] [1853] STAGE4-OCR | page 164 (161/314): engines=surya+doctr+tess agree=0.67 hi=True 2.3s | OK
[2026-06-01 23:45 PT] [1853] STAGE4-OCR | page 184 (181/314): engines=surya+doctr+tess agree=0.59 hi=False 3.3s | OK
[2026-06-01 23:45 PT] [1853] STAGE4-OCR | page 204 (201/314): engines=surya+doctr+tess agree=0.71 hi=True 3.3s | OK
[2026-06-01 23:46 PT] [1853] STAGE4-OCR | page 224 (221/314): engines=surya+doctr+tess agree=0.73 hi=True 2.3s | OK
[2026-06-01 23:47 PT] [1853] STAGE4-OCR | page 244 (241/314): engines=surya+doctr+tess agree=0.60 hi=False 2.6s | OK
[2026-06-01 23:48 PT] [1853] STAGE4-OCR | page 264 (261/314): engines=surya+doctr+tess agree=0.61 hi=False 3.2s | OK
[2026-06-01 23:49 PT] [1853] STAGE4-OCR | page 284 (281/314): engines=surya+doctr+tess agree=0.67 hi=True 3.2s | OK
[2026-06-01 23:50 PT] [1853] STAGE4-OCR | page 304 (301/314): engines=surya+doctr+tess agree=0.73 hi=True 2.5s | OK
[2026-06-01 23:50 PT] [1853] STAGE4-OCR | OCR done: 314 pages in 784.8s (2.50s/page) hi=158 lo=156 | OK
[2026-06-01 23:50 PT] [1853] STAGE4-OCR | Confidence distribution: {'high_>=0.65': 158, 'medium_0.50_0.65': 142, 'low_<0.50': 14, 'mean_agreement': 0.6505, 'median_agreement': 0.6513} | OK
[2026-06-01 23:50 PT] [1853] STAGE5-PARSE | Parsing acts from consensus OCR text | OK
[2026-06-01 23:50 PT] [1853] STAGE5-PARSE | Parse done in 0.03s: confident=8 flagged_text_only=126 | OK
[2026-06-01 23:50 PT] [1853] STAGE6-INGEST | Starting DB ingest (idempotent on content_sha256) | OK
[2026-06-01 23:50 PT] [1853] STAGE6-INGEST | Updated skeleton source_document id=4 with real data | OK
[2026-06-01 23:50 PT] [1853] STAGE6-INGEST | Ingesting 8 confident acts | OK
[2026-06-01 23:50 PT] [1853] STAGE6-INGEST | Ingest done: enactments=3 provisions=3 change_events=3 skipped_dup=5 failed=0 | OK
[2026-06-01 23:50 PT] [1853] STAGE6-INGEST | Flagged text-only acts (NOT ingested as structured): 126 | WARN
[2026-06-01 23:50 PT] [1853] STAGE6-INGEST | Final DB counts: source_document=20 enactment=1238 provision=1238 change_event=1238 | OK
[2026-06-01 23:50 PT] [1853] REPORT | === VOLUME COMPLETE: 1853 === | OK
[2026-06-01 23:50 PT] [1853] REPORT | PDF: 1853_Statutes.pdf | 318 pages | SHA256=b84b34aedc93d4e9aba07af7b53352d5d812b3f67db818913604c04a97f140d3 | OK
[2026-06-01 23:50 PT] [1853] REPORT | Render: 14.3s | Preprocess: 264.7s | OCR: 784.8s | Parse: 0.03s | TOTAL: 1063.9s (17.7 min) | OK
[2026-06-01 23:50 PT] [1853] REPORT | OCR: 314 body pages | 2.50s/page | 24.0 p/min | Surya=True engines=surya+doctr+tesseract-5 | OK
[2026-06-01 23:50 PT] [1853] REPORT | Confidence: {'high_>=0.65': 158, 'medium_0.50_0.65': 142, 'low_<0.50': 14, 'mean_agreement': 0.6505, 'median_agreement': 0.6513} | OK
[2026-06-01 23:50 PT] [1853] REPORT | Acts: confident=8 flagged=126 | OK
[2026-06-01 23:50 PT] [1853] REPORT | DB: src_doc_id=4 enactments=3 provisions=3 change_events=3 | OK
[2026-06-01 23:50 PT] [1853] REPORT | OCR output: C:\Users\PatrickKolasinski\PatoLex-scratch\production-1853\ocr_consensus\page_ocr_results.json | OK
[2026-06-01 23:50 PT] [1853] REPORT | === END: 1853 === | OK
[2026-06-01 23:50 PT] [BATCH] BATCH | 1853: COMPLETED in 18.1 min (exit 0) | OK
[2026-06-01 23:50 PT] [BATCH] BATCH | Starting 1854: 230 pages, ~13 min est | 1854_Statutes.pdf | OK
[2026-06-01 23:50 PT] [1854] PIPELINE | === START: 1854_Statutes.pdf session=1854 === | OK
[2026-06-01 23:50 PT] [1854] STAGE0 | Computing SHA256 of 1854_Statutes.pdf | OK
[2026-06-01 23:50 PT] [1854] STAGE0 | SHA256=0a865551c0a9f0efd79eead1f04eea465b4661344c401a6367c7cc1e82840d32 (6ms) | OK
[2026-06-01 23:50 PT] [1854] STAGE0 | No production row with this SHA256 -- proceeding | OK
[2026-06-01 23:50 PT] [1854] STAGE0 | PDF opened: 230 pages | OK
[2026-06-01 23:50 PT] [1854] STAGE1-RENDER | Rendering 230 pages at 300 DPI | OK
[2026-06-01 23:50 PT] [1854] STAGE1-RENDER | page 1/230 | OK
[2026-06-01 23:50 PT] [1854] STAGE1-RENDER | page 2/230 | OK
[2026-06-01 23:50 PT] [1854] STAGE1-RENDER | page 3/230 | OK
[2026-06-01 23:50 PT] [1854] STAGE1-RENDER | page 101/230 | OK
[2026-06-01 23:51 PT] [1854] STAGE1-RENDER | page 201/230 | OK
[2026-06-01 23:51 PT] [1854] STAGE1-RENDER | Render done: 230 pages in 10.0s (0.04s/page) | OK
[2026-06-01 23:51 PT] [1854] STAGE2-PREPROCESS | Preprocessing 230 pages (v2 grayscale track) | OK
[2026-06-01 23:51 PT] [1854] STAGE2-PREPROCESS | page 1/230 ok=1 fail=0 | OK
[2026-06-01 23:51 PT] [1854] STAGE2-PREPROCESS | page 2/230 ok=2 fail=0 | OK
[2026-06-01 23:51 PT] [1854] STAGE2-PREPROCESS | page 3/230 ok=3 fail=0 | OK
[2026-06-01 23:52 PT] [1854] STAGE2-PREPROCESS | page 101/230 ok=101 fail=0 | OK
[2026-06-01 23:53 PT] [1854] STAGE2-PREPROCESS | page 201/230 ok=201 fail=0 | OK
[2026-06-01 23:54 PT] [1854] STAGE2-PREPROCESS | Preprocess done: 230 OK / 0 FAIL in 180.1s | OK
[2026-06-01 23:54 PT] [1854] STAGE3-CLASSIFY | Detecting body start page via ink density | OK
[2026-06-01 23:54 PT] [1854] STAGE3-CLASSIFY | Body start detected at 0-indexed page 2 (PDF page 3) | OK
[2026-06-01 23:54 PT] [1854] STAGE3-CLASSIFY | Classification done in 6.4s: body=222 front_matter=2 index=2 empty=4 | OK
[2026-06-01 23:54 PT] [1854] STAGE4-OCR | Loading docTR model (GPU) | OK
[2026-06-01 23:54 PT] [1854] STAGE4-OCR | docTR on GPU: NVIDIA GeForce RTX 5080 | OK
[2026-06-01 23:54 PT] [1854] STAGE4-OCR | Surya (local) loaded OK | OK
[2026-06-01 23:54 PT] [1854] STAGE4-OCR | Starting OCR consensus on 222 body pages (Surya=True) | OK
[2026-06-01 23:54 PT] [1854] STAGE4-OCR | page 3 (1/222): engines=surya+doctr+tess agree=0.61 hi=False 3.9s | OK
[2026-06-01 23:54 PT] [1854] STAGE4-OCR | page 4 (2/222): engines=surya+doctr+tess agree=0.56 hi=False 3.6s | OK
[2026-06-01 23:54 PT] [1854] STAGE4-OCR | page 5 (3/222): engines=surya+doctr+tess agree=0.60 hi=False 2.5s | OK
[2026-06-01 23:54 PT] [1854] STAGE4-OCR | page 6 (4/222): engines=surya+doctr+tess agree=0.61 hi=False 2.9s | OK
[2026-06-01 23:54 PT] [1854] STAGE4-OCR | page 7 (5/222): engines=surya+doctr+tess agree=0.62 hi=False 2.4s | OK
[2026-06-01 23:55 PT] [1854] STAGE4-OCR | page 25 (21/222): engines=surya+doctr+tess agree=0.72 hi=True 2.2s | OK
[2026-06-01 23:56 PT] [1854] STAGE4-OCR | page 45 (41/222): engines=surya+doctr+tess agree=0.70 hi=True 2.4s | OK
[2026-06-01 23:57 PT] [1854] STAGE4-OCR | page 65 (61/222): engines=surya+doctr+tess agree=0.69 hi=True 2.8s | OK
[2026-06-01 23:58 PT] [1854] STAGE4-OCR | page 85 (81/222): engines=surya+doctr+tess agree=0.47 hi=False 3.5s | OK
[2026-06-01 23:59 PT] [1854] STAGE4-OCR | page 105 (101/222): engines=surya+doctr+tess agree=0.74 hi=True 3.0s | OK
[2026-06-02 00:00 PT] [1854] STAGE4-OCR | page 125 (121/222): engines=surya+doctr+tess agree=0.81 hi=True 3.2s | OK
[2026-06-02 00:01 PT] [1854] STAGE4-OCR | page 145 (141/222): engines=surya+doctr+tess agree=0.83 hi=True 2.7s | OK
[2026-06-02 00:02 PT] [1854] STAGE4-OCR | page 165 (161/222): engines=surya+doctr+tess agree=0.66 hi=True 2.7s | OK
[2026-06-02 00:03 PT] [1854] STAGE4-OCR | page 185 (181/222): engines=surya+doctr+tess agree=0.84 hi=True 3.2s | OK
[2026-06-02 00:04 PT] [1854] STAGE4-OCR | page 205 (201/222): engines=surya+doctr+tess agree=0.69 hi=True 2.0s | OK
[2026-06-02 00:05 PT] [1854] STAGE4-OCR | page 229 (221/222): engines=surya+doctr+tess agree=0.67 hi=True 2.2s | OK
[2026-06-02 00:05 PT] [1854] STAGE4-OCR | OCR done: 222 pages in 666.9s (3.00s/page) hi=189 lo=33 | OK
[2026-06-02 00:05 PT] [1854] STAGE4-OCR | Confidence distribution: {'high_>=0.65': 189, 'medium_0.50_0.65': 30, 'low_<0.50': 3, 'mean_agreement': 0.7213, 'median_agreement': 0.7264} | OK
[2026-06-02 00:05 PT] [1854] STAGE5-PARSE | Parsing acts from consensus OCR text | OK
[2026-06-02 00:05 PT] [1854] STAGE5-PARSE | Parse done in 0.02s: confident=42 flagged_text_only=3 | OK
[2026-06-02 00:05 PT] [1854] STAGE6-INGEST | Starting DB ingest (idempotent on content_sha256) | OK
[2026-06-02 00:05 PT] [1854] STAGE6-INGEST | Updated skeleton source_document id=5 with real data | OK
[2026-06-02 00:05 PT] [1854] STAGE6-INGEST | Ingesting 42 confident acts | OK
[2026-06-02 00:05 PT] [1854] STAGE6-INGEST | Ingest done: enactments=7 provisions=7 change_events=7 skipped_dup=35 failed=0 | OK
[2026-06-02 00:05 PT] [1854] STAGE6-INGEST | Flagged text-only acts (NOT ingested as structured): 3 | WARN
[2026-06-02 00:05 PT] [1854] STAGE6-INGEST | Final DB counts: source_document=20 enactment=1245 provision=1245 change_event=1245 | OK
[2026-06-02 00:05 PT] [1854] REPORT | === VOLUME COMPLETE: 1854 === | OK
[2026-06-02 00:05 PT] [1854] REPORT | PDF: 1854_Statutes.pdf | 230 pages | SHA256=0a865551c0a9f0efd79eead1f04eea465b4661344c401a6367c7cc1e82840d32 | OK
[2026-06-02 00:05 PT] [1854] REPORT | Render: 10.0s | Preprocess: 180.1s | OCR: 666.9s | Parse: 0.02s | TOTAL: 857.0s (14.3 min) | OK
[2026-06-02 00:05 PT] [1854] REPORT | OCR: 222 body pages | 3.00s/page | 20.0 p/min | Surya=True engines=surya+doctr+tesseract-5 | OK
[2026-06-02 00:05 PT] [1854] REPORT | Confidence: {'high_>=0.65': 189, 'medium_0.50_0.65': 30, 'low_<0.50': 3, 'mean_agreement': 0.7213, 'median_agreement': 0.7264} | OK
[2026-06-02 00:05 PT] [1854] REPORT | Acts: confident=42 flagged=3 | OK
[2026-06-02 00:05 PT] [1854] REPORT | DB: src_doc_id=5 enactments=7 provisions=7 change_events=7 | OK
[2026-06-02 00:05 PT] [1854] REPORT | OCR output: C:\Users\PatrickKolasinski\PatoLex-scratch\production-1854\ocr_consensus\page_ocr_results.json | OK
[2026-06-02 00:05 PT] [1854] REPORT | === END: 1854 === | OK
[2026-06-02 00:05 PT] [BATCH] BATCH | 1854: COMPLETED in 14.6 min (exit 0) | OK
[2026-06-02 00:05 PT] [BATCH] BATCH | Starting 1855: 324 pages, ~18 min est | 1855_Statutes.pdf | OK
[2026-06-02 00:05 PT] [1855] PIPELINE | === START: 1855_Statutes.pdf session=1855 === | OK
[2026-06-02 00:05 PT] [1855] STAGE0 | Computing SHA256 of 1855_Statutes.pdf | OK
[2026-06-02 00:05 PT] [1855] STAGE0 | SHA256=1eebeb28bf7746862d15c02977bf7d806346fdba2f482d3cbad3d6c539a21b27 (2ms) | OK
[2026-06-02 00:05 PT] [1855] STAGE0 | No production row with this SHA256 -- proceeding | OK
[2026-06-02 00:05 PT] [1855] STAGE0 | PDF opened: 324 pages | OK
[2026-06-02 00:05 PT] [1855] STAGE1-RENDER | Rendering 324 pages at 300 DPI | OK
[2026-06-02 00:05 PT] [1855] STAGE1-RENDER | page 1/324 | OK
[2026-06-02 00:05 PT] [1855] STAGE1-RENDER | page 2/324 | OK
[2026-06-02 00:05 PT] [1855] STAGE1-RENDER | page 3/324 | OK
[2026-06-02 00:05 PT] [1855] STAGE1-RENDER | page 101/324 | OK
[2026-06-02 00:05 PT] [1855] STAGE1-RENDER | page 201/324 | OK
[2026-06-02 00:05 PT] [1855] STAGE1-RENDER | page 301/324 | OK
[2026-06-02 00:05 PT] [1855] STAGE1-RENDER | Render done: 324 pages in 14.0s (0.04s/page) | OK
[2026-06-02 00:05 PT] [1855] STAGE2-PREPROCESS | Preprocessing 324 pages (v2 grayscale track) | OK
[2026-06-02 00:05 PT] [1855] STAGE2-PREPROCESS | page 1/324 ok=1 fail=0 | OK
[2026-06-02 00:05 PT] [1855] STAGE2-PREPROCESS | page 2/324 ok=2 fail=0 | OK
[2026-06-02 00:05 PT] [1855] STAGE2-PREPROCESS | page 3/324 ok=3 fail=0 | OK
[2026-06-02 00:07 PT] [1855] STAGE2-PREPROCESS | page 101/324 ok=101 fail=0 | OK
[2026-06-02 00:08 PT] [1855] STAGE2-PREPROCESS | page 201/324 ok=201 fail=0 | OK
[2026-06-02 00:09 PT] [1855] STAGE2-PREPROCESS | page 301/324 ok=301 fail=0 | OK
[2026-06-02 00:10 PT] [1855] STAGE2-PREPROCESS | Preprocess done: 324 OK / 0 FAIL in 259.6s | OK
[2026-06-02 00:10 PT] [1855] STAGE3-CLASSIFY | Detecting body start page via ink density | OK
[2026-06-02 00:10 PT] [1855] STAGE3-CLASSIFY | Body start detected at 0-indexed page 0 (PDF page 1) | OK
[2026-06-02 00:10 PT] [1855] STAGE3-CLASSIFY | Classification done in 8.7s: body=324 front_matter=0 index=0 empty=0 | OK
[2026-06-02 00:10 PT] [1855] STAGE4-OCR | Loading docTR model (GPU) | OK
[2026-06-02 00:10 PT] [1855] STAGE4-OCR | docTR on GPU: NVIDIA GeForce RTX 5080 | OK
[2026-06-02 00:10 PT] [1855] STAGE4-OCR | Surya (local) loaded OK | OK
[2026-06-02 00:10 PT] [1855] STAGE4-OCR | Starting OCR consensus on 324 body pages (Surya=True) | OK
[2026-06-02 00:10 PT] [1855] STAGE4-OCR | page 1 (1/324): engines=surya+doctr+tess agree=0.76 hi=True 3.5s | OK
[2026-06-02 00:10 PT] [1855] STAGE4-OCR | page 2 (2/324): engines=surya+doctr+tess agree=0.60 hi=False 4.4s | OK
[2026-06-02 00:10 PT] [1855] STAGE4-OCR | page 3 (3/324): engines=surya+doctr+tess agree=0.55 hi=False 4.1s | OK
[2026-06-02 00:10 PT] [1855] STAGE4-OCR | page 4 (4/324): engines=surya+doctr+tess agree=0.58 hi=False 3.9s | OK
[2026-06-02 00:10 PT] [1855] STAGE4-OCR | page 5 (5/324): engines=surya+doctr+tess agree=0.53 hi=False 4.1s | OK
[2026-06-02 00:11 PT] [1855] STAGE4-OCR | page 21 (21/324): engines=surya+doctr+tess agree=0.84 hi=True 1.6s | OK
[2026-06-02 00:12 PT] [1855] STAGE4-OCR | page 41 (41/324): engines=surya+doctr+tess agree=0.85 hi=True 3.1s | OK
[2026-06-02 00:13 PT] [1855] STAGE4-OCR | page 61 (61/324): engines=surya+doctr+tess agree=0.83 hi=True 2.9s | OK
[2026-06-02 00:14 PT] [1855] STAGE4-OCR | page 81 (81/324): engines=surya+doctr+tess agree=0.85 hi=True 2.3s | OK
[2026-06-02 00:14 PT] [1855] STAGE4-OCR | page 101 (101/324): engines=surya+doctr+tess agree=0.87 hi=True 2.6s | OK
[2026-06-02 00:15 PT] [1855] STAGE4-OCR | page 121 (121/324): engines=surya+doctr+tess agree=0.85 hi=True 2.4s | OK
[2026-06-02 00:16 PT] [1855] STAGE4-OCR | page 141 (141/324): engines=surya+doctr+tess agree=0.72 hi=True 2.4s | OK
[2026-06-02 00:17 PT] [1855] STAGE4-OCR | page 161 (161/324): engines=surya+doctr+tess agree=0.79 hi=True 2.1s | OK
[2026-06-02 00:18 PT] [1855] STAGE4-OCR | page 181 (181/324): engines=surya+doctr+tess agree=0.87 hi=True 3.0s | OK
[2026-06-02 00:19 PT] [1855] STAGE4-OCR | page 201 (201/324): engines=surya+doctr+tess agree=0.83 hi=True 2.1s | OK
[2026-06-02 00:20 PT] [1855] STAGE4-OCR | page 221 (221/324): engines=surya+doctr+tess agree=0.74 hi=True 2.0s | OK
[2026-06-02 00:20 PT] [1855] STAGE4-OCR | page 241 (241/324): engines=surya+doctr+tess agree=0.85 hi=True 2.3s | OK
[2026-06-02 00:21 PT] [1855] STAGE4-OCR | page 261 (261/324): engines=surya+doctr+tess agree=0.80 hi=True 3.4s | OK
[2026-06-02 00:22 PT] [1855] STAGE4-OCR | page 281 (281/324): engines=surya+doctr+tess agree=0.81 hi=True 1.6s | OK
[2026-06-02 00:23 PT] [1855] STAGE4-OCR | page 301 (301/324): engines=surya+doctr+tess agree=0.81 hi=True 2.7s | OK
[2026-06-02 00:24 PT] [1855] STAGE4-OCR | page 321 (321/324): engines=surya+doctr+tess agree=0.82 hi=True 1.8s | OK
[2026-06-02 00:24 PT] [1855] STAGE4-OCR | OCR done: 324 pages in 850.7s (2.63s/page) hi=302 lo=22 | OK
[2026-06-02 00:24 PT] [1855] STAGE4-OCR | Confidence distribution: {'high_>=0.65': 302, 'medium_0.50_0.65': 19, 'low_<0.50': 3, 'mean_agreement': 0.8072, 'median_agreement': 0.8248} | OK
[2026-06-02 00:24 PT] [1855] STAGE5-PARSE | Parsing acts from consensus OCR text | OK
[2026-06-02 00:24 PT] [1855] STAGE5-PARSE | Parse done in 0.02s: confident=137 flagged_text_only=24 | OK
[2026-06-02 00:24 PT] [1855] STAGE6-INGEST | Starting DB ingest (idempotent on content_sha256) | OK
[2026-06-02 00:24 PT] [1855] STAGE6-INGEST | Updated skeleton source_document id=6 with real data | OK
[2026-06-02 00:24 PT] [1855] STAGE6-INGEST | Ingesting 137 confident acts | OK
[2026-06-02 00:24 PT] [1855] STAGE6-INGEST | Ingest done: enactments=73 provisions=73 change_events=73 skipped_dup=64 failed=0 | OK
[2026-06-02 00:24 PT] [1855] STAGE6-INGEST | Flagged text-only acts (NOT ingested as structured): 24 | WARN
[2026-06-02 00:24 PT] [1855] STAGE6-INGEST | Final DB counts: source_document=20 enactment=1318 provision=1318 change_event=1318 | OK
[2026-06-02 00:24 PT] [1855] REPORT | === VOLUME COMPLETE: 1855 === | OK
[2026-06-02 00:24 PT] [1855] REPORT | PDF: 1855_Statutes.pdf | 324 pages | SHA256=1eebeb28bf7746862d15c02977bf7d806346fdba2f482d3cbad3d6c539a21b27 | OK
[2026-06-02 00:24 PT] [1855] REPORT | Render: 14.0s | Preprocess: 259.6s | OCR: 850.7s | Parse: 0.02s | TOTAL: 1124.4s (18.7 min) | OK
[2026-06-02 00:24 PT] [1855] REPORT | OCR: 324 body pages | 2.63s/page | 22.9 p/min | Surya=True engines=surya+doctr+tesseract-5 | OK
[2026-06-02 00:24 PT] [1855] REPORT | Confidence: {'high_>=0.65': 302, 'medium_0.50_0.65': 19, 'low_<0.50': 3, 'mean_agreement': 0.8072, 'median_agreement': 0.8248} | OK
[2026-06-02 00:24 PT] [1855] REPORT | Acts: confident=137 flagged=24 | OK
[2026-06-02 00:24 PT] [1855] REPORT | DB: src_doc_id=6 enactments=73 provisions=73 change_events=73 | OK
[2026-06-02 00:24 PT] [1855] REPORT | OCR output: C:\Users\PatrickKolasinski\PatoLex-scratch\production-1855\ocr_consensus\page_ocr_results.json | OK
[2026-06-02 00:24 PT] [1855] REPORT | === END: 1855 === | OK
[2026-06-02 00:24 PT] [BATCH] BATCH | 1855: COMPLETED in 19.4 min (exit 0) | OK
[2026-06-02 00:24 PT] [BATCH] BATCH | Starting 1856: 239 pages, ~13 min est | 1856_Statutes.pdf | OK
[2026-06-02 00:24 PT] [1856] PIPELINE | === START: 1856_Statutes.pdf session=1856 === | OK
[2026-06-02 00:24 PT] [1856] STAGE0 | Computing SHA256 of 1856_Statutes.pdf | OK
[2026-06-02 00:24 PT] [1856] STAGE0 | SHA256=ed49e9c673bb95f6a546e88b1c315c5712ad433567126b075ecf20524c51efb2 (16ms) | OK
[2026-06-02 00:24 PT] [1856] STAGE0 | No production row with this SHA256 -- proceeding | OK
[2026-06-02 00:24 PT] [1856] STAGE0 | PDF opened: 239 pages | OK
[2026-06-02 00:24 PT] [1856] STAGE1-RENDER | Rendering 239 pages at 300 DPI | OK
[2026-06-02 00:24 PT] [1856] STAGE1-RENDER | page 1/239 | OK
[2026-06-02 00:24 PT] [1856] STAGE1-RENDER | page 2/239 | OK
[2026-06-02 00:24 PT] [1856] STAGE1-RENDER | page 3/239 | OK
[2026-06-02 00:25 PT] [1856] STAGE1-RENDER | page 101/239 | OK
[2026-06-02 00:25 PT] [1856] STAGE1-RENDER | page 201/239 | OK
[2026-06-02 00:25 PT] [1856] STAGE1-RENDER | Render done: 239 pages in 10.6s (0.04s/page) | OK
[2026-06-02 00:25 PT] [1856] STAGE2-PREPROCESS | Preprocessing 239 pages (v2 grayscale track) | OK
[2026-06-02 00:25 PT] [1856] STAGE2-PREPROCESS | page 1/239 ok=1 fail=0 | OK
[2026-06-02 00:25 PT] [1856] STAGE2-PREPROCESS | page 2/239 ok=2 fail=0 | OK
[2026-06-02 00:25 PT] [1856] STAGE2-PREPROCESS | page 3/239 ok=3 fail=0 | OK
[2026-06-02 00:26 PT] [1856] STAGE2-PREPROCESS | page 101/239 ok=101 fail=0 | OK
[2026-06-02 00:27 PT] [1856] STAGE2-PREPROCESS | page 201/239 ok=201 fail=0 | OK
[2026-06-02 00:28 PT] [1856] STAGE2-PREPROCESS | Preprocess done: 239 OK / 0 FAIL in 197.3s | OK
[2026-06-02 00:28 PT] [1856] STAGE3-CLASSIFY | Detecting body start page via ink density | OK
[2026-06-02 00:28 PT] [1856] STAGE3-CLASSIFY | Body start detected at 0-indexed page 0 (PDF page 1) | OK
[2026-06-02 00:28 PT] [1856] STAGE3-CLASSIFY | Classification done in 7.2s: body=237 front_matter=0 index=1 empty=1 | OK
[2026-06-02 00:28 PT] [1856] STAGE4-OCR | Loading docTR model (GPU) | OK
[2026-06-02 00:28 PT] [1856] STAGE4-OCR | docTR on GPU: NVIDIA GeForce RTX 5080 | OK
[2026-06-02 00:28 PT] [1856] STAGE4-OCR | Surya (local) loaded OK | OK
[2026-06-02 00:28 PT] [1856] STAGE4-OCR | Starting OCR consensus on 237 body pages (Surya=True) | OK
[2026-06-02 00:28 PT] [1856] STAGE4-OCR | page 1 (1/237): engines=surya+doctr+tess agree=0.55 hi=False 2.6s | OK
[2026-06-02 00:28 PT] [1856] STAGE4-OCR | page 2 (2/237): engines=surya+doctr+tess agree=0.65 hi=False 3.2s | OK
[2026-06-02 00:28 PT] [1856] STAGE4-OCR | page 3 (3/237): engines=surya+doctr+tess agree=0.65 hi=False 4.2s | OK
[2026-06-02 00:28 PT] [1856] STAGE4-OCR | page 4 (4/237): engines=surya+doctr+tess agree=0.67 hi=True 4.1s | OK
[2026-06-02 00:28 PT] [1856] STAGE4-OCR | page 5 (5/237): engines=surya+doctr+tess agree=0.66 hi=True 4.2s | OK
[2026-06-02 00:29 PT] [1856] STAGE4-OCR | page 22 (21/237): engines=surya+doctr+tess agree=0.78 hi=True 2.1s | OK
[2026-06-02 00:30 PT] [1856] STAGE4-OCR | page 42 (41/237): engines=surya+doctr+tess agree=0.82 hi=True 1.7s | OK
[2026-06-02 00:31 PT] [1856] STAGE4-OCR | page 62 (61/237): engines=surya+doctr+tess agree=0.81 hi=True 3.1s | OK
[2026-06-02 00:32 PT] [1856] STAGE4-OCR | page 82 (81/237): engines=surya+doctr+tess agree=0.82 hi=True 1.9s | OK
[2026-06-02 00:32 PT] [1856] STAGE4-OCR | page 102 (101/237): engines=surya+doctr+tess agree=0.78 hi=True 1.9s | OK
[2026-06-02 00:33 PT] [1856] STAGE4-OCR | page 122 (121/237): engines=surya+doctr+tess agree=0.81 hi=True 3.2s | OK
[2026-06-02 00:34 PT] [1856] STAGE4-OCR | page 142 (141/237): engines=surya+doctr+tess agree=0.88 hi=True 2.9s | OK
[2026-06-02 00:35 PT] [1856] STAGE4-OCR | page 162 (161/237): engines=surya+doctr+tess agree=0.89 hi=True 2.6s | OK
[2026-06-02 00:36 PT] [1856] STAGE4-OCR | page 182 (181/237): engines=surya+doctr+tess agree=0.82 hi=True 2.9s | OK
[2026-06-02 00:37 PT] [1856] STAGE4-OCR | page 202 (201/237): engines=surya+doctr+tess agree=0.85 hi=True 3.0s | OK
[2026-06-02 00:38 PT] [1856] STAGE4-OCR | page 222 (221/237): engines=surya+doctr+tess agree=0.82 hi=True 1.9s | OK
[2026-06-02 00:38 PT] [1856] STAGE4-OCR | OCR done: 237 pages in 615.6s (2.60s/page) hi=220 lo=17 | OK
[2026-06-02 00:38 PT] [1856] STAGE4-OCR | Confidence distribution: {'high_>=0.65': 220, 'medium_0.50_0.65': 16, 'low_<0.50': 1, 'mean_agreement': 0.803, 'median_agreement': 0.822} | OK
[2026-06-02 00:38 PT] [1856] STAGE5-PARSE | Parsing acts from consensus OCR text | OK
[2026-06-02 00:38 PT] [1856] STAGE5-PARSE | Parse done in 0.03s: confident=16 flagged_text_only=88 | OK
[2026-06-02 00:38 PT] [1856] STAGE6-INGEST | Starting DB ingest (idempotent on content_sha256) | OK
[2026-06-02 00:38 PT] [1856] STAGE6-INGEST | Updated skeleton source_document id=7 with real data | OK
[2026-06-02 00:38 PT] [1856] STAGE6-INGEST | Ingesting 16 confident acts | OK
[2026-06-02 00:38 PT] [1856] STAGE6-INGEST | Ingest done: enactments=4 provisions=4 change_events=4 skipped_dup=12 failed=0 | OK
[2026-06-02 00:38 PT] [1856] STAGE6-INGEST | Flagged text-only acts (NOT ingested as structured): 88 | WARN
[2026-06-02 00:38 PT] [1856] STAGE6-INGEST | Final DB counts: source_document=20 enactment=1322 provision=1322 change_event=1322 | OK
[2026-06-02 00:38 PT] [1856] REPORT | === VOLUME COMPLETE: 1856 === | OK
[2026-06-02 00:38 PT] [1856] REPORT | PDF: 1856_Statutes.pdf | 239 pages | SHA256=ed49e9c673bb95f6a546e88b1c315c5712ad433567126b075ecf20524c51efb2 | OK
[2026-06-02 00:38 PT] [1856] REPORT | Render: 10.6s | Preprocess: 197.3s | OCR: 615.6s | Parse: 0.03s | TOTAL: 823.5s (13.7 min) | OK
[2026-06-02 00:38 PT] [1856] REPORT | OCR: 237 body pages | 2.60s/page | 23.1 p/min | Surya=True engines=surya+doctr+tesseract-5 | OK
[2026-06-02 00:38 PT] [1856] REPORT | Confidence: {'high_>=0.65': 220, 'medium_0.50_0.65': 16, 'low_<0.50': 1, 'mean_agreement': 0.803, 'median_agreement': 0.822} | OK
[2026-06-02 00:38 PT] [1856] REPORT | Acts: confident=16 flagged=88 | OK
[2026-06-02 00:38 PT] [1856] REPORT | DB: src_doc_id=7 enactments=4 provisions=4 change_events=4 | OK
[2026-06-02 00:38 PT] [1856] REPORT | OCR output: C:\Users\PatrickKolasinski\PatoLex-scratch\production-1856\ocr_consensus\page_ocr_results.json | OK
[2026-06-02 00:38 PT] [1856] REPORT | === END: 1856 === | OK
[2026-06-02 00:38 PT] [BATCH] BATCH | 1856: COMPLETED in 14.0 min (exit 0) | OK
[2026-06-02 00:38 PT] [BATCH] BATCH | Starting 1857: 394 pages, ~22 min est | 1857_Statutes.pdf | OK
[2026-06-02 00:38 PT] [1857] PIPELINE | === START: 1857_Statutes.pdf session=1857 === | OK
[2026-06-02 00:38 PT] [1857] STAGE0 | Computing SHA256 of 1857_Statutes.pdf | OK
[2026-06-02 00:38 PT] [1857] STAGE0 | SHA256=99f4b8a41d7ec8457cf669b1ccb95ed0e2fdfc9acdd9026400e5fc65df401f2b (0ms) | OK
[2026-06-02 00:38 PT] [1857] STAGE0 | No production row with this SHA256 -- proceeding | OK
[2026-06-02 00:38 PT] [1857] STAGE0 | PDF opened: 394 pages | OK
[2026-06-02 00:38 PT] [1857] STAGE1-RENDER | Rendering 394 pages at 300 DPI | OK
[2026-06-02 00:38 PT] [1857] STAGE1-RENDER | page 1/394 | OK
[2026-06-02 00:38 PT] [1857] STAGE1-RENDER | page 2/394 | OK
[2026-06-02 00:38 PT] [1857] STAGE1-RENDER | page 3/394 | OK
[2026-06-02 00:39 PT] [1857] STAGE1-RENDER | page 101/394 | OK
[2026-06-02 00:39 PT] [1857] STAGE1-RENDER | page 201/394 | OK
[2026-06-02 00:39 PT] [1857] STAGE1-RENDER | page 301/394 | OK
[2026-06-02 00:39 PT] [1857] STAGE1-RENDER | Render done: 394 pages in 17.5s (0.04s/page) | OK
[2026-06-02 00:39 PT] [1857] STAGE2-PREPROCESS | Preprocessing 394 pages (v2 grayscale track) | OK
[2026-06-02 00:39 PT] [1857] STAGE2-PREPROCESS | page 1/394 ok=1 fail=0 | OK
[2026-06-02 00:39 PT] [1857] STAGE2-PREPROCESS | page 2/394 ok=2 fail=0 | OK
[2026-06-02 00:39 PT] [1857] STAGE2-PREPROCESS | page 3/394 ok=3 fail=0 | OK
[2026-06-02 00:40 PT] [1857] STAGE2-PREPROCESS | page 101/394 ok=101 fail=0 | OK
[2026-06-02 00:41 PT] [1857] STAGE2-PREPROCESS | page 201/394 ok=201 fail=0 | OK
[2026-06-02 00:43 PT] [1857] STAGE2-PREPROCESS | page 301/394 ok=301 fail=0 | OK
[2026-06-02 00:44 PT] [1857] STAGE2-PREPROCESS | Preprocess done: 394 OK / 0 FAIL in 308.9s | OK
[2026-06-02 00:44 PT] [1857] STAGE3-CLASSIFY | Detecting body start page via ink density | OK
[2026-06-02 00:44 PT] [1857] STAGE3-CLASSIFY | Body start detected at 0-indexed page 2 (PDF page 3) | OK
[2026-06-02 00:44 PT] [1857] STAGE3-CLASSIFY | Classification done in 10.0s: body=390 front_matter=2 index=1 empty=1 | OK
[2026-06-02 00:44 PT] [1857] STAGE4-OCR | Loading docTR model (GPU) | OK
[2026-06-02 00:44 PT] [1857] STAGE4-OCR | docTR on GPU: NVIDIA GeForce RTX 5080 | OK
[2026-06-02 00:44 PT] [1857] STAGE4-OCR | Surya (local) loaded OK | OK
[2026-06-02 00:44 PT] [1857] STAGE4-OCR | Starting OCR consensus on 390 body pages (Surya=True) | OK
[2026-06-02 00:44 PT] [1857] STAGE4-OCR | page 3 (1/390): engines=surya+doctr+tess agree=0.47 hi=False 5.3s | OK
[2026-06-02 00:44 PT] [1857] STAGE4-OCR | page 4 (2/390): engines=surya+doctr+tess agree=0.50 hi=False 4.2s | OK
[2026-06-02 00:44 PT] [1857] STAGE4-OCR | page 5 (3/390): engines=surya+doctr+tess agree=0.50 hi=False 4.4s | OK
[2026-06-02 00:45 PT] [1857] STAGE4-OCR | page 6 (4/390): engines=surya+doctr+tess agree=0.48 hi=False 4.0s | OK
[2026-06-02 00:45 PT] [1857] STAGE4-OCR | page 7 (5/390): engines=surya+doctr+tess agree=0.52 hi=False 4.1s | OK
[2026-06-02 00:45 PT] [1857] STAGE4-OCR | page 23 (21/390): engines=surya+doctr+tess agree=0.81 hi=True 2.2s | OK
[2026-06-02 00:46 PT] [1857] STAGE4-OCR | page 43 (41/390): engines=surya+doctr+tess agree=0.84 hi=True 2.5s | OK
[2026-06-02 00:47 PT] [1857] STAGE4-OCR | page 63 (61/390): engines=surya+doctr+tess agree=0.89 hi=True 2.9s | OK
[2026-06-02 00:48 PT] [1857] STAGE4-OCR | page 83 (81/390): engines=surya+doctr+tess agree=0.88 hi=True 3.1s | OK
[2026-06-02 00:49 PT] [1857] STAGE4-OCR | page 103 (101/390): engines=surya+doctr+tess agree=0.90 hi=True 2.5s | OK
[2026-06-02 00:49 PT] [1857] STAGE4-OCR | page 123 (121/390): engines=surya+doctr+tess agree=0.83 hi=True 2.5s | OK
[2026-06-02 00:50 PT] [1857] STAGE4-OCR | page 143 (141/390): engines=surya+doctr+tess agree=0.88 hi=True 2.4s | OK
[2026-06-02 00:51 PT] [1857] STAGE4-OCR | page 163 (161/390): engines=surya+doctr+tess agree=0.86 hi=True 2.4s | OK
[2026-06-02 00:52 PT] [1857] STAGE4-OCR | page 183 (181/390): engines=surya+doctr+tess agree=0.91 hi=True 2.4s | OK
[2026-06-02 00:53 PT] [1857] STAGE4-OCR | page 203 (201/390): engines=surya+doctr+tess agree=0.85 hi=True 2.3s | OK
[2026-06-02 00:53 PT] [1857] STAGE4-OCR | page 223 (221/390): engines=surya+doctr+tess agree=0.80 hi=True 1.9s | OK
[2026-06-02 00:54 PT] [1857] STAGE4-OCR | page 243 (241/390): engines=surya+doctr+tess agree=0.78 hi=True 2.1s | OK
[2026-06-02 00:55 PT] [1857] STAGE4-OCR | page 263 (261/390): engines=surya+doctr+tess agree=0.83 hi=True 2.5s | OK
[2026-06-02 00:56 PT] [1857] STAGE4-OCR | page 283 (281/390): engines=surya+doctr+tess agree=0.90 hi=True 2.2s | OK
[2026-06-02 00:57 PT] [1857] STAGE4-OCR | page 303 (301/390): engines=surya+doctr+tess agree=0.85 hi=True 3.0s | OK
[2026-06-02 00:58 PT] [1857] STAGE4-OCR | page 323 (321/390): engines=surya+doctr+tess agree=0.90 hi=True 3.0s | OK
[2026-06-02 00:58 PT] [1857] STAGE4-OCR | page 343 (341/390): engines=surya+doctr+tess agree=0.86 hi=True 3.2s | OK
[2026-06-02 00:59 PT] [1857] STAGE4-OCR | page 363 (361/390): engines=surya+doctr+tess agree=0.87 hi=True 3.0s | OK
[2026-06-02 01:00 PT] [1857] STAGE4-OCR | page 384 (381/390): engines=surya+doctr+tess agree=0.87 hi=True 2.0s | OK
[2026-06-02 01:00 PT] [1857] STAGE4-OCR | OCR done: 390 pages in 972.4s (2.49s/page) hi=376 lo=14 | OK
[2026-06-02 01:00 PT] [1857] STAGE4-OCR | Confidence distribution: {'high_>=0.65': 376, 'medium_0.50_0.65': 8, 'low_<0.50': 6, 'mean_agreement': 0.838, 'median_agreement': 0.8509} | OK
[2026-06-02 01:00 PT] [1857] STAGE5-PARSE | Parsing acts from consensus OCR text | OK
[2026-06-02 01:00 PT] [1857] STAGE5-PARSE | Parse done in 0.05s: confident=171 flagged_text_only=9 | OK
[2026-06-02 01:00 PT] [1857] STAGE6-INGEST | Starting DB ingest (idempotent on content_sha256) | OK
[2026-06-02 01:00 PT] [1857] STAGE6-INGEST | Updated skeleton source_document id=8 with real data | OK
[2026-06-02 01:00 PT] [1857] STAGE6-INGEST | Ingesting 171 confident acts | OK
[2026-06-02 01:01 PT] [1857] STAGE6-INGEST | Ingest done: enactments=97 provisions=97 change_events=97 skipped_dup=74 failed=0 | OK
[2026-06-02 01:01 PT] [1857] STAGE6-INGEST | Flagged text-only acts (NOT ingested as structured): 9 | WARN
[2026-06-02 01:01 PT] [1857] STAGE6-INGEST | Final DB counts: source_document=20 enactment=1419 provision=1419 change_event=1419 | OK
[2026-06-02 01:01 PT] [1857] REPORT | === VOLUME COMPLETE: 1857 === | OK
[2026-06-02 01:01 PT] [1857] REPORT | PDF: 1857_Statutes.pdf | 394 pages | SHA256=99f4b8a41d7ec8457cf669b1ccb95ed0e2fdfc9acdd9026400e5fc65df401f2b | OK
[2026-06-02 01:01 PT] [1857] REPORT | Render: 17.5s | Preprocess: 308.9s | OCR: 972.4s | Parse: 0.05s | TOTAL: 1298.8s (21.6 min) | OK
[2026-06-02 01:01 PT] [1857] REPORT | OCR: 390 body pages | 2.49s/page | 24.1 p/min | Surya=True engines=surya+doctr+tesseract-5 | OK
[2026-06-02 01:01 PT] [1857] REPORT | Confidence: {'high_>=0.65': 376, 'medium_0.50_0.65': 8, 'low_<0.50': 6, 'mean_agreement': 0.838, 'median_agreement': 0.8509} | OK
[2026-06-02 01:01 PT] [1857] REPORT | Acts: confident=171 flagged=9 | OK
[2026-06-02 01:01 PT] [1857] REPORT | DB: src_doc_id=8 enactments=97 provisions=97 change_events=97 | OK
[2026-06-02 01:01 PT] [1857] REPORT | OCR output: C:\Users\PatrickKolasinski\PatoLex-scratch\production-1857\ocr_consensus\page_ocr_results.json | OK
[2026-06-02 01:01 PT] [1857] REPORT | === END: 1857 === | OK
[2026-06-02 01:01 PT] [BATCH] BATCH | 1857: COMPLETED in 22.4 min (exit 0) | OK
[2026-06-02 01:01 PT] [BATCH] BATCH | Starting 1858: 386 pages, ~21 min est | 1858_Statutes.pdf | OK
[2026-06-02 01:01 PT] [1858] PIPELINE | === START: 1858_Statutes.pdf session=1858 === | OK
[2026-06-02 01:01 PT] [1858] STAGE0 | Computing SHA256 of 1858_Statutes.pdf | OK
[2026-06-02 01:01 PT] [1858] STAGE0 | SHA256=cfc130d1395e8f3f3662620552c14b2ec4988dbdb63f5fc8e6b600b551fdf894 (39ms) | OK
[2026-06-02 01:01 PT] [1858] STAGE0 | No production row with this SHA256 -- proceeding | OK
[2026-06-02 01:01 PT] [1858] STAGE0 | PDF opened: 386 pages | OK
[2026-06-02 01:01 PT] [1858] STAGE1-RENDER | Rendering 386 pages at 300 DPI | OK
[2026-06-02 01:01 PT] [1858] STAGE1-RENDER | page 1/386 | OK
[2026-06-02 01:01 PT] [1858] STAGE1-RENDER | page 2/386 | OK
[2026-06-02 01:01 PT] [1858] STAGE1-RENDER | page 3/386 | OK
[2026-06-02 01:01 PT] [1858] STAGE1-RENDER | page 101/386 | OK
[2026-06-02 01:01 PT] [1858] STAGE1-RENDER | page 201/386 | OK
[2026-06-02 01:01 PT] [1858] STAGE1-RENDER | page 301/386 | OK
[2026-06-02 01:01 PT] [1858] STAGE1-RENDER | Render done: 386 pages in 18.3s (0.05s/page) | OK
[2026-06-02 01:01 PT] [1858] STAGE2-PREPROCESS | Preprocessing 386 pages (v2 grayscale track) | OK
[2026-06-02 01:01 PT] [1858] STAGE2-PREPROCESS | page 1/386 ok=1 fail=0 | OK
[2026-06-02 01:01 PT] [1858] STAGE2-PREPROCESS | page 2/386 ok=2 fail=0 | OK
[2026-06-02 01:01 PT] [1858] STAGE2-PREPROCESS | page 3/386 ok=3 fail=0 | OK
[2026-06-02 01:03 PT] [1858] STAGE2-PREPROCESS | page 101/386 ok=101 fail=0 | OK
[2026-06-02 01:04 PT] [1858] STAGE2-PREPROCESS | page 201/386 ok=201 fail=0 | OK
[2026-06-02 01:06 PT] [1858] STAGE2-PREPROCESS | page 301/386 ok=301 fail=0 | OK
[2026-06-02 01:07 PT] [1858] STAGE2-PREPROCESS | Preprocess done: 386 OK / 0 FAIL in 339.3s | OK
[2026-06-02 01:07 PT] [1858] STAGE3-CLASSIFY | Detecting body start page via ink density | OK
[2026-06-02 01:07 PT] [1858] STAGE3-CLASSIFY | Body start detected at 0-indexed page 2 (PDF page 3) | OK
[2026-06-02 01:07 PT] [1858] STAGE3-CLASSIFY | Classification done in 10.5s: body=380 front_matter=2 index=4 empty=0 | OK
[2026-06-02 01:07 PT] [1858] STAGE4-OCR | Loading docTR model (GPU) | OK
[2026-06-02 01:07 PT] [1858] STAGE4-OCR | docTR on GPU: NVIDIA GeForce RTX 5080 | OK
[2026-06-02 01:07 PT] [1858] STAGE4-OCR | Surya (local) loaded OK | OK
[2026-06-02 01:07 PT] [1858] STAGE4-OCR | Starting OCR consensus on 380 body pages (Surya=True) | OK
[2026-06-02 01:07 PT] [1858] STAGE4-OCR | page 3 (1/380): engines=surya+doctr+tess agree=0.44 hi=False 5.6s | OK
[2026-06-02 01:07 PT] [1858] STAGE4-OCR | page 4 (2/380): engines=surya+doctr+tess agree=0.53 hi=False 5.1s | OK
[2026-06-02 01:07 PT] [1858] STAGE4-OCR | page 5 (3/380): engines=surya+doctr+tess agree=0.46 hi=False 4.0s | OK
[2026-06-02 01:08 PT] [1858] STAGE4-OCR | page 6 (4/380): engines=surya+doctr+tess agree=0.52 hi=False 4.0s | OK
[2026-06-02 01:08 PT] [1858] STAGE4-OCR | page 7 (5/380): engines=surya+doctr+tess agree=0.56 hi=False 4.1s | OK
[2026-06-02 01:09 PT] [1858] STAGE4-OCR | page 23 (21/380): engines=surya+doctr+tess agree=0.71 hi=True 2.2s | OK
[2026-06-02 01:09 PT] [1858] STAGE4-OCR | page 43 (41/380): engines=surya+doctr+tess agree=0.79 hi=True 2.0s | OK
[2026-06-02 01:10 PT] [1858] STAGE4-OCR | page 63 (61/380): engines=surya+doctr+tess agree=0.84 hi=True 2.7s | OK
[2026-06-02 01:11 PT] [1858] STAGE4-OCR | page 83 (81/380): engines=surya+doctr+tess agree=0.80 hi=True 2.6s | OK
[2026-06-02 01:12 PT] [1858] STAGE4-OCR | page 103 (101/380): engines=surya+doctr+tess agree=0.80 hi=True 2.5s | OK
[2026-06-02 01:13 PT] [1858] STAGE4-OCR | page 123 (121/380): engines=surya+doctr+tess agree=0.77 hi=True 2.9s | OK
[2026-06-02 01:14 PT] [1858] STAGE4-OCR | page 143 (141/380): engines=surya+doctr+tess agree=0.70 hi=True 2.0s | OK
[2026-06-02 01:15 PT] [1858] STAGE4-OCR | page 163 (161/380): engines=surya+doctr+tess agree=0.81 hi=True 2.9s | OK
[2026-06-02 01:16 PT] [1858] STAGE4-OCR | page 183 (181/380): engines=surya+doctr+tess agree=0.78 hi=True 2.7s | OK
[2026-06-02 01:17 PT] [1858] STAGE4-OCR | page 203 (201/380): engines=surya+doctr+tess agree=0.82 hi=True 2.6s | OK
[2026-06-02 01:18 PT] [1858] STAGE4-OCR | page 223 (221/380): engines=surya+doctr+tess agree=0.80 hi=True 2.4s | OK
[2026-06-02 01:19 PT] [1858] STAGE4-OCR | page 243 (241/380): engines=surya+doctr+tess agree=0.69 hi=True 2.3s | OK
[2026-06-02 01:20 PT] [1858] STAGE4-OCR | page 263 (261/380): engines=surya+doctr+tess agree=0.86 hi=True 2.9s | OK
[2026-06-02 01:20 PT] [1858] STAGE4-OCR | page 283 (281/380): engines=surya+doctr+tess agree=0.83 hi=True 2.7s | OK
[2026-06-02 01:21 PT] [1858] STAGE4-OCR | page 303 (301/380): engines=surya+doctr+tess agree=0.91 hi=True 2.9s | OK
[2026-06-02 01:22 PT] [1858] STAGE4-OCR | page 323 (321/380): engines=surya+doctr+tess agree=0.85 hi=True 2.7s | OK
[2026-06-02 01:23 PT] [1858] STAGE4-OCR | page 343 (341/380): engines=surya+doctr+tess agree=0.78 hi=True 2.8s | OK
[2026-06-02 01:24 PT] [1858] STAGE4-OCR | page 363 (361/380): engines=surya+doctr+tess agree=0.86 hi=True 3.3s | OK
[2026-06-02 01:26 PT] [1858] STAGE4-OCR | page 382: Surya FAIL (using docTR+Tess): Unable to allocate 2.62 MiB for an array with shape (3, 256, 896) and data type float32 | WARN
[2026-06-02 01:26 PT] [1858] STAGE4-OCR | page 383: Surya FAIL (using docTR+Tess): Unable to allocate 2.62 MiB for an array with shape (3, 256, 896) and data type float32 | WARN
[2026-06-02 01:26 PT] [1858] STAGE4-OCR | OCR done: 380 pages in 1111.1s (2.92s/page) hi=355 lo=25 | OK
[2026-06-02 01:26 PT] [1858] STAGE4-OCR | Confidence distribution: {'high_>=0.65': 355, 'medium_0.50_0.65': 12, 'low_<0.50': 13, 'mean_agreement': 0.7851, 'median_agreement': 0.8058} | OK
[2026-06-02 01:26 PT] [1858] STAGE5-PARSE | Parsing acts from consensus OCR text | OK
[2026-06-02 01:26 PT] [1858] STAGE5-PARSE | Parse done in 0.02s: confident=0 flagged_text_only=0 | OK
[2026-06-02 01:26 PT] [1858] STAGE6-INGEST | Starting DB ingest (idempotent on content_sha256) | OK
[2026-06-02 01:26 PT] [1858] STAGE6-INGEST | Updated skeleton source_document id=9 with real data | OK
[2026-06-02 01:26 PT] [1858] STAGE6-INGEST | Ingesting 0 confident acts | OK
[2026-06-02 01:26 PT] [1858] STAGE6-INGEST | Ingest done: enactments=0 provisions=0 change_events=0 skipped_dup=0 failed=0 | OK
[2026-06-02 01:26 PT] [1858] STAGE6-INGEST | Final DB counts: source_document=20 enactment=1419 provision=1419 change_event=1419 | OK
[2026-06-02 01:26 PT] [1858] REPORT | === VOLUME COMPLETE: 1858 === | OK
[2026-06-02 01:26 PT] [1858] REPORT | PDF: 1858_Statutes.pdf | 386 pages | SHA256=cfc130d1395e8f3f3662620552c14b2ec4988dbdb63f5fc8e6b600b551fdf894 | OK
[2026-06-02 01:26 PT] [1858] REPORT | Render: 18.3s | Preprocess: 339.3s | OCR: 1111.1s | Parse: 0.02s | TOTAL: 1468.8s (24.5 min) | OK
[2026-06-02 01:26 PT] [1858] REPORT | OCR: 380 body pages | 2.92s/page | 20.5 p/min | Surya=True engines=surya+doctr+tesseract-5 | OK
[2026-06-02 01:26 PT] [1858] REPORT | Confidence: {'high_>=0.65': 355, 'medium_0.50_0.65': 12, 'low_<0.50': 13, 'mean_agreement': 0.7851, 'median_agreement': 0.8058} | OK
[2026-06-02 01:26 PT] [1858] REPORT | Acts: confident=0 flagged=0 | OK
[2026-06-02 01:26 PT] [1858] REPORT | DB: src_doc_id=9 enactments=0 provisions=0 change_events=0 | OK
[2026-06-02 01:26 PT] [1858] REPORT | OCR output: C:\Users\PatrickKolasinski\PatoLex-scratch\production-1858\ocr_consensus\page_ocr_results.json | OK
[2026-06-02 01:26 PT] [1858] REPORT | === END: 1858 === | OK
[2026-06-02 01:26 PT] [BATCH] BATCH | 1858: COMPLETED in 24.9 min (exit 0) | OK
[2026-06-02 01:26 PT] [BATCH] BATCH | Starting 1859: 427 pages, ~23 min est | 1859_Statutes.pdf | OK
[2026-06-02 01:26 PT] [1859] PIPELINE | === START: 1859_Statutes.pdf session=1859 === | OK
[2026-06-02 01:26 PT] [1859] STAGE0 | Computing SHA256 of 1859_Statutes.pdf | OK
[2026-06-02 01:26 PT] [1859] STAGE0 | SHA256=da57f5e0a2fba4409a09f747d77bbb29c9a503facd7efb19a4a3eea4b55b4fb1 (28ms) | OK
[2026-06-02 01:26 PT] [1859] STAGE0 | No production row with this SHA256 -- proceeding | OK
[2026-06-02 01:26 PT] [1859] STAGE0 | PDF opened: 427 pages | OK
[2026-06-02 01:26 PT] [1859] STAGE1-RENDER | Rendering 427 pages at 300 DPI | OK
[2026-06-02 01:26 PT] [1859] STAGE1-RENDER | page 1/427 | OK
[2026-06-02 01:26 PT] [1859] STAGE1-RENDER | page 2/427 | OK
[2026-06-02 01:26 PT] [1859] STAGE1-RENDER | page 3/427 | OK
[2026-06-02 01:26 PT] [1859] STAGE1-RENDER | page 101/427 | OK
[2026-06-02 01:26 PT] [1859] STAGE1-RENDER | page 201/427 | OK
[2026-06-02 01:26 PT] [1859] STAGE1-RENDER | page 301/427 | OK
[2026-06-02 01:26 PT] [1859] STAGE1-RENDER | page 401/427 | OK
[2026-06-02 01:26 PT] [1859] STAGE1-RENDER | Render done: 427 pages in 17.7s (0.04s/page) | OK
[2026-06-02 01:26 PT] [1859] STAGE2-PREPROCESS | Preprocessing 427 pages (v2 grayscale track) | OK
[2026-06-02 01:26 PT] [1859] STAGE2-PREPROCESS | page 1/427 ok=1 fail=0 | OK
[2026-06-02 01:26 PT] [1859] STAGE2-PREPROCESS | page 2/427 ok=2 fail=0 | OK
[2026-06-02 01:26 PT] [1859] STAGE2-PREPROCESS | page 3/427 ok=3 fail=0 | OK
[2026-06-02 01:27 PT] [1859] STAGE2-PREPROCESS | page 101/427 ok=101 fail=0 | OK
[2026-06-02 01:29 PT] [1859] STAGE2-PREPROCESS | page 201/427 ok=201 fail=0 | OK
[2026-06-02 01:30 PT] [1859] STAGE2-PREPROCESS | page 301/427 ok=301 fail=0 | OK
[2026-06-02 01:31 PT] [1859] STAGE2-PREPROCESS | page 401/427 ok=401 fail=0 | OK
[2026-06-02 01:32 PT] [1859] STAGE2-PREPROCESS | Preprocess done: 427 OK / 0 FAIL in 330.1s | OK
[2026-06-02 01:32 PT] [1859] STAGE3-CLASSIFY | Detecting body start page via ink density | OK
[2026-06-02 01:32 PT] [1859] STAGE3-CLASSIFY | Body start detected at 0-indexed page 2 (PDF page 3) | OK
[2026-06-02 01:32 PT] [1859] STAGE3-CLASSIFY | Classification done in 10.0s: body=419 front_matter=2 index=3 empty=3 | OK
[2026-06-02 01:32 PT] [1859] STAGE4-OCR | Loading docTR model (GPU) | OK
[2026-06-02 01:32 PT] [1859] STAGE4-OCR | docTR on GPU: NVIDIA GeForce RTX 5080 | OK
[2026-06-02 01:32 PT] [1859] STAGE4-OCR | Surya (local) loaded OK | OK
[2026-06-02 01:32 PT] [1859] STAGE4-OCR | Starting OCR consensus on 419 body pages (Surya=True) | OK
[2026-06-02 01:32 PT] [1859] STAGE4-OCR | page 3 (1/419): engines=surya+doctr+tess agree=0.50 hi=False 6.1s | OK
[2026-06-02 01:32 PT] [1859] STAGE4-OCR | page 4 (2/419): engines=surya+doctr+tess agree=0.52 hi=False 5.2s | OK
[2026-06-02 01:32 PT] [1859] STAGE4-OCR | page 5 (3/419): engines=surya+doctr+tess agree=0.46 hi=False 3.7s | OK
[2026-06-02 01:33 PT] [1859] STAGE4-OCR | page 6 (4/419): engines=surya+doctr+tess agree=0.42 hi=False 3.7s | OK
[2026-06-02 01:33 PT] [1859] STAGE4-OCR | page 7 (5/419): engines=surya+doctr+tess agree=0.50 hi=False 3.6s | OK
[2026-06-02 01:34 PT] [1859] STAGE4-OCR | page 23 (21/419): engines=surya+doctr+tess agree=0.26 hi=False 4.3s | OK
[2026-06-02 01:35 PT] [1859] STAGE4-OCR | page 44 (41/419): engines=surya+doctr+tess agree=0.76 hi=True 2.4s | OK
[2026-06-02 01:35 PT] [1859] STAGE4-OCR | page 64 (61/419): engines=surya+doctr+tess agree=0.82 hi=True 3.0s | OK
[2026-06-02 01:36 PT] [1859] STAGE4-OCR | page 84 (81/419): engines=surya+doctr+tess agree=0.82 hi=True 2.5s | OK
[2026-06-02 01:37 PT] [1859] STAGE4-OCR | page 104 (101/419): engines=surya+doctr+tess agree=0.75 hi=True 3.1s | OK
[2026-06-02 01:38 PT] [1859] STAGE4-OCR | page 124 (121/419): engines=surya+doctr+tess agree=0.75 hi=True 2.2s | OK
[2026-06-02 01:39 PT] [1859] STAGE4-OCR | page 144 (141/419): engines=surya+doctr+tess agree=0.89 hi=True 2.9s | OK
[2026-06-02 01:40 PT] [1859] STAGE4-OCR | page 164 (161/419): engines=surya+doctr+tess agree=0.78 hi=True 2.7s | OK
[2026-06-02 01:41 PT] [1859] STAGE4-OCR | page 184 (181/419): engines=surya+doctr+tess agree=0.78 hi=True 2.7s | OK
[2026-06-02 01:42 PT] [1859] STAGE4-OCR | page 204 (201/419): engines=surya+doctr+tess agree=0.68 hi=True 3.1s | OK
[2026-06-02 01:42 PT] [1859] STAGE4-OCR | page 224 (221/419): engines=surya+doctr+tess agree=0.82 hi=True 3.0s | OK
[2026-06-02 01:43 PT] [1859] STAGE4-OCR | page 244 (241/419): engines=surya+doctr+tess agree=0.79 hi=True 2.8s | OK
[2026-06-02 01:44 PT] [1859] STAGE4-OCR | page 264 (261/419): engines=surya+doctr+tess agree=0.80 hi=True 2.0s | OK
[2026-06-02 01:45 PT] [1859] STAGE4-OCR | page 284 (281/419): engines=surya+doctr+tess agree=0.85 hi=True 2.1s | OK
[2026-06-02 01:46 PT] [1859] STAGE4-OCR | page 304 (301/419): engines=surya+doctr+tess agree=0.83 hi=True 3.0s | OK
[2026-06-02 01:47 PT] [1859] STAGE4-OCR | page 324 (321/419): engines=surya+doctr+tess agree=0.79 hi=True 3.1s | OK
[2026-06-02 01:48 PT] [1859] STAGE4-OCR | page 344 (341/419): engines=surya+doctr+tess agree=0.78 hi=True 2.7s | OK
[2026-06-02 01:49 PT] [1859] STAGE4-OCR | page 364 (361/419): engines=surya+doctr+tess agree=0.78 hi=True 2.4s | OK
[2026-06-02 01:50 PT] [1859] STAGE4-OCR | page 384 (381/419): engines=surya+doctr+tess agree=0.88 hi=True 2.9s | OK
[2026-06-02 01:50 PT] [1859] STAGE4-OCR | page 404 (401/419): engines=surya+doctr+tess agree=0.85 hi=True 2.6s | OK
[2026-06-02 01:51 PT] [1859] STAGE4-OCR | OCR done: 419 pages in 1131.9s (2.70s/page) hi=388 lo=31 | OK
[2026-06-02 01:51 PT] [1859] STAGE4-OCR | Confidence distribution: {'high_>=0.65': 388, 'medium_0.50_0.65': 17, 'low_<0.50': 14, 'mean_agreement': 0.7713, 'median_agreement': 0.7944} | OK
[2026-06-02 01:51 PT] [1859] STAGE5-PARSE | Parsing acts from consensus OCR text | OK
[2026-06-02 01:51 PT] [1859] STAGE5-PARSE | Parse done in 0.00s: confident=0 flagged_text_only=0 | OK
[2026-06-02 01:51 PT] [1859] STAGE6-INGEST | Starting DB ingest (idempotent on content_sha256) | OK
[2026-06-02 01:51 PT] [1859] STAGE6-INGEST | Updated skeleton source_document id=10 with real data | OK
[2026-06-02 01:51 PT] [1859] STAGE6-INGEST | Ingesting 0 confident acts | OK
[2026-06-02 01:51 PT] [1859] STAGE6-INGEST | Ingest done: enactments=0 provisions=0 change_events=0 skipped_dup=0 failed=0 | OK
[2026-06-02 01:51 PT] [1859] STAGE6-INGEST | Final DB counts: source_document=20 enactment=1419 provision=1419 change_event=1419 | OK
[2026-06-02 01:51 PT] [1859] REPORT | === VOLUME COMPLETE: 1859 === | OK
[2026-06-02 01:51 PT] [1859] REPORT | PDF: 1859_Statutes.pdf | 427 pages | SHA256=da57f5e0a2fba4409a09f747d77bbb29c9a503facd7efb19a4a3eea4b55b4fb1 | OK
[2026-06-02 01:51 PT] [1859] REPORT | Render: 17.7s | Preprocess: 330.1s | OCR: 1131.9s | Parse: 0.00s | TOTAL: 1479.7s (24.7 min) | OK
[2026-06-02 01:51 PT] [1859] REPORT | OCR: 419 body pages | 2.70s/page | 22.2 p/min | Surya=True engines=surya+doctr+tesseract-5 | OK
[2026-06-02 01:51 PT] [1859] REPORT | Confidence: {'high_>=0.65': 388, 'medium_0.50_0.65': 17, 'low_<0.50': 14, 'mean_agreement': 0.7713, 'median_agreement': 0.7944} | OK
[2026-06-02 01:51 PT] [1859] REPORT | Acts: confident=0 flagged=0 | OK
[2026-06-02 01:51 PT] [1859] REPORT | DB: src_doc_id=10 enactments=0 provisions=0 change_events=0 | OK
[2026-06-02 01:51 PT] [1859] REPORT | OCR output: C:\Users\PatrickKolasinski\PatoLex-scratch\production-1859\ocr_consensus\page_ocr_results.json | OK
[2026-06-02 01:51 PT] [1859] REPORT | === END: 1859 === | OK
[2026-06-02 01:51 PT] [BATCH] BATCH | 1859: COMPLETED in 25.4 min (exit 0) | OK
[2026-06-02 01:51 PT] [BATCH] BATCH | Starting 1860: 453 pages, ~25 min est | 1860_Statutes.pdf | OK
[2026-06-02 01:51 PT] [1860] PIPELINE | === START: 1860_Statutes.pdf session=1860 === | OK
[2026-06-02 01:51 PT] [1860] STAGE0 | Computing SHA256 of 1860_Statutes.pdf | OK
[2026-06-02 01:51 PT] [1860] STAGE0 | SHA256=fce8a0ff4ea0e9ffabeb44f04772bce00e423e58044588170d4b914a65571488 (32ms) | OK
[2026-06-02 01:51 PT] [1860] STAGE0 | No production row with this SHA256 -- proceeding | OK
[2026-06-02 01:51 PT] [1860] STAGE0 | PDF opened: 453 pages | OK
[2026-06-02 01:51 PT] [1860] STAGE1-RENDER | Rendering 453 pages at 300 DPI | OK
[2026-06-02 01:51 PT] [1860] STAGE1-RENDER | page 1/453 | OK
[2026-06-02 01:51 PT] [1860] STAGE1-RENDER | page 2/453 | OK
[2026-06-02 01:51 PT] [1860] STAGE1-RENDER | page 3/453 | OK
[2026-06-02 01:51 PT] [1860] STAGE1-RENDER | page 101/453 | OK
[2026-06-02 01:51 PT] [1860] STAGE1-RENDER | page 201/453 | OK
[2026-06-02 01:51 PT] [1860] STAGE1-RENDER | page 301/453 | OK
[2026-06-02 01:51 PT] [1860] STAGE1-RENDER | page 401/453 | OK
[2026-06-02 01:52 PT] [1860] STAGE1-RENDER | Render done: 453 pages in 20.8s (0.05s/page) | OK
[2026-06-02 01:52 PT] [1860] STAGE2-PREPROCESS | Preprocessing 453 pages (v2 grayscale track) | OK
[2026-06-02 01:52 PT] [1860] STAGE2-PREPROCESS | page 1/453 ok=1 fail=0 | OK
[2026-06-02 01:52 PT] [1860] STAGE2-PREPROCESS | page 2/453 ok=2 fail=0 | OK
[2026-06-02 01:52 PT] [1860] STAGE2-PREPROCESS | page 3/453 ok=3 fail=0 | OK
[2026-06-02 01:53 PT] [1860] STAGE2-PREPROCESS | page 101/453 ok=101 fail=0 | OK
[2026-06-02 01:54 PT] [1860] STAGE2-PREPROCESS | page 201/453 ok=201 fail=0 | OK
[2026-06-02 01:56 PT] [1860] STAGE2-PREPROCESS | page 301/453 ok=301 fail=0 | OK
[2026-06-02 01:57 PT] [1860] STAGE2-PREPROCESS | page 401/453 ok=401 fail=0 | OK
[2026-06-02 01:58 PT] [1860] STAGE2-PREPROCESS | Preprocess done: 453 OK / 0 FAIL in 376.9s | OK
[2026-06-02 01:58 PT] [1860] STAGE3-CLASSIFY | Detecting body start page via ink density | OK
[2026-06-02 01:58 PT] [1860] STAGE3-CLASSIFY | Body start detected at 0-indexed page 2 (PDF page 3) | OK
[2026-06-02 01:58 PT] [1860] STAGE3-CLASSIFY | Classification done in 11.3s: body=449 front_matter=2 index=1 empty=1 | OK
[2026-06-02 01:58 PT] [1860] STAGE4-OCR | Loading docTR model (GPU) | OK
[2026-06-02 01:58 PT] [1860] STAGE4-OCR | docTR on GPU: NVIDIA GeForce RTX 5080 | OK
[2026-06-02 01:58 PT] [1860] STAGE4-OCR | Surya (local) loaded OK | OK
[2026-06-02 01:58 PT] [1860] STAGE4-OCR | Starting OCR consensus on 449 body pages (Surya=True) | OK
[2026-06-02 01:58 PT] [1860] STAGE4-OCR | page 3 (1/449): engines=surya+doctr+tess agree=0.29 hi=False 5.6s | OK
[2026-06-02 01:58 PT] [1860] STAGE4-OCR | page 4 (2/449): engines=surya+doctr+tess agree=0.27 hi=False 4.4s | OK
[2026-06-02 01:58 PT] [1860] STAGE4-OCR | page 5 (3/449): engines=surya+doctr+tess agree=0.33 hi=False 4.0s | OK
[2026-06-02 01:58 PT] [1860] STAGE4-OCR | page 6 (4/449): engines=surya+doctr+tess agree=0.37 hi=False 4.1s | OK
[2026-06-02 01:59 PT] [1860] STAGE4-OCR | page 7 (5/449): engines=surya+doctr+tess agree=0.34 hi=False 4.1s | OK
[2026-06-02 02:00 PT] [1860] STAGE4-OCR | page 23 (21/449): engines=surya+doctr+tess agree=0.19 hi=False 4.4s | OK
[2026-06-02 02:01 PT] [1860] STAGE4-OCR | page 44 (41/449): engines=surya+doctr+tess agree=0.42 hi=False 2.4s | OK
[2026-06-02 02:02 PT] [1860] STAGE4-OCR | page 64 (61/449): engines=surya+doctr+tess agree=0.53 hi=False 2.0s | OK
[2026-06-02 02:02 PT] [1860] STAGE4-OCR | page 84 (81/449): engines=surya+doctr+tess agree=0.66 hi=True 2.7s | OK
[2026-06-02 02:03 PT] [1860] STAGE4-OCR | page 104 (101/449): engines=surya+doctr+tess agree=0.64 hi=False 2.7s | OK
[2026-06-02 02:04 PT] [1860] STAGE4-OCR | page 124 (121/449): engines=surya+doctr+tess agree=0.61 hi=False 2.9s | OK
[2026-06-02 02:05 PT] [1860] STAGE4-OCR | page 144 (141/449): engines=surya+doctr+tess agree=0.64 hi=False 3.0s | OK
[2026-06-02 02:06 PT] [1860] STAGE4-OCR | page 164 (161/449): engines=surya+doctr+tess agree=0.63 hi=False 3.1s | OK
[2026-06-02 02:07 PT] [1860] STAGE4-OCR | page 184 (181/449): engines=surya+doctr+tess agree=0.61 hi=False 2.4s | OK
[2026-06-02 02:08 PT] [1860] STAGE4-OCR | page 204 (201/449): engines=surya+doctr+tess agree=0.55 hi=False 2.1s | OK
[2026-06-02 02:08 PT] [1860] STAGE4-OCR | page 224 (221/449): engines=surya+doctr+tess agree=0.65 hi=True 2.8s | OK
[2026-06-02 02:09 PT] [1860] STAGE4-OCR | page 244 (241/449): engines=surya+doctr+tess agree=0.62 hi=False 3.0s | OK
[2026-06-02 02:10 PT] [1860] STAGE4-OCR | page 264 (261/449): engines=surya+doctr+tess agree=0.54 hi=False 3.4s | OK
[2026-06-02 02:11 PT] [1860] STAGE4-OCR | page 284 (281/449): engines=surya+doctr+tess agree=0.53 hi=False 2.6s | OK
[2026-06-02 02:12 PT] [1860] STAGE4-OCR | page 304 (301/449): engines=surya+doctr+tess agree=0.55 hi=False 2.9s | OK
[2026-06-02 02:13 PT] [1860] STAGE4-OCR | page 324 (321/449): engines=surya+doctr+tess agree=0.58 hi=False 2.8s | OK
[2026-06-02 02:14 PT] [1860] STAGE4-OCR | page 344 (341/449): engines=surya+doctr+tess agree=0.59 hi=False 2.3s | OK
[2026-06-02 02:14 PT] [1860] STAGE4-OCR | page 364 (361/449): engines=surya+doctr+tess agree=0.61 hi=False 2.3s | OK
[2026-06-02 02:15 PT] [1860] STAGE4-OCR | page 384 (381/449): engines=surya+doctr+tess agree=0.57 hi=False 2.9s | OK
[2026-06-02 02:16 PT] [1860] STAGE4-OCR | page 404 (401/449): engines=surya+doctr+tess agree=0.60 hi=False 2.8s | OK
[2026-06-02 02:17 PT] [1860] STAGE4-OCR | page 424 (421/449): engines=surya+doctr+tess agree=0.58 hi=False 2.8s | OK
[2026-06-02 02:18 PT] [1860] STAGE4-OCR | page 445 (441/449): engines=surya+doctr+tess agree=0.60 hi=False 2.1s | OK
[2026-06-02 02:18 PT] [1860] STAGE4-OCR | OCR done: 449 pages in 1200.6s (2.67s/page) hi=75 lo=374 | OK
[2026-06-02 02:18 PT] [1860] STAGE4-OCR | Confidence distribution: {'high_>=0.65': 75, 'medium_0.50_0.65': 335, 'low_<0.50': 39, 'mean_agreement': 0.5848, 'median_agreement': 0.6044} | OK
[2026-06-02 02:18 PT] [1860] STAGE5-PARSE | Parsing acts from consensus OCR text | OK
[2026-06-02 02:18 PT] [1860] STAGE5-PARSE | Parse done in 0.02s: confident=0 flagged_text_only=0 | OK
[2026-06-02 02:18 PT] [1860] STAGE6-INGEST | Starting DB ingest (idempotent on content_sha256) | OK
[2026-06-02 02:18 PT] [1860] STAGE6-INGEST | Updated skeleton source_document id=11 with real data | OK
[2026-06-02 02:18 PT] [1860] STAGE6-INGEST | Ingesting 0 confident acts | OK
[2026-06-02 02:18 PT] [1860] STAGE6-INGEST | Ingest done: enactments=0 provisions=0 change_events=0 skipped_dup=0 failed=0 | OK
[2026-06-02 02:18 PT] [1860] STAGE6-INGEST | Final DB counts: source_document=20 enactment=1419 provision=1419 change_event=1419 | OK
[2026-06-02 02:18 PT] [1860] REPORT | === VOLUME COMPLETE: 1860 === | OK
[2026-06-02 02:18 PT] [1860] REPORT | PDF: 1860_Statutes.pdf | 453 pages | SHA256=fce8a0ff4ea0e9ffabeb44f04772bce00e423e58044588170d4b914a65571488 | OK
[2026-06-02 02:18 PT] [1860] REPORT | Render: 20.8s | Preprocess: 376.9s | OCR: 1200.6s | Parse: 0.02s | TOTAL: 1598.3s (26.6 min) | OK
[2026-06-02 02:18 PT] [1860] REPORT | OCR: 449 body pages | 2.67s/page | 22.4 p/min | Surya=True engines=surya+doctr+tesseract-5 | OK
[2026-06-02 02:18 PT] [1860] REPORT | Confidence: {'high_>=0.65': 75, 'medium_0.50_0.65': 335, 'low_<0.50': 39, 'mean_agreement': 0.5848, 'median_agreement': 0.6044} | OK
[2026-06-02 02:18 PT] [1860] REPORT | Acts: confident=0 flagged=0 | OK
[2026-06-02 02:18 PT] [1860] REPORT | DB: src_doc_id=11 enactments=0 provisions=0 change_events=0 | OK
[2026-06-02 02:18 PT] [1860] REPORT | OCR output: C:\Users\PatrickKolasinski\PatoLex-scratch\production-1860\ocr_consensus\page_ocr_results.json | OK
[2026-06-02 02:18 PT] [1860] REPORT | === END: 1860 === | OK
[2026-06-02 02:18 PT] [BATCH] BATCH | 1860: COMPLETED in 27.1 min (exit 0) | OK
[2026-06-02 02:18 PT] [BATCH] BATCH | Starting 1861: 730 pages, ~40 min est | 1861_Statutes.pdf | OK
[2026-06-02 02:18 PT] [1861] PIPELINE | === START: 1861_Statutes.pdf session=1861 === | OK
[2026-06-02 02:18 PT] [1861] STAGE0 | Computing SHA256 of 1861_Statutes.pdf | OK
[2026-06-02 02:18 PT] [1861] STAGE0 | SHA256=b1e0b56921b95d678b2d13fc907ae1cbd60d0075d67ea75bdd53a3b0775bf3fe (32ms) | OK
[2026-06-02 02:18 PT] [1861] STAGE0 | No production row with this SHA256 -- proceeding | OK
[2026-06-02 02:18 PT] [1861] STAGE0 | PDF opened: 730 pages | OK
[2026-06-02 02:18 PT] [1861] STAGE1-RENDER | Rendering 730 pages at 300 DPI | OK
[2026-06-02 02:18 PT] [1861] STAGE1-RENDER | page 1/730 | OK
[2026-06-02 02:18 PT] [1861] STAGE1-RENDER | page 2/730 | OK
[2026-06-02 02:18 PT] [1861] STAGE1-RENDER | page 3/730 | OK
[2026-06-02 02:18 PT] [1861] STAGE1-RENDER | page 101/730 | OK
[2026-06-02 02:18 PT] [1861] STAGE1-RENDER | page 201/730 | OK
[2026-06-02 02:18 PT] [1861] STAGE1-RENDER | page 301/730 | OK
[2026-06-02 02:18 PT] [1861] STAGE1-RENDER | page 401/730 | OK
[2026-06-02 02:18 PT] [1861] STAGE1-RENDER | page 501/730 | OK
[2026-06-02 02:19 PT] [1861] STAGE1-RENDER | page 601/730 | OK
[2026-06-02 02:19 PT] [1861] STAGE1-RENDER | page 701/730 | OK
[2026-06-02 02:19 PT] [1861] STAGE1-RENDER | Render done: 730 pages in 21.7s (0.03s/page) | OK
[2026-06-02 02:19 PT] [1861] STAGE2-PREPROCESS | Preprocessing 730 pages (v2 grayscale track) | OK
[2026-06-02 02:19 PT] [1861] STAGE2-PREPROCESS | page 1/730 ok=1 fail=0 | OK
[2026-06-02 02:19 PT] [1861] STAGE2-PREPROCESS | page 2/730 ok=2 fail=0 | OK
[2026-06-02 02:19 PT] [1861] STAGE2-PREPROCESS | page 3/730 ok=3 fail=0 | OK
[2026-06-02 02:20 PT] [1861] STAGE2-PREPROCESS | page 101/730 ok=101 fail=0 | OK
[2026-06-02 02:21 PT] [1861] STAGE2-PREPROCESS | page 201/730 ok=201 fail=0 | OK
[2026-06-02 02:22 PT] [1861] STAGE2-PREPROCESS | page 301/730 ok=301 fail=0 | OK
[2026-06-02 02:24 PT] [1861] STAGE2-PREPROCESS | page 401/730 ok=401 fail=0 | OK
[2026-06-02 02:25 PT] [1861] STAGE2-PREPROCESS | page 501/730 ok=501 fail=0 | OK
[2026-06-02 02:26 PT] [1861] STAGE2-PREPROCESS | page 601/730 ok=601 fail=0 | OK
[2026-06-02 02:28 PT] [1861] STAGE2-PREPROCESS | page 701/730 ok=701 fail=0 | OK
[2026-06-02 02:28 PT] [1861] STAGE2-PREPROCESS | Preprocess done: 730 OK / 0 FAIL in 565.7s | OK
[2026-06-02 02:28 PT] [1861] STAGE3-CLASSIFY | Detecting body start page via ink density | OK
[2026-06-02 02:28 PT] [1861] STAGE3-CLASSIFY | Body start detected at 0-indexed page 2 (PDF page 3) | OK
[2026-06-02 02:28 PT] [1861] STAGE3-CLASSIFY | Classification done in 15.3s: body=723 front_matter=2 index=2 empty=3 | OK
[2026-06-02 02:28 PT] [1861] STAGE4-OCR | Loading docTR model (GPU) | OK
[2026-06-02 02:28 PT] [1861] STAGE4-OCR | docTR on GPU: NVIDIA GeForce RTX 5080 | OK
[2026-06-02 02:28 PT] [1861] STAGE4-OCR | Surya (local) loaded OK | OK
[2026-06-02 02:28 PT] [1861] STAGE4-OCR | Starting OCR consensus on 723 body pages (Surya=True) | OK
[2026-06-02 02:29 PT] [1861] STAGE4-OCR | page 3 (1/723): engines=surya+doctr+tess agree=0.59 hi=False 5.1s | OK
[2026-06-02 02:29 PT] [1861] STAGE4-OCR | page 4 (2/723): engines=surya+doctr+tess agree=0.63 hi=False 4.1s | OK
[2026-06-02 02:29 PT] [1861] STAGE4-OCR | page 5 (3/723): engines=surya+doctr+tess agree=0.55 hi=False 4.8s | OK
[2026-06-02 02:29 PT] [1861] STAGE4-OCR | page 6 (4/723): engines=surya+doctr+tess agree=0.53 hi=False 3.8s | OK
[2026-06-02 02:29 PT] [1861] STAGE4-OCR | page 7 (5/723): engines=surya+doctr+tess agree=0.55 hi=False 3.7s | OK
[2026-06-02 02:30 PT] [1861] STAGE4-OCR | page 23 (21/723): engines=surya+doctr+tess agree=0.58 hi=False 3.7s | OK
[2026-06-02 02:31 PT] [1861] STAGE4-OCR | page 43 (41/723): engines=surya+doctr+tess agree=0.23 hi=False 3.6s | OK
[2026-06-02 02:32 PT] [1861] STAGE4-OCR | page 63 (61/723): engines=surya+doctr+tess agree=0.82 hi=True 2.4s | OK
[2026-06-02 02:32 PT] [BATCH] BATCH | 1861: FAILED (exit 3221225477) after 13.9 min -- continuing | FAIL
[2026-06-02 02:32 PT] [BATCH] BATCH | Starting 1862: 660 pages, ~36 min est | 1862_Statutes.pdf | OK
[2026-06-02 02:32 PT] [1862] PIPELINE | === START: 1862_Statutes.pdf session=1862 === | OK
[2026-06-02 02:32 PT] [1862] STAGE0 | Computing SHA256 of 1862_Statutes.pdf | OK
[2026-06-02 02:32 PT] [1862] STAGE0 | SHA256=aaabde19ba6da8e1bc8a51e66618403d549c9986177de2dba8880d020ff8b2bf (31ms) | OK
[2026-06-02 02:32 PT] [1862] STAGE0 | No production row with this SHA256 -- proceeding | OK
[2026-06-02 02:32 PT] [1862] STAGE0 | PDF opened: 660 pages | OK
[2026-06-02 02:32 PT] [1862] STAGE1-RENDER | Rendering 660 pages at 300 DPI | OK
[2026-06-02 02:32 PT] [1862] STAGE1-RENDER | page 1/660 | OK
[2026-06-02 02:32 PT] [1862] STAGE1-RENDER | page 2/660 | OK
[2026-06-02 02:32 PT] [1862] STAGE1-RENDER | page 3/660 | OK
[2026-06-02 02:32 PT] [1862] STAGE1-RENDER | page 101/660 | OK
[2026-06-02 02:32 PT] [1862] STAGE1-RENDER | page 201/660 | OK
[2026-06-02 02:32 PT] [1862] STAGE1-RENDER | page 301/660 | OK
[2026-06-02 02:32 PT] [1862] STAGE1-RENDER | page 401/660 | OK
[2026-06-02 02:32 PT] [1862] STAGE1-RENDER | page 501/660 | OK
[2026-06-02 02:33 PT] [1862] STAGE1-RENDER | page 601/660 | OK
[2026-06-02 02:33 PT] [1862] STAGE1-RENDER | Render done: 660 pages in 28.7s (0.04s/page) | OK
[2026-06-02 02:33 PT] [1862] STAGE2-PREPROCESS | Preprocessing 660 pages (v2 grayscale track) | OK
[2026-06-02 02:33 PT] [1862] STAGE2-PREPROCESS | page 1/660 ok=1 fail=0 | OK
[2026-06-02 02:33 PT] [1862] STAGE2-PREPROCESS | page 2/660 ok=2 fail=0 | OK
[2026-06-02 02:33 PT] [1862] STAGE2-PREPROCESS | page 3/660 ok=3 fail=0 | OK
[2026-06-02 02:34 PT] [1862] STAGE2-PREPROCESS | page 101/660 ok=101 fail=0 | OK
[2026-06-02 02:35 PT] [1862] STAGE2-PREPROCESS | page 201/660 ok=201 fail=0 | OK
[2026-06-02 02:37 PT] [1862] STAGE2-PREPROCESS | page 301/660 ok=301 fail=0 | OK
[2026-06-02 02:38 PT] [1862] STAGE2-PREPROCESS | page 401/660 ok=401 fail=0 | OK
[2026-06-02 02:39 PT] [1862] STAGE2-PREPROCESS | page 501/660 ok=501 fail=0 | OK
[2026-06-02 02:41 PT] [1862] STAGE2-PREPROCESS | page 601/660 ok=601 fail=0 | OK
[2026-06-02 02:42 PT] [1862] STAGE2-PREPROCESS | Preprocess done: 660 OK / 0 FAIL in 543.9s | OK
[2026-06-02 02:42 PT] [1862] STAGE3-CLASSIFY | Detecting body start page via ink density | OK
[2026-06-02 02:42 PT] [1862] STAGE3-CLASSIFY | Body start detected at 0-indexed page 2 (PDF page 3) | OK
[2026-06-02 02:42 PT] [1862] STAGE3-CLASSIFY | Classification done in 15.8s: body=652 front_matter=2 index=2 empty=4 | OK
[2026-06-02 02:42 PT] [1862] STAGE4-OCR | Loading docTR model (GPU) | OK
[2026-06-02 02:42 PT] [1862] STAGE4-OCR | docTR on GPU: NVIDIA GeForce RTX 5080 | OK
[2026-06-02 02:42 PT] [1862] STAGE4-OCR | Surya (local) loaded OK | OK
[2026-06-02 02:42 PT] [1862] STAGE4-OCR | Starting OCR consensus on 652 body pages (Surya=True) | OK
[2026-06-02 02:42 PT] [1862] STAGE4-OCR | page 3 (1/652): engines=surya+doctr+tess agree=0.34 hi=False 5.4s | OK
[2026-06-02 02:42 PT] [1862] STAGE4-OCR | page 4 (2/652): engines=surya+doctr+tess agree=0.30 hi=False 5.3s | OK
[2026-06-02 02:42 PT] [1862] STAGE4-OCR | page 5 (3/652): engines=surya+doctr+tess agree=0.28 hi=False 4.0s | OK
[2026-06-02 02:42 PT] [1862] STAGE4-OCR | page 6 (4/652): engines=surya+doctr+tess agree=0.31 hi=False 3.8s | OK
[2026-06-02 02:42 PT] [1862] STAGE4-OCR | page 7 (5/652): engines=surya+doctr+tess agree=0.33 hi=False 3.8s | OK
[2026-06-02 02:44 PT] [1862] STAGE4-OCR | page 23 (21/652): engines=surya+doctr+tess agree=0.30 hi=False 4.1s | OK
[2026-06-02 02:44 PT] [1862] STAGE4-OCR | page 31: Surya FAIL (using docTR+Tess): CUDA error: out of memory
Search for `cudaErrorMemoryAllocation' in https://docs.nvidia.com/cuda/cuda-runtime-api/group__CUDART__TYPES.html for more information.
CUDA kernel errors might be asynchronously reported at some other API call, so the stacktrace below might be incorrect.
For debugging consider passing CUDA_LAUNCH_BLOCKING=1
Compile with `TORCH_USE_CUDA_DSA` to enable device-side assertions.
 | WARN
[2026-06-02 02:44 PT] [1862] STAGE4-OCR | page 32: docTR FAIL: CUDA error: out of memory
Search for `cudaErrorMemoryAllocation' in https://docs.nvidia.com/cuda/cuda-runtime-api/group__CUDART__TYPES.html for more information.
CUDA kernel errors might be asynchronously reported at some other API call, so the stacktrace below might be incorrect.
For debugging consider passing CUDA_LAUNCH_BLOCKING=1
Compile with `TORCH_USE_CUDA_DSA` to enable device-side assertions.
 | WARN
[2026-06-02 02:44 PT] [1862] STAGE4-OCR | page 32: Surya FAIL (using docTR+Tess): CUDA error: out of memory
Search for `cudaErrorMemoryAllocation' in https://docs.nvidia.com/cuda/cuda-runtime-api/group__CUDART__TYPES.html for more information.
CUDA kernel errors might be asynchronously reported at some other API call, so the stacktrace below might be incorrect.
For debugging consider passing CUDA_LAUNCH_BLOCKING=1
Compile with `TORCH_USE_CUDA_DSA` to enable device-side assertions.
 | WARN
[2026-06-02 02:44 PT] [1862] STAGE4-OCR | page 33: docTR FAIL: CUDA error: out of memory
Search for `cudaErrorMemoryAllocation' in https://docs.nvidia.com/cuda/cuda-runtime-api/group__CUDART__TYPES.html for more information.
CUDA kernel errors might be asynchronously reported at some other API call, so the stacktrace below might be incorrect.
For debugging consider passing CUDA_LAUNCH_BLOCKING=1
Compile with `TORCH_USE_CUDA_DSA` to enable device-side assertions.
 | WARN
[2026-06-02 02:44 PT] [1862] STAGE4-OCR | page 33: Surya FAIL (using docTR+Tess): CUDA error: out of memory
Search for `cudaErrorMemoryAllocation' in https://docs.nvidia.com/cuda/cuda-runtime-api/group__CUDART__TYPES.html for more information.
CUDA kernel errors might be asynchronously reported at some other API call, so the stacktrace below might be incorrect.
For debugging consider passing CUDA_LAUNCH_BLOCKING=1
Compile with `TORCH_USE_CUDA_DSA` to enable device-side assertions.
 | WARN
[2026-06-02 02:44 PT] [1862] STAGE4-OCR | page 34: docTR FAIL: CUDA error: out of memory
Search for `cudaErrorMemoryAllocation' in https://docs.nvidia.com/cuda/cuda-runtime-api/group__CUDART__TYPES.html for more information.
CUDA kernel errors might be asynchronously reported at some other API call, so the stacktrace below might be incorrect.
For debugging consider passing CUDA_LAUNCH_BLOCKING=1
Compile with `TORCH_USE_CUDA_DSA` to enable device-side assertions.
 | WARN
[2026-06-02 02:44 PT] [1862] STAGE4-OCR | page 34: Surya FAIL (using docTR+Tess): CUDA error: out of memory
Search for `cudaErrorMemoryAllocation' in https://docs.nvidia.com/cuda/cuda-runtime-api/group__CUDART__TYPES.html for more information.
CUDA kernel errors might be asynchronously reported at some other API call, so the stacktrace below might be incorrect.
For debugging consider passing CUDA_LAUNCH_BLOCKING=1
Compile with `TORCH_USE_CUDA_DSA` to enable device-side assertions.
 | WARN
[2026-06-02 02:44 PT] [1862] STAGE4-OCR | page 35: docTR FAIL: CUDA error: out of memory
Search for `cudaErrorMemoryAllocation' in https://docs.nvidia.com/cuda/cuda-runtime-api/group__CUDART__TYPES.html for more information.
CUDA kernel errors might be asynchronously reported at some other API call, so the stacktrace below might be incorrect.
For debugging consider passing CUDA_LAUNCH_BLOCKING=1
Compile with `TORCH_USE_CUDA_DSA` to enable device-side assertions.
 | WARN
[2026-06-02 02:44 PT] [1862] STAGE4-OCR | page 35: Surya FAIL (using docTR+Tess): Unable to allocate 33.0 MiB for an array with shape (1200, 1200, 3) and data type float64 | WARN
[2026-06-02 02:44 PT] [1862] STAGE4-OCR | page 37: docTR FAIL: CUDA error: out of memory
Search for `cudaErrorMemoryAllocation' in https://docs.nvidia.com/cuda/cuda-runtime-api/group__CUDART__TYPES.html for more information.
CUDA kernel errors might be asynchronously reported at some other API call, so the stacktrace below might be incorrect.
For debugging consider passing CUDA_LAUNCH_BLOCKING=1
Compile with `TORCH_USE_CUDA_DSA` to enable device-side assertions.
 | WARN
[2026-06-02 02:44 PT] [1862] STAGE4-OCR | page 37: Surya FAIL (using docTR+Tess): Unable to allocate 33.0 MiB for an array with shape (1200, 1200, 3) and data type float64 | WARN
[2026-06-02 02:44 PT] [1862] STAGE4-OCR | page 38: docTR FAIL: CUDA error: out of memory
Search for `cudaErrorMemoryAllocation' in https://docs.nvidia.com/cuda/cuda-runtime-api/group__CUDART__TYPES.html for more information.
CUDA kernel errors might be asynchronously reported at some other API call, so the stacktrace below might be incorrect.
For debugging consider passing CUDA_LAUNCH_BLOCKING=1
Compile with `TORCH_USE_CUDA_DSA` to enable device-side assertions.
 | WARN
[2026-06-02 02:45 PT] [1862] STAGE4-OCR | page 38: Surya FAIL (using docTR+Tess): Unable to allocate 33.0 MiB for an array with shape (1200, 1200, 3) and data type float64 | WARN
[2026-06-02 02:45 PT] [1862] STAGE4-OCR | page 39: docTR FAIL: CUDA error: out of memory
Search for `cudaErrorMemoryAllocation' in https://docs.nvidia.com/cuda/cuda-runtime-api/group__CUDART__TYPES.html for more information.
CUDA kernel errors might be asynchronously reported at some other API call, so the stacktrace below might be incorrect.
For debugging consider passing CUDA_LAUNCH_BLOCKING=1
Compile with `TORCH_USE_CUDA_DSA` to enable device-side assertions.
 | WARN
[2026-06-02 02:45 PT] [1862] STAGE4-OCR | page 39: Surya FAIL (using docTR+Tess): Unable to allocate 33.0 MiB for an array with shape (1200, 1200, 3) and data type float64 | WARN
[2026-06-02 02:45 PT] [1862] STAGE4-OCR | page 40: docTR FAIL: CUDA error: out of memory
Search for `cudaErrorMemoryAllocation' in https://docs.nvidia.com/cuda/cuda-runtime-api/group__CUDART__TYPES.html for more information.
CUDA kernel errors might be asynchronously reported at some other API call, so the stacktrace below might be incorrect.
For debugging consider passing CUDA_LAUNCH_BLOCKING=1
Compile with `TORCH_USE_CUDA_DSA` to enable device-side assertions.
 | WARN
[2026-06-02 02:45 PT] [1862] STAGE4-OCR | page 40: Surya FAIL (using docTR+Tess): Unable to allocate 33.0 MiB for an array with shape (1200, 1200, 3) and data type float64 | WARN
[2026-06-02 02:45 PT] [1862] STAGE4-OCR | page 41: docTR FAIL: CUDA error: out of memory
Search for `cudaErrorMemoryAllocation' in https://docs.nvidia.com/cuda/cuda-runtime-api/group__CUDART__TYPES.html for more information.
CUDA kernel errors might be asynchronously reported at some other API call, so the stacktrace below might be incorrect.
For debugging consider passing CUDA_LAUNCH_BLOCKING=1
Compile with `TORCH_USE_CUDA_DSA` to enable device-side assertions.
 | WARN
[2026-06-02 02:45 PT] [1862] STAGE4-OCR | page 41: Surya FAIL (using docTR+Tess): Unable to allocate 33.0 MiB for an array with shape (1200, 1200, 3) and data type float64 | WARN
[2026-06-02 02:45 PT] [1862] STAGE4-OCR | page 42: docTR FAIL: CUDA error: out of memory
Search for `cudaErrorMemoryAllocation' in https://docs.nvidia.com/cuda/cuda-runtime-api/group__CUDART__TYPES.html for more information.
CUDA kernel errors might be asynchronously reported at some other API call, so the stacktrace below might be incorrect.
For debugging consider passing CUDA_LAUNCH_BLOCKING=1
Compile with `TORCH_USE_CUDA_DSA` to enable device-side assertions.
 | WARN
[2026-06-02 02:45 PT] [1862] STAGE4-OCR | page 42: Surya FAIL (using docTR+Tess): Unable to allocate 33.0 MiB for an array with shape (1200, 1200, 3) and data type float64 | WARN
[2026-06-02 02:45 PT] [1862] STAGE4-OCR | page 43: docTR FAIL: CUDA error: out of memory
Search for `cudaErrorMemoryAllocation' in https://docs.nvidia.com/cuda/cuda-runtime-api/group__CUDART__TYPES.html for more information.
CUDA kernel errors might be asynchronously reported at some other API call, so the stacktrace below might be incorrect.
For debugging consider passing CUDA_LAUNCH_BLOCKING=1
Compile with `TORCH_USE_CUDA_DSA` to enable device-side assertions.
 | WARN
[2026-06-02 02:45 PT] [1862] STAGE4-OCR | page 43: Surya FAIL (using docTR+Tess): CUDA error: out of memory
Search for `cudaErrorMemoryAllocation' in https://docs.nvidia.com/cuda/cuda-runtime-api/group__CUDART__TYPES.html for more information.
CUDA kernel errors might be asynchronously reported at some other API call, so the stacktrace below might be incorrect.
For debugging consider passing CUDA_LAUNCH_BLOCKING=1
Compile with `TORCH_USE_CUDA_DSA` to enable device-side assertions.
 | WARN
[2026-06-02 02:45 PT] [1862] STAGE4-OCR | page 44: docTR FAIL: CUDA error: out of memory
Search for `cudaErrorMemoryAllocation' in https://docs.nvidia.com/cuda/cuda-runtime-api/group__CUDART__TYPES.html for more information.
CUDA kernel errors might be asynchronously reported at some other API call, so the stacktrace below might be incorrect.
For debugging consider passing CUDA_LAUNCH_BLOCKING=1
Compile with `TORCH_USE_CUDA_DSA` to enable device-side assertions.
 | WARN
[2026-06-02 02:45 PT] [1862] STAGE4-OCR | page 44: Surya FAIL (using docTR+Tess): CUDA error: out of memory
Search for `cudaErrorMemoryAllocation' in https://docs.nvidia.com/cuda/cuda-runtime-api/group__CUDART__TYPES.html for more information.
CUDA kernel errors might be asynchronously reported at some other API call, so the stacktrace below might be incorrect.
For debugging consider passing CUDA_LAUNCH_BLOCKING=1
Compile with `TORCH_USE_CUDA_DSA` to enable device-side assertions.
 | WARN
[2026-06-02 02:45 PT] [1862] STAGE4-OCR | page 44 (41/652): engines=doctr+tess agree=0.00 hi=False 1.6s | OK
[2026-06-02 02:45 PT] [1862] STAGE4-OCR | page 45: docTR FAIL: CUDA error: out of memory
Search for `cudaErrorMemoryAllocation' in https://docs.nvidia.com/cuda/cuda-runtime-api/group__CUDART__TYPES.html for more information.
CUDA kernel errors might be asynchronously reported at some other API call, so the stacktrace below might be incorrect.
For debugging consider passing CUDA_LAUNCH_BLOCKING=1
Compile with `TORCH_USE_CUDA_DSA` to enable device-side assertions.
 | WARN
[2026-06-02 02:45 PT] [1862] STAGE4-OCR | page 45: Surya FAIL (using docTR+Tess): CUDA error: out of memory
Search for `cudaErrorMemoryAllocation' in https://docs.nvidia.com/cuda/cuda-runtime-api/group__CUDART__TYPES.html for more information.
CUDA kernel errors might be asynchronously reported at some other API call, so the stacktrace below might be incorrect.
For debugging consider passing CUDA_LAUNCH_BLOCKING=1
Compile with `TORCH_USE_CUDA_DSA` to enable device-side assertions.
 | WARN
[2026-06-02 02:45 PT] [1862] STAGE4-OCR | page 47: docTR FAIL: CUDA error: out of memory
Search for `cudaErrorMemoryAllocation' in https://docs.nvidia.com/cuda/cuda-runtime-api/group__CUDART__TYPES.html for more information.
CUDA kernel errors might be asynchronously reported at some other API call, so the stacktrace below might be incorrect.
For debugging consider passing CUDA_LAUNCH_BLOCKING=1
Compile with `TORCH_USE_CUDA_DSA` to enable device-side assertions.
 | WARN
[2026-06-02 02:45 PT] [1862] STAGE4-OCR | page 47: Surya FAIL (using docTR+Tess): CUDA error: out of memory
Search for `cudaErrorMemoryAllocation' in https://docs.nvidia.com/cuda/cuda-runtime-api/group__CUDART__TYPES.html for more information.
CUDA kernel errors might be asynchronously reported at some other API call, so the stacktrace below might be incorrect.
For debugging consider passing CUDA_LAUNCH_BLOCKING=1
Compile with `TORCH_USE_CUDA_DSA` to enable device-side assertions.
 | WARN
[2026-06-02 02:45 PT] [1862] STAGE4-OCR | page 48: docTR FAIL: CUDA error: out of memory
Search for `cudaErrorMemoryAllocation' in https://docs.nvidia.com/cuda/cuda-runtime-api/group__CUDART__TYPES.html for more information.
CUDA kernel errors might be asynchronously reported at some other API call, so the stacktrace below might be incorrect.
For debugging consider passing CUDA_LAUNCH_BLOCKING=1
Compile with `TORCH_USE_CUDA_DSA` to enable device-side assertions.
 | WARN
[2026-06-02 02:45 PT] [1862] STAGE4-OCR | page 48: Surya FAIL (using docTR+Tess): CUDA error: out of memory
Search for `cudaErrorMemoryAllocation' in https://docs.nvidia.com/cuda/cuda-runtime-api/group__CUDART__TYPES.html for more information.
CUDA kernel errors might be asynchronously reported at some other API call, so the stacktrace below might be incorrect.
For debugging consider passing CUDA_LAUNCH_BLOCKING=1
Compile with `TORCH_USE_CUDA_DSA` to enable device-side assertions.
 | WARN
[2026-06-02 02:45 PT] [1862] STAGE4-OCR | page 49: docTR FAIL: CUDA error: out of memory
Search for `cudaErrorMemoryAllocation' in https://docs.nvidia.com/cuda/cuda-runtime-api/group__CUDART__TYPES.html for more information.
CUDA kernel errors might be asynchronously reported at some other API call, so the stacktrace below might be incorrect.
For debugging consider passing CUDA_LAUNCH_BLOCKING=1
Compile with `TORCH_USE_CUDA_DSA` to enable device-side assertions.
 | WARN
[2026-06-02 02:45 PT] [1862] STAGE4-OCR | page 49: Surya FAIL (using docTR+Tess): CUDA error: out of memory
Search for `cudaErrorMemoryAllocation' in https://docs.nvidia.com/cuda/cuda-runtime-api/group__CUDART__TYPES.html for more information.
CUDA kernel errors might be asynchronously reported at some other API call, so the stacktrace below might be incorrect.
For debugging consider passing CUDA_LAUNCH_BLOCKING=1
Compile with `TORCH_USE_CUDA_DSA` to enable device-side assertions.
 | WARN
[2026-06-02 02:45 PT] [1862] STAGE4-OCR | page 50: docTR FAIL: CUDA error: out of memory
Search for `cudaErrorMemoryAllocation' in https://docs.nvidia.com/cuda/cuda-runtime-api/group__CUDART__TYPES.html for more information.
CUDA kernel errors might be asynchronously reported at some other API call, so the stacktrace below might be incorrect.
For debugging consider passing CUDA_LAUNCH_BLOCKING=1
Compile with `TORCH_USE_CUDA_DSA` to enable device-side assertions.
 | WARN
[2026-06-02 02:45 PT] [1862] STAGE4-OCR | page 50: Surya FAIL (using docTR+Tess): Unable to allocate 33.0 MiB for an array with shape (1200, 1200, 3) and data type float64 | WARN
[2026-06-02 02:45 PT] [1862] STAGE4-OCR | page 51: docTR FAIL: CUDA error: out of memory
Search for `cudaErrorMemoryAllocation' in https://docs.nvidia.com/cuda/cuda-runtime-api/group__CUDART__TYPES.html for more information.
CUDA kernel errors might be asynchronously reported at some other API call, so the stacktrace below might be incorrect.
For debugging consider passing CUDA_LAUNCH_BLOCKING=1
Compile with `TORCH_USE_CUDA_DSA` to enable device-side assertions.
 | WARN
[2026-06-02 02:45 PT] [1862] STAGE4-OCR | page 51: Surya FAIL (using docTR+Tess): Unable to allocate 33.0 MiB for an array with shape (1200, 1200, 3) and data type float64 | WARN
[2026-06-02 02:45 PT] [1862] STAGE4-OCR | page 52: docTR FAIL: CUDA error: out of memory
Search for `cudaErrorMemoryAllocation' in https://docs.nvidia.com/cuda/cuda-runtime-api/group__CUDART__TYPES.html for more information.
CUDA kernel errors might be asynchronously reported at some other API call, so the stacktrace below might be incorrect.
For debugging consider passing CUDA_LAUNCH_BLOCKING=1
Compile with `TORCH_USE_CUDA_DSA` to enable device-side assertions.
 | WARN
[2026-06-02 02:45 PT] [1862] STAGE4-OCR | page 52: Surya FAIL (using docTR+Tess): Unable to allocate 33.0 MiB for an array with shape (1200, 1200, 3) and data type float64 | WARN
[2026-06-02 02:45 PT] [1862] STAGE4-OCR | page 53: docTR FAIL: CUDA error: out of memory
Search for `cudaErrorMemoryAllocation' in https://docs.nvidia.com/cuda/cuda-runtime-api/group__CUDART__TYPES.html for more information.
CUDA kernel errors might be asynchronously reported at some other API call, so the stacktrace below might be incorrect.
For debugging consider passing CUDA_LAUNCH_BLOCKING=1
Compile with `TORCH_USE_CUDA_DSA` to enable device-side assertions.
 | WARN
[2026-06-02 02:45 PT] [1862] STAGE4-OCR | page 53: Surya FAIL (using docTR+Tess): Unable to allocate 33.0 MiB for an array with shape (1200, 1200, 3) and data type float64 | WARN
[2026-06-02 02:45 PT] [1862] STAGE4-OCR | page 54: docTR FAIL: CUDA error: out of memory
Search for `cudaErrorMemoryAllocation' in https://docs.nvidia.com/cuda/cuda-runtime-api/group__CUDART__TYPES.html for more information.
CUDA kernel errors might be asynchronously reported at some other API call, so the stacktrace below might be incorrect.
For debugging consider passing CUDA_LAUNCH_BLOCKING=1
Compile with `TORCH_USE_CUDA_DSA` to enable device-side assertions.
 | WARN
[2026-06-02 02:45 PT] [1862] STAGE4-OCR | page 54: Surya FAIL (using docTR+Tess): Unable to allocate 33.0 MiB for an array with shape (1200, 1200, 3) and data type float64 | WARN
[2026-06-02 02:45 PT] [1862] STAGE4-OCR | page 55: docTR FAIL: CUDA error: out of memory
Search for `cudaErrorMemoryAllocation' in https://docs.nvidia.com/cuda/cuda-runtime-api/group__CUDART__TYPES.html for more information.
CUDA kernel errors might be asynchronously reported at some other API call, so the stacktrace below might be incorrect.
For debugging consider passing CUDA_LAUNCH_BLOCKING=1
Compile with `TORCH_USE_CUDA_DSA` to enable device-side assertions.
 | WARN
[2026-06-02 02:45 PT] [1862] STAGE4-OCR | page 55: Surya FAIL (using docTR+Tess): Unable to allocate 33.0 MiB for an array with shape (1200, 1200, 3) and data type float64 | WARN
[2026-06-02 02:45 PT] [1862] STAGE4-OCR | page 56: docTR FAIL: CUDA error: out of memory
Search for `cudaErrorMemoryAllocation' in https://docs.nvidia.com/cuda/cuda-runtime-api/group__CUDART__TYPES.html for more information.
CUDA kernel errors might be asynchronously reported at some other API call, so the stacktrace below might be incorrect.
For debugging consider passing CUDA_LAUNCH_BLOCKING=1
Compile with `TORCH_USE_CUDA_DSA` to enable device-side assertions.
 | WARN
[2026-06-02 02:45 PT] [1862] STAGE4-OCR | page 56: Surya FAIL (using docTR+Tess): Unable to allocate 33.0 MiB for an array with shape (1200, 1200, 3) and data type float64 | WARN
[2026-06-02 02:45 PT] [1862] STAGE4-OCR | page 57: docTR FAIL: CUDA error: out of memory
Search for `cudaErrorMemoryAllocation' in https://docs.nvidia.com/cuda/cuda-runtime-api/group__CUDART__TYPES.html for more information.
CUDA kernel errors might be asynchronously reported at some other API call, so the stacktrace below might be incorrect.
For debugging consider passing CUDA_LAUNCH_BLOCKING=1
Compile with `TORCH_USE_CUDA_DSA` to enable device-side assertions.
 | WARN
[2026-06-02 02:45 PT] [1862] STAGE4-OCR | page 57: Surya FAIL (using docTR+Tess): Unable to allocate 33.0 MiB for an array with shape (1200, 1200, 3) and data type float64 | WARN
[2026-06-02 02:45 PT] [1862] STAGE4-OCR | page 58: docTR FAIL: CUDA error: out of memory
Search for `cudaErrorMemoryAllocation' in https://docs.nvidia.com/cuda/cuda-runtime-api/group__CUDART__TYPES.html for more information.
CUDA kernel errors might be asynchronously reported at some other API call, so the stacktrace below might be incorrect.
For debugging consider passing CUDA_LAUNCH_BLOCKING=1
Compile with `TORCH_USE_CUDA_DSA` to enable device-side assertions.
 | WARN
[2026-06-02 02:45 PT] [1862] STAGE4-OCR | page 58: Surya FAIL (using docTR+Tess): Unable to allocate 33.0 MiB for an array with shape (1200, 1200, 3) and data type float64 | WARN
[2026-06-02 02:45 PT] [1862] STAGE4-OCR | page 59: docTR FAIL: CUDA error: out of memory
Search for `cudaErrorMemoryAllocation' in https://docs.nvidia.com/cuda/cuda-runtime-api/group__CUDART__TYPES.html for more information.
CUDA kernel errors might be asynchronously reported at some other API call, so the stacktrace below might be incorrect.
For debugging consider passing CUDA_LAUNCH_BLOCKING=1
Compile with `TORCH_USE_CUDA_DSA` to enable device-side assertions.
 | WARN
[2026-06-02 02:45 PT] [1862] STAGE4-OCR | page 59: Surya FAIL (using docTR+Tess): Unable to allocate 33.0 MiB for an array with shape (1200, 1200, 3) and data type float64 | WARN
[2026-06-02 02:45 PT] [1862] STAGE4-OCR | page 60: docTR FAIL: CUDA error: out of memory
Search for `cudaErrorMemoryAllocation' in https://docs.nvidia.com/cuda/cuda-runtime-api/group__CUDART__TYPES.html for more information.
CUDA kernel errors might be asynchronously reported at some other API call, so the stacktrace below might be incorrect.
For debugging consider passing CUDA_LAUNCH_BLOCKING=1
Compile with `TORCH_USE_CUDA_DSA` to enable device-side assertions.
 | WARN
[2026-06-02 02:45 PT] [1862] STAGE4-OCR | page 60: Surya FAIL (using docTR+Tess): Unable to allocate 33.0 MiB for an array with shape (1200, 1200, 3) and data type float64 | WARN
[2026-06-02 02:45 PT] [1862] STAGE4-OCR | page 61: docTR FAIL: CUDA error: out of memory
Search for `cudaErrorMemoryAllocation' in https://docs.nvidia.com/cuda/cuda-runtime-api/group__CUDART__TYPES.html for more information.
CUDA kernel errors might be asynchronously reported at some other API call, so the stacktrace below might be incorrect.
For debugging consider passing CUDA_LAUNCH_BLOCKING=1
Compile with `TORCH_USE_CUDA_DSA` to enable device-side assertions.
 | WARN
[2026-06-02 02:45 PT] [1862] STAGE4-OCR | page 61: Surya FAIL (using docTR+Tess): Unable to allocate 33.0 MiB for an array with shape (1200, 1200, 3) and data type float64 | WARN
[2026-06-02 02:45 PT] [1862] STAGE4-OCR | page 62: docTR FAIL: CUDA error: out of memory
Search for `cudaErrorMemoryAllocation' in https://docs.nvidia.com/cuda/cuda-runtime-api/group__CUDART__TYPES.html for more information.
CUDA kernel errors might be asynchronously reported at some other API call, so the stacktrace below might be incorrect.
For debugging consider passing CUDA_LAUNCH_BLOCKING=1
Compile with `TORCH_USE_CUDA_DSA` to enable device-side assertions.
 | WARN
[2026-06-02 02:45 PT] [1862] STAGE4-OCR | page 62: Surya FAIL (using docTR+Tess): Unable to allocate 33.0 MiB for an array with shape (1200, 1200, 3) and data type float64 | WARN
[2026-06-02 02:45 PT] [1862] STAGE4-OCR | page 63: docTR FAIL: CUDA error: out of memory
Search for `cudaErrorMemoryAllocation' in https://docs.nvidia.com/cuda/cuda-runtime-api/group__CUDART__TYPES.html for more information.
CUDA kernel errors might be asynchronously reported at some other API call, so the stacktrace below might be incorrect.
For debugging consider passing CUDA_LAUNCH_BLOCKING=1
Compile with `TORCH_USE_CUDA_DSA` to enable device-side assertions.
 | WARN
[2026-06-02 02:45 PT] [1862] STAGE4-OCR | page 63: Surya FAIL (using docTR+Tess): Unable to allocate 33.0 MiB for an array with shape (1200, 1200, 3) and data type float64 | WARN
[2026-06-02 02:45 PT] [1862] STAGE4-OCR | page 64: docTR FAIL: CUDA error: out of memory
Search for `cudaErrorMemoryAllocation' in https://docs.nvidia.com/cuda/cuda-runtime-api/group__CUDART__TYPES.html for more information.
CUDA kernel errors might be asynchronously reported at some other API call, so the stacktrace below might be incorrect.
For debugging consider passing CUDA_LAUNCH_BLOCKING=1
Compile with `TORCH_USE_CUDA_DSA` to enable device-side assertions.
 | WARN
[2026-06-02 02:45 PT] [1862] STAGE4-OCR | page 64: Surya FAIL (using docTR+Tess): Unable to allocate 33.0 MiB for an array with shape (1200, 1200, 3) and data type float64 | WARN
[2026-06-02 02:45 PT] [1862] STAGE4-OCR | page 65: docTR FAIL: CUDA error: out of memory
Search for `cudaErrorMemoryAllocation' in https://docs.nvidia.com/cuda/cuda-runtime-api/group__CUDART__TYPES.html for more information.
CUDA kernel errors might be asynchronously reported at some other API call, so the stacktrace below might be incorrect.
For debugging consider passing CUDA_LAUNCH_BLOCKING=1
Compile with `TORCH_USE_CUDA_DSA` to enable device-side assertions.
 | WARN
[2026-06-02 02:45 PT] [1862] STAGE4-OCR | page 65: Surya FAIL (using docTR+Tess): Unable to allocate 33.0 MiB for an array with shape (1200, 1200, 3) and data type float64 | WARN
[2026-06-02 02:45 PT] [1862] STAGE4-OCR | page 65 (61/652): engines=doctr+tess agree=0.00 hi=False 2.0s | OK
[2026-06-02 02:45 PT] [1862] STAGE4-OCR | page 66: docTR FAIL: CUDA error: out of memory
Search for `cudaErrorMemoryAllocation' in https://docs.nvidia.com/cuda/cuda-runtime-api/group__CUDART__TYPES.html for more information.
CUDA kernel errors might be asynchronously reported at some other API call, so the stacktrace below might be incorrect.
For debugging consider passing CUDA_LAUNCH_BLOCKING=1
Compile with `TORCH_USE_CUDA_DSA` to enable device-side assertions.
 | WARN
[2026-06-02 02:45 PT] [1862] STAGE4-OCR | page 66: Surya FAIL (using docTR+Tess): Unable to allocate 33.0 MiB for an array with shape (1200, 1200, 3) and data type float64 | WARN
[2026-06-02 02:45 PT] [1862] STAGE4-OCR | page 67: docTR FAIL: CUDA error: out of memory
Search for `cudaErrorMemoryAllocation' in https://docs.nvidia.com/cuda/cuda-runtime-api/group__CUDART__TYPES.html for more information.
CUDA kernel errors might be asynchronously reported at some other API call, so the stacktrace below might be incorrect.
For debugging consider passing CUDA_LAUNCH_BLOCKING=1
Compile with `TORCH_USE_CUDA_DSA` to enable device-side assertions.
 | WARN
[2026-06-02 02:45 PT] [1862] STAGE4-OCR | page 67: Surya FAIL (using docTR+Tess): Unable to allocate 33.0 MiB for an array with shape (1200, 1200, 3) and data type float64 | WARN
[2026-06-02 02:45 PT] [1862] STAGE4-OCR | page 68: docTR FAIL: CUDA error: out of memory
Search for `cudaErrorMemoryAllocation' in https://docs.nvidia.com/cuda/cuda-runtime-api/group__CUDART__TYPES.html for more information.
CUDA kernel errors might be asynchronously reported at some other API call, so the stacktrace below might be incorrect.
For debugging consider passing CUDA_LAUNCH_BLOCKING=1
Compile with `TORCH_USE_CUDA_DSA` to enable device-side assertions.
 | WARN
[2026-06-02 02:45 PT] [1862] STAGE4-OCR | page 68: Surya FAIL (using docTR+Tess): Unable to allocate 33.0 MiB for an array with shape (1200, 1200, 3) and data type float64 | WARN
[2026-06-02 02:45 PT] [1862] STAGE4-OCR | page 69: docTR FAIL: CUDA error: out of memory
Search for `cudaErrorMemoryAllocation' in https://docs.nvidia.com/cuda/cuda-runtime-api/group__CUDART__TYPES.html for more information.
CUDA kernel errors might be asynchronously reported at some other API call, so the stacktrace below might be incorrect.
For debugging consider passing CUDA_LAUNCH_BLOCKING=1
Compile with `TORCH_USE_CUDA_DSA` to enable device-side assertions.
 | WARN
[2026-06-02 02:45 PT] [1862] STAGE4-OCR | page 69: Surya FAIL (using docTR+Tess): Unable to allocate 33.0 MiB for an array with shape (1200, 1200, 3) and data type float64 | WARN
[2026-06-02 02:45 PT] [1862] STAGE4-OCR | page 70: docTR FAIL: CUDA error: out of memory
Search for `cudaErrorMemoryAllocation' in https://docs.nvidia.com/cuda/cuda-runtime-api/group__CUDART__TYPES.html for more information.
CUDA kernel errors might be asynchronously reported at some other API call, so the stacktrace below might be incorrect.
For debugging consider passing CUDA_LAUNCH_BLOCKING=1
Compile with `TORCH_USE_CUDA_DSA` to enable device-side assertions.
 | WARN
[2026-06-02 02:45 PT] [1862] STAGE4-OCR | page 70: Surya FAIL (using docTR+Tess): Unable to allocate 33.0 MiB for an array with shape (1200, 1200, 3) and data type float64 | WARN
[2026-06-02 02:46 PT] [1862] STAGE4-OCR | page 71: docTR FAIL: CUDA error: out of memory
Search for `cudaErrorMemoryAllocation' in https://docs.nvidia.com/cuda/cuda-runtime-api/group__CUDART__TYPES.html for more information.
CUDA kernel errors might be asynchronously reported at some other API call, so the stacktrace below might be incorrect.
For debugging consider passing CUDA_LAUNCH_BLOCKING=1
Compile with `TORCH_USE_CUDA_DSA` to enable device-side assertions.
 | WARN
[2026-06-02 02:46 PT] [1862] STAGE4-OCR | page 71: Surya FAIL (using docTR+Tess): Unable to allocate 33.0 MiB for an array with shape (1200, 1200, 3) and data type float64 | WARN
[2026-06-02 02:46 PT] [1862] STAGE4-OCR | page 72: docTR FAIL: CUDA error: out of memory
Search for `cudaErrorMemoryAllocation' in https://docs.nvidia.com/cuda/cuda-runtime-api/group__CUDART__TYPES.html for more information.
CUDA kernel errors might be asynchronously reported at some other API call, so the stacktrace below might be incorrect.
For debugging consider passing CUDA_LAUNCH_BLOCKING=1
Compile with `TORCH_USE_CUDA_DSA` to enable device-side assertions.
 | WARN
[2026-06-02 02:46 PT] [1862] STAGE4-OCR | page 72: Surya FAIL (using docTR+Tess): Unable to allocate 33.0 MiB for an array with shape (1200, 1200, 3) and data type float64 | WARN
[2026-06-02 02:46 PT] [1862] STAGE4-OCR | page 73: docTR FAIL: CUDA error: out of memory
Search for `cudaErrorMemoryAllocation' in https://docs.nvidia.com/cuda/cuda-runtime-api/group__CUDART__TYPES.html for more information.
CUDA kernel errors might be asynchronously reported at some other API call, so the stacktrace below might be incorrect.
For debugging consider passing CUDA_LAUNCH_BLOCKING=1
Compile with `TORCH_USE_CUDA_DSA` to enable device-side assertions.
 | WARN
[2026-06-02 02:46 PT] [1862] STAGE4-OCR | page 73: Surya FAIL (using docTR+Tess): Unable to allocate 33.0 MiB for an array with shape (1200, 1200, 3) and data type float64 | WARN
[2026-06-02 02:46 PT] [1862] STAGE4-OCR | page 74: docTR FAIL: CUDA error: out of memory
Search for `cudaErrorMemoryAllocation' in https://docs.nvidia.com/cuda/cuda-runtime-api/group__CUDART__TYPES.html for more information.
CUDA kernel errors might be asynchronously reported at some other API call, so the stacktrace below might be incorrect.
For debugging consider passing CUDA_LAUNCH_BLOCKING=1
Compile with `TORCH_USE_CUDA_DSA` to enable device-side assertions.
 | WARN
[2026-06-02 02:46 PT] [1862] STAGE4-OCR | page 74: Surya FAIL (using docTR+Tess): Unable to allocate 33.0 MiB for an array with shape (1200, 1200, 3) and data type float64 | WARN
[2026-06-02 02:46 PT] [1862] STAGE4-OCR | page 75: docTR FAIL: CUDA error: out of memory
Search for `cudaErrorMemoryAllocation' in https://docs.nvidia.com/cuda/cuda-runtime-api/group__CUDART__TYPES.html for more information.
CUDA kernel errors might be asynchronously reported at some other API call, so the stacktrace below might be incorrect.
For debugging consider passing CUDA_LAUNCH_BLOCKING=1
Compile with `TORCH_USE_CUDA_DSA` to enable device-side assertions.
 | WARN
[2026-06-02 02:46 PT] [1862] STAGE4-OCR | page 75: Surya FAIL (using docTR+Tess): Unable to allocate 33.0 MiB for an array with shape (1200, 1200, 3) and data type float64 | WARN
[2026-06-02 02:46 PT] [1862] STAGE4-OCR | page 76: docTR FAIL: CUDA error: out of memory
Search for `cudaErrorMemoryAllocation' in https://docs.nvidia.com/cuda/cuda-runtime-api/group__CUDART__TYPES.html for more information.
CUDA kernel errors might be asynchronously reported at some other API call, so the stacktrace below might be incorrect.
For debugging consider passing CUDA_LAUNCH_BLOCKING=1
Compile with `TORCH_USE_CUDA_DSA` to enable device-side assertions.
 | WARN
[2026-06-02 02:46 PT] [1862] STAGE4-OCR | page 76: Surya FAIL (using docTR+Tess): Unable to allocate 33.0 MiB for an array with shape (1200, 1200, 3) and data type float64 | WARN
[2026-06-02 02:46 PT] [1862] STAGE4-OCR | page 77: docTR FAIL: CUDA error: out of memory
Search for `cudaErrorMemoryAllocation' in https://docs.nvidia.com/cuda/cuda-runtime-api/group__CUDART__TYPES.html for more information.
CUDA kernel errors might be asynchronously reported at some other API call, so the stacktrace below might be incorrect.
For debugging consider passing CUDA_LAUNCH_BLOCKING=1
Compile with `TORCH_USE_CUDA_DSA` to enable device-side assertions.
 | WARN
[2026-06-02 02:46 PT] [1862] STAGE4-OCR | page 77: Surya FAIL (using docTR+Tess): Unable to allocate 33.0 MiB for an array with shape (1200, 1200, 3) and data type float64 | WARN
[2026-06-02 02:46 PT] [1862] STAGE4-OCR | page 78: docTR FAIL: CUDA error: out of memory
Search for `cudaErrorMemoryAllocation' in https://docs.nvidia.com/cuda/cuda-runtime-api/group__CUDART__TYPES.html for more information.
CUDA kernel errors might be asynchronously reported at some other API call, so the stacktrace below might be incorrect.
For debugging consider passing CUDA_LAUNCH_BLOCKING=1
Compile with `TORCH_USE_CUDA_DSA` to enable device-side assertions.
 | WARN
[2026-06-02 02:46 PT] [1862] STAGE4-OCR | page 78: Surya FAIL (using docTR+Tess): Unable to allocate 33.0 MiB for an array with shape (1200, 1200, 3) and data type float64 | WARN
[2026-06-02 02:46 PT] [1862] STAGE4-OCR | page 79: docTR FAIL: CUDA error: out of memory
Search for `cudaErrorMemoryAllocation' in https://docs.nvidia.com/cuda/cuda-runtime-api/group__CUDART__TYPES.html for more information.
CUDA kernel errors might be asynchronously reported at some other API call, so the stacktrace below might be incorrect.
For debugging consider passing CUDA_LAUNCH_BLOCKING=1
Compile with `TORCH_USE_CUDA_DSA` to enable device-side assertions.
 | WARN
[2026-06-02 02:46 PT] [1862] STAGE4-OCR | page 79: Surya FAIL (using docTR+Tess): CUDA error: out of memory
Search for `cudaErrorMemoryAllocation' in https://docs.nvidia.com/cuda/cuda-runtime-api/group__CUDART__TYPES.html for more information.
CUDA kernel errors might be asynchronously reported at some other API call, so the stacktrace below might be incorrect.
For debugging consider passing CUDA_LAUNCH_BLOCKING=1
Compile with `TORCH_USE_CUDA_DSA` to enable device-side assertions.
 | WARN
[2026-06-02 02:46 PT] [1862] STAGE4-OCR | page 80: docTR FAIL: CUDA error: out of memory
Search for `cudaErrorMemoryAllocation' in https://docs.nvidia.com/cuda/cuda-runtime-api/group__CUDART__TYPES.html for more information.
CUDA kernel errors might be asynchronously reported at some other API call, so the stacktrace below might be incorrect.
For debugging consider passing CUDA_LAUNCH_BLOCKING=1
Compile with `TORCH_USE_CUDA_DSA` to enable device-side assertions.
 | WARN
[2026-06-02 02:46 PT] [1862] STAGE4-OCR | page 80: Surya FAIL (using docTR+Tess): CUDA error: out of memory
Search for `cudaErrorMemoryAllocation' in https://docs.nvidia.com/cuda/cuda-runtime-api/group__CUDART__TYPES.html for more information.
CUDA kernel errors might be asynchronously reported at some other API call, so the stacktrace below might be incorrect.
For debugging consider passing CUDA_LAUNCH_BLOCKING=1
Compile with `TORCH_USE_CUDA_DSA` to enable device-side assertions.
 | WARN
[2026-06-02 02:46 PT] [1862] STAGE4-OCR | page 81: docTR FAIL: CUDA error: out of memory
Search for `cudaErrorMemoryAllocation' in https://docs.nvidia.com/cuda/cuda-runtime-api/group__CUDART__TYPES.html for more information.
CUDA kernel errors might be asynchronously reported at some other API call, so the stacktrace below might be incorrect.
For debugging consider passing CUDA_LAUNCH_BLOCKING=1
Compile with `TORCH_USE_CUDA_DSA` to enable device-side assertions.
 | WARN
[2026-06-02 02:46 PT] [1862] STAGE4-OCR | page 81: Surya FAIL (using docTR+Tess): Unable to allocate 33.0 MiB for an array with shape (1200, 1200, 3) and data type float64 | WARN
[2026-06-02 02:46 PT] [1862] STAGE4-OCR | page 82: docTR FAIL: CUDA error: out of memory
Search for `cudaErrorMemoryAllocation' in https://docs.nvidia.com/cuda/cuda-runtime-api/group__CUDART__TYPES.html for more information.
CUDA kernel errors might be asynchronously reported at some other API call, so the stacktrace below might be incorrect.
For debugging consider passing CUDA_LAUNCH_BLOCKING=1
Compile with `TORCH_USE_CUDA_DSA` to enable device-side assertions.
 | WARN
[2026-06-02 02:46 PT] [1862] STAGE4-OCR | page 82: Surya FAIL (using docTR+Tess): Unable to allocate 33.0 MiB for an array with shape (1200, 1200, 3) and data type float64 | WARN
[2026-06-02 02:46 PT] [1862] STAGE4-OCR | page 83: Tesseract FAIL: (1, 'Error in pixCreateNoInit: pixdata_malloc fail for data Error in pixCreate: pixd not made Error in pixReadStreamPng: pix not made Error in pixReadStream: png: no pix returned Leptonica Error in pixRead: pix not read: C:\\Users\\PATRIC~1\\AppData\\Local\\Temp\\claude\\tess_zika2wmn_input.PNG Error during processing.') | FAIL
[2026-06-02 02:46 PT] [1862] STAGE4-OCR | page 83: docTR FAIL: CUDA error: out of memory
Search for `cudaErrorMemoryAllocation' in https://docs.nvidia.com/cuda/cuda-runtime-api/group__CUDART__TYPES.html for more information.
CUDA kernel errors might be asynchronously reported at some other API call, so the stacktrace below might be incorrect.
For debugging consider passing CUDA_LAUNCH_BLOCKING=1
Compile with `TORCH_USE_CUDA_DSA` to enable device-side assertions.
 | WARN
[2026-06-02 02:46 PT] [1862] STAGE4-OCR | page 83: Surya FAIL (using docTR+Tess): CUDA error: out of memory
Search for `cudaErrorMemoryAllocation' in https://docs.nvidia.com/cuda/cuda-runtime-api/group__CUDART__TYPES.html for more information.
CUDA kernel errors might be asynchronously reported at some other API call, so the stacktrace below might be incorrect.
For debugging consider passing CUDA_LAUNCH_BLOCKING=1
Compile with `TORCH_USE_CUDA_DSA` to enable device-side assertions.
 | WARN
[2026-06-02 02:46 PT] [1862] STAGE4-OCR | page 84: docTR FAIL: CUDA error: out of memory
Search for `cudaErrorMemoryAllocation' in https://docs.nvidia.com/cuda/cuda-runtime-api/group__CUDART__TYPES.html for more information.
CUDA kernel errors might be asynchronously reported at some other API call, so the stacktrace below might be incorrect.
For debugging consider passing CUDA_LAUNCH_BLOCKING=1
Compile with `TORCH_USE_CUDA_DSA` to enable device-side assertions.
 | WARN
[2026-06-02 02:46 PT] [1862] STAGE4-OCR | page 84: Surya FAIL (using docTR+Tess): Unable to allocate 33.0 MiB for an array with shape (1200, 1200, 3) and data type float64 | WARN
[2026-06-02 02:46 PT] [1862] STAGE4-OCR | page 85: docTR FAIL: CUDA error: out of memory
Search for `cudaErrorMemoryAllocation' in https://docs.nvidia.com/cuda/cuda-runtime-api/group__CUDART__TYPES.html for more information.
CUDA kernel errors might be asynchronously reported at some other API call, so the stacktrace below might be incorrect.
For debugging consider passing CUDA_LAUNCH_BLOCKING=1
Compile with `TORCH_USE_CUDA_DSA` to enable device-side assertions.
 | WARN
[2026-06-02 02:46 PT] [1862] STAGE4-OCR | page 85: Surya FAIL (using docTR+Tess): Unable to allocate 33.0 MiB for an array with shape (1200, 1200, 3) and data type float64 | WARN
[2026-06-02 02:46 PT] [1862] STAGE4-OCR | page 85 (81/652): engines=doctr+tess agree=0.00 hi=False 2.1s | OK
[2026-06-02 02:46 PT] [1862] STAGE4-OCR | page 86: docTR FAIL: CUDA error: out of memory
Search for `cudaErrorMemoryAllocation' in https://docs.nvidia.com/cuda/cuda-runtime-api/group__CUDART__TYPES.html for more information.
CUDA kernel errors might be asynchronously reported at some other API call, so the stacktrace below might be incorrect.
For debugging consider passing CUDA_LAUNCH_BLOCKING=1
Compile with `TORCH_USE_CUDA_DSA` to enable device-side assertions.
 | WARN
[2026-06-02 02:46 PT] [1862] STAGE4-OCR | page 86: Surya FAIL (using docTR+Tess): Unable to allocate 33.0 MiB for an array with shape (1200, 1200, 3) and data type float64 | WARN
[2026-06-02 02:46 PT] [1862] STAGE4-OCR | page 87: docTR FAIL: CUDA error: out of memory
Search for `cudaErrorMemoryAllocation' in https://docs.nvidia.com/cuda/cuda-runtime-api/group__CUDART__TYPES.html for more information.
CUDA kernel errors might be asynchronously reported at some other API call, so the stacktrace below might be incorrect.
For debugging consider passing CUDA_LAUNCH_BLOCKING=1
Compile with `TORCH_USE_CUDA_DSA` to enable device-side assertions.
 | WARN
[2026-06-02 02:46 PT] [1862] STAGE4-OCR | page 87: Surya FAIL (using docTR+Tess): Unable to allocate 33.0 MiB for an array with shape (1200, 1200, 3) and data type float64 | WARN
[2026-06-02 02:46 PT] [1862] STAGE4-OCR | page 88: docTR FAIL: CUDA error: out of memory
Search for `cudaErrorMemoryAllocation' in https://docs.nvidia.com/cuda/cuda-runtime-api/group__CUDART__TYPES.html for more information.
CUDA kernel errors might be asynchronously reported at some other API call, so the stacktrace below might be incorrect.
For debugging consider passing CUDA_LAUNCH_BLOCKING=1
Compile with `TORCH_USE_CUDA_DSA` to enable device-side assertions.
 | WARN
[2026-06-02 02:46 PT] [1862] STAGE4-OCR | page 88: Surya FAIL (using docTR+Tess): Unable to allocate 33.0 MiB for an array with shape (1200, 1200, 3) and data type float64 | WARN
[2026-06-02 02:46 PT] [1862] STAGE4-OCR | page 89: docTR FAIL: CUDA error: out of memory
Search for `cudaErrorMemoryAllocation' in https://docs.nvidia.com/cuda/cuda-runtime-api/group__CUDART__TYPES.html for more information.
CUDA kernel errors might be asynchronously reported at some other API call, so the stacktrace below might be incorrect.
For debugging consider passing CUDA_LAUNCH_BLOCKING=1
Compile with `TORCH_USE_CUDA_DSA` to enable device-side assertions.
 | WARN
[2026-06-02 02:46 PT] [1862] STAGE4-OCR | page 89: Surya FAIL (using docTR+Tess): Unable to allocate 33.0 MiB for an array with shape (1200, 1200, 3) and data type float64 | WARN
[2026-06-02 02:46 PT] [1862] STAGE4-OCR | page 90: docTR FAIL: CUDA error: out of memory
Search for `cudaErrorMemoryAllocation' in https://docs.nvidia.com/cuda/cuda-runtime-api/group__CUDART__TYPES.html for more information.
CUDA kernel errors might be asynchronously reported at some other API call, so the stacktrace below might be incorrect.
For debugging consider passing CUDA_LAUNCH_BLOCKING=1
Compile with `TORCH_USE_CUDA_DSA` to enable device-side assertions.
 | WARN
[2026-06-02 02:46 PT] [1862] STAGE4-OCR | page 90: Surya FAIL (using docTR+Tess): Unable to allocate 33.0 MiB for an array with shape (1200, 1200, 3) and data type float64 | WARN
[2026-06-02 02:46 PT] [1862] STAGE4-OCR | page 91: docTR FAIL: CUDA error: out of memory
Search for `cudaErrorMemoryAllocation' in https://docs.nvidia.com/cuda/cuda-runtime-api/group__CUDART__TYPES.html for more information.
CUDA kernel errors might be asynchronously reported at some other API call, so the stacktrace below might be incorrect.
For debugging consider passing CUDA_LAUNCH_BLOCKING=1
Compile with `TORCH_USE_CUDA_DSA` to enable device-side assertions.
 | WARN
[2026-06-02 02:46 PT] [1862] STAGE4-OCR | page 91: Surya FAIL (using docTR+Tess): Unable to allocate 33.0 MiB for an array with shape (1200, 1200, 3) and data type float64 | WARN
[2026-06-02 02:46 PT] [1862] STAGE4-OCR | page 92: docTR FAIL: CUDA error: out of memory
Search for `cudaErrorMemoryAllocation' in https://docs.nvidia.com/cuda/cuda-runtime-api/group__CUDART__TYPES.html for more information.
CUDA kernel errors might be asynchronously reported at some other API call, so the stacktrace below might be incorrect.
For debugging consider passing CUDA_LAUNCH_BLOCKING=1
Compile with `TORCH_USE_CUDA_DSA` to enable device-side assertions.
 | WARN
[2026-06-02 02:46 PT] [1862] STAGE4-OCR | page 92: Surya FAIL (using docTR+Tess): Unable to allocate 33.0 MiB for an array with shape (1200, 1200, 3) and data type float64 | WARN
[2026-06-02 02:46 PT] [1862] STAGE4-OCR | page 93: docTR FAIL: CUDA error: out of memory
Search for `cudaErrorMemoryAllocation' in https://docs.nvidia.com/cuda/cuda-runtime-api/group__CUDART__TYPES.html for more information.
CUDA kernel errors might be asynchronously reported at some other API call, so the stacktrace below might be incorrect.
For debugging consider passing CUDA_LAUNCH_BLOCKING=1
Compile with `TORCH_USE_CUDA_DSA` to enable device-side assertions.
 | WARN
[2026-06-02 02:46 PT] [1862] STAGE4-OCR | page 93: Surya FAIL (using docTR+Tess): Unable to allocate 33.0 MiB for an array with shape (1200, 1200, 3) and data type float64 | WARN
[2026-06-02 02:46 PT] [1862] STAGE4-OCR | page 94: docTR FAIL: CUDA error: out of memory
Search for `cudaErrorMemoryAllocation' in https://docs.nvidia.com/cuda/cuda-runtime-api/group__CUDART__TYPES.html for more information.
CUDA kernel errors might be asynchronously reported at some other API call, so the stacktrace below might be incorrect.
For debugging consider passing CUDA_LAUNCH_BLOCKING=1
Compile with `TORCH_USE_CUDA_DSA` to enable device-side assertions.
 | WARN
[2026-06-02 02:46 PT] [1862] STAGE4-OCR | page 94: Surya FAIL (using docTR+Tess): Unable to allocate 33.0 MiB for an array with shape (1200, 1200, 3) and data type float64 | WARN
[2026-06-02 02:46 PT] [1862] STAGE4-OCR | page 95: docTR FAIL: CUDA error: out of memory
Search for `cudaErrorMemoryAllocation' in https://docs.nvidia.com/cuda/cuda-runtime-api/group__CUDART__TYPES.html for more information.
CUDA kernel errors might be asynchronously reported at some other API call, so the stacktrace below might be incorrect.
For debugging consider passing CUDA_LAUNCH_BLOCKING=1
Compile with `TORCH_USE_CUDA_DSA` to enable device-side assertions.
 | WARN
[2026-06-02 02:46 PT] [1862] STAGE4-OCR | page 95: Surya FAIL (using docTR+Tess): Unable to allocate 33.0 MiB for an array with shape (1200, 1200, 3) and data type float64 | WARN
[2026-06-02 02:47 PT] [1862] STAGE4-OCR | page 96: docTR FAIL: CUDA error: out of memory
Search for `cudaErrorMemoryAllocation' in https://docs.nvidia.com/cuda/cuda-runtime-api/group__CUDART__TYPES.html for more information.
CUDA kernel errors might be asynchronously reported at some other API call, so the stacktrace below might be incorrect.
For debugging consider passing CUDA_LAUNCH_BLOCKING=1
Compile with `TORCH_USE_CUDA_DSA` to enable device-side assertions.
 | WARN
[2026-06-02 02:47 PT] [1862] STAGE4-OCR | page 96: Surya FAIL (using docTR+Tess): Unable to allocate 33.0 MiB for an array with shape (1200, 1200, 3) and data type float64 | WARN
[2026-06-02 02:47 PT] [1862] STAGE4-OCR | page 97: docTR FAIL: CUDA error: out of memory
Search for `cudaErrorMemoryAllocation' in https://docs.nvidia.com/cuda/cuda-runtime-api/group__CUDART__TYPES.html for more information.
CUDA kernel errors might be asynchronously reported at some other API call, so the stacktrace below might be incorrect.
For debugging consider passing CUDA_LAUNCH_BLOCKING=1
Compile with `TORCH_USE_CUDA_DSA` to enable device-side assertions.
 | WARN
[2026-06-02 02:47 PT] [1862] STAGE4-OCR | page 97: Surya FAIL (using docTR+Tess): Unable to allocate 33.0 MiB for an array with shape (1200, 1200, 3) and data type float64 | WARN
[2026-06-02 02:47 PT] [1862] STAGE4-OCR | page 98: docTR FAIL: CUDA error: out of memory
Search for `cudaErrorMemoryAllocation' in https://docs.nvidia.com/cuda/cuda-runtime-api/group__CUDART__TYPES.html for more information.
CUDA kernel errors might be asynchronously reported at some other API call, so the stacktrace below might be incorrect.
For debugging consider passing CUDA_LAUNCH_BLOCKING=1
Compile with `TORCH_USE_CUDA_DSA` to enable device-side assertions.
 | WARN
[2026-06-02 02:47 PT] [1862] STAGE4-OCR | page 98: Surya FAIL (using docTR+Tess): Unable to allocate 33.0 MiB for an array with shape (1200, 1200, 3) and data type float64 | WARN
[2026-06-02 02:47 PT] [1862] STAGE4-OCR | page 99: docTR FAIL: CUDA error: out of memory
Search for `cudaErrorMemoryAllocation' in https://docs.nvidia.com/cuda/cuda-runtime-api/group__CUDART__TYPES.html for more information.
CUDA kernel errors might be asynchronously reported at some other API call, so the stacktrace below might be incorrect.
For debugging consider passing CUDA_LAUNCH_BLOCKING=1
Compile with `TORCH_USE_CUDA_DSA` to enable device-side assertions.
 | WARN
[2026-06-02 02:47 PT] [1862] STAGE4-OCR | page 99: Surya FAIL (using docTR+Tess): Unable to allocate 33.0 MiB for an array with shape (1200, 1200, 3) and data type float64 | WARN
[2026-06-02 02:47 PT] [1862] STAGE4-OCR | page 100: docTR FAIL: CUDA error: out of memory
Search for `cudaErrorMemoryAllocation' in https://docs.nvidia.com/cuda/cuda-runtime-api/group__CUDART__TYPES.html for more information.
CUDA kernel errors might be asynchronously reported at some other API call, so the stacktrace below might be incorrect.
For debugging consider passing CUDA_LAUNCH_BLOCKING=1
Compile with `TORCH_USE_CUDA_DSA` to enable device-side assertions.
 | WARN
[2026-06-02 02:47 PT] [1862] STAGE4-OCR | page 100: Surya FAIL (using docTR+Tess): Unable to allocate 33.0 MiB for an array with shape (1200, 1200, 3) and data type float64 | WARN
[2026-06-02 02:47 PT] [1862] STAGE4-OCR | page 101: docTR FAIL: CUDA error: out of memory
Search for `cudaErrorMemoryAllocation' in https://docs.nvidia.com/cuda/cuda-runtime-api/group__CUDART__TYPES.html for more information.
CUDA kernel errors might be asynchronously reported at some other API call, so the stacktrace below might be incorrect.
For debugging consider passing CUDA_LAUNCH_BLOCKING=1
Compile with `TORCH_USE_CUDA_DSA` to enable device-side assertions.
 | WARN
[2026-06-02 02:47 PT] [1862] STAGE4-OCR | page 101: Surya FAIL (using docTR+Tess): Unable to allocate 33.0 MiB for an array with shape (1200, 1200, 3) and data type float64 | WARN
[2026-06-02 02:47 PT] [1862] STAGE4-OCR | page 102: docTR FAIL: CUDA error: out of memory
Search for `cudaErrorMemoryAllocation' in https://docs.nvidia.com/cuda/cuda-runtime-api/group__CUDART__TYPES.html for more information.
CUDA kernel errors might be asynchronously reported at some other API call, so the stacktrace below might be incorrect.
For debugging consider passing CUDA_LAUNCH_BLOCKING=1
Compile with `TORCH_USE_CUDA_DSA` to enable device-side assertions.
 | WARN
[2026-06-02 02:47 PT] [1862] STAGE4-OCR | page 102: Surya FAIL (using docTR+Tess): Unable to allocate 33.0 MiB for an array with shape (1200, 1200, 3) and data type float64 | WARN
[2026-06-02 02:47 PT] [1862] STAGE4-OCR | page 103: docTR FAIL: CUDA error: out of memory
Search for `cudaErrorMemoryAllocation' in https://docs.nvidia.com/cuda/cuda-runtime-api/group__CUDART__TYPES.html for more information.
CUDA kernel errors might be asynchronously reported at some other API call, so the stacktrace below might be incorrect.
For debugging consider passing CUDA_LAUNCH_BLOCKING=1
Compile with `TORCH_USE_CUDA_DSA` to enable device-side assertions.
 | WARN
[2026-06-02 02:47 PT] [1862] STAGE4-OCR | page 103: Surya FAIL (using docTR+Tess): Unable to allocate 33.0 MiB for an array with shape (1200, 1200, 3) and data type float64 | WARN
[2026-06-02 02:47 PT] [1862] STAGE4-OCR | page 104: docTR FAIL: CUDA error: out of memory
Search for `cudaErrorMemoryAllocation' in https://docs.nvidia.com/cuda/cuda-runtime-api/group__CUDART__TYPES.html for more information.
CUDA kernel errors might be asynchronously reported at some other API call, so the stacktrace below might be incorrect.
For debugging consider passing CUDA_LAUNCH_BLOCKING=1
Compile with `TORCH_USE_CUDA_DSA` to enable device-side assertions.
 | WARN
[2026-06-02 02:47 PT] [1862] STAGE4-OCR | page 104: Surya FAIL (using docTR+Tess): Unable to allocate 33.0 MiB for an array with shape (1200, 1200, 3) and data type float64 | WARN
[2026-06-02 02:47 PT] [1862] STAGE4-OCR | page 105: docTR FAIL: CUDA error: out of memory
Search for `cudaErrorMemoryAllocation' in https://docs.nvidia.com/cuda/cuda-runtime-api/group__CUDART__TYPES.html for more information.
CUDA kernel errors might be asynchronously reported at some other API call, so the stacktrace below might be incorrect.
For debugging consider passing CUDA_LAUNCH_BLOCKING=1
Compile with `TORCH_USE_CUDA_DSA` to enable device-side assertions.
 | WARN
[2026-06-02 02:47 PT] [1862] STAGE4-OCR | page 105: Surya FAIL (using docTR+Tess): Unable to allocate 33.0 MiB for an array with shape (1200, 1200, 3) and data type float64 | WARN
[2026-06-02 02:47 PT] [1862] STAGE4-OCR | page 105 (101/652): engines=doctr+tess agree=0.00 hi=False 2.2s | OK
[2026-06-02 02:47 PT] [1862] STAGE4-OCR | page 106: docTR FAIL: CUDA error: out of memory
Search for `cudaErrorMemoryAllocation' in https://docs.nvidia.com/cuda/cuda-runtime-api/group__CUDART__TYPES.html for more information.
CUDA kernel errors might be asynchronously reported at some other API call, so the stacktrace below might be incorrect.
For debugging consider passing CUDA_LAUNCH_BLOCKING=1
Compile with `TORCH_USE_CUDA_DSA` to enable device-side assertions.
 | WARN
[2026-06-02 02:47 PT] [1862] STAGE4-OCR | page 106: Surya FAIL (using docTR+Tess): Unable to allocate 33.0 MiB for an array with shape (1200, 1200, 3) and data type float64 | WARN
[2026-06-02 02:47 PT] [1862] STAGE4-OCR | page 107: docTR FAIL: CUDA error: out of memory
Search for `cudaErrorMemoryAllocation' in https://docs.nvidia.com/cuda/cuda-runtime-api/group__CUDART__TYPES.html for more information.
CUDA kernel errors might be asynchronously reported at some other API call, so the stacktrace below might be incorrect.
For debugging consider passing CUDA_LAUNCH_BLOCKING=1
Compile with `TORCH_USE_CUDA_DSA` to enable device-side assertions.
 | WARN
[2026-06-02 02:47 PT] [1862] STAGE4-OCR | page 107: Surya FAIL (using docTR+Tess): CUDA error: out of memory
Search for `cudaErrorMemoryAllocation' in https://docs.nvidia.com/cuda/cuda-runtime-api/group__CUDART__TYPES.html for more information.
CUDA kernel errors might be asynchronously reported at some other API call, so the stacktrace below might be incorrect.
For debugging consider passing CUDA_LAUNCH_BLOCKING=1
Compile with `TORCH_USE_CUDA_DSA` to enable device-side assertions.
 | WARN
[2026-06-02 02:47 PT] [1862] STAGE4-OCR | page 108: docTR FAIL: CUDA error: out of memory
Search for `cudaErrorMemoryAllocation' in https://docs.nvidia.com/cuda/cuda-runtime-api/group__CUDART__TYPES.html for more information.
CUDA kernel errors might be asynchronously reported at some other API call, so the stacktrace below might be incorrect.
For debugging consider passing CUDA_LAUNCH_BLOCKING=1
Compile with `TORCH_USE_CUDA_DSA` to enable device-side assertions.
 | WARN
[2026-06-02 02:47 PT] [1862] STAGE4-OCR | page 108: Surya FAIL (using docTR+Tess): CUDA error: out of memory
Search for `cudaErrorMemoryAllocation' in https://docs.nvidia.com/cuda/cuda-runtime-api/group__CUDART__TYPES.html for more information.
CUDA kernel errors might be asynchronously reported at some other API call, so the stacktrace below might be incorrect.
For debugging consider passing CUDA_LAUNCH_BLOCKING=1
Compile with `TORCH_USE_CUDA_DSA` to enable device-side assertions.
 | WARN
[2026-06-02 02:47 PT] [1862] STAGE4-OCR | page 109: docTR FAIL: CUDA error: out of memory
Search for `cudaErrorMemoryAllocation' in https://docs.nvidia.com/cuda/cuda-runtime-api/group__CUDART__TYPES.html for more information.
CUDA kernel errors might be asynchronously reported at some other API call, so the stacktrace below might be incorrect.
For debugging consider passing CUDA_LAUNCH_BLOCKING=1
Compile with `TORCH_USE_CUDA_DSA` to enable device-side assertions.
 | WARN
[2026-06-02 02:47 PT] [1862] STAGE4-OCR | page 109: Surya FAIL (using docTR+Tess): CUDA error: out of memory
Search for `cudaErrorMemoryAllocation' in https://docs.nvidia.com/cuda/cuda-runtime-api/group__CUDART__TYPES.html for more information.
CUDA kernel errors might be asynchronously reported at some other API call, so the stacktrace below might be incorrect.
For debugging consider passing CUDA_LAUNCH_BLOCKING=1
Compile with `TORCH_USE_CUDA_DSA` to enable device-side assertions.
 | WARN
[2026-06-02 02:47 PT] [1862] STAGE4-OCR | page 110: docTR FAIL: CUDA error: out of memory
Search for `cudaErrorMemoryAllocation' in https://docs.nvidia.com/cuda/cuda-runtime-api/group__CUDART__TYPES.html for more information.
CUDA kernel errors might be asynchronously reported at some other API call, so the stacktrace below might be incorrect.
For debugging consider passing CUDA_LAUNCH_BLOCKING=1
Compile with `TORCH_USE_CUDA_DSA` to enable device-side assertions.
 | WARN
[2026-06-02 02:47 PT] [1862] STAGE4-OCR | page 110: Surya FAIL (using docTR+Tess): CUDA error: out of memory
Search for `cudaErrorMemoryAllocation' in https://docs.nvidia.com/cuda/cuda-runtime-api/group__CUDART__TYPES.html for more information.
CUDA kernel errors might be asynchronously reported at some other API call, so the stacktrace below might be incorrect.
For debugging consider passing CUDA_LAUNCH_BLOCKING=1
Compile with `TORCH_USE_CUDA_DSA` to enable device-side assertions.
 | WARN
[2026-06-02 02:47 PT] [1862] STAGE4-OCR | page 111: docTR FAIL: CUDA error: out of memory
Search for `cudaErrorMemoryAllocation' in https://docs.nvidia.com/cuda/cuda-runtime-api/group__CUDART__TYPES.html for more information.
CUDA kernel errors might be asynchronously reported at some other API call, so the stacktrace below might be incorrect.
For debugging consider passing CUDA_LAUNCH_BLOCKING=1
Compile with `TORCH_USE_CUDA_DSA` to enable device-side assertions.
 | WARN
[2026-06-02 02:47 PT] [1862] STAGE4-OCR | page 111: Surya FAIL (using docTR+Tess): CUDA error: out of memory
Search for `cudaErrorMemoryAllocation' in https://docs.nvidia.com/cuda/cuda-runtime-api/group__CUDART__TYPES.html for more information.
CUDA kernel errors might be asynchronously reported at some other API call, so the stacktrace below might be incorrect.
For debugging consider passing CUDA_LAUNCH_BLOCKING=1
Compile with `TORCH_USE_CUDA_DSA` to enable device-side assertions.
 | WARN
[2026-06-02 02:47 PT] [1862] STAGE4-OCR | page 112: docTR FAIL: CUDA error: out of memory
Search for `cudaErrorMemoryAllocation' in https://docs.nvidia.com/cuda/cuda-runtime-api/group__CUDART__TYPES.html for more information.
CUDA kernel errors might be asynchronously reported at some other API call, so the stacktrace below might be incorrect.
For debugging consider passing CUDA_LAUNCH_BLOCKING=1
Compile with `TORCH_USE_CUDA_DSA` to enable device-side assertions.
 | WARN
[2026-06-02 02:47 PT] [1862] STAGE4-OCR | page 112: Surya FAIL (using docTR+Tess): Unable to allocate 33.0 MiB for an array with shape (1200, 1200, 3) and data type float64 | WARN
[2026-06-02 02:47 PT] [1862] STAGE4-OCR | page 113: docTR FAIL: CUDA error: out of memory
Search for `cudaErrorMemoryAllocation' in https://docs.nvidia.com/cuda/cuda-runtime-api/group__CUDART__TYPES.html for more information.
CUDA kernel errors might be asynchronously reported at some other API call, so the stacktrace below might be incorrect.
For debugging consider passing CUDA_LAUNCH_BLOCKING=1
Compile with `TORCH_USE_CUDA_DSA` to enable device-side assertions.
 | WARN
[2026-06-02 02:47 PT] [1862] STAGE4-OCR | page 113: Surya FAIL (using docTR+Tess): Unable to allocate 33.0 MiB for an array with shape (1200, 1200, 3) and data type float64 | WARN
[2026-06-02 02:47 PT] [1862] STAGE4-OCR | page 114: docTR FAIL: CUDA error: out of memory
Search for `cudaErrorMemoryAllocation' in https://docs.nvidia.com/cuda/cuda-runtime-api/group__CUDART__TYPES.html for more information.
CUDA kernel errors might be asynchronously reported at some other API call, so the stacktrace below might be incorrect.
For debugging consider passing CUDA_LAUNCH_BLOCKING=1
Compile with `TORCH_USE_CUDA_DSA` to enable device-side assertions.
 | WARN
[2026-06-02 02:47 PT] [1862] STAGE4-OCR | page 114: Surya FAIL (using docTR+Tess): Unable to allocate 33.0 MiB for an array with shape (1200, 1200, 3) and data type float64 | WARN
[2026-06-02 02:47 PT] [1862] STAGE4-OCR | page 115: docTR FAIL: CUDA error: out of memory
Search for `cudaErrorMemoryAllocation' in https://docs.nvidia.com/cuda/cuda-runtime-api/group__CUDART__TYPES.html for more information.
CUDA kernel errors might be asynchronously reported at some other API call, so the stacktrace below might be incorrect.
For debugging consider passing CUDA_LAUNCH_BLOCKING=1
Compile with `TORCH_USE_CUDA_DSA` to enable device-side assertions.
 | WARN
[2026-06-02 02:47 PT] [1862] STAGE4-OCR | page 115: Surya FAIL (using docTR+Tess): Unable to allocate 33.0 MiB for an array with shape (1200, 1200, 3) and data type float64 | WARN
[2026-06-02 02:47 PT] [1862] STAGE4-OCR | page 116: docTR FAIL: CUDA error: out of memory
Search for `cudaErrorMemoryAllocation' in https://docs.nvidia.com/cuda/cuda-runtime-api/group__CUDART__TYPES.html for more information.
CUDA kernel errors might be asynchronously reported at some other API call, so the stacktrace below might be incorrect.
For debugging consider passing CUDA_LAUNCH_BLOCKING=1
Compile with `TORCH_USE_CUDA_DSA` to enable device-side assertions.
 | WARN
[2026-06-02 02:47 PT] [1862] STAGE4-OCR | page 116: Surya FAIL (using docTR+Tess): Unable to allocate 33.0 MiB for an array with shape (1200, 1200, 3) and data type float64 | WARN
[2026-06-02 02:47 PT] [1862] STAGE4-OCR | page 117: docTR FAIL: CUDA error: out of memory
Search for `cudaErrorMemoryAllocation' in https://docs.nvidia.com/cuda/cuda-runtime-api/group__CUDART__TYPES.html for more information.
CUDA kernel errors might be asynchronously reported at some other API call, so the stacktrace below might be incorrect.
For debugging consider passing CUDA_LAUNCH_BLOCKING=1
Compile with `TORCH_USE_CUDA_DSA` to enable device-side assertions.
 | WARN
[2026-06-02 02:47 PT] [1862] STAGE4-OCR | page 117: Surya FAIL (using docTR+Tess): Unable to allocate 33.0 MiB for an array with shape (1200, 1200, 3) and data type float64 | WARN
[2026-06-02 02:47 PT] [1862] STAGE4-OCR | page 118: docTR FAIL: CUDA error: out of memory
Search for `cudaErrorMemoryAllocation' in https://docs.nvidia.com/cuda/cuda-runtime-api/group__CUDART__TYPES.html for more information.
CUDA kernel errors might be asynchronously reported at some other API call, so the stacktrace below might be incorrect.
For debugging consider passing CUDA_LAUNCH_BLOCKING=1
Compile with `TORCH_USE_CUDA_DSA` to enable device-side assertions.
 | WARN
[2026-06-02 02:47 PT] [1862] STAGE4-OCR | page 118: Surya FAIL (using docTR+Tess): Unable to allocate 33.0 MiB for an array with shape (1200, 1200, 3) and data type float64 | WARN
[2026-06-02 02:47 PT] [1862] STAGE4-OCR | page 119: docTR FAIL: CUDA error: out of memory
Search for `cudaErrorMemoryAllocation' in https://docs.nvidia.com/cuda/cuda-runtime-api/group__CUDART__TYPES.html for more information.
CUDA kernel errors might be asynchronously reported at some other API call, so the stacktrace below might be incorrect.
For debugging consider passing CUDA_LAUNCH_BLOCKING=1
Compile with `TORCH_USE_CUDA_DSA` to enable device-side assertions.
 | WARN
[2026-06-02 02:47 PT] [1862] STAGE4-OCR | page 119: Surya FAIL (using docTR+Tess): Unable to allocate 33.0 MiB for an array with shape (1200, 1200, 3) and data type float64 | WARN
[2026-06-02 02:47 PT] [1862] STAGE4-OCR | page 120: docTR FAIL: CUDA error: out of memory
Search for `cudaErrorMemoryAllocation' in https://docs.nvidia.com/cuda/cuda-runtime-api/group__CUDART__TYPES.html for more information.
CUDA kernel errors might be asynchronously reported at some other API call, so the stacktrace below might be incorrect.
For debugging consider passing CUDA_LAUNCH_BLOCKING=1
Compile with `TORCH_USE_CUDA_DSA` to enable device-side assertions.
 | WARN
[2026-06-02 02:47 PT] [1862] STAGE4-OCR | page 120: Surya FAIL (using docTR+Tess): Unable to allocate 33.0 MiB for an array with shape (1200, 1200, 3) and data type float64 | WARN
[2026-06-02 02:47 PT] [1862] STAGE4-OCR | page 121: docTR FAIL: CUDA error: out of memory
Search for `cudaErrorMemoryAllocation' in https://docs.nvidia.com/cuda/cuda-runtime-api/group__CUDART__TYPES.html for more information.
CUDA kernel errors might be asynchronously reported at some other API call, so the stacktrace below might be incorrect.
For debugging consider passing CUDA_LAUNCH_BLOCKING=1
Compile with `TORCH_USE_CUDA_DSA` to enable device-side assertions.
 | WARN
[2026-06-02 02:47 PT] [1862] STAGE4-OCR | page 121: Surya FAIL (using docTR+Tess): Unable to allocate 33.0 MiB for an array with shape (1200, 1200, 3) and data type float64 | WARN
[2026-06-02 02:47 PT] [1862] STAGE4-OCR | page 122: docTR FAIL: CUDA error: out of memory
Search for `cudaErrorMemoryAllocation' in https://docs.nvidia.com/cuda/cuda-runtime-api/group__CUDART__TYPES.html for more information.
CUDA kernel errors might be asynchronously reported at some other API call, so the stacktrace below might be incorrect.
For debugging consider passing CUDA_LAUNCH_BLOCKING=1
Compile with `TORCH_USE_CUDA_DSA` to enable device-side assertions.
 | WARN
[2026-06-02 02:47 PT] [1862] STAGE4-OCR | page 122: Surya FAIL (using docTR+Tess): Unable to allocate 33.0 MiB for an array with shape (1200, 1200, 3) and data type float64 | WARN
[2026-06-02 02:47 PT] [1862] STAGE4-OCR | page 123: docTR FAIL: CUDA error: out of memory
Search for `cudaErrorMemoryAllocation' in https://docs.nvidia.com/cuda/cuda-runtime-api/group__CUDART__TYPES.html for more information.
CUDA kernel errors might be asynchronously reported at some other API call, so the stacktrace below might be incorrect.
For debugging consider passing CUDA_LAUNCH_BLOCKING=1
Compile with `TORCH_USE_CUDA_DSA` to enable device-side assertions.
 | WARN
[2026-06-02 02:47 PT] [1862] STAGE4-OCR | page 123: Surya FAIL (using docTR+Tess): Unable to allocate 33.0 MiB for an array with shape (1200, 1200, 3) and data type float64 | WARN
[2026-06-02 02:47 PT] [1862] STAGE4-OCR | page 124: docTR FAIL: CUDA error: out of memory
Search for `cudaErrorMemoryAllocation' in https://docs.nvidia.com/cuda/cuda-runtime-api/group__CUDART__TYPES.html for more information.
CUDA kernel errors might be asynchronously reported at some other API call, so the stacktrace below might be incorrect.
For debugging consider passing CUDA_LAUNCH_BLOCKING=1
Compile with `TORCH_USE_CUDA_DSA` to enable device-side assertions.
 | WARN
[2026-06-02 02:47 PT] [1862] STAGE4-OCR | page 124: Surya FAIL (using docTR+Tess): Unable to allocate 33.0 MiB for an array with shape (1200, 1200, 3) and data type float64 | WARN
[2026-06-02 02:47 PT] [1862] STAGE4-OCR | page 125: docTR FAIL: CUDA error: out of memory
Search for `cudaErrorMemoryAllocation' in https://docs.nvidia.com/cuda/cuda-runtime-api/group__CUDART__TYPES.html for more information.
CUDA kernel errors might be asynchronously reported at some other API call, so the stacktrace below might be incorrect.
For debugging consider passing CUDA_LAUNCH_BLOCKING=1
Compile with `TORCH_USE_CUDA_DSA` to enable device-side assertions.
 | WARN
[2026-06-02 02:47 PT] [1862] STAGE4-OCR | page 125: Surya FAIL (using docTR+Tess): Unable to allocate 33.0 MiB for an array with shape (1200, 1200, 3) and data type float64 | WARN
[2026-06-02 02:47 PT] [1862] STAGE4-OCR | page 125 (121/652): engines=doctr+tess agree=0.00 hi=False 2.0s | OK
[2026-06-02 02:47 PT] [1862] STAGE4-OCR | page 126: docTR FAIL: CUDA error: out of memory
Search for `cudaErrorMemoryAllocation' in https://docs.nvidia.com/cuda/cuda-runtime-api/group__CUDART__TYPES.html for more information.
CUDA kernel errors might be asynchronously reported at some other API call, so the stacktrace below might be incorrect.
For debugging consider passing CUDA_LAUNCH_BLOCKING=1
Compile with `TORCH_USE_CUDA_DSA` to enable device-side assertions.
 | WARN
[2026-06-02 02:48 PT] [1862] STAGE4-OCR | page 126: Surya FAIL (using docTR+Tess): Unable to allocate 33.0 MiB for an array with shape (1200, 1200, 3) and data type float64 | WARN
[2026-06-02 02:48 PT] [1862] STAGE4-OCR | page 127: docTR FAIL: CUDA error: out of memory
Search for `cudaErrorMemoryAllocation' in https://docs.nvidia.com/cuda/cuda-runtime-api/group__CUDART__TYPES.html for more information.
CUDA kernel errors might be asynchronously reported at some other API call, so the stacktrace below might be incorrect.
For debugging consider passing CUDA_LAUNCH_BLOCKING=1
Compile with `TORCH_USE_CUDA_DSA` to enable device-side assertions.
 | WARN
[2026-06-02 02:48 PT] [1862] STAGE4-OCR | page 127: Surya FAIL (using docTR+Tess): Unable to allocate 33.0 MiB for an array with shape (1200, 1200, 3) and data type float64 | WARN
[2026-06-02 02:48 PT] [1862] STAGE4-OCR | page 128: docTR FAIL: CUDA error: out of memory
Search for `cudaErrorMemoryAllocation' in https://docs.nvidia.com/cuda/cuda-runtime-api/group__CUDART__TYPES.html for more information.
CUDA kernel errors might be asynchronously reported at some other API call, so the stacktrace below might be incorrect.
For debugging consider passing CUDA_LAUNCH_BLOCKING=1
Compile with `TORCH_USE_CUDA_DSA` to enable device-side assertions.
 | WARN
[2026-06-02 02:48 PT] [1862] STAGE4-OCR | page 128: Surya FAIL (using docTR+Tess): Unable to allocate 33.0 MiB for an array with shape (1200, 1200, 3) and data type float64 | WARN
[2026-06-02 02:48 PT] [1862] STAGE4-OCR | page 129: docTR FAIL: CUDA error: out of memory
Search for `cudaErrorMemoryAllocation' in https://docs.nvidia.com/cuda/cuda-runtime-api/group__CUDART__TYPES.html for more information.
CUDA kernel errors might be asynchronously reported at some other API call, so the stacktrace below might be incorrect.
For debugging consider passing CUDA_LAUNCH_BLOCKING=1
Compile with `TORCH_USE_CUDA_DSA` to enable device-side assertions.
 | WARN
[2026-06-02 02:48 PT] [1862] STAGE4-OCR | page 129: Surya FAIL (using docTR+Tess): Unable to allocate 33.0 MiB for an array with shape (1200, 1200, 3) and data type float64 | WARN
[2026-06-02 02:48 PT] [1862] STAGE4-OCR | page 130: docTR FAIL: CUDA error: out of memory
Search for `cudaErrorMemoryAllocation' in https://docs.nvidia.com/cuda/cuda-runtime-api/group__CUDART__TYPES.html for more information.
CUDA kernel errors might be asynchronously reported at some other API call, so the stacktrace below might be incorrect.
For debugging consider passing CUDA_LAUNCH_BLOCKING=1
Compile with `TORCH_USE_CUDA_DSA` to enable device-side assertions.
 | WARN
[2026-06-02 02:48 PT] [1862] STAGE4-OCR | page 130: Surya FAIL (using docTR+Tess): Unable to allocate 33.0 MiB for an array with shape (1200, 1200, 3) and data type float64 | WARN
[2026-06-02 02:48 PT] [1862] STAGE4-OCR | page 131: docTR FAIL: CUDA error: out of memory
Search for `cudaErrorMemoryAllocation' in https://docs.nvidia.com/cuda/cuda-runtime-api/group__CUDART__TYPES.html for more information.
CUDA kernel errors might be asynchronously reported at some other API call, so the stacktrace below might be incorrect.
For debugging consider passing CUDA_LAUNCH_BLOCKING=1
Compile with `TORCH_USE_CUDA_DSA` to enable device-side assertions.
 | WARN
[2026-06-02 02:48 PT] [1862] STAGE4-OCR | page 131: Surya FAIL (using docTR+Tess): Unable to allocate 33.0 MiB for an array with shape (1200, 1200, 3) and data type float64 | WARN
[2026-06-02 02:48 PT] [1862] STAGE4-OCR | page 132: docTR FAIL: CUDA error: out of memory
Search for `cudaErrorMemoryAllocation' in https://docs.nvidia.com/cuda/cuda-runtime-api/group__CUDART__TYPES.html for more information.
CUDA kernel errors might be asynchronously reported at some other API call, so the stacktrace below might be incorrect.
For debugging consider passing CUDA_LAUNCH_BLOCKING=1
Compile with `TORCH_USE_CUDA_DSA` to enable device-side assertions.
 | WARN
[2026-06-02 02:48 PT] [1862] STAGE4-OCR | page 132: Surya FAIL (using docTR+Tess): Unable to allocate 33.0 MiB for an array with shape (1200, 1200, 3) and data type float64 | WARN
[2026-06-02 02:48 PT] [1862] STAGE4-OCR | page 133: docTR FAIL: CUDA error: out of memory
Search for `cudaErrorMemoryAllocation' in https://docs.nvidia.com/cuda/cuda-runtime-api/group__CUDART__TYPES.html for more information.
CUDA kernel errors might be asynchronously reported at some other API call, so the stacktrace below might be incorrect.
For debugging consider passing CUDA_LAUNCH_BLOCKING=1
Compile with `TORCH_USE_CUDA_DSA` to enable device-side assertions.
 | WARN
[2026-06-02 02:48 PT] [1862] STAGE4-OCR | page 133: Surya FAIL (using docTR+Tess):  | WARN
[2026-06-02 02:48 PT] [1862] STAGE4-OCR | page 134: docTR FAIL: CUDA error: out of memory
Search for `cudaErrorMemoryAllocation' in https://docs.nvidia.com/cuda/cuda-runtime-api/group__CUDART__TYPES.html for more information.
CUDA kernel errors might be asynchronously reported at some other API call, so the stacktrace below might be incorrect.
For debugging consider passing CUDA_LAUNCH_BLOCKING=1
Compile with `TORCH_USE_CUDA_DSA` to enable device-side assertions.
 | WARN
[2026-06-02 02:48 PT] [1862] STAGE4-OCR | page 134: Surya FAIL (using docTR+Tess): Unable to allocate 33.0 MiB for an array with shape (1200, 1200, 3) and data type float64 | WARN
[2026-06-02 02:48 PT] [1862] STAGE4-OCR | page 135: docTR FAIL: CUDA error: out of memory
Search for `cudaErrorMemoryAllocation' in https://docs.nvidia.com/cuda/cuda-runtime-api/group__CUDART__TYPES.html for more information.
CUDA kernel errors might be asynchronously reported at some other API call, so the stacktrace below might be incorrect.
For debugging consider passing CUDA_LAUNCH_BLOCKING=1
Compile with `TORCH_USE_CUDA_DSA` to enable device-side assertions.
 | WARN
[2026-06-02 02:48 PT] [1862] STAGE4-OCR | page 135: Surya FAIL (using docTR+Tess): Unable to allocate 33.0 MiB for an array with shape (1200, 1200, 3) and data type float64 | WARN
[2026-06-02 02:48 PT] [1862] STAGE4-OCR | page 136: docTR FAIL: CUDA error: out of memory
Search for `cudaErrorMemoryAllocation' in https://docs.nvidia.com/cuda/cuda-runtime-api/group__CUDART__TYPES.html for more information.
CUDA kernel errors might be asynchronously reported at some other API call, so the stacktrace below might be incorrect.
For debugging consider passing CUDA_LAUNCH_BLOCKING=1
Compile with `TORCH_USE_CUDA_DSA` to enable device-side assertions.
 | WARN
[2026-06-02 02:48 PT] [1862] STAGE4-OCR | page 136: Surya FAIL (using docTR+Tess): Unable to allocate 33.0 MiB for an array with shape (1200, 1200, 3) and data type float64 | WARN
[2026-06-02 02:48 PT] [1862] STAGE4-OCR | page 137: docTR FAIL: CUDA error: out of memory
Search for `cudaErrorMemoryAllocation' in https://docs.nvidia.com/cuda/cuda-runtime-api/group__CUDART__TYPES.html for more information.
CUDA kernel errors might be asynchronously reported at some other API call, so the stacktrace below might be incorrect.
For debugging consider passing CUDA_LAUNCH_BLOCKING=1
Compile with `TORCH_USE_CUDA_DSA` to enable device-side assertions.
 | WARN
[2026-06-02 02:48 PT] [1862] STAGE4-OCR | page 137: Surya FAIL (using docTR+Tess): Unable to allocate 33.0 MiB for an array with shape (1200, 1200, 3) and data type float64 | WARN
[2026-06-02 02:48 PT] [1862] STAGE4-OCR | page 138: docTR FAIL: CUDA error: out of memory
Search for `cudaErrorMemoryAllocation' in https://docs.nvidia.com/cuda/cuda-runtime-api/group__CUDART__TYPES.html for more information.
CUDA kernel errors might be asynchronously reported at some other API call, so the stacktrace below might be incorrect.
For debugging consider passing CUDA_LAUNCH_BLOCKING=1
Compile with `TORCH_USE_CUDA_DSA` to enable device-side assertions.
 | WARN
[2026-06-02 02:48 PT] [1862] STAGE4-OCR | page 138: Surya FAIL (using docTR+Tess): Unable to allocate 33.0 MiB for an array with shape (1200, 1200, 3) and data type float64 | WARN
[2026-06-02 02:48 PT] [1862] STAGE4-OCR | page 139: docTR FAIL: CUDA error: out of memory
Search for `cudaErrorMemoryAllocation' in https://docs.nvidia.com/cuda/cuda-runtime-api/group__CUDART__TYPES.html for more information.
CUDA kernel errors might be asynchronously reported at some other API call, so the stacktrace below might be incorrect.
For debugging consider passing CUDA_LAUNCH_BLOCKING=1
Compile with `TORCH_USE_CUDA_DSA` to enable device-side assertions.
 | WARN
[2026-06-02 02:48 PT] [1862] STAGE4-OCR | page 139: Surya FAIL (using docTR+Tess): Unable to allocate 33.0 MiB for an array with shape (1200, 1200, 3) and data type float64 | WARN
[2026-06-02 02:48 PT] [1862] STAGE4-OCR | page 140: docTR FAIL: CUDA error: out of memory
Search for `cudaErrorMemoryAllocation' in https://docs.nvidia.com/cuda/cuda-runtime-api/group__CUDART__TYPES.html for more information.
CUDA kernel errors might be asynchronously reported at some other API call, so the stacktrace below might be incorrect.
For debugging consider passing CUDA_LAUNCH_BLOCKING=1
Compile with `TORCH_USE_CUDA_DSA` to enable device-side assertions.
 | WARN
[2026-06-02 02:48 PT] [1862] STAGE4-OCR | page 140: Surya FAIL (using docTR+Tess): Unable to allocate 33.0 MiB for an array with shape (1200, 1200, 3) and data type float64 | WARN
[2026-06-02 02:48 PT] [1862] STAGE4-OCR | page 141: docTR FAIL: CUDA error: out of memory
Search for `cudaErrorMemoryAllocation' in https://docs.nvidia.com/cuda/cuda-runtime-api/group__CUDART__TYPES.html for more information.
CUDA kernel errors might be asynchronously reported at some other API call, so the stacktrace below might be incorrect.
For debugging consider passing CUDA_LAUNCH_BLOCKING=1
Compile with `TORCH_USE_CUDA_DSA` to enable device-side assertions.
 | WARN
[2026-06-02 02:48 PT] [1862] STAGE4-OCR | page 141: Surya FAIL (using docTR+Tess): Unable to allocate 33.0 MiB for an array with shape (1200, 1200, 3) and data type float64 | WARN
[2026-06-02 02:48 PT] [1862] STAGE4-OCR | page 142: docTR FAIL: CUDA error: out of memory
Search for `cudaErrorMemoryAllocation' in https://docs.nvidia.com/cuda/cuda-runtime-api/group__CUDART__TYPES.html for more information.
CUDA kernel errors might be asynchronously reported at some other API call, so the stacktrace below might be incorrect.
For debugging consider passing CUDA_LAUNCH_BLOCKING=1
Compile with `TORCH_USE_CUDA_DSA` to enable device-side assertions.
 | WARN
[2026-06-02 02:48 PT] [1862] STAGE4-OCR | page 142: Surya FAIL (using docTR+Tess): Unable to allocate 33.0 MiB for an array with shape (1200, 1200, 3) and data type float64 | WARN
[2026-06-02 02:48 PT] [1862] STAGE4-OCR | page 143: docTR FAIL: CUDA error: out of memory
Search for `cudaErrorMemoryAllocation' in https://docs.nvidia.com/cuda/cuda-runtime-api/group__CUDART__TYPES.html for more information.
CUDA kernel errors might be asynchronously reported at some other API call, so the stacktrace below might be incorrect.
For debugging consider passing CUDA_LAUNCH_BLOCKING=1
Compile with `TORCH_USE_CUDA_DSA` to enable device-side assertions.
 | WARN
[2026-06-02 02:48 PT] [1862] STAGE4-OCR | page 143: Surya FAIL (using docTR+Tess): Unable to allocate 33.0 MiB for an array with shape (1200, 1200, 3) and data type float64 | WARN
[2026-06-02 02:48 PT] [1862] STAGE4-OCR | page 144: Tesseract FAIL: (1, 'Error in pixCreateNoInit: pixdata_malloc fail for data Error in pixCreate: pixd not made Error in pixReadStreamPng: pix not made Error in pixReadStream: png: no pix returned Leptonica Error in pixRead: pix not read: C:\\Users\\PATRIC~1\\AppData\\Local\\Temp\\claude\\tess_9svm5dr9_input.PNG Error during processing.') | FAIL
[2026-06-02 02:48 PT] [1862] STAGE4-OCR | page 144: docTR FAIL: CUDA error: out of memory
Search for `cudaErrorMemoryAllocation' in https://docs.nvidia.com/cuda/cuda-runtime-api/group__CUDART__TYPES.html for more information.
CUDA kernel errors might be asynchronously reported at some other API call, so the stacktrace below might be incorrect.
For debugging consider passing CUDA_LAUNCH_BLOCKING=1
Compile with `TORCH_USE_CUDA_DSA` to enable device-side assertions.
 | WARN
[2026-06-02 02:49 PT] [1862] STAGE4-OCR | page 144: Surya FAIL (using docTR+Tess): Unable to allocate 33.0 MiB for an array with shape (1200, 1200, 3) and data type float64 | WARN
[2026-06-02 02:49 PT] [1862] STAGE4-OCR | page 145: docTR FAIL: CUDA error: out of memory
Search for `cudaErrorMemoryAllocation' in https://docs.nvidia.com/cuda/cuda-runtime-api/group__CUDART__TYPES.html for more information.
CUDA kernel errors might be asynchronously reported at some other API call, so the stacktrace below might be incorrect.
For debugging consider passing CUDA_LAUNCH_BLOCKING=1
Compile with `TORCH_USE_CUDA_DSA` to enable device-side assertions.
 | WARN
[2026-06-02 02:49 PT] [1862] STAGE4-OCR | page 145: Surya FAIL (using docTR+Tess): Unable to allocate 33.0 MiB for an array with shape (1200, 1200, 3) and data type float64 | WARN
[2026-06-02 02:49 PT] [1862] STAGE4-OCR | page 145 (141/652): engines=doctr+tess agree=0.00 hi=False 2.0s | OK
[2026-06-02 02:49 PT] [1862] STAGE4-OCR | page 146: docTR FAIL: CUDA error: out of memory
Search for `cudaErrorMemoryAllocation' in https://docs.nvidia.com/cuda/cuda-runtime-api/group__CUDART__TYPES.html for more information.
CUDA kernel errors might be asynchronously reported at some other API call, so the stacktrace below might be incorrect.
For debugging consider passing CUDA_LAUNCH_BLOCKING=1
Compile with `TORCH_USE_CUDA_DSA` to enable device-side assertions.
 | WARN
[2026-06-02 02:49 PT] [1862] STAGE4-OCR | page 146: Surya FAIL (using docTR+Tess): Unable to allocate 33.0 MiB for an array with shape (1200, 1200, 3) and data type float64 | WARN
[2026-06-02 02:49 PT] [1862] STAGE4-OCR | page 147: docTR FAIL: CUDA error: out of memory
Search for `cudaErrorMemoryAllocation' in https://docs.nvidia.com/cuda/cuda-runtime-api/group__CUDART__TYPES.html for more information.
CUDA kernel errors might be asynchronously reported at some other API call, so the stacktrace below might be incorrect.
For debugging consider passing CUDA_LAUNCH_BLOCKING=1
Compile with `TORCH_USE_CUDA_DSA` to enable device-side assertions.
 | WARN
[2026-06-02 02:49 PT] [1862] STAGE4-OCR | page 147: Surya FAIL (using docTR+Tess): Unable to allocate 33.0 MiB for an array with shape (1200, 1200, 3) and data type float64 | WARN
[2026-06-02 02:49 PT] [1862] STAGE4-OCR | page 148: docTR FAIL: CUDA error: out of memory
Search for `cudaErrorMemoryAllocation' in https://docs.nvidia.com/cuda/cuda-runtime-api/group__CUDART__TYPES.html for more information.
CUDA kernel errors might be asynchronously reported at some other API call, so the stacktrace below might be incorrect.
For debugging consider passing CUDA_LAUNCH_BLOCKING=1
Compile with `TORCH_USE_CUDA_DSA` to enable device-side assertions.
 | WARN
[2026-06-02 02:49 PT] [1862] STAGE4-OCR | page 148: Surya FAIL (using docTR+Tess): Unable to allocate 33.0 MiB for an array with shape (1200, 1200, 3) and data type float64 | WARN
[2026-06-02 02:49 PT] [1862] STAGE4-OCR | page 149: docTR FAIL: CUDA error: out of memory
Search for `cudaErrorMemoryAllocation' in https://docs.nvidia.com/cuda/cuda-runtime-api/group__CUDART__TYPES.html for more information.
CUDA kernel errors might be asynchronously reported at some other API call, so the stacktrace below might be incorrect.
For debugging consider passing CUDA_LAUNCH_BLOCKING=1
Compile with `TORCH_USE_CUDA_DSA` to enable device-side assertions.
 | WARN
[2026-06-02 02:49 PT] [1862] STAGE4-OCR | page 149: Surya FAIL (using docTR+Tess): CUDA error: out of memory
Search for `cudaErrorMemoryAllocation' in https://docs.nvidia.com/cuda/cuda-runtime-api/group__CUDART__TYPES.html for more information.
CUDA kernel errors might be asynchronously reported at some other API call, so the stacktrace below might be incorrect.
For debugging consider passing CUDA_LAUNCH_BLOCKING=1
Compile with `TORCH_USE_CUDA_DSA` to enable device-side assertions.
 | WARN
[2026-06-02 02:49 PT] [1862] STAGE4-OCR | page 150: docTR FAIL: CUDA error: out of memory
Search for `cudaErrorMemoryAllocation' in https://docs.nvidia.com/cuda/cuda-runtime-api/group__CUDART__TYPES.html for more information.
CUDA kernel errors might be asynchronously reported at some other API call, so the stacktrace below might be incorrect.
For debugging consider passing CUDA_LAUNCH_BLOCKING=1
Compile with `TORCH_USE_CUDA_DSA` to enable device-side assertions.
 | WARN
[2026-06-02 02:49 PT] [1862] STAGE4-OCR | page 150: Surya FAIL (using docTR+Tess): CUDA error: out of memory
Search for `cudaErrorMemoryAllocation' in https://docs.nvidia.com/cuda/cuda-runtime-api/group__CUDART__TYPES.html for more information.
CUDA kernel errors might be asynchronously reported at some other API call, so the stacktrace below might be incorrect.
For debugging consider passing CUDA_LAUNCH_BLOCKING=1
Compile with `TORCH_USE_CUDA_DSA` to enable device-side assertions.
 | WARN
[2026-06-02 02:49 PT] [1862] STAGE4-OCR | page 151: docTR FAIL: CUDA error: out of memory
Search for `cudaErrorMemoryAllocation' in https://docs.nvidia.com/cuda/cuda-runtime-api/group__CUDART__TYPES.html for more information.
CUDA kernel errors might be asynchronously reported at some other API call, so the stacktrace below might be incorrect.
For debugging consider passing CUDA_LAUNCH_BLOCKING=1
Compile with `TORCH_USE_CUDA_DSA` to enable device-side assertions.
 | WARN
[2026-06-02 02:49 PT] [1862] STAGE4-OCR | page 151: Surya FAIL (using docTR+Tess): CUDA error: out of memory
Search for `cudaErrorMemoryAllocation' in https://docs.nvidia.com/cuda/cuda-runtime-api/group__CUDART__TYPES.html for more information.
CUDA kernel errors might be asynchronously reported at some other API call, so the stacktrace below might be incorrect.
For debugging consider passing CUDA_LAUNCH_BLOCKING=1
Compile with `TORCH_USE_CUDA_DSA` to enable device-side assertions.
 | WARN
[2026-06-02 02:49 PT] [1862] STAGE4-OCR | page 152: docTR FAIL: CUDA error: out of memory
Search for `cudaErrorMemoryAllocation' in https://docs.nvidia.com/cuda/cuda-runtime-api/group__CUDART__TYPES.html for more information.
CUDA kernel errors might be asynchronously reported at some other API call, so the stacktrace below might be incorrect.
For debugging consider passing CUDA_LAUNCH_BLOCKING=1
Compile with `TORCH_USE_CUDA_DSA` to enable device-side assertions.
 | WARN
[2026-06-02 02:49 PT] [1862] STAGE4-OCR | page 152: Surya FAIL (using docTR+Tess): CUDA error: out of memory
Search for `cudaErrorMemoryAllocation' in https://docs.nvidia.com/cuda/cuda-runtime-api/group__CUDART__TYPES.html for more information.
CUDA kernel errors might be asynchronously reported at some other API call, so the stacktrace below might be incorrect.
For debugging consider passing CUDA_LAUNCH_BLOCKING=1
Compile with `TORCH_USE_CUDA_DSA` to enable device-side assertions.
 | WARN
[2026-06-02 02:49 PT] [1862] STAGE4-OCR | page 153: docTR FAIL: CUDA error: out of memory
Search for `cudaErrorMemoryAllocation' in https://docs.nvidia.com/cuda/cuda-runtime-api/group__CUDART__TYPES.html for more information.
CUDA kernel errors might be asynchronously reported at some other API call, so the stacktrace below might be incorrect.
For debugging consider passing CUDA_LAUNCH_BLOCKING=1
Compile with `TORCH_USE_CUDA_DSA` to enable device-side assertions.
 | WARN
[2026-06-02 02:49 PT] [1862] STAGE4-OCR | page 153: Surya FAIL (using docTR+Tess): CUDA error: out of memory
Search for `cudaErrorMemoryAllocation' in https://docs.nvidia.com/cuda/cuda-runtime-api/group__CUDART__TYPES.html for more information.
CUDA kernel errors might be asynchronously reported at some other API call, so the stacktrace below might be incorrect.
For debugging consider passing CUDA_LAUNCH_BLOCKING=1
Compile with `TORCH_USE_CUDA_DSA` to enable device-side assertions.
 | WARN
[2026-06-02 02:49 PT] [1862] STAGE4-OCR | page 154: docTR FAIL: CUDA error: out of memory
Search for `cudaErrorMemoryAllocation' in https://docs.nvidia.com/cuda/cuda-runtime-api/group__CUDART__TYPES.html for more information.
CUDA kernel errors might be asynchronously reported at some other API call, so the stacktrace below might be incorrect.
For debugging consider passing CUDA_LAUNCH_BLOCKING=1
Compile with `TORCH_USE_CUDA_DSA` to enable device-side assertions.
 | WARN
[2026-06-02 02:49 PT] [1862] STAGE4-OCR | page 154: Surya FAIL (using docTR+Tess): CUDA error: out of memory
Search for `cudaErrorMemoryAllocation' in https://docs.nvidia.com/cuda/cuda-runtime-api/group__CUDART__TYPES.html for more information.
CUDA kernel errors might be asynchronously reported at some other API call, so the stacktrace below might be incorrect.
For debugging consider passing CUDA_LAUNCH_BLOCKING=1
Compile with `TORCH_USE_CUDA_DSA` to enable device-side assertions.
 | WARN
[2026-06-02 02:49 PT] [1862] STAGE4-OCR | page 155: docTR FAIL: CUDA error: out of memory
Search for `cudaErrorMemoryAllocation' in https://docs.nvidia.com/cuda/cuda-runtime-api/group__CUDART__TYPES.html for more information.
CUDA kernel errors might be asynchronously reported at some other API call, so the stacktrace below might be incorrect.
For debugging consider passing CUDA_LAUNCH_BLOCKING=1
Compile with `TORCH_USE_CUDA_DSA` to enable device-side assertions.
 | WARN
[2026-06-02 02:49 PT] [1862] STAGE4-OCR | page 155: Surya FAIL (using docTR+Tess): Unable to allocate 33.0 MiB for an array with shape (1200, 1200, 3) and data type float64 | WARN
[2026-06-02 02:49 PT] [1862] STAGE4-OCR | page 156: docTR FAIL: CUDA error: out of memory
Search for `cudaErrorMemoryAllocation' in https://docs.nvidia.com/cuda/cuda-runtime-api/group__CUDART__TYPES.html for more information.
CUDA kernel errors might be asynchronously reported at some other API call, so the stacktrace below might be incorrect.
For debugging consider passing CUDA_LAUNCH_BLOCKING=1
Compile with `TORCH_USE_CUDA_DSA` to enable device-side assertions.
 | WARN
[2026-06-02 02:49 PT] [1862] STAGE4-OCR | page 156: Surya FAIL (using docTR+Tess): Unable to allocate 33.0 MiB for an array with shape (1200, 1200, 3) and data type float64 | WARN
[2026-06-02 02:49 PT] [1862] STAGE4-OCR | page 157: docTR FAIL: CUDA error: out of memory
Search for `cudaErrorMemoryAllocation' in https://docs.nvidia.com/cuda/cuda-runtime-api/group__CUDART__TYPES.html for more information.
CUDA kernel errors might be asynchronously reported at some other API call, so the stacktrace below might be incorrect.
For debugging consider passing CUDA_LAUNCH_BLOCKING=1
Compile with `TORCH_USE_CUDA_DSA` to enable device-side assertions.
 | WARN
[2026-06-02 02:49 PT] [1862] STAGE4-OCR | page 157: Surya FAIL (using docTR+Tess): CUDA error: out of memory
Search for `cudaErrorMemoryAllocation' in https://docs.nvidia.com/cuda/cuda-runtime-api/group__CUDART__TYPES.html for more information.
CUDA kernel errors might be asynchronously reported at some other API call, so the stacktrace below might be incorrect.
For debugging consider passing CUDA_LAUNCH_BLOCKING=1
Compile with `TORCH_USE_CUDA_DSA` to enable device-side assertions.
 | WARN
[2026-06-02 02:49 PT] [1862] STAGE4-OCR | page 158: docTR FAIL: CUDA error: out of memory
Search for `cudaErrorMemoryAllocation' in https://docs.nvidia.com/cuda/cuda-runtime-api/group__CUDART__TYPES.html for more information.
CUDA kernel errors might be asynchronously reported at some other API call, so the stacktrace below might be incorrect.
For debugging consider passing CUDA_LAUNCH_BLOCKING=1
Compile with `TORCH_USE_CUDA_DSA` to enable device-side assertions.
 | WARN
[2026-06-02 02:49 PT] [1862] STAGE4-OCR | page 158: Surya FAIL (using docTR+Tess): CUDA error: out of memory
Search for `cudaErrorMemoryAllocation' in https://docs.nvidia.com/cuda/cuda-runtime-api/group__CUDART__TYPES.html for more information.
CUDA kernel errors might be asynchronously reported at some other API call, so the stacktrace below might be incorrect.
For debugging consider passing CUDA_LAUNCH_BLOCKING=1
Compile with `TORCH_USE_CUDA_DSA` to enable device-side assertions.
 | WARN
[2026-06-02 02:49 PT] [1862] STAGE4-OCR | page 159: docTR FAIL: CUDA error: out of memory
Search for `cudaErrorMemoryAllocation' in https://docs.nvidia.com/cuda/cuda-runtime-api/group__CUDART__TYPES.html for more information.
CUDA kernel errors might be asynchronously reported at some other API call, so the stacktrace below might be incorrect.
For debugging consider passing CUDA_LAUNCH_BLOCKING=1
Compile with `TORCH_USE_CUDA_DSA` to enable device-side assertions.
 | WARN
[2026-06-02 02:49 PT] [1862] STAGE4-OCR | page 159: Surya FAIL (using docTR+Tess): CUDA error: out of memory
Search for `cudaErrorMemoryAllocation' in https://docs.nvidia.com/cuda/cuda-runtime-api/group__CUDART__TYPES.html for more information.
CUDA kernel errors might be asynchronously reported at some other API call, so the stacktrace below might be incorrect.
For debugging consider passing CUDA_LAUNCH_BLOCKING=1
Compile with `TORCH_USE_CUDA_DSA` to enable device-side assertions.
 | WARN
[2026-06-02 02:49 PT] [1862] STAGE4-OCR | page 160: docTR FAIL: CUDA error: out of memory
Search for `cudaErrorMemoryAllocation' in https://docs.nvidia.com/cuda/cuda-runtime-api/group__CUDART__TYPES.html for more information.
CUDA kernel errors might be asynchronously reported at some other API call, so the stacktrace below might be incorrect.
For debugging consider passing CUDA_LAUNCH_BLOCKING=1
Compile with `TORCH_USE_CUDA_DSA` to enable device-side assertions.
 | WARN
[2026-06-02 02:49 PT] [1862] STAGE4-OCR | page 160: Surya FAIL (using docTR+Tess): CUDA error: out of memory
Search for `cudaErrorMemoryAllocation' in https://docs.nvidia.com/cuda/cuda-runtime-api/group__CUDART__TYPES.html for more information.
CUDA kernel errors might be asynchronously reported at some other API call, so the stacktrace below might be incorrect.
For debugging consider passing CUDA_LAUNCH_BLOCKING=1
Compile with `TORCH_USE_CUDA_DSA` to enable device-side assertions.
 | WARN
[2026-06-02 02:49 PT] [1862] STAGE4-OCR | page 161: docTR FAIL: CUDA error: out of memory
Search for `cudaErrorMemoryAllocation' in https://docs.nvidia.com/cuda/cuda-runtime-api/group__CUDART__TYPES.html for more information.
CUDA kernel errors might be asynchronously reported at some other API call, so the stacktrace below might be incorrect.
For debugging consider passing CUDA_LAUNCH_BLOCKING=1
Compile with `TORCH_USE_CUDA_DSA` to enable device-side assertions.
 | WARN
[2026-06-02 02:49 PT] [1862] STAGE4-OCR | page 161: Surya FAIL (using docTR+Tess): CUDA error: out of memory
Search for `cudaErrorMemoryAllocation' in https://docs.nvidia.com/cuda/cuda-runtime-api/group__CUDART__TYPES.html for more information.
CUDA kernel errors might be asynchronously reported at some other API call, so the stacktrace below might be incorrect.
For debugging consider passing CUDA_LAUNCH_BLOCKING=1
Compile with `TORCH_USE_CUDA_DSA` to enable device-side assertions.
 | WARN
[2026-06-02 02:49 PT] [1862] STAGE4-OCR | page 162: docTR FAIL: CUDA error: out of memory
Search for `cudaErrorMemoryAllocation' in https://docs.nvidia.com/cuda/cuda-runtime-api/group__CUDART__TYPES.html for more information.
CUDA kernel errors might be asynchronously reported at some other API call, so the stacktrace below might be incorrect.
For debugging consider passing CUDA_LAUNCH_BLOCKING=1
Compile with `TORCH_USE_CUDA_DSA` to enable device-side assertions.
 | WARN
[2026-06-02 02:49 PT] [1862] STAGE4-OCR | page 162: Surya FAIL (using docTR+Tess): CUDA error: out of memory
Search for `cudaErrorMemoryAllocation' in https://docs.nvidia.com/cuda/cuda-runtime-api/group__CUDART__TYPES.html for more information.
CUDA kernel errors might be asynchronously reported at some other API call, so the stacktrace below might be incorrect.
For debugging consider passing CUDA_LAUNCH_BLOCKING=1
Compile with `TORCH_USE_CUDA_DSA` to enable device-side assertions.
 | WARN
[2026-06-02 02:49 PT] [1862] STAGE4-OCR | page 163: docTR FAIL: CUDA error: out of memory
Search for `cudaErrorMemoryAllocation' in https://docs.nvidia.com/cuda/cuda-runtime-api/group__CUDART__TYPES.html for more information.
CUDA kernel errors might be asynchronously reported at some other API call, so the stacktrace below might be incorrect.
For debugging consider passing CUDA_LAUNCH_BLOCKING=1
Compile with `TORCH_USE_CUDA_DSA` to enable device-side assertions.
 | WARN
[2026-06-02 02:49 PT] [1862] STAGE4-OCR | page 163: Surya FAIL (using docTR+Tess): CUDA error: out of memory
Search for `cudaErrorMemoryAllocation' in https://docs.nvidia.com/cuda/cuda-runtime-api/group__CUDART__TYPES.html for more information.
CUDA kernel errors might be asynchronously reported at some other API call, so the stacktrace below might be incorrect.
For debugging consider passing CUDA_LAUNCH_BLOCKING=1
Compile with `TORCH_USE_CUDA_DSA` to enable device-side assertions.
 | WARN
[2026-06-02 02:49 PT] [1862] STAGE4-OCR | page 164: docTR FAIL: CUDA error: out of memory
Search for `cudaErrorMemoryAllocation' in https://docs.nvidia.com/cuda/cuda-runtime-api/group__CUDART__TYPES.html for more information.
CUDA kernel errors might be asynchronously reported at some other API call, so the stacktrace below might be incorrect.
For debugging consider passing CUDA_LAUNCH_BLOCKING=1
Compile with `TORCH_USE_CUDA_DSA` to enable device-side assertions.
 | WARN
[2026-06-02 02:49 PT] [1862] STAGE4-OCR | page 164: Surya FAIL (using docTR+Tess): CUDA error: out of memory
Search for `cudaErrorMemoryAllocation' in https://docs.nvidia.com/cuda/cuda-runtime-api/group__CUDART__TYPES.html for more information.
CUDA kernel errors might be asynchronously reported at some other API call, so the stacktrace below might be incorrect.
For debugging consider passing CUDA_LAUNCH_BLOCKING=1
Compile with `TORCH_USE_CUDA_DSA` to enable device-side assertions.
 | WARN
[2026-06-02 02:49 PT] [1862] STAGE4-OCR | page 165: docTR FAIL: CUDA error: out of memory
Search for `cudaErrorMemoryAllocation' in https://docs.nvidia.com/cuda/cuda-runtime-api/group__CUDART__TYPES.html for more information.
CUDA kernel errors might be asynchronously reported at some other API call, so the stacktrace below might be incorrect.
For debugging consider passing CUDA_LAUNCH_BLOCKING=1
Compile with `TORCH_USE_CUDA_DSA` to enable device-side assertions.
 | WARN
[2026-06-02 02:49 PT] [1862] STAGE4-OCR | page 165: Surya FAIL (using docTR+Tess): CUDA error: out of memory
Search for `cudaErrorMemoryAllocation' in https://docs.nvidia.com/cuda/cuda-runtime-api/group__CUDART__TYPES.html for more information.
CUDA kernel errors might be asynchronously reported at some other API call, so the stacktrace below might be incorrect.
For debugging consider passing CUDA_LAUNCH_BLOCKING=1
Compile with `TORCH_USE_CUDA_DSA` to enable device-side assertions.
 | WARN
[2026-06-02 02:49 PT] [1862] STAGE4-OCR | page 165 (161/652): engines=doctr+tess agree=0.00 hi=False 1.0s | OK
[2026-06-02 02:49 PT] [1862] STAGE4-OCR | page 166: docTR FAIL: CUDA error: out of memory
Search for `cudaErrorMemoryAllocation' in https://docs.nvidia.com/cuda/cuda-runtime-api/group__CUDART__TYPES.html for more information.
CUDA kernel errors might be asynchronously reported at some other API call, so the stacktrace below might be incorrect.
For debugging consider passing CUDA_LAUNCH_BLOCKING=1
Compile with `TORCH_USE_CUDA_DSA` to enable device-side assertions.
 | WARN
[2026-06-02 02:49 PT] [1862] STAGE4-OCR | page 166: Surya FAIL (using docTR+Tess): CUDA error: out of memory
Search for `cudaErrorMemoryAllocation' in https://docs.nvidia.com/cuda/cuda-runtime-api/group__CUDART__TYPES.html for more information.
CUDA kernel errors might be asynchronously reported at some other API call, so the stacktrace below might be incorrect.
For debugging consider passing CUDA_LAUNCH_BLOCKING=1
Compile with `TORCH_USE_CUDA_DSA` to enable device-side assertions.
 | WARN
[2026-06-02 02:49 PT] [1862] STAGE4-OCR | page 167: docTR FAIL: CUDA error: out of memory
Search for `cudaErrorMemoryAllocation' in https://docs.nvidia.com/cuda/cuda-runtime-api/group__CUDART__TYPES.html for more information.
CUDA kernel errors might be asynchronously reported at some other API call, so the stacktrace below might be incorrect.
For debugging consider passing CUDA_LAUNCH_BLOCKING=1
Compile with `TORCH_USE_CUDA_DSA` to enable device-side assertions.
 | WARN
[2026-06-02 02:49 PT] [1862] STAGE4-OCR | page 167: Surya FAIL (using docTR+Tess): CUDA error: out of memory
Search for `cudaErrorMemoryAllocation' in https://docs.nvidia.com/cuda/cuda-runtime-api/group__CUDART__TYPES.html for more information.
CUDA kernel errors might be asynchronously reported at some other API call, so the stacktrace below might be incorrect.
For debugging consider passing CUDA_LAUNCH_BLOCKING=1
Compile with `TORCH_USE_CUDA_DSA` to enable device-side assertions.
 | WARN
[2026-06-02 02:49 PT] [1862] STAGE4-OCR | page 168: docTR FAIL: CUDA error: out of memory
Search for `cudaErrorMemoryAllocation' in https://docs.nvidia.com/cuda/cuda-runtime-api/group__CUDART__TYPES.html for more information.
CUDA kernel errors might be asynchronously reported at some other API call, so the stacktrace below might be incorrect.
For debugging consider passing CUDA_LAUNCH_BLOCKING=1
Compile with `TORCH_USE_CUDA_DSA` to enable device-side assertions.
 | WARN
[2026-06-02 02:49 PT] [1862] STAGE4-OCR | page 168: Surya FAIL (using docTR+Tess): CUDA error: out of memory
Search for `cudaErrorMemoryAllocation' in https://docs.nvidia.com/cuda/cuda-runtime-api/group__CUDART__TYPES.html for more information.
CUDA kernel errors might be asynchronously reported at some other API call, so the stacktrace below might be incorrect.
For debugging consider passing CUDA_LAUNCH_BLOCKING=1
Compile with `TORCH_USE_CUDA_DSA` to enable device-side assertions.
 | WARN
[2026-06-02 02:49 PT] [1862] STAGE4-OCR | page 169: docTR FAIL: CUDA error: out of memory
Search for `cudaErrorMemoryAllocation' in https://docs.nvidia.com/cuda/cuda-runtime-api/group__CUDART__TYPES.html for more information.
CUDA kernel errors might be asynchronously reported at some other API call, so the stacktrace below might be incorrect.
For debugging consider passing CUDA_LAUNCH_BLOCKING=1
Compile with `TORCH_USE_CUDA_DSA` to enable device-side assertions.
 | WARN
[2026-06-02 02:49 PT] [1862] STAGE4-OCR | page 169: Surya FAIL (using docTR+Tess): CUDA error: out of memory
Search for `cudaErrorMemoryAllocation' in https://docs.nvidia.com/cuda/cuda-runtime-api/group__CUDART__TYPES.html for more information.
CUDA kernel errors might be asynchronously reported at some other API call, so the stacktrace below might be incorrect.
For debugging consider passing CUDA_LAUNCH_BLOCKING=1
Compile with `TORCH_USE_CUDA_DSA` to enable device-side assertions.
 | WARN
[2026-06-02 02:49 PT] [1862] STAGE4-OCR | page 170: docTR FAIL: CUDA error: out of memory
Search for `cudaErrorMemoryAllocation' in https://docs.nvidia.com/cuda/cuda-runtime-api/group__CUDART__TYPES.html for more information.
CUDA kernel errors might be asynchronously reported at some other API call, so the stacktrace below might be incorrect.
For debugging consider passing CUDA_LAUNCH_BLOCKING=1
Compile with `TORCH_USE_CUDA_DSA` to enable device-side assertions.
 | WARN
[2026-06-02 02:49 PT] [1862] STAGE4-OCR | page 170: Surya FAIL (using docTR+Tess): Unable to allocate 33.0 MiB for an array with shape (1200, 1200, 3) and data type float64 | WARN
[2026-06-02 02:50 PT] [1862] STAGE4-OCR | page 171: docTR FAIL: CUDA error: out of memory
Search for `cudaErrorMemoryAllocation' in https://docs.nvidia.com/cuda/cuda-runtime-api/group__CUDART__TYPES.html for more information.
CUDA kernel errors might be asynchronously reported at some other API call, so the stacktrace below might be incorrect.
For debugging consider passing CUDA_LAUNCH_BLOCKING=1
Compile with `TORCH_USE_CUDA_DSA` to enable device-side assertions.
 | WARN
[2026-06-02 02:50 PT] [1862] STAGE4-OCR | page 171: Surya FAIL (using docTR+Tess): CUDA error: out of memory
Search for `cudaErrorMemoryAllocation' in https://docs.nvidia.com/cuda/cuda-runtime-api/group__CUDART__TYPES.html for more information.
CUDA kernel errors might be asynchronously reported at some other API call, so the stacktrace below might be incorrect.
For debugging consider passing CUDA_LAUNCH_BLOCKING=1
Compile with `TORCH_USE_CUDA_DSA` to enable device-side assertions.
 | WARN
[2026-06-02 02:50 PT] [1862] STAGE4-OCR | page 172: docTR FAIL: CUDA error: out of memory
Search for `cudaErrorMemoryAllocation' in https://docs.nvidia.com/cuda/cuda-runtime-api/group__CUDART__TYPES.html for more information.
CUDA kernel errors might be asynchronously reported at some other API call, so the stacktrace below might be incorrect.
For debugging consider passing CUDA_LAUNCH_BLOCKING=1
Compile with `TORCH_USE_CUDA_DSA` to enable device-side assertions.
 | WARN
[2026-06-02 02:50 PT] [1862] STAGE4-OCR | page 172: Surya FAIL (using docTR+Tess): Unable to allocate 33.0 MiB for an array with shape (1200, 1200, 3) and data type float64 | WARN
[2026-06-02 02:50 PT] [1862] STAGE4-OCR | page 173: docTR FAIL: CUDA error: out of memory
Search for `cudaErrorMemoryAllocation' in https://docs.nvidia.com/cuda/cuda-runtime-api/group__CUDART__TYPES.html for more information.
CUDA kernel errors might be asynchronously reported at some other API call, so the stacktrace below might be incorrect.
For debugging consider passing CUDA_LAUNCH_BLOCKING=1
Compile with `TORCH_USE_CUDA_DSA` to enable device-side assertions.
 | WARN
[2026-06-02 02:50 PT] [1862] STAGE4-OCR | page 173: Surya FAIL (using docTR+Tess): CUDA error: out of memory
Search for `cudaErrorMemoryAllocation' in https://docs.nvidia.com/cuda/cuda-runtime-api/group__CUDART__TYPES.html for more information.
CUDA kernel errors might be asynchronously reported at some other API call, so the stacktrace below might be incorrect.
For debugging consider passing CUDA_LAUNCH_BLOCKING=1
Compile with `TORCH_USE_CUDA_DSA` to enable device-side assertions.
 | WARN
[2026-06-02 02:50 PT] [1862] STAGE4-OCR | page 174: docTR FAIL: CUDA error: out of memory
Search for `cudaErrorMemoryAllocation' in https://docs.nvidia.com/cuda/cuda-runtime-api/group__CUDART__TYPES.html for more information.
CUDA kernel errors might be asynchronously reported at some other API call, so the stacktrace below might be incorrect.
For debugging consider passing CUDA_LAUNCH_BLOCKING=1
Compile with `TORCH_USE_CUDA_DSA` to enable device-side assertions.
 | WARN
[2026-06-02 02:50 PT] [1862] STAGE4-OCR | page 174: Surya FAIL (using docTR+Tess): CUDA error: out of memory
Search for `cudaErrorMemoryAllocation' in https://docs.nvidia.com/cuda/cuda-runtime-api/group__CUDART__TYPES.html for more information.
CUDA kernel errors might be asynchronously reported at some other API call, so the stacktrace below might be incorrect.
For debugging consider passing CUDA_LAUNCH_BLOCKING=1
Compile with `TORCH_USE_CUDA_DSA` to enable device-side assertions.
 | WARN
[2026-06-02 02:50 PT] [1862] STAGE4-OCR | page 175: docTR FAIL: CUDA error: out of memory
Search for `cudaErrorMemoryAllocation' in https://docs.nvidia.com/cuda/cuda-runtime-api/group__CUDART__TYPES.html for more information.
CUDA kernel errors might be asynchronously reported at some other API call, so the stacktrace below might be incorrect.
For debugging consider passing CUDA_LAUNCH_BLOCKING=1
Compile with `TORCH_USE_CUDA_DSA` to enable device-side assertions.
 | WARN
[2026-06-02 02:50 PT] [1862] STAGE4-OCR | page 175: Surya FAIL (using docTR+Tess): CUDA error: out of memory
Search for `cudaErrorMemoryAllocation' in https://docs.nvidia.com/cuda/cuda-runtime-api/group__CUDART__TYPES.html for more information.
CUDA kernel errors might be asynchronously reported at some other API call, so the stacktrace below might be incorrect.
For debugging consider passing CUDA_LAUNCH_BLOCKING=1
Compile with `TORCH_USE_CUDA_DSA` to enable device-side assertions.
 | WARN
[2026-06-02 02:50 PT] [1862] STAGE4-OCR | page 176: docTR FAIL: CUDA error: out of memory
Search for `cudaErrorMemoryAllocation' in https://docs.nvidia.com/cuda/cuda-runtime-api/group__CUDART__TYPES.html for more information.
CUDA kernel errors might be asynchronously reported at some other API call, so the stacktrace below might be incorrect.
For debugging consider passing CUDA_LAUNCH_BLOCKING=1
Compile with `TORCH_USE_CUDA_DSA` to enable device-side assertions.
 | WARN
[2026-06-02 02:50 PT] [1862] STAGE4-OCR | page 176: Surya FAIL (using docTR+Tess): Unable to allocate 33.0 MiB for an array with shape (1200, 1200, 3) and data type float64 | WARN
[2026-06-02 02:50 PT] [1862] STAGE4-OCR | page 177: docTR FAIL: CUDA error: out of memory
Search for `cudaErrorMemoryAllocation' in https://docs.nvidia.com/cuda/cuda-runtime-api/group__CUDART__TYPES.html for more information.
CUDA kernel errors might be asynchronously reported at some other API call, so the stacktrace below might be incorrect.
For debugging consider passing CUDA_LAUNCH_BLOCKING=1
Compile with `TORCH_USE_CUDA_DSA` to enable device-side assertions.
 | WARN
[2026-06-02 02:50 PT] [1862] STAGE4-OCR | page 177: Surya FAIL (using docTR+Tess): CUDA error: out of memory
Search for `cudaErrorMemoryAllocation' in https://docs.nvidia.com/cuda/cuda-runtime-api/group__CUDART__TYPES.html for more information.
CUDA kernel errors might be asynchronously reported at some other API call, so the stacktrace below might be incorrect.
For debugging consider passing CUDA_LAUNCH_BLOCKING=1
Compile with `TORCH_USE_CUDA_DSA` to enable device-side assertions.
 | WARN
[2026-06-02 02:50 PT] [1862] STAGE4-OCR | page 178: docTR FAIL: CUDA error: out of memory
Search for `cudaErrorMemoryAllocation' in https://docs.nvidia.com/cuda/cuda-runtime-api/group__CUDART__TYPES.html for more information.
CUDA kernel errors might be asynchronously reported at some other API call, so the stacktrace below might be incorrect.
For debugging consider passing CUDA_LAUNCH_BLOCKING=1
Compile with `TORCH_USE_CUDA_DSA` to enable device-side assertions.
 | WARN
[2026-06-02 02:50 PT] [1862] STAGE4-OCR | page 178: Surya FAIL (using docTR+Tess): Unable to allocate 33.0 MiB for an array with shape (1200, 1200, 3) and data type float64 | WARN
[2026-06-02 02:50 PT] [1862] STAGE4-OCR | page 179: docTR FAIL: CUDA error: out of memory
Search for `cudaErrorMemoryAllocation' in https://docs.nvidia.com/cuda/cuda-runtime-api/group__CUDART__TYPES.html for more information.
CUDA kernel errors might be asynchronously reported at some other API call, so the stacktrace below might be incorrect.
For debugging consider passing CUDA_LAUNCH_BLOCKING=1
Compile with `TORCH_USE_CUDA_DSA` to enable device-side assertions.
 | WARN
[2026-06-02 02:50 PT] [1862] STAGE4-OCR | page 179: Surya FAIL (using docTR+Tess): Unable to allocate 33.0 MiB for an array with shape (1200, 1200, 3) and data type float64 | WARN
[2026-06-02 02:50 PT] [1862] STAGE4-OCR | page 180: docTR FAIL: CUDA error: out of memory
Search for `cudaErrorMemoryAllocation' in https://docs.nvidia.com/cuda/cuda-runtime-api/group__CUDART__TYPES.html for more information.
CUDA kernel errors might be asynchronously reported at some other API call, so the stacktrace below might be incorrect.
For debugging consider passing CUDA_LAUNCH_BLOCKING=1
Compile with `TORCH_USE_CUDA_DSA` to enable device-side assertions.
 | WARN
[2026-06-02 02:50 PT] [1862] STAGE4-OCR | page 180: Surya FAIL (using docTR+Tess): Unable to allocate 33.0 MiB for an array with shape (1200, 1200, 3) and data type float64 | WARN
[2026-06-02 02:50 PT] [1862] STAGE4-OCR | page 181: docTR FAIL: CUDA error: out of memory
Search for `cudaErrorMemoryAllocation' in https://docs.nvidia.com/cuda/cuda-runtime-api/group__CUDART__TYPES.html for more information.
CUDA kernel errors might be asynchronously reported at some other API call, so the stacktrace below might be incorrect.
For debugging consider passing CUDA_LAUNCH_BLOCKING=1
Compile with `TORCH_USE_CUDA_DSA` to enable device-side assertions.
 | WARN
[2026-06-02 02:50 PT] [1862] STAGE4-OCR | page 181: Surya FAIL (using docTR+Tess): Unable to allocate 33.0 MiB for an array with shape (1200, 1200, 3) and data type float64 | WARN
[2026-06-02 02:50 PT] [1862] STAGE4-OCR | page 182: docTR FAIL: CUDA error: out of memory
Search for `cudaErrorMemoryAllocation' in https://docs.nvidia.com/cuda/cuda-runtime-api/group__CUDART__TYPES.html for more information.
CUDA kernel errors might be asynchronously reported at some other API call, so the stacktrace below might be incorrect.
For debugging consider passing CUDA_LAUNCH_BLOCKING=1
Compile with `TORCH_USE_CUDA_DSA` to enable device-side assertions.
 | WARN
[2026-06-02 02:50 PT] [1862] STAGE4-OCR | page 182: Surya FAIL (using docTR+Tess): Unable to allocate 33.0 MiB for an array with shape (1200, 1200, 3) and data type float64 | WARN
[2026-06-02 02:50 PT] [1862] STAGE4-OCR | page 183: docTR FAIL: CUDA error: out of memory
Search for `cudaErrorMemoryAllocation' in https://docs.nvidia.com/cuda/cuda-runtime-api/group__CUDART__TYPES.html for more information.
CUDA kernel errors might be asynchronously reported at some other API call, so the stacktrace below might be incorrect.
For debugging consider passing CUDA_LAUNCH_BLOCKING=1
Compile with `TORCH_USE_CUDA_DSA` to enable device-side assertions.
 | WARN
[2026-06-02 02:50 PT] [1862] STAGE4-OCR | page 183: Surya FAIL (using docTR+Tess): Unable to allocate 33.0 MiB for an array with shape (1200, 1200, 3) and data type float64 | WARN
[2026-06-02 02:50 PT] [1862] STAGE4-OCR | page 184: docTR FAIL: CUDA error: out of memory
Search for `cudaErrorMemoryAllocation' in https://docs.nvidia.com/cuda/cuda-runtime-api/group__CUDART__TYPES.html for more information.
CUDA kernel errors might be asynchronously reported at some other API call, so the stacktrace below might be incorrect.
For debugging consider passing CUDA_LAUNCH_BLOCKING=1
Compile with `TORCH_USE_CUDA_DSA` to enable device-side assertions.
 | WARN
[2026-06-02 02:50 PT] [1862] STAGE4-OCR | page 184: Surya FAIL (using docTR+Tess): Unable to allocate 33.0 MiB for an array with shape (1200, 1200, 3) and data type float64 | WARN
[2026-06-02 02:50 PT] [1862] STAGE4-OCR | page 185: docTR FAIL: CUDA error: out of memory
Search for `cudaErrorMemoryAllocation' in https://docs.nvidia.com/cuda/cuda-runtime-api/group__CUDART__TYPES.html for more information.
CUDA kernel errors might be asynchronously reported at some other API call, so the stacktrace below might be incorrect.
For debugging consider passing CUDA_LAUNCH_BLOCKING=1
Compile with `TORCH_USE_CUDA_DSA` to enable device-side assertions.
 | WARN
[2026-06-02 02:50 PT] [1862] STAGE4-OCR | page 185: Surya FAIL (using docTR+Tess): Unable to allocate 33.0 MiB for an array with shape (1200, 1200, 3) and data type float64 | WARN
[2026-06-02 02:50 PT] [1862] STAGE4-OCR | page 185 (181/652): engines=doctr+tess agree=0.00 hi=False 1.9s | OK
[2026-06-02 02:50 PT] [1862] STAGE4-OCR | page 186: docTR FAIL: CUDA error: out of memory
Search for `cudaErrorMemoryAllocation' in https://docs.nvidia.com/cuda/cuda-runtime-api/group__CUDART__TYPES.html for more information.
CUDA kernel errors might be asynchronously reported at some other API call, so the stacktrace below might be incorrect.
For debugging consider passing CUDA_LAUNCH_BLOCKING=1
Compile with `TORCH_USE_CUDA_DSA` to enable device-side assertions.
 | WARN
[2026-06-02 02:50 PT] [1862] STAGE4-OCR | page 186: Surya FAIL (using docTR+Tess): Unable to allocate 33.0 MiB for an array with shape (1200, 1200, 3) and data type float64 | WARN
[2026-06-02 02:50 PT] [1862] STAGE4-OCR | page 187: docTR FAIL: CUDA error: out of memory
Search for `cudaErrorMemoryAllocation' in https://docs.nvidia.com/cuda/cuda-runtime-api/group__CUDART__TYPES.html for more information.
CUDA kernel errors might be asynchronously reported at some other API call, so the stacktrace below might be incorrect.
For debugging consider passing CUDA_LAUNCH_BLOCKING=1
Compile with `TORCH_USE_CUDA_DSA` to enable device-side assertions.
 | WARN
[2026-06-02 02:50 PT] [1862] STAGE4-OCR | page 187: Surya FAIL (using docTR+Tess): Unable to allocate 33.0 MiB for an array with shape (1200, 1200, 3) and data type float64 | WARN
[2026-06-02 02:50 PT] [1862] STAGE4-OCR | page 188: docTR FAIL: CUDA error: out of memory
Search for `cudaErrorMemoryAllocation' in https://docs.nvidia.com/cuda/cuda-runtime-api/group__CUDART__TYPES.html for more information.
CUDA kernel errors might be asynchronously reported at some other API call, so the stacktrace below might be incorrect.
For debugging consider passing CUDA_LAUNCH_BLOCKING=1
Compile with `TORCH_USE_CUDA_DSA` to enable device-side assertions.
 | WARN
[2026-06-02 02:50 PT] [1862] STAGE4-OCR | page 188: Surya FAIL (using docTR+Tess): Unable to allocate 33.0 MiB for an array with shape (1200, 1200, 3) and data type float64 | WARN
[2026-06-02 02:50 PT] [1862] STAGE4-OCR | page 189: docTR FAIL: CUDA error: out of memory
Search for `cudaErrorMemoryAllocation' in https://docs.nvidia.com/cuda/cuda-runtime-api/group__CUDART__TYPES.html for more information.
CUDA kernel errors might be asynchronously reported at some other API call, so the stacktrace below might be incorrect.
For debugging consider passing CUDA_LAUNCH_BLOCKING=1
Compile with `TORCH_USE_CUDA_DSA` to enable device-side assertions.
 | WARN
[2026-06-02 02:50 PT] [1862] STAGE4-OCR | page 189: Surya FAIL (using docTR+Tess): Unable to allocate 33.0 MiB for an array with shape (1200, 1200, 3) and data type float64 | WARN
[2026-06-02 02:50 PT] [1862] STAGE4-OCR | page 190: docTR FAIL: CUDA error: out of memory
Search for `cudaErrorMemoryAllocation' in https://docs.nvidia.com/cuda/cuda-runtime-api/group__CUDART__TYPES.html for more information.
CUDA kernel errors might be asynchronously reported at some other API call, so the stacktrace below might be incorrect.
For debugging consider passing CUDA_LAUNCH_BLOCKING=1
Compile with `TORCH_USE_CUDA_DSA` to enable device-side assertions.
 | WARN
[2026-06-02 02:50 PT] [1862] STAGE4-OCR | page 190: Surya FAIL (using docTR+Tess): CUDA error: out of memory
Search for `cudaErrorMemoryAllocation' in https://docs.nvidia.com/cuda/cuda-runtime-api/group__CUDART__TYPES.html for more information.
CUDA kernel errors might be asynchronously reported at some other API call, so the stacktrace below might be incorrect.
For debugging consider passing CUDA_LAUNCH_BLOCKING=1
Compile with `TORCH_USE_CUDA_DSA` to enable device-side assertions.
 | WARN
[2026-06-02 02:50 PT] [1862] STAGE4-OCR | page 191: docTR FAIL: CUDA error: out of memory
Search for `cudaErrorMemoryAllocation' in https://docs.nvidia.com/cuda/cuda-runtime-api/group__CUDART__TYPES.html for more information.
CUDA kernel errors might be asynchronously reported at some other API call, so the stacktrace below might be incorrect.
For debugging consider passing CUDA_LAUNCH_BLOCKING=1
Compile with `TORCH_USE_CUDA_DSA` to enable device-side assertions.
 | WARN
[2026-06-02 02:50 PT] [1862] STAGE4-OCR | page 191: Surya FAIL (using docTR+Tess): CUDA error: out of memory
Search for `cudaErrorMemoryAllocation' in https://docs.nvidia.com/cuda/cuda-runtime-api/group__CUDART__TYPES.html for more information.
CUDA kernel errors might be asynchronously reported at some other API call, so the stacktrace below might be incorrect.
For debugging consider passing CUDA_LAUNCH_BLOCKING=1
Compile with `TORCH_USE_CUDA_DSA` to enable device-side assertions.
 | WARN
[2026-06-02 02:50 PT] [1862] STAGE4-OCR | page 192: docTR FAIL: CUDA error: out of memory
Search for `cudaErrorMemoryAllocation' in https://docs.nvidia.com/cuda/cuda-runtime-api/group__CUDART__TYPES.html for more information.
CUDA kernel errors might be asynchronously reported at some other API call, so the stacktrace below might be incorrect.
For debugging consider passing CUDA_LAUNCH_BLOCKING=1
Compile with `TORCH_USE_CUDA_DSA` to enable device-side assertions.
 | WARN
[2026-06-02 02:50 PT] [1862] STAGE4-OCR | page 192: Surya FAIL (using docTR+Tess): CUDA error: out of memory
Search for `cudaErrorMemoryAllocation' in https://docs.nvidia.com/cuda/cuda-runtime-api/group__CUDART__TYPES.html for more information.
CUDA kernel errors might be asynchronously reported at some other API call, so the stacktrace below might be incorrect.
For debugging consider passing CUDA_LAUNCH_BLOCKING=1
Compile with `TORCH_USE_CUDA_DSA` to enable device-side assertions.
 | WARN
[2026-06-02 02:50 PT] [1862] STAGE4-OCR | page 193: docTR FAIL: CUDA error: out of memory
Search for `cudaErrorMemoryAllocation' in https://docs.nvidia.com/cuda/cuda-runtime-api/group__CUDART__TYPES.html for more information.
CUDA kernel errors might be asynchronously reported at some other API call, so the stacktrace below might be incorrect.
For debugging consider passing CUDA_LAUNCH_BLOCKING=1
Compile with `TORCH_USE_CUDA_DSA` to enable device-side assertions.
 | WARN
[2026-06-02 02:50 PT] [1862] STAGE4-OCR | page 193: Surya FAIL (using docTR+Tess): CUDA error: out of memory
Search for `cudaErrorMemoryAllocation' in https://docs.nvidia.com/cuda/cuda-runtime-api/group__CUDART__TYPES.html for more information.
CUDA kernel errors might be asynchronously reported at some other API call, so the stacktrace below might be incorrect.
For debugging consider passing CUDA_LAUNCH_BLOCKING=1
Compile with `TORCH_USE_CUDA_DSA` to enable device-side assertions.
 | WARN
[2026-06-02 02:50 PT] [1862] STAGE4-OCR | page 194: docTR FAIL: CUDA error: out of memory
Search for `cudaErrorMemoryAllocation' in https://docs.nvidia.com/cuda/cuda-runtime-api/group__CUDART__TYPES.html for more information.
CUDA kernel errors might be asynchronously reported at some other API call, so the stacktrace below might be incorrect.
For debugging consider passing CUDA_LAUNCH_BLOCKING=1
Compile with `TORCH_USE_CUDA_DSA` to enable device-side assertions.
 | WARN
[2026-06-02 02:50 PT] [1862] STAGE4-OCR | page 194: Surya FAIL (using docTR+Tess): Unable to allocate 33.0 MiB for an array with shape (1200, 1200, 3) and data type float64 | WARN
[2026-06-02 02:50 PT] [1862] STAGE4-OCR | page 195: docTR FAIL: CUDA error: out of memory
Search for `cudaErrorMemoryAllocation' in https://docs.nvidia.com/cuda/cuda-runtime-api/group__CUDART__TYPES.html for more information.
CUDA kernel errors might be asynchronously reported at some other API call, so the stacktrace below might be incorrect.
For debugging consider passing CUDA_LAUNCH_BLOCKING=1
Compile with `TORCH_USE_CUDA_DSA` to enable device-side assertions.
 | WARN
[2026-06-02 02:50 PT] [1862] STAGE4-OCR | page 195: Surya FAIL (using docTR+Tess): Unable to allocate 33.0 MiB for an array with shape (1200, 1200, 3) and data type float64 | WARN
[2026-06-02 02:51 PT] [1862] STAGE4-OCR | page 196: docTR FAIL: CUDA error: out of memory
Search for `cudaErrorMemoryAllocation' in https://docs.nvidia.com/cuda/cuda-runtime-api/group__CUDART__TYPES.html for more information.
CUDA kernel errors might be asynchronously reported at some other API call, so the stacktrace below might be incorrect.
For debugging consider passing CUDA_LAUNCH_BLOCKING=1
Compile with `TORCH_USE_CUDA_DSA` to enable device-side assertions.
 | WARN
[2026-06-02 02:51 PT] [1862] STAGE4-OCR | page 196: Surya FAIL (using docTR+Tess): CUDA error: out of memory
Search for `cudaErrorMemoryAllocation' in https://docs.nvidia.com/cuda/cuda-runtime-api/group__CUDART__TYPES.html for more information.
CUDA kernel errors might be asynchronously reported at some other API call, so the stacktrace below might be incorrect.
For debugging consider passing CUDA_LAUNCH_BLOCKING=1
Compile with `TORCH_USE_CUDA_DSA` to enable device-side assertions.
 | WARN
[2026-06-02 02:51 PT] [1862] STAGE4-OCR | page 197: docTR FAIL: CUDA error: out of memory
Search for `cudaErrorMemoryAllocation' in https://docs.nvidia.com/cuda/cuda-runtime-api/group__CUDART__TYPES.html for more information.
CUDA kernel errors might be asynchronously reported at some other API call, so the stacktrace below might be incorrect.
For debugging consider passing CUDA_LAUNCH_BLOCKING=1
Compile with `TORCH_USE_CUDA_DSA` to enable device-side assertions.
 | WARN
[2026-06-02 02:51 PT] [1862] STAGE4-OCR | page 197: Surya FAIL (using docTR+Tess): CUDA error: out of memory
Search for `cudaErrorMemoryAllocation' in https://docs.nvidia.com/cuda/cuda-runtime-api/group__CUDART__TYPES.html for more information.
CUDA kernel errors might be asynchronously reported at some other API call, so the stacktrace below might be incorrect.
For debugging consider passing CUDA_LAUNCH_BLOCKING=1
Compile with `TORCH_USE_CUDA_DSA` to enable device-side assertions.
 | WARN
[2026-06-02 02:51 PT] [1862] STAGE4-OCR | page 198: docTR FAIL: CUDA error: out of memory
Search for `cudaErrorMemoryAllocation' in https://docs.nvidia.com/cuda/cuda-runtime-api/group__CUDART__TYPES.html for more information.
CUDA kernel errors might be asynchronously reported at some other API call, so the stacktrace below might be incorrect.
For debugging consider passing CUDA_LAUNCH_BLOCKING=1
Compile with `TORCH_USE_CUDA_DSA` to enable device-side assertions.
 | WARN
[2026-06-02 02:51 PT] [1862] STAGE4-OCR | page 198: Surya FAIL (using docTR+Tess): CUDA error: out of memory
Search for `cudaErrorMemoryAllocation' in https://docs.nvidia.com/cuda/cuda-runtime-api/group__CUDART__TYPES.html for more information.
CUDA kernel errors might be asynchronously reported at some other API call, so the stacktrace below might be incorrect.
For debugging consider passing CUDA_LAUNCH_BLOCKING=1
Compile with `TORCH_USE_CUDA_DSA` to enable device-side assertions.
 | WARN
[2026-06-02 02:51 PT] [1862] STAGE4-OCR | page 199: docTR FAIL: CUDA error: out of memory
Search for `cudaErrorMemoryAllocation' in https://docs.nvidia.com/cuda/cuda-runtime-api/group__CUDART__TYPES.html for more information.
CUDA kernel errors might be asynchronously reported at some other API call, so the stacktrace below might be incorrect.
For debugging consider passing CUDA_LAUNCH_BLOCKING=1
Compile with `TORCH_USE_CUDA_DSA` to enable device-side assertions.
 | WARN
[2026-06-02 02:51 PT] [1862] STAGE4-OCR | page 199: Surya FAIL (using docTR+Tess): CUDA error: out of memory
Search for `cudaErrorMemoryAllocation' in https://docs.nvidia.com/cuda/cuda-runtime-api/group__CUDART__TYPES.html for more information.
CUDA kernel errors might be asynchronously reported at some other API call, so the stacktrace below might be incorrect.
For debugging consider passing CUDA_LAUNCH_BLOCKING=1
Compile with `TORCH_USE_CUDA_DSA` to enable device-side assertions.
 | WARN
[2026-06-02 02:51 PT] [1862] STAGE4-OCR | page 200: docTR FAIL: CUDA error: out of memory
Search for `cudaErrorMemoryAllocation' in https://docs.nvidia.com/cuda/cuda-runtime-api/group__CUDART__TYPES.html for more information.
CUDA kernel errors might be asynchronously reported at some other API call, so the stacktrace below might be incorrect.
For debugging consider passing CUDA_LAUNCH_BLOCKING=1
Compile with `TORCH_USE_CUDA_DSA` to enable device-side assertions.
 | WARN
[2026-06-02 02:51 PT] [1862] STAGE4-OCR | page 200: Surya FAIL (using docTR+Tess): CUDA error: out of memory
Search for `cudaErrorMemoryAllocation' in https://docs.nvidia.com/cuda/cuda-runtime-api/group__CUDART__TYPES.html for more information.
CUDA kernel errors might be asynchronously reported at some other API call, so the stacktrace below might be incorrect.
For debugging consider passing CUDA_LAUNCH_BLOCKING=1
Compile with `TORCH_USE_CUDA_DSA` to enable device-side assertions.
 | WARN
[2026-06-02 02:51 PT] [1862] STAGE4-OCR | page 201: docTR FAIL: CUDA error: out of memory
Search for `cudaErrorMemoryAllocation' in https://docs.nvidia.com/cuda/cuda-runtime-api/group__CUDART__TYPES.html for more information.
CUDA kernel errors might be asynchronously reported at some other API call, so the stacktrace below might be incorrect.
For debugging consider passing CUDA_LAUNCH_BLOCKING=1
Compile with `TORCH_USE_CUDA_DSA` to enable device-side assertions.
 | WARN
[2026-06-02 02:51 PT] [1862] STAGE4-OCR | page 201: Surya FAIL (using docTR+Tess): CUDA error: out of memory
Search for `cudaErrorMemoryAllocation' in https://docs.nvidia.com/cuda/cuda-runtime-api/group__CUDART__TYPES.html for more information.
CUDA kernel errors might be asynchronously reported at some other API call, so the stacktrace below might be incorrect.
For debugging consider passing CUDA_LAUNCH_BLOCKING=1
Compile with `TORCH_USE_CUDA_DSA` to enable device-side assertions.
 | WARN
[2026-06-02 02:51 PT] [1862] STAGE4-OCR | page 202: docTR FAIL: CUDA error: out of memory
Search for `cudaErrorMemoryAllocation' in https://docs.nvidia.com/cuda/cuda-runtime-api/group__CUDART__TYPES.html for more information.
CUDA kernel errors might be asynchronously reported at some other API call, so the stacktrace below might be incorrect.
For debugging consider passing CUDA_LAUNCH_BLOCKING=1
Compile with `TORCH_USE_CUDA_DSA` to enable device-side assertions.
 | WARN
[2026-06-02 02:51 PT] [1862] STAGE4-OCR | page 202: Surya FAIL (using docTR+Tess): CUDA error: out of memory
Search for `cudaErrorMemoryAllocation' in https://docs.nvidia.com/cuda/cuda-runtime-api/group__CUDART__TYPES.html for more information.
CUDA kernel errors might be asynchronously reported at some other API call, so the stacktrace below might be incorrect.
For debugging consider passing CUDA_LAUNCH_BLOCKING=1
Compile with `TORCH_USE_CUDA_DSA` to enable device-side assertions.
 | WARN
[2026-06-02 02:51 PT] [1862] STAGE4-OCR | page 203: docTR FAIL: CUDA error: out of memory
Search for `cudaErrorMemoryAllocation' in https://docs.nvidia.com/cuda/cuda-runtime-api/group__CUDART__TYPES.html for more information.
CUDA kernel errors might be asynchronously reported at some other API call, so the stacktrace below might be incorrect.
For debugging consider passing CUDA_LAUNCH_BLOCKING=1
Compile with `TORCH_USE_CUDA_DSA` to enable device-side assertions.
 | WARN
[2026-06-02 02:51 PT] [1862] STAGE4-OCR | page 203: Surya FAIL (using docTR+Tess): CUDA error: out of memory
Search for `cudaErrorMemoryAllocation' in https://docs.nvidia.com/cuda/cuda-runtime-api/group__CUDART__TYPES.html for more information.
CUDA kernel errors might be asynchronously reported at some other API call, so the stacktrace below might be incorrect.
For debugging consider passing CUDA_LAUNCH_BLOCKING=1
Compile with `TORCH_USE_CUDA_DSA` to enable device-side assertions.
 | WARN
[2026-06-02 02:51 PT] [1862] STAGE4-OCR | page 204: docTR FAIL: CUDA error: out of memory
Search for `cudaErrorMemoryAllocation' in https://docs.nvidia.com/cuda/cuda-runtime-api/group__CUDART__TYPES.html for more information.
CUDA kernel errors might be asynchronously reported at some other API call, so the stacktrace below might be incorrect.
For debugging consider passing CUDA_LAUNCH_BLOCKING=1
Compile with `TORCH_USE_CUDA_DSA` to enable device-side assertions.
 | WARN
[2026-06-02 02:51 PT] [1862] STAGE4-OCR | page 204: Surya FAIL (using docTR+Tess): CUDA error: out of memory
Search for `cudaErrorMemoryAllocation' in https://docs.nvidia.com/cuda/cuda-runtime-api/group__CUDART__TYPES.html for more information.
CUDA kernel errors might be asynchronously reported at some other API call, so the stacktrace below might be incorrect.
For debugging consider passing CUDA_LAUNCH_BLOCKING=1
Compile with `TORCH_USE_CUDA_DSA` to enable device-side assertions.
 | WARN
[2026-06-02 02:51 PT] [1862] STAGE4-OCR | page 205: docTR FAIL: CUDA error: out of memory
Search for `cudaErrorMemoryAllocation' in https://docs.nvidia.com/cuda/cuda-runtime-api/group__CUDART__TYPES.html for more information.
CUDA kernel errors might be asynchronously reported at some other API call, so the stacktrace below might be incorrect.
For debugging consider passing CUDA_LAUNCH_BLOCKING=1
Compile with `TORCH_USE_CUDA_DSA` to enable device-side assertions.
 | WARN
[2026-06-02 02:51 PT] [1862] STAGE4-OCR | page 205: Surya FAIL (using docTR+Tess): CUDA error: out of memory
Search for `cudaErrorMemoryAllocation' in https://docs.nvidia.com/cuda/cuda-runtime-api/group__CUDART__TYPES.html for more information.
CUDA kernel errors might be asynchronously reported at some other API call, so the stacktrace below might be incorrect.
For debugging consider passing CUDA_LAUNCH_BLOCKING=1
Compile with `TORCH_USE_CUDA_DSA` to enable device-side assertions.
 | WARN
[2026-06-02 02:51 PT] [1862] STAGE4-OCR | page 205 (201/652): engines=doctr+tess agree=0.00 hi=False 1.3s | OK
[2026-06-02 02:51 PT] [1862] STAGE4-OCR | page 206: docTR FAIL: CUDA error: out of memory
Search for `cudaErrorMemoryAllocation' in https://docs.nvidia.com/cuda/cuda-runtime-api/group__CUDART__TYPES.html for more information.
CUDA kernel errors might be asynchronously reported at some other API call, so the stacktrace below might be incorrect.
For debugging consider passing CUDA_LAUNCH_BLOCKING=1
Compile with `TORCH_USE_CUDA_DSA` to enable device-side assertions.
 | WARN
[2026-06-02 02:51 PT] [1862] STAGE4-OCR | page 206: Surya FAIL (using docTR+Tess): CUDA error: out of memory
Search for `cudaErrorMemoryAllocation' in https://docs.nvidia.com/cuda/cuda-runtime-api/group__CUDART__TYPES.html for more information.
CUDA kernel errors might be asynchronously reported at some other API call, so the stacktrace below might be incorrect.
For debugging consider passing CUDA_LAUNCH_BLOCKING=1
Compile with `TORCH_USE_CUDA_DSA` to enable device-side assertions.
 | WARN
[2026-06-02 02:51 PT] [1862] STAGE4-OCR | page 207: docTR FAIL: CUDA error: out of memory
Search for `cudaErrorMemoryAllocation' in https://docs.nvidia.com/cuda/cuda-runtime-api/group__CUDART__TYPES.html for more information.
CUDA kernel errors might be asynchronously reported at some other API call, so the stacktrace below might be incorrect.
For debugging consider passing CUDA_LAUNCH_BLOCKING=1
Compile with `TORCH_USE_CUDA_DSA` to enable device-side assertions.
 | WARN
[2026-06-02 02:51 PT] [1862] STAGE4-OCR | page 207: Surya FAIL (using docTR+Tess): CUDA error: out of memory
Search for `cudaErrorMemoryAllocation' in https://docs.nvidia.com/cuda/cuda-runtime-api/group__CUDART__TYPES.html for more information.
CUDA kernel errors might be asynchronously reported at some other API call, so the stacktrace below might be incorrect.
For debugging consider passing CUDA_LAUNCH_BLOCKING=1
Compile with `TORCH_USE_CUDA_DSA` to enable device-side assertions.
 | WARN
[2026-06-02 02:51 PT] [1862] STAGE4-OCR | page 208: docTR FAIL: CUDA error: out of memory
Search for `cudaErrorMemoryAllocation' in https://docs.nvidia.com/cuda/cuda-runtime-api/group__CUDART__TYPES.html for more information.
CUDA kernel errors might be asynchronously reported at some other API call, so the stacktrace below might be incorrect.
For debugging consider passing CUDA_LAUNCH_BLOCKING=1
Compile with `TORCH_USE_CUDA_DSA` to enable device-side assertions.
 | WARN
[2026-06-02 02:51 PT] [1862] STAGE4-OCR | page 208: Surya FAIL (using docTR+Tess): CUDA error: out of memory
Search for `cudaErrorMemoryAllocation' in https://docs.nvidia.com/cuda/cuda-runtime-api/group__CUDART__TYPES.html for more information.
CUDA kernel errors might be asynchronously reported at some other API call, so the stacktrace below might be incorrect.
For debugging consider passing CUDA_LAUNCH_BLOCKING=1
Compile with `TORCH_USE_CUDA_DSA` to enable device-side assertions.
 | WARN
[2026-06-02 02:51 PT] [1862] STAGE4-OCR | page 209: docTR FAIL: CUDA error: out of memory
Search for `cudaErrorMemoryAllocation' in https://docs.nvidia.com/cuda/cuda-runtime-api/group__CUDART__TYPES.html for more information.
CUDA kernel errors might be asynchronously reported at some other API call, so the stacktrace below might be incorrect.
For debugging consider passing CUDA_LAUNCH_BLOCKING=1
Compile with `TORCH_USE_CUDA_DSA` to enable device-side assertions.
 | WARN
[2026-06-02 02:51 PT] [1862] STAGE4-OCR | page 209: Surya FAIL (using docTR+Tess): CUDA error: out of memory
Search for `cudaErrorMemoryAllocation' in https://docs.nvidia.com/cuda/cuda-runtime-api/group__CUDART__TYPES.html for more information.
CUDA kernel errors might be asynchronously reported at some other API call, so the stacktrace below might be incorrect.
For debugging consider passing CUDA_LAUNCH_BLOCKING=1
Compile with `TORCH_USE_CUDA_DSA` to enable device-side assertions.
 | WARN
[2026-06-02 02:51 PT] [1862] STAGE4-OCR | page 210: docTR FAIL: CUDA error: out of memory
Search for `cudaErrorMemoryAllocation' in https://docs.nvidia.com/cuda/cuda-runtime-api/group__CUDART__TYPES.html for more information.
CUDA kernel errors might be asynchronously reported at some other API call, so the stacktrace below might be incorrect.
For debugging consider passing CUDA_LAUNCH_BLOCKING=1
Compile with `TORCH_USE_CUDA_DSA` to enable device-side assertions.
 | WARN
[2026-06-02 02:51 PT] [1862] STAGE4-OCR | page 210: Surya FAIL (using docTR+Tess): CUDA error: out of memory
Search for `cudaErrorMemoryAllocation' in https://docs.nvidia.com/cuda/cuda-runtime-api/group__CUDART__TYPES.html for more information.
CUDA kernel errors might be asynchronously reported at some other API call, so the stacktrace below might be incorrect.
For debugging consider passing CUDA_LAUNCH_BLOCKING=1
Compile with `TORCH_USE_CUDA_DSA` to enable device-side assertions.
 | WARN
[2026-06-02 02:51 PT] [1862] STAGE4-OCR | page 211: docTR FAIL: CUDA error: out of memory
Search for `cudaErrorMemoryAllocation' in https://docs.nvidia.com/cuda/cuda-runtime-api/group__CUDART__TYPES.html for more information.
CUDA kernel errors might be asynchronously reported at some other API call, so the stacktrace below might be incorrect.
For debugging consider passing CUDA_LAUNCH_BLOCKING=1
Compile with `TORCH_USE_CUDA_DSA` to enable device-side assertions.
 | WARN
[2026-06-02 02:51 PT] [1862] STAGE4-OCR | page 211: Surya FAIL (using docTR+Tess): CUDA error: out of memory
Search for `cudaErrorMemoryAllocation' in https://docs.nvidia.com/cuda/cuda-runtime-api/group__CUDART__TYPES.html for more information.
CUDA kernel errors might be asynchronously reported at some other API call, so the stacktrace below might be incorrect.
For debugging consider passing CUDA_LAUNCH_BLOCKING=1
Compile with `TORCH_USE_CUDA_DSA` to enable device-side assertions.
 | WARN
[2026-06-02 02:51 PT] [1862] STAGE4-OCR | page 212: docTR FAIL: CUDA error: out of memory
Search for `cudaErrorMemoryAllocation' in https://docs.nvidia.com/cuda/cuda-runtime-api/group__CUDART__TYPES.html for more information.
CUDA kernel errors might be asynchronously reported at some other API call, so the stacktrace below might be incorrect.
For debugging consider passing CUDA_LAUNCH_BLOCKING=1
Compile with `TORCH_USE_CUDA_DSA` to enable device-side assertions.
 | WARN
[2026-06-02 02:51 PT] [1862] STAGE4-OCR | page 212: Surya FAIL (using docTR+Tess): CUDA error: out of memory
Search for `cudaErrorMemoryAllocation' in https://docs.nvidia.com/cuda/cuda-runtime-api/group__CUDART__TYPES.html for more information.
CUDA kernel errors might be asynchronously reported at some other API call, so the stacktrace below might be incorrect.
For debugging consider passing CUDA_LAUNCH_BLOCKING=1
Compile with `TORCH_USE_CUDA_DSA` to enable device-side assertions.
 | WARN
[2026-06-02 02:51 PT] [1862] STAGE4-OCR | page 213: docTR FAIL: CUDA error: out of memory
Search for `cudaErrorMemoryAllocation' in https://docs.nvidia.com/cuda/cuda-runtime-api/group__CUDART__TYPES.html for more information.
CUDA kernel errors might be asynchronously reported at some other API call, so the stacktrace below might be incorrect.
For debugging consider passing CUDA_LAUNCH_BLOCKING=1
Compile with `TORCH_USE_CUDA_DSA` to enable device-side assertions.
 | WARN
[2026-06-02 02:51 PT] [1862] STAGE4-OCR | page 213: Surya FAIL (using docTR+Tess): CUDA error: out of memory
Search for `cudaErrorMemoryAllocation' in https://docs.nvidia.com/cuda/cuda-runtime-api/group__CUDART__TYPES.html for more information.
CUDA kernel errors might be asynchronously reported at some other API call, so the stacktrace below might be incorrect.
For debugging consider passing CUDA_LAUNCH_BLOCKING=1
Compile with `TORCH_USE_CUDA_DSA` to enable device-side assertions.
 | WARN
[2026-06-02 02:51 PT] [1862] STAGE4-OCR | page 214: docTR FAIL: CUDA error: out of memory
Search for `cudaErrorMemoryAllocation' in https://docs.nvidia.com/cuda/cuda-runtime-api/group__CUDART__TYPES.html for more information.
CUDA kernel errors might be asynchronously reported at some other API call, so the stacktrace below might be incorrect.
For debugging consider passing CUDA_LAUNCH_BLOCKING=1
Compile with `TORCH_USE_CUDA_DSA` to enable device-side assertions.
 | WARN
[2026-06-02 02:51 PT] [1862] STAGE4-OCR | page 214: Surya FAIL (using docTR+Tess): CUDA error: out of memory
Search for `cudaErrorMemoryAllocation' in https://docs.nvidia.com/cuda/cuda-runtime-api/group__CUDART__TYPES.html for more information.
CUDA kernel errors might be asynchronously reported at some other API call, so the stacktrace below might be incorrect.
For debugging consider passing CUDA_LAUNCH_BLOCKING=1
Compile with `TORCH_USE_CUDA_DSA` to enable device-side assertions.
 | WARN
[2026-06-02 02:51 PT] [1862] STAGE4-OCR | page 215: docTR FAIL: CUDA error: out of memory
Search for `cudaErrorMemoryAllocation' in https://docs.nvidia.com/cuda/cuda-runtime-api/group__CUDART__TYPES.html for more information.
CUDA kernel errors might be asynchronously reported at some other API call, so the stacktrace below might be incorrect.
For debugging consider passing CUDA_LAUNCH_BLOCKING=1
Compile with `TORCH_USE_CUDA_DSA` to enable device-side assertions.
 | WARN
[2026-06-02 02:51 PT] [1862] STAGE4-OCR | page 215: Surya FAIL (using docTR+Tess): CUDA error: out of memory
Search for `cudaErrorMemoryAllocation' in https://docs.nvidia.com/cuda/cuda-runtime-api/group__CUDART__TYPES.html for more information.
CUDA kernel errors might be asynchronously reported at some other API call, so the stacktrace below might be incorrect.
For debugging consider passing CUDA_LAUNCH_BLOCKING=1
Compile with `TORCH_USE_CUDA_DSA` to enable device-side assertions.
 | WARN
[2026-06-02 02:51 PT] [1862] STAGE4-OCR | page 216: docTR FAIL: CUDA error: out of memory
Search for `cudaErrorMemoryAllocation' in https://docs.nvidia.com/cuda/cuda-runtime-api/group__CUDART__TYPES.html for more information.
CUDA kernel errors might be asynchronously reported at some other API call, so the stacktrace below might be incorrect.
For debugging consider passing CUDA_LAUNCH_BLOCKING=1
Compile with `TORCH_USE_CUDA_DSA` to enable device-side assertions.
 | WARN
[2026-06-02 02:51 PT] [1862] STAGE4-OCR | page 216: Surya FAIL (using docTR+Tess): CUDA error: out of memory
Search for `cudaErrorMemoryAllocation' in https://docs.nvidia.com/cuda/cuda-runtime-api/group__CUDART__TYPES.html for more information.
CUDA kernel errors might be asynchronously reported at some other API call, so the stacktrace below might be incorrect.
For debugging consider passing CUDA_LAUNCH_BLOCKING=1
Compile with `TORCH_USE_CUDA_DSA` to enable device-side assertions.
 | WARN
[2026-06-02 02:51 PT] [1862] STAGE4-OCR | page 217: docTR FAIL: CUDA error: out of memory
Search for `cudaErrorMemoryAllocation' in https://docs.nvidia.com/cuda/cuda-runtime-api/group__CUDART__TYPES.html for more information.
CUDA kernel errors might be asynchronously reported at some other API call, so the stacktrace below might be incorrect.
For debugging consider passing CUDA_LAUNCH_BLOCKING=1
Compile with `TORCH_USE_CUDA_DSA` to enable device-side assertions.
 | WARN
[2026-06-02 02:51 PT] [1862] STAGE4-OCR | page 217: Surya FAIL (using docTR+Tess): CUDA error: out of memory
Search for `cudaErrorMemoryAllocation' in https://docs.nvidia.com/cuda/cuda-runtime-api/group__CUDART__TYPES.html for more information.
CUDA kernel errors might be asynchronously reported at some other API call, so the stacktrace below might be incorrect.
For debugging consider passing CUDA_LAUNCH_BLOCKING=1
Compile with `TORCH_USE_CUDA_DSA` to enable device-side assertions.
 | WARN
[2026-06-02 02:51 PT] [1862] STAGE4-OCR | page 218: docTR FAIL: CUDA error: out of memory
Search for `cudaErrorMemoryAllocation' in https://docs.nvidia.com/cuda/cuda-runtime-api/group__CUDART__TYPES.html for more information.
CUDA kernel errors might be asynchronously reported at some other API call, so the stacktrace below might be incorrect.
For debugging consider passing CUDA_LAUNCH_BLOCKING=1
Compile with `TORCH_USE_CUDA_DSA` to enable device-side assertions.
 | WARN
[2026-06-02 02:51 PT] [1862] STAGE4-OCR | page 218: Surya FAIL (using docTR+Tess): CUDA error: out of memory
Search for `cudaErrorMemoryAllocation' in https://docs.nvidia.com/cuda/cuda-runtime-api/group__CUDART__TYPES.html for more information.
CUDA kernel errors might be asynchronously reported at some other API call, so the stacktrace below might be incorrect.
For debugging consider passing CUDA_LAUNCH_BLOCKING=1
Compile with `TORCH_USE_CUDA_DSA` to enable device-side assertions.
 | WARN
[2026-06-02 02:51 PT] [1862] STAGE4-OCR | page 219: docTR FAIL: CUDA error: out of memory
Search for `cudaErrorMemoryAllocation' in https://docs.nvidia.com/cuda/cuda-runtime-api/group__CUDART__TYPES.html for more information.
CUDA kernel errors might be asynchronously reported at some other API call, so the stacktrace below might be incorrect.
For debugging consider passing CUDA_LAUNCH_BLOCKING=1
Compile with `TORCH_USE_CUDA_DSA` to enable device-side assertions.
 | WARN
[2026-06-02 02:51 PT] [1862] STAGE4-OCR | page 219: Surya FAIL (using docTR+Tess): CUDA error: out of memory
Search for `cudaErrorMemoryAllocation' in https://docs.nvidia.com/cuda/cuda-runtime-api/group__CUDART__TYPES.html for more information.
CUDA kernel errors might be asynchronously reported at some other API call, so the stacktrace below might be incorrect.
For debugging consider passing CUDA_LAUNCH_BLOCKING=1
Compile with `TORCH_USE_CUDA_DSA` to enable device-side assertions.
 | WARN
[2026-06-02 02:51 PT] [1862] STAGE4-OCR | page 220: docTR FAIL: CUDA error: out of memory
Search for `cudaErrorMemoryAllocation' in https://docs.nvidia.com/cuda/cuda-runtime-api/group__CUDART__TYPES.html for more information.
CUDA kernel errors might be asynchronously reported at some other API call, so the stacktrace below might be incorrect.
For debugging consider passing CUDA_LAUNCH_BLOCKING=1
Compile with `TORCH_USE_CUDA_DSA` to enable device-side assertions.
 | WARN
[2026-06-02 02:51 PT] [1862] STAGE4-OCR | page 220: Surya FAIL (using docTR+Tess): CUDA error: out of memory
Search for `cudaErrorMemoryAllocation' in https://docs.nvidia.com/cuda/cuda-runtime-api/group__CUDART__TYPES.html for more information.
CUDA kernel errors might be asynchronously reported at some other API call, so the stacktrace below might be incorrect.
For debugging consider passing CUDA_LAUNCH_BLOCKING=1
Compile with `TORCH_USE_CUDA_DSA` to enable device-side assertions.
 | WARN
[2026-06-02 02:51 PT] [1862] STAGE4-OCR | page 221: docTR FAIL: CUDA error: out of memory
Search for `cudaErrorMemoryAllocation' in https://docs.nvidia.com/cuda/cuda-runtime-api/group__CUDART__TYPES.html for more information.
CUDA kernel errors might be asynchronously reported at some other API call, so the stacktrace below might be incorrect.
For debugging consider passing CUDA_LAUNCH_BLOCKING=1
Compile with `TORCH_USE_CUDA_DSA` to enable device-side assertions.
 | WARN
[2026-06-02 02:51 PT] [1862] STAGE4-OCR | page 221: Surya FAIL (using docTR+Tess): CUDA error: out of memory
Search for `cudaErrorMemoryAllocation' in https://docs.nvidia.com/cuda/cuda-runtime-api/group__CUDART__TYPES.html for more information.
CUDA kernel errors might be asynchronously reported at some other API call, so the stacktrace below might be incorrect.
For debugging consider passing CUDA_LAUNCH_BLOCKING=1
Compile with `TORCH_USE_CUDA_DSA` to enable device-side assertions.
 | WARN
[2026-06-02 02:51 PT] [1862] STAGE4-OCR | page 222: docTR FAIL: CUDA error: out of memory
Search for `cudaErrorMemoryAllocation' in https://docs.nvidia.com/cuda/cuda-runtime-api/group__CUDART__TYPES.html for more information.
CUDA kernel errors might be asynchronously reported at some other API call, so the stacktrace below might be incorrect.
For debugging consider passing CUDA_LAUNCH_BLOCKING=1
Compile with `TORCH_USE_CUDA_DSA` to enable device-side assertions.
 | WARN
[2026-06-02 02:51 PT] [1862] STAGE4-OCR | page 222: Surya FAIL (using docTR+Tess): CUDA error: out of memory
Search for `cudaErrorMemoryAllocation' in https://docs.nvidia.com/cuda/cuda-runtime-api/group__CUDART__TYPES.html for more information.
CUDA kernel errors might be asynchronously reported at some other API call, so the stacktrace below might be incorrect.
For debugging consider passing CUDA_LAUNCH_BLOCKING=1
Compile with `TORCH_USE_CUDA_DSA` to enable device-side assertions.
 | WARN
[2026-06-02 02:51 PT] [1862] STAGE4-OCR | page 223: docTR FAIL: CUDA error: out of memory
Search for `cudaErrorMemoryAllocation' in https://docs.nvidia.com/cuda/cuda-runtime-api/group__CUDART__TYPES.html for more information.
CUDA kernel errors might be asynchronously reported at some other API call, so the stacktrace below might be incorrect.
For debugging consider passing CUDA_LAUNCH_BLOCKING=1
Compile with `TORCH_USE_CUDA_DSA` to enable device-side assertions.
 | WARN
[2026-06-02 02:51 PT] [1862] STAGE4-OCR | page 223: Surya FAIL (using docTR+Tess): CUDA error: out of memory
Search for `cudaErrorMemoryAllocation' in https://docs.nvidia.com/cuda/cuda-runtime-api/group__CUDART__TYPES.html for more information.
CUDA kernel errors might be asynchronously reported at some other API call, so the stacktrace below might be incorrect.
For debugging consider passing CUDA_LAUNCH_BLOCKING=1
Compile with `TORCH_USE_CUDA_DSA` to enable device-side assertions.
 | WARN
[2026-06-02 02:51 PT] [1862] STAGE4-OCR | page 224: docTR FAIL: CUDA error: out of memory
Search for `cudaErrorMemoryAllocation' in https://docs.nvidia.com/cuda/cuda-runtime-api/group__CUDART__TYPES.html for more information.
CUDA kernel errors might be asynchronously reported at some other API call, so the stacktrace below might be incorrect.
For debugging consider passing CUDA_LAUNCH_BLOCKING=1
Compile with `TORCH_USE_CUDA_DSA` to enable device-side assertions.
 | WARN
[2026-06-02 02:51 PT] [1862] STAGE4-OCR | page 224: Surya FAIL (using docTR+Tess): CUDA error: out of memory
Search for `cudaErrorMemoryAllocation' in https://docs.nvidia.com/cuda/cuda-runtime-api/group__CUDART__TYPES.html for more information.
CUDA kernel errors might be asynchronously reported at some other API call, so the stacktrace below might be incorrect.
For debugging consider passing CUDA_LAUNCH_BLOCKING=1
Compile with `TORCH_USE_CUDA_DSA` to enable device-side assertions.
 | WARN
[2026-06-02 02:51 PT] [1862] STAGE4-OCR | page 225: docTR FAIL: CUDA error: out of memory
Search for `cudaErrorMemoryAllocation' in https://docs.nvidia.com/cuda/cuda-runtime-api/group__CUDART__TYPES.html for more information.
CUDA kernel errors might be asynchronously reported at some other API call, so the stacktrace below might be incorrect.
For debugging consider passing CUDA_LAUNCH_BLOCKING=1
Compile with `TORCH_USE_CUDA_DSA` to enable device-side assertions.
 | WARN
[2026-06-02 02:51 PT] [1862] STAGE4-OCR | page 225: Surya FAIL (using docTR+Tess): CUDA error: out of memory
Search for `cudaErrorMemoryAllocation' in https://docs.nvidia.com/cuda/cuda-runtime-api/group__CUDART__TYPES.html for more information.
CUDA kernel errors might be asynchronously reported at some other API call, so the stacktrace below might be incorrect.
For debugging consider passing CUDA_LAUNCH_BLOCKING=1
Compile with `TORCH_USE_CUDA_DSA` to enable device-side assertions.
 | WARN
[2026-06-02 02:51 PT] [1862] STAGE4-OCR | page 225 (221/652): engines=doctr+tess agree=0.00 hi=False 1.1s | OK
[2026-06-02 02:51 PT] [1862] STAGE4-OCR | page 226: docTR FAIL: CUDA error: out of memory
Search for `cudaErrorMemoryAllocation' in https://docs.nvidia.com/cuda/cuda-runtime-api/group__CUDART__TYPES.html for more information.
CUDA kernel errors might be asynchronously reported at some other API call, so the stacktrace below might be incorrect.
For debugging consider passing CUDA_LAUNCH_BLOCKING=1
Compile with `TORCH_USE_CUDA_DSA` to enable device-side assertions.
 | WARN
[2026-06-02 02:51 PT] [1862] STAGE4-OCR | page 226: Surya FAIL (using docTR+Tess): CUDA error: out of memory
Search for `cudaErrorMemoryAllocation' in https://docs.nvidia.com/cuda/cuda-runtime-api/group__CUDART__TYPES.html for more information.
CUDA kernel errors might be asynchronously reported at some other API call, so the stacktrace below might be incorrect.
For debugging consider passing CUDA_LAUNCH_BLOCKING=1
Compile with `TORCH_USE_CUDA_DSA` to enable device-side assertions.
 | WARN
[2026-06-02 02:51 PT] [1862] STAGE4-OCR | page 227: docTR FAIL: CUDA error: out of memory
Search for `cudaErrorMemoryAllocation' in https://docs.nvidia.com/cuda/cuda-runtime-api/group__CUDART__TYPES.html for more information.
CUDA kernel errors might be asynchronously reported at some other API call, so the stacktrace below might be incorrect.
For debugging consider passing CUDA_LAUNCH_BLOCKING=1
Compile with `TORCH_USE_CUDA_DSA` to enable device-side assertions.
 | WARN
[2026-06-02 02:51 PT] [1862] STAGE4-OCR | page 227: Surya FAIL (using docTR+Tess): CUDA error: out of memory
Search for `cudaErrorMemoryAllocation' in https://docs.nvidia.com/cuda/cuda-runtime-api/group__CUDART__TYPES.html for more information.
CUDA kernel errors might be asynchronously reported at some other API call, so the stacktrace below might be incorrect.
For debugging consider passing CUDA_LAUNCH_BLOCKING=1
Compile with `TORCH_USE_CUDA_DSA` to enable device-side assertions.
 | WARN
[2026-06-02 02:51 PT] [1862] STAGE4-OCR | page 228: docTR FAIL: CUDA error: out of memory
Search for `cudaErrorMemoryAllocation' in https://docs.nvidia.com/cuda/cuda-runtime-api/group__CUDART__TYPES.html for more information.
CUDA kernel errors might be asynchronously reported at some other API call, so the stacktrace below might be incorrect.
For debugging consider passing CUDA_LAUNCH_BLOCKING=1
Compile with `TORCH_USE_CUDA_DSA` to enable device-side assertions.
 | WARN
[2026-06-02 02:51 PT] [1862] STAGE4-OCR | page 228: Surya FAIL (using docTR+Tess): CUDA error: out of memory
Search for `cudaErrorMemoryAllocation' in https://docs.nvidia.com/cuda/cuda-runtime-api/group__CUDART__TYPES.html for more information.
CUDA kernel errors might be asynchronously reported at some other API call, so the stacktrace below might be incorrect.
For debugging consider passing CUDA_LAUNCH_BLOCKING=1
Compile with `TORCH_USE_CUDA_DSA` to enable device-side assertions.
 | WARN
[2026-06-02 02:51 PT] [1862] STAGE4-OCR | page 229: docTR FAIL: CUDA error: out of memory
Search for `cudaErrorMemoryAllocation' in https://docs.nvidia.com/cuda/cuda-runtime-api/group__CUDART__TYPES.html for more information.
CUDA kernel errors might be asynchronously reported at some other API call, so the stacktrace below might be incorrect.
For debugging consider passing CUDA_LAUNCH_BLOCKING=1
Compile with `TORCH_USE_CUDA_DSA` to enable device-side assertions.
 | WARN
[2026-06-02 02:51 PT] [1862] STAGE4-OCR | page 229: Surya FAIL (using docTR+Tess): CUDA error: out of memory
Search for `cudaErrorMemoryAllocation' in https://docs.nvidia.com/cuda/cuda-runtime-api/group__CUDART__TYPES.html for more information.
CUDA kernel errors might be asynchronously reported at some other API call, so the stacktrace below might be incorrect.
For debugging consider passing CUDA_LAUNCH_BLOCKING=1
Compile with `TORCH_USE_CUDA_DSA` to enable device-side assertions.
 | WARN
[2026-06-02 02:51 PT] [1862] STAGE4-OCR | page 230: docTR FAIL: CUDA error: out of memory
Search for `cudaErrorMemoryAllocation' in https://docs.nvidia.com/cuda/cuda-runtime-api/group__CUDART__TYPES.html for more information.
CUDA kernel errors might be asynchronously reported at some other API call, so the stacktrace below might be incorrect.
For debugging consider passing CUDA_LAUNCH_BLOCKING=1
Compile with `TORCH_USE_CUDA_DSA` to enable device-side assertions.
 | WARN
[2026-06-02 02:51 PT] [1862] STAGE4-OCR | page 230: Surya FAIL (using docTR+Tess): CUDA error: out of memory
Search for `cudaErrorMemoryAllocation' in https://docs.nvidia.com/cuda/cuda-runtime-api/group__CUDART__TYPES.html for more information.
CUDA kernel errors might be asynchronously reported at some other API call, so the stacktrace below might be incorrect.
For debugging consider passing CUDA_LAUNCH_BLOCKING=1
Compile with `TORCH_USE_CUDA_DSA` to enable device-side assertions.
 | WARN
[2026-06-02 02:51 PT] [1862] STAGE4-OCR | page 231: docTR FAIL: CUDA error: out of memory
Search for `cudaErrorMemoryAllocation' in https://docs.nvidia.com/cuda/cuda-runtime-api/group__CUDART__TYPES.html for more information.
CUDA kernel errors might be asynchronously reported at some other API call, so the stacktrace below might be incorrect.
For debugging consider passing CUDA_LAUNCH_BLOCKING=1
Compile with `TORCH_USE_CUDA_DSA` to enable device-side assertions.
 | WARN
[2026-06-02 02:51 PT] [1862] STAGE4-OCR | page 231: Surya FAIL (using docTR+Tess): CUDA error: out of memory
Search for `cudaErrorMemoryAllocation' in https://docs.nvidia.com/cuda/cuda-runtime-api/group__CUDART__TYPES.html for more information.
CUDA kernel errors might be asynchronously reported at some other API call, so the stacktrace below might be incorrect.
For debugging consider passing CUDA_LAUNCH_BLOCKING=1
Compile with `TORCH_USE_CUDA_DSA` to enable device-side assertions.
 | WARN
[2026-06-02 02:51 PT] [1862] STAGE4-OCR | page 232: docTR FAIL: CUDA error: out of memory
Search for `cudaErrorMemoryAllocation' in https://docs.nvidia.com/cuda/cuda-runtime-api/group__CUDART__TYPES.html for more information.
CUDA kernel errors might be asynchronously reported at some other API call, so the stacktrace below might be incorrect.
For debugging consider passing CUDA_LAUNCH_BLOCKING=1
Compile with `TORCH_USE_CUDA_DSA` to enable device-side assertions.
 | WARN
[2026-06-02 02:51 PT] [1862] STAGE4-OCR | page 232: Surya FAIL (using docTR+Tess): CUDA error: out of memory
Search for `cudaErrorMemoryAllocation' in https://docs.nvidia.com/cuda/cuda-runtime-api/group__CUDART__TYPES.html for more information.
CUDA kernel errors might be asynchronously reported at some other API call, so the stacktrace below might be incorrect.
For debugging consider passing CUDA_LAUNCH_BLOCKING=1
Compile with `TORCH_USE_CUDA_DSA` to enable device-side assertions.
 | WARN
[2026-06-02 02:51 PT] [1862] STAGE4-OCR | page 233: docTR FAIL: CUDA error: out of memory
Search for `cudaErrorMemoryAllocation' in https://docs.nvidia.com/cuda/cuda-runtime-api/group__CUDART__TYPES.html for more information.
CUDA kernel errors might be asynchronously reported at some other API call, so the stacktrace below might be incorrect.
For debugging consider passing CUDA_LAUNCH_BLOCKING=1
Compile with `TORCH_USE_CUDA_DSA` to enable device-side assertions.
 | WARN
[2026-06-02 02:51 PT] [1862] STAGE4-OCR | page 233: Surya FAIL (using docTR+Tess): CUDA error: out of memory
Search for `cudaErrorMemoryAllocation' in https://docs.nvidia.com/cuda/cuda-runtime-api/group__CUDART__TYPES.html for more information.
CUDA kernel errors might be asynchronously reported at some other API call, so the stacktrace below might be incorrect.
For debugging consider passing CUDA_LAUNCH_BLOCKING=1
Compile with `TORCH_USE_CUDA_DSA` to enable device-side assertions.
 | WARN
[2026-06-02 02:51 PT] [1862] STAGE4-OCR | page 234: docTR FAIL: CUDA error: out of memory
Search for `cudaErrorMemoryAllocation' in https://docs.nvidia.com/cuda/cuda-runtime-api/group__CUDART__TYPES.html for more information.
CUDA kernel errors might be asynchronously reported at some other API call, so the stacktrace below might be incorrect.
For debugging consider passing CUDA_LAUNCH_BLOCKING=1
Compile with `TORCH_USE_CUDA_DSA` to enable device-side assertions.
 | WARN
[2026-06-02 02:51 PT] [1862] STAGE4-OCR | page 234: Surya FAIL (using docTR+Tess): CUDA error: out of memory
Search for `cudaErrorMemoryAllocation' in https://docs.nvidia.com/cuda/cuda-runtime-api/group__CUDART__TYPES.html for more information.
CUDA kernel errors might be asynchronously reported at some other API call, so the stacktrace below might be incorrect.
For debugging consider passing CUDA_LAUNCH_BLOCKING=1
Compile with `TORCH_USE_CUDA_DSA` to enable device-side assertions.
 | WARN
[2026-06-02 02:51 PT] [1862] STAGE4-OCR | page 235: docTR FAIL: CUDA error: out of memory
Search for `cudaErrorMemoryAllocation' in https://docs.nvidia.com/cuda/cuda-runtime-api/group__CUDART__TYPES.html for more information.
CUDA kernel errors might be asynchronously reported at some other API call, so the stacktrace below might be incorrect.
For debugging consider passing CUDA_LAUNCH_BLOCKING=1
Compile with `TORCH_USE_CUDA_DSA` to enable device-side assertions.
 | WARN
[2026-06-02 02:51 PT] [1862] STAGE4-OCR | page 235: Surya FAIL (using docTR+Tess): CUDA error: out of memory
Search for `cudaErrorMemoryAllocation' in https://docs.nvidia.com/cuda/cuda-runtime-api/group__CUDART__TYPES.html for more information.
CUDA kernel errors might be asynchronously reported at some other API call, so the stacktrace below might be incorrect.
For debugging consider passing CUDA_LAUNCH_BLOCKING=1
Compile with `TORCH_USE_CUDA_DSA` to enable device-side assertions.
 | WARN
[2026-06-02 02:51 PT] [1862] STAGE4-OCR | page 236: docTR FAIL: CUDA error: out of memory
Search for `cudaErrorMemoryAllocation' in https://docs.nvidia.com/cuda/cuda-runtime-api/group__CUDART__TYPES.html for more information.
CUDA kernel errors might be asynchronously reported at some other API call, so the stacktrace below might be incorrect.
For debugging consider passing CUDA_LAUNCH_BLOCKING=1
Compile with `TORCH_USE_CUDA_DSA` to enable device-side assertions.
 | WARN
[2026-06-02 02:51 PT] [1862] STAGE4-OCR | page 236: Surya FAIL (using docTR+Tess): CUDA error: out of memory
Search for `cudaErrorMemoryAllocation' in https://docs.nvidia.com/cuda/cuda-runtime-api/group__CUDART__TYPES.html for more information.
CUDA kernel errors might be asynchronously reported at some other API call, so the stacktrace below might be incorrect.
For debugging consider passing CUDA_LAUNCH_BLOCKING=1
Compile with `TORCH_USE_CUDA_DSA` to enable device-side assertions.
 | WARN
[2026-06-02 02:51 PT] [1862] STAGE4-OCR | page 237: docTR FAIL: CUDA error: out of memory
Search for `cudaErrorMemoryAllocation' in https://docs.nvidia.com/cuda/cuda-runtime-api/group__CUDART__TYPES.html for more information.
CUDA kernel errors might be asynchronously reported at some other API call, so the stacktrace below might be incorrect.
For debugging consider passing CUDA_LAUNCH_BLOCKING=1
Compile with `TORCH_USE_CUDA_DSA` to enable device-side assertions.
 | WARN
[2026-06-02 02:51 PT] [1862] STAGE4-OCR | page 237: Surya FAIL (using docTR+Tess): Unable to allocate 33.0 MiB for an array with shape (1200, 1200, 3) and data type float64 | WARN
[2026-06-02 02:51 PT] [1862] STAGE4-OCR | page 238: docTR FAIL: CUDA error: out of memory
Search for `cudaErrorMemoryAllocation' in https://docs.nvidia.com/cuda/cuda-runtime-api/group__CUDART__TYPES.html for more information.
CUDA kernel errors might be asynchronously reported at some other API call, so the stacktrace below might be incorrect.
For debugging consider passing CUDA_LAUNCH_BLOCKING=1
Compile with `TORCH_USE_CUDA_DSA` to enable device-side assertions.
 | WARN
[2026-06-02 02:51 PT] [1862] STAGE4-OCR | page 238: Surya FAIL (using docTR+Tess): Unable to allocate 33.0 MiB for an array with shape (1200, 1200, 3) and data type float64 | WARN
[2026-06-02 02:51 PT] [1862] STAGE4-OCR | page 239: docTR FAIL: CUDA error: out of memory
Search for `cudaErrorMemoryAllocation' in https://docs.nvidia.com/cuda/cuda-runtime-api/group__CUDART__TYPES.html for more information.
CUDA kernel errors might be asynchronously reported at some other API call, so the stacktrace below might be incorrect.
For debugging consider passing CUDA_LAUNCH_BLOCKING=1
Compile with `TORCH_USE_CUDA_DSA` to enable device-side assertions.
 | WARN
[2026-06-02 02:51 PT] [1862] STAGE4-OCR | page 239: Surya FAIL (using docTR+Tess): CUDA error: out of memory
Search for `cudaErrorMemoryAllocation' in https://docs.nvidia.com/cuda/cuda-runtime-api/group__CUDART__TYPES.html for more information.
CUDA kernel errors might be asynchronously reported at some other API call, so the stacktrace below might be incorrect.
For debugging consider passing CUDA_LAUNCH_BLOCKING=1
Compile with `TORCH_USE_CUDA_DSA` to enable device-side assertions.
 | WARN
[2026-06-02 02:51 PT] [1862] STAGE4-OCR | page 240: docTR FAIL: CUDA error: out of memory
Search for `cudaErrorMemoryAllocation' in https://docs.nvidia.com/cuda/cuda-runtime-api/group__CUDART__TYPES.html for more information.
CUDA kernel errors might be asynchronously reported at some other API call, so the stacktrace below might be incorrect.
For debugging consider passing CUDA_LAUNCH_BLOCKING=1
Compile with `TORCH_USE_CUDA_DSA` to enable device-side assertions.
 | WARN
[2026-06-02 02:51 PT] [1862] STAGE4-OCR | page 240: Surya FAIL (using docTR+Tess): CUDA error: out of memory
Search for `cudaErrorMemoryAllocation' in https://docs.nvidia.com/cuda/cuda-runtime-api/group__CUDART__TYPES.html for more information.
CUDA kernel errors might be asynchronously reported at some other API call, so the stacktrace below might be incorrect.
For debugging consider passing CUDA_LAUNCH_BLOCKING=1
Compile with `TORCH_USE_CUDA_DSA` to enable device-side assertions.
 | WARN
[2026-06-02 02:51 PT] [1862] STAGE4-OCR | page 241: docTR FAIL: CUDA error: out of memory
Search for `cudaErrorMemoryAllocation' in https://docs.nvidia.com/cuda/cuda-runtime-api/group__CUDART__TYPES.html for more information.
CUDA kernel errors might be asynchronously reported at some other API call, so the stacktrace below might be incorrect.
For debugging consider passing CUDA_LAUNCH_BLOCKING=1
Compile with `TORCH_USE_CUDA_DSA` to enable device-side assertions.
 | WARN
[2026-06-02 02:51 PT] [1862] STAGE4-OCR | page 241: Surya FAIL (using docTR+Tess): CUDA error: out of memory
Search for `cudaErrorMemoryAllocation' in https://docs.nvidia.com/cuda/cuda-runtime-api/group__CUDART__TYPES.html for more information.
CUDA kernel errors might be asynchronously reported at some other API call, so the stacktrace below might be incorrect.
For debugging consider passing CUDA_LAUNCH_BLOCKING=1
Compile with `TORCH_USE_CUDA_DSA` to enable device-side assertions.
 | WARN
[2026-06-02 02:51 PT] [1862] STAGE4-OCR | page 242: docTR FAIL: CUDA error: out of memory
Search for `cudaErrorMemoryAllocation' in https://docs.nvidia.com/cuda/cuda-runtime-api/group__CUDART__TYPES.html for more information.
CUDA kernel errors might be asynchronously reported at some other API call, so the stacktrace below might be incorrect.
For debugging consider passing CUDA_LAUNCH_BLOCKING=1
Compile with `TORCH_USE_CUDA_DSA` to enable device-side assertions.
 | WARN
[2026-06-02 02:51 PT] [1862] STAGE4-OCR | page 242: Surya FAIL (using docTR+Tess): CUDA error: out of memory
Search for `cudaErrorMemoryAllocation' in https://docs.nvidia.com/cuda/cuda-runtime-api/group__CUDART__TYPES.html for more information.
CUDA kernel errors might be asynchronously reported at some other API call, so the stacktrace below might be incorrect.
For debugging consider passing CUDA_LAUNCH_BLOCKING=1
Compile with `TORCH_USE_CUDA_DSA` to enable device-side assertions.
 | WARN
[2026-06-02 02:52 PT] [1862] STAGE4-OCR | page 243: docTR FAIL: CUDA error: out of memory
Search for `cudaErrorMemoryAllocation' in https://docs.nvidia.com/cuda/cuda-runtime-api/group__CUDART__TYPES.html for more information.
CUDA kernel errors might be asynchronously reported at some other API call, so the stacktrace below might be incorrect.
For debugging consider passing CUDA_LAUNCH_BLOCKING=1
Compile with `TORCH_USE_CUDA_DSA` to enable device-side assertions.
 | WARN
[2026-06-02 02:52 PT] [1862] STAGE4-OCR | page 243: Surya FAIL (using docTR+Tess): CUDA error: out of memory
Search for `cudaErrorMemoryAllocation' in https://docs.nvidia.com/cuda/cuda-runtime-api/group__CUDART__TYPES.html for more information.
CUDA kernel errors might be asynchronously reported at some other API call, so the stacktrace below might be incorrect.
For debugging consider passing CUDA_LAUNCH_BLOCKING=1
Compile with `TORCH_USE_CUDA_DSA` to enable device-side assertions.
 | WARN
[2026-06-02 02:52 PT] [1862] STAGE4-OCR | page 244: docTR FAIL: CUDA error: out of memory
Search for `cudaErrorMemoryAllocation' in https://docs.nvidia.com/cuda/cuda-runtime-api/group__CUDART__TYPES.html for more information.
CUDA kernel errors might be asynchronously reported at some other API call, so the stacktrace below might be incorrect.
For debugging consider passing CUDA_LAUNCH_BLOCKING=1
Compile with `TORCH_USE_CUDA_DSA` to enable device-side assertions.
 | WARN
[2026-06-02 02:52 PT] [1862] STAGE4-OCR | page 244: Surya FAIL (using docTR+Tess): CUDA error: out of memory
Search for `cudaErrorMemoryAllocation' in https://docs.nvidia.com/cuda/cuda-runtime-api/group__CUDART__TYPES.html for more information.
CUDA kernel errors might be asynchronously reported at some other API call, so the stacktrace below might be incorrect.
For debugging consider passing CUDA_LAUNCH_BLOCKING=1
Compile with `TORCH_USE_CUDA_DSA` to enable device-side assertions.
 | WARN
[2026-06-02 02:52 PT] [1862] STAGE4-OCR | page 245: docTR FAIL: CUDA error: out of memory
Search for `cudaErrorMemoryAllocation' in https://docs.nvidia.com/cuda/cuda-runtime-api/group__CUDART__TYPES.html for more information.
CUDA kernel errors might be asynchronously reported at some other API call, so the stacktrace below might be incorrect.
For debugging consider passing CUDA_LAUNCH_BLOCKING=1
Compile with `TORCH_USE_CUDA_DSA` to enable device-side assertions.
 | WARN
[2026-06-02 02:52 PT] [1862] STAGE4-OCR | page 245: Surya FAIL (using docTR+Tess): CUDA error: out of memory
Search for `cudaErrorMemoryAllocation' in https://docs.nvidia.com/cuda/cuda-runtime-api/group__CUDART__TYPES.html for more information.
CUDA kernel errors might be asynchronously reported at some other API call, so the stacktrace below might be incorrect.
For debugging consider passing CUDA_LAUNCH_BLOCKING=1
Compile with `TORCH_USE_CUDA_DSA` to enable device-side assertions.
 | WARN
[2026-06-02 02:52 PT] [1862] STAGE4-OCR | page 245 (241/652): engines=doctr+tess agree=0.00 hi=False 1.4s | OK
[2026-06-02 02:52 PT] [1862] STAGE4-OCR | page 246: docTR FAIL: CUDA error: out of memory
Search for `cudaErrorMemoryAllocation' in https://docs.nvidia.com/cuda/cuda-runtime-api/group__CUDART__TYPES.html for more information.
CUDA kernel errors might be asynchronously reported at some other API call, so the stacktrace below might be incorrect.
For debugging consider passing CUDA_LAUNCH_BLOCKING=1
Compile with `TORCH_USE_CUDA_DSA` to enable device-side assertions.
 | WARN
[2026-06-02 02:52 PT] [1862] STAGE4-OCR | page 246: Surya FAIL (using docTR+Tess): CUDA error: out of memory
Search for `cudaErrorMemoryAllocation' in https://docs.nvidia.com/cuda/cuda-runtime-api/group__CUDART__TYPES.html for more information.
CUDA kernel errors might be asynchronously reported at some other API call, so the stacktrace below might be incorrect.
For debugging consider passing CUDA_LAUNCH_BLOCKING=1
Compile with `TORCH_USE_CUDA_DSA` to enable device-side assertions.
 | WARN
[2026-06-02 02:52 PT] [1862] STAGE4-OCR | page 247: docTR FAIL: CUDA error: out of memory
Search for `cudaErrorMemoryAllocation' in https://docs.nvidia.com/cuda/cuda-runtime-api/group__CUDART__TYPES.html for more information.
CUDA kernel errors might be asynchronously reported at some other API call, so the stacktrace below might be incorrect.
For debugging consider passing CUDA_LAUNCH_BLOCKING=1
Compile with `TORCH_USE_CUDA_DSA` to enable device-side assertions.
 | WARN
[2026-06-02 02:52 PT] [1862] STAGE4-OCR | page 247: Surya FAIL (using docTR+Tess): CUDA error: out of memory
Search for `cudaErrorMemoryAllocation' in https://docs.nvidia.com/cuda/cuda-runtime-api/group__CUDART__TYPES.html for more information.
CUDA kernel errors might be asynchronously reported at some other API call, so the stacktrace below might be incorrect.
For debugging consider passing CUDA_LAUNCH_BLOCKING=1
Compile with `TORCH_USE_CUDA_DSA` to enable device-side assertions.
 | WARN
[2026-06-02 02:52 PT] [1862] STAGE4-OCR | page 248: docTR FAIL: CUDA error: out of memory
Search for `cudaErrorMemoryAllocation' in https://docs.nvidia.com/cuda/cuda-runtime-api/group__CUDART__TYPES.html for more information.
CUDA kernel errors might be asynchronously reported at some other API call, so the stacktrace below might be incorrect.
For debugging consider passing CUDA_LAUNCH_BLOCKING=1
Compile with `TORCH_USE_CUDA_DSA` to enable device-side assertions.
 | WARN
[2026-06-02 02:52 PT] [1862] STAGE4-OCR | page 248: Surya FAIL (using docTR+Tess): CUDA error: out of memory
Search for `cudaErrorMemoryAllocation' in https://docs.nvidia.com/cuda/cuda-runtime-api/group__CUDART__TYPES.html for more information.
CUDA kernel errors might be asynchronously reported at some other API call, so the stacktrace below might be incorrect.
For debugging consider passing CUDA_LAUNCH_BLOCKING=1
Compile with `TORCH_USE_CUDA_DSA` to enable device-side assertions.
 | WARN
[2026-06-02 02:52 PT] [1862] STAGE4-OCR | page 249: docTR FAIL: CUDA error: out of memory
Search for `cudaErrorMemoryAllocation' in https://docs.nvidia.com/cuda/cuda-runtime-api/group__CUDART__TYPES.html for more information.
CUDA kernel errors might be asynchronously reported at some other API call, so the stacktrace below might be incorrect.
For debugging consider passing CUDA_LAUNCH_BLOCKING=1
Compile with `TORCH_USE_CUDA_DSA` to enable device-side assertions.
 | WARN
[2026-06-02 02:52 PT] [1862] STAGE4-OCR | page 249: Surya FAIL (using docTR+Tess): CUDA error: out of memory
Search for `cudaErrorMemoryAllocation' in https://docs.nvidia.com/cuda/cuda-runtime-api/group__CUDART__TYPES.html for more information.
CUDA kernel errors might be asynchronously reported at some other API call, so the stacktrace below might be incorrect.
For debugging consider passing CUDA_LAUNCH_BLOCKING=1
Compile with `TORCH_USE_CUDA_DSA` to enable device-side assertions.
 | WARN
[2026-06-02 02:52 PT] [BATCH] BATCH | 1862: FAILED (exit 3221225477) after 19.6 min -- continuing | FAIL
[2026-06-02 02:52 PT] [BATCH] BATCH | Starting 1863: 863 pages, ~47 min est | 1863_Statutes.pdf | OK
[2026-06-02 02:52 PT] [1863] PIPELINE | === START: 1863_Statutes.pdf session=1863 === | OK
[2026-06-02 02:52 PT] [1863] STAGE0 | Computing SHA256 of 1863_Statutes.pdf | OK
[2026-06-02 02:52 PT] [1863] STAGE0 | SHA256=f1353cec952e53467f0efa15a2d95cb942140a29e54ecb1a30009bfe2076d1d9 (32ms) | OK
[2026-06-02 02:52 PT] [1863] STAGE0 | No production row with this SHA256 -- proceeding | OK
[2026-06-02 02:52 PT] [1863] STAGE0 | PDF opened: 863 pages | OK
[2026-06-02 02:52 PT] [1863] STAGE1-RENDER | Rendering 863 pages at 300 DPI | OK
[2026-06-02 02:52 PT] [1863] STAGE1-RENDER | page 1/863 | OK
[2026-06-02 02:52 PT] [1863] STAGE1-RENDER | page 2/863 | OK
[2026-06-02 02:52 PT] [1863] STAGE1-RENDER | page 3/863 | OK
[2026-06-02 02:52 PT] [1863] STAGE1-RENDER | page 101/863 | OK
[2026-06-02 02:52 PT] [1863] STAGE1-RENDER | page 201/863 | OK
[2026-06-02 02:52 PT] [1863] STAGE1-RENDER | page 301/863 | OK
[2026-06-02 02:52 PT] [1863] STAGE1-RENDER | page 401/863 | OK
[2026-06-02 02:52 PT] [1863] STAGE1-RENDER | page 501/863 | OK
[2026-06-02 02:52 PT] [1863] STAGE1-RENDER | page 601/863 | OK
[2026-06-02 02:52 PT] [1863] STAGE1-RENDER | page 701/863 | OK
[2026-06-02 02:52 PT] [1863] STAGE1-RENDER | page 801/863 | OK
[2026-06-02 02:52 PT] [1863] STAGE1-RENDER | Render done: 863 pages in 38.7s (0.04s/page) | OK
[2026-06-02 02:52 PT] [1863] STAGE2-PREPROCESS | Preprocessing 863 pages (v2 grayscale track) | OK
[2026-06-02 02:52 PT] [1863] STAGE2-PREPROCESS | page 1/863 ok=1 fail=0 | OK
[2026-06-02 02:52 PT] [1863] STAGE2-PREPROCESS | page 2/863 ok=2 fail=0 | OK
[2026-06-02 02:52 PT] [1863] STAGE2-PREPROCESS | page 3/863 ok=3 fail=0 | OK
[2026-06-02 02:54 PT] [1863] STAGE2-PREPROCESS | page 101/863 ok=101 fail=0 | OK
[2026-06-02 02:55 PT] [1863] STAGE2-PREPROCESS | page 201/863 ok=201 fail=0 | OK
[2026-06-02 04:52 PT] [1862] PIPELINE | === START: 1862_Statutes.pdf session=1862 === | OK
[2026-06-02 04:52 PT] [1862] STAGE0 | Computing SHA256 of 1862_Statutes.pdf | OK
[2026-06-02 04:52 PT] [1862] STAGE0 | SHA256=aaabde19ba6da8e1bc8a51e66618403d549c9986177de2dba8880d020ff8b2bf (10ms) | OK
[2026-06-02 04:52 PT] [1862] STAGE0 | No production row with this SHA256 -- proceeding | OK
[2026-06-02 04:52 PT] [1862] STAGE0 | PDF opened: 660 pages | OK
[2026-06-02 04:52 PT] [1862] STAGE1-RENDER | Rendering 660 pages at 300 DPI | OK
[2026-06-02 04:52 PT] [1862] STAGE1-RENDER | Render done: 660 pages in 0.0s (0.00s/page) | OK
[2026-06-02 04:52 PT] [1862] STAGE2-PREPROCESS | Preprocessing 660 pages (v2 grayscale track) | OK
[2026-06-02 04:52 PT] [1862] STAGE2-PREPROCESS | Preprocess done: 660 OK / 0 FAIL in 0.0s | OK
[2026-06-02 04:52 PT] [1862] STAGE3-CLASSIFY | Detecting body start page via ink density | OK
[2026-06-02 04:52 PT] [1862] STAGE3-CLASSIFY | Body start detected at 0-indexed page 2 (PDF page 3) | OK
[2026-06-02 04:52 PT] [1862] STAGE3-CLASSIFY | Classification done in 12.2s: body=652 front_matter=2 index=2 empty=4 | OK
[2026-06-02 04:52 PT] [1862] STAGE4-OCR | Loading docTR model (GPU) | OK
[2026-06-02 04:57 PT] [1862] PIPELINE | === START: 1862_Statutes.pdf session=1862 === | OK
[2026-06-02 04:57 PT] [1862] STAGE0 | Computing SHA256 of 1862_Statutes.pdf | OK
[2026-06-02 04:57 PT] [1862] STAGE0 | SHA256=aaabde19ba6da8e1bc8a51e66618403d549c9986177de2dba8880d020ff8b2bf (11ms) | OK
[2026-06-02 04:57 PT] [1862] STAGE0 | No production row with this SHA256 -- proceeding | OK
[2026-06-02 04:57 PT] [1862] STAGE0 | PDF opened: 660 pages | OK
[2026-06-02 04:57 PT] [1862] STAGE1-RENDER | Rendering 660 pages at 300 DPI | OK
[2026-06-02 04:57 PT] [1862] STAGE1-RENDER | Render done: 660 pages in 0.0s (0.00s/page) | OK
[2026-06-02 04:57 PT] [1862] STAGE2-PREPROCESS | Preprocessing 660 pages (v2 grayscale track) | OK
[2026-06-02 04:57 PT] [1862] STAGE2-PREPROCESS | Preprocess done: 660 OK / 0 FAIL in 0.0s | OK
[2026-06-02 04:57 PT] [1862] STAGE3-CLASSIFY | Detecting body start page via ink density | OK
[2026-06-02 04:57 PT] [1862] STAGE3-CLASSIFY | Body start detected at 0-indexed page 2 (PDF page 3) | OK
[2026-06-02 04:57 PT] [1862] STAGE3-CLASSIFY | Classification done in 11.2s: body=652 front_matter=2 index=2 empty=4 | OK
[2026-06-02 04:57 PT] [1862] STAGE4-OCR | Loading docTR model (GPU) | OK
